scene,shape,historically_exposed,t,noise,method,status,full_chi_NRMSE,delta_chi_NRMSE,real_NRMSE,imag_NRMSE,absolute_mass_error,edge_relative_error,support_IoU,small_geometric_region_error,physical_violation,datafullresidual,full_validation,fallback_count,surrogateresidual,cold_decode_seconds,warm_decode_seconds,sigma_physical,sigma_whitened,common_lambda,full_dimension,online_pack_encode_seconds,shared_observation_image_export_seconds,image_IO_attribution,full_validation_seconds,validation_actions
2001,gaussian_moderate,True,0.15,zero,homogeneous_born,OK,0.1185866625818879,0.6405118945831305,0.12171846593057412,0.0914671995460996,0.025940700532443458,0.8899740267157278,,0.20821563339819726,0.0,,NOT_RUN,0,0.13296912806184616,0.010374799952842295,0.010688900016248226,0.0,0.0,21.60160490259798,3456,0.0001183999702334404,0.04244390001986176,"full shared export charged to each independent deployment, not summed in actual ledger",,
2001,gaussian_moderate,True,0.15,zero,born_BP,OK,0.1511402261393799,0.8163406447618727,0.15685013353578403,0.09763231782204858,0.033061756350382825,0.9586685511745046,,0.2708624783071263,0.0,,NOT_RUN,0,0.2597110616366532,0.011140600021462888,0.012139600003138185,0.0,0.0,21.60160490259798,3456,0.0001183999702334404,0.04244390001986176,"full shared export charged to each independent deployment, not summed in actual ledger",,
2001,gaussian_moderate,True,0.15,zero,dressed_linear_chi,OK,0.11454669726914343,0.61869117899693,0.1162324382433473,0.10087736138866181,0.025056962614049844,0.8762071694179681,,0.193092658681149,0.0,,NOT_RUN,0,0.010711124586146453,0.012133099953643978,0.010820499970577657,0.0,0.0,21.60160490259798,3456,0.0001183999702334404,0.04244390001986176,"full shared export charged to each independent deployment, not summed in actual ledger",,
2001,gaussian_moderate,True,0.15,zero,linear_a_exact_conversion,OK,0.1141992865831542,0.6168147396753687,0.11574849065401532,0.10171051505315211,0.024980966912924566,0.8743300464462821,,0.1916633818687206,0.0,,NOT_RUN,0,0.012545678023957717,0.014360100030899048,0.012678199971560389,0.0,0.0,21.60160490259798,3456,0.0001183999702334404,0.04244390001986176,"full shared export charged to each independent deployment, not summed in actual ledger",,
2001,gaussian_moderate,True,0.15,zero,vanilla_IBS2,OK,0.11445883090544443,0.6182165939984349,0.11598747030234703,0.10214891635956276,0.025037741944726962,0.8758474980133916,,0.19280760275813813,0.0,,NOT_RUN,0,0.014177968540929406,0.4379831000114791,0.4382611000328325,0.0,0.0,21.60160490259798,3456,0.0001183999702334404,0.04244390001986176,"full shared export charged to each independent deployment, not summed in actual ledger",,
2001,gaussian_moderate,True,0.15,zero,A23_compressed_feedback,OK,0.11461118593077967,0.6190394960331334,0.11624895732900575,0.10135980768605371,0.025071069437050186,0.8766473103859892,,0.19306125127370805,0.0,,NOT_RUN,0,0.01342605992235754,0.37653149996185675,0.3757225999725051,0.0,0.0,21.60160490259798,3456,0.0001183999702334404,0.04244390001986176,"full shared export charged to each independent deployment, not summed in actual ledger",,
2001,gaussian_moderate,True,0.15,zero,generic_randomized_linear,OK,0.12588689402178288,0.6799420039112652,0.12687075029851133,0.11817446521991821,0.02753761803966377,0.9150176768578776,,0.21096446938956329,0.0,,NOT_RUN,0,0.030704636063060696,0.013606599997729063,0.011929300031624734,0.0,0.0,21.60160490259798,3456,0.0001183999702334404,0.04244390001986176,"full shared export charged to each independent deployment, not summed in actual ledger",,
2001,gaussian_moderate,True,0.15,zero,current_BP_ratio,OK,0.15368070228495626,0.8300622990669908,0.16008821715786017,0.09165092168438183,0.0336174826813832,0.9648743697666923,,0.2867850096526693,0.0,,NOT_RUN,0,0.32548438073774577,0.40892779995920137,0.40787559997988865,0.0,0.0,21.60160490259798,3456,0.0001183999702334404,0.04244390001986176,"full shared export charged to each independent deployment, not summed in actual ledger",,
2001,gaussian_moderate,True,0.15,20dB_nominal_difference,homogeneous_born,REJECTED_PHYSICAL,0.22109697383385232,1.1941919817426998,0.18755595887864135,0.39068291859006743,0.04836471709365263,1.4637458097393674,,0.21972922365648714,0.04101504003401626,,NOT_RUN,0,0.5405435349028931,0.010204799997154623,0.012136400036979467,0.0005632210855405235,0.07849442095487742,21.60160490259798,3456,9.100005263462663e-05,0.026502199994865805,"full shared export charged to each independent deployment, not summed in actual ledger",,
2001,gaussian_moderate,True,0.15,20dB_nominal_difference,born_BP,OK,0.15096382290351282,0.8153878532054208,0.15642252832927842,0.10044576652091242,0.03302316833875527,0.9578187046274442,,0.27071809605182284,0.0,,NOT_RUN,0,0.5872927646396608,0.013992800028063357,0.011594300041906536,0.0005632210855405235,0.07849442095487742,21.60160490259798,3456,9.100005263462663e-05,0.026502199994865805,"full shared export charged to each independent deployment, not summed in actual ledger",,
2001,gaussian_moderate,True,0.15,20dB_nominal_difference,dressed_linear_chi,REJECTED_PHYSICAL,0.2270923087207021,1.2265740660633948,0.1896102300613006,0.41206125850261005,0.049676189931368145,1.5142324128960116,,0.2175089152719319,0.04103732510960329,,NOT_RUN,0,0.5289784659270969,0.01045420003356412,0.011544199951458722,0.0005632210855405235,0.07849442095487742,21.60160490259798,3456,9.100005263462663e-05,0.026502199994865805,"full shared export charged to each independent deployment, not summed in actual ledger",,
2001,gaussian_moderate,True,0.15,20dB_nominal_difference,linear_a_exact_conversion,REJECTED_PHYSICAL,0.2272797017021738,1.2275862155832544,0.1894347553616174,0.413554802782566,0.04971718193762249,1.5151058308232075,,0.21674169307804939,0.04207472596252864,,NOT_RUN,0,0.5290158418449654,0.010563999996520579,0.011920100019779056,0.0005632210855405235,0.07849442095487742,21.60160490259798,3456,9.100005263462663e-05,0.026502199994865805,"full shared export charged to each independent deployment, not summed in actual ledger",,
2001,gaussian_moderate,True,0.15,20dB_nominal_difference,vanilla_IBS2,REJECTED_PHYSICAL,0.22581705813834047,1.219686165275963,0.18839535940542607,0.41026957212341314,0.04939723028497432,1.5077240542975383,,0.21717407152512935,0.041449704281991066,,NOT_RUN,0,0.5290455654284826,0.5843457000446506,0.4396532000391744,0.0005632210855405235,0.07849442095487742,21.60160490259798,3456,9.100005263462663e-05,0.026502199994865805,"full shared export charged to each independent deployment, not summed in actual ledger",,
2001,gaussian_moderate,True,0.15,20dB_nominal_difference,A23_compressed_feedback,REJECTED_PHYSICAL,0.22675503123327484,1.2247523583117064,0.18933885917333115,0.4114136028556678,0.04960241085615685,1.5124596873705651,,0.21748049309890055,0.04182930839325497,,NOT_RUN,0,0.5290145232583978,0.4023835000116378,0.4098903000121936,0.0005632210855405235,0.07849442095487742,21.60160490259798,3456,9.100005263462663e-05,0.026502199994865805,"full shared export charged to each independent deployment, not summed in actual ledger",,
2001,gaussian_moderate,True,0.15,20dB_nominal_difference,generic_randomized_linear,OK,0.1385997918315542,0.7486070804425785,0.13301290182948397,0.17520288393326144,0.030318550294630545,0.9482268067498385,,0.20016453320363956,0.0,,NOT_RUN,0,0.5359937774451149,0.012606100004632026,0.010402600048109889,0.0005632210855405235,0.07849442095487742,21.60160490259798,3456,9.100005263462663e-05,0.026502199994865805,"full shared export charged to each independent deployment, not summed in actual ledger",,
2001,gaussian_moderate,True,0.15,20dB_nominal_difference,current_BP_ratio,OK,0.1535224077638821,0.8292073165471368,0.15973823632574435,0.09397038064164451,0.03358285593097376,0.9639758031555535,,0.28642112992907975,0.0,,NOT_RUN,0,0.60876930375897,0.404666599992197,0.4047997999587096,0.0005632210855405235,0.07849442095487742,21.60160490259798,3456,9.100005263462663e-05,0.026502199994865805,"full shared export charged to each independent deployment, not summed in actual ledger",,
2001,gaussian_moderate,True,0.5,zero,homogeneous_born,REJECTED_PHYSICAL,0.30621326282294026,0.6452004836341504,0.30717573306204404,0.29407872332661844,0.08710196053545696,0.8921758117242746,0.0,0.3937045966773214,0.026514111043638135,,NOT_RUN,0,0.1340003284924509,0.011430199956521392,0.012462399958167225,0.0,0.0,21.60160490259798,3456,9.42000187933445e-05,0.024003099999390543,"full shared export charged to each independent deployment, not summed in actual ledger",,
2001,gaussian_moderate,True,0.5,zero,born_BP,OK,0.3883367114773446,0.818237040904904,0.39414529092244294,0.30777516324920273,0.11046186767268523,0.9594465304112404,0.0,0.5060102116187999,0.0,,NOT_RUN,0,0.259713997648075,0.014545500045642257,0.012993999989703298,0.0,0.0,21.60160490259798,3456,9.42000187933445e-05,0.024003099999390543,"full shared export charged to each independent deployment, not summed in actual ledger",,
2001,gaussian_moderate,True,0.5,zero,dressed_linear_chi,REJECTED_PHYSICAL,0.29409586853363584,0.6196687722256685,0.2926447950196469,0.31144410528384053,0.08365518364065652,0.8764034994164939,0.0,0.36261837104728695,0.029392489258489037,,NOT_RUN,0,0.016315251653658318,0.015616799995768815,0.005567499960307032,0.0,0.0,21.60160490259798,3456,9.42000187933445e-05,0.024003099999390543,"full shared export charged to each independent deployment, not summed in actual ledger",,
2001,gaussian_moderate,True,0.5,zero,linear_a_exact_conversion,REJECTED_PHYSICAL,0.2911008125105956,0.613358099798347,0.2885751505992457,0.3206307270412235,0.08280324388757282,0.8701109816877604,0.0,0.35365111532611443,0.027908933627030827,,NOT_RUN,0,0.030909365615280546,0.012665799993555993,0.011648799991235137,0.0,0.0,21.60160490259798,3456,9.42000187933445e-05,0.024003099999390543,"full shared export charged to each independent deployment, not summed in actual ledger",,
2001,gaussian_moderate,True,0.5,zero,vanilla_IBS2,REJECTED_PHYSICAL,0.2928987092080061,0.617146321797615,0.29035440393040013,0.3226448120389883,0.08331465324241591,0.8745851044076194,0.0,0.3598482508230435,0.029187558969750636,,NOT_RUN,0,0.0354182575801829,0.5794237999944016,0.37817549996543676,0.0,0.0,21.60160490259798,3456,9.42000187933445e-05,0.024003099999390543,"full shared export charged to each independent deployment, not summed in actual ledger",,
2001,gaussian_moderate,True,0.5,zero,A23_compressed_feedback,REJECTED_PHYSICAL,0.29473605303248046,0.6210176600708972,0.2927957160287223,0.31770325140623845,0.08383728328075611,0.8779794075385206,0.0,0.36217023728289727,0.0327683454634965,,NOT_RUN,0,0.031946618855359266,0.37369869998656213,0.3905765999807045,0.0,0.0,21.60160490259798,3456,9.42000187933445e-05,0.024003099999390543,"full shared export charged to each independent deployment, not summed in actual ledger",,
2001,gaussian_moderate,True,0.5,zero,generic_randomized_linear,REJECTED_PHYSICAL,0.32315136543691647,0.6808895713556755,0.31944829130134705,0.3657696549233343,0.09191998158336029,0.9154022205852392,0.0,0.3947977179900806,0.034494811503390184,,NOT_RUN,0,0.03381581655870392,0.010106800007633865,0.012267799989785999,0.0,0.0,21.60160490259798,3456,9.42000187933445e-05,0.024003099999390543,"full shared export charged to each independent deployment, not summed in actual ledger",,
2001,gaussian_moderate,True,0.5,zero,current_BP_ratio,OK,0.39452580518189073,0.8312776460524975,0.40175033824658096,0.2909821354724451,0.11222234725032956,0.965350381633515,0.0,0.5350298294596825,0.0,,NOT_RUN,0,0.3239447422066915,0.4201092000002973,0.4100421000039205,0.0,0.0,21.60160490259798,3456,9.42000187933445e-05,0.024003099999390543,"full shared export charged to each independent deployment, not summed in actual ledger",,
2001,gaussian_moderate,True,0.5,20dB_nominal_difference,homogeneous_born,REJECTED_PHYSICAL,0.3260750369582466,0.6870498345074395,0.3191917971174858,0.40140593782518935,0.09275161610866425,0.9448918211005876,0.0,0.3970471166403676,0.04763245807002855,,NOT_RUN,0,0.23552414858337806,0.010167899949010462,0.012274400040041655,0.0005632210855405235,0.07849442095487742,21.60160490259798,3456,5.6800025049597025e-05,0.04055889998562634,"full shared export charged to each independent deployment, not summed in actual ledger",,
2001,gaussian_moderate,True,0.5,20dB_nominal_difference,born_BP,OK,0.38852586151129453,0.8186355856715768,0.39424044778911493,0.30945099821053673,0.11051567115147809,0.9595138545443033,0.0,0.5060074201542822,0.0,,NOT_RUN,0,0.32181845718425345,0.012923799979034811,0.011887700005900115,0.0005632210855405235,0.07849442095487742,21.60160490259798,3456,5.6800025049597025e-05,0.04055889998562634,"full shared export charged to each independent deployment, not summed in actual ledger",,
2001,gaussian_moderate,True,0.5,20dB_nominal_difference,dressed_linear_chi,REJECTED_PHYSICAL,0.31695745791421787,0.6678388233495675,0.30949321890070136,0.39768908048606455,0.0901581327214633,0.934168923584271,0.0,0.37265132313592625,0.03976789313530817,,NOT_RUN,0,0.1969663260170027,0.013391599990427494,0.011220899992622435,0.0005632210855405235,0.07849442095487742,21.60160490259798,3456,5.6800025049597025e-05,0.04055889998562634,"full shared export charged to each independent deployment, not summed in actual ledger",,
2001,gaussian_moderate,True,0.5,20dB_nominal_difference,linear_a_exact_conversion,REJECTED_PHYSICAL,0.31446133387262326,0.6625794154976649,0.30593065521527535,0.40519847099644524,0.0894481135153772,0.9288868158026614,0.0,0.3639766146784149,0.03997428146891406,,NOT_RUN,0,0.19872789299198473,0.010128099995199591,0.012580999988131225,0.0005632210855405235,0.07849442095487742,21.60160490259798,3456,5.6800025049597025e-05,0.04055889998562634,"full shared export charged to each independent deployment, not summed in actual ledger",,
2001,gaussian_moderate,True,0.5,20dB_nominal_difference,vanilla_IBS2,REJECTED_PHYSICAL,0.31443347129735033,0.6625207082200124,0.3062814504742776,0.40162450644405207,0.08944018804242586,0.9297127440827708,0.0,0.3701720364552438,0.04140166533336668,,NOT_RUN,0,0.1994847055968129,0.5715706000337377,0.4508068999857642,0.0005632210855405235,0.07849442095487742,21.60160490259798,3456,5.6800025049597025e-05,0.04055889998562634,"full shared export charged to each independent deployment, not summed in actual ledger",,
2001,gaussian_moderate,True,0.5,20dB_nominal_difference,A23_compressed_feedback,REJECTED_PHYSICAL,0.31616629390388473,0.6661718171676828,0.30865988639577974,0.39727972833110986,0.08993308715756504,0.9323015987320173,0.0,0.3717997737153974,0.03904363629887598,,NOT_RUN,0,0.1988895329012252,0.40170869999565184,0.40547030000016093,0.0005632210855405235,0.07849442095487742,21.60160490259798,3456,5.6800025049597025e-05,0.04055889998562634,"full shared export charged to each independent deployment, not summed in actual ledger",,
2001,gaussian_moderate,True,0.5,20dB_nominal_difference,generic_randomized_linear,REJECTED_PHYSICAL,0.32720022448105923,0.6894206381989753,0.3228900919412681,0.37634050514362793,0.09307167422209642,0.9197330074939473,0.0,0.4004149020283657,0.02774026953395633,,NOT_RUN,0,0.20180972684599358,0.011653899971861392,0.01167960005113855,0.0005632210855405235,0.07849442095487742,21.60160490259798,3456,5.6800025049597025e-05,0.04055889998562634,"full shared export charged to each independent deployment, not summed in actual ledger",,
2001,gaussian_moderate,True,0.5,20dB_nominal_difference,current_BP_ratio,OK,0.39453767273028695,0.8313026513311526,0.40173733467824646,0.2914179533020229,0.11222572295888812,0.9653509367653426,0.0,0.5348085429509508,0.0,,NOT_RUN,0,0.37331842106724167,0.3068423999939114,0.41150590003235266,0.0005632210855405235,0.07849442095487742,21.60160490259798,3456,5.6800025049597025e-05,0.04055889998562634,"full shared export charged to each independent deployment, not summed in actual ledger",,
2001,gaussian_moderate,True,1.0,zero,homogeneous_born,REJECTED_PHYSICAL,0.44222784596892833,0.6533531509395344,0.43572094122089305,0.5673957069234917,0.1764051385960233,0.896385025910795,0.588,0.4879000380671148,0.08995786707283171,,NOT_RUN,0,0.13629855629847681,0.004779699956998229,0.004513999971095473,0.0,0.0,21.60160490259798,3456,7.989996811375022e-05,0.025912500044796616,"full shared export charged to each independent deployment, not summed in actual ledger",,
2001,gaussian_moderate,True,1.0,zero,born_BP,OK,0.5557795101115115,0.8211158511816108,0.5551469449179476,0.5695929860295631,0.22170101318527044,0.9605073897554385,0.0,0.6161994125101506,0.0,,NOT_RUN,0,0.2603133086263282,0.004779800015967339,0.005460000014863908,0.0,0.0,21.60160490259798,3456,7.989996811375022e-05,0.025912500044796616,"full shared export charged to each independent deployment, not summed in actual ledger",,
2001,gaussian_moderate,True,1.0,zero,dressed_linear_chi,REJECTED_PHYSICAL,0.4219191697459689,0.6233488494858136,0.4139951208885743,0.5696865407627971,0.1683039869465529,0.8783986090351656,0.629757785467128,0.44616333666601665,0.09787040091488933,,NOT_RUN,0,0.026745803355789084,0.013290699978824705,0.011355600028764457,0.0,0.0,21.60160490259798,3456,7.989996811375022e-05,0.025912500044796616,"full shared export charged to each independent deployment, not summed in actual ledger",,
2001,gaussian_moderate,True,1.0,zero,linear_a_exact_conversion,REJECTED_PHYSICAL,0.4136008233149782,0.6110592166622933,0.4026263754367293,0.607634302069208,0.16498579007490738,0.8659752500830118,0.6254071661237784,0.42462105334285655,0.09164723153191014,,NOT_RUN,0,0.060773285372397394,0.012995900004170835,0.012483800004702061,0.0,0.0,21.60160490259798,3456,7.989996811375022e-05,0.025912500044796616,"full shared export charged to each independent deployment, not summed in actual ledger",,
2001,gaussian_moderate,True,1.0,zero,vanilla_IBS2,REJECTED_PHYSICAL,0.4168433222921991,0.6158497266742621,0.4066445857457748,0.5996199214126893,0.16627922622255853,0.8731577360236941,0.6133333333333333,0.436409949057144,0.09687541232892363,,NOT_RUN,0,0.06756698915810087,0.5567246999708004,0.44408109999494627,0.0,0.0,21.60160490259798,3456,7.989996811375022e-05,0.025912500044796616,"full shared export charged to each independent deployment, not summed in actual ledger",,
2001,gaussian_moderate,True,1.0,zero,A23_compressed_feedback,REJECTED_PHYSICAL,0.42398225369036313,0.6263968764429796,0.41445232731931664,0.5970880988227119,0.1691269532352286,0.881725572223518,0.6506849315068494,0.444280689125143,0.11105608067413719,,NOT_RUN,0,0.060565333559066785,0.39909379999153316,0.39995140000246465,0.0,0.0,21.60160490259798,3456,7.989996811375022e-05,0.025912500044796616,"full shared export charged to each independent deployment, not summed in actual ledger",,
2001,gaussian_moderate,True,1.0,zero,generic_randomized_linear,REJECTED_PHYSICAL,0.46261343634211166,0.683471086355609,0.45136928121488484,0.664341741754265,0.18453697137842986,0.9164808110291485,0.5364963503649635,0.48271947383825725,0.10789667799211086,,NOT_RUN,0,0.04094328681540009,0.009101900039240718,0.010691000032238662,0.0,0.0,21.60160490259798,3456,7.989996811375022e-05,0.025912500044796616,"full shared export charged to each independent deployment, not summed in actual ledger",,
2001,gaussian_moderate,True,1.0,zero,current_BP_ratio,OK,0.5636723392790459,0.8327768192853661,0.5646183147577433,0.5423244132548064,0.22484947078672024,0.9658896434057792,0.0,0.6500451270453683,0.0,,NOT_RUN,0,0.3232798611861362,0.40941510000266135,0.40368270000908524,0.0,0.0,21.60160490259798,3456,7.989996811375022e-05,0.025912500044796616,"full shared export charged to each independent deployment, not summed in actual ledger",,
2001,gaussian_moderate,True,1.0,20dB_nominal_difference,homogeneous_born,REJECTED_PHYSICAL,0.44546149532454077,0.658130586405847,0.4327243805380131,0.6677378388724139,0.1776950446205929,0.903810233847474,0.5615384615384615,0.4881648001817657,0.07924422252386773,,NOT_RUN,0,0.16747930992586066,0.010067099996376783,0.011233200028073043,0.0005632210855405235,0.07849442095487742,21.60160490259798,3456,9.889999637380242e-05,0.035467199981212616,"full shared export charged to each independent deployment, not summed in actual ledger",,
2001,gaussian_moderate,True,1.0,20dB_nominal_difference,born_BP,OK,0.5560331300696008,0.8214905525946249,0.5554205559433282,0.5694154994888452,0.22180218244511074,0.9606540128120821,0.0,0.6168625532750645,0.0,,NOT_RUN,0,0.27775936909657856,0.013289299968164414,0.012464400031603873,0.0005632210855405235,0.07849442095487742,21.60160490259798,3456,9.889999637380242e-05,0.035467199981212616,"full shared export charged to each independent deployment, not summed in actual ledger",,
2001,gaussian_moderate,True,1.0,20dB_nominal_difference,dressed_linear_chi,REJECTED_PHYSICAL,0.4258815770795054,0.6292029614334675,0.41042717847434895,0.6835816359172063,0.16988459527146496,0.8867548461400928,0.613013698630137,0.44451872507923407,0.10968952972062176,,REJECTED,0,0.10225233543731843,0.01352709997445345,0.01005280000390485,0.0005632210855405235,0.07849442095487742,21.60160490259798,3456,9.889999637380242e-05,0.035467199981212616,"full shared export charged to each independent deployment, not summed in actual ledger",0.0028962999931536615,"{'full_forward_calls': 0, 'full_forward_RHS': 0, 'full_LU_factorizations': 0, 'full_state_backward_residual_L_rhs': 0, 'full_state_receiver_rhs': 0, 'full_state_Goff_rhs': 0, 'material_operator_refreshes': 0, 'L_upload_bytes': 0, 'S_adjoint_rhs': 0, 'solve_adjoint_rhs': 0, 'L_adjoint_residual_audit_rhs': 0, 'B_adjoint_rhs': 0, 'decoder_prepare_compact_SVD': 0, 'decoder_matrix_bytes': 0, 'cache_read_bytes': 0, 'solve_forward_rhs': 0, 'G_rhs': 0, 'S_rhs': 0, 'clean_label_full_state_calls': 0, 'cache_write_bytes': 0, 'candidate_feasibility_checks': 0, 'S_actions': 0, 'S_adjoint_actions': 0}"
2001,gaussian_moderate,True,1.0,20dB_nominal_difference,linear_a_exact_conversion,REJECTED_PHYSICAL,0.41816387532007365,0.6178007288321071,0.39865969116915045,0.7261435205857082,0.16680599617164485,0.8746247062278208,0.6416938110749185,0.4224576777776213,0.10567944823639183,,NOT_RUN,0,0.11586178425009104,0.010551699961069971,0.013310099951922894,0.0005632210855405235,0.07849442095487742,21.60160490259798,3456,9.889999637380242e-05,0.035467199981212616,"full shared export charged to each independent deployment, not summed in actual ledger",,
2001,gaussian_moderate,True,1.0,20dB_nominal_difference,vanilla_IBS2,REJECTED_PHYSICAL,0.4197328533456282,0.6201187573011308,0.4029054242337207,0.6945480105866736,0.16743186310556812,0.8806725075027678,0.609271523178808,0.43446777192550073,0.10488200004055354,,REJECTED,0,0.11927269792752491,0.5852187999989837,0.4476797000388615,0.0005632210855405235,0.07849442095487742,21.60160490259798,3456,9.889999637380242e-05,0.035467199981212616,"full shared export charged to each independent deployment, not summed in actual ledger",0.002361399994697422,"{'full_forward_calls': 0, 'full_forward_RHS': 0, 'full_LU_factorizations': 0, 'full_state_backward_residual_L_rhs': 0, 'full_state_receiver_rhs': 0, 'full_state_Goff_rhs': 0, 'material_operator_refreshes': 0, 'L_upload_bytes': 0, 'S_adjoint_rhs': 0, 'solve_adjoint_rhs': 0, 'L_adjoint_residual_audit_rhs': 0, 'B_adjoint_rhs': 0, 'decoder_prepare_compact_SVD': 0, 'decoder_matrix_bytes': 0, 'cache_read_bytes': 0, 'solve_forward_rhs': 0, 'G_rhs': 0, 'S_rhs': 0, 'clean_label_full_state_calls': 0, 'cache_write_bytes': 0, 'candidate_feasibility_checks': 0, 'S_actions': 0, 'S_adjoint_actions': 0}"
2001,gaussian_moderate,True,1.0,20dB_nominal_difference,A23_compressed_feedback,REJECTED_PHYSICAL,0.4275224242159921,0.6316271702584113,0.409837558366446,0.7143944248472786,0.17053913086700764,0.8883627192852351,0.6326530612244898,0.4426832964840857,0.11822682895351891,,REJECTED,0,0.11551527118338134,0.4002438999596052,0.4017203999683261,0.0005632210855405235,0.07849442095487742,21.60160490259798,3456,9.889999637380242e-05,0.035467199981212616,"full shared export charged to each independent deployment, not summed in actual ledger",0.00230529997497797,"{'full_forward_calls': 0, 'full_forward_RHS': 0, 'full_LU_factorizations': 0, 'full_state_backward_residual_L_rhs': 0, 'full_state_receiver_rhs': 0, 'full_state_Goff_rhs': 0, 'material_operator_refreshes': 0, 'L_upload_bytes': 0, 'S_adjoint_rhs': 0, 'solve_adjoint_rhs': 0, 'L_adjoint_residual_audit_rhs': 0, 'B_adjoint_rhs': 0, 'decoder_prepare_compact_SVD': 0, 'decoder_matrix_bytes': 0, 'cache_read_bytes': 0, 'solve_forward_rhs': 0, 'G_rhs': 0, 'S_rhs': 0, 'clean_label_full_state_calls': 0, 'cache_write_bytes': 0, 'candidate_feasibility_checks': 0, 'S_actions': 0, 'S_adjoint_actions': 0}"
2001,gaussian_moderate,True,1.0,20dB_nominal_difference,generic_randomized_linear,REJECTED_PHYSICAL,0.4652891483671219,0.6874242179787815,0.45320169659633497,0.6797707533379178,0.1856043156330206,0.9168456083210765,0.5559701492537313,0.4865627418863238,0.11207092149177145,,NOT_RUN,0,0.108240724838533,0.010982399981003255,0.01120260002790019,0.0005632210855405235,0.07849442095487742,21.60160490259798,3456,9.889999637380242e-05,0.035467199981212616,"full shared export charged to each independent deployment, not summed in actual ledger",,
2001,gaussian_moderate,True,1.0,20dB_nominal_difference,current_BP_ratio,OK,0.56379344042463,0.8329557356873316,0.5648137192361936,0.5407315560092978,0.22489777815715298,0.9659579573383441,0.0,0.6503489657882404,0.0,,NOT_RUN,0,0.33659378515133503,0.4068089999491349,0.405250400013756,0.0005632210855405235,0.07849442095487742,21.60160490259798,3456,9.889999637380242e-05,0.035467199981212616,"full shared export charged to each independent deployment, not summed in actual ledger",,
2001,gaussian_moderate,True,1.0,20dB_calibration,dressed_linear_chi,REJECTED_PHYSICAL,0.5155027116909932,0.7616103872049007,0.4582954101653527,1.2239603136753792,0.20563455723424728,0.9909664493741218,0.45707070707070707,0.44573845011050367,0.2365874212835606,,REJECTED,0,0.15142116527716562,0.009067300008609891,,,,21.60160490259798,3456,,,,0.0011938000097870827,
2001,gaussian_moderate,True,1.0,20dB_calibration,vanilla_IBS2,REJECTED_PHYSICAL,0.5064337260426153,0.7482117502732738,0.44802811557161104,1.2205088601644674,0.20201692961353013,0.9817870868661623,0.45925925925925926,0.43547923633628255,0.24534501429751246,,NOT_RUN,0,0.16394543160336766,0.5856717000133358,,,,21.60160490259798,3456,,,,,
2001,gaussian_moderate,True,1.0,20dB_calibration,A23_compressed_feedback,REJECTED_PHYSICAL,0.5155017005320184,0.7616088933055268,0.45460058890734617,1.2540611131661423,0.20563415388190143,0.9894672815808736,0.46766169154228854,0.4425056193818146,0.25180028507443475,,REJECTED,0,0.16089453243470203,0.4091406999505125,,,,21.60160490259798,3456,,,,0.0017046000575646758,
2003,gaussian_stronger,True,0.15,zero,homogeneous_born,REJECTED_PHYSICAL,0.24811725992565772,0.5112918723550991,0.23624473581938374,0.37760899156360633,0.07536384453741993,0.7886212830960273,,0.3577465104803722,0.016990545549925497,,NOT_RUN,0,0.14192589726980193,0.005316700029652566,0.009358600014820695,0.0,0.0,21.59175987322026,3456,0.00010629999451339245,0.034563700028229505,"full shared export charged to each independent deployment, not summed in actual ledger",,
2003,gaussian_stronger,True,0.15,zero,born_BP,OK,0.34925875912989823,0.7197127879997117,0.33990235723694195,0.46134092120433146,0.10608485211502189,0.9007172832681121,,0.4856767697043961,0.0,,NOT_RUN,0,0.2326119437652161,0.013257100014016032,0.013220800028648227,0.0,0.0,21.59175987322026,3456,0.00010629999451339245,0.034563700028229505,"full shared export charged to each independent deployment, not summed in actual ledger",,
2003,gaussian_stronger,True,0.15,zero,dressed_linear_chi,REJECTED_PHYSICAL,0.2175821818296948,0.4483686510650046,0.20577075511635773,0.3432171994214231,0.06608903278409153,0.7429562448454263,,0.2800568089823407,0.01750092375943696,,NOT_RUN,0,0.011486474708562098,0.010859799978788942,0.011822999978903681,0.0,0.0,21.59175987322026,3456,0.00010629999451339245,0.034563700028229505,"full shared export charged to each independent deployment, not summed in actual ledger",,
2003,gaussian_stronger,True,0.15,zero,linear_a_exact_conversion,REJECTED_PHYSICAL,0.2128133404995382,0.4385415644149638,0.1985934554673536,0.3573774916585918,0.06464053131048494,0.7302470887982588,,0.2625721978182758,0.01651720790742448,,NOT_RUN,0,0.036222644412342346,0.010231499967630953,0.012449199974071234,0.0,0.0,21.59175987322026,3456,0.00010629999451339245,0.034563700028229505,"full shared export charged to each independent deployment, not summed in actual ledger",,
2003,gaussian_stronger,True,0.15,zero,vanilla_IBS2,REJECTED_PHYSICAL,0.21275633574748676,0.4384240954955575,0.19834001432722245,0.35884543359352566,0.06462321652443263,0.7344165903877734,,0.2612988624466259,0.019920246997613224,,NOT_RUN,0,0.04496288151579916,0.3991408000001684,0.44360300002153963,0.0,0.0,21.59175987322026,3456,0.00010629999451339245,0.034563700028229505,"full shared export charged to each independent deployment, not summed in actual ledger",,
2003,gaussian_stronger,True,0.15,zero,A23_compressed_feedback,REJECTED_PHYSICAL,0.21666447326105664,0.44647754146434276,0.20438588768649416,0.3461037584478093,0.06581028536475349,0.7429779384428311,,0.27043457389646447,0.023967063380284155,,NOT_RUN,0,0.04099631674126957,0.38977090001571923,0.4021086000138894,0.0,0.0,21.59175987322026,3456,0.00010629999451339245,0.034563700028229505,"full shared export charged to each independent deployment, not summed in actual ledger",,
2003,gaussian_stronger,True,0.15,zero,generic_randomized_linear,REJECTED_PHYSICAL,0.26153393965652716,0.5389394423082751,0.23702834975476086,0.4904552746159467,0.07943906512364017,0.7920940663565988,,0.32610394089688366,0.05826871581514197,,NOT_RUN,0,0.0398241432602574,0.012388200033456087,0.011576999968383461,0.0,0.0,21.59175987322026,3456,0.00010629999451339245,0.034563700028229505,"full shared export charged to each independent deployment, not summed in actual ledger",,
2003,gaussian_stronger,True,0.15,zero,current_BP_ratio,OK,0.3589040548498199,0.7395887180721903,0.3565629816812353,0.3904003607066276,0.10901454176003658,0.9175494452285835,,0.5176963765472468,0.0,,NOT_RUN,0,0.3069976266486451,0.40601760003482923,0.40098889998625964,0.0,0.0,21.59175987322026,3456,0.00010629999451339245,0.034563700028229505,"full shared export charged to each independent deployment, not summed in actual ledger",,
2003,gaussian_stronger,True,0.15,20dB_nominal_difference,homogeneous_born,REJECTED_PHYSICAL,0.5827173098577645,1.2007976571245906,0.4578339905775668,1.4732716799774805,0.17699621849178257,1.883736580052939,,0.37922711057689745,0.2884858483139505,,NOT_RUN,0,0.5376263669010635,0.011592300026677549,0.012409199960529804,0.0023781987810711823,0.33150424908732234,21.59175987322026,3456,8.960004197433591e-05,0.024120899965055287,"full shared export charged to each independent deployment, not summed in actual ledger",,
2003,gaussian_stronger,True,0.15,20dB_nominal_difference,born_BP,OK,0.34955911696428155,0.7203317313153214,0.34145577743643934,0.44842986980329164,0.1061760836607146,0.9030700195261452,,0.487784321692099,0.0,,NOT_RUN,0,0.5636417104497186,0.014302600000519305,0.012835700006689876,0.0023781987810711823,0.33150424908732234,21.59175987322026,3456,8.960004197433591e-05,0.024120899965055287,"full shared export charged to each independent deployment, not summed in actual ledger",,
2003,gaussian_stronger,True,0.15,20dB_nominal_difference,dressed_linear_chi,REJECTED_PHYSICAL,0.5876411554274649,1.2109441589087624,0.4417350405509015,1.5689303955573148,0.1784918013954159,1.951894709073415,,0.285333932373453,0.32667529231434334,,NOT_RUN,0,0.5230462832284299,0.009375300025567412,0.012795899994671345,0.0023781987810711823,0.33150424908732234,21.59175987322026,3456,8.960004197433591e-05,0.024120899965055287,"full shared export charged to each independent deployment, not summed in actual ledger",,
2003,gaussian_stronger,True,0.15,20dB_nominal_difference,linear_a_exact_conversion,REJECTED_PHYSICAL,0.5958168920068783,1.227791788391785,0.4467832175247802,1.595101611335013,0.180975122953676,1.9771921228673235,,0.2676987837416437,0.335792370330796,,NOT_RUN,0,0.524250328141072,0.013639000011608005,0.011204499984160066,0.0023781987810711823,0.33150424908732234,21.59175987322026,3456,8.960004197433591e-05,0.024120899965055287,"full shared export charged to each independent deployment, not summed in actual ledger",,
2003,gaussian_stronger,True,0.15,20dB_nominal_difference,vanilla_IBS2,REJECTED_PHYSICAL,0.5710180567692447,1.1766891649601288,0.42831813111012035,1.5281948602832371,0.17344265397462114,1.905584678993558,,0.26290154953968226,0.30111918823792566,,NOT_RUN,0,0.5247427974445715,0.5744983000331558,0.45442039996851236,0.0023781987810711823,0.33150424908732234,21.59175987322026,3456,8.960004197433591e-05,0.024120899965055287,"full shared export charged to each independent deployment, not summed in actual ledger",,
2003,gaussian_stronger,True,0.15,20dB_nominal_difference,A23_compressed_feedback,REJECTED_PHYSICAL,0.5877454007655357,1.2111589758630623,0.43788777953807395,1.5846369668178422,0.1785234651718677,1.9531917866836246,,0.27579515455724035,0.3254773454820694,,NOT_RUN,0,0.5242765650000075,0.400860299996566,0.39382240001577884,0.0023781987810711823,0.33150424908732234,21.59175987322026,3456,8.960004197433591e-05,0.024120899965055287,"full shared export charged to each independent deployment, not summed in actual ledger",,
2003,gaussian_stronger,True,0.15,20dB_nominal_difference,generic_randomized_linear,REJECTED_PHYSICAL,0.3516344405673056,0.7246083225167993,0.29715125166572437,0.7884805126160424,0.10680644837387485,0.965123933970492,,0.35141919676256117,0.08162606766727806,,NOT_RUN,0,0.5301603004875061,0.011072600027546287,0.011478599975816905,0.0023781987810711823,0.33150424908732234,21.59175987322026,3456,8.960004197433591e-05,0.024120899965055287,"full shared export charged to each independent deployment, not summed in actual ledger",,
2003,gaussian_stronger,True,0.15,20dB_nominal_difference,current_BP_ratio,OK,0.3595436189626489,0.7409066591651938,0.3571974271793462,0.3911082355227086,0.10920880478867634,0.9196955290044704,,0.5182968624222811,0.0,,NOT_RUN,0,0.5859511821436808,0.40867430000798777,0.4048707000329159,0.0023781987810711823,0.33150424908732234,21.59175987322026,3456,8.960004197433591e-05,0.024120899965055287,"full shared export charged to each independent deployment, not summed in actual ledger",,
2003,gaussian_stronger,True,0.5,zero,homogeneous_born,REJECTED_PHYSICAL,0.4561282466714219,0.576153073750647,0.4129191432031262,1.3867147133346818,0.28308104123185857,0.8411764533634314,0.011695906432748537,0.5278703893897206,0.14729283436927207,,NOT_RUN,0,0.14631060527892392,0.010511400003451854,0.011964500008616596,0.0,0.0,21.59175987322026,3456,9.99000039882958e-05,0.03194090002216399,"full shared export charged to each independent deployment, not summed in actual ledger",,
2003,gaussian_stronger,True,0.5,zero,born_BP,REJECTED_PHYSICAL,0.5818912737133134,0.7350091742511892,0.5522129049167539,1.36958327021805,0.3611317405763672,0.9078590413023444,0.0,0.6405778651705345,0.03335338926370588,,NOT_RUN,0,0.23369514046358789,0.01300410000840202,0.01164389995392412,0.0,0.0,21.59175987322026,3456,9.99000039882958e-05,0.03194090002216399,"full shared export charged to each independent deployment, not summed in actual ledger",,
2003,gaussian_stronger,True,0.5,zero,dressed_linear_chi,REJECTED_PHYSICAL,0.39374410566565593,0.4973532737907516,0.3637001159048547,1.0928491647881524,0.24436436950381107,0.7889719490058235,0.2982456140350877,0.4299588804298413,0.1444496359734484,,NOT_RUN,0,0.028168801722476485,0.012063599948305637,0.0110588000388816,0.0,0.0,21.59175987322026,3456,9.99000039882958e-05,0.03194090002216399,"full shared export charged to each independent deployment, not summed in actual ledger",,
2003,gaussian_stronger,True,0.5,zero,linear_a_exact_conversion,REJECTED_PHYSICAL,0.3825981831058874,0.4832744317338086,0.33274367816757094,1.3323264373607506,0.2374470181081589,0.759237631238322,0.6888888888888889,0.39012216184153525,0.13149256505986842,,NOT_RUN,0,0.12430676373406774,0.009780799970030785,0.012350799981504679,0.0,0.0,21.59175987322026,3456,9.99000039882958e-05,0.03194090002216399,"full shared export charged to each independent deployment, not summed in actual ledger",,
2003,gaussian_stronger,True,0.5,zero,vanilla_IBS2,REJECTED_PHYSICAL,0.3447300775394656,0.4354417759436385,0.31081138009300024,1.0650377915496079,0.21394541996893485,0.7328238653167672,0.6045197740112994,0.32813801457365366,0.16781767153884758,,NOT_RUN,0,0.14373407324737242,0.5740848000277765,0.44911009998759255,0.0,0.0,21.59175987322026,3456,9.99000039882958e-05,0.03194090002216399,"full shared export charged to each independent deployment, not summed in actual ledger",,
2003,gaussian_stronger,True,0.5,zero,A23_compressed_feedback,REJECTED_PHYSICAL,0.38075633184303426,0.4809479187975273,0.3513766261366024,1.0617531339704032,0.23630393351059775,0.7848843890091414,0.46511627906976744,0.3746054926843971,0.18205407498754775,,NOT_RUN,0,0.1318033197061954,0.4066834999830462,0.4003672999679111,0.0,0.0,21.59175987322026,3456,9.99000039882958e-05,0.03194090002216399,"full shared export charged to each independent deployment, not summed in actual ledger",,
2003,gaussian_stronger,True,0.5,zero,generic_randomized_linear,REJECTED_PHYSICAL,0.4440290634172917,0.5608701315680263,0.3914594253145012,1.4842598437464463,0.275572079840784,0.8044547835237129,0.08771929824561403,0.46166411568815335,0.25706270420741395,,NOT_RUN,0,0.045408867008090596,0.013160499976947904,0.011004400032106787,0.0,0.0,21.59175987322026,3456,9.99000039882958e-05,0.03194090002216399,"full shared export charged to each independent deployment, not summed in actual ledger",,
2003,gaussian_stronger,True,0.5,zero,current_BP_ratio,REJECTED_PHYSICAL,0.5887466447186093,0.7436684561641717,0.5705216994225404,1.1452116987316576,0.3653863018239363,0.9204656334800114,0.0,0.6659336393057371,0.04625572371600771,,NOT_RUN,0,0.31064942932805156,0.40415289998054504,0.4026457999716513,0.0,0.0,21.59175987322026,3456,9.99000039882958e-05,0.03194090002216399,"full shared export charged to each independent deployment, not summed in actual ledger",,
2003,gaussian_stronger,True,0.5,20dB_nominal_difference,homogeneous_born,REJECTED_PHYSICAL,0.5079777717045133,0.6416461964377984,0.43200889723252345,1.8759767353040513,0.3152597489546409,0.9314667813785028,0.05847953216374269,0.5253746069202353,0.35773646015314225,,NOT_RUN,0,0.2336493087494359,0.011240299965720624,0.011788400006480515,0.0023781987810711823,0.33150424908732234,21.59175987322026,3456,8.699996396899223e-05,0.0382744999951683,"full shared export charged to each independent deployment, not summed in actual ledger",,
2003,gaussian_stronger,True,0.5,20dB_nominal_difference,born_BP,REJECTED_PHYSICAL,0.5827766950619921,0.7361275838987574,0.5526598041563587,1.3788889973809912,0.36168124830613835,0.9081873151810665,0.0,0.6413195458768436,0.03400102652584918,,NOT_RUN,0,0.29426312172826863,0.012717200035694987,0.010951400035992265,0.0023781987810711823,0.33150424908732234,21.59175987322026,3456,8.699996396899223e-05,0.0382744999951683,"full shared export charged to each independent deployment, not summed in actual ledger",,
2003,gaussian_stronger,True,0.5,20dB_nominal_difference,dressed_linear_chi,REJECTED_PHYSICAL,0.4436846497886708,0.5604350895108425,0.3822411691750371,1.5857115850946748,0.275358330814461,0.8793316601179756,0.39766081871345027,0.4243927503810206,0.3036041292494485,,NOT_RUN,0,0.1867074582632759,0.01112079998711124,0.011184400005731732,0.0023781987810711823,0.33150424908732234,21.59175987322026,3456,8.699996396899223e-05,0.0382744999951683,"full shared export charged to each independent deployment, not summed in actual ledger",,
2003,gaussian_stronger,True,0.5,20dB_nominal_difference,linear_a_exact_conversion,REJECTED_PHYSICAL,0.4392745200062632,0.5548644855232238,0.3529833919893669,1.820755418459439,0.2726213283598182,0.8607951349870343,0.6368421052631579,0.39693614847288994,0.29701490355186155,,NOT_RUN,0,0.22243615761972169,0.010254100023303181,0.011955699999816716,0.0023781987810711823,0.33150424908732234,21.59175987322026,3456,8.699996396899223e-05,0.0382744999951683,"full shared export charged to each independent deployment, not summed in actual ledger",,
2003,gaussian_stronger,True,0.5,20dB_nominal_difference,vanilla_IBS2,REJECTED_PHYSICAL,0.39933300833032265,0.5044128309934445,0.3339004621761229,1.5331562552176938,0.24783293869943263,0.8327539586615718,0.5934065934065934,0.32402967600483107,0.309875990301766,,NOT_RUN,0,0.23112572973075046,0.5883976999903098,0.3654079000116326,0.0023781987810711823,0.33150424908732234,21.59175987322026,3456,8.699996396899223e-05,0.0382744999951683,"full shared export charged to each independent deployment, not summed in actual ledger",,
2003,gaussian_stronger,True,0.5,20dB_nominal_difference,A23_compressed_feedback,REJECTED_PHYSICAL,0.4388373596980258,0.5543122915796327,0.36829650745220716,1.6711712477643357,0.27235001914767415,0.8886327919317135,0.5542857142857143,0.36543224973787247,0.3104222433535721,,NOT_RUN,0,0.22435437464459249,0.35276059998432174,0.38404169998830184,0.0023781987810711823,0.33150424908732234,21.59175987322026,3456,8.699996396899223e-05,0.0382744999951683,"full shared export charged to each independent deployment, not summed in actual ledger",,
2003,gaussian_stronger,True,0.5,20dB_nominal_difference,generic_randomized_linear,REJECTED_PHYSICAL,0.45567252515236467,0.5755774344301374,0.40085474181540603,1.533608342305137,0.2827982126127851,0.8082323179280642,0.05263157894736842,0.46705461290539124,0.2650689323343323,,NOT_RUN,0,0.19233314391779158,0.011622399964835495,0.010578999994322658,0.0023781987810711823,0.33150424908732234,21.59175987322026,3456,8.699996396899223e-05,0.0382744999951683,"full shared export charged to each independent deployment, not summed in actual ledger",,
2003,gaussian_stronger,True,0.5,20dB_nominal_difference,current_BP_ratio,REJECTED_PHYSICAL,0.5889005720943362,0.7438628877331583,0.570505720055393,1.1492616779545293,0.3654818318028684,0.9203913747929872,0.0,0.6660190624636421,0.046849010620617075,,NOT_RUN,0,0.3562167158831773,0.39162509999005124,0.3978439000202343,0.0023781987810711823,0.33150424908732234,21.59175987322026,3456,8.699996396899223e-05,0.0382744999951683,"full shared export charged to each independent deployment, not summed in actual ledger",,
2003,gaussian_stronger,True,1.0,zero,homogeneous_born,REJECTED_PHYSICAL,0.6135476695360768,0.6879440785979258,0.5369917273641174,2.9784769185624524,0.6760145348563238,0.9416388557674191,0.6973415132924335,0.6720409864987231,0.3357519748905483,,NOT_RUN,0,0.1554198757460259,0.004918099963106215,0.005403899995144457,0.0,0.0,21.59175987322026,3456,6.880000000819564e-05,0.0328832000377588,"full shared export charged to each independent deployment, not summed in actual ledger",,
2003,gaussian_stronger,True,1.0,zero,born_BP,REJECTED_PHYSICAL,0.6797711382413829,0.7621975480870665,0.6389289348413849,2.3783295009025776,0.7489803851336795,0.9193868902576272,0.09711286089238845,0.7117927128584176,0.0664266478161975,,NOT_RUN,0,0.23983795509845984,0.011280700040515512,0.011752299964427948,0.0,0.0,21.59175987322026,3456,6.880000000819564e-05,0.0328832000377588,"full shared export charged to each independent deployment, not summed in actual ledger",,
2003,gaussian_stronger,True,1.0,zero,dressed_linear_chi,REJECTED_PHYSICAL,0.5469232110950544,0.6132409969140667,0.4887519340071086,2.4717539255866883,0.6026068690475403,0.9089092544383324,0.6654478976234004,0.5853083927352902,0.3165753803370046,,NOT_RUN,0,0.05137289806034314,0.011117299960460514,0.010518099996261299,0.0,0.0,21.59175987322026,3456,6.880000000819564e-05,0.0328832000377588,"full shared export charged to each independent deployment, not summed in actual ledger",,
2003,gaussian_stronger,True,1.0,zero,linear_a_exact_conversion,REJECTED_PHYSICAL,0.6060203656199465,0.6795040430244483,0.47109934020017086,3.792512354211235,0.6677208567800423,0.9499939525490946,0.5996810207336523,0.6241914934431707,0.24414321306360715,,NOT_RUN,0,0.24866813186266287,0.01244409999344498,0.012014200037810951,0.0,0.0,21.59175987322026,3456,6.880000000819564e-05,0.0328832000377588,"full shared export charged to each independent deployment, not summed in actual ledger",,
2003,gaussian_stronger,True,1.0,zero,vanilla_IBS2,REJECTED_PHYSICAL,0.40165156675417085,0.4503542768193402,0.3420134561601607,2.1068242494806637,0.44254474518490355,0.7509633234560839,0.6507936507936508,0.35097526087048253,0.3665482388408478,,NOT_RUN,0,0.2755274144646415,0.5465315000037663,0.4425018999609165,0.0,0.0,21.59175987322026,3456,6.880000000819564e-05,0.0328832000377588,"full shared export charged to each independent deployment, not summed in actual ledger",,
2003,gaussian_stronger,True,1.0,zero,A23_compressed_feedback,REJECTED_PHYSICAL,0.504133181440337,0.5652624143432116,0.44546097646493327,2.3722414623968557,0.5554602764846602,0.8864022091376877,0.5825242718446602,0.454102633976999,0.3976584676405637,,NOT_RUN,0,0.2548041144542531,0.39187509997282177,0.3891120000043884,0.0,0.0,21.59175987322026,3456,6.880000000819564e-05,0.0328832000377588,"full shared export charged to each independent deployment, not summed in actual ledger",,
2003,gaussian_stronger,True,1.0,zero,generic_randomized_linear,REJECTED_PHYSICAL,0.5506818751495755,0.6174554219834372,0.47863309760938777,2.7305042122419603,0.6067482123508562,0.8395982345097099,0.691699604743083,0.5681400314126663,0.43746776524886083,,NOT_RUN,0,0.062229380130298884,0.012022600043565035,0.011959699972067028,0.0,0.0,21.59175987322026,3456,6.880000000819564e-05,0.0328832000377588,"full shared export charged to each independent deployment, not summed in actual ledger",,
2003,gaussian_stronger,True,1.0,zero,current_BP_ratio,REJECTED_PHYSICAL,0.6659826723964863,0.74673714639062,0.639883530647858,1.9314631773767088,0.7337880801387503,0.9217518378495919,0.0,0.7102576227572871,0.11913500407408537,,NOT_RUN,0,0.33873474426866895,0.39171160000842065,0.4010411000344902,0.0,0.0,21.59175987322026,3456,6.880000000819564e-05,0.0328832000377588,"full shared export charged to each independent deployment, not summed in actual ledger",,
2003,gaussian_stronger,True,1.0,20dB_nominal_difference,homogeneous_born,REJECTED_PHYSICAL,0.6319117327438334,0.7085348968343096,0.5441078145573409,3.2183967394245694,0.6962482905429042,0.9763025663963316,0.6814671814671814,0.6770940376747512,0.4898994588614118,,NOT_RUN,0,0.1830832248180787,0.01033849996747449,0.01139659999171272,0.0023781987810711823,0.33150424908732234,21.59175987322026,3456,0.00010029994882643223,0.034665999992284924,"full shared export charged to each independent deployment, not summed in actual ledger",,
2003,gaussian_stronger,True,1.0,20dB_nominal_difference,born_BP,REJECTED_PHYSICAL,0.679260091081075,0.7616245333316133,0.6382318858180349,2.382148666572402,0.7484173069483667,0.9190609650999233,0.10761154855643044,0.7110391227494308,0.06823306349902075,,NOT_RUN,0,0.2595233993175152,0.013185799994971603,0.010764899954665452,0.0023781987810711823,0.33150424908732234,21.59175987322026,3456,0.00010029994882643223,0.034665999992284924,"full shared export charged to each independent deployment, not summed in actual ledger",,
2003,gaussian_stronger,True,1.0,20dB_nominal_difference,dressed_linear_chi,REJECTED_PHYSICAL,0.5673603639597958,0.636156279613014,0.49588704035499737,2.7660580890086894,0.6251247809778266,0.9481412666771778,0.6362068965517241,0.5858271880067961,0.412237509114593,,REJECTED,0,0.10892761722950273,0.01778939994983375,0.011204099981114268,0.0023781987810711823,0.33150424908732234,21.59175987322026,3456,0.00010029994882643223,0.034665999992284924,"full shared export charged to each independent deployment, not summed in actual ledger",0.0028263000422157347,"{'full_forward_calls': 0, 'full_forward_RHS': 0, 'full_LU_factorizations': 0, 'full_state_backward_residual_L_rhs': 0, 'full_state_receiver_rhs': 0, 'full_state_Goff_rhs': 0, 'material_operator_refreshes': 0, 'L_upload_bytes': 0, 'S_adjoint_rhs': 0, 'solve_adjoint_rhs': 0, 'L_adjoint_residual_audit_rhs': 0, 'B_adjoint_rhs': 0, 'decoder_prepare_compact_SVD': 0, 'decoder_matrix_bytes': 0, 'cache_read_bytes': 0, 'solve_forward_rhs': 0, 'G_rhs': 0, 'S_rhs': 0, 'clean_label_full_state_calls': 0, 'cache_write_bytes': 0, 'candidate_feasibility_checks': 0, 'S_actions': 0, 'S_adjoint_actions': 0}"
2003,gaussian_stronger,True,1.0,20dB_nominal_difference,linear_a_exact_conversion,REJECTED_PHYSICAL,0.6369765835221873,0.7142138917599775,0.4854463834471064,4.099890040735011,0.7018288067978752,1.0069132491262347,0.5645645645645646,0.6376877880352645,0.34134345198980337,,NOT_RUN,0,0.2660001166390485,0.010510799998883158,0.012109400006011128,0.0023781987810711823,0.33150424908732234,21.59175987322026,3456,0.00010029994882643223,0.034665999992284924,"full shared export charged to each independent deployment, not summed in actual ledger",,
2003,gaussian_stronger,True,1.0,20dB_nominal_difference,vanilla_IBS2,REJECTED_PHYSICAL,0.4257452955967536,0.4773695177070318,0.347342016632129,2.4549956200367915,0.46909151849232833,0.7927741229629235,0.6459412780656304,0.35403007822527743,0.3577332219351716,,REJECTED,0,0.2906557020103028,0.5794847999932244,0.3722758999792859,0.0023781987810711823,0.33150424908732234,21.59175987322026,3456,0.00010029994882643223,0.034665999992284924,"full shared export charged to each independent deployment, not summed in actual ledger",0.0023663000320084393,"{'full_forward_calls': 0, 'full_forward_RHS': 0, 'full_LU_factorizations': 0, 'full_state_backward_residual_L_rhs': 0, 'full_state_receiver_rhs': 0, 'full_state_Goff_rhs': 0, 'material_operator_refreshes': 0, 'L_upload_bytes': 0, 'S_adjoint_rhs': 0, 'solve_adjoint_rhs': 0, 'L_adjoint_residual_audit_rhs': 0, 'B_adjoint_rhs': 0, 'decoder_prepare_compact_SVD': 0, 'decoder_matrix_bytes': 0, 'cache_read_bytes': 0, 'solve_forward_rhs': 0, 'G_rhs': 0, 'S_rhs': 0, 'clean_label_full_state_calls': 0, 'cache_write_bytes': 0, 'candidate_feasibility_checks': 0, 'S_actions': 0, 'S_adjoint_actions': 0}"
2003,gaussian_stronger,True,1.0,20dB_nominal_difference,A23_compressed_feedback,REJECTED_PHYSICAL,0.5230619234145231,0.5864863821015693,0.4484893860523009,2.6946413628440817,0.5763162023343505,0.9228105440660627,0.5509893455098934,0.4525653300064245,0.5611882964530192,,REJECTED,0,0.270793998750664,0.3963468999718316,0.3985406000283547,0.0023781987810711823,0.33150424908732234,21.59175987322026,3456,0.00010029994882643223,0.034665999992284924,"full shared export charged to each independent deployment, not summed in actual ledger",0.001959000015631318,"{'full_forward_calls': 0, 'full_forward_RHS': 0, 'full_LU_factorizations': 0, 'full_state_backward_residual_L_rhs': 0, 'full_state_receiver_rhs': 0, 'full_state_Goff_rhs': 0, 'material_operator_refreshes': 0, 'L_upload_bytes': 0, 'S_adjoint_rhs': 0, 'solve_adjoint_rhs': 0, 'L_adjoint_residual_audit_rhs': 0, 'B_adjoint_rhs': 0, 'decoder_prepare_compact_SVD': 0, 'decoder_matrix_bytes': 0, 'cache_read_bytes': 0, 'solve_forward_rhs': 0, 'G_rhs': 0, 'S_rhs': 0, 'clean_label_full_state_calls': 0, 'cache_write_bytes': 0, 'candidate_feasibility_checks': 0, 'S_actions': 0, 'S_adjoint_actions': 0}"
2003,gaussian_stronger,True,1.0,20dB_nominal_difference,generic_randomized_linear,REJECTED_PHYSICAL,0.5553649999841929,0.6227064043590136,0.4755395153255379,2.8714242432716865,0.6119081381625568,0.8423067988394042,0.693516699410609,0.5655993330836994,0.45888925568678224,,NOT_RUN,0,0.11545659205024206,0.011821300024166703,0.012326700030826032,0.0023781987810711823,0.33150424908732234,21.59175987322026,3456,0.00010029994882643223,0.034665999992284924,"full shared export charged to each independent deployment, not summed in actual ledger",,
2003,gaussian_stronger,True,1.0,20dB_nominal_difference,current_BP_ratio,REJECTED_PHYSICAL,0.6655639052212121,0.7462676011330218,0.6392366896597027,1.9380431138265346,0.7333266772009474,0.9215129446765241,0.0,0.7095263755196586,0.12073088013384728,,NOT_RUN,0,0.3523114019176543,0.40118310000980273,0.40079300000797957,0.0023781987810711823,0.33150424908732234,21.59175987322026,3456,0.00010029994882643223,0.034665999992284924,"full shared export charged to each independent deployment, not summed in actual ledger",,
2003,gaussian_stronger,True,1.0,20dB_calibration,dressed_linear_chi,REJECTED_PHYSICAL,0.5997984148959479,0.6725276427047479,0.5160441364871703,3.0615557235599398,0.6608654332597097,1.0035279892661657,0.6029173419773096,0.5868006872761835,0.5726149443372366,,REJECTED,0,0.13500206973605347,0.007438300002831966,,,,21.59175987322026,3456,,,,0.0012947000213898718,
2003,gaussian_stronger,True,1.0,20dB_calibration,vanilla_IBS2,REJECTED_PHYSICAL,0.4514212873400249,0.5061588805535548,0.3705461018577984,2.5719823979673926,0.4973816489534656,0.8390228140081234,0.6270903010033445,0.3405337619919559,0.41276252840179417,,NOT_RUN,0,0.3058334065376697,0.5660160999977961,,,,21.59175987322026,3456,,,,,
2003,gaussian_stronger,True,1.0,20dB_calibration,A23_compressed_feedback,REJECTED_PHYSICAL,0.5567493868572768,0.6242586566111442,0.4663478672442445,3.0381029394649106,0.6134334730216668,0.9761243571150576,0.5154929577464789,0.4481528273719895,0.7719589548734412,,REJECTED,0,0.28526760882794006,0.43018220004159957,,,,21.59175987322026,3456,,,,0.00104160001501441,
2014,asymmetric_piecewise,True,0.15,zero,homogeneous_born,OK,0.2576512041644538,0.9572945889303515,0.27389922834292896,0.05879694841755313,0.05484630176683514,0.9974519745970791,,0.39689641347328064,0.0,,NOT_RUN,0,0.1340774322631081,0.009546599991153926,0.012422100000549108,0.0,0.0,21.613123916131368,3456,0.00010850001126527786,0.03979860001709312,"full shared export charged to each independent deployment, not summed in actual ledger",,
2014,asymmetric_piecewise,True,0.15,zero,born_BP,OK,0.2642196937155384,0.9816995961768354,0.28091424015137867,0.05918939693771359,0.05624453843038724,0.9992030017678453,,0.4055611576094043,0.0,,NOT_RUN,0,0.3092747702565784,0.012241600023116916,0.012459699995815754,0.0,0.0,21.613123916131368,3456,0.00010850001126527786,0.03979860001709312,"full shared export charged to each independent deployment, not summed in actual ledger",,
2014,asymmetric_piecewise,True,0.15,zero,dressed_linear_chi,OK,0.25693260752848895,0.9546246667250059,0.2729631021113198,0.06421093819427409,0.054693333850102235,0.9971181439501914,,0.3972563171984075,0.0,,NOT_RUN,0,0.017639435520664593,0.01242320000892505,0.011442699993494898,0.0,0.0,21.613123916131368,3456,0.00010850001126527786,0.03979860001709312,"full shared export charged to each independent deployment, not summed in actual ledger",,
2014,asymmetric_piecewise,True,0.15,zero,linear_a_exact_conversion,OK,0.2568865321699125,0.954453475243129,0.2729073711221969,0.06440910524419304,0.05468352577243889,0.9970830661727287,,0.3972717497677683,0.0,,NOT_RUN,0,0.017766239795714508,0.01032379997195676,0.012222799996379763,0.0,0.0,21.613123916131368,3456,0.00010850001126527786,0.03979860001709312,"full shared export charged to each independent deployment, not summed in actual ledger",,
2014,asymmetric_piecewise,True,0.15,zero,vanilla_IBS2,OK,0.2569211924715701,0.9545822544558445,0.27294023736116785,0.06453979733818738,0.054690903922951346,0.9971136865406209,,0.3973115346357208,0.0,,NOT_RUN,0,0.018027787724272725,0.39960469998186454,0.4235012999852188,0.0,0.0,21.613123916131368,3456,0.00010850001126527786,0.03979860001709312,"full shared export charged to each independent deployment, not summed in actual ledger",,
2014,asymmetric_piecewise,True,0.15,zero,A23_compressed_feedback,OK,0.25693854561772833,0.9546467295005939,0.27296604600025554,0.06431655260592914,0.05469459789323139,0.9971205962033016,,0.3972928349502511,0.0,,NOT_RUN,0,0.018026713487093563,0.39284039998892695,0.4002256999956444,0.0,0.0,21.613123916131368,3456,0.00010850001126527786,0.03979860001709312,"full shared export charged to each independent deployment, not summed in actual ledger",,
2014,asymmetric_piecewise,True,0.15,zero,generic_randomized_linear,OK,0.25997242590077196,0.9659190120728358,0.2758125704627629,0.07582584923302253,0.055340421048096416,0.9981340182573122,,0.39789768458359,0.0,,NOT_RUN,0,0.043322136471894895,0.009802100015804172,0.011622700025327504,0.0,0.0,21.613123916131368,3456,0.00010850001126527786,0.03979860001709312,"full shared export charged to each independent deployment, not summed in actual ledger",,
2014,asymmetric_piecewise,True,0.15,zero,current_BP_ratio,OK,0.2646488339477836,0.9832940526186477,0.28145226567598886,0.056386645886120225,0.05633588966142201,0.9993254042232439,,0.4082180240498477,0.0,,NOT_RUN,0,0.36959546078405237,0.39476219995412976,0.4005839000456035,0.0,0.0,21.613123916131368,3456,0.00010850001126527786,0.03979860001709312,"full shared export charged to each independent deployment, not summed in actual ledger",,
2014,asymmetric_piecewise,True,0.15,20dB_nominal_difference,homogeneous_born,OK,0.262354671110763,0.9747701659280069,0.2769370468457539,0.10738395869392496,0.055847530417499444,1.0008385905250379,,0.399258838053246,0.0,,NOT_RUN,0,0.4519089884767489,0.010329100012313575,0.011822200031019747,0.00019774975688212788,0.02755859294049967,21.613123916131368,3456,0.0001012999564409256,0.03994999994756654,"full shared export charged to each independent deployment, not summed in actual ledger",,
2014,asymmetric_piecewise,True,0.15,20dB_nominal_difference,born_BP,OK,0.2641506064270775,0.9814429046250844,0.2808172756723251,0.05998141500362074,0.0562298317951768,0.9991804714461741,,0.40524633688423745,0.0,,NOT_RUN,0,0.5234493135806155,0.013134100008755922,0.012203699967358261,0.00019774975688212788,0.02755859294049967,21.613123916131368,3456,0.0001012999564409256,0.03994999994756654,"full shared export charged to each independent deployment, not summed in actual ledger",,
2014,asymmetric_piecewise,True,0.15,20dB_nominal_difference,dressed_linear_chi,OK,0.26228028949755927,0.9744938034865165,0.276250228356419,0.11822108262287748,0.05583169677753294,1.001061948891367,,0.400833521079455,0.0,,NOT_RUN,0,0.4347833677842047,0.012398799997754395,0.012502499972470105,0.00019774975688212788,0.02755859294049967,21.613123916131368,3456,0.0001012999564409256,0.03994999994756654,"full shared export charged to each independent deployment, not summed in actual ledger",,
2014,asymmetric_piecewise,True,0.15,20dB_nominal_difference,linear_a_exact_conversion,OK,0.2622487631860589,0.9743766685113234,0.27620466733924903,0.11841703962491561,0.0558249857605992,1.0010297459007573,,0.40097478370700845,0.0,,NOT_RUN,0,0.4347927393464158,0.009692299994640052,0.012934200000017881,0.00019774975688212788,0.02755859294049967,21.613123916131368,3456,0.0001012999564409256,0.03994999994756654,"full shared export charged to each independent deployment, not summed in actual ledger",,
2014,asymmetric_piecewise,True,0.15,20dB_nominal_difference,vanilla_IBS2,OK,0.26223402560348813,0.9743219115071998,0.27619535158778724,0.11830486679868749,0.05582184856625303,1.0010345262732383,,0.4009050422588423,0.0,,NOT_RUN,0,0.434810041399499,0.5816567000001669,0.37261510000098497,0.00019774975688212788,0.02755859294049967,21.613123916131368,3456,0.0001012999564409256,0.03994999994756654,"full shared export charged to each independent deployment, not summed in actual ledger",,
2014,asymmetric_piecewise,True,0.15,20dB_nominal_difference,A23_compressed_feedback,OK,0.2622908850719752,0.9745331709953463,0.2762527588908533,0.11837268491357433,0.05583395226115737,1.001067195223987,,0.4008850729923948,0.0,,NOT_RUN,0,0.43480092790915814,0.3798867000150494,0.40032229997450486,0.00019774975688212788,0.02755859294049967,21.613123916131368,3456,0.0001012999564409256,0.03994999994756654,"full shared export charged to each independent deployment, not summed in actual ledger",,
2014,asymmetric_piecewise,True,0.15,20dB_nominal_difference,generic_randomized_linear,OK,0.2603523816347546,0.967330725126358,0.27592674845859466,0.08323893205939739,0.055421302357817566,0.9983775110061087,,0.3979127603684872,0.0,,NOT_RUN,0,0.4390564383575987,0.012583100004121661,0.011442000046372414,0.00019774975688212788,0.02755859294049967,21.613123916131368,3456,0.0001012999564409256,0.03994999994756654,"full shared export charged to each independent deployment, not summed in actual ledger",,
2014,asymmetric_piecewise,True,0.15,20dB_nominal_difference,current_BP_ratio,OK,0.26457896738355485,0.9830344656933692,0.2813475199667999,0.05746819512211505,0.05632101714150684,0.9993069667843677,,0.4079604561749278,0.0,,NOT_RUN,0,0.5534163640571617,0.3866608999669552,0.4029918999876827,0.00019774975688212788,0.02755859294049967,21.613123916131368,3456,0.0001012999564409256,0.03994999994756654,"full shared export charged to each independent deployment, not summed in actual ledger",,
2014,asymmetric_piecewise,True,0.5,zero,homogeneous_born,OK,0.6281587901655361,0.9602318570749523,0.6485020264140833,0.1788437125487281,0.18338195580285485,0.9976018921688508,0.0,0.7322367138223239,0.0,,NOT_RUN,0,0.13695965854592862,0.011747799988370389,0.010898200038354844,0.0,0.0,21.613123916131368,3456,9.730004239827394e-05,0.03150900005130097,"full shared export charged to each independent deployment, not summed in actual ledger",,
2014,asymmetric_piecewise,True,0.5,zero,born_BP,OK,0.6428005948413225,0.9826139800586234,0.6636765205503375,0.18002594577077116,0.18765642082661343,0.9992833737810328,0.0,0.748794444381274,0.0,,NOT_RUN,0,0.308043606194298,0.01342909998493269,0.01180099998600781,0.0,0.0,21.613123916131368,3456,9.730004239827394e-05,0.03150900005130097,"full shared export charged to each independent deployment, not summed in actual ledger",,
2014,asymmetric_piecewise,True,0.5,zero,dressed_linear_chi,OK,0.6261901325633391,0.9572224782763142,0.6461830962250844,0.19223879695433604,0.18280723443136548,0.9972459386392536,0.0,0.7316534539044812,0.0,,NOT_RUN,0,0.030933437391924046,0.011693599983118474,0.011302400031127036,0.0,0.0,21.613123916131368,3456,9.730004239827394e-05,0.03150900005130097,"full shared export charged to each independent deployment, not summed in actual ledger",,
2014,asymmetric_piecewise,True,0.5,zero,linear_a_exact_conversion,OK,0.625851599798775,0.9567049818243224,0.6457989402779469,0.19376176072141263,0.182708404642718,0.9971520478895888,0.0,0.7315556269657264,0.0,,NOT_RUN,0,0.03307709230063279,0.013871200033463538,0.010645499976817518,0.0,0.0,21.613123916131368,3456,9.730004239827394e-05,0.03150900005130097,"full shared export charged to each independent deployment, not summed in actual ledger",,
2014,asymmetric_piecewise,True,0.5,zero,vanilla_IBS2,OK,0.6260855901590806,0.9570626700422247,0.6460137710802454,0.1950688279018539,0.1827767147747796,0.9972287836889492,0.0,0.7318242003841532,0.0,,NOT_RUN,0,0.03334823283839956,0.5698805999709293,0.4456750000244938,0.0,0.0,21.613123916131368,3456,9.730004239827394e-05,0.03150900005130097,"full shared export charged to each independent deployment, not summed in actual ledger",,
2014,asymmetric_piecewise,True,0.5,zero,A23_compressed_feedback,OK,0.6262113112515919,0.957254852974352,0.6461823677133248,0.19330219967219706,0.1828134172458607,0.9972516586118747,0.0,0.7317948459323433,0.0,,NOT_RUN,0,0.03295431259945585,0.395035800000187,0.3962908000103198,0.0,0.0,21.613123916131368,3456,9.730004239827394e-05,0.03150900005130097,"full shared export charged to each independent deployment, not summed in actual ledger",,
2014,asymmetric_piecewise,True,0.5,zero,generic_randomized_linear,OK,0.6326619591804973,0.9671156043274888,0.6522328332051662,0.2217645947278479,0.18469659145581896,0.9981865348275866,0.0,0.7338011207425327,0.0,,NOT_RUN,0,0.05056682835658956,0.009853299998212606,0.01047640002798289,0.0,0.0,21.613123916131368,3456,9.730004239827394e-05,0.03150900005130097,"full shared export charged to each independent deployment, not summed in actual ledger",,
2014,asymmetric_piecewise,True,0.5,zero,current_BP_ratio,OK,0.6439729894689181,0.9844061553622345,0.6650196017907428,0.17339383346767934,0.18799868463498043,0.9993949852889624,0.0,0.753373500178531,0.0,,NOT_RUN,0,0.3679944817289563,0.40132060000905767,0.3969642000156455,0.0,0.0,21.613123916131368,3456,9.730004239827394e-05,0.03150900005130097,"full shared export charged to each independent deployment, not summed in actual ledger",,
2014,asymmetric_piecewise,True,0.5,20dB_nominal_difference,homogeneous_born,OK,0.6294012679967301,0.9621311647243885,0.6481696842386796,0.2477472738232116,0.18374467939805603,0.9979853297590922,0.0,0.7323478044674512,0.0,,NOT_RUN,0,0.21312740034798566,0.00999930000398308,0.012228499981574714,0.00019774975688212788,0.02755859294049967,21.613123916131368,3456,0.0001023999648168683,0.021681800018996,"full shared export charged to each independent deployment, not summed in actual ledger",,
2014,asymmetric_piecewise,True,0.5,20dB_nominal_difference,born_BP,OK,0.6428224596510694,0.9826474035929218,0.6636974666026281,0.1801158861676159,0.18766280394444515,0.9992867834857784,0.0,0.748775068900309,0.0,,NOT_RUN,0,0.3427343474792467,0.013729300000704825,0.012564500037115067,0.00019774975688212788,0.02755859294049967,21.613123916131368,3456,0.0001023999648168683,0.021681800018996,"full shared export charged to each independent deployment, not summed in actual ledger",,
2014,asymmetric_piecewise,True,0.5,20dB_nominal_difference,dressed_linear_chi,REJECTED_PHYSICAL,0.6273193253358649,0.9589486132758297,0.6458388370433158,0.2536590278042098,0.18313688607732853,0.9976435521613862,0.0,0.7315041646713091,0.0018505375406530217,,NOT_RUN,0,0.16778370139217594,0.012114299985114485,0.011939699994400144,0.00019774975688212788,0.02755859294049967,21.613123916131368,3456,0.0001023999648168683,0.021681800018996,"full shared export charged to each independent deployment, not summed in actual ledger",,
2014,asymmetric_piecewise,True,0.5,20dB_nominal_difference,linear_a_exact_conversion,REJECTED_PHYSICAL,0.6269854041365518,0.9584381662704656,0.6454441003606322,0.25532890299649863,0.18303940256906157,0.997549885740758,0.0,0.7314111233186966,0.002066819029205693,,NOT_RUN,0,0.16815231432238126,0.010248999984469265,0.005732199992053211,0.00019774975688212788,0.02755859294049967,21.613123916131368,3456,0.0001023999648168683,0.021681800018996,"full shared export charged to each independent deployment, not summed in actual ledger",,
2014,asymmetric_piecewise,True,0.5,20dB_nominal_difference,vanilla_IBS2,REJECTED_PHYSICAL,0.6271980073781797,0.9587631611741821,0.6456664424851162,0.2552926408197942,0.18310146903835267,0.9976251170698892,0.0,0.7316534810108964,0.0022482991153147114,,NOT_RUN,0,0.1682095656637899,0.5558044000063092,0.44369069999083877,0.00019774975688212788,0.02755859294049967,21.613123916131368,3456,0.0001023999648168683,0.021681800018996,"full shared export charged to each independent deployment, not summed in actual ledger",,
2014,asymmetric_piecewise,True,0.5,20dB_nominal_difference,A23_compressed_feedback,REJECTED_PHYSICAL,0.627298234652592,0.9589163731061734,0.6458111859017198,0.2538614834691549,0.1831307289546259,0.9976430415397071,0.0,0.7316269438368804,0.0012509497236459222,,NOT_RUN,0,0.16814011929251915,0.39444050000747666,0.4026686000288464,0.00019774975688212788,0.02755859294049967,21.613123916131368,3456,0.0001023999648168683,0.021681800018996,"full shared export charged to each independent deployment, not summed in actual ledger",,
2014,asymmetric_piecewise,True,0.5,20dB_nominal_difference,generic_randomized_linear,OK,0.6329733883668468,0.9675916690274301,0.6527370026788162,0.21422203231823292,0.18478750874326438,0.9983270454233809,0.0,0.7335708416172271,0.0,,NOT_RUN,0,0.17481927262554098,0.009414800035301596,0.01043349999235943,0.00019774975688212788,0.02755859294049967,21.613123916131368,3456,0.0001023999648168683,0.021681800018996,"full shared export charged to each independent deployment, not summed in actual ledger",,
2014,asymmetric_piecewise,True,0.5,20dB_nominal_difference,current_BP_ratio,OK,0.6439771275550257,0.9844124810272893,0.6650206707583346,0.1735664447867345,0.18799989268991107,0.9993967292343746,0.0,0.7533350749500829,0.0,,NOT_RUN,0,0.3957999166203447,0.38963170000351965,0.40061459998833016,0.00019774975688212788,0.02755859294049967,21.613123916131368,3456,0.0001023999648168683,0.021681800018996,"full shared export charged to each independent deployment, not summed in actual ledger",,
2014,asymmetric_piecewise,True,1.0,zero,homogeneous_born,OK,0.814721133387879,0.9639987020811137,0.8253867065875455,0.32195759980040556,0.36820267121224953,0.9978247825432269,0.0,0.8473247843290842,0.0,,NOT_RUN,0,0.1418758002594702,0.011023899947758764,0.011684799974318594,0.0,0.0,21.613123916131368,3456,9.700004011392593e-05,0.03147340001305565,"full shared export charged to each independent deployment, not summed in actual ledger",,
2014,asymmetric_piecewise,True,1.0,zero,born_BP,OK,0.8315324706567241,0.9838903025849869,0.8425043516561318,0.32144435101993973,0.37580033749997527,0.9993691521698055,0.0,0.8661803246750921,0.0,,NOT_RUN,0,0.3078129431374153,0.01381890004267916,0.011670000036247075,0.0,0.0,21.613123916131368,3456,9.700004011392593e-05,0.03147340001305565,"full shared export charged to each independent deployment, not summed in actual ledger",,
2014,asymmetric_piecewise,True,1.0,zero,dressed_linear_chi,OK,0.8120583230106437,0.9608479973278581,0.8224333513020234,0.34124608957800284,0.3669992485272964,0.9974714480484284,0.0,0.8455542940525348,0.0,,NOT_RUN,0,0.04680229896707022,0.010011999984271824,0.011666600010357797,0.0,0.0,21.613123916131368,3456,9.700004011392593e-05,0.03147340001305565,"full shared export charged to each independent deployment, not summed in actual ledger",,
2014,asymmetric_piecewise,True,1.0,zero,linear_a_exact_conversion,OK,0.8113179604595834,0.9599719815857307,0.8216303252351306,0.34501624098209277,0.36666465125493597,0.9973280166329059,0.0,0.8450881536576385,0.0,,NOT_RUN,0,0.05156109255850253,0.011998500034678727,0.011026899970602244,0.0,0.0,21.613123916131368,3456,9.700004011392593e-05,0.03147340001305565,"full shared export charged to each independent deployment, not summed in actual ledger",,
2014,asymmetric_piecewise,True,1.0,zero,vanilla_IBS2,OK,0.8117853074260282,0.9605249583658971,0.8220528343971435,0.3490653678441221,0.36687586266749916,0.9974353277829473,0.0,0.8456806966632253,0.0,,NOT_RUN,0,0.05170538174268946,0.555021200038027,0.45218650001334026,0.0,0.0,21.613123916131368,3456,9.700004011392593e-05,0.03147340001305565,"full shared export charged to each independent deployment, not summed in actual ledger",,
2014,asymmetric_piecewise,True,1.0,zero,A23_compressed_feedback,OK,0.8120629620925219,0.9608534864071592,0.8223940517149955,0.3446265774679209,0.3670013451003071,0.997477522120914,0.0,0.8457321997281211,0.0,,NOT_RUN,0,0.05078468879666938,0.3431581000331789,0.38748129998566583,0.0,0.0,21.613123916131368,3456,9.700004011392593e-05,0.03147340001305565,"full shared export charged to each independent deployment, not summed in actual ledger",,
2014,asymmetric_piecewise,True,1.0,zero,generic_randomized_linear,OK,0.8191465524228129,0.9692349700886729,0.8291065463033725,0.3812398451957352,0.370202682066418,0.9982996082469447,0.0,0.8487838544578857,0.0,,NOT_RUN,0,0.0620141166210884,0.010560300026554614,0.011711200000718236,0.0,0.0,21.613123916131368,3456,9.700004011392593e-05,0.03147340001305565,"full shared export charged to each independent deployment, not summed in actual ledger",,
2014,asymmetric_piecewise,True,1.0,zero,current_BP_ratio,OK,0.8331164194374583,0.9857644709429884,0.8442114295560172,0.31335920765786945,0.3765161826502103,0.9994680855629684,0.0,0.871004170888089,0.0,,NOT_RUN,0,0.36723178327294614,0.3804187999921851,0.4054747999762185,0.0,0.0,21.613123916131368,3456,9.700004011392593e-05,0.03147340001305565,"full shared export charged to each independent deployment, not summed in actual ledger",,
2014,asymmetric_piecewise,True,1.0,20dB_nominal_difference,homogeneous_born,OK,0.8150237189158541,0.9643567289497964,0.8255455133189903,0.3339836558514687,0.36833942082522114,0.997911787618901,0.0,0.8467071886763476,0.0,,NOT_RUN,0,0.17221807304084832,0.009593199996743351,0.012259599985554814,0.00019774975688212788,0.02755859294049967,21.613123916131368,3456,0.00010389997623860836,0.031281800009310246,"full shared export charged to each independent deployment, not summed in actual ledger",,
2014,asymmetric_piecewise,True,1.0,20dB_nominal_difference,born_BP,OK,0.8315366997757166,0.9838953065858072,0.8425150038457441,0.3209111724713445,0.375802248795566,0.9993703096743035,0.0,0.8661889333419576,0.0,,NOT_RUN,0,0.3223508428217895,0.01237129996297881,0.012725599983241409,0.00019774975688212788,0.02755859294049967,21.613123916131368,3456,0.00010389997623860836,0.031281800009310246,"full shared export charged to each independent deployment, not summed in actual ledger",,
2014,asymmetric_piecewise,True,1.0,20dB_nominal_difference,dressed_linear_chi,REJECTED_PHYSICAL,0.8124100195756078,0.9612641336207046,0.8227217469212784,0.3465859206424325,0.36715819323778576,0.9975441279876893,0.0,0.8446425510757493,0.0004231404946696063,,REJECTED,0,0.10908274321723696,0.012514800007920712,0.011713000014424324,0.00019774975688212788,0.02755859294049967,21.613123916131368,3456,0.00010389997623860836,0.031281800009310246,"full shared export charged to each independent deployment, not summed in actual ledger",0.0016041999915614724,"{'full_forward_calls': 0, 'full_forward_RHS': 0, 'full_LU_factorizations': 0, 'full_state_backward_residual_L_rhs': 0, 'full_state_receiver_rhs': 0, 'full_state_Goff_rhs': 0, 'material_operator_refreshes': 0, 'L_upload_bytes': 0, 'S_adjoint_rhs': 0, 'solve_adjoint_rhs': 0, 'L_adjoint_residual_audit_rhs': 0, 'B_adjoint_rhs': 0, 'decoder_prepare_compact_SVD': 0, 'decoder_matrix_bytes': 0, 'cache_read_bytes': 0, 'solve_forward_rhs': 0, 'G_rhs': 0, 'S_rhs': 0, 'clean_label_full_state_calls': 0, 'cache_write_bytes': 0, 'candidate_feasibility_checks': 0, 'S_actions': 0, 'S_adjoint_actions': 0}"
2014,asymmetric_piecewise,True,1.0,20dB_nominal_difference,linear_a_exact_conversion,OK,0.8116573325537729,0.9603735352522729,0.8219124687790832,0.3498216849176208,0.3668180260803758,0.9973946115765645,0.0,0.844099313472603,0.0,,NOT_RUN,0,0.11128210933264591,0.011139700014609843,0.01309000002220273,0.00019774975688212788,0.02755859294049967,21.613123916131368,3456,0.00010389997623860836,0.031281800009310246,"full shared export charged to each independent deployment, not summed in actual ledger",,
2014,asymmetric_piecewise,True,1.0,20dB_nominal_difference,vanilla_IBS2,REJECTED_PHYSICAL,0.8120951809425594,0.9608916085674246,0.8223178223247962,0.35285955214057485,0.3670159059925695,0.9975012784169067,0.0,0.844765853515257,0.0004655921603618565,,REJECTED,0,0.11133292058064806,0.5728373999590985,0.4426900999969803,0.00019774975688212788,0.02755859294049967,21.613123916131368,3456,0.00010389997623860836,0.031281800009310246,"full shared export charged to each independent deployment, not summed in actual ledger",0.0012871000217273831,"{'full_forward_calls': 0, 'full_forward_RHS': 0, 'full_LU_factorizations': 0, 'full_state_backward_residual_L_rhs': 0, 'full_state_receiver_rhs': 0, 'full_state_Goff_rhs': 0, 'material_operator_refreshes': 0, 'L_upload_bytes': 0, 'S_adjoint_rhs': 0, 'solve_adjoint_rhs': 0, 'L_adjoint_residual_audit_rhs': 0, 'B_adjoint_rhs': 0, 'decoder_prepare_compact_SVD': 0, 'decoder_matrix_bytes': 0, 'cache_read_bytes': 0, 'solve_forward_rhs': 0, 'G_rhs': 0, 'S_rhs': 0, 'clean_label_full_state_calls': 0, 'cache_write_bytes': 0, 'candidate_feasibility_checks': 0, 'S_actions': 0, 'S_adjoint_actions': 0}"
2014,asymmetric_piecewise,True,1.0,20dB_nominal_difference,A23_compressed_feedback,OK,0.8123703709912041,0.961217220410358,0.8226569324076846,0.3484385070188801,0.3671402745732404,0.9975431506600685,0.0,0.8448179276349971,0.0,0.10936368555285997,RUN,0,0.11089727973949155,0.3945086000021547,0.39652730000671,0.00019774975688212788,0.02755859294049967,21.613123916131368,3456,0.00010389997623860836,0.031281800009310246,"full shared export charged to each independent deployment, not summed in actual ledger",4.057940900034737,"{'full_forward_calls': 1, 'full_forward_RHS': 6, 'full_LU_factorizations': 1, 'full_state_backward_residual_L_rhs': 6, 'full_state_receiver_rhs': 6, 'full_state_Goff_rhs': 6, 'material_operator_refreshes': 1, 'L_upload_bytes': 429981696, 'S_adjoint_rhs': 0, 'solve_adjoint_rhs': 0, 'L_adjoint_residual_audit_rhs': 0, 'B_adjoint_rhs': 0, 'decoder_prepare_compact_SVD': 0, 'decoder_matrix_bytes': 0, 'cache_read_bytes': 0, 'solve_forward_rhs': 0, 'G_rhs': 0, 'S_rhs': 0, 'clean_label_full_state_calls': 0, 'cache_write_bytes': 0, 'candidate_feasibility_checks': 0, 'S_actions': 0, 'S_adjoint_actions': 0, 'primary_prediction_full_state_calls': 1}"
2014,asymmetric_piecewise,True,1.0,20dB_nominal_difference,generic_randomized_linear,OK,0.8189388466709264,0.9689892073767119,0.8289259463742867,0.3790741273983136,0.3701088121402106,0.9982803636149302,0.0,0.8483581158978488,0.0,,NOT_RUN,0,0.11680490375372721,0.010120299994014204,0.010185900027863681,0.00019774975688212788,0.02755859294049967,21.613123916131368,3456,0.00010389997623860836,0.031281800009310246,"full shared export charged to each independent deployment, not summed in actual ledger",,
2014,asymmetric_piecewise,True,1.0,20dB_nominal_difference,current_BP_ratio,OK,0.833114520977473,0.9857622246369987,0.8442144982753188,0.3129275273462567,0.3765153246657919,0.9994685684637673,0.0,0.8709971831939217,0.0,,NOT_RUN,0,0.37881555825250185,0.4039585999562405,0.40852980001363903,0.00019774975688212788,0.02755859294049967,21.613123916131368,3456,0.00010389997623860836,0.031281800009310246,"full shared export charged to each independent deployment, not summed in actual ledger",,
2014,asymmetric_piecewise,True,1.0,20dB_calibration,dressed_linear_chi,REJECTED_PHYSICAL,0.8257118902931305,0.9770032443193807,0.8298810621267755,0.6788110649320352,0.37316980154104074,1.0003338142600269,0.0,0.8489421509550322,0.07753887911493984,,REJECTED,0,0.35601049457747513,0.007821099949069321,,,,21.613123916131368,3456,,,,0.0018703999812714756,
2014,asymmetric_piecewise,True,1.0,20dB_calibration,vanilla_IBS2,REJECTED_PHYSICAL,0.8244334860133534,0.9754906039619183,0.8289552360143663,0.6635534768514378,0.37259204327331824,1.000062996067933,0.0,0.8488708049373683,0.07766456116007117,,NOT_RUN,0,0.35681816191040683,0.3482539000106044,,,,21.613123916131368,3456,,,,,
2014,asymmetric_piecewise,True,1.0,20dB_calibration,A23_compressed_feedback,REJECTED_PHYSICAL,0.8246826094357498,0.9757853731117615,0.8291763441816252,0.664928231644548,0.3727046313796393,1.000137735515173,0.0,0.8488356774367218,0.077633747156549,,REJECTED,0,0.3567074962516056,0.34817900002235547,,,,21.613123916131368,3456,,,,0.0009945999481715262,
2009,nested_shell,True,0.15,zero,homogeneous_born,OK,0.32506724042967183,0.8138353219295091,0.3364139004845006,0.19228963671335933,0.07762934744688617,0.9706103601462857,,0.5153933697092277,0.0,,NOT_RUN,0,0.13980860076251186,0.011162100010551512,0.011761799978557974,0.0,0.0,21.59777616917081,3456,9.90999978967011e-05,0.038485300028696656,"full shared export charged to each independent deployment, not summed in actual ledger",,
2009,nested_shell,True,0.15,zero,born_BP,OK,0.37078368399640155,0.9282905851495847,0.38635610485238026,0.17196083101311846,0.08854689692676196,0.9888943918581435,,0.622600902085861,0.0,,NOT_RUN,0,0.31275258920140847,0.012945499969646335,0.012864499993156642,0.0,0.0,21.59777616917081,3456,9.90999978967011e-05,0.038485300028696656,"full shared export charged to each independent deployment, not summed in actual ledger",,
2009,nested_shell,True,0.15,zero,dressed_linear_chi,OK,0.31769040330693354,0.7953667410701465,0.3278508086343034,0.2022318391728639,0.07586768407132362,0.9655052383455063,,0.49235911249040976,0.0,,NOT_RUN,0,0.015841389439721604,0.010196699993684888,0.012182800041045994,0.0,0.0,21.59777616917081,3456,9.90999978967011e-05,0.038485300028696656,"full shared export charged to each independent deployment, not summed in actual ledger",,
2009,nested_shell,True,0.15,zero,linear_a_exact_conversion,OK,0.31625260275616407,0.7917670769743145,0.32609489464254243,0.20531291204749538,0.07552432274593299,0.9635460111327855,,0.4875950087054553,0.0,,NOT_RUN,0,0.022141207497106286,0.01283359999069944,0.0118219000287354,0.0,0.0,21.59777616917081,3456,9.90999978967011e-05,0.038485300028696656,"full shared export charged to each independent deployment, not summed in actual ledger",,
2009,nested_shell,True,0.15,zero,vanilla_IBS2,OK,0.3172087170201169,0.7941607957593169,0.32708904957027396,0.20581315796160243,0.07575265251025254,0.9653211317673874,,0.49055366949107126,0.0,,NOT_RUN,0,0.021531936918140288,0.4390568000380881,0.3965153999743052,0.0,0.0,21.59777616917081,3456,9.90999978967011e-05,0.038485300028696656,"full shared export charged to each independent deployment, not summed in actual ledger",,
2009,nested_shell,True,0.15,zero,A23_compressed_feedback,OK,0.3176260878433195,0.7952057214731973,0.32767868619487117,0.2037536554600499,0.07585232488759135,0.9655844402702699,,0.4917579757710217,0.0,,NOT_RUN,0,0.020712062410280674,0.3612911000382155,0.4026680999668315,0.0,0.0,21.59777616917081,3456,9.90999978967011e-05,0.038485300028696656,"full shared export charged to each independent deployment, not summed in actual ledger",,
2009,nested_shell,True,0.15,zero,generic_randomized_linear,REJECTED_PHYSICAL,0.3388799316071021,0.8484166471846725,0.3466580698568124,0.2569780293955839,0.08092795791643688,0.9742931592163995,,0.5311767797843348,0.0019214019885928357,,NOT_RUN,0,0.058056693232288126,0.01242640003329143,0.012981200008653104,0.0,0.0,21.59777616917081,3456,9.90999978967011e-05,0.038485300028696656,"full shared export charged to each independent deployment, not summed in actual ledger",,
2009,nested_shell,True,0.15,zero,current_BP_ratio,OK,0.3732634313379722,0.9344988575469001,0.3899154874752683,0.15170296582380619,0.08913908569270723,0.9907987509870704,,0.637302736653255,0.0,,NOT_RUN,0,0.37364772005003033,0.4112050000112504,0.40550559997791424,0.0,0.0,21.59777616917081,3456,9.90999978967011e-05,0.038485300028696656,"full shared export charged to each independent deployment, not summed in actual ledger",,
2009,nested_shell,True,0.15,20dB_nominal_difference,homogeneous_born,REJECTED_PHYSICAL,0.3609152346340915,0.9035840270445449,0.35234654386513653,0.4315043537211941,0.08619021132751127,1.0225760096581376,,0.510665579738844,0.019300136211753964,,NOT_RUN,0,0.48883389786933634,0.011653200024738908,0.011076299997512251,0.0007244702937472911,0.10093919823674168,21.59777616917081,3456,0.00010259996633976698,0.03647389996331185,"full shared export charged to each independent deployment, not summed in actual ledger",,
2009,nested_shell,True,0.15,20dB_nominal_difference,born_BP,OK,0.3707774764982879,0.9282750441150006,0.386093952271259,0.1771359074204378,0.08854541451337819,0.988797107170333,,0.6213176877348426,0.0,,NOT_RUN,0,0.5489711786648619,0.01016840001102537,0.012302700022701174,0.0007244702937472911,0.10093919823674168,21.59777616917081,3456,0.00010259996633976698,0.03647389996331185,"full shared export charged to each independent deployment, not summed in actual ledger",,
2009,nested_shell,True,0.15,20dB_nominal_difference,dressed_linear_chi,REJECTED_PHYSICAL,0.363348554629614,0.909676064369795,0.35205553398495654,0.4538327371272003,0.08677131277326813,1.0326301482628557,,0.500688655920009,0.03972058263722202,,NOT_RUN,0,0.4731925689590267,0.01257890003034845,0.011835600016638637,0.0007244702937472911,0.10093919823674168,21.59777616917081,3456,0.00010259996633976698,0.03647389996331185,"full shared export charged to each independent deployment, not summed in actual ledger",,
2009,nested_shell,True,0.15,20dB_nominal_difference,linear_a_exact_conversion,REJECTED_PHYSICAL,0.3620973636071143,0.9065435941545698,0.3505420133396323,0.4544025931373833,0.08647251569214832,1.0307199114886825,,0.49627756064285,0.038635236624438206,,NOT_RUN,0,0.4733483867490163,0.012318300025071949,0.011725799995474517,0.0007244702937472911,0.10093919823674168,21.59777616917081,3456,0.00010259996633976698,0.03647389996331185,"full shared export charged to each independent deployment, not summed in actual ledger",,
2009,nested_shell,True,0.15,20dB_nominal_difference,vanilla_IBS2,REJECTED_PHYSICAL,0.3620624213524585,0.9064561130505706,0.3508179647863904,0.4521653241157979,0.08646417112804008,1.0319497852298778,,0.49812797264131115,0.038396382788292514,,NOT_RUN,0,0.4733597618770726,0.5638799999724142,0.4455858999863267,0.0007244702937472911,0.10093919823674168,21.59777616917081,3456,0.00010259996633976698,0.03647389996331185,"full shared export charged to each independent deployment, not summed in actual ledger",,
2009,nested_shell,True,0.15,20dB_nominal_difference,A23_compressed_feedback,REJECTED_PHYSICAL,0.36325551676005563,0.9094431356242726,0.35180552677383026,0.4548498349379003,0.08674909438825917,1.0329118636582637,,0.5000258632554135,0.039231455457189694,,NOT_RUN,0,0.4733207692739982,0.3993269999627955,0.4051148999715224,0.0007244702937472911,0.10093919823674168,21.59777616917081,3456,0.00010259996633976698,0.03647389996331185,"full shared export charged to each independent deployment, not summed in actual ledger",,
2009,nested_shell,True,0.15,20dB_nominal_difference,generic_randomized_linear,OK,0.34675860232192285,0.8681416139610768,0.35230468316724617,0.2911315096648338,0.0828094642335053,0.9787182707444035,,0.5377614898792475,0.0,,NOT_RUN,0,0.47965691613346484,0.010751700028777122,0.011006399989128113,0.0007244702937472911,0.10093919823674168,21.59777616917081,3456,0.00010259996633976698,0.03647389996331185,"full shared export charged to each independent deployment, not summed in actual ledger",,
2009,nested_shell,True,0.15,20dB_nominal_difference,current_BP_ratio,OK,0.373053750378949,0.9339739022466873,0.3894843643614255,0.15652603618440394,0.08908901175723624,0.9906760748417108,,0.6358936142177838,0.0,,NOT_RUN,0,0.5766539569221077,0.4033501999801956,0.3998972999979742,0.0007244702937472911,0.10093919823674168,21.59777616917081,3456,0.00010259996633976698,0.03647389996331185,"full shared export charged to each independent deployment, not summed in actual ledger",,
2009,nested_shell,True,0.5,zero,homogeneous_born,REJECTED_PHYSICAL,0.6357000952510136,0.8231759473892547,0.6383336392360909,0.56351329036001,0.26173440706364065,0.9711438821932944,0.0,0.6783119240583134,0.025394321639446264,,NOT_RUN,0,0.14147522201679893,0.004958599980454892,0.010164400038775057,0.0,0.0,21.59777616917081,3456,7.120001828297973e-05,0.038100800011307,"full shared export charged to each independent deployment, not summed in actual ledger",,
2009,nested_shell,True,0.5,zero,born_BP,OK,0.7189047688693692,0.9309187124834755,0.7259003831566114,0.5060117446503597,0.2959919541005417,0.9897074119120167,0.0,0.8004834998276862,0.0,,NOT_RUN,0,0.3106925544189469,0.00965989998076111,0.011781400011386722,0.0,0.0,21.59777616917081,3456,7.120001828297973e-05,0.038100800011307,"full shared export charged to each independent deployment, not summed in actual ledger",,
2009,nested_shell,True,0.5,zero,dressed_linear_chi,REJECTED_PHYSICAL,0.619496632209678,0.8021938818843387,0.6216787025607371,0.5602669098472018,0.25506301622512434,0.9651432116176337,0.0,0.6496255367322092,0.02219539874306655,,NOT_RUN,0,0.025958140393535157,0.012866500008385628,0.01038900000276044,0.0,0.0,21.59777616917081,3456,7.120001828297973e-05,0.038100800011307,"full shared export charged to each independent deployment, not summed in actual ledger",,
2009,nested_shell,True,0.5,zero,linear_a_exact_conversion,REJECTED_PHYSICAL,0.6106807881107702,0.790778135886552,0.6115023862113145,0.5890868745762393,0.2514333019223728,0.9591979554764694,0.0,0.632049158350635,0.021092306925760192,,NOT_RUN,0,0.05914399840478429,0.011563199979718775,0.011975599976722151,0.0,0.0,21.59777616917081,3456,7.120001828297973e-05,0.038100800011307,"full shared export charged to each independent deployment, not summed in actual ledger",,
2009,nested_shell,True,0.5,zero,vanilla_IBS2,REJECTED_PHYSICAL,0.6159225271186114,0.7975657288191016,0.6169350936313804,0.589196190386877,0.2535914633910413,0.9642367093997647,0.0,0.6422374251643947,0.024924530357774248,,NOT_RUN,0,0.05342981471412273,0.5465977999847382,0.44136739999521524,0.0,0.0,21.59777616917081,3456,7.120001828297973e-05,0.038100800011307,"full shared export charged to each independent deployment, not summed in actual ledger",,
2009,nested_shell,True,0.5,zero,A23_compressed_feedback,REJECTED_PHYSICAL,0.6187325690929215,0.8012044870664051,0.620402525044454,0.5739690043826798,0.25474843139445114,0.9652535715801616,0.0,0.646866402797233,0.021509478489544466,,NOT_RUN,0,0.04913228350501696,0.38978609995683655,0.39482119999593124,0.0,0.0,21.59777616917081,3456,7.120001828297973e-05,0.038100800011307,"full shared export charged to each independent deployment, not summed in actual ledger",,
2009,nested_shell,True,0.5,zero,generic_randomized_linear,REJECTED_PHYSICAL,0.6575760554920386,0.8515033999584491,0.6544370038477044,0.7339388043510948,0.27074131381952465,0.9741111217016903,0.0,0.694100998619698,0.08707280537371637,,NOT_RUN,0,0.06133406285705741,0.009596800024155527,0.010172899987082928,0.0,0.0,21.59777616917081,3456,7.120001828297973e-05,0.038100800011307,"full shared export charged to each independent deployment, not summed in actual ledger",,
2009,nested_shell,True,0.5,zero,current_BP_ratio,OK,0.7238707852332434,0.937349268740461,0.732410326448809,0.4507007432192037,0.2980365933229941,0.9915775645209104,0.0,0.817082840413902,0.0,,NOT_RUN,0,0.37019203274991436,0.4025911000207998,0.4033422999782488,0.0,0.0,21.59777616917081,3456,7.120001828297973e-05,0.038100800011307,"full shared export charged to each independent deployment, not summed in actual ledger",,
2009,nested_shell,True,0.5,20dB_nominal_difference,homogeneous_born,REJECTED_PHYSICAL,0.6459478522470397,0.8364458951788453,0.6462211814617836,0.6388553159480197,0.2659536774729491,0.9775891253137723,0.0,0.6829175236854844,0.056771989478725436,,NOT_RUN,0,0.21710555006230767,0.01286909996997565,0.011389799998141825,0.0007244702937472911,0.10093919823674168,21.59777616917081,3456,9.869999485090375e-05,0.03556689998367801,"full shared export charged to each independent deployment, not summed in actual ledger",,
2009,nested_shell,True,0.5,20dB_nominal_difference,born_BP,OK,0.7189404588143865,0.9309649278364719,0.7258775645173998,0.5082105160997662,0.29600664858724546,0.9896982360176936,0.0,0.8001797674488053,0.0,,NOT_RUN,0,0.34770058908585455,0.00985849997960031,0.01162630005273968,0.0007244702937472911,0.10093919823674168,21.59777616917081,3456,9.869999485090375e-05,0.03556689998367801,"full shared export charged to each independent deployment, not summed in actual ledger",,
2009,nested_shell,True,0.5,20dB_nominal_difference,dressed_linear_chi,REJECTED_PHYSICAL,0.6338530556213927,0.8207841928365387,0.6336181524990572,0.6398839249326008,0.2609739323902949,0.9744282425027203,0.0,0.656861589524146,0.04473221741142074,,NOT_RUN,0,0.16811695995032697,0.008911800046917051,0.011163399962242693,0.0007244702937472911,0.10093919823674168,21.59777616917081,3456,9.869999485090375e-05,0.03556689998367801,"full shared export charged to each independent deployment, not summed in actual ledger",,
2009,nested_shell,True,0.5,20dB_nominal_difference,linear_a_exact_conversion,REJECTED_PHYSICAL,0.6255737801726213,0.8100632562468597,0.6241327057882917,0.6616703784183138,0.25756513747789983,0.9688317871152163,0.0,0.6404006443290485,0.04394357570052703,,NOT_RUN,0,0.17595202426337286,0.011910500004887581,0.011480099987238646,0.0007244702937472911,0.10093919823674168,21.59777616917081,3456,9.869999485090375e-05,0.03556689998367801,"full shared export charged to each independent deployment, not summed in actual ledger",,
2009,nested_shell,True,0.5,20dB_nominal_difference,vanilla_IBS2,REJECTED_PHYSICAL,0.6297090091270089,0.8154180155706812,0.6284233174858326,0.6620181299733627,0.2592677197278233,0.9729471799882893,0.0,0.6497416844597116,0.05047032267631,,NOT_RUN,0,0.17434070069597743,0.5843175000045449,0.36971590004395694,0.0007244702937472911,0.10093919823674168,21.59777616917081,3456,9.869999485090375e-05,0.03556689998367801,"full shared export charged to each independent deployment, not summed in actual ledger",,
2009,nested_shell,True,0.5,20dB_nominal_difference,A23_compressed_feedback,REJECTED_PHYSICAL,0.6333477921341123,0.820129920872557,0.6323884659552561,0.6576154807176781,0.2607659021567899,0.9744643777619654,0.0,0.6542116831657029,0.048924333746638425,,NOT_RUN,0,0.1730107946659036,0.373425199999474,0.39837319997604936,0.0007244702937472911,0.10093919823674168,21.59777616917081,3456,9.869999485090375e-05,0.03556689998367801,"full shared export charged to each independent deployment, not summed in actual ledger",,
2009,nested_shell,True,0.5,20dB_nominal_difference,generic_randomized_linear,REJECTED_PHYSICAL,0.6584638763530731,0.8526530502162575,0.6540386725049784,0.7638245511922478,0.27110685296035153,0.974602794093381,0.0,0.6929481833430111,0.0925691647127006,,NOT_RUN,0,0.1786975233600889,0.011839899991173297,0.010144200001377612,0.0007244702937472911,0.10093919823674168,21.59777616917081,3456,9.869999485090375e-05,0.03556689998367801,"full shared export charged to each independent deployment, not summed in actual ledger",,
2009,nested_shell,True,0.5,20dB_nominal_difference,current_BP_ratio,OK,0.7237787891962599,0.9372301419297752,0.7322888428701603,0.4518327075468901,0.2979987161410148,0.9915558535195418,0.0,0.8167345162859591,0.0,,NOT_RUN,0,0.40012279180626725,0.4088876000023447,0.40044469997519627,0.0007244702937472911,0.10093919823674168,21.59777616917081,3456,9.869999485090375e-05,0.03556689998367801,"full shared export charged to each independent deployment, not summed in actual ledger",,
2009,nested_shell,True,1.0,zero,homogeneous_born,REJECTED_PHYSICAL,0.7506188318999913,0.8363880206596512,0.7472172298004482,0.9409381407012216,0.5318705517496596,0.9726653398982336,0.0,0.745349383181021,0.07237911410094708,,NOT_RUN,0,0.14533047496911133,0.005737999978009611,0.010217799979727715,0.0,0.0,21.59777616917081,3456,7.150002056732774e-05,0.02905439998721704,"full shared export charged to each independent deployment, not summed in actual ledger",,
2009,nested_shell,True,1.0,zero,born_BP,REJECTED_PHYSICAL,0.8388315542619693,0.9346803377689616,0.8387522339657955,0.8438283763071712,0.5943759770335484,0.9906498236854312,0.0,0.8580931556809468,0.013989431381145792,,NOT_RUN,0,0.3087359734333959,0.009864299965556711,0.01109280000673607,0.0,0.0,21.59777616917081,3456,7.150002056732774e-05,0.02905439998721704,"full shared export charged to each independent deployment, not summed in actual ledger",,
2009,nested_shell,True,1.0,zero,dressed_linear_chi,REJECTED_PHYSICAL,0.7303978665431283,0.813856514025526,0.7277858237928144,0.8798560945624196,0.5175424593221858,0.9661849229417263,0.01639344262295082,0.7162921765295784,0.06483474273299239,,NOT_RUN,0,0.041429107645073966,0.011286199965979904,0.011941000004298985,0.0,0.0,21.59777616917081,3456,7.150002056732774e-05,0.02905439998721704,"full shared export charged to each independent deployment, not summed in actual ledger",,
2009,nested_shell,True,1.0,zero,linear_a_exact_conversion,REJECTED_PHYSICAL,0.7119832835286417,0.7933377953573919,0.7070990616363296,0.972044411322574,0.5044943262193118,0.9558893095931558,0.29508196721311475,0.6853641113869281,0.061334110186830576,,NOT_RUN,0,0.10871859321311214,0.01289439998799935,0.012808099971152842,0.0,0.0,21.59777616917081,3456,7.150002056732774e-05,0.02905439998721704,"full shared export charged to each independent deployment, not summed in actual ledger",,
2009,nested_shell,True,1.0,zero,vanilla_IBS2,REJECTED_PHYSICAL,0.7214076889425368,0.8038390770399597,0.7171976996577403,0.9503244857197409,0.5111722344922935,0.9638995585898424,0.13934426229508196,0.7017176165033449,0.07260916733032383,,NOT_RUN,0,0.09450083144430366,0.5131204000208527,0.4520603999844752,0.0,0.0,21.59777616917081,3456,7.150002056732774e-05,0.02905439998721704,"full shared export charged to each independent deployment, not summed in actual ledger",,
2009,nested_shell,True,1.0,zero,A23_compressed_feedback,REJECTED_PHYSICAL,0.7279282273461475,0.8111046824008413,0.72448568894175,0.9196790286741878,0.5157925320535135,0.9660881528539945,0.06557377049180328,0.710340258568007,0.0674028134082573,,NOT_RUN,0,0.0859072022152797,0.39929219998884946,0.40086500003235415,0.0,0.0,21.59777616917081,3456,7.150002056732774e-05,0.02905439998721704,"full shared export charged to each independent deployment, not summed in actual ledger",,
2009,nested_shell,True,1.0,zero,generic_randomized_linear,REJECTED_PHYSICAL,0.7698490651855685,0.8578155895814634,0.7615044304641788,1.183256871327312,0.5454966351267382,0.9746056840419597,0.0,0.7573435091741846,0.18619984809150159,,NOT_RUN,0,0.06907465375111174,0.009702000010292977,0.011548700043931603,0.0,0.0,21.59777616917081,3456,7.150002056732774e-05,0.02905439998721704,"full shared export charged to each independent deployment, not summed in actual ledger",,
2009,nested_shell,True,1.0,zero,current_BP_ratio,REJECTED_PHYSICAL,0.8443498489608912,0.9408291784115088,0.8456157443346823,0.7600995729171863,0.5982861086762672,0.9924076382758172,0.0,0.8730686818358522,0.01594153270187163,,NOT_RUN,0,0.367848083892621,0.40729970001848415,0.40291760000400245,0.0,0.0,21.59777616917081,3456,7.150002056732774e-05,0.02905439998721704,"full shared export charged to each independent deployment, not summed in actual ledger",,
2009,nested_shell,True,1.0,20dB_nominal_difference,homogeneous_born,REJECTED_PHYSICAL,0.7513636948121621,0.8372179950625,0.745759890509289,1.046256608239021,0.5323983437943534,0.9732803072674798,0.0,0.7433682076082696,0.11379575443182496,,NOT_RUN,0,0.17476148841585584,0.012721700011752546,0.012364700029138476,0.0007244702937472911,0.10093919823674168,21.59777616917081,3456,9.240000508725643e-05,0.023048800008837134,"full shared export charged to each independent deployment, not summed in actual ledger",,
2009,nested_shell,True,1.0,20dB_nominal_difference,born_BP,REJECTED_PHYSICAL,0.8388554297502716,0.934706941381281,0.8387523700190702,0.8453418959117098,0.5943928946335298,0.9906481320155871,0.0,0.8582086731923662,0.01327366994581236,,NOT_RUN,0,0.3240607698132969,0.012495099974330515,0.011403299984522164,0.0007244702937472911,0.10093919823674168,21.59777616917081,3456,9.240000508725643e-05,0.023048800008837134,"full shared export charged to each independent deployment, not summed in actual ledger",,
2009,nested_shell,True,1.0,20dB_nominal_difference,dressed_linear_chi,REJECTED_PHYSICAL,0.7301053538348338,0.8135305774586414,0.7255248014555655,0.9769099142431387,0.5173351918131085,0.9663913101737218,0.06557377049180328,0.7131661082038088,0.08571292663062188,,REJECTED,0,0.10588150369722052,0.009289000008720905,0.010018699977081269,0.0007244702937472911,0.10093919823674168,21.59777616917081,3456,9.240000508725643e-05,0.023048800008837134,"full shared export charged to each independent deployment, not summed in actual ledger",0.0018791999900713563,"{'full_forward_calls': 0, 'full_forward_RHS': 0, 'full_LU_factorizations': 0, 'full_state_backward_residual_L_rhs': 0, 'full_state_receiver_rhs': 0, 'full_state_Goff_rhs': 0, 'material_operator_refreshes': 0, 'L_upload_bytes': 0, 'S_adjoint_rhs': 0, 'solve_adjoint_rhs': 0, 'L_adjoint_residual_audit_rhs': 0, 'B_adjoint_rhs': 0, 'decoder_prepare_compact_SVD': 0, 'decoder_matrix_bytes': 0, 'cache_read_bytes': 0, 'solve_forward_rhs': 0, 'G_rhs': 0, 'S_rhs': 0, 'clean_label_full_state_calls': 0, 'cache_write_bytes': 0, 'candidate_feasibility_checks': 0, 'S_actions': 0, 'S_adjoint_actions': 0, 'primary_prediction_full_state_calls': 0}"
2009,nested_shell,True,1.0,20dB_nominal_difference,linear_a_exact_conversion,REJECTED_PHYSICAL,0.7115689320793753,0.7928760981899599,0.7043954564199335,1.0715111575875274,0.5042007266923965,0.9557919487044934,0.36065573770491804,0.6817482357485378,0.07965543725059544,,NOT_RUN,0,0.14699542685429792,0.010873900027945638,0.012247400009073317,0.0007244702937472911,0.10093919823674168,21.59777616917081,3456,9.240000508725643e-05,0.023048800008837134,"full shared export charged to each independent deployment, not summed in actual ledger",,
2009,nested_shell,True,1.0,20dB_nominal_difference,vanilla_IBS2,REJECTED_PHYSICAL,0.7210171935579918,0.8034039618418376,0.7151629092939983,1.0252426390418552,0.5108955388022748,0.9640092033927815,0.18032786885245902,0.698178006972924,0.09963805734255404,,REJECTED,0,0.1352517317268158,0.5683107000077143,0.4470657000201754,0.0007244702937472911,0.10093919823674168,21.59777616917081,3456,9.240000508725643e-05,0.023048800008837134,"full shared export charged to each independent deployment, not summed in actual ledger",0.002049800008535385,"{'full_forward_calls': 0, 'full_forward_RHS': 0, 'full_LU_factorizations': 0, 'full_state_backward_residual_L_rhs': 0, 'full_state_receiver_rhs': 0, 'full_state_Goff_rhs': 0, 'material_operator_refreshes': 0, 'L_upload_bytes': 0, 'S_adjoint_rhs': 0, 'solve_adjoint_rhs': 0, 'L_adjoint_residual_audit_rhs': 0, 'B_adjoint_rhs': 0, 'decoder_prepare_compact_SVD': 0, 'decoder_matrix_bytes': 0, 'cache_read_bytes': 0, 'solve_forward_rhs': 0, 'G_rhs': 0, 'S_rhs': 0, 'clean_label_full_state_calls': 0, 'cache_write_bytes': 0, 'candidate_feasibility_checks': 0, 'S_actions': 0, 'S_adjoint_actions': 0, 'primary_prediction_full_state_calls': 0}"
2009,nested_shell,True,1.0,20dB_nominal_difference,A23_compressed_feedback,REJECTED_PHYSICAL,0.7273785258161852,0.8104921694248012,0.7223352237480102,0.9955174541768016,0.515403026696582,0.9661913962089639,0.09836065573770492,0.7069401739203884,0.08926289790588865,,REJECTED,0,0.12961567547607836,0.40153679996728897,0.39922560000559315,0.0007244702937472911,0.10093919823674168,21.59777616917081,3456,9.240000508725643e-05,0.023048800008837134,"full shared export charged to each independent deployment, not summed in actual ledger",0.0023382999934256077,"{'full_forward_calls': 0, 'full_forward_RHS': 0, 'full_LU_factorizations': 0, 'full_state_backward_residual_L_rhs': 0, 'full_state_receiver_rhs': 0, 'full_state_Goff_rhs': 0, 'material_operator_refreshes': 0, 'L_upload_bytes': 0, 'S_adjoint_rhs': 0, 'solve_adjoint_rhs': 0, 'L_adjoint_residual_audit_rhs': 0, 'B_adjoint_rhs': 0, 'decoder_prepare_compact_SVD': 0, 'decoder_matrix_bytes': 0, 'cache_read_bytes': 0, 'solve_forward_rhs': 0, 'G_rhs': 0, 'S_rhs': 0, 'clean_label_full_state_calls': 0, 'cache_write_bytes': 0, 'candidate_feasibility_checks': 0, 'S_actions': 0, 'S_adjoint_actions': 0, 'primary_prediction_full_state_calls': 0}"
2009,nested_shell,True,1.0,20dB_nominal_difference,generic_randomized_linear,REJECTED_PHYSICAL,0.7701245756903817,0.8581225811942482,0.7617697079617616,1.183974974170772,0.5456918552810699,0.975062569223045,0.0,0.7564618624537265,0.19915307482716443,,NOT_RUN,0,0.12075529275288584,0.0093755999696441,0.012054499995429069,0.0007244702937472911,0.10093919823674168,21.59777616917081,3456,9.240000508725643e-05,0.023048800008837134,"full shared export charged to each independent deployment, not summed in actual ledger",,
2009,nested_shell,True,1.0,20dB_nominal_difference,current_BP_ratio,REJECTED_PHYSICAL,0.8443555646387587,0.9408355471892361,0.845628963624804,0.7595776693826376,0.5982901586689023,0.992409639146972,0.0,0.87312459365255,0.015405613104375635,,NOT_RUN,0,0.3801462059322603,0.4015610999776982,0.40295169997261837,0.0007244702937472911,0.10093919823674168,21.59777616917081,3456,9.240000508725643e-05,0.023048800008837134,"full shared export charged to each independent deployment, not summed in actual ledger",,
2009,nested_shell,True,1.0,20dB_calibration,dressed_linear_chi,REJECTED_PHYSICAL,0.7432857145137644,0.8282169872732301,0.7311554651344792,1.297142568528779,0.5266744801557921,0.9723688409038859,0.01639344262295082,0.7212510736812402,0.12807245593996808,,REJECTED,0,0.15896533030011153,0.009709300007671118,,,,21.59777616917081,3456,,,,0.0009575000149197876,
2009,nested_shell,True,1.0,20dB_calibration,vanilla_IBS2,REJECTED_PHYSICAL,0.7339942322909401,0.8178638172019819,0.7210129520901539,1.3161298820576464,0.520090758076882,0.9696422280906437,0.10655737704918032,0.7080146560436718,0.10933437040372423,,NOT_RUN,0,0.17760048677695728,0.5906163000036031,,,,21.59777616917081,3456,,,,,
2009,nested_shell,True,1.0,20dB_calibration,A23_compressed_feedback,REJECTED_PHYSICAL,0.74026869782636,0.8248552322675796,0.7275404555811339,1.3147169568240782,0.5245366942890214,0.9719699788955931,0.04918032786885246,0.7155841156424261,0.14370387803306303,,REJECTED,0,0.17367601822633727,0.43770509999012575,,,,21.59777616917081,3456,,,,0.00314400001661852,
