scene,t,noise,component,method,status,plane,fixed_axis,fixed_coordinate,horizontal_axis,horizontal_coordinate,vertical_axis,vertical_coordinate,truth,estimate,signed_error,truth_global_color_min,truth_global_color_max
2003,1.0,20dB_nominal_difference,real,truth_OFFLINE,OFFLINE_TRUTH,XY,z,-0.0625,x,-0.6875,y,-0.6875,0.1553024191438319,0.1553024191438319,0.0,0.10000280665515104,2.4393089401006476
2003,1.0,20dB_nominal_difference,real,truth_OFFLINE,OFFLINE_TRUTH,XY,z,-0.0625,x,-0.5625,y,-0.6875,0.19865097496467185,0.19865097496467185,0.0,0.10000280665515104,2.4393089401006476
2003,1.0,20dB_nominal_difference,real,truth_OFFLINE,OFFLINE_TRUTH,XY,z,-0.0625,x,-0.4375,y,-0.6875,0.24067148773868327,0.24067148773868327,0.0,0.10000280665515104,2.4393089401006476
2003,1.0,20dB_nominal_difference,real,truth_OFFLINE,OFFLINE_TRUTH,XY,z,-0.0625,x,-0.3125,y,-0.6875,0.26055573239087537,0.26055573239087537,0.0,0.10000280665515104,2.4393089401006476
2003,1.0,20dB_nominal_difference,real,truth_OFFLINE,OFFLINE_TRUTH,XY,z,-0.0625,x,-0.1875,y,-0.6875,0.24705037152265574,0.24705037152265574,0.0,0.10000280665515104,2.4393089401006476
2003,1.0,20dB_nominal_difference,real,truth_OFFLINE,OFFLINE_TRUTH,XY,z,-0.0625,x,-0.0625,y,-0.6875,0.20859549320921714,0.20859549320921714,0.0,0.10000280665515104,2.4393089401006476
2003,1.0,20dB_nominal_difference,real,truth_OFFLINE,OFFLINE_TRUTH,XY,z,-0.0625,x,0.0625,y,-0.6875,0.16522443474432935,0.16522443474432935,0.0,0.10000280665515104,2.4393089401006476
2003,1.0,20dB_nominal_difference,real,truth_OFFLINE,OFFLINE_TRUTH,XY,z,-0.0625,x,0.1875,y,-0.6875,0.13232114791405827,0.13232114791405827,0.0,0.10000280665515104,2.4393089401006476
2003,1.0,20dB_nominal_difference,real,truth_OFFLINE,OFFLINE_TRUTH,XY,z,-0.0625,x,0.3125,y,-0.6875,0.11349145559804033,0.11349145559804033,0.0,0.10000280665515104,2.4393089401006476
2003,1.0,20dB_nominal_difference,real,truth_OFFLINE,OFFLINE_TRUTH,XY,z,-0.0625,x,0.4375,y,-0.6875,0.10485680281317329,0.10485680281317329,0.0,0.10000280665515104,2.4393089401006476
2003,1.0,20dB_nominal_difference,real,truth_OFFLINE,OFFLINE_TRUTH,XY,z,-0.0625,x,0.5625,y,-0.6875,0.10153249102044401,0.10153249102044401,0.0,0.10000280665515104,2.4393089401006476
2003,1.0,20dB_nominal_difference,real,truth_OFFLINE,OFFLINE_TRUTH,XY,z,-0.0625,x,0.6875,y,-0.6875,0.10042312044366655,0.10042312044366655,0.0,0.10000280665515104,2.4393089401006476
2003,1.0,20dB_nominal_difference,real,truth_OFFLINE,OFFLINE_TRUTH,XY,z,-0.0625,x,-0.6875,y,-0.5625,0.23212028886384556,0.23212028886384556,0.0,0.10000280665515104,2.4393089401006476
2003,1.0,20dB_nominal_difference,real,truth_OFFLINE,OFFLINE_TRUTH,XY,z,-0.0625,x,-0.5625,y,-0.5625,0.3349799033292657,0.3349799033292657,0.0,0.10000280665515104,2.4393089401006476
2003,1.0,20dB_nominal_difference,real,truth_OFFLINE,OFFLINE_TRUTH,XY,z,-0.0625,x,-0.4375,y,-0.5625,0.43442341050431166,0.43442341050431166,0.0,0.10000280665515104,2.4393089401006476
2003,1.0,20dB_nominal_difference,real,truth_OFFLINE,OFFLINE_TRUTH,XY,z,-0.0625,x,-0.3125,y,-0.5625,0.4817815432708935,0.4817815432708935,0.0,0.10000280665515104,2.4393089401006476
2003,1.0,20dB_nominal_difference,real,truth_OFFLINE,OFFLINE_TRUTH,XY,z,-0.0625,x,-0.1875,y,-0.5625,0.4512198124535277,0.4512198124535277,0.0,0.10000280665515104,2.4393089401006476
2003,1.0,20dB_nominal_difference,real,truth_OFFLINE,OFFLINE_TRUTH,XY,z,-0.0625,x,-0.0625,y,-0.5625,0.36254148382736917,0.36254148382736917,0.0,0.10000280665515104,2.4393089401006476
2003,1.0,20dB_nominal_difference,real,truth_OFFLINE,OFFLINE_TRUTH,XY,z,-0.0625,x,0.0625,y,-0.5625,0.2617078623589451,0.2617078623589451,0.0,0.10000280665515104,2.4393089401006476
2003,1.0,20dB_nominal_difference,real,truth_OFFLINE,OFFLINE_TRUTH,XY,z,-0.0625,x,0.1875,y,-0.5625,0.18377767576553278,0.18377767576553278,0.0,0.10000280665515104,2.4393089401006476
2003,1.0,20dB_nominal_difference,real,truth_OFFLINE,OFFLINE_TRUTH,XY,z,-0.0625,x,0.3125,y,-0.5625,0.13740163431016544,0.13740163431016544,0.0,0.10000280665515104,2.4393089401006476
2003,1.0,20dB_nominal_difference,real,truth_OFFLINE,OFFLINE_TRUTH,XY,z,-0.0625,x,0.4375,y,-0.5625,0.11464701877535678,0.11464701877535678,0.0,0.10000280665515104,2.4393089401006476
2003,1.0,20dB_nominal_difference,real,truth_OFFLINE,OFFLINE_TRUTH,XY,z,-0.0625,x,0.5625,y,-0.5625,0.10502990889008713,0.10502990889008713,0.0,0.10000280665515104,2.4393089401006476
2003,1.0,20dB_nominal_difference,real,truth_OFFLINE,OFFLINE_TRUTH,XY,z,-0.0625,x,0.6875,y,-0.5625,0.10148535383924712,0.10148535383924712,0.0,0.10000280665515104,2.4393089401006476
2003,1.0,20dB_nominal_difference,real,truth_OFFLINE,OFFLINE_TRUTH,XY,z,-0.0625,x,-0.6875,y,-0.4375,0.34742989304929783,0.34742989304929783,0.0,0.10000280665515104,2.4393089401006476
2003,1.0,20dB_nominal_difference,real,truth_OFFLINE,OFFLINE_TRUTH,XY,z,-0.0625,x,-0.5625,y,-0.4375,0.5395979001659335,0.5395979001659335,0.0,0.10000280665515104,2.4393089401006476
2003,1.0,20dB_nominal_difference,real,truth_OFFLINE,OFFLINE_TRUTH,XY,z,-0.0625,x,-0.4375,y,-0.4375,0.7260487781078776,0.7260487781078776,0.0,0.10000280665515104,2.4393089401006476
2003,1.0,20dB_nominal_difference,real,truth_OFFLINE,OFFLINE_TRUTH,XY,z,-0.0625,x,-0.3125,y,-0.4375,0.8178092722125833,0.8178092722125833,0.0,0.10000280665515104,2.4393089401006476
2003,1.0,20dB_nominal_difference,real,truth_OFFLINE,OFFLINE_TRUTH,XY,z,-0.0625,x,-0.1875,y,-0.4375,0.7680205537853748,0.7680205537853748,0.0,0.10000280665515104,2.4393089401006476
2003,1.0,20dB_nominal_difference,real,truth_OFFLINE,OFFLINE_TRUTH,XY,z,-0.0625,x,-0.0625,y,-0.4375,0.6116537993530816,0.6116537993530816,0.0,0.10000280665515104,2.4393089401006476
2003,1.0,20dB_nominal_difference,real,truth_OFFLINE,OFFLINE_TRUTH,XY,z,-0.0625,x,0.0625,y,-0.4375,0.42932604475479164,0.42932604475479164,0.0,0.10000280665515104,2.4393089401006476
2003,1.0,20dB_nominal_difference,real,truth_OFFLINE,OFFLINE_TRUTH,XY,z,-0.0625,x,0.1875,y,-0.4375,0.2826771304935804,0.2826771304935804,0.0,0.10000280665515104,2.4393089401006476
2003,1.0,20dB_nominal_difference,real,truth_OFFLINE,OFFLINE_TRUTH,XY,z,-0.0625,x,0.3125,y,-0.4375,0.1890648360199925,0.1890648360199925,0.0,0.10000280665515104,2.4393089401006476
2003,1.0,20dB_nominal_difference,real,truth_OFFLINE,OFFLINE_TRUTH,XY,z,-0.0625,x,0.4375,y,-0.4375,0.13821120569415402,0.13821120569415402,0.0,0.10000280665515104,2.4393089401006476
2003,1.0,20dB_nominal_difference,real,truth_OFFLINE,OFFLINE_TRUTH,XY,z,-0.0625,x,0.5625,y,-0.4375,0.11413499884626523,0.11413499884626523,0.0,0.10000280665515104,2.4393089401006476
2003,1.0,20dB_nominal_difference,real,truth_OFFLINE,OFFLINE_TRUTH,XY,z,-0.0625,x,0.6875,y,-0.4375,0.10437532223490621,0.10437532223490621,0.0,0.10000280665515104,2.4393089401006476
2003,1.0,20dB_nominal_difference,real,truth_OFFLINE,OFFLINE_TRUTH,XY,z,-0.0625,x,-0.6875,y,-0.3125,0.47141588431350434,0.47141588431350434,0.0,0.10000280665515104,2.4393089401006476
2003,1.0,20dB_nominal_difference,real,truth_OFFLINE,OFFLINE_TRUTH,XY,z,-0.0625,x,-0.5625,y,-0.3125,0.7631807575018051,0.7631807575018051,0.0,0.10000280665515104,2.4393089401006476
2003,1.0,20dB_nominal_difference,real,truth_OFFLINE,OFFLINE_TRUTH,XY,z,-0.0625,x,-0.4375,y,-0.3125,1.0512379918332335,1.0512379918332335,0.0,0.10000280665515104,2.4393089401006476
2003,1.0,20dB_nominal_difference,real,truth_OFFLINE,OFFLINE_TRUTH,XY,z,-0.0625,x,-0.3125,y,-0.3125,1.2040981972682998,1.2040981972682998,0.0,0.10000280665515104,2.4393089401006476
2003,1.0,20dB_nominal_difference,real,truth_OFFLINE,OFFLINE_TRUTH,XY,z,-0.0625,x,-0.1875,y,-0.3125,1.1510488153136431,1.1510488153136431,0.0,0.10000280665515104,2.4393089401006476
2003,1.0,20dB_nominal_difference,real,truth_OFFLINE,OFFLINE_TRUTH,XY,z,-0.0625,x,-0.0625,y,-0.3125,0.9382279287440176,0.9382279287440176,0.0,0.10000280665515104,2.4393089401006476
2003,1.0,20dB_nominal_difference,real,truth_OFFLINE,OFFLINE_TRUTH,XY,z,-0.0625,x,0.0625,y,-0.3125,0.6754300013164558,0.6754300013164558,0.0,0.10000280665515104,2.4393089401006476
2003,1.0,20dB_nominal_difference,real,truth_OFFLINE,OFFLINE_TRUTH,XY,z,-0.0625,x,0.1875,y,-0.3125,0.44804142302673045,0.44804142302673045,0.0,0.10000280665515104,2.4393089401006476
2003,1.0,20dB_nominal_difference,real,truth_OFFLINE,OFFLINE_TRUTH,XY,z,-0.0625,x,0.3125,y,-0.3125,0.2863367520168647,0.2863367520168647,0.0,0.10000280665515104,2.4393089401006476
2003,1.0,20dB_nominal_difference,real,truth_OFFLINE,OFFLINE_TRUTH,XY,z,-0.0625,x,0.4375,y,-0.3125,0.18654806607589558,0.18654806607589558,0.0,0.10000280665515104,2.4393089401006476
2003,1.0,20dB_nominal_difference,real,truth_OFFLINE,OFFLINE_TRUTH,XY,z,-0.0625,x,0.5625,y,-0.3125,0.1337171009104705,0.1337171009104705,0.0,0.10000280665515104,2.4393089401006476
2003,1.0,20dB_nominal_difference,real,truth_OFFLINE,OFFLINE_TRUTH,XY,z,-0.0625,x,0.6875,y,-0.3125,0.11068803743552963,0.11068803743552963,0.0,0.10000280665515104,2.4393089401006476
2003,1.0,20dB_nominal_difference,real,truth_OFFLINE,OFFLINE_TRUTH,XY,z,-0.0625,x,-0.6875,y,-0.1875,0.5696468267306692,0.5696468267306692,0.0,0.10000280665515104,2.4393089401006476
2003,1.0,20dB_nominal_difference,real,truth_OFFLINE,OFFLINE_TRUTH,XY,z,-0.0625,x,-0.5625,y,-0.1875,0.9558282914551371,0.9558282914551371,0.0,0.10000280665515104,2.4393089401006476
2003,1.0,20dB_nominal_difference,real,truth_OFFLINE,OFFLINE_TRUTH,XY,z,-0.0625,x,-0.4375,y,-0.1875,1.3542696548424873,1.3542696548424873,0.0,0.10000280665515104,2.4393089401006476
2003,1.0,20dB_nominal_difference,real,truth_OFFLINE,OFFLINE_TRUTH,XY,z,-0.0625,x,-0.3125,y,-0.1875,1.5933869493856638,1.5933869493856638,0.0,0.10000280665515104,2.4393089401006476
2003,1.0,20dB_nominal_difference,real,truth_OFFLINE,OFFLINE_TRUTH,XY,z,-0.0625,x,-0.1875,y,-0.1875,1.57219576646612,1.57219576646612,0.0,0.10000280665515104,2.4393089401006476
2003,1.0,20dB_nominal_difference,real,truth_OFFLINE,OFFLINE_TRUTH,XY,z,-0.0625,x,-0.0625,y,-0.1875,1.3358655739364922,1.3358655739364922,0.0,0.10000280665515104,2.4393089401006476
2003,1.0,20dB_nominal_difference,real,truth_OFFLINE,OFFLINE_TRUTH,XY,z,-0.0625,x,0.0625,y,-0.1875,1.0103148515285243,1.0103148515285243,0.0,0.10000280665515104,2.4393089401006476
2003,1.0,20dB_nominal_difference,real,truth_OFFLINE,OFFLINE_TRUTH,XY,z,-0.0625,x,0.1875,y,-0.1875,0.6973351976865888,0.6973351976865888,0.0,0.10000280665515104,2.4393089401006476
2003,1.0,20dB_nominal_difference,real,truth_OFFLINE,OFFLINE_TRUTH,XY,z,-0.0625,x,0.3125,y,-0.1875,0.4445849133410964,0.4445849133410964,0.0,0.10000280665515104,2.4393089401006476
2003,1.0,20dB_nominal_difference,real,truth_OFFLINE,OFFLINE_TRUTH,XY,z,-0.0625,x,0.4375,y,-0.1875,0.2686083196632556,0.2686083196632556,0.0,0.10000280665515104,2.4393089401006476
2003,1.0,20dB_nominal_difference,real,truth_OFFLINE,OFFLINE_TRUTH,XY,z,-0.0625,x,0.5625,y,-0.1875,0.1673446911406377,0.1673446911406377,0.0,0.10000280665515104,2.4393089401006476
2003,1.0,20dB_nominal_difference,real,truth_OFFLINE,OFFLINE_TRUTH,XY,z,-0.0625,x,0.6875,y,-0.1875,0.12139907314350658,0.12139907314350658,0.0,0.10000280665515104,2.4393089401006476
2003,1.0,20dB_nominal_difference,real,truth_OFFLINE,OFFLINE_TRUTH,XY,z,-0.0625,x,-0.6875,y,-0.0625,0.6283217544571117,0.6283217544571117,0.0,0.10000280665515104,2.4393089401006476
2003,1.0,20dB_nominal_difference,real,truth_OFFLINE,OFFLINE_TRUTH,XY,z,-0.0625,x,-0.5625,y,-0.0625,1.1052708288225817,1.1052708288225817,0.0,0.10000280665515104,2.4393089401006476
2003,1.0,20dB_nominal_difference,real,truth_OFFLINE,OFFLINE_TRUTH,XY,z,-0.0625,x,-0.4375,y,-0.0625,1.6347240816154451,1.6347240816154451,0.0,0.10000280665515104,2.4393089401006476
2003,1.0,20dB_nominal_difference,real,truth_OFFLINE,OFFLINE_TRUTH,XY,z,-0.0625,x,-0.3125,y,-0.0625,2.0005382121427666,2.0005382121427666,0.0,0.10000280665515104,2.4393089401006476
2003,1.0,20dB_nominal_difference,real,truth_OFFLINE,OFFLINE_TRUTH,XY,z,-0.0625,x,-0.1875,y,-0.0625,2.0513647403546127,2.0513647403546127,0.0,0.10000280665515104,2.4393089401006476
2003,1.0,20dB_nominal_difference,real,truth_OFFLINE,OFFLINE_TRUTH,XY,z,-0.0625,x,-0.0625,y,-0.0625,1.8153929619320532,1.8153929619320532,0.0,0.10000280665515104,2.4393089401006476
2003,1.0,20dB_nominal_difference,real,truth_OFFLINE,OFFLINE_TRUTH,XY,z,-0.0625,x,0.0625,y,-0.0625,1.432022565918859,1.432022565918859,0.0,0.10000280665515104,2.4393089401006476
2003,1.0,20dB_nominal_difference,real,truth_OFFLINE,OFFLINE_TRUTH,XY,z,-0.0625,x,0.1875,y,-0.0625,1.0219508852778023,1.0219508852778023,0.0,0.10000280665515104,2.4393089401006476
2003,1.0,20dB_nominal_difference,real,truth_OFFLINE,OFFLINE_TRUTH,XY,z,-0.0625,x,0.3125,y,-0.0625,0.6547340167083282,0.6547340167083282,0.0,0.10000280665515104,2.4393089401006476
2003,1.0,20dB_nominal_difference,real,truth_OFFLINE,OFFLINE_TRUTH,XY,z,-0.0625,x,0.4375,y,-0.0625,0.37750291054443263,0.37750291054443263,0.0,0.10000280665515104,2.4393089401006476
2003,1.0,20dB_nominal_difference,real,truth_OFFLINE,OFFLINE_TRUTH,XY,z,-0.0625,x,0.5625,y,-0.0625,0.21096282267272176,0.21096282267272176,0.0,0.10000280665515104,2.4393089401006476
2003,1.0,20dB_nominal_difference,real,truth_OFFLINE,OFFLINE_TRUTH,XY,z,-0.0625,x,0.6875,y,-0.0625,0.13473952340882195,0.13473952340882195,0.0,0.10000280665515104,2.4393089401006476
2003,1.0,20dB_nominal_difference,real,truth_OFFLINE,OFFLINE_TRUTH,XY,z,-0.0625,x,-0.6875,y,0.0625,0.6210759620670193,0.6210759620670193,0.0,0.10000280665515104,2.4393089401006476
2003,1.0,20dB_nominal_difference,real,truth_OFFLINE,OFFLINE_TRUTH,XY,z,-0.0625,x,-0.5625,y,0.0625,1.1495567058371055,1.1495567058371055,0.0,0.10000280665515104,2.4393089401006476
2003,1.0,20dB_nominal_difference,real,truth_OFFLINE,OFFLINE_TRUTH,XY,z,-0.0625,x,-0.4375,y,0.0625,1.7869051011800234,1.7869051011800234,0.0,0.10000280665515104,2.4393089401006476
2003,1.0,20dB_nominal_difference,real,truth_OFFLINE,OFFLINE_TRUTH,XY,z,-0.0625,x,-0.3125,y,0.0625,2.286812997437625,2.286812997437625,0.0,0.10000280665515104,2.4393089401006476
2003,1.0,20dB_nominal_difference,real,truth_OFFLINE,OFFLINE_TRUTH,XY,z,-0.0625,x,-0.1875,y,0.0625,2.4393089401006476,2.4393089401006476,0.0,0.10000280665515104,2.4393089401006476
2003,1.0,20dB_nominal_difference,real,truth_OFFLINE,OFFLINE_TRUTH,XY,z,-0.0625,x,-0.0625,y,0.0625,2.2364472185799547,2.2364472185799547,0.0,0.10000280665515104,2.4393089401006476
2003,1.0,20dB_nominal_difference,real,truth_OFFLINE,OFFLINE_TRUTH,XY,z,-0.0625,x,0.0625,y,0.0625,1.8205734832232667,1.8205734832232667,0.0,0.10000280665515104,2.4393089401006476
2003,1.0,20dB_nominal_difference,real,truth_OFFLINE,OFFLINE_TRUTH,XY,z,-0.0625,x,0.1875,y,0.0625,1.3288412623740355,1.3288412623740355,0.0,0.10000280665515104,2.4393089401006476
2003,1.0,20dB_nominal_difference,real,truth_OFFLINE,OFFLINE_TRUTH,XY,z,-0.0625,x,0.3125,y,0.0625,0.8534290111612901,0.8534290111612901,0.0,0.10000280665515104,2.4393089401006476
2003,1.0,20dB_nominal_difference,real,truth_OFFLINE,OFFLINE_TRUTH,XY,z,-0.0625,x,0.4375,y,0.0625,0.4773069372254948,0.4773069372254948,0.0,0.10000280665515104,2.4393089401006476
2003,1.0,20dB_nominal_difference,real,truth_OFFLINE,OFFLINE_TRUTH,XY,z,-0.0625,x,0.5625,y,0.0625,0.24851702811324247,0.24851702811324247,0.0,0.10000280665515104,2.4393089401006476
2003,1.0,20dB_nominal_difference,real,truth_OFFLINE,OFFLINE_TRUTH,XY,z,-0.0625,x,0.6875,y,0.0625,0.14525379334639565,0.14525379334639565,0.0,0.10000280665515104,2.4393089401006476
2003,1.0,20dB_nominal_difference,real,truth_OFFLINE,OFFLINE_TRUTH,XY,z,-0.0625,x,-0.6875,y,0.1875,0.5103021576475198,0.5103021576475198,0.0,0.10000280665515104,2.4393089401006476
2003,1.0,20dB_nominal_difference,real,truth_OFFLINE,OFFLINE_TRUTH,XY,z,-0.0625,x,-0.5625,y,0.1875,0.9743923479894698,0.9743923479894698,0.0,0.10000280665515104,2.4393089401006476
2003,1.0,20dB_nominal_difference,real,truth_OFFLINE,OFFLINE_TRUTH,XY,z,-0.0625,x,-0.4375,y,0.1875,1.5811825065528802,1.5811825065528802,0.0,0.10000280665515104,2.4393089401006476
2003,1.0,20dB_nominal_difference,real,truth_OFFLINE,OFFLINE_TRUTH,XY,z,-0.0625,x,-0.3125,y,0.1875,2.1176174428339274,2.1176174428339274,0.0,0.10000280665515104,2.4393089401006476
2003,1.0,20dB_nominal_difference,real,truth_OFFLINE,OFFLINE_TRUTH,XY,z,-0.0625,x,-0.1875,y,0.1875,2.3639038086931112,2.3639038086931112,0.0,0.10000280665515104,2.4393089401006476
2003,1.0,20dB_nominal_difference,real,truth_OFFLINE,OFFLINE_TRUTH,XY,z,-0.0625,x,-0.0625,y,0.1875,2.2667470865639103,2.2667470865639103,0.0,0.10000280665515104,2.4393089401006476
2003,1.0,20dB_nominal_difference,real,truth_OFFLINE,OFFLINE_TRUTH,XY,z,-0.0625,x,0.0625,y,0.1875,1.9225619728156096,1.9225619728156096,0.0,0.10000280665515104,2.4393089401006476
2003,1.0,20dB_nominal_difference,real,truth_OFFLINE,OFFLINE_TRUTH,XY,z,-0.0625,x,0.1875,y,0.1875,1.4442630593714165,1.4442630593714165,0.0,0.10000280665515104,2.4393089401006476
2003,1.0,20dB_nominal_difference,real,truth_OFFLINE,OFFLINE_TRUTH,XY,z,-0.0625,x,0.3125,y,0.1875,0.9345859320194754,0.9345859320194754,0.0,0.10000280665515104,2.4393089401006476
2003,1.0,20dB_nominal_difference,real,truth_OFFLINE,OFFLINE_TRUTH,XY,z,-0.0625,x,0.4375,y,0.1875,0.5142921268065137,0.5142921268065137,0.0,0.10000280665515104,2.4393089401006476
2003,1.0,20dB_nominal_difference,real,truth_OFFLINE,OFFLINE_TRUTH,XY,z,-0.0625,x,0.5625,y,0.1875,0.2589989308679361,0.2589989308679361,0.0,0.10000280665515104,2.4393089401006476
2003,1.0,20dB_nominal_difference,real,truth_OFFLINE,OFFLINE_TRUTH,XY,z,-0.0625,x,0.6875,y,0.1875,0.1468137239358196,0.1468137239358196,0.0,0.10000280665515104,2.4393089401006476
2003,1.0,20dB_nominal_difference,real,truth_OFFLINE,OFFLINE_TRUTH,XY,z,-0.0625,x,-0.6875,y,0.3125,0.3360942864355679,0.3360942864355679,0.0,0.10000280665515104,2.4393089401006476
2003,1.0,20dB_nominal_difference,real,truth_OFFLINE,OFFLINE_TRUTH,XY,z,-0.0625,x,-0.5625,y,0.3125,0.6312491800006208,0.6312491800006208,0.0,0.10000280665515104,2.4393089401006476
2003,1.0,20dB_nominal_difference,real,truth_OFFLINE,OFFLINE_TRUTH,XY,z,-0.0625,x,-0.4375,y,0.3125,1.051716919029555,1.051716919029555,0.0,0.10000280665515104,2.4393089401006476
2003,1.0,20dB_nominal_difference,real,truth_OFFLINE,OFFLINE_TRUTH,XY,z,-0.0625,x,-0.3125,y,0.3125,1.4763014191651487,1.4763014191651487,0.0,0.10000280665515104,2.4393089401006476
2003,1.0,20dB_nominal_difference,real,truth_OFFLINE,OFFLINE_TRUTH,XY,z,-0.0625,x,-0.1875,y,0.3125,1.749301509560281,1.749301509560281,0.0,0.10000280665515104,2.4393089401006476
2003,1.0,20dB_nominal_difference,real,truth_OFFLINE,OFFLINE_TRUTH,XY,z,-0.0625,x,-0.0625,y,0.3125,1.793712116179598,1.793712116179598,0.0,0.10000280665515104,2.4393089401006476
2003,1.0,20dB_nominal_difference,real,truth_OFFLINE,OFFLINE_TRUTH,XY,z,-0.0625,x,0.0625,y,0.3125,1.6202018443297486,1.6202018443297486,0.0,0.10000280665515104,2.4393089401006476
2003,1.0,20dB_nominal_difference,real,truth_OFFLINE,OFFLINE_TRUTH,XY,z,-0.0625,x,0.1875,y,0.3125,1.2708048299039434,1.2708048299039434,0.0,0.10000280665515104,2.4393089401006476
2003,1.0,20dB_nominal_difference,real,truth_OFFLINE,OFFLINE_TRUTH,XY,z,-0.0625,x,0.3125,y,0.3125,0.8364409971732933,0.8364409971732933,0.0,0.10000280665515104,2.4393089401006476
2003,1.0,20dB_nominal_difference,real,truth_OFFLINE,OFFLINE_TRUTH,XY,z,-0.0625,x,0.4375,y,0.3125,0.46072484726214424,0.46072484726214424,0.0,0.10000280665515104,2.4393089401006476
2003,1.0,20dB_nominal_difference,real,truth_OFFLINE,OFFLINE_TRUTH,XY,z,-0.0625,x,0.5625,y,0.3125,0.23431364009164465,0.23431364009164465,0.0,0.10000280665515104,2.4393089401006476
2003,1.0,20dB_nominal_difference,real,truth_OFFLINE,OFFLINE_TRUTH,XY,z,-0.0625,x,0.6875,y,0.3125,0.13809446433182498,0.13809446433182498,0.0,0.10000280665515104,2.4393089401006476
2003,1.0,20dB_nominal_difference,real,truth_OFFLINE,OFFLINE_TRUTH,XY,z,-0.0625,x,-0.6875,y,0.4375,0.19636527008616136,0.19636527008616136,0.0,0.10000280665515104,2.4393089401006476
2003,1.0,20dB_nominal_difference,real,truth_OFFLINE,OFFLINE_TRUTH,XY,z,-0.0625,x,-0.5625,y,0.4375,0.3304065909531588,0.3304065909531588,0.0,0.10000280665515104,2.4393089401006476
2003,1.0,20dB_nominal_difference,real,truth_OFFLINE,OFFLINE_TRUTH,XY,z,-0.0625,x,-0.4375,y,0.4375,0.5423290814138372,0.5423290814138372,0.0,0.10000280665515104,2.4393089401006476
2003,1.0,20dB_nominal_difference,real,truth_OFFLINE,OFFLINE_TRUTH,XY,z,-0.0625,x,-0.3125,y,0.4375,0.7931632953463006,0.7931632953463006,0.0,0.10000280665515104,2.4393089401006476
2003,1.0,20dB_nominal_difference,real,truth_OFFLINE,OFFLINE_TRUTH,XY,z,-0.0625,x,-0.1875,y,0.4375,1.0109569031931351,1.0109569031931351,0.0,0.10000280665515104,2.4393089401006476
2003,1.0,20dB_nominal_difference,real,truth_OFFLINE,OFFLINE_TRUTH,XY,z,-0.0625,x,-0.0625,y,0.4375,1.1301085851110904,1.1301085851110904,0.0,0.10000280665515104,2.4393089401006476
2003,1.0,20dB_nominal_difference,real,truth_OFFLINE,OFFLINE_TRUTH,XY,z,-0.0625,x,0.0625,y,0.4375,1.1019077672419235,1.1019077672419235,0.0,0.10000280665515104,2.4393089401006476
2003,1.0,20dB_nominal_difference,real,truth_OFFLINE,OFFLINE_TRUTH,XY,z,-0.0625,x,0.1875,y,0.4375,0.9075131061369519,0.9075131061369519,0.0,0.10000280665515104,2.4393089401006476
2003,1.0,20dB_nominal_difference,real,truth_OFFLINE,OFFLINE_TRUTH,XY,z,-0.0625,x,0.3125,y,0.4375,0.6121332670893772,0.6121332670893772,0.0,0.10000280665515104,2.4393089401006476
2003,1.0,20dB_nominal_difference,real,truth_OFFLINE,OFFLINE_TRUTH,XY,z,-0.0625,x,0.4375,y,0.4375,0.34617517019153404,0.34617517019153404,0.0,0.10000280665515104,2.4393089401006476
2003,1.0,20dB_nominal_difference,real,truth_OFFLINE,OFFLINE_TRUTH,XY,z,-0.0625,x,0.5625,y,0.4375,0.18863892492293355,0.18863892492293355,0.0,0.10000280665515104,2.4393089401006476
2003,1.0,20dB_nominal_difference,real,truth_OFFLINE,OFFLINE_TRUTH,XY,z,-0.0625,x,0.6875,y,0.4375,0.12420986700759837,0.12420986700759837,0.0,0.10000280665515104,2.4393089401006476
2003,1.0,20dB_nominal_difference,real,truth_OFFLINE,OFFLINE_TRUTH,XY,z,-0.0625,x,-0.6875,y,0.5625,0.12924445446531077,0.12924445446531077,0.0,0.10000280665515104,2.4393089401006476
2003,1.0,20dB_nominal_difference,real,truth_OFFLINE,OFFLINE_TRUTH,XY,z,-0.0625,x,-0.5625,y,0.5625,0.1756160012780075,0.1756160012780075,0.0,0.10000280665515104,2.4393089401006476
2003,1.0,20dB_nominal_difference,real,truth_OFFLINE,OFFLINE_TRUTH,XY,z,-0.0625,x,-0.4375,y,0.5625,0.259000299818512,0.259000299818512,0.0,0.10000280665515104,2.4393089401006476
2003,1.0,20dB_nominal_difference,real,truth_OFFLINE,OFFLINE_TRUTH,XY,z,-0.0625,x,-0.3125,y,0.5625,0.37653173073906876,0.37653173073906876,0.0,0.10000280665515104,2.4393089401006476
2003,1.0,20dB_nominal_difference,real,truth_OFFLINE,OFFLINE_TRUTH,XY,z,-0.0625,x,-0.1875,y,0.5625,0.506675946628696,0.506675946628696,0.0,0.10000280665515104,2.4393089401006476
2003,1.0,20dB_nominal_difference,real,truth_OFFLINE,OFFLINE_TRUTH,XY,z,-0.0625,x,-0.0625,y,0.5625,0.6101120990128424,0.6101120990128424,0.0,0.10000280665515104,2.4393089401006476
2003,1.0,20dB_nominal_difference,real,truth_OFFLINE,OFFLINE_TRUTH,XY,z,-0.0625,x,0.0625,y,0.5625,0.6331585500037717,0.6331585500037717,0.0,0.10000280665515104,2.4393089401006476
2003,1.0,20dB_nominal_difference,real,truth_OFFLINE,OFFLINE_TRUTH,XY,z,-0.0625,x,0.1875,y,0.5625,0.5427929692601228,0.5427929692601228,0.0,0.10000280665515104,2.4393089401006476
2003,1.0,20dB_nominal_difference,real,truth_OFFLINE,OFFLINE_TRUTH,XY,z,-0.0625,x,0.3125,y,0.5625,0.3794204228426242,0.3794204228426242,0.0,0.10000280665515104,2.4393089401006476
2003,1.0,20dB_nominal_difference,real,truth_OFFLINE,OFFLINE_TRUTH,XY,z,-0.0625,x,0.4375,y,0.5625,0.23078019009852938,0.23078019009852938,0.0,0.10000280665515104,2.4393089401006476
2003,1.0,20dB_nominal_difference,real,truth_OFFLINE,OFFLINE_TRUTH,XY,z,-0.0625,x,0.5625,y,0.5625,0.14541684133754199,0.14541684133754199,0.0,0.10000280665515104,2.4393089401006476
2003,1.0,20dB_nominal_difference,real,truth_OFFLINE,OFFLINE_TRUTH,XY,z,-0.0625,x,0.6875,y,0.5625,0.11196523468386677,0.11196523468386677,0.0,0.10000280665515104,2.4393089401006476
2003,1.0,20dB_nominal_difference,real,truth_OFFLINE,OFFLINE_TRUTH,XY,z,-0.0625,x,-0.6875,y,0.6875,0.10757061669085034,0.10757061669085034,0.0,0.10000280665515104,2.4393089401006476
2003,1.0,20dB_nominal_difference,real,truth_OFFLINE,OFFLINE_TRUTH,XY,z,-0.0625,x,-0.5625,y,0.6875,0.12147228107661603,0.12147228107661603,0.0,0.10000280665515104,2.4393089401006476
2003,1.0,20dB_nominal_difference,real,truth_OFFLINE,OFFLINE_TRUTH,XY,z,-0.0625,x,-0.4375,y,0.6875,0.1498920335874162,0.1498920335874162,0.0,0.10000280665515104,2.4393089401006476
2003,1.0,20dB_nominal_difference,real,truth_OFFLINE,OFFLINE_TRUTH,XY,z,-0.0625,x,-0.3125,y,0.6875,0.19636481656480523,0.19636481656480523,0.0,0.10000280665515104,2.4393089401006476
2003,1.0,20dB_nominal_difference,real,truth_OFFLINE,OFFLINE_TRUTH,XY,z,-0.0625,x,-0.1875,y,0.6875,0.2566519306132574,0.2566519306132574,0.0,0.10000280665515104,2.4393089401006476
2003,1.0,20dB_nominal_difference,real,truth_OFFLINE,OFFLINE_TRUTH,XY,z,-0.0625,x,-0.0625,y,0.6875,0.31226572562427457,0.31226572562427457,0.0,0.10000280665515104,2.4393089401006476
2003,1.0,20dB_nominal_difference,real,truth_OFFLINE,OFFLINE_TRUTH,XY,z,-0.0625,x,0.0625,y,0.6875,0.33092986252045176,0.33092986252045176,0.0,0.10000280665515104,2.4393089401006476
2003,1.0,20dB_nominal_difference,real,truth_OFFLINE,OFFLINE_TRUTH,XY,z,-0.0625,x,0.1875,y,0.6875,0.2925617723395832,0.2925617723395832,0.0,0.10000280665515104,2.4393089401006476
2003,1.0,20dB_nominal_difference,real,truth_OFFLINE,OFFLINE_TRUTH,XY,z,-0.0625,x,0.3125,y,0.6875,0.21897813895285967,0.21897813895285967,0.0,0.10000280665515104,2.4393089401006476
2003,1.0,20dB_nominal_difference,real,truth_OFFLINE,OFFLINE_TRUTH,XY,z,-0.0625,x,0.4375,y,0.6875,0.15381517178462956,0.15381517178462956,0.0,0.10000280665515104,2.4393089401006476
2003,1.0,20dB_nominal_difference,real,truth_OFFLINE,OFFLINE_TRUTH,XY,z,-0.0625,x,0.5625,y,0.6875,0.11800504536499465,0.11800504536499465,0.0,0.10000280665515104,2.4393089401006476
2003,1.0,20dB_nominal_difference,real,truth_OFFLINE,OFFLINE_TRUTH,XY,z,-0.0625,x,0.6875,y,0.6875,0.10459203481686485,0.10459203481686485,0.0,0.10000280665515104,2.4393089401006476
2003,1.0,20dB_nominal_difference,real,truth_OFFLINE,OFFLINE_TRUTH,XZ,y,-0.0625,x,-0.6875,z,-0.6875,0.11621494397686223,0.11621494397686223,0.0,0.10000280665515104,2.4393089401006476
2003,1.0,20dB_nominal_difference,real,truth_OFFLINE,OFFLINE_TRUTH,XZ,y,-0.0625,x,-0.5625,z,-0.6875,0.14167833073699854,0.14167833073699854,0.0,0.10000280665515104,2.4393089401006476
2003,1.0,20dB_nominal_difference,real,truth_OFFLINE,OFFLINE_TRUTH,XZ,y,-0.0625,x,-0.4375,z,-0.6875,0.18901257067646937,0.18901257067646937,0.0,0.10000280665515104,2.4393089401006476
2003,1.0,20dB_nominal_difference,real,truth_OFFLINE,OFFLINE_TRUTH,XZ,y,-0.0625,x,-0.3125,z,-0.6875,0.259950972951342,0.259950972951342,0.0,0.10000280665515104,2.4393089401006476
2003,1.0,20dB_nominal_difference,real,truth_OFFLINE,OFFLINE_TRUTH,XZ,y,-0.0625,x,-0.1875,z,-0.6875,0.3415662872643081,0.3415662872643081,0.0,0.10000280665515104,2.4393089401006476
2003,1.0,20dB_nominal_difference,real,truth_OFFLINE,OFFLINE_TRUTH,XZ,y,-0.0625,x,-0.0625,z,-0.6875,0.4028228203502685,0.4028228203502685,0.0,0.10000280665515104,2.4393089401006476
2003,1.0,20dB_nominal_difference,real,truth_OFFLINE,OFFLINE_TRUTH,XZ,y,-0.0625,x,0.0625,z,-0.6875,0.40998477069220574,0.40998477069220574,0.0,0.10000280665515104,2.4393089401006476
2003,1.0,20dB_nominal_difference,real,truth_OFFLINE,OFFLINE_TRUTH,XZ,y,-0.0625,x,0.1875,z,-0.6875,0.3554786085062801,0.3554786085062801,0.0,0.10000280665515104,2.4393089401006476
2003,1.0,20dB_nominal_difference,real,truth_OFFLINE,OFFLINE_TRUTH,XZ,y,-0.0625,x,0.3125,z,-0.6875,0.2678785568935278,0.2678785568935278,0.0,0.10000280665515104,2.4393089401006476
2003,1.0,20dB_nominal_difference,real,truth_OFFLINE,OFFLINE_TRUTH,XZ,y,-0.0625,x,0.4375,z,-0.6875,0.18744245805649692,0.18744245805649692,0.0,0.10000280665515104,2.4393089401006476
2003,1.0,20dB_nominal_difference,real,truth_OFFLINE,OFFLINE_TRUTH,XZ,y,-0.0625,x,0.5625,z,-0.6875,0.13598750887735703,0.13598750887735703,0.0,0.10000280665515104,2.4393089401006476
2003,1.0,20dB_nominal_difference,real,truth_OFFLINE,OFFLINE_TRUTH,XZ,y,-0.0625,x,0.6875,z,-0.6875,0.11168372594224833,0.11168372594224833,0.0,0.10000280665515104,2.4393089401006476
2003,1.0,20dB_nominal_difference,real,truth_OFFLINE,OFFLINE_TRUTH,XZ,y,-0.0625,x,-0.6875,z,-0.5625,0.14122614752688997,0.14122614752688997,0.0,0.10000280665515104,2.4393089401006476
2003,1.0,20dB_nominal_difference,real,truth_OFFLINE,OFFLINE_TRUTH,XZ,y,-0.0625,x,-0.5625,z,-0.5625,0.200419187136389,0.200419187136389,0.0,0.10000280665515104,2.4393089401006476
2003,1.0,20dB_nominal_difference,real,truth_OFFLINE,OFFLINE_TRUTH,XZ,y,-0.0625,x,-0.4375,z,-0.5625,0.30153160391500555,0.30153160391500555,0.0,0.10000280665515104,2.4393089401006476
2003,1.0,20dB_nominal_difference,real,truth_OFFLINE,OFFLINE_TRUTH,XZ,y,-0.0625,x,-0.3125,z,-0.5625,0.44037021178356406,0.44037021178356406,0.0,0.10000280665515104,2.4393089401006476
2003,1.0,20dB_nominal_difference,real,truth_OFFLINE,OFFLINE_TRUTH,XZ,y,-0.0625,x,-0.1875,z,-0.5625,0.5880340597095615,0.5880340597095615,0.0,0.10000280665515104,2.4393089401006476
2003,1.0,20dB_nominal_difference,real,truth_OFFLINE,OFFLINE_TRUTH,XZ,y,-0.0625,x,-0.0625,z,-0.5625,0.689748814507086,0.689748814507086,0.0,0.10000280665515104,2.4393089401006476
2003,1.0,20dB_nominal_difference,real,truth_OFFLINE,OFFLINE_TRUTH,XZ,y,-0.0625,x,0.0625,z,-0.5625,0.690294072267938,0.690294072267938,0.0,0.10000280665515104,2.4393089401006476
2003,1.0,20dB_nominal_difference,real,truth_OFFLINE,OFFLINE_TRUTH,XZ,y,-0.0625,x,0.1875,z,-0.5625,0.5805590920482502,0.5805590920482502,0.0,0.10000280665515104,2.4393089401006476
2003,1.0,20dB_nominal_difference,real,truth_OFFLINE,OFFLINE_TRUTH,XZ,y,-0.0625,x,0.3125,z,-0.5625,0.4138360617992508,0.4138360617992508,0.0,0.10000280665515104,2.4393089401006476
2003,1.0,20dB_nominal_difference,real,truth_OFFLINE,OFFLINE_TRUTH,XZ,y,-0.0625,x,0.4375,z,-0.5625,0.26299012901367935,0.26299012901367935,0.0,0.10000280665515104,2.4393089401006476
2003,1.0,20dB_nominal_difference,real,truth_OFFLINE,OFFLINE_TRUTH,XZ,y,-0.0625,x,0.5625,z,-0.5625,0.1669907225789156,0.1669907225789156,0.0,0.10000280665515104,2.4393089401006476
2003,1.0,20dB_nominal_difference,real,truth_OFFLINE,OFFLINE_TRUTH,XZ,y,-0.0625,x,0.6875,z,-0.5625,0.1217361993717566,0.1217361993717566,0.0,0.10000280665515104,2.4393089401006476
2003,1.0,20dB_nominal_difference,real,truth_OFFLINE,OFFLINE_TRUTH,XZ,y,-0.0625,x,-0.6875,z,-0.4375,0.18854133767931314,0.18854133767931314,0.0,0.10000280665515104,2.4393089401006476
2003,1.0,20dB_nominal_difference,real,truth_OFFLINE,OFFLINE_TRUTH,XZ,y,-0.0625,x,-0.5625,z,-0.4375,0.3046989827142481,0.3046989827142481,0.0,0.10000280665515104,2.4393089401006476
2003,1.0,20dB_nominal_difference,real,truth_OFFLINE,OFFLINE_TRUTH,XZ,y,-0.0625,x,-0.4375,z,-0.4375,0.48596795112197233,0.48596795112197233,0.0,0.10000280665515104,2.4393089401006476
2003,1.0,20dB_nominal_difference,real,truth_OFFLINE,OFFLINE_TRUTH,XZ,y,-0.0625,x,-0.3125,z,-0.4375,0.7091374724836553,0.7091374724836553,0.0,0.10000280665515104,2.4393089401006476
2003,1.0,20dB_nominal_difference,real,truth_OFFLINE,OFFLINE_TRUTH,XZ,y,-0.0625,x,-0.1875,z,-0.4375,0.9201513509826263,0.9201513509826263,0.0,0.10000280665515104,2.4393089401006476
2003,1.0,20dB_nominal_difference,real,truth_OFFLINE,OFFLINE_TRUTH,XZ,y,-0.0625,x,-0.0625,z,-0.4375,1.0440131087084437,1.0440131087084437,0.0,0.10000280665515104,2.4393089401006476
2003,1.0,20dB_nominal_difference,real,truth_OFFLINE,OFFLINE_TRUTH,XZ,y,-0.0625,x,0.0625,z,-0.4375,1.0153417515234073,1.0153417515234073,0.0,0.10000280665515104,2.4393089401006476
2003,1.0,20dB_nominal_difference,real,truth_OFFLINE,OFFLINE_TRUTH,XZ,y,-0.0625,x,0.1875,z,-0.4375,0.8318450705852465,0.8318450705852465,0.0,0.10000280665515104,2.4393089401006476
2003,1.0,20dB_nominal_difference,real,truth_OFFLINE,OFFLINE_TRUTH,XZ,y,-0.0625,x,0.3125,z,-0.4375,0.5735444450055384,0.5735444450055384,0.0,0.10000280665515104,2.4393089401006476
2003,1.0,20dB_nominal_difference,real,truth_OFFLINE,OFFLINE_TRUTH,XZ,y,-0.0625,x,0.4375,z,-0.4375,0.34485019245423465,0.34485019245423465,0.0,0.10000280665515104,2.4393089401006476
2003,1.0,20dB_nominal_difference,real,truth_OFFLINE,OFFLINE_TRUTH,XZ,y,-0.0625,x,0.5625,z,-0.4375,0.200424569976369,0.200424569976369,0.0,0.10000280665515104,2.4393089401006476
2003,1.0,20dB_nominal_difference,real,truth_OFFLINE,OFFLINE_TRUTH,XZ,y,-0.0625,x,0.6875,z,-0.4375,0.1325478883025453,0.1325478883025453,0.0,0.10000280665515104,2.4393089401006476
2003,1.0,20dB_nominal_difference,real,truth_OFFLINE,OFFLINE_TRUTH,XZ,y,-0.0625,x,-0.6875,z,-0.3125,0.27165148420820645,0.27165148420820645,0.0,0.10000280665515104,2.4393089401006476
2003,1.0,20dB_nominal_difference,real,truth_OFFLINE,OFFLINE_TRUTH,XZ,y,-0.0625,x,-0.5625,z,-0.3125,0.4724366548980322,0.4724366548980322,0.0,0.10000280665515104,2.4393089401006476
2003,1.0,20dB_nominal_difference,real,truth_OFFLINE,OFFLINE_TRUTH,XZ,y,-0.0625,x,-0.4375,z,-0.3125,0.7542835578727636,0.7542835578727636,0.0,0.10000280665515104,2.4393089401006476
2003,1.0,20dB_nominal_difference,real,truth_OFFLINE,OFFLINE_TRUTH,XZ,y,-0.0625,x,-0.3125,z,-0.3125,1.053977757504587,1.053977757504587,0.0,0.10000280665515104,2.4393089401006476
2003,1.0,20dB_nominal_difference,real,truth_OFFLINE,OFFLINE_TRUTH,XZ,y,-0.0625,x,-0.1875,z,-0.3125,1.2853669072730722,1.2853669072730722,0.0,0.10000280665515104,2.4393089401006476
2003,1.0,20dB_nominal_difference,real,truth_OFFLINE,OFFLINE_TRUTH,XZ,y,-0.0625,x,-0.0625,z,-0.3125,1.3736470119959532,1.3736470119959532,0.0,0.10000280665515104,2.4393089401006476
2003,1.0,20dB_nominal_difference,real,truth_OFFLINE,OFFLINE_TRUTH,XZ,y,-0.0625,x,0.0625,z,-0.3125,1.2760404297557715,1.2760404297557715,0.0,0.10000280665515104,2.4393089401006476
2003,1.0,20dB_nominal_difference,real,truth_OFFLINE,OFFLINE_TRUTH,XZ,y,-0.0625,x,0.1875,z,-0.3125,1.0131870962735332,1.0131870962735332,0.0,0.10000280665515104,2.4393089401006476
2003,1.0,20dB_nominal_difference,real,truth_OFFLINE,OFFLINE_TRUTH,XZ,y,-0.0625,x,0.3125,z,-0.3125,0.6819521328815469,0.6819521328815469,0.0,0.10000280665515104,2.4393089401006476
2003,1.0,20dB_nominal_difference,real,truth_OFFLINE,OFFLINE_TRUTH,XZ,y,-0.0625,x,0.4375,z,-0.3125,0.3986884005573418,0.3986884005573418,0.0,0.10000280665515104,2.4393089401006476
2003,1.0,20dB_nominal_difference,real,truth_OFFLINE,OFFLINE_TRUTH,XZ,y,-0.0625,x,0.5625,z,-0.3125,0.22202076187038278,0.22202076187038278,0.0,0.10000280665515104,2.4393089401006476
2003,1.0,20dB_nominal_difference,real,truth_OFFLINE,OFFLINE_TRUTH,XZ,y,-0.0625,x,0.6875,z,-0.3125,0.13943247911331574,0.13943247911331574,0.0,0.10000280665515104,2.4393089401006476
2003,1.0,20dB_nominal_difference,real,truth_OFFLINE,OFFLINE_TRUTH,XZ,y,-0.0625,x,-0.6875,z,-0.1875,0.42002483827914483,0.42002483827914483,0.0,0.10000280665515104,2.4393089401006476
2003,1.0,20dB_nominal_difference,real,truth_OFFLINE,OFFLINE_TRUTH,XZ,y,-0.0625,x,-0.5625,z,-0.1875,0.7450298297118094,0.7450298297118094,0.0,0.10000280665515104,2.4393089401006476
2003,1.0,20dB_nominal_difference,real,truth_OFFLINE,OFFLINE_TRUTH,XZ,y,-0.0625,x,-0.4375,z,-0.1875,1.1478208672699934,1.1478208672699934,0.0,0.10000280665515104,2.4393089401006476
2003,1.0,20dB_nominal_difference,real,truth_OFFLINE,OFFLINE_TRUTH,XZ,y,-0.0625,x,-0.3125,z,-0.1875,1.4971603943826182,1.4971603943826182,0.0,0.10000280665515104,2.4393089401006476
2003,1.0,20dB_nominal_difference,real,truth_OFFLINE,OFFLINE_TRUTH,XZ,y,-0.0625,x,-0.1875,z,-0.1875,1.6716590442638442,1.6716590442638442,0.0,0.10000280665515104,2.4393089401006476
2003,1.0,20dB_nominal_difference,real,truth_OFFLINE,OFFLINE_TRUTH,XZ,y,-0.0625,x,-0.0625,z,-0.1875,1.6322981737694875,1.6322981737694875,0.0,0.10000280665515104,2.4393089401006476
2003,1.0,20dB_nominal_difference,real,truth_OFFLINE,OFFLINE_TRUTH,XZ,y,-0.0625,x,0.0625,z,-0.1875,1.4089184119352074,1.4089184119352074,0.0,0.10000280665515104,2.4393089401006476
2003,1.0,20dB_nominal_difference,real,truth_OFFLINE,OFFLINE_TRUTH,XZ,y,-0.0625,x,0.1875,z,-0.1875,1.0668318973946278,1.0668318973946278,0.0,0.10000280665515104,2.4393089401006476
2003,1.0,20dB_nominal_difference,real,truth_OFFLINE,OFFLINE_TRUTH,XZ,y,-0.0625,x,0.3125,z,-0.1875,0.7002026573573021,0.7002026573573021,0.0,0.10000280665515104,2.4393089401006476
2003,1.0,20dB_nominal_difference,real,truth_OFFLINE,OFFLINE_TRUTH,XZ,y,-0.0625,x,0.4375,z,-0.1875,0.40417459163708913,0.40417459163708913,0.0,0.10000280665515104,2.4393089401006476
2003,1.0,20dB_nominal_difference,real,truth_OFFLINE,OFFLINE_TRUTH,XZ,y,-0.0625,x,0.5625,z,-0.1875,0.22322980299869005,0.22322980299869005,0.0,0.10000280665515104,2.4393089401006476
2003,1.0,20dB_nominal_difference,real,truth_OFFLINE,OFFLINE_TRUTH,XZ,y,-0.0625,x,0.6875,z,-0.1875,0.13947057981502986,0.13947057981502986,0.0,0.10000280665515104,2.4393089401006476
2003,1.0,20dB_nominal_difference,real,truth_OFFLINE,OFFLINE_TRUTH,XZ,y,-0.0625,x,-0.6875,z,-0.0625,0.6283217544571117,0.6283217544571117,0.0,0.10000280665515104,2.4393089401006476
2003,1.0,20dB_nominal_difference,real,truth_OFFLINE,OFFLINE_TRUTH,XZ,y,-0.0625,x,-0.5625,z,-0.0625,1.1052708288225817,1.1052708288225817,0.0,0.10000280665515104,2.4393089401006476
2003,1.0,20dB_nominal_difference,real,truth_OFFLINE,OFFLINE_TRUTH,XZ,y,-0.0625,x,-0.4375,z,-0.0625,1.6347240816154451,1.6347240816154451,0.0,0.10000280665515104,2.4393089401006476
2003,1.0,20dB_nominal_difference,real,truth_OFFLINE,OFFLINE_TRUTH,XZ,y,-0.0625,x,-0.3125,z,-0.0625,2.0005382121427666,2.0005382121427666,0.0,0.10000280665515104,2.4393089401006476
2003,1.0,20dB_nominal_difference,real,truth_OFFLINE,OFFLINE_TRUTH,XZ,y,-0.0625,x,-0.1875,z,-0.0625,2.0513647403546127,2.0513647403546127,0.0,0.10000280665515104,2.4393089401006476
2003,1.0,20dB_nominal_difference,real,truth_OFFLINE,OFFLINE_TRUTH,XZ,y,-0.0625,x,-0.0625,z,-0.0625,1.8153929619320532,1.8153929619320532,0.0,0.10000280665515104,2.4393089401006476
2003,1.0,20dB_nominal_difference,real,truth_OFFLINE,OFFLINE_TRUTH,XZ,y,-0.0625,x,0.0625,z,-0.0625,1.432022565918859,1.432022565918859,0.0,0.10000280665515104,2.4393089401006476
2003,1.0,20dB_nominal_difference,real,truth_OFFLINE,OFFLINE_TRUTH,XZ,y,-0.0625,x,0.1875,z,-0.0625,1.0219508852778023,1.0219508852778023,0.0,0.10000280665515104,2.4393089401006476
2003,1.0,20dB_nominal_difference,real,truth_OFFLINE,OFFLINE_TRUTH,XZ,y,-0.0625,x,0.3125,z,-0.0625,0.6547340167083282,0.6547340167083282,0.0,0.10000280665515104,2.4393089401006476
2003,1.0,20dB_nominal_difference,real,truth_OFFLINE,OFFLINE_TRUTH,XZ,y,-0.0625,x,0.4375,z,-0.0625,0.37750291054443263,0.37750291054443263,0.0,0.10000280665515104,2.4393089401006476
2003,1.0,20dB_nominal_difference,real,truth_OFFLINE,OFFLINE_TRUTH,XZ,y,-0.0625,x,0.5625,z,-0.0625,0.21096282267272176,0.21096282267272176,0.0,0.10000280665515104,2.4393089401006476
2003,1.0,20dB_nominal_difference,real,truth_OFFLINE,OFFLINE_TRUTH,XZ,y,-0.0625,x,0.6875,z,-0.0625,0.13473952340882195,0.13473952340882195,0.0,0.10000280665515104,2.4393089401006476
2003,1.0,20dB_nominal_difference,real,truth_OFFLINE,OFFLINE_TRUTH,XZ,y,-0.0625,x,-0.6875,z,0.0625,0.7489768810370072,0.7489768810370072,0.0,0.10000280665515104,2.4393089401006476
2003,1.0,20dB_nominal_difference,real,truth_OFFLINE,OFFLINE_TRUTH,XZ,y,-0.0625,x,-0.5625,z,0.0625,1.2969797704798585,1.2969797704798585,0.0,0.10000280665515104,2.4393089401006476
2003,1.0,20dB_nominal_difference,real,truth_OFFLINE,OFFLINE_TRUTH,XZ,y,-0.0625,x,-0.4375,z,0.0625,1.865721048470374,1.865721048470374,0.0,0.10000280665515104,2.4393089401006476
2003,1.0,20dB_nominal_difference,real,truth_OFFLINE,OFFLINE_TRUTH,XZ,y,-0.0625,x,-0.3125,z,0.0625,2.1962833602633816,2.1962833602633816,0.0,0.10000280665515104,2.4393089401006476
2003,1.0,20dB_nominal_difference,real,truth_OFFLINE,OFFLINE_TRUTH,XZ,y,-0.0625,x,-0.1875,z,0.0625,2.1362076040064477,2.1362076040064477,0.0,0.10000280665515104,2.4393089401006476
2003,1.0,20dB_nominal_difference,real,truth_OFFLINE,OFFLINE_TRUTH,XZ,y,-0.0625,x,-0.0625,z,0.0625,1.7720996316476474,1.7720996316476474,0.0,0.10000280665515104,2.4393089401006476
2003,1.0,20dB_nominal_difference,real,truth_OFFLINE,OFFLINE_TRUTH,XZ,y,-0.0625,x,0.0625,z,0.0625,1.3182360487013831,1.3182360487013831,0.0,0.10000280665515104,2.4393089401006476
2003,1.0,20dB_nominal_difference,real,truth_OFFLINE,OFFLINE_TRUTH,XZ,y,-0.0625,x,0.1875,z,0.0625,0.916230096193984,0.916230096193984,0.0,0.10000280665515104,2.4393089401006476
2003,1.0,20dB_nominal_difference,real,truth_OFFLINE,OFFLINE_TRUTH,XZ,y,-0.0625,x,0.3125,z,0.0625,0.5926925982276368,0.5926925982276368,0.0,0.10000280665515104,2.4393089401006476
2003,1.0,20dB_nominal_difference,real,truth_OFFLINE,OFFLINE_TRUTH,XZ,y,-0.0625,x,0.4375,z,0.0625,0.3497022336332267,0.3497022336332267,0.0,0.10000280665515104,2.4393089401006476
2003,1.0,20dB_nominal_difference,real,truth_OFFLINE,OFFLINE_TRUTH,XZ,y,-0.0625,x,0.5625,z,0.0625,0.19932537706811718,0.19932537706811718,0.0,0.10000280665515104,2.4393089401006476
2003,1.0,20dB_nominal_difference,real,truth_OFFLINE,OFFLINE_TRUTH,XZ,y,-0.0625,x,0.6875,z,0.0625,0.1299754637693184,0.1299754637693184,0.0,0.10000280665515104,2.4393089401006476
2003,1.0,20dB_nominal_difference,real,truth_OFFLINE,OFFLINE_TRUTH,XZ,y,-0.0625,x,-0.6875,z,0.1875,0.6270618834651409,0.6270618834651409,0.0,0.10000280665515104,2.4393089401006476
2003,1.0,20dB_nominal_difference,real,truth_OFFLINE,OFFLINE_TRUTH,XZ,y,-0.0625,x,-0.5625,z,0.1875,1.0596416517683285,1.0596416517683285,0.0,0.10000280665515104,2.4393089401006476
2003,1.0,20dB_nominal_difference,real,truth_OFFLINE,OFFLINE_TRUTH,XZ,y,-0.0625,x,-0.4375,z,0.1875,1.495025065467726,1.495025065467726,0.0,0.10000280665515104,2.4393089401006476
2003,1.0,20dB_nominal_difference,real,truth_OFFLINE,OFFLINE_TRUTH,XZ,y,-0.0625,x,-0.3125,z,0.1875,1.7263891561565041,1.7263891561565041,0.0,0.10000280665515104,2.4393089401006476
2003,1.0,20dB_nominal_difference,real,truth_OFFLINE,OFFLINE_TRUTH,XZ,y,-0.0625,x,-0.1875,z,0.1875,1.6446152540186363,1.6446152540186363,0.0,0.10000280665515104,2.4393089401006476
2003,1.0,20dB_nominal_difference,real,truth_OFFLINE,OFFLINE_TRUTH,XZ,y,-0.0625,x,-0.0625,z,0.1875,1.3433270728347408,1.3433270728347408,0.0,0.10000280665515104,2.4393089401006476
2003,1.0,20dB_nominal_difference,real,truth_OFFLINE,OFFLINE_TRUTH,XZ,y,-0.0625,x,0.0625,z,0.1875,1.0109469442481192,1.0109469442481192,0.0,0.10000280665515104,2.4393089401006476
2003,1.0,20dB_nominal_difference,real,truth_OFFLINE,OFFLINE_TRUTH,XZ,y,-0.0625,x,0.1875,z,0.1875,0.742766934096904,0.742766934096904,0.0,0.10000280665515104,2.4393089401006476
2003,1.0,20dB_nominal_difference,real,truth_OFFLINE,OFFLINE_TRUTH,XZ,y,-0.0625,x,0.3125,z,0.1875,0.5185139848932581,0.5185139848932581,0.0,0.10000280665515104,2.4393089401006476
2003,1.0,20dB_nominal_difference,real,truth_OFFLINE,OFFLINE_TRUTH,XZ,y,-0.0625,x,0.4375,z,0.1875,0.3245483953124196,0.3245483953124196,0.0,0.10000280665515104,2.4393089401006476
2003,1.0,20dB_nominal_difference,real,truth_OFFLINE,OFFLINE_TRUTH,XZ,y,-0.0625,x,0.5625,z,0.1875,0.19076862061238162,0.19076862061238162,0.0,0.10000280665515104,2.4393089401006476
2003,1.0,20dB_nominal_difference,real,truth_OFFLINE,OFFLINE_TRUTH,XZ,y,-0.0625,x,0.6875,z,0.1875,0.12657524734282533,0.12657524734282533,0.0,0.10000280665515104,2.4393089401006476
2003,1.0,20dB_nominal_difference,real,truth_OFFLINE,OFFLINE_TRUTH,XZ,y,-0.0625,x,-0.6875,z,0.3125,0.37002966754190103,0.37002966754190103,0.0,0.10000280665515104,2.4393089401006476
2003,1.0,20dB_nominal_difference,real,truth_OFFLINE,OFFLINE_TRUTH,XZ,y,-0.0625,x,-0.5625,z,0.3125,0.5908644666655871,0.5908644666655871,0.0,0.10000280665515104,2.4393089401006476
2003,1.0,20dB_nominal_difference,real,truth_OFFLINE,OFFLINE_TRUTH,XZ,y,-0.0625,x,-0.4375,z,0.3125,0.8116158079368542,0.8116158079368542,0.0,0.10000280665515104,2.4393089401006476
2003,1.0,20dB_nominal_difference,real,truth_OFFLINE,OFFLINE_TRUTH,XZ,y,-0.0625,x,-0.3125,z,0.3125,0.9268068591300559,0.9268068591300559,0.0,0.10000280665515104,2.4393089401006476
2003,1.0,20dB_nominal_difference,real,truth_OFFLINE,OFFLINE_TRUTH,XZ,y,-0.0625,x,-0.1875,z,0.3125,0.8864345108633898,0.8864345108633898,0.0,0.10000280665515104,2.4393089401006476
2003,1.0,20dB_nominal_difference,real,truth_OFFLINE,OFFLINE_TRUTH,XZ,y,-0.0625,x,-0.0625,z,0.3125,0.7511454332313572,0.7511454332313572,0.0,0.10000280665515104,2.4393089401006476
2003,1.0,20dB_nominal_difference,real,truth_OFFLINE,OFFLINE_TRUTH,XZ,y,-0.0625,x,0.0625,z,0.3125,0.6225466113033443,0.6225466113033443,0.0,0.10000280665515104,2.4393089401006476
2003,1.0,20dB_nominal_difference,real,truth_OFFLINE,OFFLINE_TRUTH,XZ,y,-0.0625,x,0.1875,z,0.3125,0.5255770766920873,0.5255770766920873,0.0,0.10000280665515104,2.4393089401006476
2003,1.0,20dB_nominal_difference,real,truth_OFFLINE,OFFLINE_TRUTH,XZ,y,-0.0625,x,0.3125,z,0.3125,0.41416267115591165,0.41416267115591165,0.0,0.10000280665515104,2.4393089401006476
2003,1.0,20dB_nominal_difference,real,truth_OFFLINE,OFFLINE_TRUTH,XZ,y,-0.0625,x,0.4375,z,0.3125,0.2812178085930108,0.2812178085930108,0.0,0.10000280665515104,2.4393089401006476
2003,1.0,20dB_nominal_difference,real,truth_OFFLINE,OFFLINE_TRUTH,XZ,y,-0.0625,x,0.5625,z,0.3125,0.17513369606435425,0.17513369606435425,0.0,0.10000280665515104,2.4393089401006476
2003,1.0,20dB_nominal_difference,real,truth_OFFLINE,OFFLINE_TRUTH,XZ,y,-0.0625,x,0.6875,z,0.3125,0.12171524354522974,0.12171524354522974,0.0,0.10000280665515104,2.4393089401006476
2003,1.0,20dB_nominal_difference,real,truth_OFFLINE,OFFLINE_TRUTH,XZ,y,-0.0625,x,-0.6875,z,0.4375,0.18713066456945254,0.18713066456945254,0.0,0.10000280665515104,2.4393089401006476
2003,1.0,20dB_nominal_difference,real,truth_OFFLINE,OFFLINE_TRUTH,XZ,y,-0.0625,x,-0.5625,z,0.4375,0.259724080937406,0.259724080937406,0.0,0.10000280665515104,2.4393089401006476
2003,1.0,20dB_nominal_difference,real,truth_OFFLINE,OFFLINE_TRUTH,XZ,y,-0.0625,x,-0.4375,z,0.4375,0.33319801919352493,0.33319801919352493,0.0,0.10000280665515104,2.4393089401006476
2003,1.0,20dB_nominal_difference,real,truth_OFFLINE,OFFLINE_TRUTH,XZ,y,-0.0625,x,-0.3125,z,0.4375,0.3733833515363394,0.3733833515363394,0.0,0.10000280665515104,2.4393089401006476
2003,1.0,20dB_nominal_difference,real,truth_OFFLINE,OFFLINE_TRUTH,XZ,y,-0.0625,x,-0.1875,z,0.4375,0.36718726552890935,0.36718726552890935,0.0,0.10000280665515104,2.4393089401006476
2003,1.0,20dB_nominal_difference,real,truth_OFFLINE,OFFLINE_TRUTH,XZ,y,-0.0625,x,-0.0625,z,0.4375,0.34211356233501233,0.34211356233501233,0.0,0.10000280665515104,2.4393089401006476
2003,1.0,20dB_nominal_difference,real,truth_OFFLINE,OFFLINE_TRUTH,XZ,y,-0.0625,x,0.0625,z,0.4375,0.33330139799573943,0.33330139799573943,0.0,0.10000280665515104,2.4393089401006476
2003,1.0,20dB_nominal_difference,real,truth_OFFLINE,OFFLINE_TRUTH,XZ,y,-0.0625,x,0.1875,z,0.4375,0.32990373182215726,0.32990373182215726,0.0,0.10000280665515104,2.4393089401006476
2003,1.0,20dB_nominal_difference,real,truth_OFFLINE,OFFLINE_TRUTH,XZ,y,-0.0625,x,0.3125,z,0.4375,0.29084445955182303,0.29084445955182303,0.0,0.10000280665515104,2.4393089401006476
2003,1.0,20dB_nominal_difference,real,truth_OFFLINE,OFFLINE_TRUTH,XZ,y,-0.0625,x,0.4375,z,0.4375,0.2162615057756231,0.2162615057756231,0.0,0.10000280665515104,2.4393089401006476
2003,1.0,20dB_nominal_difference,real,truth_OFFLINE,OFFLINE_TRUTH,XZ,y,-0.0625,x,0.5625,z,0.4375,0.14913156812704506,0.14913156812704506,0.0,0.10000280665515104,2.4393089401006476
2003,1.0,20dB_nominal_difference,real,truth_OFFLINE,OFFLINE_TRUTH,XZ,y,-0.0625,x,0.6875,z,0.4375,0.11415123472815071,0.11415123472815071,0.0,0.10000280665515104,2.4393089401006476
2003,1.0,20dB_nominal_difference,real,truth_OFFLINE,OFFLINE_TRUTH,XZ,y,-0.0625,x,-0.6875,z,0.5625,0.1184641128334178,0.1184641128334178,0.0,0.10000280665515104,2.4393089401006476
2003,1.0,20dB_nominal_difference,real,truth_OFFLINE,OFFLINE_TRUTH,XZ,y,-0.0625,x,-0.5625,z,0.5625,0.1345899705879939,0.1345899705879939,0.0,0.10000280665515104,2.4393089401006476
2003,1.0,20dB_nominal_difference,real,truth_OFFLINE,OFFLINE_TRUTH,XZ,y,-0.0625,x,-0.4375,z,0.5625,0.15147359236636346,0.15147359236636346,0.0,0.10000280665515104,2.4393089401006476
2003,1.0,20dB_nominal_difference,real,truth_OFFLINE,OFFLINE_TRUTH,XZ,y,-0.0625,x,-0.3125,z,0.5625,0.1618524923839167,0.1618524923839167,0.0,0.10000280665515104,2.4393089401006476
2003,1.0,20dB_nominal_difference,real,truth_OFFLINE,OFFLINE_TRUTH,XZ,y,-0.0625,x,-0.1875,z,0.5625,0.16448952937700473,0.16448952937700473,0.0,0.10000280665515104,2.4393089401006476
2003,1.0,20dB_nominal_difference,real,truth_OFFLINE,OFFLINE_TRUTH,XZ,y,-0.0625,x,-0.0625,z,0.5625,0.169157369334158,0.169157369334158,0.0,0.10000280665515104,2.4393089401006476
2003,1.0,20dB_nominal_difference,real,truth_OFFLINE,OFFLINE_TRUTH,XZ,y,-0.0625,x,0.0625,z,0.5625,0.18432075284720528,0.18432075284720528,0.0,0.10000280665515104,2.4393089401006476
2003,1.0,20dB_nominal_difference,real,truth_OFFLINE,OFFLINE_TRUTH,XZ,y,-0.0625,x,0.1875,z,0.5625,0.19783443611815676,0.19783443611815676,0.0,0.10000280665515104,2.4393089401006476
2003,1.0,20dB_nominal_difference,real,truth_OFFLINE,OFFLINE_TRUTH,XZ,y,-0.0625,x,0.3125,z,0.5625,0.18755611867399746,0.18755611867399746,0.0,0.10000280665515104,2.4393089401006476
2003,1.0,20dB_nominal_difference,real,truth_OFFLINE,OFFLINE_TRUTH,XZ,y,-0.0625,x,0.4375,z,0.5625,0.15497151540389265,0.15497151540389265,0.0,0.10000280665515104,2.4393089401006476
2003,1.0,20dB_nominal_difference,real,truth_OFFLINE,OFFLINE_TRUTH,XZ,y,-0.0625,x,0.5625,z,0.5625,0.12346873358560154,0.12346873358560154,0.0,0.10000280665515104,2.4393089401006476
2003,1.0,20dB_nominal_difference,real,truth_OFFLINE,OFFLINE_TRUTH,XZ,y,-0.0625,x,0.6875,z,0.5625,0.10675348704867199,0.10675348704867199,0.0,0.10000280665515104,2.4393089401006476
2003,1.0,20dB_nominal_difference,real,truth_OFFLINE,OFFLINE_TRUTH,XZ,y,-0.0625,x,-0.6875,z,0.6875,0.1028634713853393,0.1028634713853393,0.0,0.10000280665515104,2.4393089401006476
2003,1.0,20dB_nominal_difference,real,truth_OFFLINE,OFFLINE_TRUTH,XZ,y,-0.0625,x,-0.5625,z,0.6875,0.10557230923194261,0.10557230923194261,0.0,0.10000280665515104,2.4393089401006476
2003,1.0,20dB_nominal_difference,real,truth_OFFLINE,OFFLINE_TRUTH,XZ,y,-0.0625,x,-0.4375,z,0.6875,0.10856418332694968,0.10856418332694968,0.0,0.10000280665515104,2.4393089401006476
2003,1.0,20dB_nominal_difference,real,truth_OFFLINE,OFFLINE_TRUTH,XZ,y,-0.0625,x,-0.3125,z,0.6875,0.11073585652324158,0.11073585652324158,0.0,0.10000280665515104,2.4393089401006476
2003,1.0,20dB_nominal_difference,real,truth_OFFLINE,OFFLINE_TRUTH,XZ,y,-0.0625,x,-0.1875,z,0.6875,0.1124276676190856,0.1124276676190856,0.0,0.10000280665515104,2.4393089401006476
2003,1.0,20dB_nominal_difference,real,truth_OFFLINE,OFFLINE_TRUTH,XZ,y,-0.0625,x,-0.0625,z,0.6875,0.11644264038831217,0.11644264038831217,0.0,0.10000280665515104,2.4393089401006476
2003,1.0,20dB_nominal_difference,real,truth_OFFLINE,OFFLINE_TRUTH,XZ,y,-0.0625,x,0.0625,z,0.6875,0.12440148373167303,0.12440148373167303,0.0,0.10000280665515104,2.4393089401006476
2003,1.0,20dB_nominal_difference,real,truth_OFFLINE,OFFLINE_TRUTH,XZ,y,-0.0625,x,0.1875,z,0.6875,0.1311829657669169,0.1311829657669169,0.0,0.10000280665515104,2.4393089401006476
2003,1.0,20dB_nominal_difference,real,truth_OFFLINE,OFFLINE_TRUTH,XZ,y,-0.0625,x,0.3125,z,0.6875,0.1289562768586225,0.1289562768586225,0.0,0.10000280665515104,2.4393089401006476
2003,1.0,20dB_nominal_difference,real,truth_OFFLINE,OFFLINE_TRUTH,XZ,y,-0.0625,x,0.4375,z,0.6875,0.11843028526189375,0.11843028526189375,0.0,0.10000280665515104,2.4393089401006476
2003,1.0,20dB_nominal_difference,real,truth_OFFLINE,OFFLINE_TRUTH,XZ,y,-0.0625,x,0.5625,z,0.6875,0.10790342591815646,0.10790342591815646,0.0,0.10000280665515104,2.4393089401006476
2003,1.0,20dB_nominal_difference,real,truth_OFFLINE,OFFLINE_TRUTH,XZ,y,-0.0625,x,0.6875,z,0.6875,0.10227318377862085,0.10227318377862085,0.0,0.10000280665515104,2.4393089401006476
2003,1.0,20dB_nominal_difference,real,truth_OFFLINE,OFFLINE_TRUTH,YZ,x,-0.0625,y,-0.6875,z,-0.6875,0.10170342953544194,0.10170342953544194,0.0,0.10000280665515104,2.4393089401006476
2003,1.0,20dB_nominal_difference,real,truth_OFFLINE,OFFLINE_TRUTH,YZ,x,-0.0625,y,-0.5625,z,-0.6875,0.1075507406662128,0.1075507406662128,0.0,0.10000280665515104,2.4393089401006476
2003,1.0,20dB_nominal_difference,real,truth_OFFLINE,OFFLINE_TRUTH,YZ,x,-0.0625,y,-0.4375,z,-0.6875,0.12662814155892219,0.12662814155892219,0.0,0.10000280665515104,2.4393089401006476
2003,1.0,20dB_nominal_difference,real,truth_OFFLINE,OFFLINE_TRUTH,YZ,x,-0.0625,y,-0.3125,z,-0.6875,0.17500434119004835,0.17500434119004835,0.0,0.10000280665515104,2.4393089401006476
2003,1.0,20dB_nominal_difference,real,truth_OFFLINE,OFFLINE_TRUTH,YZ,x,-0.0625,y,-0.1875,z,-0.6875,0.269012908559056,0.269012908559056,0.0,0.10000280665515104,2.4393089401006476
2003,1.0,20dB_nominal_difference,real,truth_OFFLINE,OFFLINE_TRUTH,YZ,x,-0.0625,y,-0.0625,z,-0.6875,0.4028228203502685,0.4028228203502685,0.0,0.10000280665515104,2.4393089401006476
2003,1.0,20dB_nominal_difference,real,truth_OFFLINE,OFFLINE_TRUTH,YZ,x,-0.0625,y,0.0625,z,-0.6875,0.5255112222299664,0.5255112222299664,0.0,0.10000280665515104,2.4393089401006476
2003,1.0,20dB_nominal_difference,real,truth_OFFLINE,OFFLINE_TRUTH,YZ,x,-0.0625,y,0.1875,z,-0.6875,0.5629492160664938,0.5629492160664938,0.0,0.10000280665515104,2.4393089401006476
2003,1.0,20dB_nominal_difference,real,truth_OFFLINE,OFFLINE_TRUTH,YZ,x,-0.0625,y,0.3125,z,-0.6875,0.4892210831026743,0.4892210831026743,0.0,0.10000280665515104,2.4393089401006476
2003,1.0,20dB_nominal_difference,real,truth_OFFLINE,OFFLINE_TRUTH,YZ,x,-0.0625,y,0.4375,z,-0.6875,0.3555126787329276,0.3555126787329276,0.0,0.10000280665515104,2.4393089401006476
2003,1.0,20dB_nominal_difference,real,truth_OFFLINE,OFFLINE_TRUTH,YZ,x,-0.0625,y,0.5625,z,-0.6875,0.23289734547036847,0.23289734547036847,0.0,0.10000280665515104,2.4393089401006476
2003,1.0,20dB_nominal_difference,real,truth_OFFLINE,OFFLINE_TRUTH,YZ,x,-0.0625,y,0.6875,z,-0.6875,0.15524166062132702,0.15524166062132702,0.0,0.10000280665515104,2.4393089401006476
2003,1.0,20dB_nominal_difference,real,truth_OFFLINE,OFFLINE_TRUTH,YZ,x,-0.0625,y,-0.6875,z,-0.5625,0.10328374329303543,0.10328374329303543,0.0,0.10000280665515104,2.4393089401006476
2003,1.0,20dB_nominal_difference,real,truth_OFFLINE,OFFLINE_TRUTH,YZ,x,-0.0625,y,-0.5625,z,-0.5625,0.11433436873773267,0.11433436873773267,0.0,0.10000280665515104,2.4393089401006476
2003,1.0,20dB_nominal_difference,real,truth_OFFLINE,OFFLINE_TRUTH,YZ,x,-0.0625,y,-0.4375,z,-0.5625,0.15029529244122866,0.15029529244122866,0.0,0.10000280665515104,2.4393089401006476
2003,1.0,20dB_nominal_difference,real,truth_OFFLINE,OFFLINE_TRUTH,YZ,x,-0.0625,y,-0.3125,z,-0.5625,0.24223921035432255,0.24223921035432255,0.0,0.10000280665515104,2.4393089401006476
2003,1.0,20dB_nominal_difference,real,truth_OFFLINE,OFFLINE_TRUTH,YZ,x,-0.0625,y,-0.1875,z,-0.5625,0.42429858303076795,0.42429858303076795,0.0,0.10000280665515104,2.4393089401006476
2003,1.0,20dB_nominal_difference,real,truth_OFFLINE,OFFLINE_TRUTH,YZ,x,-0.0625,y,-0.0625,z,-0.5625,0.689748814507086,0.689748814507086,0.0,0.10000280665515104,2.4393089401006476
2003,1.0,20dB_nominal_difference,real,truth_OFFLINE,OFFLINE_TRUTH,YZ,x,-0.0625,y,0.0625,z,-0.5625,0.9377760134088712,0.9377760134088712,0.0,0.10000280665515104,2.4393089401006476
2003,1.0,20dB_nominal_difference,real,truth_OFFLINE,OFFLINE_TRUTH,YZ,x,-0.0625,y,0.1875,z,-0.5625,1.0127539600256772,1.0127539600256772,0.0,0.10000280665515104,2.4393089401006476
2003,1.0,20dB_nominal_difference,real,truth_OFFLINE,OFFLINE_TRUTH,YZ,x,-0.0625,y,0.3125,z,-0.5625,0.8604787448824067,0.8604787448824067,0.0,0.10000280665515104,2.4393089401006476
2003,1.0,20dB_nominal_difference,real,truth_OFFLINE,OFFLINE_TRUTH,YZ,x,-0.0625,y,0.4375,z,-0.5625,0.5915996110940923,0.5915996110940923,0.0,0.10000280665515104,2.4393089401006476
2003,1.0,20dB_nominal_difference,real,truth_OFFLINE,OFFLINE_TRUTH,YZ,x,-0.0625,y,0.5625,z,-0.5625,0.35182599599323394,0.35182599599323394,0.0,0.10000280665515104,2.4393089401006476
2003,1.0,20dB_nominal_difference,real,truth_OFFLINE,OFFLINE_TRUTH,YZ,x,-0.0625,y,0.6875,z,-0.5625,0.2035909278510975,0.2035909278510975,0.0,0.10000280665515104,2.4393089401006476
2003,1.0,20dB_nominal_difference,real,truth_OFFLINE,OFFLINE_TRUTH,YZ,x,-0.0625,y,-0.6875,z,-0.4375,0.10620657830896875,0.10620657830896875,0.0,0.10000280665515104,2.4393089401006476
2003,1.0,20dB_nominal_difference,real,truth_OFFLINE,OFFLINE_TRUTH,YZ,x,-0.0625,y,-0.5625,z,-0.4375,0.12450216087985126,0.12450216087985126,0.0,0.10000280665515104,2.4393089401006476
2003,1.0,20dB_nominal_difference,real,truth_OFFLINE,OFFLINE_TRUTH,YZ,x,-0.0625,y,-0.4375,z,-0.4375,0.1812787485668402,0.1812787485668402,0.0,0.10000280665515104,2.4393089401006476
2003,1.0,20dB_nominal_difference,real,truth_OFFLINE,OFFLINE_TRUTH,YZ,x,-0.0625,y,-0.3125,z,-0.4375,0.32474825156405984,0.32474825156405984,0.0,0.10000280665515104,2.4393089401006476
2003,1.0,20dB_nominal_difference,real,truth_OFFLINE,OFFLINE_TRUTH,YZ,x,-0.0625,y,-0.1875,z,-0.4375,0.6128803848037948,0.6128803848037948,0.0,0.10000280665515104,2.4393089401006476
2003,1.0,20dB_nominal_difference,real,truth_OFFLINE,OFFLINE_TRUTH,YZ,x,-0.0625,y,-0.0625,z,-0.4375,1.0440131087084437,1.0440131087084437,0.0,0.10000280665515104,2.4393089401006476
2003,1.0,20dB_nominal_difference,real,truth_OFFLINE,OFFLINE_TRUTH,YZ,x,-0.0625,y,0.0625,z,-0.4375,1.4551720209809673,1.4551720209809673,0.0,0.10000280665515104,2.4393089401006476
2003,1.0,20dB_nominal_difference,real,truth_OFFLINE,OFFLINE_TRUTH,YZ,x,-0.0625,y,0.1875,z,-0.4375,1.5770329631113187,1.5770329631113187,0.0,0.10000280665515104,2.4393089401006476
2003,1.0,20dB_nominal_difference,real,truth_OFFLINE,OFFLINE_TRUTH,YZ,x,-0.0625,y,0.3125,z,-0.4375,1.3162628144418067,1.3162628144418067,0.0,0.10000280665515104,2.4393089401006476
2003,1.0,20dB_nominal_difference,real,truth_OFFLINE,OFFLINE_TRUTH,YZ,x,-0.0625,y,0.4375,z,-0.4375,0.8708772568635439,0.8708772568635439,0.0,0.10000280665515104,2.4393089401006476
2003,1.0,20dB_nominal_difference,real,truth_OFFLINE,OFFLINE_TRUTH,YZ,x,-0.0625,y,0.5625,z,-0.4375,0.48711692411061003,0.48711692411061003,0.0,0.10000280665515104,2.4393089401006476
2003,1.0,20dB_nominal_difference,real,truth_OFFLINE,OFFLINE_TRUTH,YZ,x,-0.0625,y,0.6875,z,-0.4375,0.25707528937646357,0.25707528937646357,0.0,0.10000280665515104,2.4393089401006476
2003,1.0,20dB_nominal_difference,real,truth_OFFLINE,OFFLINE_TRUTH,YZ,x,-0.0625,y,-0.6875,z,-0.3125,0.11599648129495396,0.11599648129495396,0.0,0.10000280665515104,2.4393089401006476
2003,1.0,20dB_nominal_difference,real,truth_OFFLINE,OFFLINE_TRUTH,YZ,x,-0.0625,y,-0.5625,z,-0.3125,0.14943438071226234,0.14943438071226234,0.0,0.10000280665515104,2.4393089401006476
2003,1.0,20dB_nominal_difference,real,truth_OFFLINE,OFFLINE_TRUTH,YZ,x,-0.0625,y,-0.4375,z,-0.3125,0.23475994889098287,0.23475994889098287,0.0,0.10000280665515104,2.4393089401006476
2003,1.0,20dB_nominal_difference,real,truth_OFFLINE,OFFLINE_TRUTH,YZ,x,-0.0625,y,-0.3125,z,-0.3125,0.42816715889310464,0.42816715889310464,0.0,0.10000280665515104,2.4393089401006476
2003,1.0,20dB_nominal_difference,real,truth_OFFLINE,OFFLINE_TRUTH,YZ,x,-0.0625,y,-0.1875,z,-0.3125,0.8045434802333463,0.8045434802333463,0.0,0.10000280665515104,2.4393089401006476
2003,1.0,20dB_nominal_difference,real,truth_OFFLINE,OFFLINE_TRUTH,YZ,x,-0.0625,y,-0.0625,z,-0.3125,1.3736470119959532,1.3736470119959532,0.0,0.10000280665515104,2.4393089401006476
2003,1.0,20dB_nominal_difference,real,truth_OFFLINE,OFFLINE_TRUTH,YZ,x,-0.0625,y,0.0625,z,-0.3125,1.923697724197223,1.923697724197223,0.0,0.10000280665515104,2.4393089401006476
2003,1.0,20dB_nominal_difference,real,truth_OFFLINE,OFFLINE_TRUTH,YZ,x,-0.0625,y,0.1875,z,-0.3125,2.0767347140676145,2.0767347140676145,0.0,0.10000280665515104,2.4393089401006476
2003,1.0,20dB_nominal_difference,real,truth_OFFLINE,OFFLINE_TRUTH,YZ,x,-0.0625,y,0.3125,z,-0.3125,1.702948901796729,1.702948901796729,0.0,0.10000280665515104,2.4393089401006476
2003,1.0,20dB_nominal_difference,real,truth_OFFLINE,OFFLINE_TRUTH,YZ,x,-0.0625,y,0.4375,z,-0.3125,1.0928665868438927,1.0928665868438927,0.0,0.10000280665515104,2.4393089401006476
2003,1.0,20dB_nominal_difference,real,truth_OFFLINE,OFFLINE_TRUTH,YZ,x,-0.0625,y,0.5625,z,-0.3125,0.5874619656147579,0.5874619656147579,0.0,0.10000280665515104,2.4393089401006476
2003,1.0,20dB_nominal_difference,real,truth_OFFLINE,OFFLINE_TRUTH,YZ,x,-0.0625,y,0.6875,z,-0.3125,0.29494005952935093,0.29494005952935093,0.0,0.10000280665515104,2.4393089401006476
2003,1.0,20dB_nominal_difference,real,truth_OFFLINE,OFFLINE_TRUTH,YZ,x,-0.0625,y,-0.6875,z,-0.1875,0.14806582809006036,0.14806582809006036,0.0,0.10000280665515104,2.4393089401006476
2003,1.0,20dB_nominal_difference,real,truth_OFFLINE,OFFLINE_TRUTH,YZ,x,-0.0625,y,-0.5625,z,-0.1875,0.22391337343738307,0.22391337343738307,0.0,0.10000280665515104,2.4393089401006476
2003,1.0,20dB_nominal_difference,real,truth_OFFLINE,OFFLINE_TRUTH,YZ,x,-0.0625,y,-0.4375,z,-0.1875,0.3693003373032048,0.3693003373032048,0.0,0.10000280665515104,2.4393089401006476
2003,1.0,20dB_nominal_difference,real,truth_OFFLINE,OFFLINE_TRUTH,YZ,x,-0.0625,y,-0.3125,z,-0.1875,0.6205501005385186,0.6205501005385186,0.0,0.10000280665515104,2.4393089401006476
2003,1.0,20dB_nominal_difference,real,truth_OFFLINE,OFFLINE_TRUTH,YZ,x,-0.0625,y,-0.1875,z,-0.1875,1.035667974078422,1.035667974078422,0.0,0.10000280665515104,2.4393089401006476
2003,1.0,20dB_nominal_difference,real,truth_OFFLINE,OFFLINE_TRUTH,YZ,x,-0.0625,y,-0.0625,z,-0.1875,1.6322981737694875,1.6322981737694875,0.0,0.10000280665515104,2.4393089401006476
2003,1.0,20dB_nominal_difference,real,truth_OFFLINE,OFFLINE_TRUTH,YZ,x,-0.0625,y,0.0625,z,-0.1875,2.2003556553877774,2.2003556553877774,0.0,0.10000280665515104,2.4393089401006476
2003,1.0,20dB_nominal_difference,real,truth_OFFLINE,OFFLINE_TRUTH,YZ,x,-0.0625,y,0.1875,z,-0.1875,2.32613250920512,2.32613250920512,0.0,0.10000280665515104,2.4393089401006476
2003,1.0,20dB_nominal_difference,real,truth_OFFLINE,OFFLINE_TRUTH,YZ,x,-0.0625,y,0.3125,z,-0.1875,1.8697796548476886,1.8697796548476886,0.0,0.10000280665515104,2.4393089401006476
2003,1.0,20dB_nominal_difference,real,truth_OFFLINE,OFFLINE_TRUTH,YZ,x,-0.0625,y,0.4375,z,-0.1875,1.17401564007071,1.17401564007071,0.0,0.10000280665515104,2.4393089401006476
2003,1.0,20dB_nominal_difference,real,truth_OFFLINE,OFFLINE_TRUTH,YZ,x,-0.0625,y,0.5625,z,-0.1875,0.6195546737748495,0.6195546737748495,0.0,0.10000280665515104,2.4393089401006476
2003,1.0,20dB_nominal_difference,real,truth_OFFLINE,OFFLINE_TRUTH,YZ,x,-0.0625,y,0.6875,z,-0.1875,0.30726397666626276,0.30726397666626276,0.0,0.10000280665515104,2.4393089401006476
2003,1.0,20dB_nominal_difference,real,truth_OFFLINE,OFFLINE_TRUTH,YZ,x,-0.0625,y,-0.6875,z,-0.0625,0.20859549320921714,0.20859549320921714,0.0,0.10000280665515104,2.4393089401006476
2003,1.0,20dB_nominal_difference,real,truth_OFFLINE,OFFLINE_TRUTH,YZ,x,-0.0625,y,-0.5625,z,-0.0625,0.36254148382736917,0.36254148382736917,0.0,0.10000280665515104,2.4393089401006476
2003,1.0,20dB_nominal_difference,real,truth_OFFLINE,OFFLINE_TRUTH,YZ,x,-0.0625,y,-0.4375,z,-0.0625,0.6116537993530816,0.6116537993530816,0.0,0.10000280665515104,2.4393089401006476
2003,1.0,20dB_nominal_difference,real,truth_OFFLINE,OFFLINE_TRUTH,YZ,x,-0.0625,y,-0.3125,z,-0.0625,0.9382279287440176,0.9382279287440176,0.0,0.10000280665515104,2.4393089401006476
2003,1.0,20dB_nominal_difference,real,truth_OFFLINE,OFFLINE_TRUTH,YZ,x,-0.0625,y,-0.1875,z,-0.0625,1.3358655739364922,1.3358655739364922,0.0,0.10000280665515104,2.4393089401006476
2003,1.0,20dB_nominal_difference,real,truth_OFFLINE,OFFLINE_TRUTH,YZ,x,-0.0625,y,-0.0625,z,-0.0625,1.8153929619320532,1.8153929619320532,0.0,0.10000280665515104,2.4393089401006476
2003,1.0,20dB_nominal_difference,real,truth_OFFLINE,OFFLINE_TRUTH,YZ,x,-0.0625,y,0.0625,z,-0.0625,2.2364472185799547,2.2364472185799547,0.0,0.10000280665515104,2.4393089401006476
2003,1.0,20dB_nominal_difference,real,truth_OFFLINE,OFFLINE_TRUTH,YZ,x,-0.0625,y,0.1875,z,-0.0625,2.2667470865639103,2.2667470865639103,0.0,0.10000280665515104,2.4393089401006476
2003,1.0,20dB_nominal_difference,real,truth_OFFLINE,OFFLINE_TRUTH,YZ,x,-0.0625,y,0.3125,z,-0.0625,1.793712116179598,1.793712116179598,0.0,0.10000280665515104,2.4393089401006476
2003,1.0,20dB_nominal_difference,real,truth_OFFLINE,OFFLINE_TRUTH,YZ,x,-0.0625,y,0.4375,z,-0.0625,1.1301085851110904,1.1301085851110904,0.0,0.10000280665515104,2.4393089401006476
2003,1.0,20dB_nominal_difference,real,truth_OFFLINE,OFFLINE_TRUTH,YZ,x,-0.0625,y,0.5625,z,-0.0625,0.6101120990128424,0.6101120990128424,0.0,0.10000280665515104,2.4393089401006476
2003,1.0,20dB_nominal_difference,real,truth_OFFLINE,OFFLINE_TRUTH,YZ,x,-0.0625,y,0.6875,z,-0.0625,0.31226572562427457,0.31226572562427457,0.0,0.10000280665515104,2.4393089401006476
2003,1.0,20dB_nominal_difference,real,truth_OFFLINE,OFFLINE_TRUTH,YZ,x,-0.0625,y,-0.6875,z,0.0625,0.2544907212563346,0.2544907212563346,0.0,0.10000280665515104,2.4393089401006476
2003,1.0,20dB_nominal_difference,real,truth_OFFLINE,OFFLINE_TRUTH,YZ,x,-0.0625,y,-0.5625,z,0.0625,0.46618350038822143,0.46618350038822143,0.0,0.10000280665515104,2.4393089401006476
2003,1.0,20dB_nominal_difference,real,truth_OFFLINE,OFFLINE_TRUTH,YZ,x,-0.0625,y,-0.4375,z,0.0625,0.7869816592054362,0.7869816592054362,0.0,0.10000280665515104,2.4393089401006476
2003,1.0,20dB_nominal_difference,real,truth_OFFLINE,OFFLINE_TRUTH,YZ,x,-0.0625,y,-0.3125,z,0.0625,1.1479341940139374,1.1479341940139374,0.0,0.10000280665515104,2.4393089401006476
2003,1.0,20dB_nominal_difference,real,truth_OFFLINE,OFFLINE_TRUTH,YZ,x,-0.0625,y,-0.1875,z,0.0625,1.476569825957142,1.476569825957142,0.0,0.10000280665515104,2.4393089401006476
2003,1.0,20dB_nominal_difference,real,truth_OFFLINE,OFFLINE_TRUTH,YZ,x,-0.0625,y,-0.0625,z,0.0625,1.7720996316476474,1.7720996316476474,0.0,0.10000280665515104,2.4393089401006476
2003,1.0,20dB_nominal_difference,real,truth_OFFLINE,OFFLINE_TRUTH,YZ,x,-0.0625,y,0.0625,z,0.0625,1.9919405920120035,1.9919405920120035,0.0,0.10000280665515104,2.4393089401006476
2003,1.0,20dB_nominal_difference,real,truth_OFFLINE,OFFLINE_TRUTH,YZ,x,-0.0625,y,0.1875,z,0.0625,1.9492972063057485,1.9492972063057485,0.0,0.10000280665515104,2.4393089401006476
2003,1.0,20dB_nominal_difference,real,truth_OFFLINE,OFFLINE_TRUTH,YZ,x,-0.0625,y,0.3125,z,0.0625,1.566607596063621,1.566607596063621,0.0,0.10000280665515104,2.4393089401006476
2003,1.0,20dB_nominal_difference,real,truth_OFFLINE,OFFLINE_TRUTH,YZ,x,-0.0625,y,0.4375,z,0.0625,1.0464464914025866,1.0464464914025866,0.0,0.10000280665515104,2.4393089401006476
2003,1.0,20dB_nominal_difference,real,truth_OFFLINE,OFFLINE_TRUTH,YZ,x,-0.0625,y,0.5625,z,0.0625,0.614206318322457,0.614206318322457,0.0,0.10000280665515104,2.4393089401006476
2003,1.0,20dB_nominal_difference,real,truth_OFFLINE,OFFLINE_TRUTH,YZ,x,-0.0625,y,0.6875,z,0.0625,0.33633519731516603,0.33633519731516603,0.0,0.10000280665515104,2.4393089401006476
2003,1.0,20dB_nominal_difference,real,truth_OFFLINE,OFFLINE_TRUTH,YZ,x,-0.0625,y,-0.6875,z,0.1875,0.23255642135225899,0.23255642135225899,0.0,0.10000280665515104,2.4393089401006476
2003,1.0,20dB_nominal_difference,real,truth_OFFLINE,OFFLINE_TRUTH,YZ,x,-0.0625,y,-0.5625,z,0.1875,0.4121769138697273,0.4121769138697273,0.0,0.10000280665515104,2.4393089401006476
2003,1.0,20dB_nominal_difference,real,truth_OFFLINE,OFFLINE_TRUTH,YZ,x,-0.0625,y,-0.4375,z,0.1875,0.6782568252537292,0.6782568252537292,0.0,0.10000280665515104,2.4393089401006476
2003,1.0,20dB_nominal_difference,real,truth_OFFLINE,OFFLINE_TRUTH,YZ,x,-0.0625,y,-0.3125,z,0.1875,0.9602152243241519,0.9602152243241519,0.0,0.10000280665515104,2.4393089401006476
2003,1.0,20dB_nominal_difference,real,truth_OFFLINE,OFFLINE_TRUTH,YZ,x,-0.0625,y,-0.1875,z,0.1875,1.181151380829835,1.181151380829835,0.0,0.10000280665515104,2.4393089401006476
2003,1.0,20dB_nominal_difference,real,truth_OFFLINE,OFFLINE_TRUTH,YZ,x,-0.0625,y,-0.0625,z,0.1875,1.3433270728347408,1.3433270728347408,0.0,0.10000280665515104,2.4393089401006476
2003,1.0,20dB_nominal_difference,real,truth_OFFLINE,OFFLINE_TRUTH,YZ,x,-0.0625,y,0.0625,z,0.1875,1.4641480724221085,1.4641480724221085,0.0,0.10000280665515104,2.4393089401006476
2003,1.0,20dB_nominal_difference,real,truth_OFFLINE,OFFLINE_TRUTH,YZ,x,-0.0625,y,0.1875,z,0.1875,1.4622252182837279,1.4622252182837279,0.0,0.10000280665515104,2.4393089401006476
2003,1.0,20dB_nominal_difference,real,truth_OFFLINE,OFFLINE_TRUTH,YZ,x,-0.0625,y,0.3125,z,0.1875,1.2674185717068691,1.2674185717068691,0.0,0.10000280665515104,2.4393089401006476
2003,1.0,20dB_nominal_difference,real,truth_OFFLINE,OFFLINE_TRUTH,YZ,x,-0.0625,y,0.4375,z,0.1875,0.9490954596284221,0.9490954596284221,0.0,0.10000280665515104,2.4393089401006476
2003,1.0,20dB_nominal_difference,real,truth_OFFLINE,OFFLINE_TRUTH,YZ,x,-0.0625,y,0.5625,z,0.1875,0.6235379162666301,0.6235379162666301,0.0,0.10000280665515104,2.4393089401006476
2003,1.0,20dB_nominal_difference,real,truth_OFFLINE,OFFLINE_TRUTH,YZ,x,-0.0625,y,0.6875,z,0.1875,0.365552791375108,0.365552791375108,0.0,0.10000280665515104,2.4393089401006476
2003,1.0,20dB_nominal_difference,real,truth_OFFLINE,OFFLINE_TRUTH,YZ,x,-0.0625,y,-0.6875,z,0.3125,0.16789421965744314,0.16789421965744314,0.0,0.10000280665515104,2.4393089401006476
2003,1.0,20dB_nominal_difference,real,truth_OFFLINE,OFFLINE_TRUTH,YZ,x,-0.0625,y,-0.5625,z,0.3125,0.2596244144942346,0.2596244144942346,0.0,0.10000280665515104,2.4393089401006476
2003,1.0,20dB_nominal_difference,real,truth_OFFLINE,OFFLINE_TRUTH,YZ,x,-0.0625,y,-0.4375,z,0.3125,0.39488990724054285,0.39488990724054285,0.0,0.10000280665515104,2.4393089401006476
2003,1.0,20dB_nominal_difference,real,truth_OFFLINE,OFFLINE_TRUTH,YZ,x,-0.0625,y,-0.3125,z,0.3125,0.537501272301452,0.537501272301452,0.0,0.10000280665515104,2.4393089401006476
2003,1.0,20dB_nominal_difference,real,truth_OFFLINE,OFFLINE_TRUTH,YZ,x,-0.0625,y,-0.1875,z,0.3125,0.6517652759029986,0.6517652759029986,0.0,0.10000280665515104,2.4393089401006476
2003,1.0,20dB_nominal_difference,real,truth_OFFLINE,OFFLINE_TRUTH,YZ,x,-0.0625,y,-0.0625,z,0.3125,0.7511454332313572,0.7511454332313572,0.0,0.10000280665515104,2.4393089401006476
2003,1.0,20dB_nominal_difference,real,truth_OFFLINE,OFFLINE_TRUTH,YZ,x,-0.0625,y,0.0625,z,0.3125,0.8622065001966145,0.8622065001966145,0.0,0.10000280665515104,2.4393089401006476
2003,1.0,20dB_nominal_difference,real,truth_OFFLINE,OFFLINE_TRUTH,YZ,x,-0.0625,y,0.1875,z,0.3125,0.9441148143702391,0.9441148143702391,0.0,0.10000280665515104,2.4393089401006476
2003,1.0,20dB_nominal_difference,real,truth_OFFLINE,OFFLINE_TRUTH,YZ,x,-0.0625,y,0.3125,z,0.3125,0.9231155305097005,0.9231155305097005,0.0,0.10000280665515104,2.4393089401006476
2003,1.0,20dB_nominal_difference,real,truth_OFFLINE,OFFLINE_TRUTH,YZ,x,-0.0625,y,0.4375,z,0.3125,0.7806947590296338,0.7806947590296338,0.0,0.10000280665515104,2.4393089401006476
2003,1.0,20dB_nominal_difference,real,truth_OFFLINE,OFFLINE_TRUTH,YZ,x,-0.0625,y,0.5625,z,0.3125,0.5628995376630692,0.5628995376630692,0.0,0.10000280665515104,2.4393089401006476
2003,1.0,20dB_nominal_difference,real,truth_OFFLINE,OFFLINE_TRUTH,YZ,x,-0.0625,y,0.6875,z,0.3125,0.3491019639108114,0.3491019639108114,0.0,0.10000280665515104,2.4393089401006476
2003,1.0,20dB_nominal_difference,real,truth_OFFLINE,OFFLINE_TRUTH,YZ,x,-0.0625,y,-0.6875,z,0.4375,0.12070972238072919,0.12070972238072919,0.0,0.10000280665515104,2.4393089401006476
2003,1.0,20dB_nominal_difference,real,truth_OFFLINE,OFFLINE_TRUTH,YZ,x,-0.0625,y,-0.5625,z,0.4375,0.14874938224852116,0.14874938224852116,0.0,0.10000280665515104,2.4393089401006476
2003,1.0,20dB_nominal_difference,real,truth_OFFLINE,OFFLINE_TRUTH,YZ,x,-0.0625,y,-0.4375,z,0.4375,0.1904772753152062,0.1904772753152062,0.0,0.10000280665515104,2.4393089401006476
2003,1.0,20dB_nominal_difference,real,truth_OFFLINE,OFFLINE_TRUTH,YZ,x,-0.0625,y,-0.3125,z,0.4375,0.23660415943949387,0.23660415943949387,0.0,0.10000280665515104,2.4393089401006476
2003,1.0,20dB_nominal_difference,real,truth_OFFLINE,OFFLINE_TRUTH,YZ,x,-0.0625,y,-0.1875,z,0.4375,0.2820486868265244,0.2820486868265244,0.0,0.10000280665515104,2.4393089401006476
2003,1.0,20dB_nominal_difference,real,truth_OFFLINE,OFFLINE_TRUTH,YZ,x,-0.0625,y,-0.0625,z,0.4375,0.34211356233501233,0.34211356233501233,0.0,0.10000280665515104,2.4393089401006476
2003,1.0,20dB_nominal_difference,real,truth_OFFLINE,OFFLINE_TRUTH,YZ,x,-0.0625,y,0.0625,z,0.4375,0.43314942342634766,0.43314942342634766,0.0,0.10000280665515104,2.4393089401006476
2003,1.0,20dB_nominal_difference,real,truth_OFFLINE,OFFLINE_TRUTH,YZ,x,-0.0625,y,0.1875,z,0.4375,0.5311232183812667,0.5311232183812667,0.0,0.10000280665515104,2.4393089401006476
2003,1.0,20dB_nominal_difference,real,truth_OFFLINE,OFFLINE_TRUTH,YZ,x,-0.0625,y,0.3125,z,0.4375,0.578303628667434,0.578303628667434,0.0,0.10000280665515104,2.4393089401006476
2003,1.0,20dB_nominal_difference,real,truth_OFFLINE,OFFLINE_TRUTH,YZ,x,-0.0625,y,0.4375,z,0.4375,0.5343085609097497,0.5343085609097497,0.0,0.10000280665515104,2.4393089401006476
2003,1.0,20dB_nominal_difference,real,truth_OFFLINE,OFFLINE_TRUTH,YZ,x,-0.0625,y,0.5625,z,0.4375,0.412495824784875,0.412495824784875,0.0,0.10000280665515104,2.4393089401006476
2003,1.0,20dB_nominal_difference,real,truth_OFFLINE,OFFLINE_TRUTH,YZ,x,-0.0625,y,0.6875,z,0.4375,0.27311373341305345,0.27311373341305345,0.0,0.10000280665515104,2.4393089401006476
2003,1.0,20dB_nominal_difference,real,truth_OFFLINE,OFFLINE_TRUTH,YZ,x,-0.0625,y,-0.6875,z,0.5625,0.10376490980483472,0.10376490980483472,0.0,0.10000280665515104,2.4393089401006476
2003,1.0,20dB_nominal_difference,real,truth_OFFLINE,OFFLINE_TRUTH,YZ,x,-0.0625,y,-0.5625,z,0.5625,0.10891178641657152,0.10891178641657152,0.0,0.10000280665515104,2.4393089401006476
2003,1.0,20dB_nominal_difference,real,truth_OFFLINE,OFFLINE_TRUTH,YZ,x,-0.0625,y,-0.4375,z,0.5625,0.11682863596651215,0.11682863596651215,0.0,0.10000280665515104,2.4393089401006476
2003,1.0,20dB_nominal_difference,real,truth_OFFLINE,OFFLINE_TRUTH,YZ,x,-0.0625,y,-0.3125,z,0.5625,0.1268635052601023,0.1268635052601023,0.0,0.10000280665515104,2.4393089401006476
2003,1.0,20dB_nominal_difference,real,truth_OFFLINE,OFFLINE_TRUTH,YZ,x,-0.0625,y,-0.1875,z,0.5625,0.1413469016507673,0.1413469016507673,0.0,0.10000280665515104,2.4393089401006476
2003,1.0,20dB_nominal_difference,real,truth_OFFLINE,OFFLINE_TRUTH,YZ,x,-0.0625,y,-0.0625,z,0.5625,0.169157369334158,0.169157369334158,0.0,0.10000280665515104,2.4393089401006476
2003,1.0,20dB_nominal_difference,real,truth_OFFLINE,OFFLINE_TRUTH,YZ,x,-0.0625,y,0.0625,z,0.5625,0.21756160476700737,0.21756160476700737,0.0,0.10000280665515104,2.4393089401006476
2003,1.0,20dB_nominal_difference,real,truth_OFFLINE,OFFLINE_TRUTH,YZ,x,-0.0625,y,0.1875,z,0.5625,0.275547133730799,0.275547133730799,0.0,0.10000280665515104,2.4393089401006476
2003,1.0,20dB_nominal_difference,real,truth_OFFLINE,OFFLINE_TRUTH,YZ,x,-0.0625,y,0.3125,z,0.5625,0.31320243724200736,0.31320243724200736,0.0,0.10000280665515104,2.4393089401006476
2003,1.0,20dB_nominal_difference,real,truth_OFFLINE,OFFLINE_TRUTH,YZ,x,-0.0625,y,0.4375,z,0.5625,0.30433998778255333,0.30433998778255333,0.0,0.10000280665515104,2.4393089401006476
2003,1.0,20dB_nominal_difference,real,truth_OFFLINE,OFFLINE_TRUTH,YZ,x,-0.0625,y,0.5625,z,0.5625,0.25130415166693953,0.25130415166693953,0.0,0.10000280665515104,2.4393089401006476
2003,1.0,20dB_nominal_difference,real,truth_OFFLINE,OFFLINE_TRUTH,YZ,x,-0.0625,y,0.6875,z,0.5625,0.18496247337200594,0.18496247337200594,0.0,0.10000280665515104,2.4393089401006476
2003,1.0,20dB_nominal_difference,real,truth_OFFLINE,OFFLINE_TRUTH,YZ,x,-0.0625,y,-0.6875,z,0.6875,0.10041010788383695,0.10041010788383695,0.0,0.10000280665515104,2.4393089401006476
2003,1.0,20dB_nominal_difference,real,truth_OFFLINE,OFFLINE_TRUTH,YZ,x,-0.0625,y,-0.5625,z,0.6875,0.10098768632882389,0.10098768632882389,0.0,0.10000280665515104,2.4393089401006476
2003,1.0,20dB_nominal_difference,real,truth_OFFLINE,OFFLINE_TRUTH,YZ,x,-0.0625,y,-0.4375,z,0.6875,0.10196462667755618,0.10196462667755618,0.0,0.10000280665515104,2.4393089401006476
2003,1.0,20dB_nominal_difference,real,truth_OFFLINE,OFFLINE_TRUTH,YZ,x,-0.0625,y,-0.3125,z,0.6875,0.10363362461937893,0.10363362461937893,0.0,0.10000280665515104,2.4393089401006476
2003,1.0,20dB_nominal_difference,real,truth_OFFLINE,OFFLINE_TRUTH,YZ,x,-0.0625,y,-0.1875,z,0.6875,0.10740220665865663,0.10740220665865663,0.0,0.10000280665515104,2.4393089401006476
2003,1.0,20dB_nominal_difference,real,truth_OFFLINE,OFFLINE_TRUTH,YZ,x,-0.0625,y,-0.0625,z,0.6875,0.11644264038831217,0.11644264038831217,0.0,0.10000280665515104,2.4393089401006476
2003,1.0,20dB_nominal_difference,real,truth_OFFLINE,OFFLINE_TRUTH,YZ,x,-0.0625,y,0.0625,z,0.6875,0.13320937147536027,0.13320937147536027,0.0,0.10000280665515104,2.4393089401006476
2003,1.0,20dB_nominal_difference,real,truth_OFFLINE,OFFLINE_TRUTH,YZ,x,-0.0625,y,0.1875,z,0.6875,0.15426362840322297,0.15426362840322297,0.0,0.10000280665515104,2.4393089401006476
2003,1.0,20dB_nominal_difference,real,truth_OFFLINE,OFFLINE_TRUTH,YZ,x,-0.0625,y,0.3125,z,0.6875,0.16926191145929204,0.16926191145929204,0.0,0.10000280665515104,2.4393089401006476
2003,1.0,20dB_nominal_difference,real,truth_OFFLINE,OFFLINE_TRUTH,YZ,x,-0.0625,y,0.4375,z,0.6875,0.16822805989190653,0.16822805989190653,0.0,0.10000280665515104,2.4393089401006476
2003,1.0,20dB_nominal_difference,real,truth_OFFLINE,OFFLINE_TRUTH,YZ,x,-0.0625,y,0.5625,z,0.6875,0.15122342744262568,0.15122342744262568,0.0,0.10000280665515104,2.4393089401006476
2003,1.0,20dB_nominal_difference,real,truth_OFFLINE,OFFLINE_TRUTH,YZ,x,-0.0625,y,0.6875,z,0.6875,0.12894625703496232,0.12894625703496232,0.0,0.10000280665515104,2.4393089401006476
2003,1.0,20dB_nominal_difference,real,dressed_linear_chi,REJECTED_PHYSICAL,XY,z,-0.0625,x,-0.6875,y,-0.6875,0.1553024191438319,0.21926345059165356,0.06396103144782167,0.10000280665515104,2.4393089401006476
2003,1.0,20dB_nominal_difference,real,dressed_linear_chi,REJECTED_PHYSICAL,XY,z,-0.0625,x,-0.5625,y,-0.6875,0.19865097496467185,0.2771910355130351,0.07854006054836324,0.10000280665515104,2.4393089401006476
2003,1.0,20dB_nominal_difference,real,dressed_linear_chi,REJECTED_PHYSICAL,XY,z,-0.0625,x,-0.4375,y,-0.6875,0.24067148773868327,0.3093148050766418,0.0686433173379585,0.10000280665515104,2.4393089401006476
2003,1.0,20dB_nominal_difference,real,dressed_linear_chi,REJECTED_PHYSICAL,XY,z,-0.0625,x,-0.3125,y,-0.6875,0.26055573239087537,0.3223229145970504,0.06176718220617505,0.10000280665515104,2.4393089401006476
2003,1.0,20dB_nominal_difference,real,dressed_linear_chi,REJECTED_PHYSICAL,XY,z,-0.0625,x,-0.1875,y,-0.6875,0.24705037152265574,0.3218251242665026,0.07477475274384687,0.10000280665515104,2.4393089401006476
2003,1.0,20dB_nominal_difference,real,dressed_linear_chi,REJECTED_PHYSICAL,XY,z,-0.0625,x,-0.0625,y,-0.6875,0.20859549320921714,0.3127208759000696,0.10412538269085245,0.10000280665515104,2.4393089401006476
2003,1.0,20dB_nominal_difference,real,dressed_linear_chi,REJECTED_PHYSICAL,XY,z,-0.0625,x,0.0625,y,-0.6875,0.16522443474432935,0.29795947504023124,0.13273504029590188,0.10000280665515104,2.4393089401006476
2003,1.0,20dB_nominal_difference,real,dressed_linear_chi,REJECTED_PHYSICAL,XY,z,-0.0625,x,0.1875,y,-0.6875,0.13232114791405827,0.27860131783353226,0.14628016991947398,0.10000280665515104,2.4393089401006476
2003,1.0,20dB_nominal_difference,real,dressed_linear_chi,REJECTED_PHYSICAL,XY,z,-0.0625,x,0.3125,y,-0.6875,0.11349145559804033,0.2545474269428005,0.1410559713447602,0.10000280665515104,2.4393089401006476
2003,1.0,20dB_nominal_difference,real,dressed_linear_chi,REJECTED_PHYSICAL,XY,z,-0.0625,x,0.4375,y,-0.6875,0.10485680281317329,0.22531802337745402,0.12046122056428073,0.10000280665515104,2.4393089401006476
2003,1.0,20dB_nominal_difference,real,dressed_linear_chi,REJECTED_PHYSICAL,XY,z,-0.0625,x,0.5625,y,-0.6875,0.10153249102044401,0.18960198053069505,0.08806948951025104,0.10000280665515104,2.4393089401006476
2003,1.0,20dB_nominal_difference,real,dressed_linear_chi,REJECTED_PHYSICAL,XY,z,-0.0625,x,0.6875,y,-0.6875,0.10042312044366655,0.13700918803097845,0.03658606758731189,0.10000280665515104,2.4393089401006476
2003,1.0,20dB_nominal_difference,real,dressed_linear_chi,REJECTED_PHYSICAL,XY,z,-0.0625,x,-0.6875,y,-0.5625,0.23212028886384556,0.4104448923559112,0.17832460349206564,0.10000280665515104,2.4393089401006476
2003,1.0,20dB_nominal_difference,real,dressed_linear_chi,REJECTED_PHYSICAL,XY,z,-0.0625,x,-0.5625,y,-0.5625,0.3349799033292657,0.4607932378480608,0.12581333451879512,0.10000280665515104,2.4393089401006476
2003,1.0,20dB_nominal_difference,real,dressed_linear_chi,REJECTED_PHYSICAL,XY,z,-0.0625,x,-0.4375,y,-0.5625,0.43442341050431166,0.47045422575706863,0.036030815252756976,0.10000280665515104,2.4393089401006476
2003,1.0,20dB_nominal_difference,real,dressed_linear_chi,REJECTED_PHYSICAL,XY,z,-0.0625,x,-0.3125,y,-0.5625,0.4817815432708935,0.45694681258774206,-0.02483473068315145,0.10000280665515104,2.4393089401006476
2003,1.0,20dB_nominal_difference,real,dressed_linear_chi,REJECTED_PHYSICAL,XY,z,-0.0625,x,-0.1875,y,-0.5625,0.4512198124535277,0.42872552378283457,-0.02249428867069314,0.10000280665515104,2.4393089401006476
2003,1.0,20dB_nominal_difference,real,dressed_linear_chi,REJECTED_PHYSICAL,XY,z,-0.0625,x,-0.0625,y,-0.5625,0.36254148382736917,0.39275971912355245,0.030218235296183282,0.10000280665515104,2.4393089401006476
2003,1.0,20dB_nominal_difference,real,dressed_linear_chi,REJECTED_PHYSICAL,XY,z,-0.0625,x,0.0625,y,-0.5625,0.2617078623589451,0.3536782012850287,0.09197033892608358,0.10000280665515104,2.4393089401006476
2003,1.0,20dB_nominal_difference,real,dressed_linear_chi,REJECTED_PHYSICAL,XY,z,-0.0625,x,0.1875,y,-0.5625,0.18377767576553278,0.31369330076501256,0.12991562499947978,0.10000280665515104,2.4393089401006476
2003,1.0,20dB_nominal_difference,real,dressed_linear_chi,REJECTED_PHYSICAL,XY,z,-0.0625,x,0.3125,y,-0.5625,0.13740163431016544,0.2734082258226481,0.13600659151248268,0.10000280665515104,2.4393089401006476
2003,1.0,20dB_nominal_difference,real,dressed_linear_chi,REJECTED_PHYSICAL,XY,z,-0.0625,x,0.4375,y,-0.5625,0.11464701877535678,0.23320819276677224,0.11856117399141546,0.10000280665515104,2.4393089401006476
2003,1.0,20dB_nominal_difference,real,dressed_linear_chi,REJECTED_PHYSICAL,XY,z,-0.0625,x,0.5625,y,-0.5625,0.10502990889008713,0.19525410773571666,0.09022419884562953,0.10000280665515104,2.4393089401006476
2003,1.0,20dB_nominal_difference,real,dressed_linear_chi,REJECTED_PHYSICAL,XY,z,-0.0625,x,0.6875,y,-0.5625,0.10148535383924712,0.16404167712642798,0.06255632328718086,0.10000280665515104,2.4393089401006476
2003,1.0,20dB_nominal_difference,real,dressed_linear_chi,REJECTED_PHYSICAL,XY,z,-0.0625,x,-0.6875,y,-0.4375,0.34742989304929783,0.5544539951700846,0.2070241021207868,0.10000280665515104,2.4393089401006476
2003,1.0,20dB_nominal_difference,real,dressed_linear_chi,REJECTED_PHYSICAL,XY,z,-0.0625,x,-0.5625,y,-0.4375,0.5395979001659335,0.607987668045471,0.06838976787953754,0.10000280665515104,2.4393089401006476
2003,1.0,20dB_nominal_difference,real,dressed_linear_chi,REJECTED_PHYSICAL,XY,z,-0.0625,x,-0.4375,y,-0.4375,0.7260487781078776,0.610745875596013,-0.11530290251186459,0.10000280665515104,2.4393089401006476
2003,1.0,20dB_nominal_difference,real,dressed_linear_chi,REJECTED_PHYSICAL,XY,z,-0.0625,x,-0.3125,y,-0.4375,0.8178092722125833,0.5838434786952521,-0.23396579351733116,0.10000280665515104,2.4393089401006476
2003,1.0,20dB_nominal_difference,real,dressed_linear_chi,REJECTED_PHYSICAL,XY,z,-0.0625,x,-0.1875,y,-0.4375,0.7680205537853748,0.5386769785168696,-0.22934357526850524,0.10000280665515104,2.4393089401006476
2003,1.0,20dB_nominal_difference,real,dressed_linear_chi,REJECTED_PHYSICAL,XY,z,-0.0625,x,-0.0625,y,-0.4375,0.6116537993530816,0.4840295329893628,-0.12762426636371882,0.10000280665515104,2.4393089401006476
2003,1.0,20dB_nominal_difference,real,dressed_linear_chi,REJECTED_PHYSICAL,XY,z,-0.0625,x,0.0625,y,-0.4375,0.42932604475479164,0.4257879135573013,-0.0035381311974903573,0.10000280665515104,2.4393089401006476
2003,1.0,20dB_nominal_difference,real,dressed_linear_chi,REJECTED_PHYSICAL,XY,z,-0.0625,x,0.1875,y,-0.4375,0.2826771304935804,0.36719464070817254,0.08451751021459214,0.10000280665515104,2.4393089401006476
2003,1.0,20dB_nominal_difference,real,dressed_linear_chi,REJECTED_PHYSICAL,XY,z,-0.0625,x,0.3125,y,-0.4375,0.1890648360199925,0.30996443397396267,0.12089959795397018,0.10000280665515104,2.4393089401006476
2003,1.0,20dB_nominal_difference,real,dressed_linear_chi,REJECTED_PHYSICAL,XY,z,-0.0625,x,0.4375,y,-0.4375,0.13821120569415402,0.2561512053537445,0.11793999965959051,0.10000280665515104,2.4393089401006476
2003,1.0,20dB_nominal_difference,real,dressed_linear_chi,REJECTED_PHYSICAL,XY,z,-0.0625,x,0.5625,y,-0.4375,0.11413499884626523,0.21045961516091888,0.09632461631465365,0.10000280665515104,2.4393089401006476
2003,1.0,20dB_nominal_difference,real,dressed_linear_chi,REJECTED_PHYSICAL,XY,z,-0.0625,x,0.6875,y,-0.4375,0.10437532223490621,0.17564407652695624,0.07126875429205003,0.10000280665515104,2.4393089401006476
2003,1.0,20dB_nominal_difference,real,dressed_linear_chi,REJECTED_PHYSICAL,XY,z,-0.0625,x,-0.6875,y,-0.3125,0.47141588431350434,0.6703728413217184,0.19895695700821403,0.10000280665515104,2.4393089401006476
2003,1.0,20dB_nominal_difference,real,dressed_linear_chi,REJECTED_PHYSICAL,XY,z,-0.0625,x,-0.5625,y,-0.3125,0.7631807575018051,0.7288875336871956,-0.03429322381460953,0.10000280665515104,2.4393089401006476
2003,1.0,20dB_nominal_difference,real,dressed_linear_chi,REJECTED_PHYSICAL,XY,z,-0.0625,x,-0.4375,y,-0.3125,1.0512379918332335,0.7324586710076444,-0.31877932082558913,0.10000280665515104,2.4393089401006476
2003,1.0,20dB_nominal_difference,real,dressed_linear_chi,REJECTED_PHYSICAL,XY,z,-0.0625,x,-0.3125,y,-0.3125,1.2040981972682998,0.70140742861341,-0.5026907686548898,0.10000280665515104,2.4393089401006476
2003,1.0,20dB_nominal_difference,real,dressed_linear_chi,REJECTED_PHYSICAL,XY,z,-0.0625,x,-0.1875,y,-0.3125,1.1510488153136431,0.6480022900212637,-0.5030465252923794,0.10000280665515104,2.4393089401006476
2003,1.0,20dB_nominal_difference,real,dressed_linear_chi,REJECTED_PHYSICAL,XY,z,-0.0625,x,-0.0625,y,-0.3125,0.9382279287440176,0.5818432886171806,-0.356384640126837,0.10000280665515104,2.4393089401006476
2003,1.0,20dB_nominal_difference,real,dressed_linear_chi,REJECTED_PHYSICAL,XY,z,-0.0625,x,0.0625,y,-0.3125,0.6754300013164558,0.5095093245994482,-0.1659206767170076,0.10000280665515104,2.4393089401006476
2003,1.0,20dB_nominal_difference,real,dressed_linear_chi,REJECTED_PHYSICAL,XY,z,-0.0625,x,0.1875,y,-0.3125,0.44804142302673045,0.4349686702035849,-0.013072752823145573,0.10000280665515104,2.4393089401006476
2003,1.0,20dB_nominal_difference,real,dressed_linear_chi,REJECTED_PHYSICAL,XY,z,-0.0625,x,0.3125,y,-0.3125,0.2863367520168647,0.36084537252283744,0.07450862050597273,0.10000280665515104,2.4393089401006476
2003,1.0,20dB_nominal_difference,real,dressed_linear_chi,REJECTED_PHYSICAL,XY,z,-0.0625,x,0.4375,y,-0.3125,0.18654806607589558,0.29027497247169887,0.10372690639580329,0.10000280665515104,2.4393089401006476
2003,1.0,20dB_nominal_difference,real,dressed_linear_chi,REJECTED_PHYSICAL,XY,z,-0.0625,x,0.5625,y,-0.3125,0.1337171009104705,0.22857445655302308,0.09485735564255257,0.10000280665515104,2.4393089401006476
2003,1.0,20dB_nominal_difference,real,dressed_linear_chi,REJECTED_PHYSICAL,XY,z,-0.0625,x,0.6875,y,-0.3125,0.11068803743552963,0.17502303209911949,0.06433499466358986,0.10000280665515104,2.4393089401006476
2003,1.0,20dB_nominal_difference,real,dressed_linear_chi,REJECTED_PHYSICAL,XY,z,-0.0625,x,-0.6875,y,-0.1875,0.5696468267306692,0.7630630655780003,0.19341623884733106,0.10000280665515104,2.4393089401006476
2003,1.0,20dB_nominal_difference,real,dressed_linear_chi,REJECTED_PHYSICAL,XY,z,-0.0625,x,-0.5625,y,-0.1875,0.9558282914551371,0.8257576678813932,-0.130070623573744,0.10000280665515104,2.4393089401006476
2003,1.0,20dB_nominal_difference,real,dressed_linear_chi,REJECTED_PHYSICAL,XY,z,-0.0625,x,-0.4375,y,-0.1875,1.3542696548424873,0.8345053380261623,-0.519764316816325,0.10000280665515104,2.4393089401006476
2003,1.0,20dB_nominal_difference,real,dressed_linear_chi,REJECTED_PHYSICAL,XY,z,-0.0625,x,-0.3125,y,-0.1875,1.5933869493856638,0.8064375676443899,-0.7869493817412739,0.10000280665515104,2.4393089401006476
2003,1.0,20dB_nominal_difference,real,dressed_linear_chi,REJECTED_PHYSICAL,XY,z,-0.0625,x,-0.1875,y,-0.1875,1.57219576646612,0.7528398239775176,-0.8193559424886023,0.10000280665515104,2.4393089401006476
2003,1.0,20dB_nominal_difference,real,dressed_linear_chi,REJECTED_PHYSICAL,XY,z,-0.0625,x,-0.0625,y,-0.1875,1.3358655739364922,0.6826983957153996,-0.6531671782210926,0.10000280665515104,2.4393089401006476
2003,1.0,20dB_nominal_difference,real,dressed_linear_chi,REJECTED_PHYSICAL,XY,z,-0.0625,x,0.0625,y,-0.1875,1.0103148515285243,0.6023296869985366,-0.4079851645299877,0.10000280665515104,2.4393089401006476
2003,1.0,20dB_nominal_difference,real,dressed_linear_chi,REJECTED_PHYSICAL,XY,z,-0.0625,x,0.1875,y,-0.1875,0.6973351976865888,0.5157971891429826,-0.18153800854360624,0.10000280665515104,2.4393089401006476
2003,1.0,20dB_nominal_difference,real,dressed_linear_chi,REJECTED_PHYSICAL,XY,z,-0.0625,x,0.3125,y,-0.1875,0.4445849133410964,0.42612903378113176,-0.01845587955996464,0.10000280665515104,2.4393089401006476
2003,1.0,20dB_nominal_difference,real,dressed_linear_chi,REJECTED_PHYSICAL,XY,z,-0.0625,x,0.4375,y,-0.1875,0.2686083196632556,0.3369812824813897,0.0683729628181341,0.10000280665515104,2.4393089401006476
2003,1.0,20dB_nominal_difference,real,dressed_linear_chi,REJECTED_PHYSICAL,XY,z,-0.0625,x,0.5625,y,-0.1875,0.1673446911406377,0.25392282814832445,0.08657813700768674,0.10000280665515104,2.4393089401006476
2003,1.0,20dB_nominal_difference,real,dressed_linear_chi,REJECTED_PHYSICAL,XY,z,-0.0625,x,0.6875,y,-0.1875,0.12139907314350658,0.17389117602242,0.05249210287891341,0.10000280665515104,2.4393089401006476
2003,1.0,20dB_nominal_difference,real,dressed_linear_chi,REJECTED_PHYSICAL,XY,z,-0.0625,x,-0.6875,y,-0.0625,0.6283217544571117,0.8313124771429182,0.20299072268580653,0.10000280665515104,2.4393089401006476
2003,1.0,20dB_nominal_difference,real,dressed_linear_chi,REJECTED_PHYSICAL,XY,z,-0.0625,x,-0.5625,y,-0.0625,1.1052708288225817,0.8964171366131582,-0.2088536922094234,0.10000280665515104,2.4393089401006476
2003,1.0,20dB_nominal_difference,real,dressed_linear_chi,REJECTED_PHYSICAL,XY,z,-0.0625,x,-0.4375,y,-0.0625,1.6347240816154451,0.9132485641916661,-0.721475517423779,0.10000280665515104,2.4393089401006476
2003,1.0,20dB_nominal_difference,real,dressed_linear_chi,REJECTED_PHYSICAL,XY,z,-0.0625,x,-0.3125,y,-0.0625,2.0005382121427666,0.8939474374553613,-1.1065907746874053,0.10000280665515104,2.4393089401006476
2003,1.0,20dB_nominal_difference,real,dressed_linear_chi,REJECTED_PHYSICAL,XY,z,-0.0625,x,-0.1875,y,-0.0625,2.0513647403546127,0.8473285035018188,-1.204036236852794,0.10000280665515104,2.4393089401006476
2003,1.0,20dB_nominal_difference,real,dressed_linear_chi,REJECTED_PHYSICAL,XY,z,-0.0625,x,-0.0625,y,-0.0625,1.8153929619320532,0.7804387669347264,-1.0349541949973269,0.10000280665515104,2.4393089401006476
2003,1.0,20dB_nominal_difference,real,dressed_linear_chi,REJECTED_PHYSICAL,XY,z,-0.0625,x,0.0625,y,-0.0625,1.432022565918859,0.6983735839854088,-0.7336489819334502,0.10000280665515104,2.4393089401006476
2003,1.0,20dB_nominal_difference,real,dressed_linear_chi,REJECTED_PHYSICAL,XY,z,-0.0625,x,0.1875,y,-0.0625,1.0219508852778023,0.6046502069630852,-0.41730067831471707,0.10000280665515104,2.4393089401006476
2003,1.0,20dB_nominal_difference,real,dressed_linear_chi,REJECTED_PHYSICAL,XY,z,-0.0625,x,0.3125,y,-0.0625,0.6547340167083282,0.5022575996863087,-0.15247641702201953,0.10000280665515104,2.4393089401006476
2003,1.0,20dB_nominal_difference,real,dressed_linear_chi,REJECTED_PHYSICAL,XY,z,-0.0625,x,0.4375,y,-0.0625,0.37750291054443263,0.3951118482946048,0.017608937750172138,0.10000280665515104,2.4393089401006476
2003,1.0,20dB_nominal_difference,real,dressed_linear_chi,REJECTED_PHYSICAL,XY,z,-0.0625,x,0.5625,y,-0.0625,0.21096282267272176,0.2892190956639066,0.07825627299118482,0.10000280665515104,2.4393089401006476
2003,1.0,20dB_nominal_difference,real,dressed_linear_chi,REJECTED_PHYSICAL,XY,z,-0.0625,x,0.6875,y,-0.0625,0.13473952340882195,0.18010390101174076,0.04536437760291881,0.10000280665515104,2.4393089401006476
2003,1.0,20dB_nominal_difference,real,dressed_linear_chi,REJECTED_PHYSICAL,XY,z,-0.0625,x,-0.6875,y,0.0625,0.6210759620670193,0.8660972969661385,0.24502133489911915,0.10000280665515104,2.4393089401006476
2003,1.0,20dB_nominal_difference,real,dressed_linear_chi,REJECTED_PHYSICAL,XY,z,-0.0625,x,-0.5625,y,0.0625,1.1495567058371055,0.9322144493811508,-0.21734225645595462,0.10000280665515104,2.4393089401006476
2003,1.0,20dB_nominal_difference,real,dressed_linear_chi,REJECTED_PHYSICAL,XY,z,-0.0625,x,-0.4375,y,0.0625,1.7869051011800234,0.9599150907449896,-0.8269900104350338,0.10000280665515104,2.4393089401006476
2003,1.0,20dB_nominal_difference,real,dressed_linear_chi,REJECTED_PHYSICAL,XY,z,-0.0625,x,-0.3125,y,0.0625,2.286812997437625,0.9546851347834125,-1.3321278626542123,0.10000280665515104,2.4393089401006476
2003,1.0,20dB_nominal_difference,real,dressed_linear_chi,REJECTED_PHYSICAL,XY,z,-0.0625,x,-0.1875,y,0.0625,2.4393089401006476,0.9215005550402762,-1.5178083850603714,0.10000280665515104,2.4393089401006476
2003,1.0,20dB_nominal_difference,real,dressed_linear_chi,REJECTED_PHYSICAL,XY,z,-0.0625,x,-0.0625,y,0.0625,2.2364472185799547,0.8644423242717834,-1.3720048943081713,0.10000280665515104,2.4393089401006476
2003,1.0,20dB_nominal_difference,real,dressed_linear_chi,REJECTED_PHYSICAL,XY,z,-0.0625,x,0.0625,y,0.0625,1.8205734832232667,0.7867443564811958,-1.033829126742071,0.10000280665515104,2.4393089401006476
2003,1.0,20dB_nominal_difference,real,dressed_linear_chi,REJECTED_PHYSICAL,XY,z,-0.0625,x,0.1875,y,0.0625,1.3288412623740355,0.6910166057413244,-0.6378246566327112,0.10000280665515104,2.4393089401006476
2003,1.0,20dB_nominal_difference,real,dressed_linear_chi,REJECTED_PHYSICAL,XY,z,-0.0625,x,0.3125,y,0.0625,0.8534290111612901,0.5800097267779883,-0.27341928438330176,0.10000280665515104,2.4393089401006476
2003,1.0,20dB_nominal_difference,real,dressed_linear_chi,REJECTED_PHYSICAL,XY,z,-0.0625,x,0.4375,y,0.0625,0.4773069372254948,0.45783139438048637,-0.01947554284500841,0.10000280665515104,2.4393089401006476
2003,1.0,20dB_nominal_difference,real,dressed_linear_chi,REJECTED_PHYSICAL,XY,z,-0.0625,x,0.5625,y,0.0625,0.24851702811324247,0.3310854767123317,0.08256844859908921,0.10000280665515104,2.4393089401006476
2003,1.0,20dB_nominal_difference,real,dressed_linear_chi,REJECTED_PHYSICAL,XY,z,-0.0625,x,0.6875,y,0.0625,0.14525379334639565,0.19446208226999734,0.049208288923601684,0.10000280665515104,2.4393089401006476
2003,1.0,20dB_nominal_difference,real,dressed_linear_chi,REJECTED_PHYSICAL,XY,z,-0.0625,x,-0.6875,y,0.1875,0.5103021576475198,0.8505572473757056,0.34025508972818574,0.10000280665515104,2.4393089401006476
2003,1.0,20dB_nominal_difference,real,dressed_linear_chi,REJECTED_PHYSICAL,XY,z,-0.0625,x,-0.5625,y,0.1875,0.9743923479894698,0.918107987881452,-0.05628436010801785,0.10000280665515104,2.4393089401006476
2003,1.0,20dB_nominal_difference,real,dressed_linear_chi,REJECTED_PHYSICAL,XY,z,-0.0625,x,-0.4375,y,0.1875,1.5811825065528802,0.9607277092544217,-0.6204547972984584,0.10000280665515104,2.4393089401006476
2003,1.0,20dB_nominal_difference,real,dressed_linear_chi,REJECTED_PHYSICAL,XY,z,-0.0625,x,-0.3125,y,0.1875,2.1176174428339274,0.9752256818875802,-1.1423917609463472,0.10000280665515104,2.4393089401006476
2003,1.0,20dB_nominal_difference,real,dressed_linear_chi,REJECTED_PHYSICAL,XY,z,-0.0625,x,-0.1875,y,0.1875,2.3639038086931112,0.9613620388557632,-1.402541769837348,0.10000280665515104,2.4393089401006476
2003,1.0,20dB_nominal_difference,real,dressed_linear_chi,REJECTED_PHYSICAL,XY,z,-0.0625,x,-0.0625,y,0.1875,2.2667470865639103,0.9197209888602728,-1.3470260977036377,0.10000280665515104,2.4393089401006476
2003,1.0,20dB_nominal_difference,real,dressed_linear_chi,REJECTED_PHYSICAL,XY,z,-0.0625,x,0.0625,y,0.1875,1.9225619728156096,0.8516179829551845,-1.070943989860425,0.10000280665515104,2.4393089401006476
2003,1.0,20dB_nominal_difference,real,dressed_linear_chi,REJECTED_PHYSICAL,XY,z,-0.0625,x,0.1875,y,0.1875,1.4442630593714165,0.7588769911671479,-0.6853860682042686,0.10000280665515104,2.4393089401006476
2003,1.0,20dB_nominal_difference,real,dressed_linear_chi,REJECTED_PHYSICAL,XY,z,-0.0625,x,0.3125,y,0.1875,0.9345859320194754,0.6441389365702002,-0.2904469954492752,0.10000280665515104,2.4393089401006476
2003,1.0,20dB_nominal_difference,real,dressed_linear_chi,REJECTED_PHYSICAL,XY,z,-0.0625,x,0.4375,y,0.1875,0.5142921268065137,0.5117323867383639,-0.0025597400681498517,0.10000280665515104,2.4393089401006476
2003,1.0,20dB_nominal_difference,real,dressed_linear_chi,REJECTED_PHYSICAL,XY,z,-0.0625,x,0.5625,y,0.1875,0.2589989308679361,0.3687820814153472,0.10978315054741111,0.10000280665515104,2.4393089401006476
2003,1.0,20dB_nominal_difference,real,dressed_linear_chi,REJECTED_PHYSICAL,XY,z,-0.0625,x,0.6875,y,0.1875,0.1468137239358196,0.20945019124853845,0.06263646731271885,0.10000280665515104,2.4393089401006476
2003,1.0,20dB_nominal_difference,real,dressed_linear_chi,REJECTED_PHYSICAL,XY,z,-0.0625,x,-0.6875,y,0.3125,0.3360942864355679,0.7619296503848881,0.42583536394932026,0.10000280665515104,2.4393089401006476
2003,1.0,20dB_nominal_difference,real,dressed_linear_chi,REJECTED_PHYSICAL,XY,z,-0.0625,x,-0.5625,y,0.3125,0.6312491800006208,0.8353138735957631,0.20406469359514234,0.10000280665515104,2.4393089401006476
2003,1.0,20dB_nominal_difference,real,dressed_linear_chi,REJECTED_PHYSICAL,XY,z,-0.0625,x,-0.4375,y,0.3125,1.051716919029555,0.9000596849909536,-0.15165723403860143,0.10000280665515104,2.4393089401006476
2003,1.0,20dB_nominal_difference,real,dressed_linear_chi,REJECTED_PHYSICAL,XY,z,-0.0625,x,-0.3125,y,0.3125,1.4763014191651487,0.9409675788764235,-0.5353338402887252,0.10000280665515104,2.4393089401006476
2003,1.0,20dB_nominal_difference,real,dressed_linear_chi,REJECTED_PHYSICAL,XY,z,-0.0625,x,-0.1875,y,0.3125,1.749301509560281,0.9515352321397047,-0.7977662774205764,0.10000280665515104,2.4393089401006476
2003,1.0,20dB_nominal_difference,real,dressed_linear_chi,REJECTED_PHYSICAL,XY,z,-0.0625,x,-0.0625,y,0.3125,1.793712116179598,0.9293245596209037,-0.8643875565586943,0.10000280665515104,2.4393089401006476
2003,1.0,20dB_nominal_difference,real,dressed_linear_chi,REJECTED_PHYSICAL,XY,z,-0.0625,x,0.0625,y,0.3125,1.6202018443297486,0.874522893104369,-0.7456789512253795,0.10000280665515104,2.4393089401006476
2003,1.0,20dB_nominal_difference,real,dressed_linear_chi,REJECTED_PHYSICAL,XY,z,-0.0625,x,0.1875,y,0.3125,1.2708048299039434,0.7888626295676384,-0.48194220033630497,0.10000280665515104,2.4393089401006476
2003,1.0,20dB_nominal_difference,real,dressed_linear_chi,REJECTED_PHYSICAL,XY,z,-0.0625,x,0.3125,y,0.3125,0.8364409971732933,0.6753585152494794,-0.1610824819238139,0.10000280665515104,2.4393089401006476
2003,1.0,20dB_nominal_difference,real,dressed_linear_chi,REJECTED_PHYSICAL,XY,z,-0.0625,x,0.4375,y,0.3125,0.46072484726214424,0.5386596270916555,0.07793477982951125,0.10000280665515104,2.4393089401006476
2003,1.0,20dB_nominal_difference,real,dressed_linear_chi,REJECTED_PHYSICAL,XY,z,-0.0625,x,0.5625,y,0.3125,0.23431364009164465,0.38591199814988497,0.15159835805824032,0.10000280665515104,2.4393089401006476
2003,1.0,20dB_nominal_difference,real,dressed_linear_chi,REJECTED_PHYSICAL,XY,z,-0.0625,x,0.6875,y,0.3125,0.13809446433182498,0.2104918881954073,0.0723974238635823,0.10000280665515104,2.4393089401006476
2003,1.0,20dB_nominal_difference,real,dressed_linear_chi,REJECTED_PHYSICAL,XY,z,-0.0625,x,-0.6875,y,0.4375,0.19636527008616136,0.5739881291149367,0.37762285902877535,0.10000280665515104,2.4393089401006476
2003,1.0,20dB_nominal_difference,real,dressed_linear_chi,REJECTED_PHYSICAL,XY,z,-0.0625,x,-0.5625,y,0.4375,0.3304065909531588,0.6667187296048972,0.3363121386517384,0.10000280665515104,2.4393089401006476
2003,1.0,20dB_nominal_difference,real,dressed_linear_chi,REJECTED_PHYSICAL,XY,z,-0.0625,x,-0.4375,y,0.4375,0.5423290814138372,0.7667740742923151,0.22444499287847797,0.10000280665515104,2.4393089401006476
2003,1.0,20dB_nominal_difference,real,dressed_linear_chi,REJECTED_PHYSICAL,XY,z,-0.0625,x,-0.3125,y,0.4375,0.7931632953463006,0.8415592931702308,0.048395997823930226,0.10000280665515104,2.4393089401006476
2003,1.0,20dB_nominal_difference,real,dressed_linear_chi,REJECTED_PHYSICAL,XY,z,-0.0625,x,-0.1875,y,0.4375,1.0109569031931351,0.8797713356130098,-0.13118556758012534,0.10000280665515104,2.4393089401006476
2003,1.0,20dB_nominal_difference,real,dressed_linear_chi,REJECTED_PHYSICAL,XY,z,-0.0625,x,-0.0625,y,0.4375,1.1301085851110904,0.8784397751454548,-0.25166880996563556,0.10000280665515104,2.4393089401006476
2003,1.0,20dB_nominal_difference,real,dressed_linear_chi,REJECTED_PHYSICAL,XY,z,-0.0625,x,0.0625,y,0.4375,1.1019077672419235,0.8383488661305805,-0.26355890111134306,0.10000280665515104,2.4393089401006476
2003,1.0,20dB_nominal_difference,real,dressed_linear_chi,REJECTED_PHYSICAL,XY,z,-0.0625,x,0.1875,y,0.4375,0.9075131061369519,0.7622576049578489,-0.14525550117910302,0.10000280665515104,2.4393089401006476
2003,1.0,20dB_nominal_difference,real,dressed_linear_chi,REJECTED_PHYSICAL,XY,z,-0.0625,x,0.3125,y,0.4375,0.6121332670893772,0.6543293538981796,0.04219608680880238,0.10000280665515104,2.4393089401006476
2003,1.0,20dB_nominal_difference,real,dressed_linear_chi,REJECTED_PHYSICAL,XY,z,-0.0625,x,0.4375,y,0.4375,0.34617517019153404,0.5198267998526013,0.17365162966106723,0.10000280665515104,2.4393089401006476
2003,1.0,20dB_nominal_difference,real,dressed_linear_chi,REJECTED_PHYSICAL,XY,z,-0.0625,x,0.5625,y,0.4375,0.18863892492293355,0.3648935423729449,0.17625461745001136,0.10000280665515104,2.4393089401006476
2003,1.0,20dB_nominal_difference,real,dressed_linear_chi,REJECTED_PHYSICAL,XY,z,-0.0625,x,0.6875,y,0.4375,0.12420986700759837,0.17993653332948584,0.05572666632188747,0.10000280665515104,2.4393089401006476
2003,1.0,20dB_nominal_difference,real,dressed_linear_chi,REJECTED_PHYSICAL,XY,z,-0.0625,x,-0.6875,y,0.5625,0.12924445446531077,0.2556272157239088,0.12638276125859801,0.10000280665515104,2.4393089401006476
2003,1.0,20dB_nominal_difference,real,dressed_linear_chi,REJECTED_PHYSICAL,XY,z,-0.0625,x,-0.5625,y,0.5625,0.1756160012780075,0.40782092211886034,0.23220492084085284,0.10000280665515104,2.4393089401006476
2003,1.0,20dB_nominal_difference,real,dressed_linear_chi,REJECTED_PHYSICAL,XY,z,-0.0625,x,-0.4375,y,0.5625,0.259000299818512,0.5639636765645208,0.3049633767460088,0.10000280665515104,2.4393089401006476
2003,1.0,20dB_nominal_difference,real,dressed_linear_chi,REJECTED_PHYSICAL,XY,z,-0.0625,x,-0.3125,y,0.5625,0.37653173073906876,0.6770613698759287,0.3005296391368599,0.10000280665515104,2.4393089401006476
2003,1.0,20dB_nominal_difference,real,dressed_linear_chi,REJECTED_PHYSICAL,XY,z,-0.0625,x,-0.1875,y,0.5625,0.506675946628696,0.7415391958058197,0.23486324917712376,0.10000280665515104,2.4393089401006476
2003,1.0,20dB_nominal_difference,real,dressed_linear_chi,REJECTED_PHYSICAL,XY,z,-0.0625,x,-0.0625,y,0.5625,0.6101120990128424,0.7587192122918205,0.14860711327897813,0.10000280665515104,2.4393089401006476
2003,1.0,20dB_nominal_difference,real,dressed_linear_chi,REJECTED_PHYSICAL,XY,z,-0.0625,x,0.0625,y,0.5625,0.6331585500037717,0.731882814449693,0.0987242644459213,0.10000280665515104,2.4393089401006476
2003,1.0,20dB_nominal_difference,real,dressed_linear_chi,REJECTED_PHYSICAL,XY,z,-0.0625,x,0.1875,y,0.5625,0.5427929692601228,0.6657769341073349,0.12298396484721208,0.10000280665515104,2.4393089401006476
2003,1.0,20dB_nominal_difference,real,dressed_linear_chi,REJECTED_PHYSICAL,XY,z,-0.0625,x,0.3125,y,0.5625,0.3794204228426242,0.566524442203183,0.18710401936055876,0.10000280665515104,2.4393089401006476
2003,1.0,20dB_nominal_difference,real,dressed_linear_chi,REJECTED_PHYSICAL,XY,z,-0.0625,x,0.4375,y,0.5625,0.23078019009852938,0.4408711364275072,0.21009094632897782,0.10000280665515104,2.4393089401006476
2003,1.0,20dB_nominal_difference,real,dressed_linear_chi,REJECTED_PHYSICAL,XY,z,-0.0625,x,0.5625,y,0.5625,0.14541684133754199,0.2936007534497196,0.1481839121121776,0.10000280665515104,2.4393089401006476
2003,1.0,20dB_nominal_difference,real,dressed_linear_chi,REJECTED_PHYSICAL,XY,z,-0.0625,x,0.6875,y,0.5625,0.11196523468386677,0.10473305664187478,-0.007232178041991985,0.10000280665515104,2.4393089401006476
2003,1.0,20dB_nominal_difference,real,dressed_linear_chi,REJECTED_PHYSICAL,XY,z,-0.0625,x,-0.6875,y,0.6875,0.10757061669085034,-0.2285259094366581,-0.33609652612750845,0.10000280665515104,2.4393089401006476
2003,1.0,20dB_nominal_difference,real,dressed_linear_chi,REJECTED_PHYSICAL,XY,z,-0.0625,x,-0.5625,y,0.6875,0.12147228107661603,0.10817666389340623,-0.013295617183209804,0.10000280665515104,2.4393089401006476
2003,1.0,20dB_nominal_difference,real,dressed_linear_chi,REJECTED_PHYSICAL,XY,z,-0.0625,x,-0.4375,y,0.6875,0.1498920335874162,0.3304880592021827,0.1805960256147665,0.10000280665515104,2.4393089401006476
2003,1.0,20dB_nominal_difference,real,dressed_linear_chi,REJECTED_PHYSICAL,XY,z,-0.0625,x,-0.3125,y,0.6875,0.19636481656480523,0.47434886905115237,0.27798405248634717,0.10000280665515104,2.4393089401006476
2003,1.0,20dB_nominal_difference,real,dressed_linear_chi,REJECTED_PHYSICAL,XY,z,-0.0625,x,-0.1875,y,0.6875,0.2566519306132574,0.5573901794046427,0.30073824879138533,0.10000280665515104,2.4393089401006476
2003,1.0,20dB_nominal_difference,real,dressed_linear_chi,REJECTED_PHYSICAL,XY,z,-0.0625,x,-0.0625,y,0.6875,0.31226572562427457,0.5871265686362402,0.27486084301196567,0.10000280665515104,2.4393089401006476
2003,1.0,20dB_nominal_difference,real,dressed_linear_chi,REJECTED_PHYSICAL,XY,z,-0.0625,x,0.0625,y,0.6875,0.33092986252045176,0.5692673783611344,0.23833751584068263,0.10000280665515104,2.4393089401006476
2003,1.0,20dB_nominal_difference,real,dressed_linear_chi,REJECTED_PHYSICAL,XY,z,-0.0625,x,0.1875,y,0.6875,0.2925617723395832,0.5105837347552546,0.21802196241567146,0.10000280665515104,2.4393089401006476
2003,1.0,20dB_nominal_difference,real,dressed_linear_chi,REJECTED_PHYSICAL,XY,z,-0.0625,x,0.3125,y,0.6875,0.21897813895285967,0.41968351714812313,0.20070537819526346,0.10000280665515104,2.4393089401006476
2003,1.0,20dB_nominal_difference,real,dressed_linear_chi,REJECTED_PHYSICAL,XY,z,-0.0625,x,0.4375,y,0.6875,0.15381517178462956,0.30645800024719033,0.15264282846256078,0.10000280665515104,2.4393089401006476
2003,1.0,20dB_nominal_difference,real,dressed_linear_chi,REJECTED_PHYSICAL,XY,z,-0.0625,x,0.5625,y,0.6875,0.11800504536499465,0.17931086800481705,0.0613058226398224,0.10000280665515104,2.4393089401006476
2003,1.0,20dB_nominal_difference,real,dressed_linear_chi,REJECTED_PHYSICAL,XY,z,-0.0625,x,0.6875,y,0.6875,0.10459203481686485,0.007947178894995785,-0.09664485592186907,0.10000280665515104,2.4393089401006476
2003,1.0,20dB_nominal_difference,real,dressed_linear_chi,REJECTED_PHYSICAL,XZ,y,-0.0625,x,-0.6875,z,-0.6875,0.11621494397686223,-0.3773174709064616,-0.49353241488332383,0.10000280665515104,2.4393089401006476
2003,1.0,20dB_nominal_difference,real,dressed_linear_chi,REJECTED_PHYSICAL,XZ,y,-0.0625,x,-0.5625,z,-0.6875,0.14167833073699854,0.03408263821247144,-0.1075956925245271,0.10000280665515104,2.4393089401006476
2003,1.0,20dB_nominal_difference,real,dressed_linear_chi,REJECTED_PHYSICAL,XZ,y,-0.0625,x,-0.4375,z,-0.6875,0.18901257067646937,0.308735896104067,0.11972332542759762,0.10000280665515104,2.4393089401006476
2003,1.0,20dB_nominal_difference,real,dressed_linear_chi,REJECTED_PHYSICAL,XZ,y,-0.0625,x,-0.3125,z,-0.6875,0.259950972951342,0.4919690898614205,0.2320181169100785,0.10000280665515104,2.4393089401006476
2003,1.0,20dB_nominal_difference,real,dressed_linear_chi,REJECTED_PHYSICAL,XZ,y,-0.0625,x,-0.1875,z,-0.6875,0.3415662872643081,0.6106653470781843,0.2690990598138762,0.10000280665515104,2.4393089401006476
2003,1.0,20dB_nominal_difference,real,dressed_linear_chi,REJECTED_PHYSICAL,XZ,y,-0.0625,x,-0.0625,z,-0.6875,0.4028228203502685,0.6822130139055026,0.2793901935552341,0.10000280665515104,2.4393089401006476
2003,1.0,20dB_nominal_difference,real,dressed_linear_chi,REJECTED_PHYSICAL,XZ,y,-0.0625,x,0.0625,z,-0.6875,0.40998477069220574,0.7159594178761471,0.3059746471839414,0.10000280665515104,2.4393089401006476
2003,1.0,20dB_nominal_difference,real,dressed_linear_chi,REJECTED_PHYSICAL,XZ,y,-0.0625,x,0.1875,z,-0.6875,0.3554786085062801,0.7132177302100926,0.3577391217038125,0.10000280665515104,2.4393089401006476
2003,1.0,20dB_nominal_difference,real,dressed_linear_chi,REJECTED_PHYSICAL,XZ,y,-0.0625,x,0.3125,z,-0.6875,0.2678785568935278,0.6681804236861858,0.400301866792658,0.10000280665515104,2.4393089401006476
2003,1.0,20dB_nominal_difference,real,dressed_linear_chi,REJECTED_PHYSICAL,XZ,y,-0.0625,x,0.4375,z,-0.6875,0.18744245805649692,0.5696629981310055,0.38222054007450856,0.10000280665515104,2.4393089401006476
2003,1.0,20dB_nominal_difference,real,dressed_linear_chi,REJECTED_PHYSICAL,XZ,y,-0.0625,x,0.5625,z,-0.6875,0.13598750887735703,0.4013199270933775,0.2653324182160205,0.10000280665515104,2.4393089401006476
2003,1.0,20dB_nominal_difference,real,dressed_linear_chi,REJECTED_PHYSICAL,XZ,y,-0.0625,x,0.6875,z,-0.6875,0.11168372594224833,0.12445925438575442,0.012775528443506087,0.10000280665515104,2.4393089401006476
2003,1.0,20dB_nominal_difference,real,dressed_linear_chi,REJECTED_PHYSICAL,XZ,y,-0.0625,x,-0.6875,z,-0.5625,0.14122614752688997,-0.04233212253023186,-0.18355827005712183,0.10000280665515104,2.4393089401006476
2003,1.0,20dB_nominal_difference,real,dressed_linear_chi,REJECTED_PHYSICAL,XZ,y,-0.0625,x,-0.5625,z,-0.5625,0.200419187136389,0.22834500112656778,0.027925813990178766,0.10000280665515104,2.4393089401006476
2003,1.0,20dB_nominal_difference,real,dressed_linear_chi,REJECTED_PHYSICAL,XZ,y,-0.0625,x,-0.4375,z,-0.5625,0.30153160391500555,0.4305216667976498,0.12899006288264425,0.10000280665515104,2.4393089401006476
2003,1.0,20dB_nominal_difference,real,dressed_linear_chi,REJECTED_PHYSICAL,XZ,y,-0.0625,x,-0.3125,z,-0.5625,0.44037021178356406,0.5627832417919002,0.12241303000833614,0.10000280665515104,2.4393089401006476
2003,1.0,20dB_nominal_difference,real,dressed_linear_chi,REJECTED_PHYSICAL,XZ,y,-0.0625,x,-0.1875,z,-0.5625,0.5880340597095615,0.6383008252512176,0.0502667655416561,0.10000280665515104,2.4393089401006476
2003,1.0,20dB_nominal_difference,real,dressed_linear_chi,REJECTED_PHYSICAL,XZ,y,-0.0625,x,-0.0625,z,-0.5625,0.689748814507086,0.6704302756616837,-0.019318538845402355,0.10000280665515104,2.4393089401006476
2003,1.0,20dB_nominal_difference,real,dressed_linear_chi,REJECTED_PHYSICAL,XZ,y,-0.0625,x,0.0625,z,-0.5625,0.690294072267938,0.6680227943070255,-0.02227127796091255,0.10000280665515104,2.4393089401006476
2003,1.0,20dB_nominal_difference,real,dressed_linear_chi,REJECTED_PHYSICAL,XZ,y,-0.0625,x,0.1875,z,-0.5625,0.5805590920482502,0.6340499887167222,0.053490896668472065,0.10000280665515104,2.4393089401006476
2003,1.0,20dB_nominal_difference,real,dressed_linear_chi,REJECTED_PHYSICAL,XZ,y,-0.0625,x,0.3125,z,-0.5625,0.4138360617992508,0.5659781284394897,0.15214206664023888,0.10000280665515104,2.4393089401006476
2003,1.0,20dB_nominal_difference,real,dressed_linear_chi,REJECTED_PHYSICAL,XZ,y,-0.0625,x,0.4375,z,-0.5625,0.26299012901367935,0.4573024018634918,0.19431227284981245,0.10000280665515104,2.4393089401006476
2003,1.0,20dB_nominal_difference,real,dressed_linear_chi,REJECTED_PHYSICAL,XZ,y,-0.0625,x,0.5625,z,-0.5625,0.1669907225789156,0.2997514885078325,0.13276076592891692,0.10000280665515104,2.4393089401006476
2003,1.0,20dB_nominal_difference,real,dressed_linear_chi,REJECTED_PHYSICAL,XZ,y,-0.0625,x,0.6875,z,-0.5625,0.1217361993717566,0.08395189356387392,-0.03778430580788268,0.10000280665515104,2.4393089401006476
2003,1.0,20dB_nominal_difference,real,dressed_linear_chi,REJECTED_PHYSICAL,XZ,y,-0.0625,x,-0.6875,z,-0.4375,0.18854133767931314,0.2535516808594743,0.06501034318016119,0.10000280665515104,2.4393089401006476
2003,1.0,20dB_nominal_difference,real,dressed_linear_chi,REJECTED_PHYSICAL,XZ,y,-0.0625,x,-0.5625,z,-0.4375,0.3046989827142481,0.4457705273055318,0.14107154459128368,0.10000280665515104,2.4393089401006476
2003,1.0,20dB_nominal_difference,real,dressed_linear_chi,REJECTED_PHYSICAL,XZ,y,-0.0625,x,-0.4375,z,-0.4375,0.48596795112197233,0.5799949645087581,0.09402701338678576,0.10000280665515104,2.4393089401006476
2003,1.0,20dB_nominal_difference,real,dressed_linear_chi,REJECTED_PHYSICAL,XZ,y,-0.0625,x,-0.3125,z,-0.4375,0.7091374724836553,0.6591069873102855,-0.05003048517336983,0.10000280665515104,2.4393089401006476
2003,1.0,20dB_nominal_difference,real,dressed_linear_chi,REJECTED_PHYSICAL,XZ,y,-0.0625,x,-0.1875,z,-0.4375,0.9201513509826263,0.6912349262829807,-0.22891642469964568,0.10000280665515104,2.4393089401006476
2003,1.0,20dB_nominal_difference,real,dressed_linear_chi,REJECTED_PHYSICAL,XZ,y,-0.0625,x,-0.0625,z,-0.4375,1.0440131087084437,0.6865851294732365,-0.3574279792352072,0.10000280665515104,2.4393089401006476
2003,1.0,20dB_nominal_difference,real,dressed_linear_chi,REJECTED_PHYSICAL,XZ,y,-0.0625,x,0.0625,z,-0.4375,1.0153417515234073,0.6530505496226042,-0.3622912019008031,0.10000280665515104,2.4393089401006476
2003,1.0,20dB_nominal_difference,real,dressed_linear_chi,REJECTED_PHYSICAL,XZ,y,-0.0625,x,0.1875,z,-0.4375,0.8318450705852465,0.5944609946515577,-0.23738407593368882,0.10000280665515104,2.4393089401006476
2003,1.0,20dB_nominal_difference,real,dressed_linear_chi,REJECTED_PHYSICAL,XZ,y,-0.0625,x,0.3125,z,-0.4375,0.5735444450055384,0.5107538798891593,-0.06279056511637904,0.10000280665515104,2.4393089401006476
2003,1.0,20dB_nominal_difference,real,dressed_linear_chi,REJECTED_PHYSICAL,XZ,y,-0.0625,x,0.4375,z,-0.4375,0.34485019245423465,0.3996145057569286,0.054764313302693934,0.10000280665515104,2.4393089401006476
2003,1.0,20dB_nominal_difference,real,dressed_linear_chi,REJECTED_PHYSICAL,XZ,y,-0.0625,x,0.5625,z,-0.4375,0.200424569976369,0.2595827221275796,0.05915815215121059,0.10000280665515104,2.4393089401006476
2003,1.0,20dB_nominal_difference,real,dressed_linear_chi,REJECTED_PHYSICAL,XZ,y,-0.0625,x,0.6875,z,-0.4375,0.1325478883025453,0.08746780957895546,-0.045080078723589836,0.10000280665515104,2.4393089401006476
2003,1.0,20dB_nominal_difference,real,dressed_linear_chi,REJECTED_PHYSICAL,XZ,y,-0.0625,x,-0.6875,z,-0.3125,0.27165148420820645,0.5062483807598752,0.23459689655166877,0.10000280665515104,2.4393089401006476
2003,1.0,20dB_nominal_difference,real,dressed_linear_chi,REJECTED_PHYSICAL,XZ,y,-0.0625,x,-0.5625,z,-0.3125,0.4724366548980322,0.6447844716434686,0.17234781674543642,0.10000280665515104,2.4393089401006476
2003,1.0,20dB_nominal_difference,real,dressed_linear_chi,REJECTED_PHYSICAL,XZ,y,-0.0625,x,-0.4375,z,-0.3125,0.7542835578727636,0.7270944226187351,-0.02718913525402844,0.10000280665515104,2.4393089401006476
2003,1.0,20dB_nominal_difference,real,dressed_linear_chi,REJECTED_PHYSICAL,XZ,y,-0.0625,x,-0.3125,z,-0.3125,1.053977757504587,0.762151892900685,-0.29182586460390203,0.10000280665515104,2.4393089401006476
2003,1.0,20dB_nominal_difference,real,dressed_linear_chi,REJECTED_PHYSICAL,XZ,y,-0.0625,x,-0.1875,z,-0.3125,1.2853669072730722,0.7579744983120805,-0.5273924089609917,0.10000280665515104,2.4393089401006476
2003,1.0,20dB_nominal_difference,real,dressed_linear_chi,REJECTED_PHYSICAL,XZ,y,-0.0625,x,-0.0625,z,-0.3125,1.3736470119959532,0.7232804209851766,-0.6503665910107765,0.10000280665515104,2.4393089401006476
2003,1.0,20dB_nominal_difference,real,dressed_linear_chi,REJECTED_PHYSICAL,XZ,y,-0.0625,x,0.0625,z,-0.3125,1.2760404297557715,0.6650966329674849,-0.6109437967882866,0.10000280665515104,2.4393089401006476
2003,1.0,20dB_nominal_difference,real,dressed_linear_chi,REJECTED_PHYSICAL,XZ,y,-0.0625,x,0.1875,z,-0.3125,1.0131870962735332,0.5876406472875787,-0.4255464489859545,0.10000280665515104,2.4393089401006476
2003,1.0,20dB_nominal_difference,real,dressed_linear_chi,REJECTED_PHYSICAL,XZ,y,-0.0625,x,0.3125,z,-0.3125,0.6819521328815469,0.49266496155852557,-0.1892871713230213,0.10000280665515104,2.4393089401006476
2003,1.0,20dB_nominal_difference,real,dressed_linear_chi,REJECTED_PHYSICAL,XZ,y,-0.0625,x,0.4375,z,-0.3125,0.3986884005573418,0.38105539450189585,-0.017633006055445932,0.10000280665515104,2.4393089401006476
2003,1.0,20dB_nominal_difference,real,dressed_linear_chi,REJECTED_PHYSICAL,XZ,y,-0.0625,x,0.5625,z,-0.3125,0.22202076187038278,0.255351980681769,0.03333121881138623,0.10000280665515104,2.4393089401006476
2003,1.0,20dB_nominal_difference,real,dressed_linear_chi,REJECTED_PHYSICAL,XZ,y,-0.0625,x,0.6875,z,-0.3125,0.13943247911331574,0.11221926513521299,-0.02721321397810275,0.10000280665515104,2.4393089401006476
2003,1.0,20dB_nominal_difference,real,dressed_linear_chi,REJECTED_PHYSICAL,XZ,y,-0.0625,x,-0.6875,z,-0.1875,0.42002483827914483,0.7031664278180306,0.2831415895388858,0.10000280665515104,2.4393089401006476
2003,1.0,20dB_nominal_difference,real,dressed_linear_chi,REJECTED_PHYSICAL,XZ,y,-0.0625,x,-0.5625,z,-0.1875,0.7450298297118094,0.8006496250248625,0.055619795313053055,0.10000280665515104,2.4393089401006476
2003,1.0,20dB_nominal_difference,real,dressed_linear_chi,REJECTED_PHYSICAL,XZ,y,-0.0625,x,-0.4375,z,-0.1875,1.1478208672699934,0.8446712491840126,-0.30314961808598084,0.10000280665515104,2.4393089401006476
2003,1.0,20dB_nominal_difference,real,dressed_linear_chi,REJECTED_PHYSICAL,XZ,y,-0.0625,x,-0.3125,z,-0.1875,1.4971603943826182,0.8470352665304067,-0.6501251278522114,0.10000280665515104,2.4393089401006476
2003,1.0,20dB_nominal_difference,real,dressed_linear_chi,REJECTED_PHYSICAL,XZ,y,-0.0625,x,-0.1875,z,-0.1875,1.6716590442638442,0.8163956439181372,-0.8552634003457069,0.10000280665515104,2.4393089401006476
2003,1.0,20dB_nominal_difference,real,dressed_linear_chi,REJECTED_PHYSICAL,XZ,y,-0.0625,x,-0.0625,z,-0.1875,1.6322981737694875,0.7606771623919679,-0.8716210113775196,0.10000280665515104,2.4393089401006476
2003,1.0,20dB_nominal_difference,real,dressed_linear_chi,REJECTED_PHYSICAL,XZ,y,-0.0625,x,0.0625,z,-0.1875,1.4089184119352074,0.6860680212365627,-0.7228503906986447,0.10000280665515104,2.4393089401006476
2003,1.0,20dB_nominal_difference,real,dressed_linear_chi,REJECTED_PHYSICAL,XZ,y,-0.0625,x,0.1875,z,-0.1875,1.0668318973946278,0.5967127054093633,-0.47011919198526453,0.10000280665515104,2.4393089401006476
2003,1.0,20dB_nominal_difference,real,dressed_linear_chi,REJECTED_PHYSICAL,XZ,y,-0.0625,x,0.3125,z,-0.1875,0.7002026573573021,0.4953943224562195,-0.20480833490108263,0.10000280665515104,2.4393089401006476
2003,1.0,20dB_nominal_difference,real,dressed_linear_chi,REJECTED_PHYSICAL,XZ,y,-0.0625,x,0.4375,z,-0.1875,0.40417459163708913,0.3850272889083298,-0.019147302728759308,0.10000280665515104,2.4393089401006476
2003,1.0,20dB_nominal_difference,real,dressed_linear_chi,REJECTED_PHYSICAL,XZ,y,-0.0625,x,0.5625,z,-0.1875,0.22322980299869005,0.27037487670950594,0.04714507371081589,0.10000280665515104,2.4393089401006476
2003,1.0,20dB_nominal_difference,real,dressed_linear_chi,REJECTED_PHYSICAL,XZ,y,-0.0625,x,0.6875,z,-0.1875,0.13947057981502986,0.14721830297211252,0.007747723157082664,0.10000280665515104,2.4393089401006476
2003,1.0,20dB_nominal_difference,real,dressed_linear_chi,REJECTED_PHYSICAL,XZ,y,-0.0625,x,-0.6875,z,-0.0625,0.6283217544571117,0.8313124771429182,0.20299072268580653,0.10000280665515104,2.4393089401006476
2003,1.0,20dB_nominal_difference,real,dressed_linear_chi,REJECTED_PHYSICAL,XZ,y,-0.0625,x,-0.5625,z,-0.0625,1.1052708288225817,0.8964171366131582,-0.2088536922094234,0.10000280665515104,2.4393089401006476
2003,1.0,20dB_nominal_difference,real,dressed_linear_chi,REJECTED_PHYSICAL,XZ,y,-0.0625,x,-0.4375,z,-0.0625,1.6347240816154451,0.9132485641916661,-0.721475517423779,0.10000280665515104,2.4393089401006476
2003,1.0,20dB_nominal_difference,real,dressed_linear_chi,REJECTED_PHYSICAL,XZ,y,-0.0625,x,-0.3125,z,-0.0625,2.0005382121427666,0.8939474374553613,-1.1065907746874053,0.10000280665515104,2.4393089401006476
2003,1.0,20dB_nominal_difference,real,dressed_linear_chi,REJECTED_PHYSICAL,XZ,y,-0.0625,x,-0.1875,z,-0.0625,2.0513647403546127,0.8473285035018188,-1.204036236852794,0.10000280665515104,2.4393089401006476
2003,1.0,20dB_nominal_difference,real,dressed_linear_chi,REJECTED_PHYSICAL,XZ,y,-0.0625,x,-0.0625,z,-0.0625,1.8153929619320532,0.7804387669347264,-1.0349541949973269,0.10000280665515104,2.4393089401006476
2003,1.0,20dB_nominal_difference,real,dressed_linear_chi,REJECTED_PHYSICAL,XZ,y,-0.0625,x,0.0625,z,-0.0625,1.432022565918859,0.6983735839854088,-0.7336489819334502,0.10000280665515104,2.4393089401006476
2003,1.0,20dB_nominal_difference,real,dressed_linear_chi,REJECTED_PHYSICAL,XZ,y,-0.0625,x,0.1875,z,-0.0625,1.0219508852778023,0.6046502069630852,-0.41730067831471707,0.10000280665515104,2.4393089401006476
2003,1.0,20dB_nominal_difference,real,dressed_linear_chi,REJECTED_PHYSICAL,XZ,y,-0.0625,x,0.3125,z,-0.0625,0.6547340167083282,0.5022575996863087,-0.15247641702201953,0.10000280665515104,2.4393089401006476
2003,1.0,20dB_nominal_difference,real,dressed_linear_chi,REJECTED_PHYSICAL,XZ,y,-0.0625,x,0.4375,z,-0.0625,0.37750291054443263,0.3951118482946048,0.017608937750172138,0.10000280665515104,2.4393089401006476
2003,1.0,20dB_nominal_difference,real,dressed_linear_chi,REJECTED_PHYSICAL,XZ,y,-0.0625,x,0.5625,z,-0.0625,0.21096282267272176,0.2892190956639066,0.07825627299118482,0.10000280665515104,2.4393089401006476
2003,1.0,20dB_nominal_difference,real,dressed_linear_chi,REJECTED_PHYSICAL,XZ,y,-0.0625,x,0.6875,z,-0.0625,0.13473952340882195,0.18010390101174076,0.04536437760291881,0.10000280665515104,2.4393089401006476
2003,1.0,20dB_nominal_difference,real,dressed_linear_chi,REJECTED_PHYSICAL,XZ,y,-0.0625,x,-0.6875,z,0.0625,0.7489768810370072,0.8830102488780917,0.13403336784108444,0.10000280665515104,2.4393089401006476
2003,1.0,20dB_nominal_difference,real,dressed_linear_chi,REJECTED_PHYSICAL,XZ,y,-0.0625,x,-0.5625,z,0.0625,1.2969797704798585,0.9225736213801718,-0.3744061490996866,0.10000280665515104,2.4393089401006476
2003,1.0,20dB_nominal_difference,real,dressed_linear_chi,REJECTED_PHYSICAL,XZ,y,-0.0625,x,-0.4375,z,0.0625,1.865721048470374,0.9214132140183082,-0.9443078344520657,0.10000280665515104,2.4393089401006476
2003,1.0,20dB_nominal_difference,real,dressed_linear_chi,REJECTED_PHYSICAL,XZ,y,-0.0625,x,-0.3125,z,0.0625,2.1962833602633816,0.8903521901307708,-1.3059311701326108,0.10000280665515104,2.4393089401006476
2003,1.0,20dB_nominal_difference,real,dressed_linear_chi,REJECTED_PHYSICAL,XZ,y,-0.0625,x,-0.1875,z,0.0625,2.1362076040064477,0.8377039349423424,-1.2985036690641052,0.10000280665515104,2.4393089401006476
2003,1.0,20dB_nominal_difference,real,dressed_linear_chi,REJECTED_PHYSICAL,XZ,y,-0.0625,x,-0.0625,z,0.0625,1.7720996316476474,0.7692475831535605,-1.0028520484940868,0.10000280665515104,2.4393089401006476
2003,1.0,20dB_nominal_difference,real,dressed_linear_chi,REJECTED_PHYSICAL,XZ,y,-0.0625,x,0.0625,z,0.0625,1.3182360487013831,0.6885551754665401,-0.629680873234843,0.10000280665515104,2.4393089401006476
2003,1.0,20dB_nominal_difference,real,dressed_linear_chi,REJECTED_PHYSICAL,XZ,y,-0.0625,x,0.1875,z,0.0625,0.916230096193984,0.5978961478512012,-0.31833394834278284,0.10000280665515104,2.4393089401006476
2003,1.0,20dB_nominal_difference,real,dressed_linear_chi,REJECTED_PHYSICAL,XZ,y,-0.0625,x,0.3125,z,0.0625,0.5926925982276368,0.4996570238311655,-0.09303557439647125,0.10000280665515104,2.4393089401006476
2003,1.0,20dB_nominal_difference,real,dressed_linear_chi,REJECTED_PHYSICAL,XZ,y,-0.0625,x,0.4375,z,0.0625,0.3497022336332267,0.3978929464349644,0.0481907128017377,0.10000280665515104,2.4393089401006476
2003,1.0,20dB_nominal_difference,real,dressed_linear_chi,REJECTED_PHYSICAL,XZ,y,-0.0625,x,0.5625,z,0.0625,0.19932537706811718,0.299263481764541,0.09993810469642381,0.10000280665515104,2.4393089401006476
2003,1.0,20dB_nominal_difference,real,dressed_linear_chi,REJECTED_PHYSICAL,XZ,y,-0.0625,x,0.6875,z,0.0625,0.1299754637693184,0.20002745055354715,0.07005198678422875,0.10000280665515104,2.4393089401006476
2003,1.0,20dB_nominal_difference,real,dressed_linear_chi,REJECTED_PHYSICAL,XZ,y,-0.0625,x,-0.6875,z,0.1875,0.6270618834651409,0.8570447931625261,0.22998290969738522,0.10000280665515104,2.4393089401006476
2003,1.0,20dB_nominal_difference,real,dressed_linear_chi,REJECTED_PHYSICAL,XZ,y,-0.0625,x,-0.5625,z,0.1875,1.0596416517683285,0.8769578862269557,-0.18268376554137278,0.10000280665515104,2.4393089401006476
2003,1.0,20dB_nominal_difference,real,dressed_linear_chi,REJECTED_PHYSICAL,XZ,y,-0.0625,x,-0.4375,z,0.1875,1.495025065467726,0.8656269743170428,-0.6293980911506831,0.10000280665515104,2.4393089401006476
2003,1.0,20dB_nominal_difference,real,dressed_linear_chi,REJECTED_PHYSICAL,XZ,y,-0.0625,x,-0.3125,z,0.1875,1.7263891561565041,0.8314625577952847,-0.8949265983612195,0.10000280665515104,2.4393089401006476
2003,1.0,20dB_nominal_difference,real,dressed_linear_chi,REJECTED_PHYSICAL,XZ,y,-0.0625,x,-0.1875,z,0.1875,1.6446152540186363,0.7816790341910599,-0.8629362198275764,0.10000280665515104,2.4393089401006476
2003,1.0,20dB_nominal_difference,real,dressed_linear_chi,REJECTED_PHYSICAL,XZ,y,-0.0625,x,-0.0625,z,0.1875,1.3433270728347408,0.7203755968566116,-0.6229514759781293,0.10000280665515104,2.4393089401006476
2003,1.0,20dB_nominal_difference,real,dressed_linear_chi,REJECTED_PHYSICAL,XZ,y,-0.0625,x,0.0625,z,0.1875,1.0109469442481192,0.6491451211944441,-0.36180182305367503,0.10000280665515104,2.4393089401006476
2003,1.0,20dB_nominal_difference,real,dressed_linear_chi,REJECTED_PHYSICAL,XZ,y,-0.0625,x,0.1875,z,0.1875,0.742766934096904,0.5683933548940201,-0.17437357920288388,0.10000280665515104,2.4393089401006476
2003,1.0,20dB_nominal_difference,real,dressed_linear_chi,REJECTED_PHYSICAL,XZ,y,-0.0625,x,0.3125,z,0.1875,0.5185139848932581,0.47914021325405176,-0.0393737716392063,0.10000280665515104,2.4393089401006476
2003,1.0,20dB_nominal_difference,real,dressed_linear_chi,REJECTED_PHYSICAL,XZ,y,-0.0625,x,0.4375,z,0.1875,0.3245483953124196,0.384813797739904,0.060265402427484405,0.10000280665515104,2.4393089401006476
2003,1.0,20dB_nominal_difference,real,dressed_linear_chi,REJECTED_PHYSICAL,XZ,y,-0.0625,x,0.5625,z,0.1875,0.19076862061238162,0.29228670525507494,0.10151808464269332,0.10000280665515104,2.4393089401006476
2003,1.0,20dB_nominal_difference,real,dressed_linear_chi,REJECTED_PHYSICAL,XZ,y,-0.0625,x,0.6875,z,0.1875,0.12657524734282533,0.1996194165602989,0.07304416921747359,0.10000280665515104,2.4393089401006476
2003,1.0,20dB_nominal_difference,real,dressed_linear_chi,REJECTED_PHYSICAL,XZ,y,-0.0625,x,-0.6875,z,0.3125,0.37002966754190103,0.757423781500155,0.38739411395825396,0.10000280665515104,2.4393089401006476
2003,1.0,20dB_nominal_difference,real,dressed_linear_chi,REJECTED_PHYSICAL,XZ,y,-0.0625,x,-0.5625,z,0.3125,0.5908644666655871,0.7635406479759883,0.1726761813104012,0.10000280665515104,2.4393089401006476
2003,1.0,20dB_nominal_difference,real,dressed_linear_chi,REJECTED_PHYSICAL,XZ,y,-0.0625,x,-0.4375,z,0.3125,0.8116158079368542,0.7491188761548491,-0.062496931782005105,0.10000280665515104,2.4393089401006476
2003,1.0,20dB_nominal_difference,real,dressed_linear_chi,REJECTED_PHYSICAL,XZ,y,-0.0625,x,-0.3125,z,0.3125,0.9268068591300559,0.7194276386376198,-0.20737922049243607,0.10000280665515104,2.4393089401006476
2003,1.0,20dB_nominal_difference,real,dressed_linear_chi,REJECTED_PHYSICAL,XZ,y,-0.0625,x,-0.1875,z,0.3125,0.8864345108633898,0.6801979693601278,-0.20623654150326198,0.10000280665515104,2.4393089401006476
2003,1.0,20dB_nominal_difference,real,dressed_linear_chi,REJECTED_PHYSICAL,XZ,y,-0.0625,x,-0.0625,z,0.3125,0.7511454332313572,0.6336035031101546,-0.11754193012120262,0.10000280665515104,2.4393089401006476
2003,1.0,20dB_nominal_difference,real,dressed_linear_chi,REJECTED_PHYSICAL,XZ,y,-0.0625,x,0.0625,z,0.3125,0.6225466113033443,0.5788949954265249,-0.04365161587681943,0.10000280665515104,2.4393089401006476
2003,1.0,20dB_nominal_difference,real,dressed_linear_chi,REJECTED_PHYSICAL,XZ,y,-0.0625,x,0.1875,z,0.3125,0.5255770766920873,0.5140627898379576,-0.011514286854129696,0.10000280665515104,2.4393089401006476
2003,1.0,20dB_nominal_difference,real,dressed_linear_chi,REJECTED_PHYSICAL,XZ,y,-0.0625,x,0.3125,z,0.3125,0.41416267115591165,0.4380423695378646,0.02387969838195292,0.10000280665515104,2.4393089401006476
2003,1.0,20dB_nominal_difference,real,dressed_linear_chi,REJECTED_PHYSICAL,XZ,y,-0.0625,x,0.4375,z,0.3125,0.2812178085930108,0.3528574448561289,0.07163963626311809,0.10000280665515104,2.4393089401006476
2003,1.0,20dB_nominal_difference,real,dressed_linear_chi,REJECTED_PHYSICAL,XZ,y,-0.0625,x,0.5625,z,0.3125,0.17513369606435425,0.2650687085386239,0.08993501247426966,0.10000280665515104,2.4393089401006476
2003,1.0,20dB_nominal_difference,real,dressed_linear_chi,REJECTED_PHYSICAL,XZ,y,-0.0625,x,0.6875,z,0.3125,0.12171524354522974,0.17552827999940526,0.053813036454175525,0.10000280665515104,2.4393089401006476
2003,1.0,20dB_nominal_difference,real,dressed_linear_chi,REJECTED_PHYSICAL,XZ,y,-0.0625,x,-0.6875,z,0.4375,0.18713066456945254,0.5908958141921741,0.40376514962272153,0.10000280665515104,2.4393089401006476
2003,1.0,20dB_nominal_difference,real,dressed_linear_chi,REJECTED_PHYSICAL,XZ,y,-0.0625,x,-0.5625,z,0.4375,0.259724080937406,0.5905773535257531,0.3308532725883471,0.10000280665515104,2.4393089401006476
2003,1.0,20dB_nominal_difference,real,dressed_linear_chi,REJECTED_PHYSICAL,XZ,y,-0.0625,x,-0.4375,z,0.4375,0.33319801919352493,0.5801831794207837,0.24698516022725875,0.10000280665515104,2.4393089401006476
2003,1.0,20dB_nominal_difference,real,dressed_linear_chi,REJECTED_PHYSICAL,XZ,y,-0.0625,x,-0.3125,z,0.4375,0.3733833515363394,0.5616181060630723,0.18823475452673288,0.10000280665515104,2.4393089401006476
2003,1.0,20dB_nominal_difference,real,dressed_linear_chi,REJECTED_PHYSICAL,XZ,y,-0.0625,x,-0.1875,z,0.4375,0.36718726552890935,0.5393702736735235,0.17218300814461418,0.10000280665515104,2.4393089401006476
2003,1.0,20dB_nominal_difference,real,dressed_linear_chi,REJECTED_PHYSICAL,XZ,y,-0.0625,x,-0.0625,z,0.4375,0.34211356233501233,0.5137910669054184,0.1716775045704061,0.10000280665515104,2.4393089401006476
2003,1.0,20dB_nominal_difference,real,dressed_linear_chi,REJECTED_PHYSICAL,XZ,y,-0.0625,x,0.0625,z,0.4375,0.33330139799573943,0.4815820344449492,0.14828063644920975,0.10000280665515104,2.4393089401006476
2003,1.0,20dB_nominal_difference,real,dressed_linear_chi,REJECTED_PHYSICAL,XZ,y,-0.0625,x,0.1875,z,0.4375,0.32990373182215726,0.43786058850990206,0.1079568566877448,0.10000280665515104,2.4393089401006476
2003,1.0,20dB_nominal_difference,real,dressed_linear_chi,REJECTED_PHYSICAL,XZ,y,-0.0625,x,0.3125,z,0.4375,0.29084445955182303,0.3788103545857173,0.08796589503389429,0.10000280665515104,2.4393089401006476
2003,1.0,20dB_nominal_difference,real,dressed_linear_chi,REJECTED_PHYSICAL,XZ,y,-0.0625,x,0.4375,z,0.4375,0.2162615057756231,0.3041385034005615,0.08787699762493839,0.10000280665515104,2.4393089401006476
2003,1.0,20dB_nominal_difference,real,dressed_linear_chi,REJECTED_PHYSICAL,XZ,y,-0.0625,x,0.5625,z,0.4375,0.14913156812704506,0.21900012710640948,0.06986855897936442,0.10000280665515104,2.4393089401006476
2003,1.0,20dB_nominal_difference,real,dressed_linear_chi,REJECTED_PHYSICAL,XZ,y,-0.0625,x,0.6875,z,0.4375,0.11415123472815071,0.12740192520503119,0.013250690476880475,0.10000280665515104,2.4393089401006476
2003,1.0,20dB_nominal_difference,real,dressed_linear_chi,REJECTED_PHYSICAL,XZ,y,-0.0625,x,-0.6875,z,0.5625,0.1184641128334178,0.36410437984356925,0.24564026701015146,0.10000280665515104,2.4393089401006476
2003,1.0,20dB_nominal_difference,real,dressed_linear_chi,REJECTED_PHYSICAL,XZ,y,-0.0625,x,-0.5625,z,0.5625,0.1345899705879939,0.36960406387121714,0.23501409328322323,0.10000280665515104,2.4393089401006476
2003,1.0,20dB_nominal_difference,real,dressed_linear_chi,REJECTED_PHYSICAL,XZ,y,-0.0625,x,-0.4375,z,0.5625,0.15147359236636346,0.3706431121015291,0.21916951973516566,0.10000280665515104,2.4393089401006476
2003,1.0,20dB_nominal_difference,real,dressed_linear_chi,REJECTED_PHYSICAL,XZ,y,-0.0625,x,-0.3125,z,0.5625,0.1618524923839167,0.3684552439953771,0.2066027516114604,0.10000280665515104,2.4393089401006476
2003,1.0,20dB_nominal_difference,real,dressed_linear_chi,REJECTED_PHYSICAL,XZ,y,-0.0625,x,-0.1875,z,0.5625,0.16448952937700473,0.36806222150323953,0.2035726921262348,0.10000280665515104,2.4393089401006476
2003,1.0,20dB_nominal_difference,real,dressed_linear_chi,REJECTED_PHYSICAL,XZ,y,-0.0625,x,-0.0625,z,0.5625,0.169157369334158,0.36846647078688644,0.19930910145272843,0.10000280665515104,2.4393089401006476
2003,1.0,20dB_nominal_difference,real,dressed_linear_chi,REJECTED_PHYSICAL,XZ,y,-0.0625,x,0.0625,z,0.5625,0.18432075284720528,0.3637027371063324,0.1793819842591271,0.10000280665515104,2.4393089401006476
2003,1.0,20dB_nominal_difference,real,dressed_linear_chi,REJECTED_PHYSICAL,XZ,y,-0.0625,x,0.1875,z,0.5625,0.19783443611815676,0.34564754978538004,0.14781311366722327,0.10000280665515104,2.4393089401006476
2003,1.0,20dB_nominal_difference,real,dressed_linear_chi,REJECTED_PHYSICAL,XZ,y,-0.0625,x,0.3125,z,0.5625,0.18755611867399746,0.3072028935463632,0.11964677487236575,0.10000280665515104,2.4393089401006476
2003,1.0,20dB_nominal_difference,real,dressed_linear_chi,REJECTED_PHYSICAL,XZ,y,-0.0625,x,0.4375,z,0.5625,0.15497151540389265,0.24483019012332471,0.08985867471943207,0.10000280665515104,2.4393089401006476
2003,1.0,20dB_nominal_difference,real,dressed_linear_chi,REJECTED_PHYSICAL,XZ,y,-0.0625,x,0.5625,z,0.5625,0.12346873358560154,0.15984458220199613,0.03637584861639459,0.10000280665515104,2.4393089401006476
2003,1.0,20dB_nominal_difference,real,dressed_linear_chi,REJECTED_PHYSICAL,XZ,y,-0.0625,x,0.6875,z,0.5625,0.10675348704867199,0.055448199143032825,-0.051305287905639166,0.10000280665515104,2.4393089401006476
2003,1.0,20dB_nominal_difference,real,dressed_linear_chi,REJECTED_PHYSICAL,XZ,y,-0.0625,x,-0.6875,z,0.6875,0.1028634713853393,0.09235698931298678,-0.010506482072352524,0.10000280665515104,2.4393089401006476
2003,1.0,20dB_nominal_difference,real,dressed_linear_chi,REJECTED_PHYSICAL,XZ,y,-0.0625,x,-0.5625,z,0.6875,0.10557230923194261,0.12895429644935538,0.023381987217412775,0.10000280665515104,2.4393089401006476
2003,1.0,20dB_nominal_difference,real,dressed_linear_chi,REJECTED_PHYSICAL,XZ,y,-0.0625,x,-0.4375,z,0.6875,0.10856418332694968,0.14577542029235113,0.03721123696540145,0.10000280665515104,2.4393089401006476
2003,1.0,20dB_nominal_difference,real,dressed_linear_chi,REJECTED_PHYSICAL,XZ,y,-0.0625,x,-0.3125,z,0.6875,0.11073585652324158,0.16197253203048656,0.05123667550724498,0.10000280665515104,2.4393089401006476
2003,1.0,20dB_nominal_difference,real,dressed_linear_chi,REJECTED_PHYSICAL,XZ,y,-0.0625,x,-0.1875,z,0.6875,0.1124276676190856,0.18578034950033417,0.07335268188124858,0.10000280665515104,2.4393089401006476
2003,1.0,20dB_nominal_difference,real,dressed_linear_chi,REJECTED_PHYSICAL,XZ,y,-0.0625,x,-0.0625,z,0.6875,0.11644264038831217,0.21516425063593558,0.09872161024762341,0.10000280665515104,2.4393089401006476
2003,1.0,20dB_nominal_difference,real,dressed_linear_chi,REJECTED_PHYSICAL,XZ,y,-0.0625,x,0.0625,z,0.6875,0.12440148373167303,0.24139583316772037,0.11699434943604733,0.10000280665515104,2.4393089401006476
2003,1.0,20dB_nominal_difference,real,dressed_linear_chi,REJECTED_PHYSICAL,XZ,y,-0.0625,x,0.1875,z,0.6875,0.1311829657669169,0.25292508604951763,0.12174212028260073,0.10000280665515104,2.4393089401006476
2003,1.0,20dB_nominal_difference,real,dressed_linear_chi,REJECTED_PHYSICAL,XZ,y,-0.0625,x,0.3125,z,0.6875,0.1289562768586225,0.23920949654133022,0.11025321968270774,0.10000280665515104,2.4393089401006476
2003,1.0,20dB_nominal_difference,real,dressed_linear_chi,REJECTED_PHYSICAL,XZ,y,-0.0625,x,0.4375,z,0.6875,0.11843028526189375,0.19336877937685207,0.07493849411495832,0.10000280665515104,2.4393089401006476
2003,1.0,20dB_nominal_difference,real,dressed_linear_chi,REJECTED_PHYSICAL,XZ,y,-0.0625,x,0.5625,z,0.6875,0.10790342591815646,0.11134199819896173,0.0034385722808052688,0.10000280665515104,2.4393089401006476
2003,1.0,20dB_nominal_difference,real,dressed_linear_chi,REJECTED_PHYSICAL,XZ,y,-0.0625,x,0.6875,z,0.6875,0.10227318377862085,-0.026649527377204718,-0.12892271115582557,0.10000280665515104,2.4393089401006476
2003,1.0,20dB_nominal_difference,real,dressed_linear_chi,REJECTED_PHYSICAL,YZ,x,-0.0625,y,-0.6875,z,-0.6875,0.10170342953544194,-0.17283015124400533,-0.2745335807794473,0.10000280665515104,2.4393089401006476
2003,1.0,20dB_nominal_difference,real,dressed_linear_chi,REJECTED_PHYSICAL,YZ,x,-0.0625,y,-0.5625,z,-0.6875,0.1075507406662128,0.11423012404523183,0.0066793833790190354,0.10000280665515104,2.4393089401006476
2003,1.0,20dB_nominal_difference,real,dressed_linear_chi,REJECTED_PHYSICAL,YZ,x,-0.0625,y,-0.4375,z,-0.6875,0.12662814155892219,0.322337462604406,0.1957093210454838,0.10000280665515104,2.4393089401006476
2003,1.0,20dB_nominal_difference,real,dressed_linear_chi,REJECTED_PHYSICAL,YZ,x,-0.0625,y,-0.3125,z,-0.6875,0.17500434119004835,0.478003693568557,0.3029993523785086,0.10000280665515104,2.4393089401006476
2003,1.0,20dB_nominal_difference,real,dressed_linear_chi,REJECTED_PHYSICAL,YZ,x,-0.0625,y,-0.1875,z,-0.6875,0.269012908559056,0.5956713473100281,0.3266584387509721,0.10000280665515104,2.4393089401006476
2003,1.0,20dB_nominal_difference,real,dressed_linear_chi,REJECTED_PHYSICAL,YZ,x,-0.0625,y,-0.0625,z,-0.6875,0.4028228203502685,0.6822130139055026,0.2793901935552341,0.10000280665515104,2.4393089401006476
2003,1.0,20dB_nominal_difference,real,dressed_linear_chi,REJECTED_PHYSICAL,YZ,x,-0.0625,y,0.0625,z,-0.6875,0.5255112222299664,0.7376085693141686,0.21209734708420225,0.10000280665515104,2.4393089401006476
2003,1.0,20dB_nominal_difference,real,dressed_linear_chi,REJECTED_PHYSICAL,YZ,x,-0.0625,y,0.1875,z,-0.6875,0.5629492160664938,0.7542661263561751,0.19131691028968123,0.10000280665515104,2.4393089401006476
2003,1.0,20dB_nominal_difference,real,dressed_linear_chi,REJECTED_PHYSICAL,YZ,x,-0.0625,y,0.3125,z,-0.6875,0.4892210831026743,0.7179013932030934,0.22868031010041912,0.10000280665515104,2.4393089401006476
2003,1.0,20dB_nominal_difference,real,dressed_linear_chi,REJECTED_PHYSICAL,YZ,x,-0.0625,y,0.4375,z,-0.6875,0.3555126787329276,0.6103992793021363,0.25488660056920875,0.10000280665515104,2.4393089401006476
2003,1.0,20dB_nominal_difference,real,dressed_linear_chi,REJECTED_PHYSICAL,YZ,x,-0.0625,y,0.5625,z,-0.6875,0.23289734547036847,0.41429564723476775,0.18139830176439928,0.10000280665515104,2.4393089401006476
2003,1.0,20dB_nominal_difference,real,dressed_linear_chi,REJECTED_PHYSICAL,YZ,x,-0.0625,y,0.6875,z,-0.6875,0.15524166062132702,0.14759500337999398,-0.007646657241333038,0.10000280665515104,2.4393089401006476
2003,1.0,20dB_nominal_difference,real,dressed_linear_chi,REJECTED_PHYSICAL,YZ,x,-0.0625,y,-0.6875,z,-0.5625,0.10328374329303543,0.005081271274561622,-0.0982024720184738,0.10000280665515104,2.4393089401006476
2003,1.0,20dB_nominal_difference,real,dressed_linear_chi,REJECTED_PHYSICAL,YZ,x,-0.0625,y,-0.5625,z,-0.5625,0.11433436873773267,0.1657425136244953,0.051408144886762625,0.10000280665515104,2.4393089401006476
2003,1.0,20dB_nominal_difference,real,dressed_linear_chi,REJECTED_PHYSICAL,YZ,x,-0.0625,y,-0.4375,z,-0.5625,0.15029529244122866,0.3262668093550505,0.17597151691382182,0.10000280665515104,2.4393089401006476
2003,1.0,20dB_nominal_difference,real,dressed_linear_chi,REJECTED_PHYSICAL,YZ,x,-0.0625,y,-0.3125,z,-0.5625,0.24223921035432255,0.46409102629086596,0.2218518159365434,0.10000280665515104,2.4393089401006476
2003,1.0,20dB_nominal_difference,real,dressed_linear_chi,REJECTED_PHYSICAL,YZ,x,-0.0625,y,-0.1875,z,-0.5625,0.42429858303076795,0.5785387766456453,0.1542401936148774,0.10000280665515104,2.4393089401006476
2003,1.0,20dB_nominal_difference,real,dressed_linear_chi,REJECTED_PHYSICAL,YZ,x,-0.0625,y,-0.0625,z,-0.5625,0.689748814507086,0.6704302756616837,-0.019318538845402355,0.10000280665515104,2.4393089401006476
2003,1.0,20dB_nominal_difference,real,dressed_linear_chi,REJECTED_PHYSICAL,YZ,x,-0.0625,y,0.0625,z,-0.5625,0.9377760134088712,0.7361485158052659,-0.20162749760360532,0.10000280665515104,2.4393089401006476
2003,1.0,20dB_nominal_difference,real,dressed_linear_chi,REJECTED_PHYSICAL,YZ,x,-0.0625,y,0.1875,z,-0.5625,1.0127539600256772,0.7659199315749927,-0.24683402845068447,0.10000280665515104,2.4393089401006476
2003,1.0,20dB_nominal_difference,real,dressed_linear_chi,REJECTED_PHYSICAL,YZ,x,-0.0625,y,0.3125,z,-0.5625,0.8604787448824067,0.7452772735153993,-0.11520147136700742,0.10000280665515104,2.4393089401006476
2003,1.0,20dB_nominal_difference,real,dressed_linear_chi,REJECTED_PHYSICAL,YZ,x,-0.0625,y,0.4375,z,-0.5625,0.5915996110940923,0.6597842433524349,0.06818463225834259,0.10000280665515104,2.4393089401006476
2003,1.0,20dB_nominal_difference,real,dressed_linear_chi,REJECTED_PHYSICAL,YZ,x,-0.0625,y,0.5625,z,-0.5625,0.35182599599323394,0.5041485208269241,0.15232252483369013,0.10000280665515104,2.4393089401006476
2003,1.0,20dB_nominal_difference,real,dressed_linear_chi,REJECTED_PHYSICAL,YZ,x,-0.0625,y,0.6875,z,-0.5625,0.2035909278510975,0.31647669571791026,0.11288576786681276,0.10000280665515104,2.4393089401006476
2003,1.0,20dB_nominal_difference,real,dressed_linear_chi,REJECTED_PHYSICAL,YZ,x,-0.0625,y,-0.6875,z,-0.4375,0.10620657830896875,0.1376555140065675,0.031448935697598754,0.10000280665515104,2.4393089401006476
2003,1.0,20dB_nominal_difference,real,dressed_linear_chi,REJECTED_PHYSICAL,YZ,x,-0.0625,y,-0.5625,z,-0.4375,0.12450216087985126,0.24700410841193413,0.12250194753208286,0.10000280665515104,2.4393089401006476
2003,1.0,20dB_nominal_difference,real,dressed_linear_chi,REJECTED_PHYSICAL,YZ,x,-0.0625,y,-0.4375,z,-0.4375,0.1812787485668402,0.36931559193224894,0.18803684336540874,0.10000280665515104,2.4393089401006476
2003,1.0,20dB_nominal_difference,real,dressed_linear_chi,REJECTED_PHYSICAL,YZ,x,-0.0625,y,-0.3125,z,-0.4375,0.32474825156405984,0.48690901029494527,0.16216075873088542,0.10000280665515104,2.4393089401006476
2003,1.0,20dB_nominal_difference,real,dressed_linear_chi,REJECTED_PHYSICAL,YZ,x,-0.0625,y,-0.1875,z,-0.4375,0.6128803848037948,0.5938736923177077,-0.019006692486087107,0.10000280665515104,2.4393089401006476
2003,1.0,20dB_nominal_difference,real,dressed_linear_chi,REJECTED_PHYSICAL,YZ,x,-0.0625,y,-0.0625,z,-0.4375,1.0440131087084437,0.6865851294732365,-0.3574279792352072,0.10000280665515104,2.4393089401006476
2003,1.0,20dB_nominal_difference,real,dressed_linear_chi,REJECTED_PHYSICAL,YZ,x,-0.0625,y,0.0625,z,-0.4375,1.4551720209809673,0.758310020973926,-0.6968620000070413,0.10000280665515104,2.4393089401006476
2003,1.0,20dB_nominal_difference,real,dressed_linear_chi,REJECTED_PHYSICAL,YZ,x,-0.0625,y,0.1875,z,-0.4375,1.5770329631113187,0.7974005615370602,-0.7796324015742585,0.10000280665515104,2.4393089401006476
2003,1.0,20dB_nominal_difference,real,dressed_linear_chi,REJECTED_PHYSICAL,YZ,x,-0.0625,y,0.3125,z,-0.4375,1.3162628144418067,0.7889820837476291,-0.5272807306941776,0.10000280665515104,2.4393089401006476
2003,1.0,20dB_nominal_difference,real,dressed_linear_chi,REJECTED_PHYSICAL,YZ,x,-0.0625,y,0.4375,z,-0.4375,0.8708772568635439,0.7197320686940243,-0.1511451881695196,0.10000280665515104,2.4393089401006476
2003,1.0,20dB_nominal_difference,real,dressed_linear_chi,REJECTED_PHYSICAL,YZ,x,-0.0625,y,0.5625,z,-0.4375,0.48711692411061003,0.5847240048299307,0.09760708071932067,0.10000280665515104,2.4393089401006476
2003,1.0,20dB_nominal_difference,real,dressed_linear_chi,REJECTED_PHYSICAL,YZ,x,-0.0625,y,0.6875,z,-0.4375,0.25707528937646357,0.41097351794063586,0.1538982285641723,0.10000280665515104,2.4393089401006476
2003,1.0,20dB_nominal_difference,real,dressed_linear_chi,REJECTED_PHYSICAL,YZ,x,-0.0625,y,-0.6875,z,-0.3125,0.11599648129495396,0.23400185579914232,0.11800537450418835,0.10000280665515104,2.4393089401006476
2003,1.0,20dB_nominal_difference,real,dressed_linear_chi,REJECTED_PHYSICAL,YZ,x,-0.0625,y,-0.5625,z,-0.3125,0.14943438071226234,0.3215688881831015,0.17213450747083914,0.10000280665515104,2.4393089401006476
2003,1.0,20dB_nominal_difference,real,dressed_linear_chi,REJECTED_PHYSICAL,YZ,x,-0.0625,y,-0.4375,z,-0.3125,0.23475994889098287,0.4232207650749512,0.18846081618396834,0.10000280665515104,2.4393089401006476
2003,1.0,20dB_nominal_difference,real,dressed_linear_chi,REJECTED_PHYSICAL,YZ,x,-0.0625,y,-0.3125,z,-0.3125,0.42816715889310464,0.5277998675122805,0.09963270861917584,0.10000280665515104,2.4393089401006476
2003,1.0,20dB_nominal_difference,real,dressed_linear_chi,REJECTED_PHYSICAL,YZ,x,-0.0625,y,-0.1875,z,-0.3125,0.8045434802333463,0.629660708285313,-0.17488277194803337,0.10000280665515104,2.4393089401006476
2003,1.0,20dB_nominal_difference,real,dressed_linear_chi,REJECTED_PHYSICAL,YZ,x,-0.0625,y,-0.0625,z,-0.3125,1.3736470119959532,0.7232804209851766,-0.6503665910107765,0.10000280665515104,2.4393089401006476
2003,1.0,20dB_nominal_difference,real,dressed_linear_chi,REJECTED_PHYSICAL,YZ,x,-0.0625,y,0.0625,z,-0.3125,1.923697724197223,0.7998219369801097,-1.1238757872171132,0.10000280665515104,2.4393089401006476
2003,1.0,20dB_nominal_difference,real,dressed_linear_chi,REJECTED_PHYSICAL,YZ,x,-0.0625,y,0.1875,z,-0.3125,2.0767347140676145,0.8460440987225839,-1.2306906153450305,0.10000280665515104,2.4393089401006476
2003,1.0,20dB_nominal_difference,real,dressed_linear_chi,REJECTED_PHYSICAL,YZ,x,-0.0625,y,0.3125,z,-0.3125,1.702948901796729,0.8461951397118443,-0.8567537620848846,0.10000280665515104,2.4393089401006476
2003,1.0,20dB_nominal_difference,real,dressed_linear_chi,REJECTED_PHYSICAL,YZ,x,-0.0625,y,0.4375,z,-0.3125,1.0928665868438927,0.786349421668714,-0.3065171651751787,0.10000280665515104,2.4393089401006476
2003,1.0,20dB_nominal_difference,real,dressed_linear_chi,REJECTED_PHYSICAL,YZ,x,-0.0625,y,0.5625,z,-0.3125,0.5874619656147579,0.6595138630982549,0.07205189748349694,0.10000280665515104,2.4393089401006476
2003,1.0,20dB_nominal_difference,real,dressed_linear_chi,REJECTED_PHYSICAL,YZ,x,-0.0625,y,0.6875,z,-0.3125,0.29494005952935093,0.48726352602929746,0.19232346649994653,0.10000280665515104,2.4393089401006476
2003,1.0,20dB_nominal_difference,real,dressed_linear_chi,REJECTED_PHYSICAL,YZ,x,-0.0625,y,-0.6875,z,-0.1875,0.14806582809006036,0.2931257570046965,0.14505992891463615,0.10000280665515104,2.4393089401006476
2003,1.0,20dB_nominal_difference,real,dressed_linear_chi,REJECTED_PHYSICAL,YZ,x,-0.0625,y,-0.5625,z,-0.1875,0.22391337343738307,0.37313687642007054,0.14922350298268747,0.10000280665515104,2.4393089401006476
2003,1.0,20dB_nominal_difference,real,dressed_linear_chi,REJECTED_PHYSICAL,YZ,x,-0.0625,y,-0.4375,z,-0.1875,0.3693003373032048,0.4661890665520638,0.09688872924885905,0.10000280665515104,2.4393089401006476
2003,1.0,20dB_nominal_difference,real,dressed_linear_chi,REJECTED_PHYSICAL,YZ,x,-0.0625,y,-0.3125,z,-0.1875,0.6205501005385186,0.5650458039810409,-0.055504296557477684,0.10000280665515104,2.4393089401006476
2003,1.0,20dB_nominal_difference,real,dressed_linear_chi,REJECTED_PHYSICAL,YZ,x,-0.0625,y,-0.1875,z,-0.1875,1.035667974078422,0.6652375064138624,-0.37043046766455967,0.10000280665515104,2.4393089401006476
2003,1.0,20dB_nominal_difference,real,dressed_linear_chi,REJECTED_PHYSICAL,YZ,x,-0.0625,y,-0.0625,z,-0.1875,1.6322981737694875,0.7606771623919679,-0.8716210113775196,0.10000280665515104,2.4393089401006476
2003,1.0,20dB_nominal_difference,real,dressed_linear_chi,REJECTED_PHYSICAL,YZ,x,-0.0625,y,0.0625,z,-0.1875,2.2003556553877774,0.8413280982226657,-1.3590275571651116,0.10000280665515104,2.4393089401006476
2003,1.0,20dB_nominal_difference,real,dressed_linear_chi,REJECTED_PHYSICAL,YZ,x,-0.0625,y,0.1875,z,-0.1875,2.32613250920512,0.8928165613359637,-1.4333159478691564,0.10000280665515104,2.4393089401006476
2003,1.0,20dB_nominal_difference,real,dressed_linear_chi,REJECTED_PHYSICAL,YZ,x,-0.0625,y,0.3125,z,-0.1875,1.8697796548476886,0.8985824762245287,-0.9711971786231599,0.10000280665515104,2.4393089401006476
2003,1.0,20dB_nominal_difference,real,dressed_linear_chi,REJECTED_PHYSICAL,YZ,x,-0.0625,y,0.4375,z,-0.1875,1.17401564007071,0.844001109206562,-0.330014530864148,0.10000280665515104,2.4393089401006476
2003,1.0,20dB_nominal_difference,real,dressed_linear_chi,REJECTED_PHYSICAL,YZ,x,-0.0625,y,0.5625,z,-0.1875,0.6195546737748495,0.7208914576870913,0.10133678391224177,0.10000280665515104,2.4393089401006476
2003,1.0,20dB_nominal_difference,real,dressed_linear_chi,REJECTED_PHYSICAL,YZ,x,-0.0625,y,0.6875,z,-0.1875,0.30726397666626276,0.548248527119519,0.24098455045325623,0.10000280665515104,2.4393089401006476
2003,1.0,20dB_nominal_difference,real,dressed_linear_chi,REJECTED_PHYSICAL,YZ,x,-0.0625,y,-0.6875,z,-0.0625,0.20859549320921714,0.3127208759000696,0.10412538269085245,0.10000280665515104,2.4393089401006476
2003,1.0,20dB_nominal_difference,real,dressed_linear_chi,REJECTED_PHYSICAL,YZ,x,-0.0625,y,-0.5625,z,-0.0625,0.36254148382736917,0.39275971912355245,0.030218235296183282,0.10000280665515104,2.4393089401006476
2003,1.0,20dB_nominal_difference,real,dressed_linear_chi,REJECTED_PHYSICAL,YZ,x,-0.0625,y,-0.4375,z,-0.0625,0.6116537993530816,0.4840295329893628,-0.12762426636371882,0.10000280665515104,2.4393089401006476
2003,1.0,20dB_nominal_difference,real,dressed_linear_chi,REJECTED_PHYSICAL,YZ,x,-0.0625,y,-0.3125,z,-0.0625,0.9382279287440176,0.5818432886171806,-0.356384640126837,0.10000280665515104,2.4393089401006476
2003,1.0,20dB_nominal_difference,real,dressed_linear_chi,REJECTED_PHYSICAL,YZ,x,-0.0625,y,-0.1875,z,-0.0625,1.3358655739364922,0.6826983957153996,-0.6531671782210926,0.10000280665515104,2.4393089401006476
2003,1.0,20dB_nominal_difference,real,dressed_linear_chi,REJECTED_PHYSICAL,YZ,x,-0.0625,y,-0.0625,z,-0.0625,1.8153929619320532,0.7804387669347264,-1.0349541949973269,0.10000280665515104,2.4393089401006476
2003,1.0,20dB_nominal_difference,real,dressed_linear_chi,REJECTED_PHYSICAL,YZ,x,-0.0625,y,0.0625,z,-0.0625,2.2364472185799547,0.8644423242717834,-1.3720048943081713,0.10000280665515104,2.4393089401006476
2003,1.0,20dB_nominal_difference,real,dressed_linear_chi,REJECTED_PHYSICAL,YZ,x,-0.0625,y,0.1875,z,-0.0625,2.2667470865639103,0.9197209888602728,-1.3470260977036377,0.10000280665515104,2.4393089401006476
2003,1.0,20dB_nominal_difference,real,dressed_linear_chi,REJECTED_PHYSICAL,YZ,x,-0.0625,y,0.3125,z,-0.0625,1.793712116179598,0.9293245596209037,-0.8643875565586943,0.10000280665515104,2.4393089401006476
2003,1.0,20dB_nominal_difference,real,dressed_linear_chi,REJECTED_PHYSICAL,YZ,x,-0.0625,y,0.4375,z,-0.0625,1.1301085851110904,0.8784397751454548,-0.25166880996563556,0.10000280665515104,2.4393089401006476
2003,1.0,20dB_nominal_difference,real,dressed_linear_chi,REJECTED_PHYSICAL,YZ,x,-0.0625,y,0.5625,z,-0.0625,0.6101120990128424,0.7587192122918205,0.14860711327897813,0.10000280665515104,2.4393089401006476
2003,1.0,20dB_nominal_difference,real,dressed_linear_chi,REJECTED_PHYSICAL,YZ,x,-0.0625,y,0.6875,z,-0.0625,0.31226572562427457,0.5871265686362402,0.27486084301196567,0.10000280665515104,2.4393089401006476
2003,1.0,20dB_nominal_difference,real,dressed_linear_chi,REJECTED_PHYSICAL,YZ,x,-0.0625,y,-0.6875,z,0.0625,0.2544907212563346,0.2948833564097939,0.04039263515345931,0.10000280665515104,2.4393089401006476
2003,1.0,20dB_nominal_difference,real,dressed_linear_chi,REJECTED_PHYSICAL,YZ,x,-0.0625,y,-0.5625,z,0.0625,0.46618350038822143,0.3779423464689611,-0.08824115391926035,0.10000280665515104,2.4393089401006476
2003,1.0,20dB_nominal_difference,real,dressed_linear_chi,REJECTED_PHYSICAL,YZ,x,-0.0625,y,-0.4375,z,0.0625,0.7869816592054362,0.4699288870386704,-0.31705277216676575,0.10000280665515104,2.4393089401006476
2003,1.0,20dB_nominal_difference,real,dressed_linear_chi,REJECTED_PHYSICAL,YZ,x,-0.0625,y,-0.3125,z,0.0625,1.1479341940139374,0.5681949810995819,-0.5797392129143555,0.10000280665515104,2.4393089401006476
2003,1.0,20dB_nominal_difference,real,dressed_linear_chi,REJECTED_PHYSICAL,YZ,x,-0.0625,y,-0.1875,z,0.0625,1.476569825957142,0.6699689911281232,-0.8066008348290188,0.10000280665515104,2.4393089401006476
2003,1.0,20dB_nominal_difference,real,dressed_linear_chi,REJECTED_PHYSICAL,YZ,x,-0.0625,y,-0.0625,z,0.0625,1.7720996316476474,0.7692475831535605,-1.0028520484940868,0.10000280665515104,2.4393089401006476
2003,1.0,20dB_nominal_difference,real,dressed_linear_chi,REJECTED_PHYSICAL,YZ,x,-0.0625,y,0.0625,z,0.0625,1.9919405920120035,0.8552589979974995,-1.136681594014504,0.10000280665515104,2.4393089401006476
2003,1.0,20dB_nominal_difference,real,dressed_linear_chi,REJECTED_PHYSICAL,YZ,x,-0.0625,y,0.1875,z,0.0625,1.9492972063057485,0.9128874548787149,-1.0364097514270336,0.10000280665515104,2.4393089401006476
2003,1.0,20dB_nominal_difference,real,dressed_linear_chi,REJECTED_PHYSICAL,YZ,x,-0.0625,y,0.3125,z,0.0625,1.566607596063621,0.9252879388698946,-0.6413196571937264,0.10000280665515104,2.4393089401006476
2003,1.0,20dB_nominal_difference,real,dressed_linear_chi,REJECTED_PHYSICAL,YZ,x,-0.0625,y,0.4375,z,0.0625,1.0464464914025866,0.8780194484002204,-0.16842704300236622,0.10000280665515104,2.4393089401006476
2003,1.0,20dB_nominal_difference,real,dressed_linear_chi,REJECTED_PHYSICAL,YZ,x,-0.0625,y,0.5625,z,0.0625,0.614206318322457,0.763267459066053,0.149061140743596,0.10000280665515104,2.4393089401006476
2003,1.0,20dB_nominal_difference,real,dressed_linear_chi,REJECTED_PHYSICAL,YZ,x,-0.0625,y,0.6875,z,0.0625,0.33633519731516603,0.5957849366013865,0.2594497392862205,0.10000280665515104,2.4393089401006476
2003,1.0,20dB_nominal_difference,real,dressed_linear_chi,REJECTED_PHYSICAL,YZ,x,-0.0625,y,-0.6875,z,0.1875,0.23255642135225899,0.24675542859037208,0.014199007238113098,0.10000280665515104,2.4393089401006476
2003,1.0,20dB_nominal_difference,real,dressed_linear_chi,REJECTED_PHYSICAL,YZ,x,-0.0625,y,-0.5625,z,0.1875,0.4121769138697273,0.33215698262989907,-0.08001993123982826,0.10000280665515104,2.4393089401006476
2003,1.0,20dB_nominal_difference,real,dressed_linear_chi,REJECTED_PHYSICAL,YZ,x,-0.0625,y,-0.4375,z,0.1875,0.6782568252537292,0.4238648673381272,-0.254391957915602,0.10000280665515104,2.4393089401006476
2003,1.0,20dB_nominal_difference,real,dressed_linear_chi,REJECTED_PHYSICAL,YZ,x,-0.0625,y,-0.3125,z,0.1875,0.9602152243241519,0.5211204070839717,-0.4390948172401802,0.10000280665515104,2.4393089401006476
2003,1.0,20dB_nominal_difference,real,dressed_linear_chi,REJECTED_PHYSICAL,YZ,x,-0.0625,y,-0.1875,z,0.1875,1.181151380829835,0.6218336143765896,-0.5593177664532455,0.10000280665515104,2.4393089401006476
2003,1.0,20dB_nominal_difference,real,dressed_linear_chi,REJECTED_PHYSICAL,YZ,x,-0.0625,y,-0.0625,z,0.1875,1.3433270728347408,0.7203755968566116,-0.6229514759781293,0.10000280665515104,2.4393089401006476
2003,1.0,20dB_nominal_difference,real,dressed_linear_chi,REJECTED_PHYSICAL,YZ,x,-0.0625,y,0.0625,z,0.1875,1.4641480724221085,0.8061873496202008,-0.6579607228019078,0.10000280665515104,2.4393089401006476
2003,1.0,20dB_nominal_difference,real,dressed_linear_chi,REJECTED_PHYSICAL,YZ,x,-0.0625,y,0.1875,z,0.1875,1.4622252182837279,0.8644314593055843,-0.5977937589781436,0.10000280665515104,2.4393089401006476
2003,1.0,20dB_nominal_difference,real,dressed_linear_chi,REJECTED_PHYSICAL,YZ,x,-0.0625,y,0.3125,z,0.1875,1.2674185717068691,0.8787786380918817,-0.3886399336149874,0.10000280665515104,2.4393089401006476
2003,1.0,20dB_nominal_difference,real,dressed_linear_chi,REJECTED_PHYSICAL,YZ,x,-0.0625,y,0.4375,z,0.1875,0.9490954596284221,0.8355835250397465,-0.11351193458867559,0.10000280665515104,2.4393089401006476
2003,1.0,20dB_nominal_difference,real,dressed_linear_chi,REJECTED_PHYSICAL,YZ,x,-0.0625,y,0.5625,z,0.1875,0.6235379162666301,0.7280103039824153,0.10447238771578515,0.10000280665515104,2.4393089401006476
2003,1.0,20dB_nominal_difference,real,dressed_linear_chi,REJECTED_PHYSICAL,YZ,x,-0.0625,y,0.6875,z,0.1875,0.365552791375108,0.5684746820593413,0.20292189068423327,0.10000280665515104,2.4393089401006476
2003,1.0,20dB_nominal_difference,real,dressed_linear_chi,REJECTED_PHYSICAL,YZ,x,-0.0625,y,-0.6875,z,0.3125,0.16789421965744314,0.1786107561771903,0.01071653651974716,0.10000280665515104,2.4393089401006476
2003,1.0,20dB_nominal_difference,real,dressed_linear_chi,REJECTED_PHYSICAL,YZ,x,-0.0625,y,-0.5625,z,0.3125,0.2596244144942346,0.2631689262651625,0.0035445117709278495,0.10000280665515104,2.4393089401006476
2003,1.0,20dB_nominal_difference,real,dressed_linear_chi,REJECTED_PHYSICAL,YZ,x,-0.0625,y,-0.4375,z,0.3125,0.39488990724054285,0.3511071386401099,-0.04378276860043295,0.10000280665515104,2.4393089401006476
2003,1.0,20dB_nominal_difference,real,dressed_linear_chi,REJECTED_PHYSICAL,YZ,x,-0.0625,y,-0.3125,z,0.3125,0.537501272301452,0.4435550528587374,-0.09394621944271453,0.10000280665515104,2.4393089401006476
2003,1.0,20dB_nominal_difference,real,dressed_linear_chi,REJECTED_PHYSICAL,YZ,x,-0.0625,y,-0.1875,z,0.3125,0.6517652759029986,0.539355883419077,-0.11240939248392157,0.10000280665515104,2.4393089401006476
2003,1.0,20dB_nominal_difference,real,dressed_linear_chi,REJECTED_PHYSICAL,YZ,x,-0.0625,y,-0.0625,z,0.3125,0.7511454332313572,0.6336035031101546,-0.11754193012120262,0.10000280665515104,2.4393089401006476
2003,1.0,20dB_nominal_difference,real,dressed_linear_chi,REJECTED_PHYSICAL,YZ,x,-0.0625,y,0.0625,z,0.3125,0.8622065001966145,0.7162828281511685,-0.14592367204544598,0.10000280665515104,2.4393089401006476
2003,1.0,20dB_nominal_difference,real,dressed_linear_chi,REJECTED_PHYSICAL,YZ,x,-0.0625,y,0.1875,z,0.3125,0.9441148143702391,0.773118374108487,-0.1709964402617521,0.10000280665515104,2.4393089401006476
2003,1.0,20dB_nominal_difference,real,dressed_linear_chi,REJECTED_PHYSICAL,YZ,x,-0.0625,y,0.3125,z,0.3125,0.9231155305097005,0.7885171626299139,-0.13459836787978663,0.10000280665515104,2.4393089401006476
2003,1.0,20dB_nominal_difference,real,dressed_linear_chi,REJECTED_PHYSICAL,YZ,x,-0.0625,y,0.4375,z,0.3125,0.7806947590296338,0.7498030425392566,-0.030891716490377252,0.10000280665515104,2.4393089401006476
2003,1.0,20dB_nominal_difference,real,dressed_linear_chi,REJECTED_PHYSICAL,YZ,x,-0.0625,y,0.5625,z,0.3125,0.5628995376630692,0.6513456388557861,0.0884461011927169,0.10000280665515104,2.4393089401006476
2003,1.0,20dB_nominal_difference,real,dressed_linear_chi,REJECTED_PHYSICAL,YZ,x,-0.0625,y,0.6875,z,0.3125,0.3491019639108114,0.503566465618738,0.15446450170792658,0.10000280665515104,2.4393089401006476
2003,1.0,20dB_nominal_difference,real,dressed_linear_chi,REJECTED_PHYSICAL,YZ,x,-0.0625,y,-0.6875,z,0.4375,0.12070972238072919,0.10089480040993276,-0.01981492197079643,0.10000280665515104,2.4393089401006476
2003,1.0,20dB_nominal_difference,real,dressed_linear_chi,REJECTED_PHYSICAL,YZ,x,-0.0625,y,-0.5625,z,0.4375,0.14874938224852116,0.1808130720878191,0.03206368983929794,0.10000280665515104,2.4393089401006476
2003,1.0,20dB_nominal_difference,real,dressed_linear_chi,REJECTED_PHYSICAL,YZ,x,-0.0625,y,-0.4375,z,0.4375,0.1904772753152062,0.26007386882000644,0.06959659350480024,0.10000280665515104,2.4393089401006476
2003,1.0,20dB_nominal_difference,real,dressed_linear_chi,REJECTED_PHYSICAL,YZ,x,-0.0625,y,-0.3125,z,0.4375,0.23660415943949387,0.342277587973373,0.10567342853387912,0.10000280665515104,2.4393089401006476
2003,1.0,20dB_nominal_difference,real,dressed_linear_chi,REJECTED_PHYSICAL,YZ,x,-0.0625,y,-0.1875,z,0.4375,0.2820486868265244,0.42807107822807144,0.14602239140154705,0.10000280665515104,2.4393089401006476
2003,1.0,20dB_nominal_difference,real,dressed_linear_chi,REJECTED_PHYSICAL,YZ,x,-0.0625,y,-0.0625,z,0.4375,0.34211356233501233,0.5137910669054184,0.1716775045704061,0.10000280665515104,2.4393089401006476
2003,1.0,20dB_nominal_difference,real,dressed_linear_chi,REJECTED_PHYSICAL,YZ,x,-0.0625,y,0.0625,z,0.4375,0.43314942342634766,0.5902344624455019,0.15708503901915427,0.10000280665515104,2.4393089401006476
2003,1.0,20dB_nominal_difference,real,dressed_linear_chi,REJECTED_PHYSICAL,YZ,x,-0.0625,y,0.1875,z,0.4375,0.5311232183812667,0.6438057775198456,0.11268255913857883,0.10000280665515104,2.4393089401006476
2003,1.0,20dB_nominal_difference,real,dressed_linear_chi,REJECTED_PHYSICAL,YZ,x,-0.0625,y,0.3125,z,0.4375,0.578303628667434,0.6596051639337981,0.08130153526636408,0.10000280665515104,2.4393089401006476
2003,1.0,20dB_nominal_difference,real,dressed_linear_chi,REJECTED_PHYSICAL,YZ,x,-0.0625,y,0.4375,z,0.4375,0.5343085609097497,0.6256739647576786,0.0913654038479289,0.10000280665515104,2.4393089401006476
2003,1.0,20dB_nominal_difference,real,dressed_linear_chi,REJECTED_PHYSICAL,YZ,x,-0.0625,y,0.5625,z,0.4375,0.412495824784875,0.5373175649055896,0.12482174012071456,0.10000280665515104,2.4393089401006476
2003,1.0,20dB_nominal_difference,real,dressed_linear_chi,REJECTED_PHYSICAL,YZ,x,-0.0625,y,0.6875,z,0.4375,0.27311373341305345,0.4038901133945211,0.13077637998146763,0.10000280665515104,2.4393089401006476
2003,1.0,20dB_nominal_difference,real,dressed_linear_chi,REJECTED_PHYSICAL,YZ,x,-0.0625,y,-0.6875,z,0.5625,0.10376490980483472,0.022216255896036888,-0.08154865390879783,0.10000280665515104,2.4393089401006476
2003,1.0,20dB_nominal_difference,real,dressed_linear_chi,REJECTED_PHYSICAL,YZ,x,-0.0625,y,-0.5625,z,0.5625,0.10891178641657152,0.09585010961101588,-0.013061676805555644,0.10000280665515104,2.4393089401006476
2003,1.0,20dB_nominal_difference,real,dressed_linear_chi,REJECTED_PHYSICAL,YZ,x,-0.0625,y,-0.4375,z,0.5625,0.11682863596651215,0.16012410175541547,0.04329546578890332,0.10000280665515104,2.4393089401006476
2003,1.0,20dB_nominal_difference,real,dressed_linear_chi,REJECTED_PHYSICAL,YZ,x,-0.0625,y,-0.3125,z,0.5625,0.1268635052601023,0.2252392909555108,0.0983757856954085,0.10000280665515104,2.4393089401006476
2003,1.0,20dB_nominal_difference,real,dressed_linear_chi,REJECTED_PHYSICAL,YZ,x,-0.0625,y,-0.1875,z,0.5625,0.1413469016507673,0.2953588725665678,0.1540119709158005,0.10000280665515104,2.4393089401006476
2003,1.0,20dB_nominal_difference,real,dressed_linear_chi,REJECTED_PHYSICAL,YZ,x,-0.0625,y,-0.0625,z,0.5625,0.169157369334158,0.36846647078688644,0.19930910145272843,0.10000280665515104,2.4393089401006476
2003,1.0,20dB_nominal_difference,real,dressed_linear_chi,REJECTED_PHYSICAL,YZ,x,-0.0625,y,0.0625,z,0.5625,0.21756160476700737,0.4362258129417024,0.218664208174695,0.10000280665515104,2.4393089401006476
2003,1.0,20dB_nominal_difference,real,dressed_linear_chi,REJECTED_PHYSICAL,YZ,x,-0.0625,y,0.1875,z,0.5625,0.275547133730799,0.4856623332001284,0.21011519946932944,0.10000280665515104,2.4393089401006476
2003,1.0,20dB_nominal_difference,real,dressed_linear_chi,REJECTED_PHYSICAL,YZ,x,-0.0625,y,0.3125,z,0.5625,0.31320243724200736,0.5023303077655897,0.18912787052358238,0.10000280665515104,2.4393089401006476
2003,1.0,20dB_nominal_difference,real,dressed_linear_chi,REJECTED_PHYSICAL,YZ,x,-0.0625,y,0.4375,z,0.5625,0.30433998778255333,0.47425439253890467,0.16991440475635133,0.10000280665515104,2.4393089401006476
2003,1.0,20dB_nominal_difference,real,dressed_linear_chi,REJECTED_PHYSICAL,YZ,x,-0.0625,y,0.5625,z,0.5625,0.25130415166693953,0.39601755357917123,0.1447134019122317,0.10000280665515104,2.4393089401006476
2003,1.0,20dB_nominal_difference,real,dressed_linear_chi,REJECTED_PHYSICAL,YZ,x,-0.0625,y,0.6875,z,0.5625,0.18496247337200594,0.2757514874032965,0.09078901403129058,0.10000280665515104,2.4393089401006476
2003,1.0,20dB_nominal_difference,real,dressed_linear_chi,REJECTED_PHYSICAL,YZ,x,-0.0625,y,-0.6875,z,0.6875,0.10041010788383695,-0.030936651771458407,-0.13134675965529535,0.10000280665515104,2.4393089401006476
2003,1.0,20dB_nominal_difference,real,dressed_linear_chi,REJECTED_PHYSICAL,YZ,x,-0.0625,y,-0.5625,z,0.6875,0.10098768632882389,0.03319421896449308,-0.06779346736433081,0.10000280665515104,2.4393089401006476
2003,1.0,20dB_nominal_difference,real,dressed_linear_chi,REJECTED_PHYSICAL,YZ,x,-0.0625,y,-0.4375,z,0.6875,0.10196462667755618,0.07104935452141159,-0.03091527215614459,0.10000280665515104,2.4393089401006476
2003,1.0,20dB_nominal_difference,real,dressed_linear_chi,REJECTED_PHYSICAL,YZ,x,-0.0625,y,-0.3125,z,0.6875,0.10363362461937893,0.11057014509503378,0.00693652047565485,0.10000280665515104,2.4393089401006476
2003,1.0,20dB_nominal_difference,real,dressed_linear_chi,REJECTED_PHYSICAL,YZ,x,-0.0625,y,-0.1875,z,0.6875,0.10740220665865663,0.15891885969805664,0.05151665303940001,0.10000280665515104,2.4393089401006476
2003,1.0,20dB_nominal_difference,real,dressed_linear_chi,REJECTED_PHYSICAL,YZ,x,-0.0625,y,-0.0625,z,0.6875,0.11644264038831217,0.21516425063593558,0.09872161024762341,0.10000280665515104,2.4393089401006476
2003,1.0,20dB_nominal_difference,real,dressed_linear_chi,REJECTED_PHYSICAL,YZ,x,-0.0625,y,0.0625,z,0.6875,0.13320937147536027,0.27162653437470907,0.1384171628993488,0.10000280665515104,2.4393089401006476
2003,1.0,20dB_nominal_difference,real,dressed_linear_chi,REJECTED_PHYSICAL,YZ,x,-0.0625,y,0.1875,z,0.6875,0.15426362840322297,0.3159736836143995,0.1617100552111765,0.10000280665515104,2.4393089401006476
2003,1.0,20dB_nominal_difference,real,dressed_linear_chi,REJECTED_PHYSICAL,YZ,x,-0.0625,y,0.3125,z,0.6875,0.16926191145929204,0.3343260346845005,0.16506412322520847,0.10000280665515104,2.4393089401006476
2003,1.0,20dB_nominal_difference,real,dressed_linear_chi,REJECTED_PHYSICAL,YZ,x,-0.0625,y,0.4375,z,0.6875,0.16822805989190653,0.31449153270845165,0.14626347281654511,0.10000280665515104,2.4393089401006476
2003,1.0,20dB_nominal_difference,real,dressed_linear_chi,REJECTED_PHYSICAL,YZ,x,-0.0625,y,0.5625,z,0.6875,0.15122342744262568,0.24791962715166194,0.09669619970903626,0.10000280665515104,2.4393089401006476
2003,1.0,20dB_nominal_difference,real,dressed_linear_chi,REJECTED_PHYSICAL,YZ,x,-0.0625,y,0.6875,z,0.6875,0.12894625703496232,0.13001592822479985,0.0010696711898375288,0.10000280665515104,2.4393089401006476
2003,1.0,20dB_nominal_difference,real,linear_a_exact_conversion,REJECTED_PHYSICAL,XY,z,-0.0625,x,-0.6875,y,-0.6875,0.1553024191438319,0.22058957279202507,0.06528715364819318,0.10000280665515104,2.4393089401006476
2003,1.0,20dB_nominal_difference,real,linear_a_exact_conversion,REJECTED_PHYSICAL,XY,z,-0.0625,x,-0.5625,y,-0.6875,0.19865097496467185,0.2878198226208361,0.08916884765616426,0.10000280665515104,2.4393089401006476
2003,1.0,20dB_nominal_difference,real,linear_a_exact_conversion,REJECTED_PHYSICAL,XY,z,-0.0625,x,-0.4375,y,-0.6875,0.24067148773868327,0.32370315159049984,0.08303166385181657,0.10000280665515104,2.4393089401006476
2003,1.0,20dB_nominal_difference,real,linear_a_exact_conversion,REJECTED_PHYSICAL,XY,z,-0.0625,x,-0.3125,y,-0.6875,0.26055573239087537,0.3366036752411443,0.07604794285026895,0.10000280665515104,2.4393089401006476
2003,1.0,20dB_nominal_difference,real,linear_a_exact_conversion,REJECTED_PHYSICAL,XY,z,-0.0625,x,-0.1875,y,-0.6875,0.24705037152265574,0.33458338247250097,0.08753301094984522,0.10000280665515104,2.4393089401006476
2003,1.0,20dB_nominal_difference,real,linear_a_exact_conversion,REJECTED_PHYSICAL,XY,z,-0.0625,x,-0.0625,y,-0.6875,0.20859549320921714,0.3240354987817851,0.11544000557256798,0.10000280665515104,2.4393089401006476
2003,1.0,20dB_nominal_difference,real,linear_a_exact_conversion,REJECTED_PHYSICAL,XY,z,-0.0625,x,0.0625,y,-0.6875,0.16522443474432935,0.308153201803982,0.14292876705965263,0.10000280665515104,2.4393089401006476
2003,1.0,20dB_nominal_difference,real,linear_a_exact_conversion,REJECTED_PHYSICAL,XY,z,-0.0625,x,0.1875,y,-0.6875,0.13232114791405827,0.28765757058420927,0.155336422670151,0.10000280665515104,2.4393089401006476
2003,1.0,20dB_nominal_difference,real,linear_a_exact_conversion,REJECTED_PHYSICAL,XY,z,-0.0625,x,0.3125,y,-0.6875,0.11349145559804033,0.26207479569255243,0.1485833400945121,0.10000280665515104,2.4393089401006476
2003,1.0,20dB_nominal_difference,real,linear_a_exact_conversion,REJECTED_PHYSICAL,XY,z,-0.0625,x,0.4375,y,-0.6875,0.10485680281317329,0.2305971498706897,0.1257403470575164,0.10000280665515104,2.4393089401006476
2003,1.0,20dB_nominal_difference,real,linear_a_exact_conversion,REJECTED_PHYSICAL,XY,z,-0.0625,x,0.5625,y,-0.6875,0.10153249102044401,0.19098391648236482,0.08945142546192081,0.10000280665515104,2.4393089401006476
2003,1.0,20dB_nominal_difference,real,linear_a_exact_conversion,REJECTED_PHYSICAL,XY,z,-0.0625,x,0.6875,y,-0.6875,0.10042312044366655,0.12767576884483542,0.027252648401168866,0.10000280665515104,2.4393089401006476
2003,1.0,20dB_nominal_difference,real,linear_a_exact_conversion,REJECTED_PHYSICAL,XY,z,-0.0625,x,-0.6875,y,-0.5625,0.23212028886384556,0.4345978000015045,0.20247751113765894,0.10000280665515104,2.4393089401006476
2003,1.0,20dB_nominal_difference,real,linear_a_exact_conversion,REJECTED_PHYSICAL,XY,z,-0.0625,x,-0.5625,y,-0.5625,0.3349799033292657,0.5082885794609447,0.17330867613167905,0.10000280665515104,2.4393089401006476
2003,1.0,20dB_nominal_difference,real,linear_a_exact_conversion,REJECTED_PHYSICAL,XY,z,-0.0625,x,-0.4375,y,-0.5625,0.43442341050431166,0.5150223261759125,0.08059891567160082,0.10000280665515104,2.4393089401006476
2003,1.0,20dB_nominal_difference,real,linear_a_exact_conversion,REJECTED_PHYSICAL,XY,z,-0.0625,x,-0.3125,y,-0.5625,0.4817815432708935,0.4897994019288083,0.008017858657914767,0.10000280665515104,2.4393089401006476
2003,1.0,20dB_nominal_difference,real,linear_a_exact_conversion,REJECTED_PHYSICAL,XY,z,-0.0625,x,-0.1875,y,-0.5625,0.4512198124535277,0.45031954863384627,-0.0009002638196814461,0.10000280665515104,2.4393089401006476
2003,1.0,20dB_nominal_difference,real,linear_a_exact_conversion,REJECTED_PHYSICAL,XY,z,-0.0625,x,-0.0625,y,-0.5625,0.36254148382736917,0.40726041879312863,0.04471893496575946,0.10000280665515104,2.4393089401006476
2003,1.0,20dB_nominal_difference,real,linear_a_exact_conversion,REJECTED_PHYSICAL,XY,z,-0.0625,x,0.0625,y,-0.5625,0.2617078623589451,0.36495657251899627,0.10324871016005116,0.10000280665515104,2.4393089401006476
2003,1.0,20dB_nominal_difference,real,linear_a_exact_conversion,REJECTED_PHYSICAL,XY,z,-0.0625,x,0.1875,y,-0.5625,0.18377767576553278,0.32368657438330395,0.13990889861777117,0.10000280665515104,2.4393089401006476
2003,1.0,20dB_nominal_difference,real,linear_a_exact_conversion,REJECTED_PHYSICAL,XY,z,-0.0625,x,0.3125,y,-0.5625,0.13740163431016544,0.2821044545929125,0.14470282028274706,0.10000280665515104,2.4393089401006476
2003,1.0,20dB_nominal_difference,real,linear_a_exact_conversion,REJECTED_PHYSICAL,XY,z,-0.0625,x,0.4375,y,-0.5625,0.11464701877535678,0.23918738111718807,0.12454036234183129,0.10000280665515104,2.4393089401006476
2003,1.0,20dB_nominal_difference,real,linear_a_exact_conversion,REJECTED_PHYSICAL,XY,z,-0.0625,x,0.5625,y,-0.5625,0.10502990889008713,0.19626276342774848,0.09123285453766135,0.10000280665515104,2.4393089401006476
2003,1.0,20dB_nominal_difference,real,linear_a_exact_conversion,REJECTED_PHYSICAL,XY,z,-0.0625,x,0.6875,y,-0.5625,0.10148535383924712,0.15833991245563125,0.05685455861638414,0.10000280665515104,2.4393089401006476
2003,1.0,20dB_nominal_difference,real,linear_a_exact_conversion,REJECTED_PHYSICAL,XY,z,-0.0625,x,-0.6875,y,-0.4375,0.34742989304929783,0.6208340038419972,0.27340411079269933,0.10000280665515104,2.4393089401006476
2003,1.0,20dB_nominal_difference,real,linear_a_exact_conversion,REJECTED_PHYSICAL,XY,z,-0.0625,x,-0.5625,y,-0.4375,0.5395979001659335,0.7068663261990872,0.16726842603315373,0.10000280665515104,2.4393089401006476
2003,1.0,20dB_nominal_difference,real,linear_a_exact_conversion,REJECTED_PHYSICAL,XY,z,-0.0625,x,-0.4375,y,-0.4375,0.7260487781078776,0.696357604649898,-0.02969117345797956,0.10000280665515104,2.4393089401006476
2003,1.0,20dB_nominal_difference,real,linear_a_exact_conversion,REJECTED_PHYSICAL,XY,z,-0.0625,x,-0.3125,y,-0.4375,0.8178092722125833,0.6411562489631439,-0.17665302324943932,0.10000280665515104,2.4393089401006476
2003,1.0,20dB_nominal_difference,real,linear_a_exact_conversion,REJECTED_PHYSICAL,XY,z,-0.0625,x,-0.1875,y,-0.4375,0.7680205537853748,0.5711216155785996,-0.19689893820677518,0.10000280665515104,2.4393089401006476
2003,1.0,20dB_nominal_difference,real,linear_a_exact_conversion,REJECTED_PHYSICAL,XY,z,-0.0625,x,-0.0625,y,-0.4375,0.6116537993530816,0.501594171456707,-0.11005962789637458,0.10000280665515104,2.4393089401006476
2003,1.0,20dB_nominal_difference,real,linear_a_exact_conversion,REJECTED_PHYSICAL,XY,z,-0.0625,x,0.0625,y,-0.4375,0.42932604475479164,0.437289014653061,0.00796296989826939,0.10000280665515104,2.4393089401006476
2003,1.0,20dB_nominal_difference,real,linear_a_exact_conversion,REJECTED_PHYSICAL,XY,z,-0.0625,x,0.1875,y,-0.4375,0.2826771304935804,0.37738949691489987,0.09471236642131947,0.10000280665515104,2.4393089401006476
2003,1.0,20dB_nominal_difference,real,linear_a_exact_conversion,REJECTED_PHYSICAL,XY,z,-0.0625,x,0.3125,y,-0.4375,0.1890648360199925,0.3197351680923882,0.13067033207239573,0.10000280665515104,2.4393089401006476
2003,1.0,20dB_nominal_difference,real,linear_a_exact_conversion,REJECTED_PHYSICAL,XY,z,-0.0625,x,0.4375,y,-0.4375,0.13821120569415402,0.2639116315496525,0.1257004258554985,0.10000280665515104,2.4393089401006476
2003,1.0,20dB_nominal_difference,real,linear_a_exact_conversion,REJECTED_PHYSICAL,XY,z,-0.0625,x,0.5625,y,-0.4375,0.11413499884626523,0.2138765387702612,0.09974153992399597,0.10000280665515104,2.4393089401006476
2003,1.0,20dB_nominal_difference,real,linear_a_exact_conversion,REJECTED_PHYSICAL,XY,z,-0.0625,x,0.6875,y,-0.4375,0.10437532223490621,0.17318870094240318,0.06881337870749697,0.10000280665515104,2.4393089401006476
2003,1.0,20dB_nominal_difference,real,linear_a_exact_conversion,REJECTED_PHYSICAL,XY,z,-0.0625,x,-0.6875,y,-0.3125,0.47141588431350434,0.7909065479996867,0.3194906636861824,0.10000280665515104,2.4393089401006476
2003,1.0,20dB_nominal_difference,real,linear_a_exact_conversion,REJECTED_PHYSICAL,XY,z,-0.0625,x,-0.5625,y,-0.3125,0.7631807575018051,0.8853041673078197,0.12212340980601455,0.10000280665515104,2.4393089401006476
2003,1.0,20dB_nominal_difference,real,linear_a_exact_conversion,REJECTED_PHYSICAL,XY,z,-0.0625,x,-0.4375,y,-0.3125,1.0512379918332335,0.8633176057747077,-0.1879203860585258,0.10000280665515104,2.4393089401006476
2003,1.0,20dB_nominal_difference,real,linear_a_exact_conversion,REJECTED_PHYSICAL,XY,z,-0.0625,x,-0.3125,y,-0.3125,1.2040981972682998,0.7854361493152727,-0.4186620479530271,0.10000280665515104,2.4393089401006476
2003,1.0,20dB_nominal_difference,real,linear_a_exact_conversion,REJECTED_PHYSICAL,XY,z,-0.0625,x,-0.1875,y,-0.3125,1.1510488153136431,0.6915405287773175,-0.4595082865363256,0.10000280665515104,2.4393089401006476
2003,1.0,20dB_nominal_difference,real,linear_a_exact_conversion,REJECTED_PHYSICAL,XY,z,-0.0625,x,-0.0625,y,-0.3125,0.9382279287440176,0.6011566475018545,-0.3370712812421631,0.10000280665515104,2.4393089401006476
2003,1.0,20dB_nominal_difference,real,linear_a_exact_conversion,REJECTED_PHYSICAL,XY,z,-0.0625,x,0.0625,y,-0.3125,0.6754300013164558,0.5190128229864521,-0.15641717833000368,0.10000280665515104,2.4393089401006476
2003,1.0,20dB_nominal_difference,real,linear_a_exact_conversion,REJECTED_PHYSICAL,XY,z,-0.0625,x,0.1875,y,-0.3125,0.44804142302673045,0.4429064270302223,-0.005134995996508129,0.10000280665515104,2.4393089401006476
2003,1.0,20dB_nominal_difference,real,linear_a_exact_conversion,REJECTED_PHYSICAL,XY,z,-0.0625,x,0.3125,y,-0.3125,0.2863367520168647,0.3696336574726575,0.08329690545579277,0.10000280665515104,2.4393089401006476
2003,1.0,20dB_nominal_difference,real,linear_a_exact_conversion,REJECTED_PHYSICAL,XY,z,-0.0625,x,0.4375,y,-0.3125,0.18654806607589558,0.29868987531934454,0.11214180924344896,0.10000280665515104,2.4393089401006476
2003,1.0,20dB_nominal_difference,real,linear_a_exact_conversion,REJECTED_PHYSICAL,XY,z,-0.0625,x,0.5625,y,-0.3125,0.1337171009104705,0.23408900160484986,0.10037190069437935,0.10000280665515104,2.4393089401006476
2003,1.0,20dB_nominal_difference,real,linear_a_exact_conversion,REJECTED_PHYSICAL,XY,z,-0.0625,x,0.6875,y,-0.3125,0.11068803743552963,0.17503856543718738,0.06435052800165775,0.10000280665515104,2.4393089401006476
2003,1.0,20dB_nominal_difference,real,linear_a_exact_conversion,REJECTED_PHYSICAL,XY,z,-0.0625,x,-0.6875,y,-0.1875,0.5696468267306692,0.940587098262431,0.3709402715317618,0.10000280665515104,2.4393089401006476
2003,1.0,20dB_nominal_difference,real,linear_a_exact_conversion,REJECTED_PHYSICAL,XY,z,-0.0625,x,-0.5625,y,-0.1875,0.9558282914551371,1.0364443487833508,0.08061605732821364,0.10000280665515104,2.4393089401006476
2003,1.0,20dB_nominal_difference,real,linear_a_exact_conversion,REJECTED_PHYSICAL,XY,z,-0.0625,x,-0.4375,y,-0.1875,1.3542696548424873,1.0072293978508995,-0.3470402569915878,0.10000280665515104,2.4393089401006476
2003,1.0,20dB_nominal_difference,real,linear_a_exact_conversion,REJECTED_PHYSICAL,XY,z,-0.0625,x,-0.3125,y,-0.1875,1.5933869493856638,0.9155465186367323,-0.6778404307489315,0.10000280665515104,2.4393089401006476
2003,1.0,20dB_nominal_difference,real,linear_a_exact_conversion,REJECTED_PHYSICAL,XY,z,-0.0625,x,-0.1875,y,-0.1875,1.57219576646612,0.8069156802357317,-0.7652800862303882,0.10000280665515104,2.4393089401006476
2003,1.0,20dB_nominal_difference,real,linear_a_exact_conversion,REJECTED_PHYSICAL,XY,z,-0.0625,x,-0.0625,y,-0.1875,1.3358655739364922,0.7032406519604131,-0.6326249219760791,0.10000280665515104,2.4393089401006476
2003,1.0,20dB_nominal_difference,real,linear_a_exact_conversion,REJECTED_PHYSICAL,XY,z,-0.0625,x,0.0625,y,-0.1875,1.0103148515285243,0.6087601397763598,-0.4015547117521645,0.10000280665515104,2.4393089401006476
2003,1.0,20dB_nominal_difference,real,linear_a_exact_conversion,REJECTED_PHYSICAL,XY,z,-0.0625,x,0.1875,y,-0.1875,0.6973351976865888,0.5197562233716462,-0.17757897431494263,0.10000280665515104,2.4393089401006476
2003,1.0,20dB_nominal_difference,real,linear_a_exact_conversion,REJECTED_PHYSICAL,XY,z,-0.0625,x,0.3125,y,-0.1875,0.4445849133410964,0.4318198900859724,-0.01276502325512402,0.10000280665515104,2.4393089401006476
2003,1.0,20dB_nominal_difference,real,linear_a_exact_conversion,REJECTED_PHYSICAL,XY,z,-0.0625,x,0.4375,y,-0.1875,0.2686083196632556,0.34395003193194584,0.07534171226869024,0.10000280665515104,2.4393089401006476
2003,1.0,20dB_nominal_difference,real,linear_a_exact_conversion,REJECTED_PHYSICAL,XY,z,-0.0625,x,0.5625,y,-0.1875,0.1673446911406377,0.2598148348702836,0.0924701437296459,0.10000280665515104,2.4393089401006476
2003,1.0,20dB_nominal_difference,real,linear_a_exact_conversion,REJECTED_PHYSICAL,XY,z,-0.0625,x,0.6875,y,-0.1875,0.12139907314350658,0.17545658690187238,0.0540575137583658,0.10000280665515104,2.4393089401006476
2003,1.0,20dB_nominal_difference,real,linear_a_exact_conversion,REJECTED_PHYSICAL,XY,z,-0.0625,x,-0.6875,y,-0.0625,0.6283217544571117,1.056984859528832,0.42866310507172034,0.10000280665515104,2.4393089401006476
2003,1.0,20dB_nominal_difference,real,linear_a_exact_conversion,REJECTED_PHYSICAL,XY,z,-0.0625,x,-0.5625,y,-0.0625,1.1052708288225817,1.1487977342765647,0.04352690545398308,0.10000280665515104,2.4393089401006476
2003,1.0,20dB_nominal_difference,real,linear_a_exact_conversion,REJECTED_PHYSICAL,XY,z,-0.0625,x,-0.4375,y,-0.0625,1.6347240816154451,1.1194228067507939,-0.5153012748646513,0.10000280665515104,2.4393089401006476
2003,1.0,20dB_nominal_difference,real,linear_a_exact_conversion,REJECTED_PHYSICAL,XY,z,-0.0625,x,-0.3125,y,-0.0625,2.0005382121427666,1.0261799351879697,-0.9743582769547969,0.10000280665515104,2.4393089401006476
2003,1.0,20dB_nominal_difference,real,linear_a_exact_conversion,REJECTED_PHYSICAL,XY,z,-0.0625,x,-0.1875,y,-0.0625,2.0513647403546127,0.914571904280855,-1.1367928360737576,0.10000280665515104,2.4393089401006476
2003,1.0,20dB_nominal_difference,real,linear_a_exact_conversion,REJECTED_PHYSICAL,XY,z,-0.0625,x,-0.0625,y,-0.0625,1.8153929619320532,0.8066309740836479,-1.0087619878484053,0.10000280665515104,2.4393089401006476
2003,1.0,20dB_nominal_difference,real,linear_a_exact_conversion,REJECTED_PHYSICAL,XY,z,-0.0625,x,0.0625,y,-0.0625,1.432022565918859,0.7059149451920397,-0.7261076207268193,0.10000280665515104,2.4393089401006476
2003,1.0,20dB_nominal_difference,real,linear_a_exact_conversion,REJECTED_PHYSICAL,XY,z,-0.0625,x,0.1875,y,-0.0625,1.0219508852778023,0.6075383030844793,-0.414412582193323,0.10000280665515104,2.4393089401006476
2003,1.0,20dB_nominal_difference,real,linear_a_exact_conversion,REJECTED_PHYSICAL,XY,z,-0.0625,x,0.3125,y,-0.0625,0.6547340167083282,0.5061637676351219,-0.14857024907320626,0.10000280665515104,2.4393089401006476
2003,1.0,20dB_nominal_difference,real,linear_a_exact_conversion,REJECTED_PHYSICAL,XY,z,-0.0625,x,0.4375,y,-0.0625,0.37750291054443263,0.4005060797557495,0.023003169211316843,0.10000280665515104,2.4393089401006476
2003,1.0,20dB_nominal_difference,real,linear_a_exact_conversion,REJECTED_PHYSICAL,XY,z,-0.0625,x,0.5625,y,-0.0625,0.21096282267272176,0.29445032703233565,0.08348750435961388,0.10000280665515104,2.4393089401006476
2003,1.0,20dB_nominal_difference,real,linear_a_exact_conversion,REJECTED_PHYSICAL,XY,z,-0.0625,x,0.6875,y,-0.0625,0.13473952340882195,0.18211144280859803,0.047371919399776086,0.10000280665515104,2.4393089401006476
2003,1.0,20dB_nominal_difference,real,linear_a_exact_conversion,REJECTED_PHYSICAL,XY,z,-0.0625,x,-0.6875,y,0.0625,0.6210759620670193,1.1170129413399064,0.49593697927288705,0.10000280665515104,2.4393089401006476
2003,1.0,20dB_nominal_difference,real,linear_a_exact_conversion,REJECTED_PHYSICAL,XY,z,-0.0625,x,-0.5625,y,0.0625,1.1495567058371055,1.2047526430494442,0.05519593721233873,0.10000280665515104,2.4393089401006476
2003,1.0,20dB_nominal_difference,real,linear_a_exact_conversion,REJECTED_PHYSICAL,XY,z,-0.0625,x,-0.4375,y,0.0625,1.7869051011800234,1.1885312676833137,-0.5983738334967097,0.10000280665515104,2.4393089401006476
2003,1.0,20dB_nominal_difference,real,linear_a_exact_conversion,REJECTED_PHYSICAL,XY,z,-0.0625,x,-0.3125,y,0.0625,2.286812997437625,1.111151530714127,-1.1756614667234977,0.10000280665515104,2.4393089401006476
2003,1.0,20dB_nominal_difference,real,linear_a_exact_conversion,REJECTED_PHYSICAL,XY,z,-0.0625,x,-0.1875,y,0.0625,2.4393089401006476,1.011464487853705,-1.4278444522469427,0.10000280665515104,2.4393089401006476
2003,1.0,20dB_nominal_difference,real,linear_a_exact_conversion,REJECTED_PHYSICAL,XY,z,-0.0625,x,-0.0625,y,0.0625,2.2364472185799547,0.909497282715856,-1.3269499358640986,0.10000280665515104,2.4393089401006476
2003,1.0,20dB_nominal_difference,real,linear_a_exact_conversion,REJECTED_PHYSICAL,XY,z,-0.0625,x,0.0625,y,0.0625,1.8205734832232667,0.8086561320132437,-1.011917351210023,0.10000280665515104,2.4393089401006476
2003,1.0,20dB_nominal_difference,real,linear_a_exact_conversion,REJECTED_PHYSICAL,XY,z,-0.0625,x,0.1875,y,0.0625,1.3288412623740355,0.7040439178984585,-0.624797344475577,0.10000280665515104,2.4393089401006476
2003,1.0,20dB_nominal_difference,real,linear_a_exact_conversion,REJECTED_PHYSICAL,XY,z,-0.0625,x,0.3125,y,0.0625,0.8534290111612901,0.590317436957682,-0.2631115742036081,0.10000280665515104,2.4393089401006476
2003,1.0,20dB_nominal_difference,real,linear_a_exact_conversion,REJECTED_PHYSICAL,XY,z,-0.0625,x,0.4375,y,0.0625,0.4773069372254948,0.466567689425962,-0.01073924779953278,0.10000280665515104,2.4393089401006476
2003,1.0,20dB_nominal_difference,real,linear_a_exact_conversion,REJECTED_PHYSICAL,XY,z,-0.0625,x,0.5625,y,0.0625,0.24851702811324247,0.33763005865279466,0.08911303053955219,0.10000280665515104,2.4393089401006476
2003,1.0,20dB_nominal_difference,real,linear_a_exact_conversion,REJECTED_PHYSICAL,XY,z,-0.0625,x,0.6875,y,0.0625,0.14525379334639565,0.19668922042521306,0.0514354270788174,0.10000280665515104,2.4393089401006476
2003,1.0,20dB_nominal_difference,real,linear_a_exact_conversion,REJECTED_PHYSICAL,XY,z,-0.0625,x,-0.6875,y,0.1875,0.5103021576475198,1.089182488733415,0.5788803310858951,0.10000280665515104,2.4393089401006476
2003,1.0,20dB_nominal_difference,real,linear_a_exact_conversion,REJECTED_PHYSICAL,XY,z,-0.0625,x,-0.5625,y,0.1875,0.9743923479894698,1.1797148538011708,0.20532250581170097,0.10000280665515104,2.4393089401006476
2003,1.0,20dB_nominal_difference,real,linear_a_exact_conversion,REJECTED_PHYSICAL,XY,z,-0.0625,x,-0.4375,y,0.1875,1.5811825065528802,1.196275080124476,-0.38490742642840425,0.10000280665515104,2.4393089401006476
2003,1.0,20dB_nominal_difference,real,linear_a_exact_conversion,REJECTED_PHYSICAL,XY,z,-0.0625,x,-0.3125,y,0.1875,2.1176174428339274,1.1572060725980562,-0.9604113702358712,0.10000280665515104,2.4393089401006476
2003,1.0,20dB_nominal_difference,real,linear_a_exact_conversion,REJECTED_PHYSICAL,XY,z,-0.0625,x,-0.1875,y,0.1875,2.3639038086931112,1.0875082158087506,-1.2763955928843607,0.10000280665515104,2.4393089401006476
2003,1.0,20dB_nominal_difference,real,linear_a_exact_conversion,REJECTED_PHYSICAL,XY,z,-0.0625,x,-0.0625,y,0.1875,2.2667470865639103,1.0030487673884936,-1.2636983191754168,0.10000280665515104,2.4393089401006476
2003,1.0,20dB_nominal_difference,real,linear_a_exact_conversion,REJECTED_PHYSICAL,XY,z,-0.0625,x,0.0625,y,0.1875,1.9225619728156096,0.9081742001240503,-1.0143877726915593,0.10000280665515104,2.4393089401006476
2003,1.0,20dB_nominal_difference,real,linear_a_exact_conversion,REJECTED_PHYSICAL,XY,z,-0.0625,x,0.1875,y,0.1875,1.4442630593714165,0.8000080975789877,-0.6442549617924288,0.10000280665515104,2.4393089401006476
2003,1.0,20dB_nominal_difference,real,linear_a_exact_conversion,REJECTED_PHYSICAL,XY,z,-0.0625,x,0.3125,y,0.1875,0.9345859320194754,0.6748935228217927,-0.25969240919768266,0.10000280665515104,2.4393089401006476
2003,1.0,20dB_nominal_difference,real,linear_a_exact_conversion,REJECTED_PHYSICAL,XY,z,-0.0625,x,0.4375,y,0.1875,0.5142921268065137,0.5333027042092912,0.01901057740277745,0.10000280665515104,2.4393089401006476
2003,1.0,20dB_nominal_difference,real,linear_a_exact_conversion,REJECTED_PHYSICAL,XY,z,-0.0625,x,0.5625,y,0.1875,0.2589989308679361,0.3815815003708831,0.12258256950294705,0.10000280665515104,2.4393089401006476
2003,1.0,20dB_nominal_difference,real,linear_a_exact_conversion,REJECTED_PHYSICAL,XY,z,-0.0625,x,0.6875,y,0.1875,0.1468137239358196,0.21286015937320668,0.06604643543738709,0.10000280665515104,2.4393089401006476
2003,1.0,20dB_nominal_difference,real,linear_a_exact_conversion,REJECTED_PHYSICAL,XY,z,-0.0625,x,-0.6875,y,0.3125,0.3360942864355679,0.9414642460889433,0.6053699596533755,0.10000280665515104,2.4393089401006476
2003,1.0,20dB_nominal_difference,real,linear_a_exact_conversion,REJECTED_PHYSICAL,XY,z,-0.0625,x,-0.5625,y,0.3125,0.6312491800006208,1.0459151638632238,0.414665983862603,0.10000280665515104,2.4393089401006476
2003,1.0,20dB_nominal_difference,real,linear_a_exact_conversion,REJECTED_PHYSICAL,XY,z,-0.0625,x,-0.4375,y,0.3125,1.051716919029555,1.1158777371053312,0.06416081807577623,0.10000280665515104,2.4393089401006476
2003,1.0,20dB_nominal_difference,real,linear_a_exact_conversion,REJECTED_PHYSICAL,XY,z,-0.0625,x,-0.3125,y,0.3125,1.4763014191651487,1.1376920246796745,-0.3386093944854742,0.10000280665515104,2.4393089401006476
2003,1.0,20dB_nominal_difference,real,linear_a_exact_conversion,REJECTED_PHYSICAL,XY,z,-0.0625,x,-0.1875,y,0.3125,1.749301509560281,1.1164955966497807,-0.6328059129105004,0.10000280665515104,2.4393089401006476
2003,1.0,20dB_nominal_difference,real,linear_a_exact_conversion,REJECTED_PHYSICAL,XY,z,-0.0625,x,-0.0625,y,0.3125,1.793712116179598,1.0616726271617125,-0.7320394890178854,0.10000280665515104,2.4393089401006476
2003,1.0,20dB_nominal_difference,real,linear_a_exact_conversion,REJECTED_PHYSICAL,XY,z,-0.0625,x,0.0625,y,0.3125,1.6202018443297486,0.9793073215107461,-0.6408945228190025,0.10000280665515104,2.4393089401006476
2003,1.0,20dB_nominal_difference,real,linear_a_exact_conversion,REJECTED_PHYSICAL,XY,z,-0.0625,x,0.1875,y,0.3125,1.2708048299039434,0.8708745424874703,-0.3999302874164731,0.10000280665515104,2.4393089401006476
2003,1.0,20dB_nominal_difference,real,linear_a_exact_conversion,REJECTED_PHYSICAL,XY,z,-0.0625,x,0.3125,y,0.3125,0.8364409971732933,0.736661248952768,-0.09977974822052538,0.10000280665515104,2.4393089401006476
2003,1.0,20dB_nominal_difference,real,linear_a_exact_conversion,REJECTED_PHYSICAL,XY,z,-0.0625,x,0.4375,y,0.3125,0.46072484726214424,0.579705393122494,0.11898054586034978,0.10000280665515104,2.4393089401006476
2003,1.0,20dB_nominal_difference,real,linear_a_exact_conversion,REJECTED_PHYSICAL,XY,z,-0.0625,x,0.5625,y,0.3125,0.23431364009164465,0.4078153615832546,0.17350172149160994,0.10000280665515104,2.4393089401006476
2003,1.0,20dB_nominal_difference,real,linear_a_exact_conversion,REJECTED_PHYSICAL,XY,z,-0.0625,x,0.6875,y,0.3125,0.13809446433182498,0.21455374380465814,0.07645927947283315,0.10000280665515104,2.4393089401006476
2003,1.0,20dB_nominal_difference,real,linear_a_exact_conversion,REJECTED_PHYSICAL,XY,z,-0.0625,x,-0.6875,y,0.4375,0.19636527008616136,0.6586438600951464,0.4622785900089851,0.10000280665515104,2.4393089401006476
2003,1.0,20dB_nominal_difference,real,linear_a_exact_conversion,REJECTED_PHYSICAL,XY,z,-0.0625,x,-0.5625,y,0.4375,0.3304065909531588,0.7899639528946379,0.45955736194147917,0.10000280665515104,2.4393089401006476
2003,1.0,20dB_nominal_difference,real,linear_a_exact_conversion,REJECTED_PHYSICAL,XY,z,-0.0625,x,-0.4375,y,0.4375,0.5423290814138372,0.9264139196636206,0.38408483824978346,0.10000280665515104,2.4393089401006476
2003,1.0,20dB_nominal_difference,real,linear_a_exact_conversion,REJECTED_PHYSICAL,XY,z,-0.0625,x,-0.3125,y,0.4375,0.7931632953463006,1.0204999260031236,0.22733663065682297,0.10000280665515104,2.4393089401006476
2003,1.0,20dB_nominal_difference,real,linear_a_exact_conversion,REJECTED_PHYSICAL,XY,z,-0.0625,x,-0.1875,y,0.4375,1.0109569031931351,1.0579853212127108,0.04702841801957569,0.10000280665515104,2.4393089401006476
2003,1.0,20dB_nominal_difference,real,linear_a_exact_conversion,REJECTED_PHYSICAL,XY,z,-0.0625,x,-0.0625,y,0.4375,1.1301085851110904,1.041154322715161,-0.0889542623959294,0.10000280665515104,2.4393089401006476
2003,1.0,20dB_nominal_difference,real,linear_a_exact_conversion,REJECTED_PHYSICAL,XY,z,-0.0625,x,0.0625,y,0.4375,1.1019077672419235,0.9775581372169013,-0.1243496300250222,0.10000280665515104,2.4393089401006476
2003,1.0,20dB_nominal_difference,real,linear_a_exact_conversion,REJECTED_PHYSICAL,XY,z,-0.0625,x,0.1875,y,0.4375,0.9075131061369519,0.8742153552848151,-0.03329775085213682,0.10000280665515104,2.4393089401006476
2003,1.0,20dB_nominal_difference,real,linear_a_exact_conversion,REJECTED_PHYSICAL,XY,z,-0.0625,x,0.3125,y,0.4375,0.6121332670893772,0.737129433452927,0.12499616636354982,0.10000280665515104,2.4393089401006476
2003,1.0,20dB_nominal_difference,real,linear_a_exact_conversion,REJECTED_PHYSICAL,XY,z,-0.0625,x,0.4375,y,0.4375,0.34617517019153404,0.5727576126166485,0.22658244242511444,0.10000280665515104,2.4393089401006476
2003,1.0,20dB_nominal_difference,real,linear_a_exact_conversion,REJECTED_PHYSICAL,XY,z,-0.0625,x,0.5625,y,0.4375,0.18863892492293355,0.3890338481750219,0.20039492325208835,0.10000280665515104,2.4393089401006476
2003,1.0,20dB_nominal_difference,real,linear_a_exact_conversion,REJECTED_PHYSICAL,XY,z,-0.0625,x,0.6875,y,0.4375,0.12420986700759837,0.17836830782281027,0.0541584408152119,0.10000280665515104,2.4393089401006476
2003,1.0,20dB_nominal_difference,real,linear_a_exact_conversion,REJECTED_PHYSICAL,XY,z,-0.0625,x,-0.6875,y,0.5625,0.12924445446531077,0.2579606212266867,0.12871616676137596,0.10000280665515104,2.4393089401006476
2003,1.0,20dB_nominal_difference,real,linear_a_exact_conversion,REJECTED_PHYSICAL,XY,z,-0.0625,x,-0.5625,y,0.5625,0.1756160012780075,0.4411528973083656,0.2655368960303581,0.10000280665515104,2.4393089401006476
2003,1.0,20dB_nominal_difference,real,linear_a_exact_conversion,REJECTED_PHYSICAL,XY,z,-0.0625,x,-0.4375,y,0.5625,0.259000299818512,0.6440408300620858,0.38504053024357376,0.10000280665515104,2.4393089401006476
2003,1.0,20dB_nominal_difference,real,linear_a_exact_conversion,REJECTED_PHYSICAL,XY,z,-0.0625,x,-0.3125,y,0.5625,0.37653173073906876,0.7982070227702455,0.4216752920311767,0.10000280665515104,2.4393089401006476
2003,1.0,20dB_nominal_difference,real,linear_a_exact_conversion,REJECTED_PHYSICAL,XY,z,-0.0625,x,-0.1875,y,0.5625,0.506675946628696,0.8848318292955086,0.37815588266681266,0.10000280665515104,2.4393089401006476
2003,1.0,20dB_nominal_difference,real,linear_a_exact_conversion,REJECTED_PHYSICAL,XY,z,-0.0625,x,-0.0625,y,0.5625,0.6101120990128424,0.9029804673351541,0.2928683683223118,0.10000280665515104,2.4393089401006476
2003,1.0,20dB_nominal_difference,real,linear_a_exact_conversion,REJECTED_PHYSICAL,XY,z,-0.0625,x,0.0625,y,0.5625,0.6331585500037717,0.8605993024058404,0.22744075240206862,0.10000280665515104,2.4393089401006476
2003,1.0,20dB_nominal_difference,real,linear_a_exact_conversion,REJECTED_PHYSICAL,XY,z,-0.0625,x,0.1875,y,0.5625,0.5427929692601228,0.76898059487458,0.22618762561445727,0.10000280665515104,2.4393089401006476
2003,1.0,20dB_nominal_difference,real,linear_a_exact_conversion,REJECTED_PHYSICAL,XY,z,-0.0625,x,0.3125,y,0.5625,0.3794204228426242,0.6395591767773567,0.2601387539347325,0.10000280665515104,2.4393089401006476
2003,1.0,20dB_nominal_difference,real,linear_a_exact_conversion,REJECTED_PHYSICAL,XY,z,-0.0625,x,0.4375,y,0.5625,0.23078019009852938,0.482279101828008,0.2514989117294786,0.10000280665515104,2.4393089401006476
2003,1.0,20dB_nominal_difference,real,linear_a_exact_conversion,REJECTED_PHYSICAL,XY,z,-0.0625,x,0.5625,y,0.5625,0.14541684133754199,0.3034409403352153,0.1580240989976733,0.10000280665515104,2.4393089401006476
2003,1.0,20dB_nominal_difference,real,linear_a_exact_conversion,REJECTED_PHYSICAL,XY,z,-0.0625,x,0.6875,y,0.5625,0.11196523468386677,0.08645452085742118,-0.025510713826445583,0.10000280665515104,2.4393089401006476
2003,1.0,20dB_nominal_difference,real,linear_a_exact_conversion,REJECTED_PHYSICAL,XY,z,-0.0625,x,-0.6875,y,0.6875,0.10757061669085034,-0.21162633438061923,-0.31919695107146956,0.10000280665515104,2.4393089401006476
2003,1.0,20dB_nominal_difference,real,linear_a_exact_conversion,REJECTED_PHYSICAL,XY,z,-0.0625,x,-0.5625,y,0.6875,0.12147228107661603,0.09652462753423817,-0.024947653542377865,0.10000280665515104,2.4393089401006476
2003,1.0,20dB_nominal_difference,real,linear_a_exact_conversion,REJECTED_PHYSICAL,XY,z,-0.0625,x,-0.4375,y,0.6875,0.1498920335874162,0.34417851913616004,0.19428648554874384,0.10000280665515104,2.4393089401006476
2003,1.0,20dB_nominal_difference,real,linear_a_exact_conversion,REJECTED_PHYSICAL,XY,z,-0.0625,x,-0.3125,y,0.6875,0.19636481656480523,0.5252734716408819,0.3289086550760767,0.10000280665515104,2.4393089401006476
2003,1.0,20dB_nominal_difference,real,linear_a_exact_conversion,REJECTED_PHYSICAL,XY,z,-0.0625,x,-0.1875,y,0.6875,0.2566519306132574,0.6360705751867292,0.37941864457347174,0.10000280665515104,2.4393089401006476
2003,1.0,20dB_nominal_difference,real,linear_a_exact_conversion,REJECTED_PHYSICAL,XY,z,-0.0625,x,-0.0625,y,0.6875,0.31226572562427457,0.6751958133898687,0.3629300877655941,0.10000280665515104,2.4393089401006476
2003,1.0,20dB_nominal_difference,real,linear_a_exact_conversion,REJECTED_PHYSICAL,XY,z,-0.0625,x,0.0625,y,0.6875,0.33092986252045176,0.6492422616428368,0.31831239912238507,0.10000280665515104,2.4393089401006476
2003,1.0,20dB_nominal_difference,real,linear_a_exact_conversion,REJECTED_PHYSICAL,XY,z,-0.0625,x,0.1875,y,0.6875,0.2925617723395832,0.5712628319633987,0.2787010596238155,0.10000280665515104,2.4393089401006476
2003,1.0,20dB_nominal_difference,real,linear_a_exact_conversion,REJECTED_PHYSICAL,XY,z,-0.0625,x,0.3125,y,0.6875,0.21897813895285967,0.4564200875613141,0.2374419486084544,0.10000280665515104,2.4393089401006476
2003,1.0,20dB_nominal_difference,real,linear_a_exact_conversion,REJECTED_PHYSICAL,XY,z,-0.0625,x,0.4375,y,0.6875,0.15381517178462956,0.31812626461295535,0.1643110928283258,0.10000280665515104,2.4393089401006476
2003,1.0,20dB_nominal_difference,real,linear_a_exact_conversion,REJECTED_PHYSICAL,XY,z,-0.0625,x,0.5625,y,0.6875,0.11800504536499465,0.16433765065445669,0.04633260528946204,0.10000280665515104,2.4393089401006476
2003,1.0,20dB_nominal_difference,real,linear_a_exact_conversion,REJECTED_PHYSICAL,XY,z,-0.0625,x,0.6875,y,0.6875,0.10459203481686485,-0.03490585906638367,-0.1394978938832485,0.10000280665515104,2.4393089401006476
2003,1.0,20dB_nominal_difference,real,linear_a_exact_conversion,REJECTED_PHYSICAL,XZ,y,-0.0625,x,-0.6875,z,-0.6875,0.11621494397686223,-0.3336399379164092,-0.44985488189327144,0.10000280665515104,2.4393089401006476
2003,1.0,20dB_nominal_difference,real,linear_a_exact_conversion,REJECTED_PHYSICAL,XZ,y,-0.0625,x,-0.5625,z,-0.6875,0.14167833073699854,0.027847882987697487,-0.11383044774930105,0.10000280665515104,2.4393089401006476
2003,1.0,20dB_nominal_difference,real,linear_a_exact_conversion,REJECTED_PHYSICAL,XZ,y,-0.0625,x,-0.4375,z,-0.6875,0.18901257067646937,0.3229018195483341,0.1338892488718647,0.10000280665515104,2.4393089401006476
2003,1.0,20dB_nominal_difference,real,linear_a_exact_conversion,REJECTED_PHYSICAL,XZ,y,-0.0625,x,-0.3125,z,-0.6875,0.259950972951342,0.5484907693995955,0.2885397964482535,0.10000280665515104,2.4393089401006476
2003,1.0,20dB_nominal_difference,real,linear_a_exact_conversion,REJECTED_PHYSICAL,XZ,y,-0.0625,x,-0.1875,z,-0.6875,0.3415662872643081,0.7101303112901025,0.3685640240257944,0.10000280665515104,2.4393089401006476
2003,1.0,20dB_nominal_difference,real,linear_a_exact_conversion,REJECTED_PHYSICAL,XZ,y,-0.0625,x,-0.0625,z,-0.6875,0.4028228203502685,0.8158527361618328,0.41302991581156434,0.10000280665515104,2.4393089401006476
2003,1.0,20dB_nominal_difference,real,linear_a_exact_conversion,REJECTED_PHYSICAL,XZ,y,-0.0625,x,0.0625,z,-0.6875,0.40998477069220574,0.8685491800487218,0.4585644093565161,0.10000280665515104,2.4393089401006476
2003,1.0,20dB_nominal_difference,real,linear_a_exact_conversion,REJECTED_PHYSICAL,XZ,y,-0.0625,x,0.1875,z,-0.6875,0.3554786085062801,0.8643613613647563,0.5088827528584762,0.10000280665515104,2.4393089401006476
2003,1.0,20dB_nominal_difference,real,linear_a_exact_conversion,REJECTED_PHYSICAL,XZ,y,-0.0625,x,0.3125,z,-0.6875,0.2678785568935278,0.7954021944029565,0.5275236375094287,0.10000280665515104,2.4393089401006476
2003,1.0,20dB_nominal_difference,real,linear_a_exact_conversion,REJECTED_PHYSICAL,XZ,y,-0.0625,x,0.4375,z,-0.6875,0.18744245805649692,0.6534947149656645,0.4660522569091675,0.10000280665515104,2.4393089401006476
2003,1.0,20dB_nominal_difference,real,linear_a_exact_conversion,REJECTED_PHYSICAL,XZ,y,-0.0625,x,0.5625,z,-0.6875,0.13598750887735703,0.43306463224524844,0.2970771233678914,0.10000280665515104,2.4393089401006476
2003,1.0,20dB_nominal_difference,real,linear_a_exact_conversion,REJECTED_PHYSICAL,XZ,y,-0.0625,x,0.6875,z,-0.6875,0.11168372594224833,0.11934986256302982,0.007666136620781486,0.10000280665515104,2.4393089401006476
2003,1.0,20dB_nominal_difference,real,linear_a_exact_conversion,REJECTED_PHYSICAL,XZ,y,-0.0625,x,-0.6875,z,-0.5625,0.14122614752688997,-0.044093930787144874,-0.18532007831403485,0.10000280665515104,2.4393089401006476
2003,1.0,20dB_nominal_difference,real,linear_a_exact_conversion,REJECTED_PHYSICAL,XZ,y,-0.0625,x,-0.5625,z,-0.5625,0.200419187136389,0.23368942042780663,0.03327023329141762,0.10000280665515104,2.4393089401006476
2003,1.0,20dB_nominal_difference,real,linear_a_exact_conversion,REJECTED_PHYSICAL,XZ,y,-0.0625,x,-0.4375,z,-0.5625,0.30153160391500555,0.465975168922822,0.16444356500781643,0.10000280665515104,2.4393089401006476
2003,1.0,20dB_nominal_difference,real,linear_a_exact_conversion,REJECTED_PHYSICAL,XZ,y,-0.0625,x,-0.3125,z,-0.5625,0.44037021178356406,0.6285918032075564,0.1882215914239923,0.10000280665515104,2.4393089401006476
2003,1.0,20dB_nominal_difference,real,linear_a_exact_conversion,REJECTED_PHYSICAL,XZ,y,-0.0625,x,-0.1875,z,-0.5625,0.5880340597095615,0.726898807929144,0.1388647482195825,0.10000280665515104,2.4393089401006476
2003,1.0,20dB_nominal_difference,real,linear_a_exact_conversion,REJECTED_PHYSICAL,XZ,y,-0.0625,x,-0.0625,z,-0.5625,0.689748814507086,0.7735615815127647,0.08381276700567863,0.10000280665515104,2.4393089401006476
2003,1.0,20dB_nominal_difference,real,linear_a_exact_conversion,REJECTED_PHYSICAL,XZ,y,-0.0625,x,0.0625,z,-0.5625,0.690294072267938,0.7754504115681355,0.0851563393001975,0.10000280665515104,2.4393089401006476
2003,1.0,20dB_nominal_difference,real,linear_a_exact_conversion,REJECTED_PHYSICAL,XZ,y,-0.0625,x,0.1875,z,-0.5625,0.5805590920482502,0.7322551492985198,0.15169605725026958,0.10000280665515104,2.4393089401006476
2003,1.0,20dB_nominal_difference,real,linear_a_exact_conversion,REJECTED_PHYSICAL,XZ,y,-0.0625,x,0.3125,z,-0.5625,0.4138360617992508,0.6406592447762972,0.2268231829770464,0.10000280665515104,2.4393089401006476
2003,1.0,20dB_nominal_difference,real,linear_a_exact_conversion,REJECTED_PHYSICAL,XZ,y,-0.0625,x,0.4375,z,-0.5625,0.26299012901367935,0.4987841607560346,0.23579403174235525,0.10000280665515104,2.4393089401006476
2003,1.0,20dB_nominal_difference,real,linear_a_exact_conversion,REJECTED_PHYSICAL,XZ,y,-0.0625,x,0.5625,z,-0.5625,0.1669907225789156,0.30953157147843163,0.14254084889951604,0.10000280665515104,2.4393089401006476
2003,1.0,20dB_nominal_difference,real,linear_a_exact_conversion,REJECTED_PHYSICAL,XZ,y,-0.0625,x,0.6875,z,-0.5625,0.1217361993717566,0.0814297300052631,-0.0403064693664935,0.10000280665515104,2.4393089401006476
2003,1.0,20dB_nominal_difference,real,linear_a_exact_conversion,REJECTED_PHYSICAL,XZ,y,-0.0625,x,-0.6875,z,-0.4375,0.18854133767931314,0.2598544870170073,0.07131314933769417,0.10000280665515104,2.4393089401006476
2003,1.0,20dB_nominal_difference,real,linear_a_exact_conversion,REJECTED_PHYSICAL,XZ,y,-0.0625,x,-0.5625,z,-0.4375,0.3046989827142481,0.48567903359017417,0.18098005087592606,0.10000280665515104,2.4393089401006476
2003,1.0,20dB_nominal_difference,real,linear_a_exact_conversion,REJECTED_PHYSICAL,XZ,y,-0.0625,x,-0.4375,z,-0.4375,0.48596795112197233,0.6433377205026123,0.15736976938063996,0.10000280665515104,2.4393089401006476
2003,1.0,20dB_nominal_difference,real,linear_a_exact_conversion,REJECTED_PHYSICAL,XZ,y,-0.0625,x,-0.3125,z,-0.4375,0.7091374724836553,0.7290056395200121,0.019868167036356743,0.10000280665515104,2.4393089401006476
2003,1.0,20dB_nominal_difference,real,linear_a_exact_conversion,REJECTED_PHYSICAL,XZ,y,-0.0625,x,-0.1875,z,-0.4375,0.9201513509826263,0.7583911210168329,-0.16176022996579342,0.10000280665515104,2.4393089401006476
2003,1.0,20dB_nominal_difference,real,linear_a_exact_conversion,REJECTED_PHYSICAL,XZ,y,-0.0625,x,-0.0625,z,-0.4375,1.0440131087084437,0.7497037538411114,-0.29430935486733223,0.10000280665515104,2.4393089401006476
2003,1.0,20dB_nominal_difference,real,linear_a_exact_conversion,REJECTED_PHYSICAL,XZ,y,-0.0625,x,0.0625,z,-0.4375,1.0153417515234073,0.7117437203981253,-0.30359803112528205,0.10000280665515104,2.4393089401006476
2003,1.0,20dB_nominal_difference,real,linear_a_exact_conversion,REJECTED_PHYSICAL,XZ,y,-0.0625,x,0.1875,z,-0.4375,0.8318450705852465,0.6447937354840236,-0.18705133510122285,0.10000280665515104,2.4393089401006476
2003,1.0,20dB_nominal_difference,real,linear_a_exact_conversion,REJECTED_PHYSICAL,XZ,y,-0.0625,x,0.3125,z,-0.4375,0.5735444450055384,0.5464377439680768,-0.0271067010374616,0.10000280665515104,2.4393089401006476
2003,1.0,20dB_nominal_difference,real,linear_a_exact_conversion,REJECTED_PHYSICAL,XZ,y,-0.0625,x,0.4375,z,-0.4375,0.34485019245423465,0.4166883707296539,0.07183817827541927,0.10000280665515104,2.4393089401006476
2003,1.0,20dB_nominal_difference,real,linear_a_exact_conversion,REJECTED_PHYSICAL,XZ,y,-0.0625,x,0.5625,z,-0.4375,0.200424569976369,0.2612049499350804,0.06078037995871141,0.10000280665515104,2.4393089401006476
2003,1.0,20dB_nominal_difference,real,linear_a_exact_conversion,REJECTED_PHYSICAL,XZ,y,-0.0625,x,0.6875,z,-0.4375,0.1325478883025453,0.08570142380866612,-0.04684646449387918,0.10000280665515104,2.4393089401006476
2003,1.0,20dB_nominal_difference,real,linear_a_exact_conversion,REJECTED_PHYSICAL,XZ,y,-0.0625,x,-0.6875,z,-0.3125,0.27165148420820645,0.5674179354202686,0.2957664512120622,0.10000280665515104,2.4393089401006476
2003,1.0,20dB_nominal_difference,real,linear_a_exact_conversion,REJECTED_PHYSICAL,XZ,y,-0.0625,x,-0.5625,z,-0.3125,0.4724366548980322,0.7473210649725259,0.2748844100744937,0.10000280665515104,2.4393089401006476
2003,1.0,20dB_nominal_difference,real,linear_a_exact_conversion,REJECTED_PHYSICAL,XZ,y,-0.0625,x,-0.4375,z,-0.3125,0.7542835578727636,0.8317441784352966,0.077460620562533,0.10000280665515104,2.4393089401006476
2003,1.0,20dB_nominal_difference,real,linear_a_exact_conversion,REJECTED_PHYSICAL,XZ,y,-0.0625,x,-0.3125,z,-0.3125,1.053977757504587,0.8421370700489994,-0.2118406874555876,0.10000280665515104,2.4393089401006476
2003,1.0,20dB_nominal_difference,real,linear_a_exact_conversion,REJECTED_PHYSICAL,XZ,y,-0.0625,x,-0.1875,z,-0.3125,1.2853669072730722,0.8084847754186378,-0.4768821318544344,0.10000280665515104,2.4393089401006476
2003,1.0,20dB_nominal_difference,real,linear_a_exact_conversion,REJECTED_PHYSICAL,XZ,y,-0.0625,x,-0.0625,z,-0.3125,1.3736470119959532,0.7533835966648534,-0.6202634153310997,0.10000280665515104,2.4393089401006476
2003,1.0,20dB_nominal_difference,real,linear_a_exact_conversion,REJECTED_PHYSICAL,XZ,y,-0.0625,x,0.0625,z,-0.3125,1.2760404297557715,0.6852145809141487,-0.5908258488416228,0.10000280665515104,2.4393089401006476
2003,1.0,20dB_nominal_difference,real,linear_a_exact_conversion,REJECTED_PHYSICAL,XZ,y,-0.0625,x,0.1875,z,-0.3125,1.0131870962735332,0.6028203735837822,-0.41036672268975105,0.10000280665515104,2.4393089401006476
2003,1.0,20dB_nominal_difference,real,linear_a_exact_conversion,REJECTED_PHYSICAL,XZ,y,-0.0625,x,0.3125,z,-0.3125,0.6819521328815469,0.5028204073687156,-0.1791317255128313,0.10000280665515104,2.4393089401006476
2003,1.0,20dB_nominal_difference,real,linear_a_exact_conversion,REJECTED_PHYSICAL,XZ,y,-0.0625,x,0.4375,z,-0.3125,0.3986884005573418,0.38492136834792084,-0.013767032209420937,0.10000280665515104,2.4393089401006476
2003,1.0,20dB_nominal_difference,real,linear_a_exact_conversion,REJECTED_PHYSICAL,XZ,y,-0.0625,x,0.5625,z,-0.3125,0.22202076187038278,0.2542698625521627,0.03224910068177994,0.10000280665515104,2.4393089401006476
2003,1.0,20dB_nominal_difference,real,linear_a_exact_conversion,REJECTED_PHYSICAL,XZ,y,-0.0625,x,0.6875,z,-0.3125,0.13943247911331574,0.11088689596659851,-0.028545583146717235,0.10000280665515104,2.4393089401006476
2003,1.0,20dB_nominal_difference,real,linear_a_exact_conversion,REJECTED_PHYSICAL,XZ,y,-0.0625,x,-0.6875,z,-0.1875,0.42002483827914483,0.8488758979052331,0.42885105962608827,0.10000280665515104,2.4393089401006476
2003,1.0,20dB_nominal_difference,real,linear_a_exact_conversion,REJECTED_PHYSICAL,XZ,y,-0.0625,x,-0.5625,z,-0.1875,0.7450298297118094,0.9830787263481766,0.2380488966363672,0.10000280665515104,2.4393089401006476
2003,1.0,20dB_nominal_difference,real,linear_a_exact_conversion,REJECTED_PHYSICAL,XZ,y,-0.0625,x,-0.4375,z,-0.1875,1.1478208672699934,1.0019040682189164,-0.14591679905107702,0.10000280665515104,2.4393089401006476
2003,1.0,20dB_nominal_difference,real,linear_a_exact_conversion,REJECTED_PHYSICAL,XZ,y,-0.0625,x,-0.3125,z,-0.1875,1.4971603943826182,0.9492474533817872,-0.547912941000831,0.10000280665515104,2.4393089401006476
2003,1.0,20dB_nominal_difference,real,linear_a_exact_conversion,REJECTED_PHYSICAL,XZ,y,-0.0625,x,-0.1875,z,-0.1875,1.6716590442638442,0.8663688886758691,-0.805290155587975,0.10000280665515104,2.4393089401006476
2003,1.0,20dB_nominal_difference,real,linear_a_exact_conversion,REJECTED_PHYSICAL,XZ,y,-0.0625,x,-0.0625,z,-0.1875,1.6322981737694875,0.7772513830106081,-0.8550467907588793,0.10000280665515104,2.4393089401006476
2003,1.0,20dB_nominal_difference,real,linear_a_exact_conversion,REJECTED_PHYSICAL,XZ,y,-0.0625,x,0.0625,z,-0.1875,1.4089184119352074,0.6881369734947387,-0.7207814384404687,0.10000280665515104,2.4393089401006476
2003,1.0,20dB_nominal_difference,real,linear_a_exact_conversion,REJECTED_PHYSICAL,XZ,y,-0.0625,x,0.1875,z,-0.1875,1.0668318973946278,0.5957134882222274,-0.47111840917240044,0.10000280665515104,2.4393089401006476
2003,1.0,20dB_nominal_difference,real,linear_a_exact_conversion,REJECTED_PHYSICAL,XZ,y,-0.0625,x,0.3125,z,-0.1875,0.7002026573573021,0.4952345514752557,-0.20496810588204645,0.10000280665515104,2.4393089401006476
2003,1.0,20dB_nominal_difference,real,linear_a_exact_conversion,REJECTED_PHYSICAL,XZ,y,-0.0625,x,0.4375,z,-0.1875,0.40417459163708913,0.38557988721397335,-0.018594704423115782,0.10000280665515104,2.4393089401006476
2003,1.0,20dB_nominal_difference,real,linear_a_exact_conversion,REJECTED_PHYSICAL,XZ,y,-0.0625,x,0.5625,z,-0.1875,0.22322980299869005,0.2709030792055125,0.047673276206822435,0.10000280665515104,2.4393089401006476
2003,1.0,20dB_nominal_difference,real,linear_a_exact_conversion,REJECTED_PHYSICAL,XZ,y,-0.0625,x,0.6875,z,-0.1875,0.13947057981502986,0.14720404667125322,0.007733466856223364,0.10000280665515104,2.4393089401006476
2003,1.0,20dB_nominal_difference,real,linear_a_exact_conversion,REJECTED_PHYSICAL,XZ,y,-0.0625,x,-0.6875,z,-0.0625,0.6283217544571117,1.056984859528832,0.42866310507172034,0.10000280665515104,2.4393089401006476
2003,1.0,20dB_nominal_difference,real,linear_a_exact_conversion,REJECTED_PHYSICAL,XZ,y,-0.0625,x,-0.5625,z,-0.0625,1.1052708288225817,1.1487977342765647,0.04352690545398308,0.10000280665515104,2.4393089401006476
2003,1.0,20dB_nominal_difference,real,linear_a_exact_conversion,REJECTED_PHYSICAL,XZ,y,-0.0625,x,-0.4375,z,-0.0625,1.6347240816154451,1.1194228067507939,-0.5153012748646513,0.10000280665515104,2.4393089401006476
2003,1.0,20dB_nominal_difference,real,linear_a_exact_conversion,REJECTED_PHYSICAL,XZ,y,-0.0625,x,-0.3125,z,-0.0625,2.0005382121427666,1.0261799351879697,-0.9743582769547969,0.10000280665515104,2.4393089401006476
2003,1.0,20dB_nominal_difference,real,linear_a_exact_conversion,REJECTED_PHYSICAL,XZ,y,-0.0625,x,-0.1875,z,-0.0625,2.0513647403546127,0.914571904280855,-1.1367928360737576,0.10000280665515104,2.4393089401006476
2003,1.0,20dB_nominal_difference,real,linear_a_exact_conversion,REJECTED_PHYSICAL,XZ,y,-0.0625,x,-0.0625,z,-0.0625,1.8153929619320532,0.8066309740836479,-1.0087619878484053,0.10000280665515104,2.4393089401006476
2003,1.0,20dB_nominal_difference,real,linear_a_exact_conversion,REJECTED_PHYSICAL,XZ,y,-0.0625,x,0.0625,z,-0.0625,1.432022565918859,0.7059149451920397,-0.7261076207268193,0.10000280665515104,2.4393089401006476
2003,1.0,20dB_nominal_difference,real,linear_a_exact_conversion,REJECTED_PHYSICAL,XZ,y,-0.0625,x,0.1875,z,-0.0625,1.0219508852778023,0.6075383030844793,-0.414412582193323,0.10000280665515104,2.4393089401006476
2003,1.0,20dB_nominal_difference,real,linear_a_exact_conversion,REJECTED_PHYSICAL,XZ,y,-0.0625,x,0.3125,z,-0.0625,0.6547340167083282,0.5061637676351219,-0.14857024907320626,0.10000280665515104,2.4393089401006476
2003,1.0,20dB_nominal_difference,real,linear_a_exact_conversion,REJECTED_PHYSICAL,XZ,y,-0.0625,x,0.4375,z,-0.0625,0.37750291054443263,0.4005060797557495,0.023003169211316843,0.10000280665515104,2.4393089401006476
2003,1.0,20dB_nominal_difference,real,linear_a_exact_conversion,REJECTED_PHYSICAL,XZ,y,-0.0625,x,0.5625,z,-0.0625,0.21096282267272176,0.29445032703233565,0.08348750435961388,0.10000280665515104,2.4393089401006476
2003,1.0,20dB_nominal_difference,real,linear_a_exact_conversion,REJECTED_PHYSICAL,XZ,y,-0.0625,x,0.6875,z,-0.0625,0.13473952340882195,0.18211144280859803,0.047371919399776086,0.10000280665515104,2.4393089401006476
2003,1.0,20dB_nominal_difference,real,linear_a_exact_conversion,REJECTED_PHYSICAL,XZ,y,-0.0625,x,-0.6875,z,0.0625,0.7489768810370072,1.1465906165172204,0.39761373548021317,0.10000280665515104,2.4393089401006476
2003,1.0,20dB_nominal_difference,real,linear_a_exact_conversion,REJECTED_PHYSICAL,XZ,y,-0.0625,x,-0.5625,z,0.0625,1.2969797704798585,1.203038798159406,-0.09394097232045251,0.10000280665515104,2.4393089401006476
2003,1.0,20dB_nominal_difference,real,linear_a_exact_conversion,REJECTED_PHYSICAL,XZ,y,-0.0625,x,-0.4375,z,0.0625,1.865721048470374,1.1499449705521738,-0.7157760779182001,0.10000280665515104,2.4393089401006476
2003,1.0,20dB_nominal_difference,real,linear_a_exact_conversion,REJECTED_PHYSICAL,XZ,y,-0.0625,x,-0.3125,z,0.0625,2.1962833602633816,1.0445310345735905,-1.151752325689791,0.10000280665515104,2.4393089401006476
2003,1.0,20dB_nominal_difference,real,linear_a_exact_conversion,REJECTED_PHYSICAL,XZ,y,-0.0625,x,-0.1875,z,0.0625,2.1362076040064477,0.9283148187118958,-1.2078927852945518,0.10000280665515104,2.4393089401006476
2003,1.0,20dB_nominal_difference,real,linear_a_exact_conversion,REJECTED_PHYSICAL,XZ,y,-0.0625,x,-0.0625,z,0.0625,1.7720996316476474,0.8187316137495821,-0.9533680178980652,0.10000280665515104,2.4393089401006476
2003,1.0,20dB_nominal_difference,real,linear_a_exact_conversion,REJECTED_PHYSICAL,XZ,y,-0.0625,x,0.0625,z,0.0625,1.3182360487013831,0.7169295633467668,-0.6013064853546163,0.10000280665515104,2.4393089401006476
2003,1.0,20dB_nominal_difference,real,linear_a_exact_conversion,REJECTED_PHYSICAL,XZ,y,-0.0625,x,0.1875,z,0.0625,0.916230096193984,0.6175916848486072,-0.29863841134537683,0.10000280665515104,2.4393089401006476
2003,1.0,20dB_nominal_difference,real,linear_a_exact_conversion,REJECTED_PHYSICAL,XZ,y,-0.0625,x,0.3125,z,0.0625,0.5926925982276368,0.5159855062897368,-0.07670709193789993,0.10000280665515104,2.4393089401006476
2003,1.0,20dB_nominal_difference,real,linear_a_exact_conversion,REJECTED_PHYSICAL,XZ,y,-0.0625,x,0.4375,z,0.0625,0.3497022336332267,0.41170553197215426,0.06200329833892754,0.10000280665515104,2.4393089401006476
2003,1.0,20dB_nominal_difference,real,linear_a_exact_conversion,REJECTED_PHYSICAL,XZ,y,-0.0625,x,0.5625,z,0.0625,0.19932537706811718,0.3093460483192374,0.11002067125112022,0.10000280665515104,2.4393089401006476
2003,1.0,20dB_nominal_difference,real,linear_a_exact_conversion,REJECTED_PHYSICAL,XZ,y,-0.0625,x,0.6875,z,0.0625,0.1299754637693184,0.20324986076651247,0.07327439699719407,0.10000280665515104,2.4393089401006476
2003,1.0,20dB_nominal_difference,real,linear_a_exact_conversion,REJECTED_PHYSICAL,XZ,y,-0.0625,x,-0.6875,z,0.1875,0.6270618834651409,1.0990392050365825,0.47197732157144157,0.10000280665515104,2.4393089401006476
2003,1.0,20dB_nominal_difference,real,linear_a_exact_conversion,REJECTED_PHYSICAL,XZ,y,-0.0625,x,-0.5625,z,0.1875,1.0596416517683285,1.1281432738467756,0.06850162207844712,0.10000280665515104,2.4393089401006476
2003,1.0,20dB_nominal_difference,real,linear_a_exact_conversion,REJECTED_PHYSICAL,XZ,y,-0.0625,x,-0.4375,z,0.1875,1.495025065467726,1.0741912273857235,-0.4208338380820025,0.10000280665515104,2.4393089401006476
2003,1.0,20dB_nominal_difference,real,linear_a_exact_conversion,REJECTED_PHYSICAL,XZ,y,-0.0625,x,-0.3125,z,0.1875,1.7263891561565041,0.9822352124564234,-0.7441539437000807,0.10000280665515104,2.4393089401006476
2003,1.0,20dB_nominal_difference,real,linear_a_exact_conversion,REJECTED_PHYSICAL,XZ,y,-0.0625,x,-0.1875,z,0.1875,1.6446152540186363,0.883507389846367,-0.7611078641722693,0.10000280665515104,2.4393089401006476
2003,1.0,20dB_nominal_difference,real,linear_a_exact_conversion,REJECTED_PHYSICAL,XZ,y,-0.0625,x,-0.0625,z,0.1875,1.3433270728347408,0.7891689692986567,-0.5541581035360842,0.10000280665515104,2.4393089401006476
2003,1.0,20dB_nominal_difference,real,linear_a_exact_conversion,REJECTED_PHYSICAL,XZ,y,-0.0625,x,0.0625,z,0.1875,1.0109469442481192,0.6981308723374279,-0.3128160719106913,0.10000280665515104,2.4393089401006476
2003,1.0,20dB_nominal_difference,real,linear_a_exact_conversion,REJECTED_PHYSICAL,XZ,y,-0.0625,x,0.1875,z,0.1875,0.742766934096904,0.6052609935436446,-0.13750594055325938,0.10000280665515104,2.4393089401006476
2003,1.0,20dB_nominal_difference,real,linear_a_exact_conversion,REJECTED_PHYSICAL,XZ,y,-0.0625,x,0.3125,z,0.1875,0.5185139848932581,0.5070821030111169,-0.01143188188214117,0.10000280665515104,2.4393089401006476
2003,1.0,20dB_nominal_difference,real,linear_a_exact_conversion,REJECTED_PHYSICAL,XZ,y,-0.0625,x,0.4375,z,0.1875,0.3245483953124196,0.4046984459820857,0.08015005066966613,0.10000280665515104,2.4393089401006476
2003,1.0,20dB_nominal_difference,real,linear_a_exact_conversion,REJECTED_PHYSICAL,XZ,y,-0.0625,x,0.5625,z,0.1875,0.19076862061238162,0.30411258524425844,0.11334396463187682,0.10000280665515104,2.4393089401006476
2003,1.0,20dB_nominal_difference,real,linear_a_exact_conversion,REJECTED_PHYSICAL,XZ,y,-0.0625,x,0.6875,z,0.1875,0.12657524734282533,0.20183967875817282,0.0752644314153475,0.10000280665515104,2.4393089401006476
2003,1.0,20dB_nominal_difference,real,linear_a_exact_conversion,REJECTED_PHYSICAL,XZ,y,-0.0625,x,-0.6875,z,0.3125,0.37002966754190103,0.9309750215198037,0.5609453539779027,0.10000280665515104,2.4393089401006476
2003,1.0,20dB_nominal_difference,real,linear_a_exact_conversion,REJECTED_PHYSICAL,XZ,y,-0.0625,x,-0.5625,z,0.3125,0.5908644666655871,0.9410207719272029,0.3501563052616158,0.10000280665515104,2.4393089401006476
2003,1.0,20dB_nominal_difference,real,linear_a_exact_conversion,REJECTED_PHYSICAL,XZ,y,-0.0625,x,-0.4375,z,0.3125,0.8116158079368542,0.9006314098080777,0.08901560187122348,0.10000280665515104,2.4393089401006476
2003,1.0,20dB_nominal_difference,real,linear_a_exact_conversion,REJECTED_PHYSICAL,XZ,y,-0.0625,x,-0.3125,z,0.3125,0.9268068591300559,0.8373258128631831,-0.08948104626687281,0.10000280665515104,2.4393089401006476
2003,1.0,20dB_nominal_difference,real,linear_a_exact_conversion,REJECTED_PHYSICAL,XZ,y,-0.0625,x,-0.1875,z,0.3125,0.8864345108633898,0.7701874026204012,-0.11624710824298856,0.10000280665515104,2.4393089401006476
2003,1.0,20dB_nominal_difference,real,linear_a_exact_conversion,REJECTED_PHYSICAL,XZ,y,-0.0625,x,-0.0625,z,0.3125,0.7511454332313572,0.7038964428276848,-0.047248990403672364,0.10000280665515104,2.4393089401006476
2003,1.0,20dB_nominal_difference,real,linear_a_exact_conversion,REJECTED_PHYSICAL,XZ,y,-0.0625,x,0.0625,z,0.3125,0.6225466113033443,0.634916987550149,0.012370376246804704,0.10000280665515104,2.4393089401006476
2003,1.0,20dB_nominal_difference,real,linear_a_exact_conversion,REJECTED_PHYSICAL,XZ,y,-0.0625,x,0.1875,z,0.3125,0.5255770766920873,0.557793458313368,0.03221638162128071,0.10000280665515104,2.4393089401006476
2003,1.0,20dB_nominal_difference,real,linear_a_exact_conversion,REJECTED_PHYSICAL,XZ,y,-0.0625,x,0.3125,z,0.3125,0.41416267115591165,0.4696856878494785,0.05552301669356685,0.10000280665515104,2.4393089401006476
2003,1.0,20dB_nominal_difference,real,linear_a_exact_conversion,REJECTED_PHYSICAL,XZ,y,-0.0625,x,0.4375,z,0.3125,0.2812178085930108,0.3727464675456751,0.09152865895266427,0.10000280665515104,2.4393089401006476
2003,1.0,20dB_nominal_difference,real,linear_a_exact_conversion,REJECTED_PHYSICAL,XZ,y,-0.0625,x,0.5625,z,0.3125,0.17513369606435425,0.27435267502008825,0.099218978955734,0.10000280665515104,2.4393089401006476
2003,1.0,20dB_nominal_difference,real,linear_a_exact_conversion,REJECTED_PHYSICAL,XZ,y,-0.0625,x,0.6875,z,0.3125,0.12171524354522974,0.17476172576561255,0.053046482220382815,0.10000280665515104,2.4393089401006476
2003,1.0,20dB_nominal_difference,real,linear_a_exact_conversion,REJECTED_PHYSICAL,XZ,y,-0.0625,x,-0.6875,z,0.4375,0.18713066456945254,0.6805431115331563,0.49341244696370373,0.10000280665515104,2.4393089401006476
2003,1.0,20dB_nominal_difference,real,linear_a_exact_conversion,REJECTED_PHYSICAL,XZ,y,-0.0625,x,-0.5625,z,0.4375,0.259724080937406,0.6820561599052211,0.42233207896781505,0.10000280665515104,2.4393089401006476
2003,1.0,20dB_nominal_difference,real,linear_a_exact_conversion,REJECTED_PHYSICAL,XZ,y,-0.0625,x,-0.4375,z,0.4375,0.33319801919352493,0.6613936716929768,0.3281956524994519,0.10000280665515104,2.4393089401006476
2003,1.0,20dB_nominal_difference,real,linear_a_exact_conversion,REJECTED_PHYSICAL,XZ,y,-0.0625,x,-0.3125,z,0.4375,0.3733833515363394,0.6303806749168422,0.25699732338050285,0.10000280665515104,2.4393089401006476
2003,1.0,20dB_nominal_difference,real,linear_a_exact_conversion,REJECTED_PHYSICAL,XZ,y,-0.0625,x,-0.1875,z,0.4375,0.36718726552890935,0.5987893772455196,0.23160211171661027,0.10000280665515104,2.4393089401006476
2003,1.0,20dB_nominal_difference,real,linear_a_exact_conversion,REJECTED_PHYSICAL,XZ,y,-0.0625,x,-0.0625,z,0.4375,0.34211356233501233,0.5665034386251244,0.2243898762901121,0.10000280665515104,2.4393089401006476
2003,1.0,20dB_nominal_difference,real,linear_a_exact_conversion,REJECTED_PHYSICAL,XZ,y,-0.0625,x,0.0625,z,0.4375,0.33330139799573943,0.5275824994007763,0.19428110140503685,0.10000280665515104,2.4393089401006476
2003,1.0,20dB_nominal_difference,real,linear_a_exact_conversion,REJECTED_PHYSICAL,XZ,y,-0.0625,x,0.1875,z,0.4375,0.32990373182215726,0.4750488416221812,0.14514510980002393,0.10000280665515104,2.4393089401006476
2003,1.0,20dB_nominal_difference,real,linear_a_exact_conversion,REJECTED_PHYSICAL,XZ,y,-0.0625,x,0.3125,z,0.4375,0.29084445955182303,0.40487382936298294,0.11402936981115991,0.10000280665515104,2.4393089401006476
2003,1.0,20dB_nominal_difference,real,linear_a_exact_conversion,REJECTED_PHYSICAL,XZ,y,-0.0625,x,0.4375,z,0.4375,0.2162615057756231,0.31843917252815973,0.10217766675253664,0.10000280665515104,2.4393089401006476
2003,1.0,20dB_nominal_difference,real,linear_a_exact_conversion,REJECTED_PHYSICAL,XZ,y,-0.0625,x,0.5625,z,0.4375,0.14913156812704506,0.22316818246888256,0.0740366143418375,0.10000280665515104,2.4393089401006476
2003,1.0,20dB_nominal_difference,real,linear_a_exact_conversion,REJECTED_PHYSICAL,XZ,y,-0.0625,x,0.6875,z,0.4375,0.11415123472815071,0.12372710192141087,0.00957586719326016,0.10000280665515104,2.4393089401006476
2003,1.0,20dB_nominal_difference,real,linear_a_exact_conversion,REJECTED_PHYSICAL,XZ,y,-0.0625,x,-0.6875,z,0.5625,0.1184641128334178,0.387221507242685,0.2687573944092672,0.10000280665515104,2.4393089401006476
2003,1.0,20dB_nominal_difference,real,linear_a_exact_conversion,REJECTED_PHYSICAL,XZ,y,-0.0625,x,-0.5625,z,0.5625,0.1345899705879939,0.3952507305371662,0.26066075994917226,0.10000280665515104,2.4393089401006476
2003,1.0,20dB_nominal_difference,real,linear_a_exact_conversion,REJECTED_PHYSICAL,XZ,y,-0.0625,x,-0.4375,z,0.5625,0.15147359236636346,0.39554594377151103,0.24407235140514758,0.10000280665515104,2.4393089401006476
2003,1.0,20dB_nominal_difference,real,linear_a_exact_conversion,REJECTED_PHYSICAL,XZ,y,-0.0625,x,-0.3125,z,0.5625,0.1618524923839167,0.3925710144023002,0.2307185220183835,0.10000280665515104,2.4393089401006476
2003,1.0,20dB_nominal_difference,real,linear_a_exact_conversion,REJECTED_PHYSICAL,XZ,y,-0.0625,x,-0.1875,z,0.5625,0.16448952937700473,0.39263723372670034,0.2281477043496956,0.10000280665515104,2.4393089401006476
2003,1.0,20dB_nominal_difference,real,linear_a_exact_conversion,REJECTED_PHYSICAL,XZ,y,-0.0625,x,-0.0625,z,0.5625,0.169157369334158,0.3937149006096328,0.22455753127547481,0.10000280665515104,2.4393089401006476
2003,1.0,20dB_nominal_difference,real,linear_a_exact_conversion,REJECTED_PHYSICAL,XZ,y,-0.0625,x,0.0625,z,0.5625,0.18432075284720528,0.3882197664715148,0.2038990136243095,0.10000280665515104,2.4393089401006476
2003,1.0,20dB_nominal_difference,real,linear_a_exact_conversion,REJECTED_PHYSICAL,XZ,y,-0.0625,x,0.1875,z,0.5625,0.19783443611815676,0.3667019417917286,0.16886750567357184,0.10000280665515104,2.4393089401006476
2003,1.0,20dB_nominal_difference,real,linear_a_exact_conversion,REJECTED_PHYSICAL,XZ,y,-0.0625,x,0.3125,z,0.5625,0.18755611867399746,0.3217689005931705,0.13421278191917302,0.10000280665515104,2.4393089401006476
2003,1.0,20dB_nominal_difference,real,linear_a_exact_conversion,REJECTED_PHYSICAL,XZ,y,-0.0625,x,0.4375,z,0.5625,0.15497151540389265,0.25132579596424426,0.09635428056035161,0.10000280665515104,2.4393089401006476
2003,1.0,20dB_nominal_difference,real,linear_a_exact_conversion,REJECTED_PHYSICAL,XZ,y,-0.0625,x,0.5625,z,0.5625,0.12346873358560154,0.15955505463896874,0.036086321053367204,0.10000280665515104,2.4393089401006476
2003,1.0,20dB_nominal_difference,real,linear_a_exact_conversion,REJECTED_PHYSICAL,XZ,y,-0.0625,x,0.6875,z,0.5625,0.10675348704867199,0.05197956182384601,-0.05477392522482598,0.10000280665515104,2.4393089401006476
2003,1.0,20dB_nominal_difference,real,linear_a_exact_conversion,REJECTED_PHYSICAL,XZ,y,-0.0625,x,-0.6875,z,0.6875,0.1028634713853393,0.09132630984124687,-0.011537161544092428,0.10000280665515104,2.4393089401006476
2003,1.0,20dB_nominal_difference,real,linear_a_exact_conversion,REJECTED_PHYSICAL,XZ,y,-0.0625,x,-0.5625,z,0.6875,0.10557230923194261,0.12908608076428,0.023513771532337385,0.10000280665515104,2.4393089401006476
2003,1.0,20dB_nominal_difference,real,linear_a_exact_conversion,REJECTED_PHYSICAL,XZ,y,-0.0625,x,-0.4375,z,0.6875,0.10856418332694968,0.14635299461844337,0.03778881129149368,0.10000280665515104,2.4393089401006476
2003,1.0,20dB_nominal_difference,real,linear_a_exact_conversion,REJECTED_PHYSICAL,XZ,y,-0.0625,x,-0.3125,z,0.6875,0.11073585652324158,0.1626156245956334,0.05187976807239181,0.10000280665515104,2.4393089401006476
2003,1.0,20dB_nominal_difference,real,linear_a_exact_conversion,REJECTED_PHYSICAL,XZ,y,-0.0625,x,-0.1875,z,0.6875,0.1124276676190856,0.18609092225789778,0.07366325463881218,0.10000280665515104,2.4393089401006476
2003,1.0,20dB_nominal_difference,real,linear_a_exact_conversion,REJECTED_PHYSICAL,XZ,y,-0.0625,x,-0.0625,z,0.6875,0.11644264038831217,0.21532950641212514,0.09888686602381297,0.10000280665515104,2.4393089401006476
2003,1.0,20dB_nominal_difference,real,linear_a_exact_conversion,REJECTED_PHYSICAL,XZ,y,-0.0625,x,0.0625,z,0.6875,0.12440148373167303,0.2423683425646136,0.11796685883294056,0.10000280665515104,2.4393089401006476
2003,1.0,20dB_nominal_difference,real,linear_a_exact_conversion,REJECTED_PHYSICAL,XZ,y,-0.0625,x,0.1875,z,0.6875,0.1311829657669169,0.2552287890864922,0.12404582331957531,0.10000280665515104,2.4393089401006476
2003,1.0,20dB_nominal_difference,real,linear_a_exact_conversion,REJECTED_PHYSICAL,XZ,y,-0.0625,x,0.3125,z,0.6875,0.1289562768586225,0.24167325182312424,0.11271697496450175,0.10000280665515104,2.4393089401006476
2003,1.0,20dB_nominal_difference,real,linear_a_exact_conversion,REJECTED_PHYSICAL,XZ,y,-0.0625,x,0.4375,z,0.6875,0.11843028526189375,0.1939204213371894,0.07549013607529564,0.10000280665515104,2.4393089401006476
2003,1.0,20dB_nominal_difference,real,linear_a_exact_conversion,REJECTED_PHYSICAL,XZ,y,-0.0625,x,0.5625,z,0.6875,0.10790342591815646,0.1099874342069839,0.0020840082888274325,0.10000280665515104,2.4393089401006476
2003,1.0,20dB_nominal_difference,real,linear_a_exact_conversion,REJECTED_PHYSICAL,XZ,y,-0.0625,x,0.6875,z,0.6875,0.10227318377862085,-0.023744982614798547,-0.1260181663934194,0.10000280665515104,2.4393089401006476
2003,1.0,20dB_nominal_difference,real,linear_a_exact_conversion,REJECTED_PHYSICAL,YZ,x,-0.0625,y,-0.6875,z,-0.6875,0.10170342953544194,-0.1538990783256572,-0.2556025078610991,0.10000280665515104,2.4393089401006476
2003,1.0,20dB_nominal_difference,real,linear_a_exact_conversion,REJECTED_PHYSICAL,YZ,x,-0.0625,y,-0.5625,z,-0.6875,0.1075507406662128,0.11184352893689362,0.004292788270680817,0.10000280665515104,2.4393089401006476
2003,1.0,20dB_nominal_difference,real,linear_a_exact_conversion,REJECTED_PHYSICAL,YZ,x,-0.0625,y,-0.4375,z,-0.6875,0.12662814155892219,0.33729530501784327,0.2106671634589211,0.10000280665515104,2.4393089401006476
2003,1.0,20dB_nominal_difference,real,linear_a_exact_conversion,REJECTED_PHYSICAL,YZ,x,-0.0625,y,-0.3125,z,-0.6875,0.17500434119004835,0.5292773306078916,0.35427298941784324,0.10000280665515104,2.4393089401006476
2003,1.0,20dB_nominal_difference,real,linear_a_exact_conversion,REJECTED_PHYSICAL,YZ,x,-0.0625,y,-0.1875,z,-0.6875,0.269012908559056,0.6899576407048525,0.42094473214579653,0.10000280665515104,2.4393089401006476
2003,1.0,20dB_nominal_difference,real,linear_a_exact_conversion,REJECTED_PHYSICAL,YZ,x,-0.0625,y,-0.0625,z,-0.6875,0.4028228203502685,0.8158527361618328,0.41302991581156434,0.10000280665515104,2.4393089401006476
2003,1.0,20dB_nominal_difference,real,linear_a_exact_conversion,REJECTED_PHYSICAL,YZ,x,-0.0625,y,0.0625,z,-0.6875,0.5255112222299664,0.8979987707799105,0.37248754854994415,0.10000280665515104,2.4393089401006476
2003,1.0,20dB_nominal_difference,real,linear_a_exact_conversion,REJECTED_PHYSICAL,YZ,x,-0.0625,y,0.1875,z,-0.6875,0.5629492160664938,0.9217051533128164,0.3587559372463226,0.10000280665515104,2.4393089401006476
2003,1.0,20dB_nominal_difference,real,linear_a_exact_conversion,REJECTED_PHYSICAL,YZ,x,-0.0625,y,0.3125,z,-0.6875,0.4892210831026743,0.8662639390356037,0.3770428559329294,0.10000280665515104,2.4393089401006476
2003,1.0,20dB_nominal_difference,real,linear_a_exact_conversion,REJECTED_PHYSICAL,YZ,x,-0.0625,y,0.4375,z,-0.6875,0.3555126787329276,0.7100835097236353,0.35457083099070774,0.10000280665515104,2.4393089401006476
2003,1.0,20dB_nominal_difference,real,linear_a_exact_conversion,REJECTED_PHYSICAL,YZ,x,-0.0625,y,0.5625,z,-0.6875,0.23289734547036847,0.44925535701742986,0.21635801154706139,0.10000280665515104,2.4393089401006476
2003,1.0,20dB_nominal_difference,real,linear_a_exact_conversion,REJECTED_PHYSICAL,YZ,x,-0.0625,y,0.6875,z,-0.6875,0.15524166062132702,0.14663913751764973,-0.00860252310367729,0.10000280665515104,2.4393089401006476
2003,1.0,20dB_nominal_difference,real,linear_a_exact_conversion,REJECTED_PHYSICAL,YZ,x,-0.0625,y,-0.6875,z,-0.5625,0.10328374329303543,0.007734215775191711,-0.09554952751784372,0.10000280665515104,2.4393089401006476
2003,1.0,20dB_nominal_difference,real,linear_a_exact_conversion,REJECTED_PHYSICAL,YZ,x,-0.0625,y,-0.5625,z,-0.5625,0.11433436873773267,0.16680197115158563,0.052467602413852954,0.10000280665515104,2.4393089401006476
2003,1.0,20dB_nominal_difference,real,linear_a_exact_conversion,REJECTED_PHYSICAL,YZ,x,-0.0625,y,-0.4375,z,-0.5625,0.15029529244122866,0.3427478713962955,0.19245257895506682,0.10000280665515104,2.4393089401006476
2003,1.0,20dB_nominal_difference,real,linear_a_exact_conversion,REJECTED_PHYSICAL,YZ,x,-0.0625,y,-0.3125,z,-0.5625,0.24223921035432255,0.5080819947114993,0.26584278435717673,0.10000280665515104,2.4393089401006476
2003,1.0,20dB_nominal_difference,real,linear_a_exact_conversion,REJECTED_PHYSICAL,YZ,x,-0.0625,y,-0.1875,z,-0.5625,0.42429858303076795,0.6537602028543608,0.2294616198235928,0.10000280665515104,2.4393089401006476
2003,1.0,20dB_nominal_difference,real,linear_a_exact_conversion,REJECTED_PHYSICAL,YZ,x,-0.0625,y,-0.0625,z,-0.5625,0.689748814507086,0.7735615815127647,0.08381276700567863,0.10000280665515104,2.4393089401006476
2003,1.0,20dB_nominal_difference,real,linear_a_exact_conversion,REJECTED_PHYSICAL,YZ,x,-0.0625,y,0.0625,z,-0.5625,0.9377760134088712,0.8599221970801834,-0.07785381632868782,0.10000280665515104,2.4393089401006476
2003,1.0,20dB_nominal_difference,real,linear_a_exact_conversion,REJECTED_PHYSICAL,YZ,x,-0.0625,y,0.1875,z,-0.5625,1.0127539600256772,0.9010737402947295,-0.11168021973094766,0.10000280665515104,2.4393089401006476
2003,1.0,20dB_nominal_difference,real,linear_a_exact_conversion,REJECTED_PHYSICAL,YZ,x,-0.0625,y,0.3125,z,-0.5625,0.8604787448824067,0.877516963270295,0.017038218387888326,0.10000280665515104,2.4393089401006476
2003,1.0,20dB_nominal_difference,real,linear_a_exact_conversion,REJECTED_PHYSICAL,YZ,x,-0.0625,y,0.4375,z,-0.5625,0.5915996110940923,0.7658649769421203,0.174265365848028,0.10000280665515104,2.4393089401006476
2003,1.0,20dB_nominal_difference,real,linear_a_exact_conversion,REJECTED_PHYSICAL,YZ,x,-0.0625,y,0.5625,z,-0.5625,0.35182599599323394,0.5622774819908504,0.21045148599761643,0.10000280665515104,2.4393089401006476
2003,1.0,20dB_nominal_difference,real,linear_a_exact_conversion,REJECTED_PHYSICAL,YZ,x,-0.0625,y,0.6875,z,-0.5625,0.2035909278510975,0.3319160277410651,0.1283250998899676,0.10000280665515104,2.4393089401006476
2003,1.0,20dB_nominal_difference,real,linear_a_exact_conversion,REJECTED_PHYSICAL,YZ,x,-0.0625,y,-0.6875,z,-0.4375,0.10620657830896875,0.13456676593081168,0.028360187621842933,0.10000280665515104,2.4393089401006476
2003,1.0,20dB_nominal_difference,real,linear_a_exact_conversion,REJECTED_PHYSICAL,YZ,x,-0.0625,y,-0.5625,z,-0.4375,0.12450216087985126,0.24790650615820312,0.12340434527835185,0.10000280665515104,2.4393089401006476
2003,1.0,20dB_nominal_difference,real,linear_a_exact_conversion,REJECTED_PHYSICAL,YZ,x,-0.0625,y,-0.4375,z,-0.4375,0.1812787485668402,0.3823408331990687,0.2010620846322285,0.10000280665515104,2.4393089401006476
2003,1.0,20dB_nominal_difference,real,linear_a_exact_conversion,REJECTED_PHYSICAL,YZ,x,-0.0625,y,-0.3125,z,-0.4375,0.32474825156405984,0.5172804435041759,0.19253219194011606,0.10000280665515104,2.4393089401006476
2003,1.0,20dB_nominal_difference,real,linear_a_exact_conversion,REJECTED_PHYSICAL,YZ,x,-0.0625,y,-0.1875,z,-0.4375,0.6128803848037948,0.6418591857777108,0.02897880097391603,0.10000280665515104,2.4393089401006476
2003,1.0,20dB_nominal_difference,real,linear_a_exact_conversion,REJECTED_PHYSICAL,YZ,x,-0.0625,y,-0.0625,z,-0.4375,1.0440131087084437,0.7497037538411114,-0.29430935486733223,0.10000280665515104,2.4393089401006476
2003,1.0,20dB_nominal_difference,real,linear_a_exact_conversion,REJECTED_PHYSICAL,YZ,x,-0.0625,y,0.0625,z,-0.4375,1.4551720209809673,0.8357023237137934,-0.6194696972671739,0.10000280665515104,2.4393089401006476
2003,1.0,20dB_nominal_difference,real,linear_a_exact_conversion,REJECTED_PHYSICAL,YZ,x,-0.0625,y,0.1875,z,-0.4375,1.5770329631113187,0.891371031329753,-0.6856619317815656,0.10000280665515104,2.4393089401006476
2003,1.0,20dB_nominal_difference,real,linear_a_exact_conversion,REJECTED_PHYSICAL,YZ,x,-0.0625,y,0.3125,z,-0.4375,1.3162628144418067,0.8981211959294395,-0.4181416185123672,0.10000280665515104,2.4393089401006476
2003,1.0,20dB_nominal_difference,real,linear_a_exact_conversion,REJECTED_PHYSICAL,YZ,x,-0.0625,y,0.4375,z,-0.4375,0.8708772568635439,0.8276788594350617,-0.043198397428482194,0.10000280665515104,2.4393089401006476
2003,1.0,20dB_nominal_difference,real,linear_a_exact_conversion,REJECTED_PHYSICAL,YZ,x,-0.0625,y,0.5625,z,-0.4375,0.48711692411061003,0.6629782185209064,0.1758612944102964,0.10000280665515104,2.4393089401006476
2003,1.0,20dB_nominal_difference,real,linear_a_exact_conversion,REJECTED_PHYSICAL,YZ,x,-0.0625,y,0.6875,z,-0.4375,0.25707528937646357,0.4456289815212258,0.18855369214476225,0.10000280665515104,2.4393089401006476
2003,1.0,20dB_nominal_difference,real,linear_a_exact_conversion,REJECTED_PHYSICAL,YZ,x,-0.0625,y,-0.6875,z,-0.3125,0.11599648129495396,0.2333824508923002,0.11738596959734623,0.10000280665515104,2.4393089401006476
2003,1.0,20dB_nominal_difference,real,linear_a_exact_conversion,REJECTED_PHYSICAL,YZ,x,-0.0625,y,-0.5625,z,-0.3125,0.14943438071226234,0.32430258679670965,0.1748682060844473,0.10000280665515104,2.4393089401006476
2003,1.0,20dB_nominal_difference,real,linear_a_exact_conversion,REJECTED_PHYSICAL,YZ,x,-0.0625,y,-0.4375,z,-0.3125,0.23475994889098287,0.4330555195694018,0.19829557067841894,0.10000280665515104,2.4393089401006476
2003,1.0,20dB_nominal_difference,real,linear_a_exact_conversion,REJECTED_PHYSICAL,YZ,x,-0.0625,y,-0.3125,z,-0.3125,0.42816715889310464,0.5456976482801199,0.11753048938701527,0.10000280665515104,2.4393089401006476
2003,1.0,20dB_nominal_difference,real,linear_a_exact_conversion,REJECTED_PHYSICAL,YZ,x,-0.0625,y,-0.1875,z,-0.3125,0.8045434802333463,0.6539826300296924,-0.15056085020365395,0.10000280665515104,2.4393089401006476
2003,1.0,20dB_nominal_difference,real,linear_a_exact_conversion,REJECTED_PHYSICAL,YZ,x,-0.0625,y,-0.0625,z,-0.3125,1.3736470119959532,0.7533835966648534,-0.6202634153310997,0.10000280665515104,2.4393089401006476
2003,1.0,20dB_nominal_difference,real,linear_a_exact_conversion,REJECTED_PHYSICAL,YZ,x,-0.0625,y,0.0625,z,-0.3125,1.923697724197223,0.8411819190220753,-1.0825158051751478,0.10000280665515104,2.4393089401006476
2003,1.0,20dB_nominal_difference,real,linear_a_exact_conversion,REJECTED_PHYSICAL,YZ,x,-0.0625,y,0.1875,z,-0.3125,2.0767347140676145,0.9109223972188818,-1.1658123168487327,0.10000280665515104,2.4393089401006476
2003,1.0,20dB_nominal_difference,real,linear_a_exact_conversion,REJECTED_PHYSICAL,YZ,x,-0.0625,y,0.3125,z,-0.3125,1.702948901796729,0.9432028012329284,-0.7597461005638005,0.10000280665515104,2.4393089401006476
2003,1.0,20dB_nominal_difference,real,linear_a_exact_conversion,REJECTED_PHYSICAL,YZ,x,-0.0625,y,0.4375,z,-0.3125,1.0928665868438927,0.9029182261231821,-0.18994836072071064,0.10000280665515104,2.4393089401006476
2003,1.0,20dB_nominal_difference,real,linear_a_exact_conversion,REJECTED_PHYSICAL,YZ,x,-0.0625,y,0.5625,z,-0.3125,0.5874619656147579,0.7592910664520549,0.17182910083729697,0.10000280665515104,2.4393089401006476
2003,1.0,20dB_nominal_difference,real,linear_a_exact_conversion,REJECTED_PHYSICAL,YZ,x,-0.0625,y,0.6875,z,-0.3125,0.29494005952935093,0.5420385083505741,0.24709844882122317,0.10000280665515104,2.4393089401006476
2003,1.0,20dB_nominal_difference,real,linear_a_exact_conversion,REJECTED_PHYSICAL,YZ,x,-0.0625,y,-0.6875,z,-0.1875,0.14806582809006036,0.2992533820359184,0.15118755394585803,0.10000280665515104,2.4393089401006476
2003,1.0,20dB_nominal_difference,real,linear_a_exact_conversion,REJECTED_PHYSICAL,YZ,x,-0.0625,y,-0.5625,z,-0.1875,0.22391337343738307,0.3814512164825634,0.15753784304518034,0.10000280665515104,2.4393089401006476
2003,1.0,20dB_nominal_difference,real,linear_a_exact_conversion,REJECTED_PHYSICAL,YZ,x,-0.0625,y,-0.4375,z,-0.1875,0.3693003373032048,0.477821730946488,0.10852139364328323,0.10000280665515104,2.4393089401006476
2003,1.0,20dB_nominal_difference,real,linear_a_exact_conversion,REJECTED_PHYSICAL,YZ,x,-0.0625,y,-0.3125,z,-0.1875,0.6205501005385186,0.5789054707647352,-0.04164462977378336,0.10000280665515104,2.4393089401006476
2003,1.0,20dB_nominal_difference,real,linear_a_exact_conversion,REJECTED_PHYSICAL,YZ,x,-0.0625,y,-0.1875,z,-0.1875,1.035667974078422,0.6795293102796913,-0.3561386637987307,0.10000280665515104,2.4393089401006476
2003,1.0,20dB_nominal_difference,real,linear_a_exact_conversion,REJECTED_PHYSICAL,YZ,x,-0.0625,y,-0.0625,z,-0.1875,1.6322981737694875,0.7772513830106081,-0.8550467907588793,0.10000280665515104,2.4393089401006476
2003,1.0,20dB_nominal_difference,real,linear_a_exact_conversion,REJECTED_PHYSICAL,YZ,x,-0.0625,y,0.0625,z,-0.1875,2.2003556553877774,0.870689139483403,-1.3296665159043743,0.10000280665515104,2.4393089401006476
2003,1.0,20dB_nominal_difference,real,linear_a_exact_conversion,REJECTED_PHYSICAL,YZ,x,-0.0625,y,0.1875,z,-0.1875,2.32613250920512,0.9534081910776199,-1.3727243181275002,0.10000280665515104,2.4393089401006476
2003,1.0,20dB_nominal_difference,real,linear_a_exact_conversion,REJECTED_PHYSICAL,YZ,x,-0.0625,y,0.3125,z,-0.1875,1.8697796548476886,1.003520578412624,-0.8662590764350646,0.10000280665515104,2.4393089401006476
2003,1.0,20dB_nominal_difference,real,linear_a_exact_conversion,REJECTED_PHYSICAL,YZ,x,-0.0625,y,0.4375,z,-0.1875,1.17401564007071,0.9799419850804942,-0.19407365499021578,0.10000280665515104,2.4393089401006476
2003,1.0,20dB_nominal_difference,real,linear_a_exact_conversion,REJECTED_PHYSICAL,YZ,x,-0.0625,y,0.5625,z,-0.1875,0.6195546737748495,0.8440666518732033,0.22451197809835377,0.10000280665515104,2.4393089401006476
2003,1.0,20dB_nominal_difference,real,linear_a_exact_conversion,REJECTED_PHYSICAL,YZ,x,-0.0625,y,0.6875,z,-0.1875,0.30726397666626276,0.6221800985223473,0.3149161218560846,0.10000280665515104,2.4393089401006476
2003,1.0,20dB_nominal_difference,real,linear_a_exact_conversion,REJECTED_PHYSICAL,YZ,x,-0.0625,y,-0.6875,z,-0.0625,0.20859549320921714,0.3240354987817851,0.11544000557256798,0.10000280665515104,2.4393089401006476
2003,1.0,20dB_nominal_difference,real,linear_a_exact_conversion,REJECTED_PHYSICAL,YZ,x,-0.0625,y,-0.5625,z,-0.0625,0.36254148382736917,0.40726041879312863,0.04471893496575946,0.10000280665515104,2.4393089401006476
2003,1.0,20dB_nominal_difference,real,linear_a_exact_conversion,REJECTED_PHYSICAL,YZ,x,-0.0625,y,-0.4375,z,-0.0625,0.6116537993530816,0.501594171456707,-0.11005962789637458,0.10000280665515104,2.4393089401006476
2003,1.0,20dB_nominal_difference,real,linear_a_exact_conversion,REJECTED_PHYSICAL,YZ,x,-0.0625,y,-0.3125,z,-0.0625,0.9382279287440176,0.6011566475018545,-0.3370712812421631,0.10000280665515104,2.4393089401006476
2003,1.0,20dB_nominal_difference,real,linear_a_exact_conversion,REJECTED_PHYSICAL,YZ,x,-0.0625,y,-0.1875,z,-0.0625,1.3358655739364922,0.7032406519604131,-0.6326249219760791,0.10000280665515104,2.4393089401006476
2003,1.0,20dB_nominal_difference,real,linear_a_exact_conversion,REJECTED_PHYSICAL,YZ,x,-0.0625,y,-0.0625,z,-0.0625,1.8153929619320532,0.8066309740836479,-1.0087619878484053,0.10000280665515104,2.4393089401006476
2003,1.0,20dB_nominal_difference,real,linear_a_exact_conversion,REJECTED_PHYSICAL,YZ,x,-0.0625,y,0.0625,z,-0.0625,2.2364472185799547,0.909497282715856,-1.3269499358640986,0.10000280665515104,2.4393089401006476
2003,1.0,20dB_nominal_difference,real,linear_a_exact_conversion,REJECTED_PHYSICAL,YZ,x,-0.0625,y,0.1875,z,-0.0625,2.2667470865639103,1.0030487673884936,-1.2636983191754168,0.10000280665515104,2.4393089401006476
2003,1.0,20dB_nominal_difference,real,linear_a_exact_conversion,REJECTED_PHYSICAL,YZ,x,-0.0625,y,0.3125,z,-0.0625,1.793712116179598,1.0616726271617125,-0.7320394890178854,0.10000280665515104,2.4393089401006476
2003,1.0,20dB_nominal_difference,real,linear_a_exact_conversion,REJECTED_PHYSICAL,YZ,x,-0.0625,y,0.4375,z,-0.0625,1.1301085851110904,1.041154322715161,-0.0889542623959294,0.10000280665515104,2.4393089401006476
2003,1.0,20dB_nominal_difference,real,linear_a_exact_conversion,REJECTED_PHYSICAL,YZ,x,-0.0625,y,0.5625,z,-0.0625,0.6101120990128424,0.9029804673351541,0.2928683683223118,0.10000280665515104,2.4393089401006476
2003,1.0,20dB_nominal_difference,real,linear_a_exact_conversion,REJECTED_PHYSICAL,YZ,x,-0.0625,y,0.6875,z,-0.0625,0.31226572562427457,0.6751958133898687,0.3629300877655941,0.10000280665515104,2.4393089401006476
2003,1.0,20dB_nominal_difference,real,linear_a_exact_conversion,REJECTED_PHYSICAL,YZ,x,-0.0625,y,-0.6875,z,0.0625,0.2544907212563346,0.3062010438580753,0.05171032260174069,0.10000280665515104,2.4393089401006476
2003,1.0,20dB_nominal_difference,real,linear_a_exact_conversion,REJECTED_PHYSICAL,YZ,x,-0.0625,y,-0.5625,z,0.0625,0.46618350038822143,0.39484604757239383,-0.0713374528158276,0.10000280665515104,2.4393089401006476
2003,1.0,20dB_nominal_difference,real,linear_a_exact_conversion,REJECTED_PHYSICAL,YZ,x,-0.0625,y,-0.4375,z,0.0625,0.7869816592054362,0.4925100215138064,-0.29447163769162976,0.10000280665515104,2.4393089401006476
2003,1.0,20dB_nominal_difference,real,linear_a_exact_conversion,REJECTED_PHYSICAL,YZ,x,-0.0625,y,-0.3125,z,0.0625,1.1479341940139374,0.5964313563502479,-0.5515028376636895,0.10000280665515104,2.4393089401006476
2003,1.0,20dB_nominal_difference,real,linear_a_exact_conversion,REJECTED_PHYSICAL,YZ,x,-0.0625,y,-0.1875,z,0.0625,1.476569825957142,0.7055533048940698,-0.7710165210630723,0.10000280665515104,2.4393089401006476
2003,1.0,20dB_nominal_difference,real,linear_a_exact_conversion,REJECTED_PHYSICAL,YZ,x,-0.0625,y,-0.0625,z,0.0625,1.7720996316476474,0.8187316137495821,-0.9533680178980652,0.10000280665515104,2.4393089401006476
2003,1.0,20dB_nominal_difference,real,linear_a_exact_conversion,REJECTED_PHYSICAL,YZ,x,-0.0625,y,0.0625,z,0.0625,1.9919405920120035,0.9319063063472561,-1.0600342856647473,0.10000280665515104,2.4393089401006476
2003,1.0,20dB_nominal_difference,real,linear_a_exact_conversion,REJECTED_PHYSICAL,YZ,x,-0.0625,y,0.1875,z,0.0625,1.9492972063057485,1.032036501035034,-0.9172607052707145,0.10000280665515104,2.4393089401006476
2003,1.0,20dB_nominal_difference,real,linear_a_exact_conversion,REJECTED_PHYSICAL,YZ,x,-0.0625,y,0.3125,z,0.0625,1.566607596063621,1.0896998373578095,-0.4769077587058115,0.10000280665515104,2.4393089401006476
2003,1.0,20dB_nominal_difference,real,linear_a_exact_conversion,REJECTED_PHYSICAL,YZ,x,-0.0625,y,0.4375,z,0.0625,1.0464464914025866,1.0617617552272032,0.015315263824616565,0.10000280665515104,2.4393089401006476
2003,1.0,20dB_nominal_difference,real,linear_a_exact_conversion,REJECTED_PHYSICAL,YZ,x,-0.0625,y,0.5625,z,0.0625,0.614206318322457,0.9171616808647757,0.3029553625423187,0.10000280665515104,2.4393089401006476
2003,1.0,20dB_nominal_difference,real,linear_a_exact_conversion,REJECTED_PHYSICAL,YZ,x,-0.0625,y,0.6875,z,0.0625,0.33633519731516603,0.6875022717730693,0.3511670744579033,0.10000280665515104,2.4393089401006476
2003,1.0,20dB_nominal_difference,real,linear_a_exact_conversion,REJECTED_PHYSICAL,YZ,x,-0.0625,y,-0.6875,z,0.1875,0.23255642135225899,0.25379355230389383,0.021237130951634847,0.10000280665515104,2.4393089401006476
2003,1.0,20dB_nominal_difference,real,linear_a_exact_conversion,REJECTED_PHYSICAL,YZ,x,-0.0625,y,-0.5625,z,0.1875,0.4121769138697273,0.3462115682415491,-0.06596534562817824,0.10000280665515104,2.4393089401006476
2003,1.0,20dB_nominal_difference,real,linear_a_exact_conversion,REJECTED_PHYSICAL,YZ,x,-0.0625,y,-0.4375,z,0.1875,0.6782568252537292,0.44623279884946154,-0.23202402640426767,0.10000280665515104,2.4393089401006476
2003,1.0,20dB_nominal_difference,real,linear_a_exact_conversion,REJECTED_PHYSICAL,YZ,x,-0.0625,y,-0.3125,z,0.1875,0.9602152243241519,0.5537601057701813,-0.40645511855397054,0.10000280665515104,2.4393089401006476
2003,1.0,20dB_nominal_difference,real,linear_a_exact_conversion,REJECTED_PHYSICAL,YZ,x,-0.0625,y,-0.1875,z,0.1875,1.181151380829835,0.6686945685464054,-0.5124568122834297,0.10000280665515104,2.4393089401006476
2003,1.0,20dB_nominal_difference,real,linear_a_exact_conversion,REJECTED_PHYSICAL,YZ,x,-0.0625,y,-0.0625,z,0.1875,1.3433270728347408,0.7891689692986567,-0.5541581035360842,0.10000280665515104,2.4393089401006476
2003,1.0,20dB_nominal_difference,real,linear_a_exact_conversion,REJECTED_PHYSICAL,YZ,x,-0.0625,y,0.0625,z,0.1875,1.4641480724221085,0.9080528797686293,-0.5560951926534793,0.10000280665515104,2.4393089401006476
2003,1.0,20dB_nominal_difference,real,linear_a_exact_conversion,REJECTED_PHYSICAL,YZ,x,-0.0625,y,0.1875,z,0.1875,1.4622252182837279,1.0078391238084121,-0.45438609447531575,0.10000280665515104,2.4393089401006476
2003,1.0,20dB_nominal_difference,real,linear_a_exact_conversion,REJECTED_PHYSICAL,YZ,x,-0.0625,y,0.3125,z,0.1875,1.2674185717068691,1.0571046327053475,-0.21031393900152162,0.10000280665515104,2.4393089401006476
2003,1.0,20dB_nominal_difference,real,linear_a_exact_conversion,REJECTED_PHYSICAL,YZ,x,-0.0625,y,0.4375,z,0.1875,0.9490954596284221,1.0181641918201707,0.06906873219174858,0.10000280665515104,2.4393089401006476
2003,1.0,20dB_nominal_difference,real,linear_a_exact_conversion,REJECTED_PHYSICAL,YZ,x,-0.0625,y,0.5625,z,0.1875,0.6235379162666301,0.8713390042452016,0.24780108797857148,0.10000280665515104,2.4393089401006476
2003,1.0,20dB_nominal_difference,real,linear_a_exact_conversion,REJECTED_PHYSICAL,YZ,x,-0.0625,y,0.6875,z,0.1875,0.365552791375108,0.6498307793488872,0.28427798797377923,0.10000280665515104,2.4393089401006476
2003,1.0,20dB_nominal_difference,real,linear_a_exact_conversion,REJECTED_PHYSICAL,YZ,x,-0.0625,y,-0.6875,z,0.3125,0.16789421965744314,0.1805684567656571,0.01267423710821397,0.10000280665515104,2.4393089401006476
2003,1.0,20dB_nominal_difference,real,linear_a_exact_conversion,REJECTED_PHYSICAL,YZ,x,-0.0625,y,-0.5625,z,0.3125,0.2596244144942346,0.2712509772914225,0.011626562797187878,0.10000280665515104,2.4393089401006476
2003,1.0,20dB_nominal_difference,real,linear_a_exact_conversion,REJECTED_PHYSICAL,YZ,x,-0.0625,y,-0.4375,z,0.3125,0.39488990724054285,0.367780076128041,-0.02710983111250187,0.10000280665515104,2.4393089401006476
2003,1.0,20dB_nominal_difference,real,linear_a_exact_conversion,REJECTED_PHYSICAL,YZ,x,-0.0625,y,-0.3125,z,0.3125,0.537501272301452,0.4722068324965334,-0.06529443980491856,0.10000280665515104,2.4393089401006476
2003,1.0,20dB_nominal_difference,real,linear_a_exact_conversion,REJECTED_PHYSICAL,YZ,x,-0.0625,y,-0.1875,z,0.3125,0.6517652759029986,0.585107648319065,-0.06665762758393357,0.10000280665515104,2.4393089401006476
2003,1.0,20dB_nominal_difference,real,linear_a_exact_conversion,REJECTED_PHYSICAL,YZ,x,-0.0625,y,-0.0625,z,0.3125,0.7511454332313572,0.7038964428276848,-0.047248990403672364,0.10000280665515104,2.4393089401006476
2003,1.0,20dB_nominal_difference,real,linear_a_exact_conversion,REJECTED_PHYSICAL,YZ,x,-0.0625,y,0.0625,z,0.3125,0.8622065001966145,0.819043837554071,-0.04316266264254354,0.10000280665515104,2.4393089401006476
2003,1.0,20dB_nominal_difference,real,linear_a_exact_conversion,REJECTED_PHYSICAL,YZ,x,-0.0625,y,0.1875,z,0.3125,0.9441148143702391,0.9105093446603305,-0.03360546970990863,0.10000280665515104,2.4393089401006476
2003,1.0,20dB_nominal_difference,real,linear_a_exact_conversion,REJECTED_PHYSICAL,YZ,x,-0.0625,y,0.3125,z,0.3125,0.9231155305097005,0.9480801459820833,0.024964615472382823,0.10000280665515104,2.4393089401006476
2003,1.0,20dB_nominal_difference,real,linear_a_exact_conversion,REJECTED_PHYSICAL,YZ,x,-0.0625,y,0.4375,z,0.3125,0.7806947590296338,0.9020754222264152,0.12138066319678142,0.10000280665515104,2.4393089401006476
2003,1.0,20dB_nominal_difference,real,linear_a_exact_conversion,REJECTED_PHYSICAL,YZ,x,-0.0625,y,0.5625,z,0.3125,0.5628995376630692,0.7632370419210204,0.20033750425795116,0.10000280665515104,2.4393089401006476
2003,1.0,20dB_nominal_difference,real,linear_a_exact_conversion,REJECTED_PHYSICAL,YZ,x,-0.0625,y,0.6875,z,0.3125,0.3491019639108114,0.562416677705322,0.2133147137945106,0.10000280665515104,2.4393089401006476
2003,1.0,20dB_nominal_difference,real,linear_a_exact_conversion,REJECTED_PHYSICAL,YZ,x,-0.0625,y,-0.6875,z,0.4375,0.12070972238072919,0.09961777438872949,-0.021091947991999704,0.10000280665515104,2.4393089401006476
2003,1.0,20dB_nominal_difference,real,linear_a_exact_conversion,REJECTED_PHYSICAL,YZ,x,-0.0625,y,-0.5625,z,0.4375,0.14874938224852116,0.18290653753724326,0.034157155288722096,0.10000280665515104,2.4393089401006476
2003,1.0,20dB_nominal_difference,real,linear_a_exact_conversion,REJECTED_PHYSICAL,YZ,x,-0.0625,y,-0.4375,z,0.4375,0.1904772753152062,0.2683910063499231,0.07791373103471688,0.10000280665515104,2.4393089401006476
2003,1.0,20dB_nominal_difference,real,linear_a_exact_conversion,REJECTED_PHYSICAL,YZ,x,-0.0625,y,-0.3125,z,0.4375,0.23660415943949387,0.36030891563771034,0.12370475619821647,0.10000280665515104,2.4393089401006476
2003,1.0,20dB_nominal_difference,real,linear_a_exact_conversion,REJECTED_PHYSICAL,YZ,x,-0.0625,y,-0.1875,z,0.4375,0.2820486868265244,0.4605025076829934,0.178453820856469,0.10000280665515104,2.4393089401006476
2003,1.0,20dB_nominal_difference,real,linear_a_exact_conversion,REJECTED_PHYSICAL,YZ,x,-0.0625,y,-0.0625,z,0.4375,0.34211356233501233,0.5665034386251244,0.2243898762901121,0.10000280665515104,2.4393089401006476
2003,1.0,20dB_nominal_difference,real,linear_a_exact_conversion,REJECTED_PHYSICAL,YZ,x,-0.0625,y,0.0625,z,0.4375,0.43314942342634766,0.6681402415948433,0.23499081816849565,0.10000280665515104,2.4393089401006476
2003,1.0,20dB_nominal_difference,real,linear_a_exact_conversion,REJECTED_PHYSICAL,YZ,x,-0.0625,y,0.1875,z,0.4375,0.5311232183812667,0.7457618374178039,0.21463861903653714,0.10000280665515104,2.4393089401006476
2003,1.0,20dB_nominal_difference,real,linear_a_exact_conversion,REJECTED_PHYSICAL,YZ,x,-0.0625,y,0.3125,z,0.4375,0.578303628667434,0.7730674232873121,0.19476379461987814,0.10000280665515104,2.4393089401006476
2003,1.0,20dB_nominal_difference,real,linear_a_exact_conversion,REJECTED_PHYSICAL,YZ,x,-0.0625,y,0.4375,z,0.4375,0.5343085609097497,0.7278592305366882,0.19355066962693857,0.10000280665515104,2.4393089401006476
2003,1.0,20dB_nominal_difference,real,linear_a_exact_conversion,REJECTED_PHYSICAL,YZ,x,-0.0625,y,0.5625,z,0.4375,0.412495824784875,0.6067894207917122,0.19429359600683715,0.10000280665515104,2.4393089401006476
2003,1.0,20dB_nominal_difference,real,linear_a_exact_conversion,REJECTED_PHYSICAL,YZ,x,-0.0625,y,0.6875,z,0.4375,0.27311373341305345,0.43539306111411813,0.16227932770106468,0.10000280665515104,2.4393089401006476
2003,1.0,20dB_nominal_difference,real,linear_a_exact_conversion,REJECTED_PHYSICAL,YZ,x,-0.0625,y,-0.6875,z,0.5625,0.10376490980483472,0.01965974801292423,-0.0841051617919105,0.10000280665515104,2.4393089401006476
2003,1.0,20dB_nominal_difference,real,linear_a_exact_conversion,REJECTED_PHYSICAL,YZ,x,-0.0625,y,-0.5625,z,0.5625,0.10891178641657152,0.09323620212150989,-0.015675584295061634,0.10000280665515104,2.4393089401006476
2003,1.0,20dB_nominal_difference,real,linear_a_exact_conversion,REJECTED_PHYSICAL,YZ,x,-0.0625,y,-0.4375,z,0.5625,0.11682863596651215,0.15997516720653562,0.043146531240023475,0.10000280665515104,2.4393089401006476
2003,1.0,20dB_nominal_difference,real,linear_a_exact_conversion,REJECTED_PHYSICAL,YZ,x,-0.0625,y,-0.3125,z,0.5625,0.1268635052601023,0.23012002753218957,0.10325652227208729,0.10000280665515104,2.4393089401006476
2003,1.0,20dB_nominal_difference,real,linear_a_exact_conversion,REJECTED_PHYSICAL,YZ,x,-0.0625,y,-0.1875,z,0.5625,0.1413469016507673,0.3084954948522156,0.16714859320144831,0.10000280665515104,2.4393089401006476
2003,1.0,20dB_nominal_difference,real,linear_a_exact_conversion,REJECTED_PHYSICAL,YZ,x,-0.0625,y,-0.0625,z,0.5625,0.169157369334158,0.3937149006096328,0.22455753127547481,0.10000280665515104,2.4393089401006476
2003,1.0,20dB_nominal_difference,real,linear_a_exact_conversion,REJECTED_PHYSICAL,YZ,x,-0.0625,y,0.0625,z,0.5625,0.21756160476700737,0.4765436955128248,0.25898209074581746,0.10000280665515104,2.4393089401006476
2003,1.0,20dB_nominal_difference,real,linear_a_exact_conversion,REJECTED_PHYSICAL,YZ,x,-0.0625,y,0.1875,z,0.5625,0.275547133730799,0.5398081304947634,0.2642609967639644,0.10000280665515104,2.4393089401006476
2003,1.0,20dB_nominal_difference,real,linear_a_exact_conversion,REJECTED_PHYSICAL,YZ,x,-0.0625,y,0.3125,z,0.5625,0.31320243724200736,0.5619356413729826,0.24873320413097522,0.10000280665515104,2.4393089401006476
2003,1.0,20dB_nominal_difference,real,linear_a_exact_conversion,REJECTED_PHYSICAL,YZ,x,-0.0625,y,0.4375,z,0.5625,0.30433998778255333,0.5254321795748801,0.22109219179232675,0.10000280665515104,2.4393089401006476
2003,1.0,20dB_nominal_difference,real,linear_a_exact_conversion,REJECTED_PHYSICAL,YZ,x,-0.0625,y,0.5625,z,0.5625,0.25130415166693953,0.4268871348431722,0.17558298317623267,0.10000280665515104,2.4393089401006476
2003,1.0,20dB_nominal_difference,real,linear_a_exact_conversion,REJECTED_PHYSICAL,YZ,x,-0.0625,y,0.6875,z,0.5625,0.18496247337200594,0.2843085976917617,0.09934612431975576,0.10000280665515104,2.4393089401006476
2003,1.0,20dB_nominal_difference,real,linear_a_exact_conversion,REJECTED_PHYSICAL,YZ,x,-0.0625,y,-0.6875,z,0.6875,0.10041010788383695,-0.03533629961873104,-0.135746407502568,0.10000280665515104,2.4393089401006476
2003,1.0,20dB_nominal_difference,real,linear_a_exact_conversion,REJECTED_PHYSICAL,YZ,x,-0.0625,y,-0.5625,z,0.6875,0.10098768632882389,0.0253620750819399,-0.075625611246884,0.10000280665515104,2.4393089401006476
2003,1.0,20dB_nominal_difference,real,linear_a_exact_conversion,REJECTED_PHYSICAL,YZ,x,-0.0625,y,-0.4375,z,0.6875,0.10196462667755618,0.06232236699609222,-0.03964225968146396,0.10000280665515104,2.4393089401006476
2003,1.0,20dB_nominal_difference,real,linear_a_exact_conversion,REJECTED_PHYSICAL,YZ,x,-0.0625,y,-0.3125,z,0.6875,0.10363362461937893,0.10286229799424171,-0.0007713266251372225,0.10000280665515104,2.4393089401006476
2003,1.0,20dB_nominal_difference,real,linear_a_exact_conversion,REJECTED_PHYSICAL,YZ,x,-0.0625,y,-0.1875,z,0.6875,0.10740220665865663,0.15411988786180783,0.0467176812031512,0.10000280665515104,2.4393089401006476
2003,1.0,20dB_nominal_difference,real,linear_a_exact_conversion,REJECTED_PHYSICAL,YZ,x,-0.0625,y,-0.0625,z,0.6875,0.11644264038831217,0.21532950641212514,0.09888686602381297,0.10000280665515104,2.4393089401006476
2003,1.0,20dB_nominal_difference,real,linear_a_exact_conversion,REJECTED_PHYSICAL,YZ,x,-0.0625,y,0.0625,z,0.6875,0.13320937147536027,0.27855436420323404,0.14534499272787377,0.10000280665515104,2.4393089401006476
2003,1.0,20dB_nominal_difference,real,linear_a_exact_conversion,REJECTED_PHYSICAL,YZ,x,-0.0625,y,0.1875,z,0.6875,0.15426362840322297,0.3296957156341377,0.17543208723091472,0.10000280665515104,2.4393089401006476
2003,1.0,20dB_nominal_difference,real,linear_a_exact_conversion,REJECTED_PHYSICAL,YZ,x,-0.0625,y,0.3125,z,0.6875,0.16926191145929204,0.35159965228066287,0.18233774082137083,0.10000280665515104,2.4393089401006476
2003,1.0,20dB_nominal_difference,real,linear_a_exact_conversion,REJECTED_PHYSICAL,YZ,x,-0.0625,y,0.4375,z,0.6875,0.16822805989190653,0.32943277394363546,0.16120471405172893,0.10000280665515104,2.4393089401006476
2003,1.0,20dB_nominal_difference,real,linear_a_exact_conversion,REJECTED_PHYSICAL,YZ,x,-0.0625,y,0.5625,z,0.6875,0.15122342744262568,0.2552923777780945,0.10406895033546881,0.10000280665515104,2.4393089401006476
2003,1.0,20dB_nominal_difference,real,linear_a_exact_conversion,REJECTED_PHYSICAL,YZ,x,-0.0625,y,0.6875,z,0.6875,0.12894625703496232,0.1283280835770176,-0.0006181734579447096,0.10000280665515104,2.4393089401006476
2003,1.0,20dB_nominal_difference,real,vanilla_IBS2,REJECTED_PHYSICAL,XY,z,-0.0625,x,-0.6875,y,-0.6875,0.1553024191438319,0.13394122164561392,-0.021361197498217965,0.10000280665515104,2.4393089401006476
2003,1.0,20dB_nominal_difference,real,vanilla_IBS2,REJECTED_PHYSICAL,XY,z,-0.0625,x,-0.5625,y,-0.6875,0.19865097496467185,0.17513470843979717,-0.02351626652487468,0.10000280665515104,2.4393089401006476
2003,1.0,20dB_nominal_difference,real,vanilla_IBS2,REJECTED_PHYSICAL,XY,z,-0.0625,x,-0.4375,y,-0.6875,0.24067148773868327,0.202703617632079,-0.03796787010660427,0.10000280665515104,2.4393089401006476
2003,1.0,20dB_nominal_difference,real,vanilla_IBS2,REJECTED_PHYSICAL,XY,z,-0.0625,x,-0.3125,y,-0.6875,0.26055573239087537,0.2207941498131135,-0.039761582577761884,0.10000280665515104,2.4393089401006476
2003,1.0,20dB_nominal_difference,real,vanilla_IBS2,REJECTED_PHYSICAL,XY,z,-0.0625,x,-0.1875,y,-0.6875,0.24705037152265574,0.22761485376902582,-0.01943551775362992,0.10000280665515104,2.4393089401006476
2003,1.0,20dB_nominal_difference,real,vanilla_IBS2,REJECTED_PHYSICAL,XY,z,-0.0625,x,-0.0625,y,-0.6875,0.20859549320921714,0.2245896313318465,0.01599413812262937,0.10000280665515104,2.4393089401006476
2003,1.0,20dB_nominal_difference,real,vanilla_IBS2,REJECTED_PHYSICAL,XY,z,-0.0625,x,0.0625,y,-0.6875,0.16522443474432935,0.2145289575809463,0.04930452283661696,0.10000280665515104,2.4393089401006476
2003,1.0,20dB_nominal_difference,real,vanilla_IBS2,REJECTED_PHYSICAL,XY,z,-0.0625,x,0.1875,y,-0.6875,0.13232114791405827,0.20075768119600795,0.06843653328194968,0.10000280665515104,2.4393089401006476
2003,1.0,20dB_nominal_difference,real,vanilla_IBS2,REJECTED_PHYSICAL,XY,z,-0.0625,x,0.3125,y,-0.6875,0.11349145559804033,0.18673323396809682,0.07324177837005649,0.10000280665515104,2.4393089401006476
2003,1.0,20dB_nominal_difference,real,vanilla_IBS2,REJECTED_PHYSICAL,XY,z,-0.0625,x,0.4375,y,-0.6875,0.10485680281317329,0.17589639591815986,0.07103959310498657,0.10000280665515104,2.4393089401006476
2003,1.0,20dB_nominal_difference,real,vanilla_IBS2,REJECTED_PHYSICAL,XY,z,-0.0625,x,0.5625,y,-0.6875,0.10153249102044401,0.17133607214345273,0.06980358112300872,0.10000280665515104,2.4393089401006476
2003,1.0,20dB_nominal_difference,real,vanilla_IBS2,REJECTED_PHYSICAL,XY,z,-0.0625,x,0.6875,y,-0.6875,0.10042312044366655,0.16507253622571555,0.064649415782049,0.10000280665515104,2.4393089401006476
2003,1.0,20dB_nominal_difference,real,vanilla_IBS2,REJECTED_PHYSICAL,XY,z,-0.0625,x,-0.6875,y,-0.5625,0.23212028886384556,0.2623215000640989,0.03020121120025332,0.10000280665515104,2.4393089401006476
2003,1.0,20dB_nominal_difference,real,vanilla_IBS2,REJECTED_PHYSICAL,XY,z,-0.0625,x,-0.5625,y,-0.5625,0.3349799033292657,0.3691238606089795,0.03414395727971381,0.10000280665515104,2.4393089401006476
2003,1.0,20dB_nominal_difference,real,vanilla_IBS2,REJECTED_PHYSICAL,XY,z,-0.0625,x,-0.4375,y,-0.5625,0.43442341050431166,0.4249898137425636,-0.009433596761748042,0.10000280665515104,2.4393089401006476
2003,1.0,20dB_nominal_difference,real,vanilla_IBS2,REJECTED_PHYSICAL,XY,z,-0.0625,x,-0.3125,y,-0.5625,0.4817815432708935,0.44994405376736235,-0.03183748950353116,0.10000280665515104,2.4393089401006476
2003,1.0,20dB_nominal_difference,real,vanilla_IBS2,REJECTED_PHYSICAL,XY,z,-0.0625,x,-0.1875,y,-0.5625,0.4512198124535277,0.44834122956147204,-0.00287858289205567,0.10000280665515104,2.4393089401006476
2003,1.0,20dB_nominal_difference,real,vanilla_IBS2,REJECTED_PHYSICAL,XY,z,-0.0625,x,-0.0625,y,-0.5625,0.36254148382736917,0.42410089083885694,0.061559407011487766,0.10000280665515104,2.4393089401006476
2003,1.0,20dB_nominal_difference,real,vanilla_IBS2,REJECTED_PHYSICAL,XY,z,-0.0625,x,0.0625,y,-0.5625,0.2617078623589451,0.3818094139669723,0.12010155160802721,0.10000280665515104,2.4393089401006476
2003,1.0,20dB_nominal_difference,real,vanilla_IBS2,REJECTED_PHYSICAL,XY,z,-0.0625,x,0.1875,y,-0.5625,0.18377767576553278,0.32671728106605824,0.14293960530052546,0.10000280665515104,2.4393089401006476
2003,1.0,20dB_nominal_difference,real,vanilla_IBS2,REJECTED_PHYSICAL,XY,z,-0.0625,x,0.3125,y,-0.5625,0.13740163431016544,0.2645461395507139,0.12714450524054843,0.10000280665515104,2.4393089401006476
2003,1.0,20dB_nominal_difference,real,vanilla_IBS2,REJECTED_PHYSICAL,XY,z,-0.0625,x,0.4375,y,-0.5625,0.11464701877535678,0.20104615738357107,0.08639913860821428,0.10000280665515104,2.4393089401006476
2003,1.0,20dB_nominal_difference,real,vanilla_IBS2,REJECTED_PHYSICAL,XY,z,-0.0625,x,0.5625,y,-0.5625,0.10502990889008713,0.14075374827811804,0.035723839388030906,0.10000280665515104,2.4393089401006476
2003,1.0,20dB_nominal_difference,real,vanilla_IBS2,REJECTED_PHYSICAL,XY,z,-0.0625,x,0.6875,y,-0.5625,0.10148535383924712,0.07732751355508588,-0.024157840284161236,0.10000280665515104,2.4393089401006476
2003,1.0,20dB_nominal_difference,real,vanilla_IBS2,REJECTED_PHYSICAL,XY,z,-0.0625,x,-0.6875,y,-0.4375,0.34742989304929783,0.3980506317763678,0.05062073872706996,0.10000280665515104,2.4393089401006476
2003,1.0,20dB_nominal_difference,real,vanilla_IBS2,REJECTED_PHYSICAL,XY,z,-0.0625,x,-0.5625,y,-0.4375,0.5395979001659335,0.5502728786260921,0.010674978460158635,0.10000280665515104,2.4393089401006476
2003,1.0,20dB_nominal_difference,real,vanilla_IBS2,REJECTED_PHYSICAL,XY,z,-0.0625,x,-0.4375,y,-0.4375,0.7260487781078776,0.6412642342345727,-0.08478454387330492,0.10000280665515104,2.4393089401006476
2003,1.0,20dB_nominal_difference,real,vanilla_IBS2,REJECTED_PHYSICAL,XY,z,-0.0625,x,-0.3125,y,-0.4375,0.8178092722125833,0.684906733804821,-0.13290253840776223,0.10000280665515104,2.4393089401006476
2003,1.0,20dB_nominal_difference,real,vanilla_IBS2,REJECTED_PHYSICAL,XY,z,-0.0625,x,-0.1875,y,-0.4375,0.7680205537853748,0.686145447830396,-0.08187510595497882,0.10000280665515104,2.4393089401006476
2003,1.0,20dB_nominal_difference,real,vanilla_IBS2,REJECTED_PHYSICAL,XY,z,-0.0625,x,-0.0625,y,-0.4375,0.6116537993530816,0.6498904723168805,0.038236672963798846,0.10000280665515104,2.4393089401006476
2003,1.0,20dB_nominal_difference,real,vanilla_IBS2,REJECTED_PHYSICAL,XY,z,-0.0625,x,0.0625,y,-0.4375,0.42932604475479164,0.581903425195634,0.15257738044084235,0.10000280665515104,2.4393089401006476
2003,1.0,20dB_nominal_difference,real,vanilla_IBS2,REJECTED_PHYSICAL,XY,z,-0.0625,x,0.1875,y,-0.4375,0.2826771304935804,0.48919080691531414,0.20651367642173374,0.10000280665515104,2.4393089401006476
2003,1.0,20dB_nominal_difference,real,vanilla_IBS2,REJECTED_PHYSICAL,XY,z,-0.0625,x,0.3125,y,-0.4375,0.1890648360199925,0.3800415991843973,0.1909767631644048,0.10000280665515104,2.4393089401006476
2003,1.0,20dB_nominal_difference,real,vanilla_IBS2,REJECTED_PHYSICAL,XY,z,-0.0625,x,0.4375,y,-0.4375,0.13821120569415402,0.26368185047148335,0.12547064477732933,0.10000280665515104,2.4393089401006476
2003,1.0,20dB_nominal_difference,real,vanilla_IBS2,REJECTED_PHYSICAL,XY,z,-0.0625,x,0.5625,y,-0.4375,0.11413499884626523,0.14943400320552558,0.03529900435926035,0.10000280665515104,2.4393089401006476
2003,1.0,20dB_nominal_difference,real,vanilla_IBS2,REJECTED_PHYSICAL,XY,z,-0.0625,x,0.6875,y,-0.4375,0.10437532223490621,0.038218160524221466,-0.06615716171068475,0.10000280665515104,2.4393089401006476
2003,1.0,20dB_nominal_difference,real,vanilla_IBS2,REJECTED_PHYSICAL,XY,z,-0.0625,x,-0.6875,y,-0.3125,0.47141588431350434,0.5234739562805258,0.0520580719670215,0.10000280665515104,2.4393089401006476
2003,1.0,20dB_nominal_difference,real,vanilla_IBS2,REJECTED_PHYSICAL,XY,z,-0.0625,x,-0.5625,y,-0.3125,0.7631807575018051,0.7152608234692345,-0.047919934032570666,0.10000280665515104,2.4393089401006476
2003,1.0,20dB_nominal_difference,real,vanilla_IBS2,REJECTED_PHYSICAL,XY,z,-0.0625,x,-0.4375,y,-0.3125,1.0512379918332335,0.8416290140823564,-0.20960897775087717,0.10000280665515104,2.4393089401006476
2003,1.0,20dB_nominal_difference,real,vanilla_IBS2,REJECTED_PHYSICAL,XY,z,-0.0625,x,-0.3125,y,-0.3125,1.2040981972682998,0.9095123736627928,-0.294585823605507,0.10000280665515104,2.4393089401006476
2003,1.0,20dB_nominal_difference,real,vanilla_IBS2,REJECTED_PHYSICAL,XY,z,-0.0625,x,-0.1875,y,-0.3125,1.1510488153136431,0.9213593515549643,-0.22968946375867882,0.10000280665515104,2.4393089401006476
2003,1.0,20dB_nominal_difference,real,vanilla_IBS2,REJECTED_PHYSICAL,XY,z,-0.0625,x,-0.0625,y,-0.3125,0.9382279287440176,0.8811828079604177,-0.05704512078359991,0.10000280665515104,2.4393089401006476
2003,1.0,20dB_nominal_difference,real,vanilla_IBS2,REJECTED_PHYSICAL,XY,z,-0.0625,x,0.0625,y,-0.3125,0.6754300013164558,0.7948978965184686,0.11946789520201284,0.10000280665515104,2.4393089401006476
2003,1.0,20dB_nominal_difference,real,vanilla_IBS2,REJECTED_PHYSICAL,XY,z,-0.0625,x,0.1875,y,-0.3125,0.44804142302673045,0.6707510325445071,0.22270960951777663,0.10000280665515104,2.4393089401006476
2003,1.0,20dB_nominal_difference,real,vanilla_IBS2,REJECTED_PHYSICAL,XY,z,-0.0625,x,0.3125,y,-0.3125,0.2863367520168647,0.5194636654697445,0.23312691345287984,0.10000280665515104,2.4393089401006476
2003,1.0,20dB_nominal_difference,real,vanilla_IBS2,REJECTED_PHYSICAL,XY,z,-0.0625,x,0.4375,y,-0.3125,0.18654806607589558,0.35392394287583917,0.1673758767999436,0.10000280665515104,2.4393089401006476
2003,1.0,20dB_nominal_difference,real,vanilla_IBS2,REJECTED_PHYSICAL,XY,z,-0.0625,x,0.5625,y,-0.3125,0.1337171009104705,0.18834146235485025,0.05462436144437974,0.10000280665515104,2.4393089401006476
2003,1.0,20dB_nominal_difference,real,vanilla_IBS2,REJECTED_PHYSICAL,XY,z,-0.0625,x,0.6875,y,-0.3125,0.11068803743552963,0.028908323641614844,-0.08177971379391479,0.10000280665515104,2.4393089401006476
2003,1.0,20dB_nominal_difference,real,vanilla_IBS2,REJECTED_PHYSICAL,XY,z,-0.0625,x,-0.6875,y,-0.1875,0.5696468267306692,0.6288312155362983,0.05918438880562904,0.10000280665515104,2.4393089401006476
2003,1.0,20dB_nominal_difference,real,vanilla_IBS2,REJECTED_PHYSICAL,XY,z,-0.0625,x,-0.5625,y,-0.1875,0.9558282914551371,0.8536240578376327,-0.10220423361750441,0.10000280665515104,2.4393089401006476
2003,1.0,20dB_nominal_difference,real,vanilla_IBS2,REJECTED_PHYSICAL,XY,z,-0.0625,x,-0.4375,y,-0.1875,1.3542696548424873,1.0123939288629036,-0.3418757259795837,0.10000280665515104,2.4393089401006476
2003,1.0,20dB_nominal_difference,real,vanilla_IBS2,REJECTED_PHYSICAL,XY,z,-0.0625,x,-0.3125,y,-0.1875,1.5933869493856638,1.105739884633703,-0.48764706475196085,0.10000280665515104,2.4393089401006476
2003,1.0,20dB_nominal_difference,real,vanilla_IBS2,REJECTED_PHYSICAL,XY,z,-0.0625,x,-0.1875,y,-0.1875,1.57219576646612,1.1327053039014547,-0.4394904625646652,0.10000280665515104,2.4393089401006476
2003,1.0,20dB_nominal_difference,real,vanilla_IBS2,REJECTED_PHYSICAL,XY,z,-0.0625,x,-0.0625,y,-0.1875,1.3358655739364922,1.0952030420774865,-0.24066253185900566,0.10000280665515104,2.4393089401006476
2003,1.0,20dB_nominal_difference,real,vanilla_IBS2,REJECTED_PHYSICAL,XY,z,-0.0625,x,0.0625,y,-0.1875,1.0103148515285243,0.998354994657364,-0.011959856871160301,0.10000280665515104,2.4393089401006476
2003,1.0,20dB_nominal_difference,real,vanilla_IBS2,REJECTED_PHYSICAL,XY,z,-0.0625,x,0.1875,y,-0.1875,0.6973351976865888,0.8509555051375561,0.15362030745096733,0.10000280665515104,2.4393089401006476
2003,1.0,20dB_nominal_difference,real,vanilla_IBS2,REJECTED_PHYSICAL,XY,z,-0.0625,x,0.3125,y,-0.1875,0.4445849133410964,0.6656076482952369,0.2210227349541405,0.10000280665515104,2.4393089401006476
2003,1.0,20dB_nominal_difference,real,vanilla_IBS2,REJECTED_PHYSICAL,XY,z,-0.0625,x,0.4375,y,-0.1875,0.2686083196632556,0.4582998430969707,0.1896915234337151,0.10000280665515104,2.4393089401006476
2003,1.0,20dB_nominal_difference,real,vanilla_IBS2,REJECTED_PHYSICAL,XY,z,-0.0625,x,0.5625,y,-0.1875,0.1673446911406377,0.2473290989196668,0.0799844077790291,0.10000280665515104,2.4393089401006476
2003,1.0,20dB_nominal_difference,real,vanilla_IBS2,REJECTED_PHYSICAL,XY,z,-0.0625,x,0.6875,y,-0.1875,0.12139907314350658,0.043053520436075965,-0.07834555270743061,0.10000280665515104,2.4393089401006476
2003,1.0,20dB_nominal_difference,real,vanilla_IBS2,REJECTED_PHYSICAL,XY,z,-0.0625,x,-0.6875,y,-0.0625,0.6283217544571117,0.7048488011925217,0.07652704673541,0.10000280665515104,2.4393089401006476
2003,1.0,20dB_nominal_difference,real,vanilla_IBS2,REJECTED_PHYSICAL,XY,z,-0.0625,x,-0.5625,y,-0.0625,1.1052708288225817,0.9531515543535003,-0.15211927446908136,0.10000280665515104,2.4393089401006476
2003,1.0,20dB_nominal_difference,real,vanilla_IBS2,REJECTED_PHYSICAL,XY,z,-0.0625,x,-0.4375,y,-0.0625,1.6347240816154451,1.138317123833581,-0.49640695778186417,0.10000280665515104,2.4393089401006476
2003,1.0,20dB_nominal_difference,real,vanilla_IBS2,REJECTED_PHYSICAL,XY,z,-0.0625,x,-0.3125,y,-0.0625,2.0005382121427666,1.2550791362927534,-0.7454590758500133,0.10000280665515104,2.4393089401006476
2003,1.0,20dB_nominal_difference,real,vanilla_IBS2,REJECTED_PHYSICAL,XY,z,-0.0625,x,-0.1875,y,-0.0625,2.0513647403546127,1.2988749732424587,-0.752489767112154,0.10000280665515104,2.4393089401006476
2003,1.0,20dB_nominal_difference,real,vanilla_IBS2,REJECTED_PHYSICAL,XY,z,-0.0625,x,-0.0625,y,-0.0625,1.8153929619320532,1.268927509203741,-0.5464654527283122,0.10000280665515104,2.4393089401006476
2003,1.0,20dB_nominal_difference,real,vanilla_IBS2,REJECTED_PHYSICAL,XY,z,-0.0625,x,0.0625,y,-0.0625,1.432022565918859,1.168917546877969,-0.2631050190408901,0.10000280665515104,2.4393089401006476
2003,1.0,20dB_nominal_difference,real,vanilla_IBS2,REJECTED_PHYSICAL,XY,z,-0.0625,x,0.1875,y,-0.0625,1.0219508852778023,1.0075507894120688,-0.014400095865733542,0.10000280665515104,2.4393089401006476
2003,1.0,20dB_nominal_difference,real,vanilla_IBS2,REJECTED_PHYSICAL,XY,z,-0.0625,x,0.3125,y,-0.0625,0.6547340167083282,0.798620305109269,0.14388628840094075,0.10000280665515104,2.4393089401006476
2003,1.0,20dB_nominal_difference,real,vanilla_IBS2,REJECTED_PHYSICAL,XY,z,-0.0625,x,0.4375,y,-0.0625,0.37750291054443263,0.5603787274429486,0.18287581689851595,0.10000280665515104,2.4393089401006476
2003,1.0,20dB_nominal_difference,real,vanilla_IBS2,REJECTED_PHYSICAL,XY,z,-0.0625,x,0.5625,y,-0.0625,0.21096282267272176,0.3142023478452216,0.10323952517249985,0.10000280665515104,2.4393089401006476
2003,1.0,20dB_nominal_difference,real,vanilla_IBS2,REJECTED_PHYSICAL,XY,z,-0.0625,x,0.6875,y,-0.0625,0.13473952340882195,0.073611155189092,-0.061128368219729945,0.10000280665515104,2.4393089401006476
2003,1.0,20dB_nominal_difference,real,vanilla_IBS2,REJECTED_PHYSICAL,XY,z,-0.0625,x,-0.6875,y,0.0625,0.6210759620670193,0.7399843357632421,0.11890837369622276,0.10000280665515104,2.4393089401006476
2003,1.0,20dB_nominal_difference,real,vanilla_IBS2,REJECTED_PHYSICAL,XY,z,-0.0625,x,-0.5625,y,0.0625,1.1495567058371055,1.0000184623900301,-0.14953824344707534,0.10000280665515104,2.4393089401006476
2003,1.0,20dB_nominal_difference,real,vanilla_IBS2,REJECTED_PHYSICAL,XY,z,-0.0625,x,-0.4375,y,0.0625,1.7869051011800234,1.2031379333330323,-0.5837671678469911,0.10000280665515104,2.4393089401006476
2003,1.0,20dB_nominal_difference,real,vanilla_IBS2,REJECTED_PHYSICAL,XY,z,-0.0625,x,-0.3125,y,0.0625,2.286812997437625,1.3387369489234944,-0.9480760485141304,0.10000280665515104,2.4393089401006476
2003,1.0,20dB_nominal_difference,real,vanilla_IBS2,REJECTED_PHYSICAL,XY,z,-0.0625,x,-0.1875,y,0.0625,2.4393089401006476,1.3986809221670617,-1.0406280179335858,0.10000280665515104,2.4393089401006476
2003,1.0,20dB_nominal_difference,real,vanilla_IBS2,REJECTED_PHYSICAL,XY,z,-0.0625,x,-0.0625,y,0.0625,2.2364472185799547,1.37934329091687,-0.8571039276630847,0.10000280665515104,2.4393089401006476
2003,1.0,20dB_nominal_difference,real,vanilla_IBS2,REJECTED_PHYSICAL,XY,z,-0.0625,x,0.0625,y,0.0625,1.8205734832232667,1.2826944083719136,-0.5378790748513531,0.10000280665515104,2.4393089401006476
2003,1.0,20dB_nominal_difference,real,vanilla_IBS2,REJECTED_PHYSICAL,XY,z,-0.0625,x,0.1875,y,0.0625,1.3288412623740355,1.1169589368841677,-0.21188232548986785,0.10000280665515104,2.4393089401006476
2003,1.0,20dB_nominal_difference,real,vanilla_IBS2,REJECTED_PHYSICAL,XY,z,-0.0625,x,0.3125,y,0.0625,0.8534290111612901,0.8965228141045583,0.043093802943268145,0.10000280665515104,2.4393089401006476
2003,1.0,20dB_nominal_difference,real,vanilla_IBS2,REJECTED_PHYSICAL,XY,z,-0.0625,x,0.4375,y,0.0625,0.4773069372254948,0.6410160016440934,0.16370906441859867,0.10000280665515104,2.4393089401006476
2003,1.0,20dB_nominal_difference,real,vanilla_IBS2,REJECTED_PHYSICAL,XY,z,-0.0625,x,0.5625,y,0.0625,0.24851702811324247,0.3737178071642935,0.125200779051051,0.10000280665515104,2.4393089401006476
2003,1.0,20dB_nominal_difference,real,vanilla_IBS2,REJECTED_PHYSICAL,XY,z,-0.0625,x,0.6875,y,0.0625,0.14525379334639565,0.11004855326401641,-0.03520524008237924,0.10000280665515104,2.4393089401006476
2003,1.0,20dB_nominal_difference,real,vanilla_IBS2,REJECTED_PHYSICAL,XY,z,-0.0625,x,-0.6875,y,0.1875,0.5103021576475198,0.7208423327844897,0.21054017513696988,0.10000280665515104,2.4393089401006476
2003,1.0,20dB_nominal_difference,real,vanilla_IBS2,REJECTED_PHYSICAL,XY,z,-0.0625,x,-0.5625,y,0.1875,0.9743923479894698,0.9799545763788291,0.0055622283893592694,0.10000280665515104,2.4393089401006476
2003,1.0,20dB_nominal_difference,real,vanilla_IBS2,REJECTED_PHYSICAL,XY,z,-0.0625,x,-0.4375,y,0.1875,1.5811825065528802,1.1912594836822916,-0.38992302287058855,0.10000280665515104,2.4393089401006476
2003,1.0,20dB_nominal_difference,real,vanilla_IBS2,REJECTED_PHYSICAL,XY,z,-0.0625,x,-0.3125,y,0.1875,2.1176174428339274,1.3393764844296103,-0.7782409584043171,0.10000280665515104,2.4393089401006476
2003,1.0,20dB_nominal_difference,real,vanilla_IBS2,REJECTED_PHYSICAL,XY,z,-0.0625,x,-0.1875,y,0.1875,2.3639038086931112,1.4127558730842065,-0.9511479356089048,0.10000280665515104,2.4393089401006476
2003,1.0,20dB_nominal_difference,real,vanilla_IBS2,REJECTED_PHYSICAL,XY,z,-0.0625,x,-0.0625,y,0.1875,2.2667470865639103,1.4051403665277142,-0.8616067200361961,0.10000280665515104,2.4393089401006476
2003,1.0,20dB_nominal_difference,real,vanilla_IBS2,REJECTED_PHYSICAL,XY,z,-0.0625,x,0.0625,y,0.1875,1.9225619728156096,1.3169528242011581,-0.6056091486144515,0.10000280665515104,2.4393089401006476
2003,1.0,20dB_nominal_difference,real,vanilla_IBS2,REJECTED_PHYSICAL,XY,z,-0.0625,x,0.1875,y,0.1875,1.4442630593714165,1.1559184652600976,-0.28834459411131896,0.10000280665515104,2.4393089401006476
2003,1.0,20dB_nominal_difference,real,vanilla_IBS2,REJECTED_PHYSICAL,XY,z,-0.0625,x,0.3125,y,0.1875,0.9345859320194754,0.9366826715889854,0.0020967395695100643,0.10000280665515104,2.4393089401006476
2003,1.0,20dB_nominal_difference,real,vanilla_IBS2,REJECTED_PHYSICAL,XY,z,-0.0625,x,0.4375,y,0.1875,0.5142921268065137,0.679449163689525,0.1651570368830113,0.10000280665515104,2.4393089401006476
2003,1.0,20dB_nominal_difference,real,vanilla_IBS2,REJECTED_PHYSICAL,XY,z,-0.0625,x,0.5625,y,0.1875,0.2589989308679361,0.40803365464449615,0.14903472377656007,0.10000280665515104,2.4393089401006476
2003,1.0,20dB_nominal_difference,real,vanilla_IBS2,REJECTED_PHYSICAL,XY,z,-0.0625,x,0.6875,y,0.1875,0.1468137239358196,0.13806863965595695,-0.008745084279862647,0.10000280665515104,2.4393089401006476
2003,1.0,20dB_nominal_difference,real,vanilla_IBS2,REJECTED_PHYSICAL,XY,z,-0.0625,x,-0.6875,y,0.3125,0.3360942864355679,0.6345116342629268,0.2984173478273589,0.10000280665515104,2.4393089401006476
2003,1.0,20dB_nominal_difference,real,vanilla_IBS2,REJECTED_PHYSICAL,XY,z,-0.0625,x,-0.5625,y,0.3125,0.6312491800006208,0.8809601056268452,0.24971092562622443,0.10000280665515104,2.4393089401006476
2003,1.0,20dB_nominal_difference,real,vanilla_IBS2,REJECTED_PHYSICAL,XY,z,-0.0625,x,-0.4375,y,0.3125,1.051716919029555,1.0908368097641576,0.03911989073460265,0.10000280665515104,2.4393089401006476
2003,1.0,20dB_nominal_difference,real,vanilla_IBS2,REJECTED_PHYSICAL,XY,z,-0.0625,x,-0.3125,y,0.3125,1.4763014191651487,1.2442637832328365,-0.2320376359323122,0.10000280665515104,2.4393089401006476
2003,1.0,20dB_nominal_difference,real,vanilla_IBS2,REJECTED_PHYSICAL,XY,z,-0.0625,x,-0.1875,y,0.3125,1.749301509560281,1.3266224061004368,-0.4226791034598443,0.10000280665515104,2.4393089401006476
2003,1.0,20dB_nominal_difference,real,vanilla_IBS2,REJECTED_PHYSICAL,XY,z,-0.0625,x,-0.0625,y,0.3125,1.793712116179598,1.3297131032794463,-0.46399901290015166,0.10000280665515104,2.4393089401006476
2003,1.0,20dB_nominal_difference,real,vanilla_IBS2,REJECTED_PHYSICAL,XY,z,-0.0625,x,0.0625,y,0.3125,1.6202018443297486,1.2530561978229786,-0.36714564650676995,0.10000280665515104,2.4393089401006476
2003,1.0,20dB_nominal_difference,real,vanilla_IBS2,REJECTED_PHYSICAL,XY,z,-0.0625,x,0.1875,y,0.3125,1.2708048299039434,1.1042993049070093,-0.16650552499693405,0.10000280665515104,2.4393089401006476
2003,1.0,20dB_nominal_difference,real,vanilla_IBS2,REJECTED_PHYSICAL,XY,z,-0.0625,x,0.3125,y,0.3125,0.8364409971732933,0.8984195751347448,0.06197857796145145,0.10000280665515104,2.4393089401006476
2003,1.0,20dB_nominal_difference,real,vanilla_IBS2,REJECTED_PHYSICAL,XY,z,-0.0625,x,0.4375,y,0.3125,0.46072484726214424,0.6556736701850397,0.1949488229228955,0.10000280665515104,2.4393089401006476
2003,1.0,20dB_nominal_difference,real,vanilla_IBS2,REJECTED_PHYSICAL,XY,z,-0.0625,x,0.5625,y,0.3125,0.23431364009164465,0.3988920131453453,0.16457837305370063,0.10000280665515104,2.4393089401006476
2003,1.0,20dB_nominal_difference,real,vanilla_IBS2,REJECTED_PHYSICAL,XY,z,-0.0625,x,0.6875,y,0.3125,0.13809446433182498,0.1414172305828139,0.003322766250988929,0.10000280665515104,2.4393089401006476
2003,1.0,20dB_nominal_difference,real,vanilla_IBS2,REJECTED_PHYSICAL,XY,z,-0.0625,x,-0.6875,y,0.4375,0.19636527008616136,0.47165830096473416,0.2752930308785728,0.10000280665515104,2.4393089401006476
2003,1.0,20dB_nominal_difference,real,vanilla_IBS2,REJECTED_PHYSICAL,XY,z,-0.0625,x,-0.5625,y,0.4375,0.3304065909531588,0.697231666020363,0.36682507506720424,0.10000280665515104,2.4393089401006476
2003,1.0,20dB_nominal_difference,real,vanilla_IBS2,REJECTED_PHYSICAL,XY,z,-0.0625,x,-0.4375,y,0.4375,0.5423290814138372,0.8979936893524126,0.35566460793857546,0.10000280665515104,2.4393089401006476
2003,1.0,20dB_nominal_difference,real,vanilla_IBS2,REJECTED_PHYSICAL,XY,z,-0.0625,x,-0.3125,y,0.4375,0.7931632953463006,1.0492452000339003,0.2560819046875997,0.10000280665515104,2.4393089401006476
2003,1.0,20dB_nominal_difference,real,vanilla_IBS2,REJECTED_PHYSICAL,XY,z,-0.0625,x,-0.1875,y,0.4375,1.0109569031931351,1.1344461842442886,0.12348928105115342,0.10000280665515104,2.4393089401006476
2003,1.0,20dB_nominal_difference,real,vanilla_IBS2,REJECTED_PHYSICAL,XY,z,-0.0625,x,-0.0625,y,0.4375,1.1301085851110904,1.1448425842395544,0.01473399912846407,0.10000280665515104,2.4393089401006476
2003,1.0,20dB_nominal_difference,real,vanilla_IBS2,REJECTED_PHYSICAL,XY,z,-0.0625,x,0.0625,y,0.4375,1.1019077672419235,1.0801312558590492,-0.021776511382874286,0.10000280665515104,2.4393089401006476
2003,1.0,20dB_nominal_difference,real,vanilla_IBS2,REJECTED_PHYSICAL,XY,z,-0.0625,x,0.1875,y,0.4375,0.9075131061369519,0.9486701634452382,0.04115705730828634,0.10000280665515104,2.4393089401006476
2003,1.0,20dB_nominal_difference,real,vanilla_IBS2,REJECTED_PHYSICAL,XY,z,-0.0625,x,0.3125,y,0.4375,0.6121332670893772,0.7663287715663711,0.15419550447699393,0.10000280665515104,2.4393089401006476
2003,1.0,20dB_nominal_difference,real,vanilla_IBS2,REJECTED_PHYSICAL,XY,z,-0.0625,x,0.4375,y,0.4375,0.34617517019153404,0.5535978876794566,0.20742271748792257,0.10000280665515104,2.4393089401006476
2003,1.0,20dB_nominal_difference,real,vanilla_IBS2,REJECTED_PHYSICAL,XY,z,-0.0625,x,0.5625,y,0.4375,0.18863892492293355,0.33117313591108516,0.1425342109881516,0.10000280665515104,2.4393089401006476
2003,1.0,20dB_nominal_difference,real,vanilla_IBS2,REJECTED_PHYSICAL,XY,z,-0.0625,x,0.6875,y,0.4375,0.12420986700759837,0.10588367410773397,-0.018326192899864396,0.10000280665515104,2.4393089401006476
2003,1.0,20dB_nominal_difference,real,vanilla_IBS2,REJECTED_PHYSICAL,XY,z,-0.0625,x,-0.6875,y,0.5625,0.12924445446531077,0.228568806305784,0.09932435184047322,0.10000280665515104,2.4393089401006476
2003,1.0,20dB_nominal_difference,real,vanilla_IBS2,REJECTED_PHYSICAL,XY,z,-0.0625,x,-0.5625,y,0.5625,0.1756160012780075,0.4346357549841292,0.25901975370612174,0.10000280665515104,2.4393089401006476
2003,1.0,20dB_nominal_difference,real,vanilla_IBS2,REJECTED_PHYSICAL,XY,z,-0.0625,x,-0.4375,y,0.5625,0.259000299818512,0.6216114840578847,0.36261118423937266,0.10000280665515104,2.4393089401006476
2003,1.0,20dB_nominal_difference,real,vanilla_IBS2,REJECTED_PHYSICAL,XY,z,-0.0625,x,-0.3125,y,0.5625,0.37653173073906876,0.76239409682363,0.38586236608456126,0.10000280665515104,2.4393089401006476
2003,1.0,20dB_nominal_difference,real,vanilla_IBS2,REJECTED_PHYSICAL,XY,z,-0.0625,x,-0.1875,y,0.5625,0.506675946628696,0.8423126787631726,0.33563673213447665,0.10000280665515104,2.4393089401006476
2003,1.0,20dB_nominal_difference,real,vanilla_IBS2,REJECTED_PHYSICAL,XY,z,-0.0625,x,-0.0625,y,0.5625,0.6101120990128424,0.8540628259338471,0.24395072692100472,0.10000280665515104,2.4393089401006476
2003,1.0,20dB_nominal_difference,real,vanilla_IBS2,REJECTED_PHYSICAL,XY,z,-0.0625,x,0.0625,y,0.5625,0.6331585500037717,0.7986423100257987,0.16548376002202692,0.10000280665515104,2.4393089401006476
2003,1.0,20dB_nominal_difference,real,vanilla_IBS2,REJECTED_PHYSICAL,XY,z,-0.0625,x,0.1875,y,0.5625,0.5427929692601228,0.6859391682265606,0.14314619896643788,0.10000280665515104,2.4393089401006476
2003,1.0,20dB_nominal_difference,real,vanilla_IBS2,REJECTED_PHYSICAL,XY,z,-0.0625,x,0.3125,y,0.5625,0.3794204228426242,0.5335721743928244,0.15415175155020022,0.10000280665515104,2.4393089401006476
2003,1.0,20dB_nominal_difference,real,vanilla_IBS2,REJECTED_PHYSICAL,XY,z,-0.0625,x,0.4375,y,0.5625,0.23078019009852938,0.363611795299264,0.13283160520073464,0.10000280665515104,2.4393089401006476
2003,1.0,20dB_nominal_difference,real,vanilla_IBS2,REJECTED_PHYSICAL,XY,z,-0.0625,x,0.5625,y,0.5625,0.14541684133754199,0.19626512008899039,0.0508482787514484,0.10000280665515104,2.4393089401006476
2003,1.0,20dB_nominal_difference,real,vanilla_IBS2,REJECTED_PHYSICAL,XY,z,-0.0625,x,0.6875,y,0.5625,0.11196523468386677,0.026686258410836744,-0.08527897627303002,0.10000280665515104,2.4393089401006476
2003,1.0,20dB_nominal_difference,real,vanilla_IBS2,REJECTED_PHYSICAL,XY,z,-0.0625,x,-0.6875,y,0.6875,0.10757061669085034,-0.0867322175915074,-0.19430283428235773,0.10000280665515104,2.4393089401006476
2003,1.0,20dB_nominal_difference,real,vanilla_IBS2,REJECTED_PHYSICAL,XY,z,-0.0625,x,-0.5625,y,0.6875,0.12147228107661603,0.12394486518855156,0.00247258411193553,0.10000280665515104,2.4393089401006476
2003,1.0,20dB_nominal_difference,real,vanilla_IBS2,REJECTED_PHYSICAL,XY,z,-0.0625,x,-0.4375,y,0.6875,0.1498920335874162,0.2877245233478576,0.13783248976044138,0.10000280665515104,2.4393089401006476
2003,1.0,20dB_nominal_difference,real,vanilla_IBS2,REJECTED_PHYSICAL,XY,z,-0.0625,x,-0.3125,y,0.6875,0.19636481656480523,0.40505988204501386,0.20869506548020864,0.10000280665515104,2.4393089401006476
2003,1.0,20dB_nominal_difference,real,vanilla_IBS2,REJECTED_PHYSICAL,XY,z,-0.0625,x,-0.1875,y,0.6875,0.2566519306132574,0.4681224706213929,0.21147054000813548,0.10000280665515104,2.4393089401006476
2003,1.0,20dB_nominal_difference,real,vanilla_IBS2,REJECTED_PHYSICAL,XY,z,-0.0625,x,-0.0625,y,0.6875,0.31226572562427457,0.47200627174973375,0.15974054612545918,0.10000280665515104,2.4393089401006476
2003,1.0,20dB_nominal_difference,real,vanilla_IBS2,REJECTED_PHYSICAL,XY,z,-0.0625,x,0.0625,y,0.6875,0.33092986252045176,0.41955839229393654,0.08862852977348479,0.10000280665515104,2.4393089401006476
2003,1.0,20dB_nominal_difference,real,vanilla_IBS2,REJECTED_PHYSICAL,XY,z,-0.0625,x,0.1875,y,0.6875,0.2925617723395832,0.3226646837670035,0.03010291142742033,0.10000280665515104,2.4393089401006476
2003,1.0,20dB_nominal_difference,real,vanilla_IBS2,REJECTED_PHYSICAL,XY,z,-0.0625,x,0.3125,y,0.6875,0.21897813895285967,0.20116953668620302,-0.017808602266656648,0.10000280665515104,2.4393089401006476
2003,1.0,20dB_nominal_difference,real,vanilla_IBS2,REJECTED_PHYSICAL,XY,z,-0.0625,x,0.4375,y,0.6875,0.15381517178462956,0.08007594142889803,-0.07373923035573153,0.10000280665515104,2.4393089401006476
2003,1.0,20dB_nominal_difference,real,vanilla_IBS2,REJECTED_PHYSICAL,XY,z,-0.0625,x,0.5625,y,0.6875,0.11800504536499465,-0.014182641278252375,-0.13218768664324704,0.10000280665515104,2.4393089401006476
2003,1.0,20dB_nominal_difference,real,vanilla_IBS2,REJECTED_PHYSICAL,XY,z,-0.0625,x,0.6875,y,0.6875,0.10459203481686485,-0.07542855913149915,-0.180020593948364,0.10000280665515104,2.4393089401006476
2003,1.0,20dB_nominal_difference,real,vanilla_IBS2,REJECTED_PHYSICAL,XZ,y,-0.0625,x,-0.6875,z,-0.6875,0.11621494397686223,-0.14897317067652796,-0.2651881146533902,0.10000280665515104,2.4393089401006476
2003,1.0,20dB_nominal_difference,real,vanilla_IBS2,REJECTED_PHYSICAL,XZ,y,-0.0625,x,-0.5625,z,-0.6875,0.14167833073699854,0.05495488740053792,-0.08672344333646062,0.10000280665515104,2.4393089401006476
2003,1.0,20dB_nominal_difference,real,vanilla_IBS2,REJECTED_PHYSICAL,XZ,y,-0.0625,x,-0.4375,z,-0.6875,0.18901257067646937,0.23833780267602384,0.049325231999554464,0.10000280665515104,2.4393089401006476
2003,1.0,20dB_nominal_difference,real,vanilla_IBS2,REJECTED_PHYSICAL,XZ,y,-0.0625,x,-0.3125,z,-0.6875,0.259950972951342,0.3931716569285313,0.13322068397718928,0.10000280665515104,2.4393089401006476
2003,1.0,20dB_nominal_difference,real,vanilla_IBS2,REJECTED_PHYSICAL,XZ,y,-0.0625,x,-0.1875,z,-0.6875,0.3415662872643081,0.5117715508936554,0.17020526362934735,0.10000280665515104,2.4393089401006476
2003,1.0,20dB_nominal_difference,real,vanilla_IBS2,REJECTED_PHYSICAL,XZ,y,-0.0625,x,-0.0625,z,-0.6875,0.4028228203502685,0.5902057916500526,0.1873829712997841,0.10000280665515104,2.4393089401006476
2003,1.0,20dB_nominal_difference,real,vanilla_IBS2,REJECTED_PHYSICAL,XZ,y,-0.0625,x,0.0625,z,-0.6875,0.40998477069220574,0.626004768386601,0.21601999769439528,0.10000280665515104,2.4393089401006476
2003,1.0,20dB_nominal_difference,real,vanilla_IBS2,REJECTED_PHYSICAL,XZ,y,-0.0625,x,0.1875,z,-0.6875,0.3554786085062801,0.617677062914414,0.26219845440813394,0.10000280665515104,2.4393089401006476
2003,1.0,20dB_nominal_difference,real,vanilla_IBS2,REJECTED_PHYSICAL,XZ,y,-0.0625,x,0.3125,z,-0.6875,0.2678785568935278,0.5651173260312382,0.2972387691377104,0.10000280665515104,2.4393089401006476
2003,1.0,20dB_nominal_difference,real,vanilla_IBS2,REJECTED_PHYSICAL,XZ,y,-0.0625,x,0.4375,z,-0.6875,0.18744245805649692,0.4703087623598783,0.28286630430338133,0.10000280665515104,2.4393089401006476
2003,1.0,20dB_nominal_difference,real,vanilla_IBS2,REJECTED_PHYSICAL,XZ,y,-0.0625,x,0.5625,z,-0.6875,0.13598750887735703,0.33738480042386354,0.2013972915465065,0.10000280665515104,2.4393089401006476
2003,1.0,20dB_nominal_difference,real,vanilla_IBS2,REJECTED_PHYSICAL,XZ,y,-0.0625,x,0.6875,z,-0.6875,0.11168372594224833,0.16263696920505555,0.050953243262807216,0.10000280665515104,2.4393089401006476
2003,1.0,20dB_nominal_difference,real,vanilla_IBS2,REJECTED_PHYSICAL,XZ,y,-0.0625,x,-0.6875,z,-0.5625,0.14122614752688997,0.013358674518279198,-0.1278674730086108,0.10000280665515104,2.4393089401006476
2003,1.0,20dB_nominal_difference,real,vanilla_IBS2,REJECTED_PHYSICAL,XZ,y,-0.0625,x,-0.5625,z,-0.5625,0.200419187136389,0.26730286424760663,0.06688367711121762,0.10000280665515104,2.4393089401006476
2003,1.0,20dB_nominal_difference,real,vanilla_IBS2,REJECTED_PHYSICAL,XZ,y,-0.0625,x,-0.4375,z,-0.5625,0.30153160391500555,0.45982040560819293,0.15828880169318738,0.10000280665515104,2.4393089401006476
2003,1.0,20dB_nominal_difference,real,vanilla_IBS2,REJECTED_PHYSICAL,XZ,y,-0.0625,x,-0.3125,z,-0.5625,0.44037021178356406,0.6048771009257489,0.1645068891421848,0.10000280665515104,2.4393089401006476
2003,1.0,20dB_nominal_difference,real,vanilla_IBS2,REJECTED_PHYSICAL,XZ,y,-0.0625,x,-0.1875,z,-0.5625,0.5880340597095615,0.7007933581736824,0.11275929846412092,0.10000280665515104,2.4393089401006476
2003,1.0,20dB_nominal_difference,real,vanilla_IBS2,REJECTED_PHYSICAL,XZ,y,-0.0625,x,-0.0625,z,-0.5625,0.689748814507086,0.7459830117423294,0.056234197235243366,0.10000280665515104,2.4393089401006476
2003,1.0,20dB_nominal_difference,real,vanilla_IBS2,REJECTED_PHYSICAL,XZ,y,-0.0625,x,0.0625,z,-0.5625,0.690294072267938,0.7404570374364662,0.05016296516852814,0.10000280665515104,2.4393089401006476
2003,1.0,20dB_nominal_difference,real,vanilla_IBS2,REJECTED_PHYSICAL,XZ,y,-0.0625,x,0.1875,z,-0.5625,0.5805590920482502,0.6862070442539224,0.10564795220567225,0.10000280665515104,2.4393089401006476
2003,1.0,20dB_nominal_difference,real,vanilla_IBS2,REJECTED_PHYSICAL,XZ,y,-0.0625,x,0.3125,z,-0.5625,0.4138360617992508,0.5874560143707407,0.17361995257148988,0.10000280665515104,2.4393089401006476
2003,1.0,20dB_nominal_difference,real,vanilla_IBS2,REJECTED_PHYSICAL,XZ,y,-0.0625,x,0.4375,z,-0.5625,0.26299012901367935,0.4506381116565681,0.18764798264288873,0.10000280665515104,2.4393089401006476
2003,1.0,20dB_nominal_difference,real,vanilla_IBS2,REJECTED_PHYSICAL,XZ,y,-0.0625,x,0.5625,z,-0.5625,0.1669907225789156,0.2834975196829289,0.11650679710401332,0.10000280665515104,2.4393089401006476
2003,1.0,20dB_nominal_difference,real,vanilla_IBS2,REJECTED_PHYSICAL,XZ,y,-0.0625,x,0.6875,z,-0.5625,0.1217361993717566,0.08792057755765223,-0.03381562181410437,0.10000280665515104,2.4393089401006476
2003,1.0,20dB_nominal_difference,real,vanilla_IBS2,REJECTED_PHYSICAL,XZ,y,-0.0625,x,-0.6875,z,-0.4375,0.18854133767931314,0.21821722590751752,0.029675888228204383,0.10000280665515104,2.4393089401006476
2003,1.0,20dB_nominal_difference,real,vanilla_IBS2,REJECTED_PHYSICAL,XZ,y,-0.0625,x,-0.5625,z,-0.4375,0.3046989827142481,0.4878892199790891,0.18319023726484096,0.10000280665515104,2.4393089401006476
2003,1.0,20dB_nominal_difference,real,vanilla_IBS2,REJECTED_PHYSICAL,XZ,y,-0.0625,x,-0.4375,z,-0.4375,0.48596795112197233,0.6874660319421655,0.20149808082019316,0.10000280665515104,2.4393089401006476
2003,1.0,20dB_nominal_difference,real,vanilla_IBS2,REJECTED_PHYSICAL,XZ,y,-0.0625,x,-0.3125,z,-0.4375,0.7091374724836553,0.8266000204015262,0.11746254791787092,0.10000280665515104,2.4393089401006476
2003,1.0,20dB_nominal_difference,real,vanilla_IBS2,REJECTED_PHYSICAL,XZ,y,-0.0625,x,-0.1875,z,-0.4375,0.9201513509826263,0.9048966095634485,-0.01525474141917782,0.10000280665515104,2.4393089401006476
2003,1.0,20dB_nominal_difference,real,vanilla_IBS2,REJECTED_PHYSICAL,XZ,y,-0.0625,x,-0.0625,z,-0.4375,1.0440131087084437,0.9224617222615212,-0.12155138644692243,0.10000280665515104,2.4393089401006476
2003,1.0,20dB_nominal_difference,real,vanilla_IBS2,REJECTED_PHYSICAL,XZ,y,-0.0625,x,0.0625,z,-0.4375,1.0153417515234073,0.8814348455273556,-0.1339069059960517,0.10000280665515104,2.4393089401006476
2003,1.0,20dB_nominal_difference,real,vanilla_IBS2,REJECTED_PHYSICAL,XZ,y,-0.0625,x,0.1875,z,-0.4375,0.8318450705852465,0.78673577896026,-0.04510929162498645,0.10000280665515104,2.4393089401006476
2003,1.0,20dB_nominal_difference,real,vanilla_IBS2,REJECTED_PHYSICAL,XZ,y,-0.0625,x,0.3125,z,-0.4375,0.5735444450055384,0.6462869114093549,0.07274246640381654,0.10000280665515104,2.4393089401006476
2003,1.0,20dB_nominal_difference,real,vanilla_IBS2,REJECTED_PHYSICAL,XZ,y,-0.0625,x,0.4375,z,-0.4375,0.34485019245423465,0.4707450944066751,0.12589490195244046,0.10000280665515104,2.4393089401006476
2003,1.0,20dB_nominal_difference,real,vanilla_IBS2,REJECTED_PHYSICAL,XZ,y,-0.0625,x,0.5625,z,-0.4375,0.200424569976369,0.2728082116943764,0.0723836417180074,0.10000280665515104,2.4393089401006476
2003,1.0,20dB_nominal_difference,real,vanilla_IBS2,REJECTED_PHYSICAL,XZ,y,-0.0625,x,0.6875,z,-0.4375,0.1325478883025453,0.060461620280724465,-0.07208626802182083,0.10000280665515104,2.4393089401006476
2003,1.0,20dB_nominal_difference,real,vanilla_IBS2,REJECTED_PHYSICAL,XZ,y,-0.0625,x,-0.6875,z,-0.3125,0.27165148420820645,0.423970370864461,0.15231888665625454,0.10000280665515104,2.4393089401006476
2003,1.0,20dB_nominal_difference,real,vanilla_IBS2,REJECTED_PHYSICAL,XZ,y,-0.0625,x,-0.5625,z,-0.3125,0.4724366548980322,0.6952047737863978,0.22276811888836556,0.10000280665515104,2.4393089401006476
2003,1.0,20dB_nominal_difference,real,vanilla_IBS2,REJECTED_PHYSICAL,XZ,y,-0.0625,x,-0.4375,z,-0.3125,0.7542835578727636,0.8955016107036605,0.14121805283089695,0.10000280665515104,2.4393089401006476
2003,1.0,20dB_nominal_difference,real,vanilla_IBS2,REJECTED_PHYSICAL,XZ,y,-0.0625,x,-0.3125,z,-0.3125,1.053977757504587,1.0286751873614153,-0.02530257014317172,0.10000280665515104,2.4393089401006476
2003,1.0,20dB_nominal_difference,real,vanilla_IBS2,REJECTED_PHYSICAL,XZ,y,-0.0625,x,-0.1875,z,-0.3125,1.2853669072730722,1.092877540271429,-0.1924893670016432,0.10000280665515104,2.4393089401006476
2003,1.0,20dB_nominal_difference,real,vanilla_IBS2,REJECTED_PHYSICAL,XZ,y,-0.0625,x,-0.0625,z,-0.3125,1.3736470119959532,1.0884985116293155,-0.28514850036663764,0.10000280665515104,2.4393089401006476
2003,1.0,20dB_nominal_difference,real,vanilla_IBS2,REJECTED_PHYSICAL,XZ,y,-0.0625,x,0.0625,z,-0.3125,1.2760404297557715,1.0189666848344037,-0.2570737449213678,0.10000280665515104,2.4393089401006476
2003,1.0,20dB_nominal_difference,real,vanilla_IBS2,REJECTED_PHYSICAL,XZ,y,-0.0625,x,0.1875,z,-0.3125,1.0131870962735332,0.8913821646537388,-0.12180493161979444,0.10000280665515104,2.4393089401006476
2003,1.0,20dB_nominal_difference,real,vanilla_IBS2,REJECTED_PHYSICAL,XZ,y,-0.0625,x,0.3125,z,-0.3125,0.6819521328815469,0.7166652952288842,0.034713162347337345,0.10000280665515104,2.4393089401006476
2003,1.0,20dB_nominal_difference,real,vanilla_IBS2,REJECTED_PHYSICAL,XZ,y,-0.0625,x,0.4375,z,-0.3125,0.3986884005573418,0.5091723749810548,0.11048397442371305,0.10000280665515104,2.4393089401006476
2003,1.0,20dB_nominal_difference,real,vanilla_IBS2,REJECTED_PHYSICAL,XZ,y,-0.0625,x,0.5625,z,-0.3125,0.22202076187038278,0.2859438868923773,0.06392312502199454,0.10000280665515104,2.4393089401006476
2003,1.0,20dB_nominal_difference,real,vanilla_IBS2,REJECTED_PHYSICAL,XZ,y,-0.0625,x,0.6875,z,-0.3125,0.13943247911331574,0.05826613335883977,-0.08116634575447598,0.10000280665515104,2.4393089401006476
2003,1.0,20dB_nominal_difference,real,vanilla_IBS2,REJECTED_PHYSICAL,XZ,y,-0.0625,x,-0.6875,z,-0.1875,0.42002483827914483,0.5948305319391842,0.1748056936600394,0.10000280665515104,2.4393089401006476
2003,1.0,20dB_nominal_difference,real,vanilla_IBS2,REJECTED_PHYSICAL,XZ,y,-0.0625,x,-0.5625,z,-0.1875,0.7450298297118094,0.8586140353553446,0.11358420564353522,0.10000280665515104,2.4393089401006476
2003,1.0,20dB_nominal_difference,real,vanilla_IBS2,REJECTED_PHYSICAL,XZ,y,-0.0625,x,-0.4375,z,-0.1875,1.1478208672699934,1.0539991581125718,-0.0938217091574216,0.10000280665515104,2.4393089401006476
2003,1.0,20dB_nominal_difference,real,vanilla_IBS2,REJECTED_PHYSICAL,XZ,y,-0.0625,x,-0.3125,z,-0.1875,1.4971603943826182,1.1798670049436673,-0.3172933894389509,0.10000280665515104,2.4393089401006476
2003,1.0,20dB_nominal_difference,real,vanilla_IBS2,REJECTED_PHYSICAL,XZ,y,-0.0625,x,-0.1875,z,-0.1875,1.6716590442638442,1.2327190574537445,-0.4389399868100996,0.10000280665515104,2.4393089401006476
2003,1.0,20dB_nominal_difference,real,vanilla_IBS2,REJECTED_PHYSICAL,XZ,y,-0.0625,x,-0.0625,z,-0.1875,1.6322981737694875,1.2124614608089648,-0.4198367129605227,0.10000280665515104,2.4393089401006476
2003,1.0,20dB_nominal_difference,real,vanilla_IBS2,REJECTED_PHYSICAL,XZ,y,-0.0625,x,0.0625,z,-0.1875,1.4089184119352074,1.1229693828098894,-0.28594902912531794,0.10000280665515104,2.4393089401006476
2003,1.0,20dB_nominal_difference,real,vanilla_IBS2,REJECTED_PHYSICAL,XZ,y,-0.0625,x,0.1875,z,-0.1875,1.0668318973946278,0.9726124228547461,-0.09421947453988166,0.10000280665515104,2.4393089401006476
2003,1.0,20dB_nominal_difference,real,vanilla_IBS2,REJECTED_PHYSICAL,XZ,y,-0.0625,x,0.3125,z,-0.1875,0.7002026573573021,0.7743268233083834,0.07412416595108129,0.10000280665515104,2.4393089401006476
2003,1.0,20dB_nominal_difference,real,vanilla_IBS2,REJECTED_PHYSICAL,XZ,y,-0.0625,x,0.4375,z,-0.1875,0.40417459163708913,0.5450946990401977,0.14092010740310856,0.10000280665515104,2.4393089401006476
2003,1.0,20dB_nominal_difference,real,vanilla_IBS2,REJECTED_PHYSICAL,XZ,y,-0.0625,x,0.5625,z,-0.1875,0.22322980299869005,0.3048885775569982,0.08165877455830817,0.10000280665515104,2.4393089401006476
2003,1.0,20dB_nominal_difference,real,vanilla_IBS2,REJECTED_PHYSICAL,XZ,y,-0.0625,x,0.6875,z,-0.1875,0.13947057981502986,0.06663948025199035,-0.07283109956303951,0.10000280665515104,2.4393089401006476
2003,1.0,20dB_nominal_difference,real,vanilla_IBS2,REJECTED_PHYSICAL,XZ,y,-0.0625,x,-0.6875,z,-0.0625,0.6283217544571117,0.7048488011925217,0.07652704673541,0.10000280665515104,2.4393089401006476
2003,1.0,20dB_nominal_difference,real,vanilla_IBS2,REJECTED_PHYSICAL,XZ,y,-0.0625,x,-0.5625,z,-0.0625,1.1052708288225817,0.9531515543535003,-0.15211927446908136,0.10000280665515104,2.4393089401006476
2003,1.0,20dB_nominal_difference,real,vanilla_IBS2,REJECTED_PHYSICAL,XZ,y,-0.0625,x,-0.4375,z,-0.0625,1.6347240816154451,1.138317123833581,-0.49640695778186417,0.10000280665515104,2.4393089401006476
2003,1.0,20dB_nominal_difference,real,vanilla_IBS2,REJECTED_PHYSICAL,XZ,y,-0.0625,x,-0.3125,z,-0.0625,2.0005382121427666,1.2550791362927534,-0.7454590758500133,0.10000280665515104,2.4393089401006476
2003,1.0,20dB_nominal_difference,real,vanilla_IBS2,REJECTED_PHYSICAL,XZ,y,-0.0625,x,-0.1875,z,-0.0625,2.0513647403546127,1.2988749732424587,-0.752489767112154,0.10000280665515104,2.4393089401006476
2003,1.0,20dB_nominal_difference,real,vanilla_IBS2,REJECTED_PHYSICAL,XZ,y,-0.0625,x,-0.0625,z,-0.0625,1.8153929619320532,1.268927509203741,-0.5464654527283122,0.10000280665515104,2.4393089401006476
2003,1.0,20dB_nominal_difference,real,vanilla_IBS2,REJECTED_PHYSICAL,XZ,y,-0.0625,x,0.0625,z,-0.0625,1.432022565918859,1.168917546877969,-0.2631050190408901,0.10000280665515104,2.4393089401006476
2003,1.0,20dB_nominal_difference,real,vanilla_IBS2,REJECTED_PHYSICAL,XZ,y,-0.0625,x,0.1875,z,-0.0625,1.0219508852778023,1.0075507894120688,-0.014400095865733542,0.10000280665515104,2.4393089401006476
2003,1.0,20dB_nominal_difference,real,vanilla_IBS2,REJECTED_PHYSICAL,XZ,y,-0.0625,x,0.3125,z,-0.0625,0.6547340167083282,0.798620305109269,0.14388628840094075,0.10000280665515104,2.4393089401006476
2003,1.0,20dB_nominal_difference,real,vanilla_IBS2,REJECTED_PHYSICAL,XZ,y,-0.0625,x,0.4375,z,-0.0625,0.37750291054443263,0.5603787274429486,0.18287581689851595,0.10000280665515104,2.4393089401006476
2003,1.0,20dB_nominal_difference,real,vanilla_IBS2,REJECTED_PHYSICAL,XZ,y,-0.0625,x,0.5625,z,-0.0625,0.21096282267272176,0.3142023478452216,0.10323952517249985,0.10000280665515104,2.4393089401006476
2003,1.0,20dB_nominal_difference,real,vanilla_IBS2,REJECTED_PHYSICAL,XZ,y,-0.0625,x,0.6875,z,-0.0625,0.13473952340882195,0.073611155189092,-0.061128368219729945,0.10000280665515104,2.4393089401006476
2003,1.0,20dB_nominal_difference,real,vanilla_IBS2,REJECTED_PHYSICAL,XZ,y,-0.0625,x,-0.6875,z,0.0625,0.7489768810370072,0.7395884125919611,-0.00938846844504615,0.10000280665515104,2.4393089401006476
2003,1.0,20dB_nominal_difference,real,vanilla_IBS2,REJECTED_PHYSICAL,XZ,y,-0.0625,x,-0.5625,z,0.0625,1.2969797704798585,0.9644271004378002,-0.33255267004205824,0.10000280665515104,2.4393089401006476
2003,1.0,20dB_nominal_difference,real,vanilla_IBS2,REJECTED_PHYSICAL,XZ,y,-0.0625,x,-0.4375,z,0.0625,1.865721048470374,1.1338329504418574,-0.7318880980285165,0.10000280665515104,2.4393089401006476
2003,1.0,20dB_nominal_difference,real,vanilla_IBS2,REJECTED_PHYSICAL,XZ,y,-0.0625,x,-0.3125,z,0.0625,2.1962833602633816,1.239286589903513,-0.9569967703598685,0.10000280665515104,2.4393089401006476
2003,1.0,20dB_nominal_difference,real,vanilla_IBS2,REJECTED_PHYSICAL,XZ,y,-0.0625,x,-0.1875,z,0.0625,2.1362076040064477,1.2758834713662537,-0.860324132640194,0.10000280665515104,2.4393089401006476
2003,1.0,20dB_nominal_difference,real,vanilla_IBS2,REJECTED_PHYSICAL,XZ,y,-0.0625,x,-0.0625,z,0.0625,1.7720996316476474,1.24223482783817,-0.5298648038094773,0.10000280665515104,2.4393089401006476
2003,1.0,20dB_nominal_difference,real,vanilla_IBS2,REJECTED_PHYSICAL,XZ,y,-0.0625,x,0.0625,z,0.0625,1.3182360487013831,1.1413654848619832,-0.17687056383939992,0.10000280665515104,2.4393089401006476
2003,1.0,20dB_nominal_difference,real,vanilla_IBS2,REJECTED_PHYSICAL,XZ,y,-0.0625,x,0.1875,z,0.0625,0.916230096193984,0.9814395993114211,0.06520950311743712,0.10000280665515104,2.4393089401006476
2003,1.0,20dB_nominal_difference,real,vanilla_IBS2,REJECTED_PHYSICAL,XZ,y,-0.0625,x,0.3125,z,0.0625,0.5926925982276368,0.7759104984078582,0.18321790018022144,0.10000280665515104,2.4393089401006476
2003,1.0,20dB_nominal_difference,real,vanilla_IBS2,REJECTED_PHYSICAL,XZ,y,-0.0625,x,0.4375,z,0.0625,0.3497022336332267,0.5428834229414773,0.19318118930825057,0.10000280665515104,2.4393089401006476
2003,1.0,20dB_nominal_difference,real,vanilla_IBS2,REJECTED_PHYSICAL,XZ,y,-0.0625,x,0.5625,z,0.0625,0.19932537706811718,0.30365606326477346,0.10433068619665628,0.10000280665515104,2.4393089401006476
2003,1.0,20dB_nominal_difference,real,vanilla_IBS2,REJECTED_PHYSICAL,XZ,y,-0.0625,x,0.6875,z,0.0625,0.1299754637693184,0.07147978775186328,-0.05849567601745512,0.10000280665515104,2.4393089401006476
2003,1.0,20dB_nominal_difference,real,vanilla_IBS2,REJECTED_PHYSICAL,XZ,y,-0.0625,x,-0.6875,z,0.1875,0.6270618834651409,0.6964619191633692,0.06940003569822828,0.10000280665515104,2.4393089401006476
2003,1.0,20dB_nominal_difference,real,vanilla_IBS2,REJECTED_PHYSICAL,XZ,y,-0.0625,x,-0.5625,z,0.1875,1.0596416517683285,0.8898916486531661,-0.16975000311516242,0.10000280665515104,2.4393089401006476
2003,1.0,20dB_nominal_difference,real,vanilla_IBS2,REJECTED_PHYSICAL,XZ,y,-0.0625,x,-0.4375,z,0.1875,1.495025065467726,1.0376349955658346,-0.45739006990189135,0.10000280665515104,2.4393089401006476
2003,1.0,20dB_nominal_difference,real,vanilla_IBS2,REJECTED_PHYSICAL,XZ,y,-0.0625,x,-0.3125,z,0.1875,1.7263891561565041,1.1291483970389817,-0.5972407591175224,0.10000280665515104,2.4393089401006476
2003,1.0,20dB_nominal_difference,real,vanilla_IBS2,REJECTED_PHYSICAL,XZ,y,-0.0625,x,-0.1875,z,0.1875,1.6446152540186363,1.1598765392911135,-0.48473871472752283,0.10000280665515104,2.4393089401006476
2003,1.0,20dB_nominal_difference,real,vanilla_IBS2,REJECTED_PHYSICAL,XZ,y,-0.0625,x,-0.0625,z,0.1875,1.3433270728347408,1.1279895722041406,-0.2153375006306002,0.10000280665515104,2.4393089401006476
2003,1.0,20dB_nominal_difference,real,vanilla_IBS2,REJECTED_PHYSICAL,XZ,y,-0.0625,x,0.0625,z,0.1875,1.0109469442481192,1.0355116191684888,0.024564674920369622,0.10000280665515104,2.4393089401006476
2003,1.0,20dB_nominal_difference,real,vanilla_IBS2,REJECTED_PHYSICAL,XZ,y,-0.0625,x,0.1875,z,0.1875,0.742766934096904,0.8892774666999117,0.14651053260300773,0.10000280665515104,2.4393089401006476
2003,1.0,20dB_nominal_difference,real,vanilla_IBS2,REJECTED_PHYSICAL,XZ,y,-0.0625,x,0.3125,z,0.1875,0.5185139848932581,0.701268160723966,0.18275417583070797,0.10000280665515104,2.4393089401006476
2003,1.0,20dB_nominal_difference,real,vanilla_IBS2,REJECTED_PHYSICAL,XZ,y,-0.0625,x,0.4375,z,0.1875,0.3245483953124196,0.48807676863084837,0.1635283733184288,0.10000280665515104,2.4393089401006476
2003,1.0,20dB_nominal_difference,real,vanilla_IBS2,REJECTED_PHYSICAL,XZ,y,-0.0625,x,0.5625,z,0.1875,0.19076862061238162,0.2694968275400219,0.07872820692764029,0.10000280665515104,2.4393089401006476
2003,1.0,20dB_nominal_difference,real,vanilla_IBS2,REJECTED_PHYSICAL,XZ,y,-0.0625,x,0.6875,z,0.1875,0.12657524734282533,0.057656899705793636,-0.0689183476370317,0.10000280665515104,2.4393089401006476
2003,1.0,20dB_nominal_difference,real,vanilla_IBS2,REJECTED_PHYSICAL,XZ,y,-0.0625,x,-0.6875,z,0.3125,0.37002966754190103,0.58319669845519,0.21316703091328892,0.10000280665515104,2.4393089401006476
2003,1.0,20dB_nominal_difference,real,vanilla_IBS2,REJECTED_PHYSICAL,XZ,y,-0.0625,x,-0.5625,z,0.3125,0.5908644666655871,0.7375792749195089,0.1467148082539218,0.10000280665515104,2.4393089401006476
2003,1.0,20dB_nominal_difference,real,vanilla_IBS2,REJECTED_PHYSICAL,XZ,y,-0.0625,x,-0.4375,z,0.3125,0.8116158079368542,0.8575517266400632,0.04593591870320901,0.10000280665515104,2.4393089401006476
2003,1.0,20dB_nominal_difference,real,vanilla_IBS2,REJECTED_PHYSICAL,XZ,y,-0.0625,x,-0.3125,z,0.3125,0.9268068591300559,0.9321508159054127,0.005343956775356817,0.10000280665515104,2.4393089401006476
2003,1.0,20dB_nominal_difference,real,vanilla_IBS2,REJECTED_PHYSICAL,XZ,y,-0.0625,x,-0.1875,z,0.3125,0.8864345108633898,0.9577897131735632,0.07135520231017345,0.10000280665515104,2.4393089401006476
2003,1.0,20dB_nominal_difference,real,vanilla_IBS2,REJECTED_PHYSICAL,XZ,y,-0.0625,x,-0.0625,z,0.3125,0.7511454332313572,0.932377296581093,0.18123186334973584,0.10000280665515104,2.4393089401006476
2003,1.0,20dB_nominal_difference,real,vanilla_IBS2,REJECTED_PHYSICAL,XZ,y,-0.0625,x,0.0625,z,0.3125,0.6225466113033443,0.8566515198906721,0.2341049085873278,0.10000280665515104,2.4393089401006476
2003,1.0,20dB_nominal_difference,real,vanilla_IBS2,REJECTED_PHYSICAL,XZ,y,-0.0625,x,0.1875,z,0.3125,0.5255770766920873,0.7354302249818654,0.20985314828977808,0.10000280665515104,2.4393089401006476
2003,1.0,20dB_nominal_difference,real,vanilla_IBS2,REJECTED_PHYSICAL,XZ,y,-0.0625,x,0.3125,z,0.3125,0.41416267115591165,0.578227031540128,0.16406436038421635,0.10000280665515104,2.4393089401006476
2003,1.0,20dB_nominal_difference,real,vanilla_IBS2,REJECTED_PHYSICAL,XZ,y,-0.0625,x,0.4375,z,0.3125,0.2812178085930108,0.398889237219086,0.11767142862607516,0.10000280665515104,2.4393089401006476
2003,1.0,20dB_nominal_difference,real,vanilla_IBS2,REJECTED_PHYSICAL,XZ,y,-0.0625,x,0.5625,z,0.3125,0.17513369606435425,0.21429260966429697,0.039158913599942724,0.10000280665515104,2.4393089401006476
2003,1.0,20dB_nominal_difference,real,vanilla_IBS2,REJECTED_PHYSICAL,XZ,y,-0.0625,x,0.6875,z,0.3125,0.12171524354522974,0.034375202623746784,-0.08734004092148295,0.10000280665515104,2.4393089401006476
2003,1.0,20dB_nominal_difference,real,vanilla_IBS2,REJECTED_PHYSICAL,XZ,y,-0.0625,x,-0.6875,z,0.4375,0.18713066456945254,0.4149867321915113,0.22785606762205873,0.10000280665515104,2.4393089401006476
2003,1.0,20dB_nominal_difference,real,vanilla_IBS2,REJECTED_PHYSICAL,XZ,y,-0.0625,x,-0.5625,z,0.4375,0.259724080937406,0.5231199820097739,0.26339590107236793,0.10000280665515104,2.4393089401006476
2003,1.0,20dB_nominal_difference,real,vanilla_IBS2,REJECTED_PHYSICAL,XZ,y,-0.0625,x,-0.4375,z,0.4375,0.33319801919352493,0.6092024162080298,0.2760043970145049,0.10000280665515104,2.4393089401006476
2003,1.0,20dB_nominal_difference,real,vanilla_IBS2,REJECTED_PHYSICAL,XZ,y,-0.0625,x,-0.3125,z,0.4375,0.3733833515363394,0.6637513429681167,0.2903679914317773,0.10000280665515104,2.4393089401006476
2003,1.0,20dB_nominal_difference,real,vanilla_IBS2,REJECTED_PHYSICAL,XZ,y,-0.0625,x,-0.1875,z,0.4375,0.36718726552890935,0.6846390760451239,0.3174518105162145,0.10000280665515104,2.4393089401006476
2003,1.0,20dB_nominal_difference,real,vanilla_IBS2,REJECTED_PHYSICAL,XZ,y,-0.0625,x,-0.0625,z,0.4375,0.34211356233501233,0.669602511594984,0.32748894925997163,0.10000280665515104,2.4393089401006476
2003,1.0,20dB_nominal_difference,real,vanilla_IBS2,REJECTED_PHYSICAL,XZ,y,-0.0625,x,0.0625,z,0.4375,0.33330139799573943,0.6177965529120396,0.2844951549163002,0.10000280665515104,2.4393089401006476
2003,1.0,20dB_nominal_difference,real,vanilla_IBS2,REJECTED_PHYSICAL,XZ,y,-0.0625,x,0.1875,z,0.4375,0.32990373182215726,0.5314308343867797,0.20152710256462247,0.10000280665515104,2.4393089401006476
2003,1.0,20dB_nominal_difference,real,vanilla_IBS2,REJECTED_PHYSICAL,XZ,y,-0.0625,x,0.3125,z,0.4375,0.29084445955182303,0.41677702064994104,0.125932561098118,0.10000280665515104,2.4393089401006476
2003,1.0,20dB_nominal_difference,real,vanilla_IBS2,REJECTED_PHYSICAL,XZ,y,-0.0625,x,0.4375,z,0.4375,0.2162615057756231,0.2839942189319167,0.06773271315629359,0.10000280665515104,2.4393089401006476
2003,1.0,20dB_nominal_difference,real,vanilla_IBS2,REJECTED_PHYSICAL,XZ,y,-0.0625,x,0.5625,z,0.4375,0.14913156812704506,0.14564202306582263,-0.0034895450612224266,0.10000280665515104,2.4393089401006476
2003,1.0,20dB_nominal_difference,real,vanilla_IBS2,REJECTED_PHYSICAL,XZ,y,-0.0625,x,0.6875,z,0.4375,0.11415123472815071,0.007538918712556353,-0.10661231601559436,0.10000280665515104,2.4393089401006476
2003,1.0,20dB_nominal_difference,real,vanilla_IBS2,REJECTED_PHYSICAL,XZ,y,-0.0625,x,-0.6875,z,0.5625,0.1184641128334178,0.21158543472382108,0.09312132189040327,0.10000280665515104,2.4393089401006476
2003,1.0,20dB_nominal_difference,real,vanilla_IBS2,REJECTED_PHYSICAL,XZ,y,-0.0625,x,-0.5625,z,0.5625,0.1345899705879939,0.26580845178390866,0.13121848119591475,0.10000280665515104,2.4393089401006476
2003,1.0,20dB_nominal_difference,real,vanilla_IBS2,REJECTED_PHYSICAL,XZ,y,-0.0625,x,-0.4375,z,0.5625,0.15147359236636346,0.31189865490682256,0.1604250625404591,0.10000280665515104,2.4393089401006476
2003,1.0,20dB_nominal_difference,real,vanilla_IBS2,REJECTED_PHYSICAL,XZ,y,-0.0625,x,-0.3125,z,0.5625,0.1618524923839167,0.3434333619432606,0.18158086955934388,0.10000280665515104,2.4393089401006476
2003,1.0,20dB_nominal_difference,real,vanilla_IBS2,REJECTED_PHYSICAL,XZ,y,-0.0625,x,-0.1875,z,0.5625,0.16448952937700473,0.35977957994656806,0.19529005056956333,0.10000280665515104,2.4393089401006476
2003,1.0,20dB_nominal_difference,real,vanilla_IBS2,REJECTED_PHYSICAL,XZ,y,-0.0625,x,-0.0625,z,0.5625,0.169157369334158,0.3583261385087222,0.18916876917456418,0.10000280665515104,2.4393089401006476
2003,1.0,20dB_nominal_difference,real,vanilla_IBS2,REJECTED_PHYSICAL,XZ,y,-0.0625,x,0.0625,z,0.5625,0.18432075284720528,0.33626043323229765,0.15193968038509237,0.10000280665515104,2.4393089401006476
2003,1.0,20dB_nominal_difference,real,vanilla_IBS2,REJECTED_PHYSICAL,XZ,y,-0.0625,x,0.1875,z,0.5625,0.19783443611815676,0.29267308278129756,0.09483864666314079,0.10000280665515104,2.4393089401006476
2003,1.0,20dB_nominal_difference,real,vanilla_IBS2,REJECTED_PHYSICAL,XZ,y,-0.0625,x,0.3125,z,0.5625,0.18755611867399746,0.23012264401980798,0.04256652534581051,0.10000280665515104,2.4393089401006476
2003,1.0,20dB_nominal_difference,real,vanilla_IBS2,REJECTED_PHYSICAL,XZ,y,-0.0625,x,0.4375,z,0.5625,0.15497151540389265,0.15482297116314925,-0.0001485442407433979,0.10000280665515104,2.4393089401006476
2003,1.0,20dB_nominal_difference,real,vanilla_IBS2,REJECTED_PHYSICAL,XZ,y,-0.0625,x,0.5625,z,0.5625,0.12346873358560154,0.07442915631000499,-0.049039577275596546,0.10000280665515104,2.4393089401006476
2003,1.0,20dB_nominal_difference,real,vanilla_IBS2,REJECTED_PHYSICAL,XZ,y,-0.0625,x,0.6875,z,0.5625,0.10675348704867199,-0.013756933925770223,-0.12051042097444221,0.10000280665515104,2.4393089401006476
2003,1.0,20dB_nominal_difference,real,vanilla_IBS2,REJECTED_PHYSICAL,XZ,y,-0.0625,x,-0.6875,z,0.6875,0.1028634713853393,-0.0008932085575468207,-0.10375667994288612,0.10000280665515104,2.4393089401006476
2003,1.0,20dB_nominal_difference,real,vanilla_IBS2,REJECTED_PHYSICAL,XZ,y,-0.0625,x,-0.5625,z,0.6875,0.10557230923194261,-0.00967226407442516,-0.11524457330636777,0.10000280665515104,2.4393089401006476
2003,1.0,20dB_nominal_difference,real,vanilla_IBS2,REJECTED_PHYSICAL,XZ,y,-0.0625,x,-0.4375,z,0.6875,0.10856418332694968,-0.0061353644906529115,-0.1146995478176026,0.10000280665515104,2.4393089401006476
2003,1.0,20dB_nominal_difference,real,vanilla_IBS2,REJECTED_PHYSICAL,XZ,y,-0.0625,x,-0.3125,z,0.6875,0.11073585652324158,0.002941836816710869,-0.10779401970653071,0.10000280665515104,2.4393089401006476
2003,1.0,20dB_nominal_difference,real,vanilla_IBS2,REJECTED_PHYSICAL,XZ,y,-0.0625,x,-0.1875,z,0.6875,0.1124276676190856,0.017406806437558486,-0.09502086118152711,0.10000280665515104,2.4393089401006476
2003,1.0,20dB_nominal_difference,real,vanilla_IBS2,REJECTED_PHYSICAL,XZ,y,-0.0625,x,-0.0625,z,0.6875,0.11644264038831217,0.03372605957170241,-0.08271658081660976,0.10000280665515104,2.4393089401006476
2003,1.0,20dB_nominal_difference,real,vanilla_IBS2,REJECTED_PHYSICAL,XZ,y,-0.0625,x,0.0625,z,0.6875,0.12440148373167303,0.04657964619708019,-0.07782183753459285,0.10000280665515104,2.4393089401006476
2003,1.0,20dB_nominal_difference,real,vanilla_IBS2,REJECTED_PHYSICAL,XZ,y,-0.0625,x,0.1875,z,0.6875,0.1311829657669169,0.05144579893886533,-0.07973716682805157,0.10000280665515104,2.4393089401006476
2003,1.0,20dB_nominal_difference,real,vanilla_IBS2,REJECTED_PHYSICAL,XZ,y,-0.0625,x,0.3125,z,0.6875,0.1289562768586225,0.04693394708136574,-0.08202232977725675,0.10000280665515104,2.4393089401006476
2003,1.0,20dB_nominal_difference,real,vanilla_IBS2,REJECTED_PHYSICAL,XZ,y,-0.0625,x,0.4375,z,0.6875,0.11843028526189375,0.03600257716730809,-0.08242770809458566,0.10000280665515104,2.4393089401006476
2003,1.0,20dB_nominal_difference,real,vanilla_IBS2,REJECTED_PHYSICAL,XZ,y,-0.0625,x,0.5625,z,0.6875,0.10790342591815646,0.02493016834240637,-0.0829732575757501,0.10000280665515104,2.4393089401006476
2003,1.0,20dB_nominal_difference,real,vanilla_IBS2,REJECTED_PHYSICAL,XZ,y,-0.0625,x,0.6875,z,0.6875,0.10227318377862085,0.004227494745264446,-0.0980456890333564,0.10000280665515104,2.4393089401006476
2003,1.0,20dB_nominal_difference,real,vanilla_IBS2,REJECTED_PHYSICAL,YZ,x,-0.0625,y,-0.6875,z,-0.6875,0.10170342953544194,-0.12561331238132334,-0.22731674191676526,0.10000280665515104,2.4393089401006476
2003,1.0,20dB_nominal_difference,real,vanilla_IBS2,REJECTED_PHYSICAL,YZ,x,-0.0625,y,-0.5625,z,-0.6875,0.1075507406662128,0.0784867277243136,-0.029064012941899198,0.10000280665515104,2.4393089401006476
2003,1.0,20dB_nominal_difference,real,vanilla_IBS2,REJECTED_PHYSICAL,YZ,x,-0.0625,y,-0.4375,z,-0.6875,0.12662814155892219,0.23932362975601879,0.1126954881970966,0.10000280665515104,2.4393089401006476
2003,1.0,20dB_nominal_difference,real,vanilla_IBS2,REJECTED_PHYSICAL,YZ,x,-0.0625,y,-0.3125,z,-0.6875,0.17500434119004835,0.3785421257769189,0.20353778458687058,0.10000280665515104,2.4393089401006476
2003,1.0,20dB_nominal_difference,real,vanilla_IBS2,REJECTED_PHYSICAL,YZ,x,-0.0625,y,-0.1875,z,-0.6875,0.269012908559056,0.4968441733624338,0.2278312648033778,0.10000280665515104,2.4393089401006476
2003,1.0,20dB_nominal_difference,real,vanilla_IBS2,REJECTED_PHYSICAL,YZ,x,-0.0625,y,-0.0625,z,-0.6875,0.4028228203502685,0.5902057916500526,0.1873829712997841,0.10000280665515104,2.4393089401006476
2003,1.0,20dB_nominal_difference,real,vanilla_IBS2,REJECTED_PHYSICAL,YZ,x,-0.0625,y,0.0625,z,-0.6875,0.5255112222299664,0.6512808381072146,0.12576961587724822,0.10000280665515104,2.4393089401006476
2003,1.0,20dB_nominal_difference,real,vanilla_IBS2,REJECTED_PHYSICAL,YZ,x,-0.0625,y,0.1875,z,-0.6875,0.5629492160664938,0.6697682588404673,0.10681904277397347,0.10000280665515104,2.4393089401006476
2003,1.0,20dB_nominal_difference,real,vanilla_IBS2,REJECTED_PHYSICAL,YZ,x,-0.0625,y,0.3125,z,-0.6875,0.4892210831026743,0.6339693723641464,0.1447482892614721,0.10000280665515104,2.4393089401006476
2003,1.0,20dB_nominal_difference,real,vanilla_IBS2,REJECTED_PHYSICAL,YZ,x,-0.0625,y,0.4375,z,-0.6875,0.3555126787329276,0.5338615943371059,0.17834891560417832,0.10000280665515104,2.4393089401006476
2003,1.0,20dB_nominal_difference,real,vanilla_IBS2,REJECTED_PHYSICAL,YZ,x,-0.0625,y,0.5625,z,-0.6875,0.23289734547036847,0.36551525714290056,0.1326179116725321,0.10000280665515104,2.4393089401006476
2003,1.0,20dB_nominal_difference,real,vanilla_IBS2,REJECTED_PHYSICAL,YZ,x,-0.0625,y,0.6875,z,-0.6875,0.15524166062132702,0.14475777713812887,-0.010483883483198148,0.10000280665515104,2.4393089401006476
2003,1.0,20dB_nominal_difference,real,vanilla_IBS2,REJECTED_PHYSICAL,YZ,x,-0.0625,y,-0.6875,z,-0.5625,0.10328374329303543,-0.03930220633871018,-0.1425859496317456,0.10000280665515104,2.4393089401006476
2003,1.0,20dB_nominal_difference,real,vanilla_IBS2,REJECTED_PHYSICAL,YZ,x,-0.0625,y,-0.5625,z,-0.5625,0.11433436873773267,0.13637579696076063,0.02204142822302796,0.10000280665515104,2.4393089401006476
2003,1.0,20dB_nominal_difference,real,vanilla_IBS2,REJECTED_PHYSICAL,YZ,x,-0.0625,y,-0.4375,z,-0.5625,0.15029529244122866,0.31342859437056014,0.16313330192933148,0.10000280665515104,2.4393089401006476
2003,1.0,20dB_nominal_difference,real,vanilla_IBS2,REJECTED_PHYSICAL,YZ,x,-0.0625,y,-0.3125,z,-0.5625,0.24223921035432255,0.48035077375382673,0.23811156339950418,0.10000280665515104,2.4393089401006476
2003,1.0,20dB_nominal_difference,real,vanilla_IBS2,REJECTED_PHYSICAL,YZ,x,-0.0625,y,-0.1875,z,-0.5625,0.42429858303076795,0.6278626032875715,0.20356402025680354,0.10000280665515104,2.4393089401006476
2003,1.0,20dB_nominal_difference,real,vanilla_IBS2,REJECTED_PHYSICAL,YZ,x,-0.0625,y,-0.0625,z,-0.5625,0.689748814507086,0.7459830117423294,0.056234197235243366,0.10000280665515104,2.4393089401006476
2003,1.0,20dB_nominal_difference,real,vanilla_IBS2,REJECTED_PHYSICAL,YZ,x,-0.0625,y,0.0625,z,-0.5625,0.9377760134088712,0.8228153789614294,-0.11496063444744176,0.10000280665515104,2.4393089401006476
2003,1.0,20dB_nominal_difference,real,vanilla_IBS2,REJECTED_PHYSICAL,YZ,x,-0.0625,y,0.1875,z,-0.5625,1.0127539600256772,0.8449726382091203,-0.16778132181655692,0.10000280665515104,2.4393089401006476
2003,1.0,20dB_nominal_difference,real,vanilla_IBS2,REJECTED_PHYSICAL,YZ,x,-0.0625,y,0.3125,z,-0.5625,0.8604787448824067,0.7995714708322927,-0.06090727405011398,0.10000280665515104,2.4393089401006476
2003,1.0,20dB_nominal_difference,real,vanilla_IBS2,REJECTED_PHYSICAL,YZ,x,-0.0625,y,0.4375,z,-0.5625,0.5915996110940923,0.6776709804891541,0.08607136939506177,0.10000280665515104,2.4393089401006476
2003,1.0,20dB_nominal_difference,real,vanilla_IBS2,REJECTED_PHYSICAL,YZ,x,-0.0625,y,0.5625,z,-0.5625,0.35182599599323394,0.4786669219299039,0.12684092593666996,0.10000280665515104,2.4393089401006476
2003,1.0,20dB_nominal_difference,real,vanilla_IBS2,REJECTED_PHYSICAL,YZ,x,-0.0625,y,0.6875,z,-0.5625,0.2035909278510975,0.21974356764969755,0.016152639798600044,0.10000280665515104,2.4393089401006476
2003,1.0,20dB_nominal_difference,real,vanilla_IBS2,REJECTED_PHYSICAL,YZ,x,-0.0625,y,-0.6875,z,-0.4375,0.10620657830896875,0.05883222078716338,-0.04737435752180537,0.10000280665515104,2.4393089401006476
2003,1.0,20dB_nominal_difference,real,vanilla_IBS2,REJECTED_PHYSICAL,YZ,x,-0.0625,y,-0.5625,z,-0.4375,0.12450216087985126,0.2329604459009467,0.10845828502109543,0.10000280665515104,2.4393089401006476
2003,1.0,20dB_nominal_difference,real,vanilla_IBS2,REJECTED_PHYSICAL,YZ,x,-0.0625,y,-0.4375,z,-0.4375,0.1812787485668402,0.4238038778576886,0.24252512929084838,0.10000280665515104,2.4393089401006476
2003,1.0,20dB_nominal_difference,real,vanilla_IBS2,REJECTED_PHYSICAL,YZ,x,-0.0625,y,-0.3125,z,-0.4375,0.32474825156405984,0.6131431398943851,0.2883948883303252,0.10000280665515104,2.4393089401006476
2003,1.0,20dB_nominal_difference,real,vanilla_IBS2,REJECTED_PHYSICAL,YZ,x,-0.0625,y,-0.1875,z,-0.4375,0.6128803848037948,0.7845119668040057,0.1716315820002109,0.10000280665515104,2.4393089401006476
2003,1.0,20dB_nominal_difference,real,vanilla_IBS2,REJECTED_PHYSICAL,YZ,x,-0.0625,y,-0.0625,z,-0.4375,1.0440131087084437,0.9224617222615212,-0.12155138644692243,0.10000280665515104,2.4393089401006476
2003,1.0,20dB_nominal_difference,real,vanilla_IBS2,REJECTED_PHYSICAL,YZ,x,-0.0625,y,0.0625,z,-0.4375,1.4551720209809673,1.010940149627201,-0.4442318713537663,0.10000280665515104,2.4393089401006476
2003,1.0,20dB_nominal_difference,real,vanilla_IBS2,REJECTED_PHYSICAL,YZ,x,-0.0625,y,0.1875,z,-0.4375,1.5770329631113187,1.0337597788251705,-0.5432731842861482,0.10000280665515104,2.4393089401006476
2003,1.0,20dB_nominal_difference,real,vanilla_IBS2,REJECTED_PHYSICAL,YZ,x,-0.0625,y,0.3125,z,-0.4375,1.3162628144418067,0.9767969281575891,-0.3394658862842176,0.10000280665515104,2.4393089401006476
2003,1.0,20dB_nominal_difference,real,vanilla_IBS2,REJECTED_PHYSICAL,YZ,x,-0.0625,y,0.4375,z,-0.4375,0.8708772568635439,0.8314049284607585,-0.03947232840278536,0.10000280665515104,2.4393089401006476
2003,1.0,20dB_nominal_difference,real,vanilla_IBS2,REJECTED_PHYSICAL,YZ,x,-0.0625,y,0.5625,z,-0.4375,0.48711692411061003,0.5980657995461863,0.1109488754355763,0.10000280665515104,2.4393089401006476
2003,1.0,20dB_nominal_difference,real,vanilla_IBS2,REJECTED_PHYSICAL,YZ,x,-0.0625,y,0.6875,z,-0.4375,0.25707528937646357,0.2933068920516015,0.03623160267513792,0.10000280665515104,2.4393089401006476
2003,1.0,20dB_nominal_difference,real,vanilla_IBS2,REJECTED_PHYSICAL,YZ,x,-0.0625,y,-0.6875,z,-0.3125,0.11599648129495396,0.1439255629156969,0.027929081620742924,0.10000280665515104,2.4393089401006476
2003,1.0,20dB_nominal_difference,real,vanilla_IBS2,REJECTED_PHYSICAL,YZ,x,-0.0625,y,-0.5625,z,-0.3125,0.14943438071226234,0.32728831636245725,0.17785393565019492,0.10000280665515104,2.4393089401006476
2003,1.0,20dB_nominal_difference,real,vanilla_IBS2,REJECTED_PHYSICAL,YZ,x,-0.0625,y,-0.4375,z,-0.3125,0.23475994889098287,0.5336302091307831,0.29887026023980023,0.10000280665515104,2.4393089401006476
2003,1.0,20dB_nominal_difference,real,vanilla_IBS2,REJECTED_PHYSICAL,YZ,x,-0.0625,y,-0.3125,z,-0.3125,0.42816715889310464,0.7426834421087825,0.3145162832156778,0.10000280665515104,2.4393089401006476
2003,1.0,20dB_nominal_difference,real,vanilla_IBS2,REJECTED_PHYSICAL,YZ,x,-0.0625,y,-0.1875,z,-0.3125,0.8045434802333463,0.9341231926071256,0.1295797123737793,0.10000280665515104,2.4393089401006476
2003,1.0,20dB_nominal_difference,real,vanilla_IBS2,REJECTED_PHYSICAL,YZ,x,-0.0625,y,-0.0625,z,-0.3125,1.3736470119959532,1.0884985116293155,-0.28514850036663764,0.10000280665515104,2.4393089401006476
2003,1.0,20dB_nominal_difference,real,vanilla_IBS2,REJECTED_PHYSICAL,YZ,x,-0.0625,y,0.0625,z,-0.3125,1.923697724197223,1.1863810416238958,-0.7373166825733273,0.10000280665515104,2.4393089401006476
2003,1.0,20dB_nominal_difference,real,vanilla_IBS2,REJECTED_PHYSICAL,YZ,x,-0.0625,y,0.1875,z,-0.3125,2.0767347140676145,1.2092127784388862,-0.8675219356287283,0.10000280665515104,2.4393089401006476
2003,1.0,20dB_nominal_difference,real,vanilla_IBS2,REJECTED_PHYSICAL,YZ,x,-0.0625,y,0.3125,z,-0.3125,1.702948901796729,1.141741936308166,-0.561206965488563,0.10000280665515104,2.4393089401006476
2003,1.0,20dB_nominal_difference,real,vanilla_IBS2,REJECTED_PHYSICAL,YZ,x,-0.0625,y,0.4375,z,-0.3125,1.0928665868438927,0.9754551072384261,-0.1174114796054666,0.10000280665515104,2.4393089401006476
2003,1.0,20dB_nominal_difference,real,vanilla_IBS2,REJECTED_PHYSICAL,YZ,x,-0.0625,y,0.5625,z,-0.3125,0.5874619656147579,0.7119841412860526,0.12452217567129464,0.10000280665515104,2.4393089401006476
2003,1.0,20dB_nominal_difference,real,vanilla_IBS2,REJECTED_PHYSICAL,YZ,x,-0.0625,y,0.6875,z,-0.3125,0.29494005952935093,0.36824448480096317,0.07330442527161224,0.10000280665515104,2.4393089401006476
2003,1.0,20dB_nominal_difference,real,vanilla_IBS2,REJECTED_PHYSICAL,YZ,x,-0.0625,y,-0.6875,z,-0.1875,0.14806582809006036,0.2020314135222812,0.05396558543222085,0.10000280665515104,2.4393089401006476
2003,1.0,20dB_nominal_difference,real,vanilla_IBS2,REJECTED_PHYSICAL,YZ,x,-0.0625,y,-0.5625,z,-0.1875,0.22391337343738307,0.39580415773726085,0.17189078429987778,0.10000280665515104,2.4393089401006476
2003,1.0,20dB_nominal_difference,real,vanilla_IBS2,REJECTED_PHYSICAL,YZ,x,-0.0625,y,-0.4375,z,-0.1875,0.3693003373032048,0.6153095174281247,0.2460091801249199,0.10000280665515104,2.4393089401006476
2003,1.0,20dB_nominal_difference,real,vanilla_IBS2,REJECTED_PHYSICAL,YZ,x,-0.0625,y,-0.3125,z,-0.1875,0.6205501005385186,0.8393888339159616,0.21883873337744308,0.10000280665515104,2.4393089401006476
2003,1.0,20dB_nominal_difference,real,vanilla_IBS2,REJECTED_PHYSICAL,YZ,x,-0.0625,y,-0.1875,z,-0.1875,1.035667974078422,1.0457544285211031,0.010086454442681081,0.10000280665515104,2.4393089401006476
2003,1.0,20dB_nominal_difference,real,vanilla_IBS2,REJECTED_PHYSICAL,YZ,x,-0.0625,y,-0.0625,z,-0.1875,1.6322981737694875,1.2124614608089648,-0.4198367129605227,0.10000280665515104,2.4393089401006476
2003,1.0,20dB_nominal_difference,real,vanilla_IBS2,REJECTED_PHYSICAL,YZ,x,-0.0625,y,0.0625,z,-0.1875,2.2003556553877774,1.3177397506992978,-0.8826159046884796,0.10000280665515104,2.4393089401006476
2003,1.0,20dB_nominal_difference,real,vanilla_IBS2,REJECTED_PHYSICAL,YZ,x,-0.0625,y,0.1875,z,-0.1875,2.32613250920512,1.3412994193057823,-0.9848330898993378,0.10000280665515104,2.4393089401006476
2003,1.0,20dB_nominal_difference,real,vanilla_IBS2,REJECTED_PHYSICAL,YZ,x,-0.0625,y,0.3125,z,-0.1875,1.8697796548476886,1.2670540727686115,-0.6027255820790771,0.10000280665515104,2.4393089401006476
2003,1.0,20dB_nominal_difference,real,vanilla_IBS2,REJECTED_PHYSICAL,YZ,x,-0.0625,y,0.4375,z,-0.1875,1.17401564007071,1.0866660739537946,-0.08734956611691547,0.10000280665515104,2.4393089401006476
2003,1.0,20dB_nominal_difference,real,vanilla_IBS2,REJECTED_PHYSICAL,YZ,x,-0.0625,y,0.5625,z,-0.1875,0.6195546737748495,0.802915894905933,0.18336122113108344,0.10000280665515104,2.4393089401006476
2003,1.0,20dB_nominal_difference,real,vanilla_IBS2,REJECTED_PHYSICAL,YZ,x,-0.0625,y,0.6875,z,-0.1875,0.30726397666626276,0.43223462412455005,0.12497064745828729,0.10000280665515104,2.4393089401006476
2003,1.0,20dB_nominal_difference,real,vanilla_IBS2,REJECTED_PHYSICAL,YZ,x,-0.0625,y,-0.6875,z,-0.0625,0.20859549320921714,0.2245896313318465,0.01599413812262937,0.10000280665515104,2.4393089401006476
2003,1.0,20dB_nominal_difference,real,vanilla_IBS2,REJECTED_PHYSICAL,YZ,x,-0.0625,y,-0.5625,z,-0.0625,0.36254148382736917,0.42410089083885694,0.061559407011487766,0.10000280665515104,2.4393089401006476
2003,1.0,20dB_nominal_difference,real,vanilla_IBS2,REJECTED_PHYSICAL,YZ,x,-0.0625,y,-0.4375,z,-0.0625,0.6116537993530816,0.6498904723168805,0.038236672963798846,0.10000280665515104,2.4393089401006476
2003,1.0,20dB_nominal_difference,real,vanilla_IBS2,REJECTED_PHYSICAL,YZ,x,-0.0625,y,-0.3125,z,-0.0625,0.9382279287440176,0.8811828079604177,-0.05704512078359991,0.10000280665515104,2.4393089401006476
2003,1.0,20dB_nominal_difference,real,vanilla_IBS2,REJECTED_PHYSICAL,YZ,x,-0.0625,y,-0.1875,z,-0.0625,1.3358655739364922,1.0952030420774865,-0.24066253185900566,0.10000280665515104,2.4393089401006476
2003,1.0,20dB_nominal_difference,real,vanilla_IBS2,REJECTED_PHYSICAL,YZ,x,-0.0625,y,-0.0625,z,-0.0625,1.8153929619320532,1.268927509203741,-0.5464654527283122,0.10000280665515104,2.4393089401006476
2003,1.0,20dB_nominal_difference,real,vanilla_IBS2,REJECTED_PHYSICAL,YZ,x,-0.0625,y,0.0625,z,-0.0625,2.2364472185799547,1.37934329091687,-0.8571039276630847,0.10000280665515104,2.4393089401006476
2003,1.0,20dB_nominal_difference,real,vanilla_IBS2,REJECTED_PHYSICAL,YZ,x,-0.0625,y,0.1875,z,-0.0625,2.2667470865639103,1.4051403665277142,-0.8616067200361961,0.10000280665515104,2.4393089401006476
2003,1.0,20dB_nominal_difference,real,vanilla_IBS2,REJECTED_PHYSICAL,YZ,x,-0.0625,y,0.3125,z,-0.0625,1.793712116179598,1.3297131032794463,-0.46399901290015166,0.10000280665515104,2.4393089401006476
2003,1.0,20dB_nominal_difference,real,vanilla_IBS2,REJECTED_PHYSICAL,YZ,x,-0.0625,y,0.4375,z,-0.0625,1.1301085851110904,1.1448425842395544,0.01473399912846407,0.10000280665515104,2.4393089401006476
2003,1.0,20dB_nominal_difference,real,vanilla_IBS2,REJECTED_PHYSICAL,YZ,x,-0.0625,y,0.5625,z,-0.0625,0.6101120990128424,0.8540628259338471,0.24395072692100472,0.10000280665515104,2.4393089401006476
2003,1.0,20dB_nominal_difference,real,vanilla_IBS2,REJECTED_PHYSICAL,YZ,x,-0.0625,y,0.6875,z,-0.0625,0.31226572562427457,0.47200627174973375,0.15974054612545918,0.10000280665515104,2.4393089401006476
2003,1.0,20dB_nominal_difference,real,vanilla_IBS2,REJECTED_PHYSICAL,YZ,x,-0.0625,y,-0.6875,z,0.0625,0.2544907212563346,0.21095104944539106,-0.04353967181094354,0.10000280665515104,2.4393089401006476
2003,1.0,20dB_nominal_difference,real,vanilla_IBS2,REJECTED_PHYSICAL,YZ,x,-0.0625,y,-0.5625,z,0.0625,0.46618350038822143,0.40721579592279733,-0.0589677044654241,0.10000280665515104,2.4393089401006476
2003,1.0,20dB_nominal_difference,real,vanilla_IBS2,REJECTED_PHYSICAL,YZ,x,-0.0625,y,-0.4375,z,0.0625,0.7869816592054362,0.6285162500869635,-0.15846540911847262,0.10000280665515104,2.4393089401006476
2003,1.0,20dB_nominal_difference,real,vanilla_IBS2,REJECTED_PHYSICAL,YZ,x,-0.0625,y,-0.3125,z,0.0625,1.1479341940139374,0.8561089575850298,-0.29182523642890756,0.10000280665515104,2.4393089401006476
2003,1.0,20dB_nominal_difference,real,vanilla_IBS2,REJECTED_PHYSICAL,YZ,x,-0.0625,y,-0.1875,z,0.0625,1.476569825957142,1.0682467993799383,-0.40832302657720376,0.10000280665515104,2.4393089401006476
2003,1.0,20dB_nominal_difference,real,vanilla_IBS2,REJECTED_PHYSICAL,YZ,x,-0.0625,y,-0.0625,z,0.0625,1.7720996316476474,1.24223482783817,-0.5298648038094773,0.10000280665515104,2.4393089401006476
2003,1.0,20dB_nominal_difference,real,vanilla_IBS2,REJECTED_PHYSICAL,YZ,x,-0.0625,y,0.0625,z,0.0625,1.9919405920120035,1.354910129866743,-0.6370304621452605,0.10000280665515104,2.4393089401006476
2003,1.0,20dB_nominal_difference,real,vanilla_IBS2,REJECTED_PHYSICAL,YZ,x,-0.0625,y,0.1875,z,0.0625,1.9492972063057485,1.3846302835168116,-0.5646669227889369,0.10000280665515104,2.4393089401006476
2003,1.0,20dB_nominal_difference,real,vanilla_IBS2,REJECTED_PHYSICAL,YZ,x,-0.0625,y,0.3125,z,0.0625,1.566607596063621,1.314516078035193,-0.252091518028428,0.10000280665515104,2.4393089401006476
2003,1.0,20dB_nominal_difference,real,vanilla_IBS2,REJECTED_PHYSICAL,YZ,x,-0.0625,y,0.4375,z,0.0625,1.0464464914025866,1.1362547471645732,0.08980825576198659,0.10000280665515104,2.4393089401006476
2003,1.0,20dB_nominal_difference,real,vanilla_IBS2,REJECTED_PHYSICAL,YZ,x,-0.0625,y,0.5625,z,0.0625,0.614206318322457,0.8534696099876515,0.23926329166519456,0.10000280665515104,2.4393089401006476
2003,1.0,20dB_nominal_difference,real,vanilla_IBS2,REJECTED_PHYSICAL,YZ,x,-0.0625,y,0.6875,z,0.0625,0.33633519731516603,0.4778479988670644,0.14151280155189838,0.10000280665515104,2.4393089401006476
2003,1.0,20dB_nominal_difference,real,vanilla_IBS2,REJECTED_PHYSICAL,YZ,x,-0.0625,y,-0.6875,z,0.1875,0.23255642135225899,0.16802489708884152,-0.06453152426341746,0.10000280665515104,2.4393089401006476
2003,1.0,20dB_nominal_difference,real,vanilla_IBS2,REJECTED_PHYSICAL,YZ,x,-0.0625,y,-0.5625,z,0.1875,0.4121769138697273,0.3490898075998192,-0.0630871062699081,0.10000280665515104,2.4393089401006476
2003,1.0,20dB_nominal_difference,real,vanilla_IBS2,REJECTED_PHYSICAL,YZ,x,-0.0625,y,-0.4375,z,0.1875,0.6782568252537292,0.552255638206602,-0.12600118704712726,0.10000280665515104,2.4393089401006476
2003,1.0,20dB_nominal_difference,real,vanilla_IBS2,REJECTED_PHYSICAL,YZ,x,-0.0625,y,-0.3125,z,0.1875,0.9602152243241519,0.7627985504396972,-0.1974166738844546,0.10000280665515104,2.4393089401006476
2003,1.0,20dB_nominal_difference,real,vanilla_IBS2,REJECTED_PHYSICAL,YZ,x,-0.0625,y,-0.1875,z,0.1875,1.181151380829835,0.9616934965477536,-0.21945788428208146,0.10000280665515104,2.4393089401006476
2003,1.0,20dB_nominal_difference,real,vanilla_IBS2,REJECTED_PHYSICAL,YZ,x,-0.0625,y,-0.0625,z,0.1875,1.3433270728347408,1.1279895722041406,-0.2153375006306002,0.10000280665515104,2.4393089401006476
2003,1.0,20dB_nominal_difference,real,vanilla_IBS2,REJECTED_PHYSICAL,YZ,x,-0.0625,y,0.0625,z,0.1875,1.4641480724221085,1.2393941466010008,-0.22475392582110776,0.10000280665515104,2.4393089401006476
2003,1.0,20dB_nominal_difference,real,vanilla_IBS2,REJECTED_PHYSICAL,YZ,x,-0.0625,y,0.1875,z,0.1875,1.4622252182837279,1.2745283333445936,-0.18769688493913428,0.10000280665515104,2.4393089401006476
2003,1.0,20dB_nominal_difference,real,vanilla_IBS2,REJECTED_PHYSICAL,YZ,x,-0.0625,y,0.3125,z,0.1875,1.2674185717068691,1.2163827713046438,-0.05103580040222533,0.10000280665515104,2.4393089401006476
2003,1.0,20dB_nominal_difference,real,vanilla_IBS2,REJECTED_PHYSICAL,YZ,x,-0.0625,y,0.4375,z,0.1875,0.9490954596284221,1.0561979096469987,0.10710245001857654,0.10000280665515104,2.4393089401006476
2003,1.0,20dB_nominal_difference,real,vanilla_IBS2,REJECTED_PHYSICAL,YZ,x,-0.0625,y,0.5625,z,0.1875,0.6235379162666301,0.7968252446730982,0.1732873284064681,0.10000280665515104,2.4393089401006476
2003,1.0,20dB_nominal_difference,real,vanilla_IBS2,REJECTED_PHYSICAL,YZ,x,-0.0625,y,0.6875,z,0.1875,0.365552791375108,0.44617984775047825,0.08062705637537027,0.10000280665515104,2.4393089401006476
2003,1.0,20dB_nominal_difference,real,vanilla_IBS2,REJECTED_PHYSICAL,YZ,x,-0.0625,y,-0.6875,z,0.3125,0.16789421965744314,0.10809643317813541,-0.059797786479307724,0.10000280665515104,2.4393089401006476
2003,1.0,20dB_nominal_difference,real,vanilla_IBS2,REJECTED_PHYSICAL,YZ,x,-0.0625,y,-0.5625,z,0.3125,0.2596244144942346,0.2605453322076346,0.0009209177133999713,0.10000280665515104,2.4393089401006476
2003,1.0,20dB_nominal_difference,real,vanilla_IBS2,REJECTED_PHYSICAL,YZ,x,-0.0625,y,-0.4375,z,0.3125,0.39488990724054285,0.43016472005459794,0.03527481281405509,0.10000280665515104,2.4393089401006476
2003,1.0,20dB_nominal_difference,real,vanilla_IBS2,REJECTED_PHYSICAL,YZ,x,-0.0625,y,-0.3125,z,0.3125,0.537501272301452,0.60884330930438,0.07134203700292807,0.10000280665515104,2.4393089401006476
2003,1.0,20dB_nominal_difference,real,vanilla_IBS2,REJECTED_PHYSICAL,YZ,x,-0.0625,y,-0.1875,z,0.3125,0.6517652759029986,0.7822170815771219,0.1304518056741233,0.10000280665515104,2.4393089401006476
2003,1.0,20dB_nominal_difference,real,vanilla_IBS2,REJECTED_PHYSICAL,YZ,x,-0.0625,y,-0.0625,z,0.3125,0.7511454332313572,0.932377296581093,0.18123186334973584,0.10000280665515104,2.4393089401006476
2003,1.0,20dB_nominal_difference,real,vanilla_IBS2,REJECTED_PHYSICAL,YZ,x,-0.0625,y,0.0625,z,0.3125,0.8622065001966145,1.03871669023548,0.1765101900388656,0.10000280665515104,2.4393089401006476
2003,1.0,20dB_nominal_difference,real,vanilla_IBS2,REJECTED_PHYSICAL,YZ,x,-0.0625,y,0.1875,z,0.3125,0.9441148143702391,1.0805606114195137,0.1364457970492745,0.10000280665515104,2.4393089401006476
2003,1.0,20dB_nominal_difference,real,vanilla_IBS2,REJECTED_PHYSICAL,YZ,x,-0.0625,y,0.3125,z,0.3125,0.9231155305097005,1.0408245864210623,0.11770905591136183,0.10000280665515104,2.4393089401006476
2003,1.0,20dB_nominal_difference,real,vanilla_IBS2,REJECTED_PHYSICAL,YZ,x,-0.0625,y,0.4375,z,0.3125,0.7806947590296338,0.9098588737905228,0.12916411476088896,0.10000280665515104,2.4393089401006476
2003,1.0,20dB_nominal_difference,real,vanilla_IBS2,REJECTED_PHYSICAL,YZ,x,-0.0625,y,0.5625,z,0.3125,0.5628995376630692,0.6886651834024813,0.12576564573941207,0.10000280665515104,2.4393089401006476
2003,1.0,20dB_nominal_difference,real,vanilla_IBS2,REJECTED_PHYSICAL,YZ,x,-0.0625,y,0.6875,z,0.3125,0.3491019639108114,0.3806824880289963,0.031580524118184905,0.10000280665515104,2.4393089401006476
2003,1.0,20dB_nominal_difference,real,vanilla_IBS2,REJECTED_PHYSICAL,YZ,x,-0.0625,y,-0.6875,z,0.4375,0.12070972238072919,0.04647564176480791,-0.07423408061592128,0.10000280665515104,2.4393089401006476
2003,1.0,20dB_nominal_difference,real,vanilla_IBS2,REJECTED_PHYSICAL,YZ,x,-0.0625,y,-0.5625,z,0.4375,0.14874938224852116,0.1565009874860525,0.0077516052375313504,0.10000280665515104,2.4393089401006476
2003,1.0,20dB_nominal_difference,real,vanilla_IBS2,REJECTED_PHYSICAL,YZ,x,-0.0625,y,-0.4375,z,0.4375,0.1904772753152062,0.2758580695003798,0.08538079418517358,0.10000280665515104,2.4393089401006476
2003,1.0,20dB_nominal_difference,real,vanilla_IBS2,REJECTED_PHYSICAL,YZ,x,-0.0625,y,-0.3125,z,0.4375,0.23660415943949387,0.4074040988854848,0.17079993944599092,0.10000280665515104,2.4393089401006476
2003,1.0,20dB_nominal_difference,real,vanilla_IBS2,REJECTED_PHYSICAL,YZ,x,-0.0625,y,-0.1875,z,0.4375,0.2820486868265244,0.5433645132554557,0.26131582642893125,0.10000280665515104,2.4393089401006476
2003,1.0,20dB_nominal_difference,real,vanilla_IBS2,REJECTED_PHYSICAL,YZ,x,-0.0625,y,-0.0625,z,0.4375,0.34211356233501233,0.669602511594984,0.32748894925997163,0.10000280665515104,2.4393089401006476
2003,1.0,20dB_nominal_difference,real,vanilla_IBS2,REJECTED_PHYSICAL,YZ,x,-0.0625,y,0.0625,z,0.4375,0.43314942342634766,0.7675687457684425,0.3344193223420948,0.10000280665515104,2.4393089401006476
2003,1.0,20dB_nominal_difference,real,vanilla_IBS2,REJECTED_PHYSICAL,YZ,x,-0.0625,y,0.1875,z,0.4375,0.5311232183812667,0.8175281177324121,0.2864048993511453,0.10000280665515104,2.4393089401006476
2003,1.0,20dB_nominal_difference,real,vanilla_IBS2,REJECTED_PHYSICAL,YZ,x,-0.0625,y,0.3125,z,0.4375,0.578303628667434,0.8023896372317819,0.2240860085643479,0.10000280665515104,2.4393089401006476
2003,1.0,20dB_nominal_difference,real,vanilla_IBS2,REJECTED_PHYSICAL,YZ,x,-0.0625,y,0.4375,z,0.4375,0.5343085609097497,0.7112948699446411,0.17698630903489143,0.10000280665515104,2.4393089401006476
2003,1.0,20dB_nominal_difference,real,vanilla_IBS2,REJECTED_PHYSICAL,YZ,x,-0.0625,y,0.5625,z,0.4375,0.412495824784875,0.5421259828151215,0.12963015803024647,0.10000280665515104,2.4393089401006476
2003,1.0,20dB_nominal_difference,real,vanilla_IBS2,REJECTED_PHYSICAL,YZ,x,-0.0625,y,0.6875,z,0.4375,0.27311373341305345,0.29236058428824774,0.019246850875194288,0.10000280665515104,2.4393089401006476
2003,1.0,20dB_nominal_difference,real,vanilla_IBS2,REJECTED_PHYSICAL,YZ,x,-0.0625,y,-0.6875,z,0.5625,0.10376490980483472,0.0028315368252246897,-0.10093337297961003,0.10000280665515104,2.4393089401006476
2003,1.0,20dB_nominal_difference,real,vanilla_IBS2,REJECTED_PHYSICAL,YZ,x,-0.0625,y,-0.5625,z,0.5625,0.10891178641657152,0.053144827458839285,-0.05576695895773224,0.10000280665515104,2.4393089401006476
2003,1.0,20dB_nominal_difference,real,vanilla_IBS2,REJECTED_PHYSICAL,YZ,x,-0.0625,y,-0.4375,z,0.5625,0.11682863596651215,0.10268084344344137,-0.014147792523070774,0.10000280665515104,2.4393089401006476
2003,1.0,20dB_nominal_difference,real,vanilla_IBS2,REJECTED_PHYSICAL,YZ,x,-0.0625,y,-0.3125,z,0.5625,0.1268635052601023,0.1727041815924637,0.04584067633236141,0.10000280665515104,2.4393089401006476
2003,1.0,20dB_nominal_difference,real,vanilla_IBS2,REJECTED_PHYSICAL,YZ,x,-0.0625,y,-0.1875,z,0.5625,0.1413469016507673,0.2616317187983238,0.12028481714755651,0.10000280665515104,2.4393089401006476
2003,1.0,20dB_nominal_difference,real,vanilla_IBS2,REJECTED_PHYSICAL,YZ,x,-0.0625,y,-0.0625,z,0.5625,0.169157369334158,0.3583261385087222,0.18916876917456418,0.10000280665515104,2.4393089401006476
2003,1.0,20dB_nominal_difference,real,vanilla_IBS2,REJECTED_PHYSICAL,YZ,x,-0.0625,y,0.0625,z,0.5625,0.21756160476700737,0.44601540366622583,0.22845379889921846,0.10000280665515104,2.4393089401006476
2003,1.0,20dB_nominal_difference,real,vanilla_IBS2,REJECTED_PHYSICAL,YZ,x,-0.0625,y,0.1875,z,0.5625,0.275547133730799,0.5059399166661835,0.23039278293538457,0.10000280665515104,2.4393089401006476
2003,1.0,20dB_nominal_difference,real,vanilla_IBS2,REJECTED_PHYSICAL,YZ,x,-0.0625,y,0.3125,z,0.5625,0.31320243724200736,0.5212664837102348,0.2080640464682274,0.10000280665515104,2.4393089401006476
2003,1.0,20dB_nominal_difference,real,vanilla_IBS2,REJECTED_PHYSICAL,YZ,x,-0.0625,y,0.4375,z,0.5625,0.30433998778255333,0.48036355382870755,0.1760235660461542,0.10000280665515104,2.4393089401006476
2003,1.0,20dB_nominal_difference,real,vanilla_IBS2,REJECTED_PHYSICAL,YZ,x,-0.0625,y,0.5625,z,0.5625,0.25130415166693953,0.37766318876946636,0.12635903710252683,0.10000280665515104,2.4393089401006476
2003,1.0,20dB_nominal_difference,real,vanilla_IBS2,REJECTED_PHYSICAL,YZ,x,-0.0625,y,0.6875,z,0.5625,0.18496247337200594,0.20029480029924063,0.015332326927234685,0.10000280665515104,2.4393089401006476
2003,1.0,20dB_nominal_difference,real,vanilla_IBS2,REJECTED_PHYSICAL,YZ,x,-0.0625,y,-0.6875,z,0.6875,0.10041010788383695,0.0368328757763752,-0.06357723210746175,0.10000280665515104,2.4393089401006476
2003,1.0,20dB_nominal_difference,real,vanilla_IBS2,REJECTED_PHYSICAL,YZ,x,-0.0625,y,-0.5625,z,0.6875,0.10098768632882389,-0.024177510838769012,-0.1251651971675929,0.10000280665515104,2.4393089401006476
2003,1.0,20dB_nominal_difference,real,vanilla_IBS2,REJECTED_PHYSICAL,YZ,x,-0.0625,y,-0.4375,z,0.6875,0.10196462667755618,-0.06642042705616003,-0.1683850537337162,0.10000280665515104,2.4393089401006476
2003,1.0,20dB_nominal_difference,real,vanilla_IBS2,REJECTED_PHYSICAL,YZ,x,-0.0625,y,-0.3125,z,0.6875,0.10363362461937893,-0.06739389422325767,-0.17102751884263662,0.10000280665515104,2.4393089401006476
2003,1.0,20dB_nominal_difference,real,vanilla_IBS2,REJECTED_PHYSICAL,YZ,x,-0.0625,y,-0.1875,z,0.6875,0.10740220665865663,-0.030628373790769825,-0.13803058044942645,0.10000280665515104,2.4393089401006476
2003,1.0,20dB_nominal_difference,real,vanilla_IBS2,REJECTED_PHYSICAL,YZ,x,-0.0625,y,-0.0625,z,0.6875,0.11644264038831217,0.03372605957170241,-0.08271658081660976,0.10000280665515104,2.4393089401006476
2003,1.0,20dB_nominal_difference,real,vanilla_IBS2,REJECTED_PHYSICAL,YZ,x,-0.0625,y,0.0625,z,0.6875,0.13320937147536027,0.11028668591510765,-0.02292268556025262,0.10000280665515104,2.4393089401006476
2003,1.0,20dB_nominal_difference,real,vanilla_IBS2,REJECTED_PHYSICAL,YZ,x,-0.0625,y,0.1875,z,0.6875,0.15426362840322297,0.18138943216530845,0.027125803762085482,0.10000280665515104,2.4393089401006476
2003,1.0,20dB_nominal_difference,real,vanilla_IBS2,REJECTED_PHYSICAL,YZ,x,-0.0625,y,0.3125,z,0.6875,0.16926191145929204,0.23099679117081037,0.06173487971151834,0.10000280665515104,2.4393089401006476
2003,1.0,20dB_nominal_difference,real,vanilla_IBS2,REJECTED_PHYSICAL,YZ,x,-0.0625,y,0.4375,z,0.6875,0.16822805989190653,0.24835198895945357,0.08012392906754703,0.10000280665515104,2.4393089401006476
2003,1.0,20dB_nominal_difference,real,vanilla_IBS2,REJECTED_PHYSICAL,YZ,x,-0.0625,y,0.5625,z,0.6875,0.15122342744262568,0.22948828888596678,0.0782648614433411,0.10000280665515104,2.4393089401006476
2003,1.0,20dB_nominal_difference,real,vanilla_IBS2,REJECTED_PHYSICAL,YZ,x,-0.0625,y,0.6875,z,0.6875,0.12894625703496232,0.15579597408407264,0.026849717049110322,0.10000280665515104,2.4393089401006476
2003,1.0,20dB_nominal_difference,real,A23_compressed_feedback,REJECTED_PHYSICAL,XY,z,-0.0625,x,-0.6875,y,-0.6875,0.1553024191438319,0.07659058710544225,-0.07871183203838963,0.10000280665515104,2.4393089401006476
2003,1.0,20dB_nominal_difference,real,A23_compressed_feedback,REJECTED_PHYSICAL,XY,z,-0.0625,x,-0.5625,y,-0.6875,0.19865097496467185,0.1622751552447216,-0.03637581971995024,0.10000280665515104,2.4393089401006476
2003,1.0,20dB_nominal_difference,real,A23_compressed_feedback,REJECTED_PHYSICAL,XY,z,-0.0625,x,-0.4375,y,-0.6875,0.24067148773868327,0.22394584238826545,-0.016725645350417817,0.10000280665515104,2.4393089401006476
2003,1.0,20dB_nominal_difference,real,A23_compressed_feedback,REJECTED_PHYSICAL,XY,z,-0.0625,x,-0.3125,y,-0.6875,0.26055573239087537,0.2549546277392275,-0.00560110465164787,0.10000280665515104,2.4393089401006476
2003,1.0,20dB_nominal_difference,real,A23_compressed_feedback,REJECTED_PHYSICAL,XY,z,-0.0625,x,-0.1875,y,-0.6875,0.24705037152265574,0.26340699042155835,0.01635661889890261,0.10000280665515104,2.4393089401006476
2003,1.0,20dB_nominal_difference,real,A23_compressed_feedback,REJECTED_PHYSICAL,XY,z,-0.0625,x,-0.0625,y,-0.6875,0.20859549320921714,0.259137178383419,0.05054168517420185,0.10000280665515104,2.4393089401006476
2003,1.0,20dB_nominal_difference,real,A23_compressed_feedback,REJECTED_PHYSICAL,XY,z,-0.0625,x,0.0625,y,-0.6875,0.16522443474432935,0.2500508291393857,0.08482639439505635,0.10000280665515104,2.4393089401006476
2003,1.0,20dB_nominal_difference,real,A23_compressed_feedback,REJECTED_PHYSICAL,XY,z,-0.0625,x,0.1875,y,-0.6875,0.13232114791405827,0.24068581737701397,0.1083646694629557,0.10000280665515104,2.4393089401006476
2003,1.0,20dB_nominal_difference,real,A23_compressed_feedback,REJECTED_PHYSICAL,XY,z,-0.0625,x,0.3125,y,-0.6875,0.11349145559804033,0.23195533072532046,0.11846387512728013,0.10000280665515104,2.4393089401006476
2003,1.0,20dB_nominal_difference,real,A23_compressed_feedback,REJECTED_PHYSICAL,XY,z,-0.0625,x,0.4375,y,-0.6875,0.10485680281317329,0.22153842172605265,0.11668161891287936,0.10000280665515104,2.4393089401006476
2003,1.0,20dB_nominal_difference,real,A23_compressed_feedback,REJECTED_PHYSICAL,XY,z,-0.0625,x,0.5625,y,-0.6875,0.10153249102044401,0.20322427805961318,0.10169178703916917,0.10000280665515104,2.4393089401006476
2003,1.0,20dB_nominal_difference,real,A23_compressed_feedback,REJECTED_PHYSICAL,XY,z,-0.0625,x,0.6875,y,-0.6875,0.10042312044366655,0.14511364577505,0.04469052533138346,0.10000280665515104,2.4393089401006476
2003,1.0,20dB_nominal_difference,real,A23_compressed_feedback,REJECTED_PHYSICAL,XY,z,-0.0625,x,-0.6875,y,-0.5625,0.23212028886384556,0.2916871147283315,0.05956682586448592,0.10000280665515104,2.4393089401006476
2003,1.0,20dB_nominal_difference,real,A23_compressed_feedback,REJECTED_PHYSICAL,XY,z,-0.0625,x,-0.5625,y,-0.5625,0.3349799033292657,0.3679908404073938,0.03301093707812813,0.10000280665515104,2.4393089401006476
2003,1.0,20dB_nominal_difference,real,A23_compressed_feedback,REJECTED_PHYSICAL,XY,z,-0.0625,x,-0.4375,y,-0.5625,0.43442341050431166,0.4083275414397567,-0.026095869064554966,0.10000280665515104,2.4393089401006476
2003,1.0,20dB_nominal_difference,real,A23_compressed_feedback,REJECTED_PHYSICAL,XY,z,-0.0625,x,-0.3125,y,-0.5625,0.4817815432708935,0.4172473991193335,-0.06453414415156,0.10000280665515104,2.4393089401006476
2003,1.0,20dB_nominal_difference,real,A23_compressed_feedback,REJECTED_PHYSICAL,XY,z,-0.0625,x,-0.1875,y,-0.5625,0.4512198124535277,0.40398354026862715,-0.04723627218490056,0.10000280665515104,2.4393089401006476
2003,1.0,20dB_nominal_difference,real,A23_compressed_feedback,REJECTED_PHYSICAL,XY,z,-0.0625,x,-0.0625,y,-0.5625,0.36254148382736917,0.3786547247063041,0.016113240878934953,0.10000280665515104,2.4393089401006476
2003,1.0,20dB_nominal_difference,real,A23_compressed_feedback,REJECTED_PHYSICAL,XY,z,-0.0625,x,0.0625,y,-0.5625,0.2617078623589451,0.34921103412238014,0.08750317176343503,0.10000280665515104,2.4393089401006476
2003,1.0,20dB_nominal_difference,real,A23_compressed_feedback,REJECTED_PHYSICAL,XY,z,-0.0625,x,0.1875,y,-0.5625,0.18377767576553278,0.31985886192186064,0.13608118615632786,0.10000280665515104,2.4393089401006476
2003,1.0,20dB_nominal_difference,real,A23_compressed_feedback,REJECTED_PHYSICAL,XY,z,-0.0625,x,0.3125,y,-0.5625,0.13740163431016544,0.29098300038952896,0.1535813660793635,0.10000280665515104,2.4393089401006476
2003,1.0,20dB_nominal_difference,real,A23_compressed_feedback,REJECTED_PHYSICAL,XY,z,-0.0625,x,0.4375,y,-0.5625,0.11464701877535678,0.26034036838621166,0.1456933496108549,0.10000280665515104,2.4393089401006476
2003,1.0,20dB_nominal_difference,real,A23_compressed_feedback,REJECTED_PHYSICAL,XY,z,-0.0625,x,0.5625,y,-0.5625,0.10502990889008713,0.22548554401930307,0.12045563512921593,0.10000280665515104,2.4393089401006476
2003,1.0,20dB_nominal_difference,real,A23_compressed_feedback,REJECTED_PHYSICAL,XY,z,-0.0625,x,0.6875,y,-0.5625,0.10148535383924712,0.1740557640038824,0.07257041016463528,0.10000280665515104,2.4393089401006476
2003,1.0,20dB_nominal_difference,real,A23_compressed_feedback,REJECTED_PHYSICAL,XY,z,-0.0625,x,-0.6875,y,-0.4375,0.34742989304929783,0.4630058599262282,0.11557596687693039,0.10000280665515104,2.4393089401006476
2003,1.0,20dB_nominal_difference,real,A23_compressed_feedback,REJECTED_PHYSICAL,XY,z,-0.0625,x,-0.5625,y,-0.4375,0.5395979001659335,0.5488722209177368,0.009274320751803344,0.10000280665515104,2.4393089401006476
2003,1.0,20dB_nominal_difference,real,A23_compressed_feedback,REJECTED_PHYSICAL,XY,z,-0.0625,x,-0.4375,y,-0.4375,0.7260487781078776,0.5903489360188288,-0.13569984208904884,0.10000280665515104,2.4393089401006476
2003,1.0,20dB_nominal_difference,real,A23_compressed_feedback,REJECTED_PHYSICAL,XY,z,-0.0625,x,-0.3125,y,-0.4375,0.8178092722125833,0.5933216010326858,-0.22448767117989743,0.10000280665515104,2.4393089401006476
2003,1.0,20dB_nominal_difference,real,A23_compressed_feedback,REJECTED_PHYSICAL,XY,z,-0.0625,x,-0.1875,y,-0.4375,0.7680205537853748,0.5692154208069469,-0.19880513297842795,0.10000280665515104,2.4393089401006476
2003,1.0,20dB_nominal_difference,real,A23_compressed_feedback,REJECTED_PHYSICAL,XY,z,-0.0625,x,-0.0625,y,-0.4375,0.6116537993530816,0.5285841237807252,-0.08306967557235645,0.10000280665515104,2.4393089401006476
2003,1.0,20dB_nominal_difference,real,A23_compressed_feedback,REJECTED_PHYSICAL,XY,z,-0.0625,x,0.0625,y,-0.4375,0.42932604475479164,0.47945438808032526,0.05012834332553362,0.10000280665515104,2.4393089401006476
2003,1.0,20dB_nominal_difference,real,A23_compressed_feedback,REJECTED_PHYSICAL,XY,z,-0.0625,x,0.1875,y,-0.4375,0.2826771304935804,0.42633755513080507,0.14366042463722467,0.10000280665515104,2.4393089401006476
2003,1.0,20dB_nominal_difference,real,A23_compressed_feedback,REJECTED_PHYSICAL,XY,z,-0.0625,x,0.3125,y,-0.4375,0.1890648360199925,0.37055059429844817,0.18148575827845567,0.10000280665515104,2.4393089401006476
2003,1.0,20dB_nominal_difference,real,A23_compressed_feedback,REJECTED_PHYSICAL,XY,z,-0.0625,x,0.4375,y,-0.4375,0.13821120569415402,0.31195507447784687,0.17374386878369286,0.10000280665515104,2.4393089401006476
2003,1.0,20dB_nominal_difference,real,A23_compressed_feedback,REJECTED_PHYSICAL,XY,z,-0.0625,x,0.5625,y,-0.4375,0.11413499884626523,0.25190454332144807,0.13776954447518286,0.10000280665515104,2.4393089401006476
2003,1.0,20dB_nominal_difference,real,A23_compressed_feedback,REJECTED_PHYSICAL,XY,z,-0.0625,x,0.6875,y,-0.4375,0.10437532223490621,0.17975470040373168,0.07537937816882546,0.10000280665515104,2.4393089401006476
2003,1.0,20dB_nominal_difference,real,A23_compressed_feedback,REJECTED_PHYSICAL,XY,z,-0.0625,x,-0.6875,y,-0.3125,0.47141588431350434,0.6088115688421564,0.13739568452865203,0.10000280665515104,2.4393089401006476
2003,1.0,20dB_nominal_difference,real,A23_compressed_feedback,REJECTED_PHYSICAL,XY,z,-0.0625,x,-0.5625,y,-0.3125,0.7631807575018051,0.7085092412371797,-0.05467151626462541,0.10000280665515104,2.4393089401006476
2003,1.0,20dB_nominal_difference,real,A23_compressed_feedback,REJECTED_PHYSICAL,XY,z,-0.0625,x,-0.4375,y,-0.3125,1.0512379918332335,0.7609319529451448,-0.2903060388880887,0.10000280665515104,2.4393089401006476
2003,1.0,20dB_nominal_difference,real,A23_compressed_feedback,REJECTED_PHYSICAL,XY,z,-0.0625,x,-0.3125,y,-0.3125,1.2040981972682998,0.7679454765170948,-0.43615272075120504,0.10000280665515104,2.4393089401006476
2003,1.0,20dB_nominal_difference,real,A23_compressed_feedback,REJECTED_PHYSICAL,XY,z,-0.0625,x,-0.1875,y,-0.3125,1.1510488153136431,0.7410438025015579,-0.41000501281208523,0.10000280665515104,2.4393089401006476
2003,1.0,20dB_nominal_difference,real,A23_compressed_feedback,REJECTED_PHYSICAL,XY,z,-0.0625,x,-0.0625,y,-0.3125,0.9382279287440176,0.6905867919474331,-0.2476411367965845,0.10000280665515104,2.4393089401006476
2003,1.0,20dB_nominal_difference,real,A23_compressed_feedback,REJECTED_PHYSICAL,XY,z,-0.0625,x,0.0625,y,-0.3125,0.6754300013164558,0.624512467987737,-0.050917533328718845,0.10000280665515104,2.4393089401006476
2003,1.0,20dB_nominal_difference,real,A23_compressed_feedback,REJECTED_PHYSICAL,XY,z,-0.0625,x,0.1875,y,-0.3125,0.44804142302673045,0.547758961832837,0.09971753880610656,0.10000280665515104,2.4393089401006476
2003,1.0,20dB_nominal_difference,real,A23_compressed_feedback,REJECTED_PHYSICAL,XY,z,-0.0625,x,0.3125,y,-0.3125,0.2863367520168647,0.4628139821486421,0.1764772301317774,0.10000280665515104,2.4393089401006476
2003,1.0,20dB_nominal_difference,real,A23_compressed_feedback,REJECTED_PHYSICAL,XY,z,-0.0625,x,0.4375,y,-0.3125,0.18654806607589558,0.3714386404333049,0.1848905743574093,0.10000280665515104,2.4393089401006476
2003,1.0,20dB_nominal_difference,real,A23_compressed_feedback,REJECTED_PHYSICAL,XY,z,-0.0625,x,0.5625,y,-0.3125,0.1337171009104705,0.2769978582797077,0.14328075736923718,0.10000280665515104,2.4393089401006476
2003,1.0,20dB_nominal_difference,real,A23_compressed_feedback,REJECTED_PHYSICAL,XY,z,-0.0625,x,0.6875,y,-0.3125,0.11068803743552963,0.16970492047098876,0.05901688303545913,0.10000280665515104,2.4393089401006476
2003,1.0,20dB_nominal_difference,real,A23_compressed_feedback,REJECTED_PHYSICAL,XY,z,-0.0625,x,-0.6875,y,-0.1875,0.5696468267306692,0.7272124797435146,0.1575656530128453,0.10000280665515104,2.4393089401006476
2003,1.0,20dB_nominal_difference,real,A23_compressed_feedback,REJECTED_PHYSICAL,XY,z,-0.0625,x,-0.5625,y,-0.1875,0.9558282914551371,0.8425501793823801,-0.11327811207275706,0.10000280665515104,2.4393089401006476
2003,1.0,20dB_nominal_difference,real,A23_compressed_feedback,REJECTED_PHYSICAL,XY,z,-0.0625,x,-0.4375,y,-0.1875,1.3542696548424873,0.9116912529712182,-0.44257840187126907,0.10000280665515104,2.4393089401006476
2003,1.0,20dB_nominal_difference,real,A23_compressed_feedback,REJECTED_PHYSICAL,XY,z,-0.0625,x,-0.3125,y,-0.1875,1.5933869493856638,0.9305268871565805,-0.6628600622290833,0.10000280665515104,2.4393089401006476
2003,1.0,20dB_nominal_difference,real,A23_compressed_feedback,REJECTED_PHYSICAL,XY,z,-0.0625,x,-0.1875,y,-0.1875,1.57219576646612,0.9084843258540871,-0.6637114406120328,0.10000280665515104,2.4393089401006476
2003,1.0,20dB_nominal_difference,real,A23_compressed_feedback,REJECTED_PHYSICAL,XY,z,-0.0625,x,-0.0625,y,-0.1875,1.3358655739364922,0.8545256451623364,-0.48133992877415577,0.10000280665515104,2.4393089401006476
2003,1.0,20dB_nominal_difference,real,A23_compressed_feedback,REJECTED_PHYSICAL,XY,z,-0.0625,x,0.0625,y,-0.1875,1.0103148515285243,0.7759700610559945,-0.23434479047252976,0.10000280665515104,2.4393089401006476
2003,1.0,20dB_nominal_difference,real,A23_compressed_feedback,REJECTED_PHYSICAL,XY,z,-0.0625,x,0.1875,y,-0.1875,0.6973351976865888,0.678025961795667,-0.019309235890921816,0.10000280665515104,2.4393089401006476
2003,1.0,20dB_nominal_difference,real,A23_compressed_feedback,REJECTED_PHYSICAL,XY,z,-0.0625,x,0.3125,y,-0.1875,0.4445849133410964,0.5642958025875306,0.11971088924643425,0.10000280665515104,2.4393089401006476
2003,1.0,20dB_nominal_difference,real,A23_compressed_feedback,REJECTED_PHYSICAL,XY,z,-0.0625,x,0.4375,y,-0.1875,0.2686083196632556,0.4382433826880997,0.1696350630248441,0.10000280665515104,2.4393089401006476
2003,1.0,20dB_nominal_difference,real,A23_compressed_feedback,REJECTED_PHYSICAL,XY,z,-0.0625,x,0.5625,y,-0.1875,0.1673446911406377,0.30507079380619034,0.13772610266555263,0.10000280665515104,2.4393089401006476
2003,1.0,20dB_nominal_difference,real,A23_compressed_feedback,REJECTED_PHYSICAL,XY,z,-0.0625,x,0.6875,y,-0.1875,0.12139907314350658,0.15752845209612726,0.03612937895262068,0.10000280665515104,2.4393089401006476
2003,1.0,20dB_nominal_difference,real,A23_compressed_feedback,REJECTED_PHYSICAL,XY,z,-0.0625,x,-0.6875,y,-0.0625,0.6283217544571117,0.8109305691327592,0.1826088146756475,0.10000280665515104,2.4393089401006476
2003,1.0,20dB_nominal_difference,real,A23_compressed_feedback,REJECTED_PHYSICAL,XY,z,-0.0625,x,-0.5625,y,-0.0625,1.1052708288225817,0.9420531839014711,-0.16321764492111057,0.10000280665515104,2.4393089401006476
2003,1.0,20dB_nominal_difference,real,A23_compressed_feedback,REJECTED_PHYSICAL,XY,z,-0.0625,x,-0.4375,y,-0.0625,1.6347240816154451,1.0312246077973453,-0.6034994738180999,0.10000280665515104,2.4393089401006476
2003,1.0,20dB_nominal_difference,real,A23_compressed_feedback,REJECTED_PHYSICAL,XY,z,-0.0625,x,-0.3125,y,-0.0625,2.0005382121427666,1.067676670846899,-0.9328615412958676,0.10000280665515104,2.4393089401006476
2003,1.0,20dB_nominal_difference,real,A23_compressed_feedback,REJECTED_PHYSICAL,XY,z,-0.0625,x,-0.1875,y,-0.0625,2.0513647403546127,1.0571580541102126,-0.9942066862444001,0.10000280665515104,2.4393089401006476
2003,1.0,20dB_nominal_difference,real,A23_compressed_feedback,REJECTED_PHYSICAL,XY,z,-0.0625,x,-0.0625,y,-0.0625,1.8153929619320532,1.0061441068212853,-0.8092488551107679,0.10000280665515104,2.4393089401006476
2003,1.0,20dB_nominal_difference,real,A23_compressed_feedback,REJECTED_PHYSICAL,XY,z,-0.0625,x,0.0625,y,-0.0625,1.432022565918859,0.9208113317735155,-0.5112112341453435,0.10000280665515104,2.4393089401006476
2003,1.0,20dB_nominal_difference,real,A23_compressed_feedback,REJECTED_PHYSICAL,XY,z,-0.0625,x,0.1875,y,-0.0625,1.0219508852778023,0.8064670719534351,-0.21548381332436717,0.10000280665515104,2.4393089401006476
2003,1.0,20dB_nominal_difference,real,A23_compressed_feedback,REJECTED_PHYSICAL,XY,z,-0.0625,x,0.3125,y,-0.0625,0.6547340167083282,0.6677756318678227,0.013041615159494535,0.10000280665515104,2.4393089401006476
2003,1.0,20dB_nominal_difference,real,A23_compressed_feedback,REJECTED_PHYSICAL,XY,z,-0.0625,x,0.4375,y,-0.0625,0.37750291054443263,0.5098541359805404,0.13235122543610778,0.10000280665515104,2.4393089401006476
2003,1.0,20dB_nominal_difference,real,A23_compressed_feedback,REJECTED_PHYSICAL,XY,z,-0.0625,x,0.5625,y,-0.0625,0.21096282267272176,0.3398194378171514,0.12885661514442964,0.10000280665515104,2.4393089401006476
2003,1.0,20dB_nominal_difference,real,A23_compressed_feedback,REJECTED_PHYSICAL,XY,z,-0.0625,x,0.6875,y,-0.0625,0.13473952340882195,0.1534447797733241,0.018705256364502154,0.10000280665515104,2.4393089401006476
2003,1.0,20dB_nominal_difference,real,A23_compressed_feedback,REJECTED_PHYSICAL,XY,z,-0.0625,x,-0.6875,y,0.0625,0.6210759620670193,0.8479964106038731,0.22692044853685378,0.10000280665515104,2.4393089401006476
2003,1.0,20dB_nominal_difference,real,A23_compressed_feedback,REJECTED_PHYSICAL,XY,z,-0.0625,x,-0.5625,y,0.0625,1.1495567058371055,0.9939336908225302,-0.1556230150145752,0.10000280665515104,2.4393089401006476
2003,1.0,20dB_nominal_difference,real,A23_compressed_feedback,REJECTED_PHYSICAL,XY,z,-0.0625,x,-0.4375,y,0.0625,1.7869051011800234,1.1048594325497305,-0.6820456686302929,0.10000280665515104,2.4393089401006476
2003,1.0,20dB_nominal_difference,real,A23_compressed_feedback,REJECTED_PHYSICAL,XY,z,-0.0625,x,-0.3125,y,0.0625,2.286812997437625,1.1630774587442527,-1.123735538693372,0.10000280665515104,2.4393089401006476
2003,1.0,20dB_nominal_difference,real,A23_compressed_feedback,REJECTED_PHYSICAL,XY,z,-0.0625,x,-0.1875,y,0.0625,2.4393089401006476,1.1694265086715483,-1.2698824314290993,0.10000280665515104,2.4393089401006476
2003,1.0,20dB_nominal_difference,real,A23_compressed_feedback,REJECTED_PHYSICAL,XY,z,-0.0625,x,-0.0625,y,0.0625,2.2364472185799547,1.1272202871207793,-1.1092269314591754,0.10000280665515104,2.4393089401006476
2003,1.0,20dB_nominal_difference,real,A23_compressed_feedback,REJECTED_PHYSICAL,XY,z,-0.0625,x,0.0625,y,0.0625,1.8205734832232667,1.041320995648735,-0.7792524875745317,0.10000280665515104,2.4393089401006476
2003,1.0,20dB_nominal_difference,real,A23_compressed_feedback,REJECTED_PHYSICAL,XY,z,-0.0625,x,0.1875,y,0.0625,1.3288412623740355,0.9172076281687032,-0.4116336342053324,0.10000280665515104,2.4393089401006476
2003,1.0,20dB_nominal_difference,real,A23_compressed_feedback,REJECTED_PHYSICAL,XY,z,-0.0625,x,0.3125,y,0.0625,0.8534290111612901,0.7606706748142,-0.09275833634709008,0.10000280665515104,2.4393089401006476
2003,1.0,20dB_nominal_difference,real,A23_compressed_feedback,REJECTED_PHYSICAL,XY,z,-0.0625,x,0.4375,y,0.0625,0.4773069372254948,0.5783851955005137,0.10107825827501893,0.10000280665515104,2.4393089401006476
2003,1.0,20dB_nominal_difference,real,A23_compressed_feedback,REJECTED_PHYSICAL,XY,z,-0.0625,x,0.5625,y,0.0625,0.24851702811324247,0.3791002052807634,0.1305831771675209,0.10000280665515104,2.4393089401006476
2003,1.0,20dB_nominal_difference,real,A23_compressed_feedback,REJECTED_PHYSICAL,XY,z,-0.0625,x,0.6875,y,0.0625,0.14525379334639565,0.1608942875514149,0.015640494205019256,0.10000280665515104,2.4393089401006476
2003,1.0,20dB_nominal_difference,real,A23_compressed_feedback,REJECTED_PHYSICAL,XY,z,-0.0625,x,-0.6875,y,0.1875,0.5103021576475198,0.8237623600853019,0.31346020243778205,0.10000280665515104,2.4393089401006476
2003,1.0,20dB_nominal_difference,real,A23_compressed_feedback,REJECTED_PHYSICAL,XY,z,-0.0625,x,-0.5625,y,0.1875,0.9743923479894698,0.9831302304334896,0.00873788244401974,0.10000280665515104,2.4393089401006476
2003,1.0,20dB_nominal_difference,real,A23_compressed_feedback,REJECTED_PHYSICAL,XY,z,-0.0625,x,-0.4375,y,0.1875,1.5811825065528802,1.1168994232587535,-0.4642830832941267,0.10000280665515104,2.4393089401006476
2003,1.0,20dB_nominal_difference,real,A23_compressed_feedback,REJECTED_PHYSICAL,XY,z,-0.0625,x,-0.3125,y,0.1875,2.1176174428339274,1.1997543767624972,-0.9178630660714302,0.10000280665515104,2.4393089401006476
2003,1.0,20dB_nominal_difference,real,A23_compressed_feedback,REJECTED_PHYSICAL,XY,z,-0.0625,x,-0.1875,y,0.1875,2.3639038086931112,1.2266174281639082,-1.137286380529203,0.10000280665515104,2.4393089401006476
2003,1.0,20dB_nominal_difference,real,A23_compressed_feedback,REJECTED_PHYSICAL,XY,z,-0.0625,x,-0.0625,y,0.1875,2.2667470865639103,1.1976096166035572,-1.069137469960353,0.10000280665515104,2.4393089401006476
2003,1.0,20dB_nominal_difference,real,A23_compressed_feedback,REJECTED_PHYSICAL,XY,z,-0.0625,x,0.0625,y,0.1875,1.9225619728156096,1.1167520491995178,-0.8058099236160918,0.10000280665515104,2.4393089401006476
2003,1.0,20dB_nominal_difference,real,A23_compressed_feedback,REJECTED_PHYSICAL,XY,z,-0.0625,x,0.1875,y,0.1875,1.4442630593714165,0.9902169738195242,-0.4540460855518923,0.10000280665515104,2.4393089401006476
2003,1.0,20dB_nominal_difference,real,A23_compressed_feedback,REJECTED_PHYSICAL,XY,z,-0.0625,x,0.3125,y,0.1875,0.9345859320194754,0.8251835942246866,-0.1094023377947888,0.10000280665515104,2.4393089401006476
2003,1.0,20dB_nominal_difference,real,A23_compressed_feedback,REJECTED_PHYSICAL,XY,z,-0.0625,x,0.4375,y,0.1875,0.5142921268065137,0.6296803795414427,0.11538825273492903,0.10000280665515104,2.4393089401006476
2003,1.0,20dB_nominal_difference,real,A23_compressed_feedback,REJECTED_PHYSICAL,XY,z,-0.0625,x,0.5625,y,0.1875,0.2589989308679361,0.4133240227894207,0.15432509192148464,0.10000280665515104,2.4393089401006476
2003,1.0,20dB_nominal_difference,real,A23_compressed_feedback,REJECTED_PHYSICAL,XY,z,-0.0625,x,0.6875,y,0.1875,0.1468137239358196,0.1748753701804075,0.0280616462445879,0.10000280665515104,2.4393089401006476
2003,1.0,20dB_nominal_difference,real,A23_compressed_feedback,REJECTED_PHYSICAL,XY,z,-0.0625,x,-0.6875,y,0.3125,0.3360942864355679,0.7239015450342625,0.38780725859869464,0.10000280665515104,2.4393089401006476
2003,1.0,20dB_nominal_difference,real,A23_compressed_feedback,REJECTED_PHYSICAL,XY,z,-0.0625,x,-0.5625,y,0.3125,0.6312491800006208,0.8963561048794002,0.2651069248787794,0.10000280665515104,2.4393089401006476
2003,1.0,20dB_nominal_difference,real,A23_compressed_feedback,REJECTED_PHYSICAL,XY,z,-0.0625,x,-0.4375,y,0.3125,1.051716919029555,1.0550797644773342,0.003362845447779206,0.10000280665515104,2.4393089401006476
2003,1.0,20dB_nominal_difference,real,A23_compressed_feedback,REJECTED_PHYSICAL,XY,z,-0.0625,x,-0.3125,y,0.3125,1.4763014191651487,1.1646041189735543,-0.31169730019159436,0.10000280665515104,2.4393089401006476
2003,1.0,20dB_nominal_difference,real,A23_compressed_feedback,REJECTED_PHYSICAL,XY,z,-0.0625,x,-0.1875,y,0.3125,1.749301509560281,1.2133167897041257,-0.5359847198561554,0.10000280665515104,2.4393089401006476
2003,1.0,20dB_nominal_difference,real,A23_compressed_feedback,REJECTED_PHYSICAL,XY,z,-0.0625,x,-0.0625,y,0.3125,1.793712116179598,1.1992500485206652,-0.5944620676589327,0.10000280665515104,2.4393089401006476
2003,1.0,20dB_nominal_difference,real,A23_compressed_feedback,REJECTED_PHYSICAL,XY,z,-0.0625,x,0.0625,y,0.3125,1.6202018443297486,1.1269949468762877,-0.4932068974534609,0.10000280665515104,2.4393089401006476
2003,1.0,20dB_nominal_difference,real,A23_compressed_feedback,REJECTED_PHYSICAL,XY,z,-0.0625,x,0.1875,y,0.3125,1.2708048299039434,1.0045111070014159,-0.2662937229025275,0.10000280665515104,2.4393089401006476
2003,1.0,20dB_nominal_difference,real,A23_compressed_feedback,REJECTED_PHYSICAL,XY,z,-0.0625,x,0.3125,y,0.3125,0.8364409971732933,0.8409035578234787,0.004462560650185354,0.10000280665515104,2.4393089401006476
2003,1.0,20dB_nominal_difference,real,A23_compressed_feedback,REJECTED_PHYSICAL,XY,z,-0.0625,x,0.4375,y,0.3125,0.46072484726214424,0.6453139225242783,0.18458907526213408,0.10000280665515104,2.4393089401006476
2003,1.0,20dB_nominal_difference,real,A23_compressed_feedback,REJECTED_PHYSICAL,XY,z,-0.0625,x,0.5625,y,0.3125,0.23431364009164465,0.4269591687527846,0.19264552866113996,0.10000280665515104,2.4393089401006476
2003,1.0,20dB_nominal_difference,real,A23_compressed_feedback,REJECTED_PHYSICAL,XY,z,-0.0625,x,0.6875,y,0.3125,0.13809446433182498,0.1827573973866486,0.044662933054823606,0.10000280665515104,2.4393089401006476
2003,1.0,20dB_nominal_difference,real,A23_compressed_feedback,REJECTED_PHYSICAL,XY,z,-0.0625,x,-0.6875,y,0.4375,0.19636527008616136,0.5363030396980156,0.3399377696118543,0.10000280665515104,2.4393089401006476
2003,1.0,20dB_nominal_difference,real,A23_compressed_feedback,REJECTED_PHYSICAL,XY,z,-0.0625,x,-0.5625,y,0.4375,0.3304065909531588,0.7269086432501445,0.3965020522969857,0.10000280665515104,2.4393089401006476
2003,1.0,20dB_nominal_difference,real,A23_compressed_feedback,REJECTED_PHYSICAL,XY,z,-0.0625,x,-0.4375,y,0.4375,0.5423290814138372,0.9169628340356999,0.3746337526218627,0.10000280665515104,2.4393089401006476
2003,1.0,20dB_nominal_difference,real,A23_compressed_feedback,REJECTED_PHYSICAL,XY,z,-0.0625,x,-0.3125,y,0.4375,0.7931632953463006,1.054446022781865,0.26128272743556447,0.10000280665515104,2.4393089401006476
2003,1.0,20dB_nominal_difference,real,A23_compressed_feedback,REJECTED_PHYSICAL,XY,z,-0.0625,x,-0.1875,y,0.4375,1.0109569031931351,1.1228304067357442,0.11187350354260905,0.10000280665515104,2.4393089401006476
2003,1.0,20dB_nominal_difference,real,A23_compressed_feedback,REJECTED_PHYSICAL,XY,z,-0.0625,x,-0.0625,y,0.4375,1.1301085851110904,1.1213477281186393,-0.008760856992451105,0.10000280665515104,2.4393089401006476
2003,1.0,20dB_nominal_difference,real,A23_compressed_feedback,REJECTED_PHYSICAL,XY,z,-0.0625,x,0.0625,y,0.4375,1.1019077672419235,1.0576523877320398,-0.044255379509883674,0.10000280665515104,2.4393089401006476
2003,1.0,20dB_nominal_difference,real,A23_compressed_feedback,REJECTED_PHYSICAL,XY,z,-0.0625,x,0.1875,y,0.4375,0.9075131061369519,0.9430572552532849,0.03554414911633297,0.10000280665515104,2.4393089401006476
2003,1.0,20dB_nominal_difference,real,A23_compressed_feedback,REJECTED_PHYSICAL,XY,z,-0.0625,x,0.3125,y,0.4375,0.6121332670893772,0.78940509128506,0.17727182419568277,0.10000280665515104,2.4393089401006476
2003,1.0,20dB_nominal_difference,real,A23_compressed_feedback,REJECTED_PHYSICAL,XY,z,-0.0625,x,0.4375,y,0.4375,0.34617517019153404,0.6069096009142637,0.26073443072272967,0.10000280665515104,2.4393089401006476
2003,1.0,20dB_nominal_difference,real,A23_compressed_feedback,REJECTED_PHYSICAL,XY,z,-0.0625,x,0.5625,y,0.4375,0.18863892492293355,0.4027786189845989,0.21413969406166533,0.10000280665515104,2.4393089401006476
2003,1.0,20dB_nominal_difference,real,A23_compressed_feedback,REJECTED_PHYSICAL,XY,z,-0.0625,x,0.6875,y,0.4375,0.12420986700759837,0.1678692429548057,0.04365937594720734,0.10000280665515104,2.4393089401006476
2003,1.0,20dB_nominal_difference,real,A23_compressed_feedback,REJECTED_PHYSICAL,XY,z,-0.0625,x,-0.6875,y,0.5625,0.12924445446531077,0.24537127146836585,0.11612681700305508,0.10000280665515104,2.4393089401006476
2003,1.0,20dB_nominal_difference,real,A23_compressed_feedback,REJECTED_PHYSICAL,XY,z,-0.0625,x,-0.5625,y,0.5625,0.1756160012780075,0.48202579863002637,0.3064097973520189,0.10000280665515104,2.4393089401006476
2003,1.0,20dB_nominal_difference,real,A23_compressed_feedback,REJECTED_PHYSICAL,XY,z,-0.0625,x,-0.4375,y,0.5625,0.259000299818512,0.7183480912919648,0.4593477914734527,0.10000280665515104,2.4393089401006476
2003,1.0,20dB_nominal_difference,real,A23_compressed_feedback,REJECTED_PHYSICAL,XY,z,-0.0625,x,-0.3125,y,0.5625,0.37653173073906876,0.8817898704416286,0.5052581397025598,0.10000280665515104,2.4393089401006476
2003,1.0,20dB_nominal_difference,real,A23_compressed_feedback,REJECTED_PHYSICAL,XY,z,-0.0625,x,-0.1875,y,0.5625,0.506675946628696,0.9617982659386459,0.45512231930994995,0.10000280665515104,2.4393089401006476
2003,1.0,20dB_nominal_difference,real,A23_compressed_feedback,REJECTED_PHYSICAL,XY,z,-0.0625,x,-0.0625,y,0.5625,0.6101120990128424,0.9649989263476811,0.3548868273348388,0.10000280665515104,2.4393089401006476
2003,1.0,20dB_nominal_difference,real,A23_compressed_feedback,REJECTED_PHYSICAL,XY,z,-0.0625,x,0.0625,y,0.5625,0.6331585500037717,0.9050199011270137,0.27186135112324195,0.10000280665515104,2.4393089401006476
2003,1.0,20dB_nominal_difference,real,A23_compressed_feedback,REJECTED_PHYSICAL,XY,z,-0.0625,x,0.1875,y,0.5625,0.5427929692601228,0.7980245438855189,0.25523157462539614,0.10000280665515104,2.4393089401006476
2003,1.0,20dB_nominal_difference,real,A23_compressed_feedback,REJECTED_PHYSICAL,XY,z,-0.0625,x,0.3125,y,0.5625,0.3794204228426242,0.6594804202290181,0.28005999738639387,0.10000280665515104,2.4393089401006476
2003,1.0,20dB_nominal_difference,real,A23_compressed_feedback,REJECTED_PHYSICAL,XY,z,-0.0625,x,0.4375,y,0.5625,0.23078019009852938,0.5012404921140934,0.27046030201556404,0.10000280665515104,2.4393089401006476
2003,1.0,20dB_nominal_difference,real,A23_compressed_feedback,REJECTED_PHYSICAL,XY,z,-0.0625,x,0.5625,y,0.5625,0.14541684133754199,0.3278968740247847,0.1824800326872427,0.10000280665515104,2.4393089401006476
2003,1.0,20dB_nominal_difference,real,A23_compressed_feedback,REJECTED_PHYSICAL,XY,z,-0.0625,x,0.6875,y,0.5625,0.11196523468386677,0.1165550619627886,0.004589827278921835,0.10000280665515104,2.4393089401006476
2003,1.0,20dB_nominal_difference,real,A23_compressed_feedback,REJECTED_PHYSICAL,XY,z,-0.0625,x,-0.6875,y,0.6875,0.10757061669085034,-0.22549585633820599,-0.33306647302905634,0.10000280665515104,2.4393089401006476
2003,1.0,20dB_nominal_difference,real,A23_compressed_feedback,REJECTED_PHYSICAL,XY,z,-0.0625,x,-0.5625,y,0.6875,0.12147228107661603,0.18177838046568687,0.06030609938907083,0.10000280665515104,2.4393089401006476
2003,1.0,20dB_nominal_difference,real,A23_compressed_feedback,REJECTED_PHYSICAL,XY,z,-0.0625,x,-0.4375,y,0.6875,0.1498920335874162,0.4726136331023838,0.3227215995149676,0.10000280665515104,2.4393089401006476
2003,1.0,20dB_nominal_difference,real,A23_compressed_feedback,REJECTED_PHYSICAL,XY,z,-0.0625,x,-0.3125,y,0.6875,0.19636481656480523,0.6452100355691693,0.44884521900436414,0.10000280665515104,2.4393089401006476
2003,1.0,20dB_nominal_difference,real,A23_compressed_feedback,REJECTED_PHYSICAL,XY,z,-0.0625,x,-0.1875,y,0.6875,0.2566519306132574,0.7189854534884749,0.46233352287521745,0.10000280665515104,2.4393089401006476
2003,1.0,20dB_nominal_difference,real,A23_compressed_feedback,REJECTED_PHYSICAL,XY,z,-0.0625,x,-0.0625,y,0.6875,0.31226572562427457,0.7129916524785304,0.4007259268542558,0.10000280665515104,2.4393089401006476
2003,1.0,20dB_nominal_difference,real,A23_compressed_feedback,REJECTED_PHYSICAL,XY,z,-0.0625,x,0.0625,y,0.6875,0.33092986252045176,0.6483921390576601,0.3174622765372084,0.10000280665515104,2.4393089401006476
2003,1.0,20dB_nominal_difference,real,A23_compressed_feedback,REJECTED_PHYSICAL,XY,z,-0.0625,x,0.1875,y,0.6875,0.2925617723395832,0.5469934833032444,0.2544317109636612,0.10000280665515104,2.4393089401006476
2003,1.0,20dB_nominal_difference,real,A23_compressed_feedback,REJECTED_PHYSICAL,XY,z,-0.0625,x,0.3125,y,0.6875,0.21897813895285967,0.4284155895746645,0.20943745062180485,0.10000280665515104,2.4393089401006476
2003,1.0,20dB_nominal_difference,real,A23_compressed_feedback,REJECTED_PHYSICAL,XY,z,-0.0625,x,0.4375,y,0.6875,0.15381517178462956,0.3070313566766258,0.15321618489199623,0.10000280665515104,2.4393089401006476
2003,1.0,20dB_nominal_difference,real,A23_compressed_feedback,REJECTED_PHYSICAL,XY,z,-0.0625,x,0.5625,y,0.6875,0.11800504536499465,0.18815764092341364,0.07015259555841899,0.10000280665515104,2.4393089401006476
2003,1.0,20dB_nominal_difference,real,A23_compressed_feedback,REJECTED_PHYSICAL,XY,z,-0.0625,x,0.6875,y,0.6875,0.10459203481686485,0.03667076700272734,-0.06792126781413751,0.10000280665515104,2.4393089401006476
2003,1.0,20dB_nominal_difference,real,A23_compressed_feedback,REJECTED_PHYSICAL,XZ,y,-0.0625,x,-0.6875,z,-0.6875,0.11621494397686223,-0.01721902912102953,-0.13343397309789176,0.10000280665515104,2.4393089401006476
2003,1.0,20dB_nominal_difference,real,A23_compressed_feedback,REJECTED_PHYSICAL,XZ,y,-0.0625,x,-0.5625,z,-0.6875,0.14167833073699854,0.16152063297197142,0.01984230223497288,0.10000280665515104,2.4393089401006476
2003,1.0,20dB_nominal_difference,real,A23_compressed_feedback,REJECTED_PHYSICAL,XZ,y,-0.0625,x,-0.4375,z,-0.6875,0.18901257067646937,0.304315934102001,0.1153033634255316,0.10000280665515104,2.4393089401006476
2003,1.0,20dB_nominal_difference,real,A23_compressed_feedback,REJECTED_PHYSICAL,XZ,y,-0.0625,x,-0.3125,z,-0.6875,0.259950972951342,0.4216358132426342,0.1616848402912922,0.10000280665515104,2.4393089401006476
2003,1.0,20dB_nominal_difference,real,A23_compressed_feedback,REJECTED_PHYSICAL,XZ,y,-0.0625,x,-0.1875,z,-0.6875,0.3415662872643081,0.5259542077002022,0.18438792043589408,0.10000280665515104,2.4393089401006476
2003,1.0,20dB_nominal_difference,real,A23_compressed_feedback,REJECTED_PHYSICAL,XZ,y,-0.0625,x,-0.0625,z,-0.6875,0.4028228203502685,0.6188676378299188,0.21604481747965032,0.10000280665515104,2.4393089401006476
2003,1.0,20dB_nominal_difference,real,A23_compressed_feedback,REJECTED_PHYSICAL,XZ,y,-0.0625,x,0.0625,z,-0.6875,0.40998477069220574,0.6919977933262522,0.2820130226340465,0.10000280665515104,2.4393089401006476
2003,1.0,20dB_nominal_difference,real,A23_compressed_feedback,REJECTED_PHYSICAL,XZ,y,-0.0625,x,0.1875,z,-0.6875,0.3554786085062801,0.7288440746293351,0.373365466123055,0.10000280665515104,2.4393089401006476
2003,1.0,20dB_nominal_difference,real,A23_compressed_feedback,REJECTED_PHYSICAL,XZ,y,-0.0625,x,0.3125,z,-0.6875,0.2678785568935278,0.7082788667069533,0.4404003098134255,0.10000280665515104,2.4393089401006476
2003,1.0,20dB_nominal_difference,real,A23_compressed_feedback,REJECTED_PHYSICAL,XZ,y,-0.0625,x,0.4375,z,-0.6875,0.18744245805649692,0.6091675137907586,0.42172505573426167,0.10000280665515104,2.4393089401006476
2003,1.0,20dB_nominal_difference,real,A23_compressed_feedback,REJECTED_PHYSICAL,XZ,y,-0.0625,x,0.5625,z,-0.6875,0.13598750887735703,0.41423306498837154,0.27824555611101454,0.10000280665515104,2.4393089401006476
2003,1.0,20dB_nominal_difference,real,A23_compressed_feedback,REJECTED_PHYSICAL,XZ,y,-0.0625,x,0.6875,z,-0.6875,0.11168372594224833,0.11276552631759372,0.0010818003753453875,0.10000280665515104,2.4393089401006476
2003,1.0,20dB_nominal_difference,real,A23_compressed_feedback,REJECTED_PHYSICAL,XZ,y,-0.0625,x,-0.6875,z,-0.5625,0.14122614752688997,0.31104531343137304,0.16981916590448307,0.10000280665515104,2.4393089401006476
2003,1.0,20dB_nominal_difference,real,A23_compressed_feedback,REJECTED_PHYSICAL,XZ,y,-0.0625,x,-0.5625,z,-0.5625,0.200419187136389,0.4237253992086323,0.22330621207224327,0.10000280665515104,2.4393089401006476
2003,1.0,20dB_nominal_difference,real,A23_compressed_feedback,REJECTED_PHYSICAL,XZ,y,-0.0625,x,-0.4375,z,-0.5625,0.30153160391500555,0.5310518653644146,0.22952026144940907,0.10000280665515104,2.4393089401006476
2003,1.0,20dB_nominal_difference,real,A23_compressed_feedback,REJECTED_PHYSICAL,XZ,y,-0.0625,x,-0.3125,z,-0.5625,0.44037021178356406,0.6161926833066741,0.17582247152311004,0.10000280665515104,2.4393089401006476
2003,1.0,20dB_nominal_difference,real,A23_compressed_feedback,REJECTED_PHYSICAL,XZ,y,-0.0625,x,-0.1875,z,-0.5625,0.5880340597095615,0.6831653297656783,0.09513127005611688,0.10000280665515104,2.4393089401006476
2003,1.0,20dB_nominal_difference,real,A23_compressed_feedback,REJECTED_PHYSICAL,XZ,y,-0.0625,x,-0.0625,z,-0.5625,0.689748814507086,0.7327470268755087,0.04299821236842272,0.10000280665515104,2.4393089401006476
2003,1.0,20dB_nominal_difference,real,A23_compressed_feedback,REJECTED_PHYSICAL,XZ,y,-0.0625,x,0.0625,z,-0.5625,0.690294072267938,0.7597130248782469,0.06941895261030884,0.10000280665515104,2.4393089401006476
2003,1.0,20dB_nominal_difference,real,A23_compressed_feedback,REJECTED_PHYSICAL,XZ,y,-0.0625,x,0.1875,z,-0.5625,0.5805590920482502,0.7531091682513231,0.17255007620307294,0.10000280665515104,2.4393089401006476
2003,1.0,20dB_nominal_difference,real,A23_compressed_feedback,REJECTED_PHYSICAL,XZ,y,-0.0625,x,0.3125,z,-0.5625,0.4138360617992508,0.6984542326471072,0.28461817084785634,0.10000280665515104,2.4393089401006476
2003,1.0,20dB_nominal_difference,real,A23_compressed_feedback,REJECTED_PHYSICAL,XZ,y,-0.0625,x,0.4375,z,-0.5625,0.26299012901367935,0.5811301873116117,0.31814005829793235,0.10000280665515104,2.4393089401006476
2003,1.0,20dB_nominal_difference,real,A23_compressed_feedback,REJECTED_PHYSICAL,XZ,y,-0.0625,x,0.5625,z,-0.5625,0.1669907225789156,0.3899693049449602,0.2229785823660446,0.10000280665515104,2.4393089401006476
2003,1.0,20dB_nominal_difference,real,A23_compressed_feedback,REJECTED_PHYSICAL,XZ,y,-0.0625,x,0.6875,z,-0.5625,0.1217361993717566,0.12471295918338235,0.002976759811625748,0.10000280665515104,2.4393089401006476
2003,1.0,20dB_nominal_difference,real,A23_compressed_feedback,REJECTED_PHYSICAL,XZ,y,-0.0625,x,-0.6875,z,-0.4375,0.18854133767931314,0.5479637305677885,0.35942239288847533,0.10000280665515104,2.4393089401006476
2003,1.0,20dB_nominal_difference,real,A23_compressed_feedback,REJECTED_PHYSICAL,XZ,y,-0.0625,x,-0.5625,z,-0.4375,0.3046989827142481,0.648327253666497,0.3436282709522489,0.10000280665515104,2.4393089401006476
2003,1.0,20dB_nominal_difference,real,A23_compressed_feedback,REJECTED_PHYSICAL,XZ,y,-0.0625,x,-0.4375,z,-0.4375,0.48596795112197233,0.7350326270057909,0.24906467588381853,0.10000280665515104,2.4393089401006476
2003,1.0,20dB_nominal_difference,real,A23_compressed_feedback,REJECTED_PHYSICAL,XZ,y,-0.0625,x,-0.3125,z,-0.4375,0.7091374724836553,0.7947958689391305,0.08565839645547513,0.10000280665515104,2.4393089401006476
2003,1.0,20dB_nominal_difference,real,A23_compressed_feedback,REJECTED_PHYSICAL,XZ,y,-0.0625,x,-0.1875,z,-0.4375,0.9201513509826263,0.8305559679506058,-0.08959538303202053,0.10000280665515104,2.4393089401006476
2003,1.0,20dB_nominal_difference,real,A23_compressed_feedback,REJECTED_PHYSICAL,XZ,y,-0.0625,x,-0.0625,z,-0.4375,1.0440131087084437,0.8436809107552441,-0.20033219795319956,0.10000280665515104,2.4393089401006476
2003,1.0,20dB_nominal_difference,real,A23_compressed_feedback,REJECTED_PHYSICAL,XZ,y,-0.0625,x,0.0625,z,-0.4375,1.0153417515234073,0.8318997851232407,-0.18344196640016663,0.10000280665515104,2.4393089401006476
2003,1.0,20dB_nominal_difference,real,A23_compressed_feedback,REJECTED_PHYSICAL,XZ,y,-0.0625,x,0.1875,z,-0.4375,0.8318450705852465,0.7889831148878002,-0.04286195569744633,0.10000280665515104,2.4393089401006476
2003,1.0,20dB_nominal_difference,real,A23_compressed_feedback,REJECTED_PHYSICAL,XZ,y,-0.0625,x,0.3125,z,-0.4375,0.5735444450055384,0.7060729936910923,0.13252854868555397,0.10000280665515104,2.4393089401006476
2003,1.0,20dB_nominal_difference,real,A23_compressed_feedback,REJECTED_PHYSICAL,XZ,y,-0.0625,x,0.4375,z,-0.4375,0.34485019245423465,0.5743433441158511,0.22949315166161643,0.10000280665515104,2.4393089401006476
2003,1.0,20dB_nominal_difference,real,A23_compressed_feedback,REJECTED_PHYSICAL,XZ,y,-0.0625,x,0.5625,z,-0.4375,0.200424569976369,0.3888198780595088,0.18839530808313978,0.10000280665515104,2.4393089401006476
2003,1.0,20dB_nominal_difference,real,A23_compressed_feedback,REJECTED_PHYSICAL,XZ,y,-0.0625,x,0.6875,z,-0.4375,0.1325478883025453,0.1501779277412052,0.0176300394386599,0.10000280665515104,2.4393089401006476
2003,1.0,20dB_nominal_difference,real,A23_compressed_feedback,REJECTED_PHYSICAL,XZ,y,-0.0625,x,-0.6875,z,-0.3125,0.27165148420820645,0.7033626795827956,0.4317111953745892,0.10000280665515104,2.4393089401006476
2003,1.0,20dB_nominal_difference,real,A23_compressed_feedback,REJECTED_PHYSICAL,XZ,y,-0.0625,x,-0.5625,z,-0.3125,0.4724366548980322,0.8103694218950424,0.33793276699701014,0.10000280665515104,2.4393089401006476
2003,1.0,20dB_nominal_difference,real,A23_compressed_feedback,REJECTED_PHYSICAL,XZ,y,-0.0625,x,-0.4375,z,-0.3125,0.7542835578727636,0.8923952273872625,0.13811166951449894,0.10000280665515104,2.4393089401006476
2003,1.0,20dB_nominal_difference,real,A23_compressed_feedback,REJECTED_PHYSICAL,XZ,y,-0.0625,x,-0.3125,z,-0.3125,1.053977757504587,0.9381937539553217,-0.11578400354926532,0.10000280665515104,2.4393089401006476
2003,1.0,20dB_nominal_difference,real,A23_compressed_feedback,REJECTED_PHYSICAL,XZ,y,-0.0625,x,-0.1875,z,-0.3125,1.2853669072730722,0.9518290503904739,-0.3335378568825983,0.10000280665515104,2.4393089401006476
2003,1.0,20dB_nominal_difference,real,A23_compressed_feedback,REJECTED_PHYSICAL,XZ,y,-0.0625,x,-0.0625,z,-0.3125,1.3736470119959532,0.9363612057507179,-0.4372858062452353,0.10000280665515104,2.4393089401006476
2003,1.0,20dB_nominal_difference,real,A23_compressed_feedback,REJECTED_PHYSICAL,XZ,y,-0.0625,x,0.0625,z,-0.3125,1.2760404297557715,0.8926176038990289,-0.3834228258567426,0.10000280665515104,2.4393089401006476
2003,1.0,20dB_nominal_difference,real,A23_compressed_feedback,REJECTED_PHYSICAL,XZ,y,-0.0625,x,0.1875,z,-0.3125,1.0131870962735332,0.818797385163147,-0.19438971111038617,0.10000280665515104,2.4393089401006476
2003,1.0,20dB_nominal_difference,real,A23_compressed_feedback,REJECTED_PHYSICAL,XZ,y,-0.0625,x,0.3125,z,-0.3125,0.6819521328815469,0.7113125739786862,0.02936044109713931,0.10000280665515104,2.4393089401006476
2003,1.0,20dB_nominal_difference,real,A23_compressed_feedback,REJECTED_PHYSICAL,XZ,y,-0.0625,x,0.4375,z,-0.3125,0.3986884005573418,0.5669237115526826,0.16823531099534084,0.10000280665515104,2.4393089401006476
2003,1.0,20dB_nominal_difference,real,A23_compressed_feedback,REJECTED_PHYSICAL,XZ,y,-0.0625,x,0.5625,z,-0.3125,0.22202076187038278,0.38605371595765214,0.16403295408726937,0.10000280665515104,2.4393089401006476
2003,1.0,20dB_nominal_difference,real,A23_compressed_feedback,REJECTED_PHYSICAL,XZ,y,-0.0625,x,0.6875,z,-0.3125,0.13943247911331574,0.16712435302998108,0.027691873916665333,0.10000280665515104,2.4393089401006476
2003,1.0,20dB_nominal_difference,real,A23_compressed_feedback,REJECTED_PHYSICAL,XZ,y,-0.0625,x,-0.6875,z,-0.1875,0.42002483827914483,0.7868216400769258,0.36679680179778096,0.10000280665515104,2.4393089401006476
2003,1.0,20dB_nominal_difference,real,A23_compressed_feedback,REJECTED_PHYSICAL,XZ,y,-0.0625,x,-0.5625,z,-0.1875,0.7450298297118094,0.9065186237237494,0.16148879401193994,0.10000280665515104,2.4393089401006476
2003,1.0,20dB_nominal_difference,real,A23_compressed_feedback,REJECTED_PHYSICAL,XZ,y,-0.0625,x,-0.4375,z,-0.1875,1.1478208672699934,0.9915493390363551,-0.15627152823363832,0.10000280665515104,2.4393089401006476
2003,1.0,20dB_nominal_difference,real,A23_compressed_feedback,REJECTED_PHYSICAL,XZ,y,-0.0625,x,-0.3125,z,-0.1875,1.4971603943826182,1.0310833502684624,-0.46607704411415574,0.10000280665515104,2.4393089401006476
2003,1.0,20dB_nominal_difference,real,A23_compressed_feedback,REJECTED_PHYSICAL,XZ,y,-0.0625,x,-0.1875,z,-0.1875,1.6716590442638442,1.030158517790804,-0.6415005264730402,0.10000280665515104,2.4393089401006476
2003,1.0,20dB_nominal_difference,real,A23_compressed_feedback,REJECTED_PHYSICAL,XZ,y,-0.0625,x,-0.0625,z,-0.1875,1.6322981737694875,0.9936780131172717,-0.6386201606522158,0.10000280665515104,2.4393089401006476
2003,1.0,20dB_nominal_difference,real,A23_compressed_feedback,REJECTED_PHYSICAL,XZ,y,-0.0625,x,0.0625,z,-0.1875,1.4089184119352074,0.9254024030932158,-0.48351600884199164,0.10000280665515104,2.4393089401006476
2003,1.0,20dB_nominal_difference,real,A23_compressed_feedback,REJECTED_PHYSICAL,XZ,y,-0.0625,x,0.1875,z,-0.1875,1.0668318973946278,0.8274865358316873,-0.2393453615629405,0.10000280665515104,2.4393089401006476
2003,1.0,20dB_nominal_difference,real,A23_compressed_feedback,REJECTED_PHYSICAL,XZ,y,-0.0625,x,0.3125,z,-0.1875,0.7002026573573021,0.7009828418162682,0.0007801844589661044,0.10000280665515104,2.4393089401006476
2003,1.0,20dB_nominal_difference,real,A23_compressed_feedback,REJECTED_PHYSICAL,XZ,y,-0.0625,x,0.4375,z,-0.1875,0.40417459163708913,0.5474408549191775,0.14326626328208836,0.10000280665515104,2.4393089401006476
2003,1.0,20dB_nominal_difference,real,A23_compressed_feedback,REJECTED_PHYSICAL,XZ,y,-0.0625,x,0.5625,z,-0.1875,0.22322980299869005,0.3712997492879665,0.14806994628927644,0.10000280665515104,2.4393089401006476
2003,1.0,20dB_nominal_difference,real,A23_compressed_feedback,REJECTED_PHYSICAL,XZ,y,-0.0625,x,0.6875,z,-0.1875,0.13947057981502986,0.16881849518493616,0.029347915369906302,0.10000280665515104,2.4393089401006476
2003,1.0,20dB_nominal_difference,real,A23_compressed_feedback,REJECTED_PHYSICAL,XZ,y,-0.0625,x,-0.6875,z,-0.0625,0.6283217544571117,0.8109305691327592,0.1826088146756475,0.10000280665515104,2.4393089401006476
2003,1.0,20dB_nominal_difference,real,A23_compressed_feedback,REJECTED_PHYSICAL,XZ,y,-0.0625,x,-0.5625,z,-0.0625,1.1052708288225817,0.9420531839014711,-0.16321764492111057,0.10000280665515104,2.4393089401006476
2003,1.0,20dB_nominal_difference,real,A23_compressed_feedback,REJECTED_PHYSICAL,XZ,y,-0.0625,x,-0.4375,z,-0.0625,1.6347240816154451,1.0312246077973453,-0.6034994738180999,0.10000280665515104,2.4393089401006476
2003,1.0,20dB_nominal_difference,real,A23_compressed_feedback,REJECTED_PHYSICAL,XZ,y,-0.0625,x,-0.3125,z,-0.0625,2.0005382121427666,1.067676670846899,-0.9328615412958676,0.10000280665515104,2.4393089401006476
2003,1.0,20dB_nominal_difference,real,A23_compressed_feedback,REJECTED_PHYSICAL,XZ,y,-0.0625,x,-0.1875,z,-0.0625,2.0513647403546127,1.0571580541102126,-0.9942066862444001,0.10000280665515104,2.4393089401006476
2003,1.0,20dB_nominal_difference,real,A23_compressed_feedback,REJECTED_PHYSICAL,XZ,y,-0.0625,x,-0.0625,z,-0.0625,1.8153929619320532,1.0061441068212853,-0.8092488551107679,0.10000280665515104,2.4393089401006476
2003,1.0,20dB_nominal_difference,real,A23_compressed_feedback,REJECTED_PHYSICAL,XZ,y,-0.0625,x,0.0625,z,-0.0625,1.432022565918859,0.9208113317735155,-0.5112112341453435,0.10000280665515104,2.4393089401006476
2003,1.0,20dB_nominal_difference,real,A23_compressed_feedback,REJECTED_PHYSICAL,XZ,y,-0.0625,x,0.1875,z,-0.0625,1.0219508852778023,0.8064670719534351,-0.21548381332436717,0.10000280665515104,2.4393089401006476
2003,1.0,20dB_nominal_difference,real,A23_compressed_feedback,REJECTED_PHYSICAL,XZ,y,-0.0625,x,0.3125,z,-0.0625,0.6547340167083282,0.6677756318678227,0.013041615159494535,0.10000280665515104,2.4393089401006476
2003,1.0,20dB_nominal_difference,real,A23_compressed_feedback,REJECTED_PHYSICAL,XZ,y,-0.0625,x,0.4375,z,-0.0625,0.37750291054443263,0.5098541359805404,0.13235122543610778,0.10000280665515104,2.4393089401006476
2003,1.0,20dB_nominal_difference,real,A23_compressed_feedback,REJECTED_PHYSICAL,XZ,y,-0.0625,x,0.5625,z,-0.0625,0.21096282267272176,0.3398194378171514,0.12885661514442964,0.10000280665515104,2.4393089401006476
2003,1.0,20dB_nominal_difference,real,A23_compressed_feedback,REJECTED_PHYSICAL,XZ,y,-0.0625,x,0.6875,z,-0.0625,0.13473952340882195,0.1534447797733241,0.018705256364502154,0.10000280665515104,2.4393089401006476
2003,1.0,20dB_nominal_difference,real,A23_compressed_feedback,REJECTED_PHYSICAL,XZ,y,-0.0625,x,-0.6875,z,0.0625,0.7489768810370072,0.7903316781467821,0.041354797109774855,0.10000280665515104,2.4393089401006476
2003,1.0,20dB_nominal_difference,real,A23_compressed_feedback,REJECTED_PHYSICAL,XZ,y,-0.0625,x,-0.5625,z,0.0625,1.2969797704798585,0.9262462464095312,-0.3707335240703272,0.10000280665515104,2.4393089401006476
2003,1.0,20dB_nominal_difference,real,A23_compressed_feedback,REJECTED_PHYSICAL,XZ,y,-0.0625,x,-0.4375,z,0.0625,1.865721048470374,1.0159554767678214,-0.8497655717025525,0.10000280665515104,2.4393089401006476
2003,1.0,20dB_nominal_difference,real,A23_compressed_feedback,REJECTED_PHYSICAL,XZ,y,-0.0625,x,-0.3125,z,0.0625,2.1962833602633816,1.0489276299318935,-1.147355730331488,0.10000280665515104,2.4393089401006476
2003,1.0,20dB_nominal_difference,real,A23_compressed_feedback,REJECTED_PHYSICAL,XZ,y,-0.0625,x,-0.1875,z,0.0625,2.1362076040064477,1.0315690567211042,-1.1046385472853435,0.10000280665515104,2.4393089401006476
2003,1.0,20dB_nominal_difference,real,A23_compressed_feedback,REJECTED_PHYSICAL,XZ,y,-0.0625,x,-0.0625,z,0.0625,1.7720996316476474,0.9715219071834424,-0.8005777244642049,0.10000280665515104,2.4393089401006476
2003,1.0,20dB_nominal_difference,real,A23_compressed_feedback,REJECTED_PHYSICAL,XZ,y,-0.0625,x,0.0625,z,0.0625,1.3182360487013831,0.8766012547395341,-0.441634793961849,0.10000280665515104,2.4393089401006476
2003,1.0,20dB_nominal_difference,real,A23_compressed_feedback,REJECTED_PHYSICAL,XZ,y,-0.0625,x,0.1875,z,0.0625,0.916230096193984,0.7541556525941497,-0.16207444359983425,0.10000280665515104,2.4393089401006476
2003,1.0,20dB_nominal_difference,real,A23_compressed_feedback,REJECTED_PHYSICAL,XZ,y,-0.0625,x,0.3125,z,0.0625,0.5926925982276368,0.6111113008874675,0.0184187026598307,0.10000280665515104,2.4393089401006476
2003,1.0,20dB_nominal_difference,real,A23_compressed_feedback,REJECTED_PHYSICAL,XZ,y,-0.0625,x,0.4375,z,0.0625,0.3497022336332267,0.45471364826739324,0.10501141463416652,0.10000280665515104,2.4393089401006476
2003,1.0,20dB_nominal_difference,real,A23_compressed_feedback,REJECTED_PHYSICAL,XZ,y,-0.0625,x,0.5625,z,0.0625,0.19932537706811718,0.293524029372067,0.09419865230394983,0.10000280665515104,2.4393089401006476
2003,1.0,20dB_nominal_difference,real,A23_compressed_feedback,REJECTED_PHYSICAL,XZ,y,-0.0625,x,0.6875,z,0.0625,0.1299754637693184,0.12498206477982307,-0.004993398989495329,0.10000280665515104,2.4393089401006476
2003,1.0,20dB_nominal_difference,real,A23_compressed_feedback,REJECTED_PHYSICAL,XZ,y,-0.0625,x,-0.6875,z,0.1875,0.6270618834651409,0.7374584946511867,0.11039661118604582,0.10000280665515104,2.4393089401006476
2003,1.0,20dB_nominal_difference,real,A23_compressed_feedback,REJECTED_PHYSICAL,XZ,y,-0.0625,x,-0.5625,z,0.1875,1.0596416517683285,0.8678878347101325,-0.19175381705819594,0.10000280665515104,2.4393089401006476
2003,1.0,20dB_nominal_difference,real,A23_compressed_feedback,REJECTED_PHYSICAL,XZ,y,-0.0625,x,-0.4375,z,0.1875,1.495025065467726,0.9516650188846227,-0.5433600465831032,0.10000280665515104,2.4393089401006476
2003,1.0,20dB_nominal_difference,real,A23_compressed_feedback,REJECTED_PHYSICAL,XZ,y,-0.0625,x,-0.3125,z,0.1875,1.7263891561565041,0.9787916191675192,-0.7475975369889849,0.10000280665515104,2.4393089401006476
2003,1.0,20dB_nominal_difference,real,A23_compressed_feedback,REJECTED_PHYSICAL,XZ,y,-0.0625,x,-0.1875,z,0.1875,1.6446152540186363,0.9563150993410614,-0.6883001546775749,0.10000280665515104,2.4393089401006476
2003,1.0,20dB_nominal_difference,real,A23_compressed_feedback,REJECTED_PHYSICAL,XZ,y,-0.0625,x,-0.0625,z,0.1875,1.3433270728347408,0.8925137419876209,-0.45081333084711994,0.10000280665515104,2.4393089401006476
2003,1.0,20dB_nominal_difference,real,A23_compressed_feedback,REJECTED_PHYSICAL,XZ,y,-0.0625,x,0.0625,z,0.1875,1.0109469442481192,0.7958658823025191,-0.21508106194560006,0.10000280665515104,2.4393089401006476
2003,1.0,20dB_nominal_difference,real,A23_compressed_feedback,REJECTED_PHYSICAL,XZ,y,-0.0625,x,0.1875,z,0.1875,0.742766934096904,0.6744333251075019,-0.0683336089894021,0.10000280665515104,2.4393089401006476
2003,1.0,20dB_nominal_difference,real,A23_compressed_feedback,REJECTED_PHYSICAL,XZ,y,-0.0625,x,0.3125,z,0.1875,0.5185139848932581,0.5358593287829376,0.017345343889679565,0.10000280665515104,2.4393089401006476
2003,1.0,20dB_nominal_difference,real,A23_compressed_feedback,REJECTED_PHYSICAL,XZ,y,-0.0625,x,0.4375,z,0.1875,0.3245483953124196,0.38796560401937585,0.06341720870695627,0.10000280665515104,2.4393089401006476
2003,1.0,20dB_nominal_difference,real,A23_compressed_feedback,REJECTED_PHYSICAL,XZ,y,-0.0625,x,0.5625,z,0.1875,0.19076862061238162,0.23955121426756257,0.04878259365518095,0.10000280665515104,2.4393089401006476
2003,1.0,20dB_nominal_difference,real,A23_compressed_feedback,REJECTED_PHYSICAL,XZ,y,-0.0625,x,0.6875,z,0.1875,0.12657524734282533,0.091665455020006,-0.03490979232281932,0.10000280665515104,2.4393089401006476
2003,1.0,20dB_nominal_difference,real,A23_compressed_feedback,REJECTED_PHYSICAL,XZ,y,-0.0625,x,-0.6875,z,0.3125,0.37002966754190103,0.658241495513212,0.28821182797131095,0.10000280665515104,2.4393089401006476
2003,1.0,20dB_nominal_difference,real,A23_compressed_feedback,REJECTED_PHYSICAL,XZ,y,-0.0625,x,-0.5625,z,0.3125,0.5908644666655871,0.7712120931439769,0.18034762647838976,0.10000280665515104,2.4393089401006476
2003,1.0,20dB_nominal_difference,real,A23_compressed_feedback,REJECTED_PHYSICAL,XZ,y,-0.0625,x,-0.4375,z,0.3125,0.8116158079368542,0.8418144997305135,0.030198691793659305,0.10000280665515104,2.4393089401006476
2003,1.0,20dB_nominal_difference,real,A23_compressed_feedback,REJECTED_PHYSICAL,XZ,y,-0.0625,x,-0.3125,z,0.3125,0.9268068591300559,0.8606891366171836,-0.06611772251287229,0.10000280665515104,2.4393089401006476
2003,1.0,20dB_nominal_difference,real,A23_compressed_feedback,REJECTED_PHYSICAL,XZ,y,-0.0625,x,-0.1875,z,0.3125,0.8864345108633898,0.8352583595521266,-0.051176151311263185,0.10000280665515104,2.4393089401006476
2003,1.0,20dB_nominal_difference,real,A23_compressed_feedback,REJECTED_PHYSICAL,XZ,y,-0.0625,x,-0.0625,z,0.3125,0.7511454332313572,0.7737169287647728,0.022571495533415642,0.10000280665515104,2.4393089401006476
2003,1.0,20dB_nominal_difference,real,A23_compressed_feedback,REJECTED_PHYSICAL,XZ,y,-0.0625,x,0.0625,z,0.3125,0.6225466113033443,0.6840968423378522,0.06155023103450785,0.10000280665515104,2.4393089401006476
2003,1.0,20dB_nominal_difference,real,A23_compressed_feedback,REJECTED_PHYSICAL,XZ,y,-0.0625,x,0.1875,z,0.3125,0.5255770766920873,0.5737490165405916,0.04817193984850432,0.10000280665515104,2.4393089401006476
2003,1.0,20dB_nominal_difference,real,A23_compressed_feedback,REJECTED_PHYSICAL,XZ,y,-0.0625,x,0.3125,z,0.3125,0.41416267115591165,0.4494291347188616,0.035266463562949935,0.10000280665515104,2.4393089401006476
2003,1.0,20dB_nominal_difference,real,A23_compressed_feedback,REJECTED_PHYSICAL,XZ,y,-0.0625,x,0.4375,z,0.3125,0.2812178085930108,0.3179430491297913,0.0367252405367805,0.10000280665515104,2.4393089401006476
2003,1.0,20dB_nominal_difference,real,A23_compressed_feedback,REJECTED_PHYSICAL,XZ,y,-0.0625,x,0.5625,z,0.3125,0.17513369606435425,0.18706720098257631,0.011933504918222065,0.10000280665515104,2.4393089401006476
2003,1.0,20dB_nominal_difference,real,A23_compressed_feedback,REJECTED_PHYSICAL,XZ,y,-0.0625,x,0.6875,z,0.3125,0.12171524354522974,0.06271504284015877,-0.05900020070507096,0.10000280665515104,2.4393089401006476
2003,1.0,20dB_nominal_difference,real,A23_compressed_feedback,REJECTED_PHYSICAL,XZ,y,-0.0625,x,-0.6875,z,0.4375,0.18713066456945254,0.5494040176550959,0.3622733530856434,0.10000280665515104,2.4393089401006476
2003,1.0,20dB_nominal_difference,real,A23_compressed_feedback,REJECTED_PHYSICAL,XZ,y,-0.0625,x,-0.5625,z,0.4375,0.259724080937406,0.6332762267452013,0.37355214580779533,0.10000280665515104,2.4393089401006476
2003,1.0,20dB_nominal_difference,real,A23_compressed_feedback,REJECTED_PHYSICAL,XZ,y,-0.0625,x,-0.4375,z,0.4375,0.33319801919352493,0.6851021367454304,0.3519041175519055,0.10000280665515104,2.4393089401006476
2003,1.0,20dB_nominal_difference,real,A23_compressed_feedback,REJECTED_PHYSICAL,XZ,y,-0.0625,x,-0.3125,z,0.4375,0.3733833515363394,0.6952696812889316,0.32188632975259224,0.10000280665515104,2.4393089401006476
2003,1.0,20dB_nominal_difference,real,A23_compressed_feedback,REJECTED_PHYSICAL,XZ,y,-0.0625,x,-0.1875,z,0.4375,0.36718726552890935,0.6707745713122575,0.30358730578334814,0.10000280665515104,2.4393089401006476
2003,1.0,20dB_nominal_difference,real,A23_compressed_feedback,REJECTED_PHYSICAL,XZ,y,-0.0625,x,-0.0625,z,0.4375,0.34211356233501233,0.6189018103283848,0.2767882479933724,0.10000280665515104,2.4393089401006476
2003,1.0,20dB_nominal_difference,real,A23_compressed_feedback,REJECTED_PHYSICAL,XZ,y,-0.0625,x,0.0625,z,0.4375,0.33330139799573943,0.5461456095778383,0.21284421158209887,0.10000280665515104,2.4393089401006476
2003,1.0,20dB_nominal_difference,real,A23_compressed_feedback,REJECTED_PHYSICAL,XZ,y,-0.0625,x,0.1875,z,0.4375,0.32990373182215726,0.45777537572556315,0.12787164390340588,0.10000280665515104,2.4393089401006476
2003,1.0,20dB_nominal_difference,real,A23_compressed_feedback,REJECTED_PHYSICAL,XZ,y,-0.0625,x,0.3125,z,0.4375,0.29084445955182303,0.3581408468337338,0.06729638728191079,0.10000280665515104,2.4393089401006476
2003,1.0,20dB_nominal_difference,real,A23_compressed_feedback,REJECTED_PHYSICAL,XZ,y,-0.0625,x,0.4375,z,0.4375,0.2162615057756231,0.25151323471797127,0.03525172894234818,0.10000280665515104,2.4393089401006476
2003,1.0,20dB_nominal_difference,real,A23_compressed_feedback,REJECTED_PHYSICAL,XZ,y,-0.0625,x,0.5625,z,0.4375,0.14913156812704506,0.14326459461568813,-0.005866973511356927,0.10000280665515104,2.4393089401006476
2003,1.0,20dB_nominal_difference,real,A23_compressed_feedback,REJECTED_PHYSICAL,XZ,y,-0.0625,x,0.6875,z,0.4375,0.11415123472815071,0.04422001174467733,-0.06993122298347337,0.10000280665515104,2.4393089401006476
2003,1.0,20dB_nominal_difference,real,A23_compressed_feedback,REJECTED_PHYSICAL,XZ,y,-0.0625,x,-0.6875,z,0.5625,0.1184641128334178,0.3971134777500658,0.278649364916648,0.10000280665515104,2.4393089401006476
2003,1.0,20dB_nominal_difference,real,A23_compressed_feedback,REJECTED_PHYSICAL,XZ,y,-0.0625,x,-0.5625,z,0.5625,0.1345899705879939,0.44340628800028725,0.3088163174122933,0.10000280665515104,2.4393089401006476
2003,1.0,20dB_nominal_difference,real,A23_compressed_feedback,REJECTED_PHYSICAL,XZ,y,-0.0625,x,-0.4375,z,0.5625,0.15147359236636346,0.47585867466398424,0.32438508229762075,0.10000280665515104,2.4393089401006476
2003,1.0,20dB_nominal_difference,real,A23_compressed_feedback,REJECTED_PHYSICAL,XZ,y,-0.0625,x,-0.3125,z,0.5625,0.1618524923839167,0.4804140301324612,0.3185615377485445,0.10000280665515104,2.4393089401006476
2003,1.0,20dB_nominal_difference,real,A23_compressed_feedback,REJECTED_PHYSICAL,XZ,y,-0.0625,x,-0.1875,z,0.5625,0.16448952937700473,0.4629260712834379,0.29843654190643315,0.10000280665515104,2.4393089401006476
2003,1.0,20dB_nominal_difference,real,A23_compressed_feedback,REJECTED_PHYSICAL,XZ,y,-0.0625,x,-0.0625,z,0.5625,0.169157369334158,0.429392478142944,0.260235108808786,0.10000280665515104,2.4393089401006476
2003,1.0,20dB_nominal_difference,real,A23_compressed_feedback,REJECTED_PHYSICAL,XZ,y,-0.0625,x,0.0625,z,0.5625,0.18432075284720528,0.3839517846021767,0.19963103175497143,0.10000280665515104,2.4393089401006476
2003,1.0,20dB_nominal_difference,real,A23_compressed_feedback,REJECTED_PHYSICAL,XZ,y,-0.0625,x,0.1875,z,0.5625,0.19783443611815676,0.32860531731668907,0.1307708811985323,0.10000280665515104,2.4393089401006476
2003,1.0,20dB_nominal_difference,real,A23_compressed_feedback,REJECTED_PHYSICAL,XZ,y,-0.0625,x,0.3125,z,0.5625,0.18755611867399746,0.2639706673310379,0.07641454865704045,0.10000280665515104,2.4393089401006476
2003,1.0,20dB_nominal_difference,real,A23_compressed_feedback,REJECTED_PHYSICAL,XZ,y,-0.0625,x,0.4375,z,0.5625,0.15497151540389265,0.19050889403949445,0.0355373786356018,0.10000280665515104,2.4393089401006476
2003,1.0,20dB_nominal_difference,real,A23_compressed_feedback,REJECTED_PHYSICAL,XZ,y,-0.0625,x,0.5625,z,0.5625,0.12346873358560154,0.10977592069581493,-0.013692812889786604,0.10000280665515104,2.4393089401006476
2003,1.0,20dB_nominal_difference,real,A23_compressed_feedback,REJECTED_PHYSICAL,XZ,y,-0.0625,x,0.6875,z,0.5625,0.10675348704867199,0.035303196735143275,-0.07145029031352872,0.10000280665515104,2.4393089401006476
2003,1.0,20dB_nominal_difference,real,A23_compressed_feedback,REJECTED_PHYSICAL,XZ,y,-0.0625,x,-0.6875,z,0.6875,0.1028634713853393,0.16817702571140133,0.06531355432606203,0.10000280665515104,2.4393089401006476
2003,1.0,20dB_nominal_difference,real,A23_compressed_feedback,REJECTED_PHYSICAL,XZ,y,-0.0625,x,-0.5625,z,0.6875,0.10557230923194261,0.18863417361220924,0.08306186438026664,0.10000280665515104,2.4393089401006476
2003,1.0,20dB_nominal_difference,real,A23_compressed_feedback,REJECTED_PHYSICAL,XZ,y,-0.0625,x,-0.4375,z,0.6875,0.10856418332694968,0.21040259487924656,0.10183841155229688,0.10000280665515104,2.4393089401006476
2003,1.0,20dB_nominal_difference,real,A23_compressed_feedback,REJECTED_PHYSICAL,XZ,y,-0.0625,x,-0.3125,z,0.6875,0.11073585652324158,0.2169396375579346,0.10620378103469302,0.10000280665515104,2.4393089401006476
2003,1.0,20dB_nominal_difference,real,A23_compressed_feedback,REJECTED_PHYSICAL,XZ,y,-0.0625,x,-0.1875,z,0.6875,0.1124276676190856,0.21627150261586647,0.10384383499678088,0.10000280665515104,2.4393089401006476
2003,1.0,20dB_nominal_difference,real,A23_compressed_feedback,REJECTED_PHYSICAL,XZ,y,-0.0625,x,-0.0625,z,0.6875,0.11644264038831217,0.21352330675317843,0.09708066636486626,0.10000280665515104,2.4393089401006476
2003,1.0,20dB_nominal_difference,real,A23_compressed_feedback,REJECTED_PHYSICAL,XZ,y,-0.0625,x,0.0625,z,0.6875,0.12440148373167303,0.20946853530932924,0.0850670515776562,0.10000280665515104,2.4393089401006476
2003,1.0,20dB_nominal_difference,real,A23_compressed_feedback,REJECTED_PHYSICAL,XZ,y,-0.0625,x,0.1875,z,0.6875,0.1311829657669169,0.20119038635546616,0.07000742058854925,0.10000280665515104,2.4393089401006476
2003,1.0,20dB_nominal_difference,real,A23_compressed_feedback,REJECTED_PHYSICAL,XZ,y,-0.0625,x,0.3125,z,0.6875,0.1289562768586225,0.18375438746012315,0.054798110601500666,0.10000280665515104,2.4393089401006476
2003,1.0,20dB_nominal_difference,real,A23_compressed_feedback,REJECTED_PHYSICAL,XZ,y,-0.0625,x,0.4375,z,0.6875,0.11843028526189375,0.15223510802554235,0.0338048227636486,0.10000280665515104,2.4393089401006476
2003,1.0,20dB_nominal_difference,real,A23_compressed_feedback,REJECTED_PHYSICAL,XZ,y,-0.0625,x,0.5625,z,0.6875,0.10790342591815646,0.10335485128301478,-0.004548574635141689,0.10000280665515104,2.4393089401006476
2003,1.0,20dB_nominal_difference,real,A23_compressed_feedback,REJECTED_PHYSICAL,XZ,y,-0.0625,x,0.6875,z,0.6875,0.10227318377862085,0.04530927453481417,-0.05696390924380668,0.10000280665515104,2.4393089401006476
2003,1.0,20dB_nominal_difference,real,A23_compressed_feedback,REJECTED_PHYSICAL,YZ,x,-0.0625,y,-0.6875,z,-0.6875,0.10170342953544194,-0.2338384765506851,-0.33554190608612705,0.10000280665515104,2.4393089401006476
2003,1.0,20dB_nominal_difference,real,A23_compressed_feedback,REJECTED_PHYSICAL,YZ,x,-0.0625,y,-0.5625,z,-0.6875,0.1075507406662128,0.04200023123315963,-0.06555050943305317,0.10000280665515104,2.4393089401006476
2003,1.0,20dB_nominal_difference,real,A23_compressed_feedback,REJECTED_PHYSICAL,YZ,x,-0.0625,y,-0.4375,z,-0.6875,0.12662814155892219,0.24487194888072192,0.11824380732179973,0.10000280665515104,2.4393089401006476
2003,1.0,20dB_nominal_difference,real,A23_compressed_feedback,REJECTED_PHYSICAL,YZ,x,-0.0625,y,-0.3125,z,-0.6875,0.17500434119004835,0.4032937584206133,0.22828941723056498,0.10000280665515104,2.4393089401006476
2003,1.0,20dB_nominal_difference,real,A23_compressed_feedback,REJECTED_PHYSICAL,YZ,x,-0.0625,y,-0.1875,z,-0.6875,0.269012908559056,0.5271924416994915,0.2581795331404355,0.10000280665515104,2.4393089401006476
2003,1.0,20dB_nominal_difference,real,A23_compressed_feedback,REJECTED_PHYSICAL,YZ,x,-0.0625,y,-0.0625,z,-0.6875,0.4028228203502685,0.6188676378299188,0.21604481747965032,0.10000280665515104,2.4393089401006476
2003,1.0,20dB_nominal_difference,real,A23_compressed_feedback,REJECTED_PHYSICAL,YZ,x,-0.0625,y,0.0625,z,-0.6875,0.5255112222299664,0.6739481722842783,0.1484369500543119,0.10000280665515104,2.4393089401006476
2003,1.0,20dB_nominal_difference,real,A23_compressed_feedback,REJECTED_PHYSICAL,YZ,x,-0.0625,y,0.1875,z,-0.6875,0.5629492160664938,0.6813374560235201,0.1183882399570263,0.10000280665515104,2.4393089401006476
2003,1.0,20dB_nominal_difference,real,A23_compressed_feedback,REJECTED_PHYSICAL,YZ,x,-0.0625,y,0.3125,z,-0.6875,0.4892210831026743,0.6243825552069113,0.135161472104237,0.10000280665515104,2.4393089401006476
2003,1.0,20dB_nominal_difference,real,A23_compressed_feedback,REJECTED_PHYSICAL,YZ,x,-0.0625,y,0.4375,z,-0.6875,0.3555126787329276,0.48251056782039203,0.12699788908746446,0.10000280665515104,2.4393089401006476
2003,1.0,20dB_nominal_difference,real,A23_compressed_feedback,REJECTED_PHYSICAL,YZ,x,-0.0625,y,0.5625,z,-0.6875,0.23289734547036847,0.22762936121935531,-0.005267984251013158,0.10000280665515104,2.4393089401006476
2003,1.0,20dB_nominal_difference,real,A23_compressed_feedback,REJECTED_PHYSICAL,YZ,x,-0.0625,y,0.6875,z,-0.6875,0.15524166062132702,-0.2401955807205867,-0.3954372413419137,0.10000280665515104,2.4393089401006476
2003,1.0,20dB_nominal_difference,real,A23_compressed_feedback,REJECTED_PHYSICAL,YZ,x,-0.0625,y,-0.6875,z,-0.5625,0.10328374329303543,-0.04726578818726035,-0.15054953148029576,0.10000280665515104,2.4393089401006476
2003,1.0,20dB_nominal_difference,real,A23_compressed_feedback,REJECTED_PHYSICAL,YZ,x,-0.0625,y,-0.5625,z,-0.5625,0.11433436873773267,0.1380444357965216,0.02371006705878892,0.10000280665515104,2.4393089401006476
2003,1.0,20dB_nominal_difference,real,A23_compressed_feedback,REJECTED_PHYSICAL,YZ,x,-0.0625,y,-0.4375,z,-0.5625,0.15029529244122866,0.32187783910958956,0.1715825466683609,0.10000280665515104,2.4393089401006476
2003,1.0,20dB_nominal_difference,real,A23_compressed_feedback,REJECTED_PHYSICAL,YZ,x,-0.0625,y,-0.3125,z,-0.5625,0.24223921035432255,0.4853323486126767,0.24309313825835416,0.10000280665515104,2.4393089401006476
2003,1.0,20dB_nominal_difference,real,A23_compressed_feedback,REJECTED_PHYSICAL,YZ,x,-0.0625,y,-0.1875,z,-0.5625,0.42429858303076795,0.6238220518411928,0.19952346881042482,0.10000280665515104,2.4393089401006476
2003,1.0,20dB_nominal_difference,real,A23_compressed_feedback,REJECTED_PHYSICAL,YZ,x,-0.0625,y,-0.0625,z,-0.5625,0.689748814507086,0.7327470268755087,0.04299821236842272,0.10000280665515104,2.4393089401006476
2003,1.0,20dB_nominal_difference,real,A23_compressed_feedback,REJECTED_PHYSICAL,YZ,x,-0.0625,y,0.0625,z,-0.5625,0.9377760134088712,0.8031915720053497,-0.13458444140352144,0.10000280665515104,2.4393089401006476
2003,1.0,20dB_nominal_difference,real,A23_compressed_feedback,REJECTED_PHYSICAL,YZ,x,-0.0625,y,0.1875,z,-0.5625,1.0127539600256772,0.821063707956884,-0.1916902520687932,0.10000280665515104,2.4393089401006476
2003,1.0,20dB_nominal_difference,real,A23_compressed_feedback,REJECTED_PHYSICAL,YZ,x,-0.0625,y,0.3125,z,-0.5625,0.8604787448824067,0.7684463330807066,-0.09203241180170008,0.10000280665515104,2.4393089401006476
2003,1.0,20dB_nominal_difference,real,A23_compressed_feedback,REJECTED_PHYSICAL,YZ,x,-0.0625,y,0.4375,z,-0.5625,0.5915996110940923,0.6261657370127898,0.034566125918697455,0.10000280665515104,2.4393089401006476
2003,1.0,20dB_nominal_difference,real,A23_compressed_feedback,REJECTED_PHYSICAL,YZ,x,-0.0625,y,0.5625,z,-0.5625,0.35182599599323394,0.37638202836074774,0.024556032367513803,0.10000280665515104,2.4393089401006476
2003,1.0,20dB_nominal_difference,real,A23_compressed_feedback,REJECTED_PHYSICAL,YZ,x,-0.0625,y,0.6875,z,-0.5625,0.2035909278510975,-0.01117133967103412,-0.21476226752213162,0.10000280665515104,2.4393089401006476
2003,1.0,20dB_nominal_difference,real,A23_compressed_feedback,REJECTED_PHYSICAL,YZ,x,-0.0625,y,-0.6875,z,-0.4375,0.10620657830896875,0.09883692398322894,-0.007369654325739813,0.10000280665515104,2.4393089401006476
2003,1.0,20dB_nominal_difference,real,A23_compressed_feedback,REJECTED_PHYSICAL,YZ,x,-0.0625,y,-0.5625,z,-0.4375,0.12450216087985126,0.24527102473098858,0.12076886385113732,0.10000280665515104,2.4393089401006476
2003,1.0,20dB_nominal_difference,real,A23_compressed_feedback,REJECTED_PHYSICAL,YZ,x,-0.0625,y,-0.4375,z,-0.4375,0.1812787485668402,0.4102477566498063,0.22896900808296608,0.10000280665515104,2.4393089401006476
2003,1.0,20dB_nominal_difference,real,A23_compressed_feedback,REJECTED_PHYSICAL,YZ,x,-0.0625,y,-0.3125,z,-0.4375,0.32474825156405984,0.5720949856663597,0.2473467341022999,0.10000280665515104,2.4393089401006476
2003,1.0,20dB_nominal_difference,real,A23_compressed_feedback,REJECTED_PHYSICAL,YZ,x,-0.0625,y,-0.1875,z,-0.4375,0.6128803848037948,0.7198868429512395,0.1070064581474447,0.10000280665515104,2.4393089401006476
2003,1.0,20dB_nominal_difference,real,A23_compressed_feedback,REJECTED_PHYSICAL,YZ,x,-0.0625,y,-0.0625,z,-0.4375,1.0440131087084437,0.8436809107552441,-0.20033219795319956,0.10000280665515104,2.4393089401006476
2003,1.0,20dB_nominal_difference,real,A23_compressed_feedback,REJECTED_PHYSICAL,YZ,x,-0.0625,y,0.0625,z,-0.4375,1.4551720209809673,0.9305930706992095,-0.5245789502817578,0.10000280665515104,2.4393089401006476
2003,1.0,20dB_nominal_difference,real,A23_compressed_feedback,REJECTED_PHYSICAL,YZ,x,-0.0625,y,0.1875,z,-0.4375,1.5770329631113187,0.9640560113925634,-0.6129769517187553,0.10000280665515104,2.4393089401006476
2003,1.0,20dB_nominal_difference,real,A23_compressed_feedback,REJECTED_PHYSICAL,YZ,x,-0.0625,y,0.3125,z,-0.4375,1.3162628144418067,0.9258163218625606,-0.39044649257924613,0.10000280665515104,2.4393089401006476
2003,1.0,20dB_nominal_difference,real,A23_compressed_feedback,REJECTED_PHYSICAL,YZ,x,-0.0625,y,0.4375,z,-0.4375,0.8708772568635439,0.8001094251320048,-0.07076783173153911,0.10000280665515104,2.4393089401006476
2003,1.0,20dB_nominal_difference,real,A23_compressed_feedback,REJECTED_PHYSICAL,YZ,x,-0.0625,y,0.5625,z,-0.4375,0.48711692411061003,0.5800435377521631,0.09292661364155308,0.10000280665515104,2.4393089401006476
2003,1.0,20dB_nominal_difference,real,A23_compressed_feedback,REJECTED_PHYSICAL,YZ,x,-0.0625,y,0.6875,z,-0.4375,0.25707528937646357,0.25083129058621717,-0.006243998790246397,0.10000280665515104,2.4393089401006476
2003,1.0,20dB_nominal_difference,real,A23_compressed_feedback,REJECTED_PHYSICAL,YZ,x,-0.0625,y,-0.6875,z,-0.3125,0.11599648129495396,0.19908815599504456,0.0830916747000906,0.10000280665515104,2.4393089401006476
2003,1.0,20dB_nominal_difference,real,A23_compressed_feedback,REJECTED_PHYSICAL,YZ,x,-0.0625,y,-0.5625,z,-0.3125,0.14943438071226234,0.32839282694514205,0.1789584462328797,0.10000280665515104,2.4393089401006476
2003,1.0,20dB_nominal_difference,real,A23_compressed_feedback,REJECTED_PHYSICAL,YZ,x,-0.0625,y,-0.4375,z,-0.3125,0.23475994889098287,0.48392184120614556,0.2491618923151627,0.10000280665515104,2.4393089401006476
2003,1.0,20dB_nominal_difference,real,A23_compressed_feedback,REJECTED_PHYSICAL,YZ,x,-0.0625,y,-0.3125,z,-0.3125,0.42816715889310464,0.6451645657673432,0.21699740687423852,0.10000280665515104,2.4393089401006476
2003,1.0,20dB_nominal_difference,real,A23_compressed_feedback,REJECTED_PHYSICAL,YZ,x,-0.0625,y,-0.1875,z,-0.3125,0.8045434802333463,0.8002402157274973,-0.004303264505849058,0.10000280665515104,2.4393089401006476
2003,1.0,20dB_nominal_difference,real,A23_compressed_feedback,REJECTED_PHYSICAL,YZ,x,-0.0625,y,-0.0625,z,-0.3125,1.3736470119959532,0.9363612057507179,-0.4372858062452353,0.10000280665515104,2.4393089401006476
2003,1.0,20dB_nominal_difference,real,A23_compressed_feedback,REJECTED_PHYSICAL,YZ,x,-0.0625,y,0.0625,z,-0.3125,1.923697724197223,1.037852787657505,-0.8858449365397181,0.10000280665515104,2.4393089401006476
2003,1.0,20dB_nominal_difference,real,A23_compressed_feedback,REJECTED_PHYSICAL,YZ,x,-0.0625,y,0.1875,z,-0.3125,2.0767347140676145,1.0864093361525529,-0.9903253779150616,0.10000280665515104,2.4393089401006476
2003,1.0,20dB_nominal_difference,real,A23_compressed_feedback,REJECTED_PHYSICAL,YZ,x,-0.0625,y,0.3125,z,-0.3125,1.702948901796729,1.0638964953721266,-0.6390524064246024,0.10000280665515104,2.4393089401006476
2003,1.0,20dB_nominal_difference,real,A23_compressed_feedback,REJECTED_PHYSICAL,YZ,x,-0.0625,y,0.4375,z,-0.3125,1.0928665868438927,0.957256011901305,-0.13561057494258766,0.10000280665515104,2.4393089401006476
2003,1.0,20dB_nominal_difference,real,A23_compressed_feedback,REJECTED_PHYSICAL,YZ,x,-0.0625,y,0.5625,z,-0.3125,0.5874619656147579,0.7645810832633695,0.17711911764861155,0.10000280665515104,2.4393089401006476
2003,1.0,20dB_nominal_difference,real,A23_compressed_feedback,REJECTED_PHYSICAL,YZ,x,-0.0625,y,0.6875,z,-0.3125,0.29494005952935093,0.4711121326392277,0.17617207310987676,0.10000280665515104,2.4393089401006476
2003,1.0,20dB_nominal_difference,real,A23_compressed_feedback,REJECTED_PHYSICAL,YZ,x,-0.0625,y,-0.6875,z,-0.1875,0.14806582809006036,0.25123025686878864,0.10316442877872828,0.10000280665515104,2.4393089401006476
2003,1.0,20dB_nominal_difference,real,A23_compressed_feedback,REJECTED_PHYSICAL,YZ,x,-0.0625,y,-0.5625,z,-0.1875,0.22391337343738307,0.37329960092663395,0.14938622748925087,0.10000280665515104,2.4393089401006476
2003,1.0,20dB_nominal_difference,real,A23_compressed_feedback,REJECTED_PHYSICAL,YZ,x,-0.0625,y,-0.4375,z,-0.1875,0.3693003373032048,0.5251498271293483,0.15584948982614355,0.10000280665515104,2.4393089401006476
2003,1.0,20dB_nominal_difference,real,A23_compressed_feedback,REJECTED_PHYSICAL,YZ,x,-0.0625,y,-0.3125,z,-0.1875,0.6205501005385186,0.6870968851196835,0.06654678458116492,0.10000280665515104,2.4393089401006476
2003,1.0,20dB_nominal_difference,real,A23_compressed_feedback,REJECTED_PHYSICAL,YZ,x,-0.0625,y,-0.1875,z,-0.1875,1.035667974078422,0.8479274666735575,-0.1877405074048646,0.10000280665515104,2.4393089401006476
2003,1.0,20dB_nominal_difference,real,A23_compressed_feedback,REJECTED_PHYSICAL,YZ,x,-0.0625,y,-0.0625,z,-0.1875,1.6322981737694875,0.9936780131172717,-0.6386201606522158,0.10000280665515104,2.4393089401006476
2003,1.0,20dB_nominal_difference,real,A23_compressed_feedback,REJECTED_PHYSICAL,YZ,x,-0.0625,y,0.0625,z,-0.1875,2.2003556553877774,1.1070047415997346,-1.0933509137880428,0.10000280665515104,2.4393089401006476
2003,1.0,20dB_nominal_difference,real,A23_compressed_feedback,REJECTED_PHYSICAL,YZ,x,-0.0625,y,0.1875,z,-0.1875,2.32613250920512,1.1684678109143183,-1.1576646982908019,0.10000280665515104,2.4393089401006476
2003,1.0,20dB_nominal_difference,real,A23_compressed_feedback,REJECTED_PHYSICAL,YZ,x,-0.0625,y,0.3125,z,-0.1875,1.8697796548476886,1.1600218314417217,-0.7097578234059669,0.10000280665515104,2.4393089401006476
2003,1.0,20dB_nominal_difference,real,A23_compressed_feedback,REJECTED_PHYSICAL,YZ,x,-0.0625,y,0.4375,z,-0.1875,1.17401564007071,1.0701078682484062,-0.10390777182230382,0.10000280665515104,2.4393089401006476
2003,1.0,20dB_nominal_difference,real,A23_compressed_feedback,REJECTED_PHYSICAL,YZ,x,-0.0625,y,0.5625,z,-0.1875,0.6195546737748495,0.8987948638439546,0.27924019006910505,0.10000280665515104,2.4393089401006476
2003,1.0,20dB_nominal_difference,real,A23_compressed_feedback,REJECTED_PHYSICAL,YZ,x,-0.0625,y,0.6875,z,-0.1875,0.30726397666626276,0.6297597163703343,0.3224957397040716,0.10000280665515104,2.4393089401006476
2003,1.0,20dB_nominal_difference,real,A23_compressed_feedback,REJECTED_PHYSICAL,YZ,x,-0.0625,y,-0.6875,z,-0.0625,0.20859549320921714,0.259137178383419,0.05054168517420185,0.10000280665515104,2.4393089401006476
2003,1.0,20dB_nominal_difference,real,A23_compressed_feedback,REJECTED_PHYSICAL,YZ,x,-0.0625,y,-0.5625,z,-0.0625,0.36254148382736917,0.3786547247063041,0.016113240878934953,0.10000280665515104,2.4393089401006476
2003,1.0,20dB_nominal_difference,real,A23_compressed_feedback,REJECTED_PHYSICAL,YZ,x,-0.0625,y,-0.4375,z,-0.0625,0.6116537993530816,0.5285841237807252,-0.08306967557235645,0.10000280665515104,2.4393089401006476
2003,1.0,20dB_nominal_difference,real,A23_compressed_feedback,REJECTED_PHYSICAL,YZ,x,-0.0625,y,-0.3125,z,-0.0625,0.9382279287440176,0.6905867919474331,-0.2476411367965845,0.10000280665515104,2.4393089401006476
2003,1.0,20dB_nominal_difference,real,A23_compressed_feedback,REJECTED_PHYSICAL,YZ,x,-0.0625,y,-0.1875,z,-0.0625,1.3358655739364922,0.8545256451623364,-0.48133992877415577,0.10000280665515104,2.4393089401006476
2003,1.0,20dB_nominal_difference,real,A23_compressed_feedback,REJECTED_PHYSICAL,YZ,x,-0.0625,y,-0.0625,z,-0.0625,1.8153929619320532,1.0061441068212853,-0.8092488551107679,0.10000280665515104,2.4393089401006476
2003,1.0,20dB_nominal_difference,real,A23_compressed_feedback,REJECTED_PHYSICAL,YZ,x,-0.0625,y,0.0625,z,-0.0625,2.2364472185799547,1.1272202871207793,-1.1092269314591754,0.10000280665515104,2.4393089401006476
2003,1.0,20dB_nominal_difference,real,A23_compressed_feedback,REJECTED_PHYSICAL,YZ,x,-0.0625,y,0.1875,z,-0.0625,2.2667470865639103,1.1976096166035572,-1.069137469960353,0.10000280665515104,2.4393089401006476
2003,1.0,20dB_nominal_difference,real,A23_compressed_feedback,REJECTED_PHYSICAL,YZ,x,-0.0625,y,0.3125,z,-0.0625,1.793712116179598,1.1992500485206652,-0.5944620676589327,0.10000280665515104,2.4393089401006476
2003,1.0,20dB_nominal_difference,real,A23_compressed_feedback,REJECTED_PHYSICAL,YZ,x,-0.0625,y,0.4375,z,-0.0625,1.1301085851110904,1.1213477281186393,-0.008760856992451105,0.10000280665515104,2.4393089401006476
2003,1.0,20dB_nominal_difference,real,A23_compressed_feedback,REJECTED_PHYSICAL,YZ,x,-0.0625,y,0.5625,z,-0.0625,0.6101120990128424,0.9649989263476811,0.3548868273348388,0.10000280665515104,2.4393089401006476
2003,1.0,20dB_nominal_difference,real,A23_compressed_feedback,REJECTED_PHYSICAL,YZ,x,-0.0625,y,0.6875,z,-0.0625,0.31226572562427457,0.7129916524785304,0.4007259268542558,0.10000280665515104,2.4393089401006476
2003,1.0,20dB_nominal_difference,real,A23_compressed_feedback,REJECTED_PHYSICAL,YZ,x,-0.0625,y,-0.6875,z,0.0625,0.2544907212563346,0.2336687607835022,-0.020821960472832385,0.10000280665515104,2.4393089401006476
2003,1.0,20dB_nominal_difference,real,A23_compressed_feedback,REJECTED_PHYSICAL,YZ,x,-0.0625,y,-0.5625,z,0.0625,0.46618350038822143,0.35151864046652403,-0.11466485992169739,0.10000280665515104,2.4393089401006476
2003,1.0,20dB_nominal_difference,real,A23_compressed_feedback,REJECTED_PHYSICAL,YZ,x,-0.0625,y,-0.4375,z,0.0625,0.7869816592054362,0.49781911087214725,-0.2891625483332889,0.10000280665515104,2.4393089401006476
2003,1.0,20dB_nominal_difference,real,A23_compressed_feedback,REJECTED_PHYSICAL,YZ,x,-0.0625,y,-0.3125,z,0.0625,1.1479341940139374,0.6567254818111273,-0.49120871220281004,0.10000280665515104,2.4393089401006476
2003,1.0,20dB_nominal_difference,real,A23_compressed_feedback,REJECTED_PHYSICAL,YZ,x,-0.0625,y,-0.1875,z,0.0625,1.476569825957142,0.8193035809048658,-0.6572662450522763,0.10000280665515104,2.4393089401006476
2003,1.0,20dB_nominal_difference,real,A23_compressed_feedback,REJECTED_PHYSICAL,YZ,x,-0.0625,y,-0.0625,z,0.0625,1.7720996316476474,0.9715219071834424,-0.8005777244642049,0.10000280665515104,2.4393089401006476
2003,1.0,20dB_nominal_difference,real,A23_compressed_feedback,REJECTED_PHYSICAL,YZ,x,-0.0625,y,0.0625,z,0.0625,1.9919405920120035,1.0948399757708929,-0.8971006162411106,0.10000280665515104,2.4393089401006476
2003,1.0,20dB_nominal_difference,real,A23_compressed_feedback,REJECTED_PHYSICAL,YZ,x,-0.0625,y,0.1875,z,0.0625,1.9492972063057485,1.1687239697055827,-0.7805732366001659,0.10000280665515104,2.4393089401006476
2003,1.0,20dB_nominal_difference,real,A23_compressed_feedback,REJECTED_PHYSICAL,YZ,x,-0.0625,y,0.3125,z,0.0625,1.566607596063621,1.1750091430956555,-0.39159845296796547,0.10000280665515104,2.4393089401006476
2003,1.0,20dB_nominal_difference,real,A23_compressed_feedback,REJECTED_PHYSICAL,YZ,x,-0.0625,y,0.4375,z,0.0625,1.0464464914025866,1.1032398517264543,0.056793360323867725,0.10000280665515104,2.4393089401006476
2003,1.0,20dB_nominal_difference,real,A23_compressed_feedback,REJECTED_PHYSICAL,YZ,x,-0.0625,y,0.5625,z,0.0625,0.614206318322457,0.955259337281521,0.34105301895906404,0.10000280665515104,2.4393089401006476
2003,1.0,20dB_nominal_difference,real,A23_compressed_feedback,REJECTED_PHYSICAL,YZ,x,-0.0625,y,0.6875,z,0.0625,0.33633519731516603,0.7137129679237579,0.3773777706085919,0.10000280665515104,2.4393089401006476
2003,1.0,20dB_nominal_difference,real,A23_compressed_feedback,REJECTED_PHYSICAL,YZ,x,-0.0625,y,-0.6875,z,0.1875,0.23255642135225899,0.18949213093029307,-0.04306429042196591,0.10000280665515104,2.4393089401006476
2003,1.0,20dB_nominal_difference,real,A23_compressed_feedback,REJECTED_PHYSICAL,YZ,x,-0.0625,y,-0.5625,z,0.1875,0.4121769138697273,0.30308328797939094,-0.10909362589033639,0.10000280665515104,2.4393089401006476
2003,1.0,20dB_nominal_difference,real,A23_compressed_feedback,REJECTED_PHYSICAL,YZ,x,-0.0625,y,-0.4375,z,0.1875,0.6782568252537292,0.44114662266254523,-0.23711020259118398,0.10000280665515104,2.4393089401006476
2003,1.0,20dB_nominal_difference,real,A23_compressed_feedback,REJECTED_PHYSICAL,YZ,x,-0.0625,y,-0.3125,z,0.1875,0.9602152243241519,0.591463774379256,-0.36875144994489584,0.10000280665515104,2.4393089401006476
2003,1.0,20dB_nominal_difference,real,A23_compressed_feedback,REJECTED_PHYSICAL,YZ,x,-0.0625,y,-0.1875,z,0.1875,1.181151380829835,0.74637372859595,-0.4347776522338851,0.10000280665515104,2.4393089401006476
2003,1.0,20dB_nominal_difference,real,A23_compressed_feedback,REJECTED_PHYSICAL,YZ,x,-0.0625,y,-0.0625,z,0.1875,1.3433270728347408,0.8925137419876209,-0.45081333084711994,0.10000280665515104,2.4393089401006476
2003,1.0,20dB_nominal_difference,real,A23_compressed_feedback,REJECTED_PHYSICAL,YZ,x,-0.0625,y,0.0625,z,0.1875,1.4641480724221085,1.0115269396949118,-0.45262113272719673,0.10000280665515104,2.4393089401006476
2003,1.0,20dB_nominal_difference,real,A23_compressed_feedback,REJECTED_PHYSICAL,YZ,x,-0.0625,y,0.1875,z,0.1875,1.4622252182837279,1.0827696770321156,-0.3794555412516123,0.10000280665515104,2.4393089401006476
2003,1.0,20dB_nominal_difference,real,A23_compressed_feedback,REJECTED_PHYSICAL,YZ,x,-0.0625,y,0.3125,z,0.1875,1.2674185717068691,1.08785527174671,-0.17956329996015907,0.10000280665515104,2.4393089401006476
2003,1.0,20dB_nominal_difference,real,A23_compressed_feedback,REJECTED_PHYSICAL,YZ,x,-0.0625,y,0.4375,z,0.1875,0.9490954596284221,1.0161624607070163,0.0670670010785942,0.10000280665515104,2.4393089401006476
2003,1.0,20dB_nominal_difference,real,A23_compressed_feedback,REJECTED_PHYSICAL,YZ,x,-0.0625,y,0.5625,z,0.1875,0.6235379162666301,0.8698126222897317,0.24627470602310153,0.10000280665515104,2.4393089401006476
2003,1.0,20dB_nominal_difference,real,A23_compressed_feedback,REJECTED_PHYSICAL,YZ,x,-0.0625,y,0.6875,z,0.1875,0.365552791375108,0.6317271628205777,0.26617437144546974,0.10000280665515104,2.4393089401006476
2003,1.0,20dB_nominal_difference,real,A23_compressed_feedback,REJECTED_PHYSICAL,YZ,x,-0.0625,y,-0.6875,z,0.3125,0.16789421965744314,0.1402267754233772,-0.027667444234065947,0.10000280665515104,2.4393089401006476
2003,1.0,20dB_nominal_difference,real,A23_compressed_feedback,REJECTED_PHYSICAL,YZ,x,-0.0625,y,-0.5625,z,0.3125,0.2596244144942346,0.24407439212980842,-0.015550022364426208,0.10000280665515104,2.4393089401006476
2003,1.0,20dB_nominal_difference,real,A23_compressed_feedback,REJECTED_PHYSICAL,YZ,x,-0.0625,y,-0.4375,z,0.3125,0.39488990724054285,0.3672755633583048,-0.027614343882238046,0.10000280665515104,2.4393089401006476
2003,1.0,20dB_nominal_difference,real,A23_compressed_feedback,REJECTED_PHYSICAL,YZ,x,-0.0625,y,-0.3125,z,0.3125,0.537501272301452,0.5017350618744949,-0.035766210426957046,0.10000280665515104,2.4393089401006476
2003,1.0,20dB_nominal_difference,real,A23_compressed_feedback,REJECTED_PHYSICAL,YZ,x,-0.0625,y,-0.1875,z,0.3125,0.6517652759029986,0.6412411218243674,-0.010524154078631165,0.10000280665515104,2.4393089401006476
2003,1.0,20dB_nominal_difference,real,A23_compressed_feedback,REJECTED_PHYSICAL,YZ,x,-0.0625,y,-0.0625,z,0.3125,0.7511454332313572,0.7737169287647728,0.022571495533415642,0.10000280665515104,2.4393089401006476
2003,1.0,20dB_nominal_difference,real,A23_compressed_feedback,REJECTED_PHYSICAL,YZ,x,-0.0625,y,0.0625,z,0.3125,0.8622065001966145,0.8815993988602078,0.019392898663593283,0.10000280665515104,2.4393089401006476
2003,1.0,20dB_nominal_difference,real,A23_compressed_feedback,REJECTED_PHYSICAL,YZ,x,-0.0625,y,0.1875,z,0.3125,0.9441148143702391,0.9444728506125489,0.00035803624230978937,0.10000280665515104,2.4393089401006476
2003,1.0,20dB_nominal_difference,real,A23_compressed_feedback,REJECTED_PHYSICAL,YZ,x,-0.0625,y,0.3125,z,0.3125,0.9231155305097005,0.9435653477528585,0.020449817243157975,0.10000280665515104,2.4393089401006476
2003,1.0,20dB_nominal_difference,real,A23_compressed_feedback,REJECTED_PHYSICAL,YZ,x,-0.0625,y,0.4375,z,0.3125,0.7806947590296338,0.8671796795966911,0.08648492056705726,0.10000280665515104,2.4393089401006476
2003,1.0,20dB_nominal_difference,real,A23_compressed_feedback,REJECTED_PHYSICAL,YZ,x,-0.0625,y,0.5625,z,0.3125,0.5628995376630692,0.7161735764882461,0.15327403882517687,0.10000280665515104,2.4393089401006476
2003,1.0,20dB_nominal_difference,real,A23_compressed_feedback,REJECTED_PHYSICAL,YZ,x,-0.0625,y,0.6875,z,0.3125,0.3491019639108114,0.47318054509987706,0.12407858118906567,0.10000280665515104,2.4393089401006476
2003,1.0,20dB_nominal_difference,real,A23_compressed_feedback,REJECTED_PHYSICAL,YZ,x,-0.0625,y,-0.6875,z,0.4375,0.12070972238072919,0.09354469829605237,-0.027165024084676817,0.10000280665515104,2.4393089401006476
2003,1.0,20dB_nominal_difference,real,A23_compressed_feedback,REJECTED_PHYSICAL,YZ,x,-0.0625,y,-0.5625,z,0.4375,0.14874938224852116,0.1810450800586883,0.03229569781016714,0.10000280665515104,2.4393089401006476
2003,1.0,20dB_nominal_difference,real,A23_compressed_feedback,REJECTED_PHYSICAL,YZ,x,-0.0625,y,-0.4375,z,0.4375,0.1904772753152062,0.2821393774011733,0.09166210208596709,0.10000280665515104,2.4393089401006476
2003,1.0,20dB_nominal_difference,real,A23_compressed_feedback,REJECTED_PHYSICAL,YZ,x,-0.0625,y,-0.3125,z,0.4375,0.23660415943949387,0.39238953338708527,0.1557853739475914,0.10000280665515104,2.4393089401006476
2003,1.0,20dB_nominal_difference,real,A23_compressed_feedback,REJECTED_PHYSICAL,YZ,x,-0.0625,y,-0.1875,z,0.4375,0.2820486868265244,0.5078844048433423,0.2258357180168179,0.10000280665515104,2.4393089401006476
2003,1.0,20dB_nominal_difference,real,A23_compressed_feedback,REJECTED_PHYSICAL,YZ,x,-0.0625,y,-0.0625,z,0.4375,0.34211356233501233,0.6189018103283848,0.2767882479933724,0.10000280665515104,2.4393089401006476
2003,1.0,20dB_nominal_difference,real,A23_compressed_feedback,REJECTED_PHYSICAL,YZ,x,-0.0625,y,0.0625,z,0.4375,0.43314942342634766,0.7094800156430614,0.27633059221671374,0.10000280665515104,2.4393089401006476
2003,1.0,20dB_nominal_difference,real,A23_compressed_feedback,REJECTED_PHYSICAL,YZ,x,-0.0625,y,0.1875,z,0.4375,0.5311232183812667,0.7599462461021759,0.22882302772090912,0.10000280665515104,2.4393089401006476
2003,1.0,20dB_nominal_difference,real,A23_compressed_feedback,REJECTED_PHYSICAL,YZ,x,-0.0625,y,0.3125,z,0.4375,0.578303628667434,0.7511825924147063,0.1728789637472723,0.10000280665515104,2.4393089401006476
2003,1.0,20dB_nominal_difference,real,A23_compressed_feedback,REJECTED_PHYSICAL,YZ,x,-0.0625,y,0.4375,z,0.4375,0.5343085609097497,0.6692270987513732,0.13491853784162355,0.10000280665515104,2.4393089401006476
2003,1.0,20dB_nominal_difference,real,A23_compressed_feedback,REJECTED_PHYSICAL,YZ,x,-0.0625,y,0.5625,z,0.4375,0.412495824784875,0.5098302822200996,0.09733445743522462,0.10000280665515104,2.4393089401006476
2003,1.0,20dB_nominal_difference,real,A23_compressed_feedback,REJECTED_PHYSICAL,YZ,x,-0.0625,y,0.6875,z,0.4375,0.27311373341305345,0.2505304926295378,-0.022583240783515646,0.10000280665515104,2.4393089401006476
2003,1.0,20dB_nominal_difference,real,A23_compressed_feedback,REJECTED_PHYSICAL,YZ,x,-0.0625,y,-0.6875,z,0.5625,0.10376490980483472,0.04709273674443795,-0.05667217306039676,0.10000280665515104,2.4393089401006476
2003,1.0,20dB_nominal_difference,real,A23_compressed_feedback,REJECTED_PHYSICAL,YZ,x,-0.0625,y,-0.5625,z,0.5625,0.10891178641657152,0.11548728519873586,0.006575498782164332,0.10000280665515104,2.4393089401006476
2003,1.0,20dB_nominal_difference,real,A23_compressed_feedback,REJECTED_PHYSICAL,YZ,x,-0.0625,y,-0.4375,z,0.5625,0.11682863596651215,0.18786704096954926,0.07103840500303711,0.10000280665515104,2.4393089401006476
2003,1.0,20dB_nominal_difference,real,A23_compressed_feedback,REJECTED_PHYSICAL,YZ,x,-0.0625,y,-0.3125,z,0.5625,0.1268635052601023,0.26462506641748984,0.13776156115738755,0.10000280665515104,2.4393089401006476
2003,1.0,20dB_nominal_difference,real,A23_compressed_feedback,REJECTED_PHYSICAL,YZ,x,-0.0625,y,-0.1875,z,0.5625,0.1413469016507673,0.34709582350991386,0.20574892185914656,0.10000280665515104,2.4393089401006476
2003,1.0,20dB_nominal_difference,real,A23_compressed_feedback,REJECTED_PHYSICAL,YZ,x,-0.0625,y,-0.0625,z,0.5625,0.169157369334158,0.429392478142944,0.260235108808786,0.10000280665515104,2.4393089401006476
2003,1.0,20dB_nominal_difference,real,A23_compressed_feedback,REJECTED_PHYSICAL,YZ,x,-0.0625,y,0.0625,z,0.5625,0.21756160476700737,0.4979624296886517,0.2804008249216443,0.10000280665515104,2.4393089401006476
2003,1.0,20dB_nominal_difference,real,A23_compressed_feedback,REJECTED_PHYSICAL,YZ,x,-0.0625,y,0.1875,z,0.5625,0.275547133730799,0.5346086926168324,0.25906155888603344,0.10000280665515104,2.4393089401006476
2003,1.0,20dB_nominal_difference,real,A23_compressed_feedback,REJECTED_PHYSICAL,YZ,x,-0.0625,y,0.3125,z,0.5625,0.31320243724200736,0.5207308689046986,0.2075284316626912,0.10000280665515104,2.4393089401006476
2003,1.0,20dB_nominal_difference,real,A23_compressed_feedback,REJECTED_PHYSICAL,YZ,x,-0.0625,y,0.4375,z,0.5625,0.30433998778255333,0.44040206635756773,0.1360620785750144,0.10000280665515104,2.4393089401006476
2003,1.0,20dB_nominal_difference,real,A23_compressed_feedback,REJECTED_PHYSICAL,YZ,x,-0.0625,y,0.5625,z,0.5625,0.25130415166693953,0.2791917495034202,0.02788759783648065,0.10000280665515104,2.4393089401006476
2003,1.0,20dB_nominal_difference,real,A23_compressed_feedback,REJECTED_PHYSICAL,YZ,x,-0.0625,y,0.6875,z,0.5625,0.18496247337200594,-0.012382385293819978,-0.1973448586658259,0.10000280665515104,2.4393089401006476
2003,1.0,20dB_nominal_difference,real,A23_compressed_feedback,REJECTED_PHYSICAL,YZ,x,-0.0625,y,-0.6875,z,0.6875,0.10041010788383695,-0.014717846891107347,-0.1151279547749443,0.10000280665515104,2.4393089401006476
2003,1.0,20dB_nominal_difference,real,A23_compressed_feedback,REJECTED_PHYSICAL,YZ,x,-0.0625,y,-0.5625,z,0.6875,0.10098768632882389,0.048649615664963494,-0.0523380706638604,0.10000280665515104,2.4393089401006476
2003,1.0,20dB_nominal_difference,real,A23_compressed_feedback,REJECTED_PHYSICAL,YZ,x,-0.0625,y,-0.4375,z,0.6875,0.10196462667755618,0.08469286569460924,-0.017271760982946943,0.10000280665515104,2.4393089401006476
2003,1.0,20dB_nominal_difference,real,A23_compressed_feedback,REJECTED_PHYSICAL,YZ,x,-0.0625,y,-0.3125,z,0.6875,0.10363362461937893,0.11903131339133516,0.015397688771956228,0.10000280665515104,2.4393089401006476
2003,1.0,20dB_nominal_difference,real,A23_compressed_feedback,REJECTED_PHYSICAL,YZ,x,-0.0625,y,-0.1875,z,0.6875,0.10740220665865663,0.16246281144417862,0.055060604785521994,0.10000280665515104,2.4393089401006476
2003,1.0,20dB_nominal_difference,real,A23_compressed_feedback,REJECTED_PHYSICAL,YZ,x,-0.0625,y,-0.0625,z,0.6875,0.11644264038831217,0.21352330675317843,0.09708066636486626,0.10000280665515104,2.4393089401006476
2003,1.0,20dB_nominal_difference,real,A23_compressed_feedback,REJECTED_PHYSICAL,YZ,x,-0.0625,y,0.0625,z,0.6875,0.13320937147536027,0.26123532356309914,0.12802595208773887,0.10000280665515104,2.4393089401006476
2003,1.0,20dB_nominal_difference,real,A23_compressed_feedback,REJECTED_PHYSICAL,YZ,x,-0.0625,y,0.1875,z,0.6875,0.15426362840322297,0.28938782306759814,0.13512419466437517,0.10000280665515104,2.4393089401006476
2003,1.0,20dB_nominal_difference,real,A23_compressed_feedback,REJECTED_PHYSICAL,YZ,x,-0.0625,y,0.3125,z,0.6875,0.16926191145929204,0.2815197451752478,0.11225783371595577,0.10000280665515104,2.4393089401006476
2003,1.0,20dB_nominal_difference,real,A23_compressed_feedback,REJECTED_PHYSICAL,YZ,x,-0.0625,y,0.4375,z,0.6875,0.16822805989190653,0.2243010574099775,0.05607299751807096,0.10000280665515104,2.4393089401006476
2003,1.0,20dB_nominal_difference,real,A23_compressed_feedback,REJECTED_PHYSICAL,YZ,x,-0.0625,y,0.5625,z,0.6875,0.15122342744262568,0.10254075023291918,-0.048682677209706496,0.10000280665515104,2.4393089401006476
2003,1.0,20dB_nominal_difference,real,A23_compressed_feedback,REJECTED_PHYSICAL,YZ,x,-0.0625,y,0.6875,z,0.6875,0.12894625703496232,-0.1951963788904669,-0.32414263592542925,0.10000280665515104,2.4393089401006476
2003,1.0,20dB_nominal_difference,imag,truth_OFFLINE,OFFLINE_TRUTH,XY,z,-0.0625,x,-0.6875,y,-0.6875,0.042812060851533745,0.042812060851533745,0.0,0.04000015580667526,0.163674380721008
2003,1.0,20dB_nominal_difference,imag,truth_OFFLINE,OFFLINE_TRUTH,XY,z,-0.0625,x,-0.5625,y,-0.6875,0.04501641841016214,0.04501641841016214,0.0,0.04000015580667526,0.163674380721008
2003,1.0,20dB_nominal_difference,imag,truth_OFFLINE,OFFLINE_TRUTH,XY,z,-0.0625,x,-0.4375,y,-0.6875,0.047153559012156725,0.047153559012156725,0.0,0.04000015580667526,0.163674380721008
2003,1.0,20dB_nominal_difference,imag,truth_OFFLINE,OFFLINE_TRUTH,XY,z,-0.0625,x,-0.3125,y,-0.6875,0.04816564094919894,0.04816564094919894,0.0,0.04000015580667526,0.163674380721008
2003,1.0,20dB_nominal_difference,imag,truth_OFFLINE,OFFLINE_TRUTH,XY,z,-0.0625,x,-0.1875,y,-0.6875,0.04748045653852776,0.04748045653852776,0.0,0.04000015580667526,0.163674380721008
2003,1.0,20dB_nominal_difference,imag,truth_OFFLINE,OFFLINE_TRUTH,XY,z,-0.0625,x,-0.0625,y,-0.6875,0.04552669117604515,0.04552669117604515,0.0,0.04000015580667526,0.163674380721008
2003,1.0,20dB_nominal_difference,imag,truth_OFFLINE,OFFLINE_TRUTH,XY,z,-0.0625,x,0.0625,y,-0.6875,0.043322193144988023,0.043322193144988023,0.0,0.04000015580667526,0.163674380721008
2003,1.0,20dB_nominal_difference,imag,truth_OFFLINE,OFFLINE_TRUTH,XY,z,-0.0625,x,0.1875,y,-0.6875,0.041648705741738304,0.041648705741738304,0.0,0.04000015580667526,0.163674380721008
2003,1.0,20dB_nominal_difference,imag,truth_OFFLINE,OFFLINE_TRUTH,XY,z,-0.0625,x,0.3125,y,-0.6875,0.04068984889113016,0.04068984889113016,0.0,0.04000015580667526,0.163674380721008
2003,1.0,20dB_nominal_difference,imag,truth_OFFLINE,OFFLINE_TRUTH,XY,z,-0.0625,x,0.4375,y,-0.6875,0.04024917597637867,0.04024917597637867,0.0,0.04000015580667526,0.163674380721008
2003,1.0,20dB_nominal_difference,imag,truth_OFFLINE,OFFLINE_TRUTH,XY,z,-0.0625,x,0.5625,y,-0.6875,0.040078931812932886,0.040078931812932886,0.0,0.04000015580667526,0.163674380721008
2003,1.0,20dB_nominal_difference,imag,truth_OFFLINE,OFFLINE_TRUTH,XY,z,-0.0625,x,0.6875,y,-0.6875,0.04002187267302577,0.04002187267302577,0.0,0.04000015580667526,0.163674380721008
2003,1.0,20dB_nominal_difference,imag,truth_OFFLINE,OFFLINE_TRUTH,XY,z,-0.0625,x,-0.6875,y,-0.5625,0.04671923723527712,0.04671923723527712,0.0,0.04000015580667526,0.163674380721008
2003,1.0,20dB_nominal_difference,imag,truth_OFFLINE,OFFLINE_TRUTH,XY,z,-0.0625,x,-0.5625,y,-0.5625,0.051951087983362836,0.051951087983362836,0.0,0.04000015580667526,0.163674380721008
2003,1.0,20dB_nominal_difference,imag,truth_OFFLINE,OFFLINE_TRUTH,XY,z,-0.0625,x,-0.4375,y,-0.5625,0.057010594762901406,0.057010594762901406,0.0,0.04000015580667526,0.163674380721008
2003,1.0,20dB_nominal_difference,imag,truth_OFFLINE,OFFLINE_TRUTH,XY,z,-0.0625,x,-0.3125,y,-0.5625,0.05942346591625194,0.05942346591625194,0.0,0.04000015580667526,0.163674380721008
2003,1.0,20dB_nominal_difference,imag,truth_OFFLINE,OFFLINE_TRUTH,XY,z,-0.0625,x,-0.1875,y,-0.5625,0.057875810867460825,0.057875810867460825,0.0,0.04000015580667526,0.163674380721008
2003,1.0,20dB_nominal_difference,imag,truth_OFFLINE,OFFLINE_TRUTH,XY,z,-0.0625,x,-0.0625,y,-0.5625,0.05337272512675944,0.05337272512675944,0.0,0.04000015580667526,0.163674380721008
2003,1.0,20dB_nominal_difference,imag,truth_OFFLINE,OFFLINE_TRUTH,XY,z,-0.0625,x,0.0625,y,-0.5625,0.048248239982660715,0.048248239982660715,0.0,0.04000015580667526,0.163674380721008
2003,1.0,20dB_nominal_difference,imag,truth_OFFLINE,OFFLINE_TRUTH,XY,z,-0.0625,x,0.1875,y,-0.5625,0.04428321889975626,0.04428321889975626,0.0,0.04000015580667526,0.163674380721008
2003,1.0,20dB_nominal_difference,imag,truth_OFFLINE,OFFLINE_TRUTH,XY,z,-0.0625,x,0.3125,y,-0.5625,0.041918714289671956,0.041918714289671956,0.0,0.04000015580667526,0.163674380721008
2003,1.0,20dB_nominal_difference,imag,truth_OFFLINE,OFFLINE_TRUTH,XY,z,-0.0625,x,0.4375,y,-0.5625,0.04075452053288806,0.04075452053288806,0.0,0.04000015580667526,0.163674380721008
2003,1.0,20dB_nominal_difference,imag,truth_OFFLINE,OFFLINE_TRUTH,XY,z,-0.0625,x,0.5625,y,-0.5625,0.04026016289838168,0.04026016289838168,0.0,0.04000015580667526,0.163674380721008
2003,1.0,20dB_nominal_difference,imag,truth_OFFLINE,OFFLINE_TRUTH,XY,z,-0.0625,x,0.6875,y,-0.5625,0.04007706720224385,0.04007706720224385,0.0,0.04000015580667526,0.163674380721008
2003,1.0,20dB_nominal_difference,imag,truth_OFFLINE,OFFLINE_TRUTH,XY,z,-0.0625,x,-0.6875,y,-0.4375,0.05259270005925314,0.05259270005925314,0.0,0.04000015580667526,0.163674380721008
2003,1.0,20dB_nominal_difference,imag,truth_OFFLINE,OFFLINE_TRUTH,XY,z,-0.0625,x,-0.5625,y,-0.4375,0.062376721029284404,0.062376721029284404,0.0,0.04000015580667526,0.163674380721008
2003,1.0,20dB_nominal_difference,imag,truth_OFFLINE,OFFLINE_TRUTH,XY,z,-0.0625,x,-0.4375,y,-0.4375,0.07187478901154168,0.07187478901154168,0.0,0.04000015580667526,0.163674380721008
2003,1.0,20dB_nominal_difference,imag,truth_OFFLINE,OFFLINE_TRUTH,XY,z,-0.0625,x,-0.3125,y,-0.4375,0.07656023537116752,0.07656023537116752,0.0,0.04000015580667526,0.163674380721008
2003,1.0,20dB_nominal_difference,imag,truth_OFFLINE,OFFLINE_TRUTH,XY,z,-0.0625,x,-0.1875,y,-0.4375,0.07404746693626542,0.07404746693626542,0.0,0.04000015580667526,0.163674380721008
2003,1.0,20dB_nominal_difference,imag,truth_OFFLINE,OFFLINE_TRUTH,XY,z,-0.0625,x,-0.0625,y,-0.4375,0.06611054116039423,0.06611054116039423,0.0,0.04000015580667526,0.163674380721008
2003,1.0,20dB_nominal_difference,imag,truth_OFFLINE,OFFLINE_TRUTH,XY,z,-0.0625,x,0.0625,y,-0.4375,0.05684254734146165,0.05684254734146165,0.0,0.04000015580667526,0.163674380721008
2003,1.0,20dB_nominal_difference,imag,truth_OFFLINE,OFFLINE_TRUTH,XY,z,-0.0625,x,0.1875,y,-0.4375,0.04937377140139504,0.04937377140139504,0.0,0.04000015580667526,0.163674380721008
2003,1.0,20dB_nominal_difference,imag,truth_OFFLINE,OFFLINE_TRUTH,XY,z,-0.0625,x,0.3125,y,-0.4375,0.044590075287547486,0.044590075287547486,0.0,0.04000015580667526,0.163674380721008
2003,1.0,20dB_nominal_difference,imag,truth_OFFLINE,OFFLINE_TRUTH,XY,z,-0.0625,x,0.4375,y,-0.4375,0.04197827881197196,0.04197827881197196,0.0,0.04000015580667526,0.163674380721008
2003,1.0,20dB_nominal_difference,imag,truth_OFFLINE,OFFLINE_TRUTH,XY,z,-0.0625,x,0.5625,y,-0.4375,0.04073456343762443,0.04073456343762443,0.0,0.04000015580667526,0.163674380721008
2003,1.0,20dB_nominal_difference,imag,truth_OFFLINE,OFFLINE_TRUTH,XY,z,-0.0625,x,0.6875,y,-0.4375,0.04022789969620764,0.04022789969620764,0.0,0.04000015580667526,0.163674380721008
2003,1.0,20dB_nominal_difference,imag,truth_OFFLINE,OFFLINE_TRUTH,XY,z,-0.0625,x,-0.6875,y,-0.3125,0.05895379189233613,0.05895379189233613,0.0,0.04000015580667526,0.163674380721008
2003,1.0,20dB_nominal_difference,imag,truth_OFFLINE,OFFLINE_TRUTH,XY,z,-0.0625,x,-0.5625,y,-0.3125,0.07386171234073384,0.07386171234073384,0.0,0.04000015580667526,0.163674380721008
2003,1.0,20dB_nominal_difference,imag,truth_OFFLINE,OFFLINE_TRUTH,XY,z,-0.0625,x,-0.4375,y,-0.3125,0.08859624924664959,0.08859624924664959,0.0,0.04000015580667526,0.163674380721008
2003,1.0,20dB_nominal_difference,imag,truth_OFFLINE,OFFLINE_TRUTH,XY,z,-0.0625,x,-0.3125,y,-0.3125,0.0964415039637058,0.0964415039637058,0.0,0.04000015580667526,0.163674380721008
2003,1.0,20dB_nominal_difference,imag,truth_OFFLINE,OFFLINE_TRUTH,XY,z,-0.0625,x,-0.1875,y,-0.3125,0.09378116907479145,0.09378116907479145,0.0,0.04000015580667526,0.163674380721008
2003,1.0,20dB_nominal_difference,imag,truth_OFFLINE,OFFLINE_TRUTH,XY,z,-0.0625,x,-0.0625,y,-0.3125,0.08296185958806848,0.08296185958806848,0.0,0.04000015580667526,0.163674380721008
2003,1.0,20dB_nominal_difference,imag,truth_OFFLINE,OFFLINE_TRUTH,XY,z,-0.0625,x,0.0625,y,-0.3125,0.06957351754030672,0.06957351754030672,0.0,0.04000015580667526,0.163674380721008
2003,1.0,20dB_nominal_difference,imag,truth_OFFLINE,OFFLINE_TRUTH,XY,z,-0.0625,x,0.1875,y,-0.3125,0.05795880046020539,0.05795880046020539,0.0,0.04000015580667526,0.163674380721008
2003,1.0,20dB_nominal_difference,imag,truth_OFFLINE,OFFLINE_TRUTH,XY,z,-0.0625,x,0.3125,y,-0.3125,0.04966102784305324,0.04966102784305324,0.0,0.04000015580667526,0.163674380721008
2003,1.0,20dB_nominal_difference,imag,truth_OFFLINE,OFFLINE_TRUTH,XY,z,-0.0625,x,0.4375,y,-0.3125,0.044507537376236805,0.044507537376236805,0.0,0.04000015580667526,0.163674380721008
2003,1.0,20dB_nominal_difference,imag,truth_OFFLINE,OFFLINE_TRUTH,XY,z,-0.0625,x,0.5625,y,-0.3125,0.04176157986813832,0.04176157986813832,0.0,0.04000015580667526,0.163674380721008
2003,1.0,20dB_nominal_difference,imag,truth_OFFLINE,OFFLINE_TRUTH,XY,z,-0.0625,x,0.6875,y,-0.3125,0.04055912685149282,0.04055912685149282,0.0,0.04000015580667526,0.163674380721008
2003,1.0,20dB_nominal_difference,imag,truth_OFFLINE,OFFLINE_TRUTH,XY,z,-0.0625,x,-0.6875,y,-0.1875,0.06414071000515616,0.06414071000515616,0.0,0.04000015580667526,0.163674380721008
2003,1.0,20dB_nominal_difference,imag,truth_OFFLINE,OFFLINE_TRUTH,XY,z,-0.0625,x,-0.5625,y,-0.1875,0.08405754185242151,0.08405754185242151,0.0,0.04000015580667526,0.163674380721008
2003,1.0,20dB_nominal_difference,imag,truth_OFFLINE,OFFLINE_TRUTH,XY,z,-0.0625,x,-0.4375,y,-0.1875,0.10464619152399268,0.10464619152399268,0.0,0.04000015580667526,0.163674380721008
2003,1.0,20dB_nominal_difference,imag,truth_OFFLINE,OFFLINE_TRUTH,XY,z,-0.0625,x,-0.3125,y,-0.1875,0.11703963931989764,0.11703963931989764,0.0,0.04000015580667526,0.163674380721008
2003,1.0,20dB_nominal_difference,imag,truth_OFFLINE,OFFLINE_TRUTH,XY,z,-0.0625,x,-0.1875,y,-0.1875,0.11600715433781533,0.11600715433781533,0.0,0.04000015580667526,0.163674380721008
2003,1.0,20dB_nominal_difference,imag,truth_OFFLINE,OFFLINE_TRUTH,XY,z,-0.0625,x,-0.0625,y,-0.1875,0.10388043199886729,0.10388043199886729,0.0,0.04000015580667526,0.163674380721008
2003,1.0,20dB_nominal_difference,imag,truth_OFFLINE,OFFLINE_TRUTH,XY,z,-0.0625,x,0.0625,y,-0.1875,0.08715791234653131,0.08715791234653131,0.0,0.04000015580667526,0.163674380721008
2003,1.0,20dB_nominal_difference,imag,truth_OFFLINE,OFFLINE_TRUTH,XY,z,-0.0625,x,0.1875,y,-0.1875,0.07105841669804411,0.07105841669804411,0.0,0.04000015580667526,0.163674380721008
2003,1.0,20dB_nominal_difference,imag,truth_OFFLINE,OFFLINE_TRUTH,XY,z,-0.0625,x,0.3125,y,-0.1875,0.05799868214319433,0.05799868214319433,0.0,0.04000015580667526,0.163674380721008
2003,1.0,20dB_nominal_difference,imag,truth_OFFLINE,OFFLINE_TRUTH,XY,z,-0.0625,x,0.4375,y,-0.1875,0.0488427972404081,0.0488427972404081,0.0,0.04000015580667526,0.163674380721008
2003,1.0,20dB_nominal_difference,imag,truth_OFFLINE,OFFLINE_TRUTH,XY,z,-0.0625,x,0.5625,y,-0.1875,0.04354008507042236,0.04354008507042236,0.0,0.04000015580667526,0.163674380721008
2003,1.0,20dB_nominal_difference,imag,truth_OFFLINE,OFFLINE_TRUTH,XY,z,-0.0625,x,0.6875,y,-0.1875,0.041124939764612185,0.041124939764612185,0.0,0.04000015580667526,0.163674380721008
2003,1.0,20dB_nominal_difference,imag,truth_OFFLINE,OFFLINE_TRUTH,XY,z,-0.0625,x,-0.6875,y,-0.0625,0.06749798464259113,0.06749798464259113,0.0,0.04000015580667526,0.163674380721008
2003,1.0,20dB_nominal_difference,imag,truth_OFFLINE,OFFLINE_TRUTH,XY,z,-0.0625,x,-0.5625,y,-0.0625,0.0924583346322828,0.0924583346322828,0.0,0.04000015580667526,0.163674380721008
2003,1.0,20dB_nominal_difference,imag,truth_OFFLINE,OFFLINE_TRUTH,XY,z,-0.0625,x,-0.4375,y,-0.0625,0.12022275489155235,0.12022275489155235,0.0,0.04000015580667526,0.163674380721008
2003,1.0,20dB_nominal_difference,imag,truth_OFFLINE,OFFLINE_TRUTH,XY,z,-0.0625,x,-0.3125,y,-0.0625,0.13941173146332025,0.13941173146332025,0.0,0.04000015580667526,0.163674380721008
2003,1.0,20dB_nominal_difference,imag,truth_OFFLINE,OFFLINE_TRUTH,XY,z,-0.0625,x,-0.1875,y,-0.0625,0.14204895694150824,0.14204895694150824,0.0,0.04000015580667526,0.163674380721008
2003,1.0,20dB_nominal_difference,imag,truth_OFFLINE,OFFLINE_TRUTH,XY,z,-0.0625,x,-0.0625,y,-0.0625,0.1296726376248023,0.1296726376248023,0.0,0.04000015580667526,0.163674380721008
2003,1.0,20dB_nominal_difference,imag,truth_OFFLINE,OFFLINE_TRUTH,XY,z,-0.0625,x,0.0625,y,-0.0625,0.10968324680704317,0.10968324680704317,0.0,0.04000015580667526,0.163674380721008
2003,1.0,20dB_nominal_difference,imag,truth_OFFLINE,OFFLINE_TRUTH,XY,z,-0.0625,x,0.1875,y,-0.0625,0.08836681093770062,0.08836681093770062,0.0,0.04000015580667526,0.163674380721008
2003,1.0,20dB_nominal_difference,imag,truth_OFFLINE,OFFLINE_TRUTH,XY,z,-0.0625,x,0.3125,y,-0.0625,0.0692222961257432,0.0692222961257432,0.0,0.04000015580667526,0.163674380721008
2003,1.0,20dB_nominal_difference,imag,truth_OFFLINE,OFFLINE_TRUTH,XY,z,-0.0625,x,0.4375,y,-0.0625,0.05466901134123281,0.05466901134123281,0.0,0.04000015580667526,0.163674380721008
2003,1.0,20dB_nominal_difference,imag,truth_OFFLINE,OFFLINE_TRUTH,XY,z,-0.0625,x,0.5625,y,-0.0625,0.045872837212520334,0.045872837212520334,0.0,0.04000015580667526,0.163674380721008
2003,1.0,20dB_nominal_difference,imag,truth_OFFLINE,OFFLINE_TRUTH,XY,z,-0.0625,x,0.6875,y,-0.0625,0.0418360047357586,0.0418360047357586,0.0,0.04000015580667526,0.163674380721008
2003,1.0,20dB_nominal_difference,imag,truth_OFFLINE,OFFLINE_TRUTH,XY,z,-0.0625,x,-0.6875,y,0.0625,0.06747761449903886,0.06747761449903886,0.0,0.04000015580667526,0.163674380721008
2003,1.0,20dB_nominal_difference,imag,truth_OFFLINE,OFFLINE_TRUTH,XY,z,-0.0625,x,-0.5625,y,0.0625,0.09549848235929675,0.09549848235929675,0.0,0.04000015580667526,0.163674380721008
2003,1.0,20dB_nominal_difference,imag,truth_OFFLINE,OFFLINE_TRUTH,XY,z,-0.0625,x,-0.4375,y,0.0625,0.129320887606679,0.129320887606679,0.0,0.04000015580667526,0.163674380721008
2003,1.0,20dB_nominal_difference,imag,truth_OFFLINE,OFFLINE_TRUTH,XY,z,-0.0625,x,-0.3125,y,0.0625,0.15577475122402062,0.15577475122402062,0.0,0.04000015580667526,0.163674380721008
2003,1.0,20dB_nominal_difference,imag,truth_OFFLINE,OFFLINE_TRUTH,XY,z,-0.0625,x,-0.1875,y,0.0625,0.163674380721008,0.163674380721008,0.0,0.04000015580667526,0.163674380721008
2003,1.0,20dB_nominal_difference,imag,truth_OFFLINE,OFFLINE_TRUTH,XY,z,-0.0625,x,-0.0625,y,0.0625,0.15276659508822296,0.15276659508822296,0.0,0.04000015580667526,0.163674380721008
2003,1.0,20dB_nominal_difference,imag,truth_OFFLINE,OFFLINE_TRUTH,XY,z,-0.0625,x,0.0625,y,0.0625,0.1308208387853533,0.1308208387853533,0.0,0.04000015580667526,0.163674380721008
2003,1.0,20dB_nominal_difference,imag,truth_OFFLINE,OFFLINE_TRUTH,XY,z,-0.0625,x,0.1875,y,0.0625,0.10504476057409515,0.10504476057409515,0.0,0.04000015580667526,0.163674380721008
2003,1.0,20dB_nominal_difference,imag,truth_OFFLINE,OFFLINE_TRUTH,XY,z,-0.0625,x,0.3125,y,0.0625,0.08004365477318558,0.08004365477318558,0.0,0.04000015580667526,0.163674380721008
2003,1.0,20dB_nominal_difference,imag,truth_OFFLINE,OFFLINE_TRUTH,XY,z,-0.0625,x,0.4375,y,0.0625,0.060110914361473436,0.060110914361473436,0.0,0.04000015580667526,0.163674380721008
2003,1.0,20dB_nominal_difference,imag,truth_OFFLINE,OFFLINE_TRUTH,XY,z,-0.0625,x,0.5625,y,0.0625,0.047916215851691785,0.047916215851691785,0.0,0.04000015580667526,0.163674380721008
2003,1.0,20dB_nominal_difference,imag,truth_OFFLINE,OFFLINE_TRUTH,XY,z,-0.0625,x,0.6875,y,0.0625,0.04240463768892273,0.04240463768892273,0.0,0.04000015580667526,0.163674380721008
2003,1.0,20dB_nominal_difference,imag,truth_OFFLINE,OFFLINE_TRUTH,XY,z,-0.0625,x,-0.6875,y,0.1875,0.061829990330548715,0.061829990330548715,0.0,0.04000015580667526,0.163674380721008
2003,1.0,20dB_nominal_difference,imag,truth_OFFLINE,OFFLINE_TRUTH,XY,z,-0.0625,x,-0.5625,y,0.1875,0.08661838749055265,0.08661838749055265,0.0,0.04000015580667526,0.163674380721008
2003,1.0,20dB_nominal_difference,imag,truth_OFFLINE,OFFLINE_TRUTH,XY,z,-0.0625,x,-0.4375,y,0.1875,0.11900813444003683,0.11900813444003683,0.0,0.04000015580667526,0.163674380721008
2003,1.0,20dB_nominal_difference,imag,truth_OFFLINE,OFFLINE_TRUTH,XY,z,-0.0625,x,-0.3125,y,0.1875,0.14751140554932707,0.14751140554932707,0.0,0.04000015580667526,0.163674380721008
2003,1.0,20dB_nominal_difference,imag,truth_OFFLINE,OFFLINE_TRUTH,XY,z,-0.0625,x,-0.1875,y,0.1875,0.16039105667147383,0.16039105667147383,0.0,0.04000015580667526,0.163674380721008
2003,1.0,20dB_nominal_difference,imag,truth_OFFLINE,OFFLINE_TRUTH,XY,z,-0.0625,x,-0.0625,y,0.1875,0.15505336276937054,0.15505336276937054,0.0,0.04000015580667526,0.163674380721008
2003,1.0,20dB_nominal_difference,imag,truth_OFFLINE,OFFLINE_TRUTH,XY,z,-0.0625,x,0.0625,y,0.1875,0.13688521071212376,0.13688521071212376,0.0,0.04000015580667526,0.163674380721008
2003,1.0,20dB_nominal_difference,imag,truth_OFFLINE,OFFLINE_TRUTH,XY,z,-0.0625,x,0.1875,y,0.1875,0.11174509915929395,0.11174509915929395,0.0,0.04000015580667526,0.163674380721008
2003,1.0,20dB_nominal_difference,imag,truth_OFFLINE,OFFLINE_TRUTH,XY,z,-0.0625,x,0.3125,y,0.1875,0.08474302330367384,0.08474302330367384,0.0,0.04000015580667526,0.163674380721008
2003,1.0,20dB_nominal_difference,imag,truth_OFFLINE,OFFLINE_TRUTH,XY,z,-0.0625,x,0.4375,y,0.1875,0.062260559952542746,0.062260559952542746,0.0,0.04000015580667526,0.163674380721008
2003,1.0,20dB_nominal_difference,imag,truth_OFFLINE,OFFLINE_TRUTH,XY,z,-0.0625,x,0.5625,y,0.1875,0.0485319027542396,0.0485319027542396,0.0,0.04000015580667526,0.163674380721008
2003,1.0,20dB_nominal_difference,imag,truth_OFFLINE,OFFLINE_TRUTH,XY,z,-0.0625,x,0.6875,y,0.1875,0.042499878614168186,0.042499878614168186,0.0,0.04000015580667526,0.163674380721008
2003,1.0,20dB_nominal_difference,imag,truth_OFFLINE,OFFLINE_TRUTH,XY,z,-0.0625,x,-0.6875,y,0.3125,0.05261255142733424,0.05261255142733424,0.0,0.04000015580667526,0.163674380721008
2003,1.0,20dB_nominal_difference,imag,truth_OFFLINE,OFFLINE_TRUTH,XY,z,-0.0625,x,-0.5625,y,0.3125,0.0684128538147093,0.0684128538147093,0.0,0.04000015580667526,0.163674380721008
2003,1.0,20dB_nominal_difference,imag,truth_OFFLINE,OFFLINE_TRUTH,XY,z,-0.0625,x,-0.4375,y,0.3125,0.09087823317155115,0.09087823317155115,0.0,0.04000015580667526,0.163674380721008
2003,1.0,20dB_nominal_difference,imag,truth_OFFLINE,OFFLINE_TRUTH,XY,z,-0.0625,x,-0.3125,y,0.3125,0.11345349775818503,0.11345349775818503,0.0,0.04000015580667526,0.163674380721008
2003,1.0,20dB_nominal_difference,imag,truth_OFFLINE,OFFLINE_TRUTH,XY,z,-0.0625,x,-0.1875,y,0.3125,0.12786602111867237,0.12786602111867237,0.0,0.04000015580667526,0.163674380721008
2003,1.0,20dB_nominal_difference,imag,truth_OFFLINE,OFFLINE_TRUTH,XY,z,-0.0625,x,-0.0625,y,0.3125,0.13024674790657753,0.13024674790657753,0.0,0.04000015580667526,0.163674380721008
2003,1.0,20dB_nominal_difference,imag,truth_OFFLINE,OFFLINE_TRUTH,XY,z,-0.0625,x,0.0625,y,0.3125,0.12129664598653803,0.12129664598653803,0.0,0.04000015580667526,0.163674380721008
2003,1.0,20dB_nominal_difference,imag,truth_OFFLINE,OFFLINE_TRUTH,XY,z,-0.0625,x,0.1875,y,0.3125,0.10297536110236849,0.10297536110236849,0.0,0.04000015580667526,0.163674380721008
2003,1.0,20dB_nominal_difference,imag,truth_OFFLINE,OFFLINE_TRUTH,XY,z,-0.0625,x,0.3125,y,0.3125,0.07980093621515352,0.07980093621515352,0.0,0.04000015580667526,0.163674380721008
2003,1.0,20dB_nominal_difference,imag,truth_OFFLINE,OFFLINE_TRUTH,XY,z,-0.0625,x,0.4375,y,0.3125,0.05952259275985332,0.05952259275985332,0.0,0.04000015580667526,0.163674380721008
2003,1.0,20dB_nominal_difference,imag,truth_OFFLINE,OFFLINE_TRUTH,XY,z,-0.0625,x,0.5625,y,0.3125,0.04724895876292659,0.04724895876292659,0.0,0.04000015580667526,0.163674380721008
2003,1.0,20dB_nominal_difference,imag,truth_OFFLINE,OFFLINE_TRUTH,XY,z,-0.0625,x,0.6875,y,0.3125,0.04204247644349049,0.04204247644349049,0.0,0.04000015580667526,0.163674380721008
2003,1.0,20dB_nominal_difference,imag,truth_OFFLINE,OFFLINE_TRUTH,XY,z,-0.0625,x,-0.6875,y,0.4375,0.045146833362529254,0.045146833362529254,0.0,0.04000015580667526,0.163674380721008
2003,1.0,20dB_nominal_difference,imag,truth_OFFLINE,OFFLINE_TRUTH,XY,z,-0.0625,x,-0.5625,y,0.4375,0.052308006267595956,0.052308006267595956,0.0,0.04000015580667526,0.163674380721008
2003,1.0,20dB_nominal_difference,imag,truth_OFFLINE,OFFLINE_TRUTH,XY,z,-0.0625,x,-0.4375,y,0.4375,0.0635996340198682,0.0635996340198682,0.0,0.04000015580667526,0.163674380721008
2003,1.0,20dB_nominal_difference,imag,truth_OFFLINE,OFFLINE_TRUTH,XY,z,-0.0625,x,-0.3125,y,0.4375,0.07692163679972497,0.07692163679972497,0.0,0.04000015580667526,0.163674380721008
2003,1.0,20dB_nominal_difference,imag,truth_OFFLINE,OFFLINE_TRUTH,XY,z,-0.0625,x,-0.1875,y,0.4375,0.08851586134200791,0.08851586134200791,0.0,0.04000015580667526,0.163674380721008
2003,1.0,20dB_nominal_difference,imag,truth_OFFLINE,OFFLINE_TRUTH,XY,z,-0.0625,x,-0.0625,y,0.4375,0.09505083051922082,0.09505083051922082,0.0,0.04000015580667526,0.163674380721008
2003,1.0,20dB_nominal_difference,imag,truth_OFFLINE,OFFLINE_TRUTH,XY,z,-0.0625,x,0.0625,y,0.4375,0.09390935418559936,0.09390935418559936,0.0,0.04000015580667526,0.163674380721008
2003,1.0,20dB_nominal_difference,imag,truth_OFFLINE,OFFLINE_TRUTH,XY,z,-0.0625,x,0.1875,y,0.4375,0.08376161542003223,0.08376161542003223,0.0,0.04000015580667526,0.163674380721008
2003,1.0,20dB_nominal_difference,imag,truth_OFFLINE,OFFLINE_TRUTH,XY,z,-0.0625,x,0.3125,y,0.4375,0.06787722682085688,0.06787722682085688,0.0,0.04000015580667526,0.163674380721008
2003,1.0,20dB_nominal_difference,imag,truth_OFFLINE,OFFLINE_TRUTH,XY,z,-0.0625,x,0.4375,y,0.4375,0.0534028942982199,0.0534028942982199,0.0,0.04000015580667526,0.163674380721008
2003,1.0,20dB_nominal_difference,imag,truth_OFFLINE,OFFLINE_TRUTH,XY,z,-0.0625,x,0.5625,y,0.4375,0.04480510916222494,0.04480510916222494,0.0,0.04000015580667526,0.163674380721008
2003,1.0,20dB_nominal_difference,imag,truth_OFFLINE,OFFLINE_TRUTH,XY,z,-0.0625,x,0.6875,y,0.4375,0.04130161756945503,0.04130161756945503,0.0,0.04000015580667526,0.163674380721008
2003,1.0,20dB_nominal_difference,imag,truth_OFFLINE,OFFLINE_TRUTH,XY,z,-0.0625,x,-0.6875,y,0.5625,0.04155453055242604,0.04155453055242604,0.0,0.04000015580667526,0.163674380721008
2003,1.0,20dB_nominal_difference,imag,truth_OFFLINE,OFFLINE_TRUTH,XY,z,-0.0625,x,-0.5625,y,0.5625,0.04401700141223197,0.04401700141223197,0.0,0.04000015580667526,0.163674380721008
2003,1.0,20dB_nominal_difference,imag,truth_OFFLINE,OFFLINE_TRUTH,XY,z,-0.0625,x,-0.4375,y,0.5625,0.048436595860168206,0.048436595860168206,0.0,0.04000015580667526,0.163674380721008
2003,1.0,20dB_nominal_difference,imag,truth_OFFLINE,OFFLINE_TRUTH,XY,z,-0.0625,x,-0.3125,y,0.5625,0.05467394860763999,0.05467394860763999,0.0,0.04000015580667526,0.163674380721008
2003,1.0,20dB_nominal_difference,imag,truth_OFFLINE,OFFLINE_TRUTH,XY,z,-0.0625,x,-0.1875,y,0.5625,0.06165764159022336,0.06165764159022336,0.0,0.04000015580667526,0.163674380721008
2003,1.0,20dB_nominal_difference,imag,truth_OFFLINE,OFFLINE_TRUTH,XY,z,-0.0625,x,-0.0625,y,0.5625,0.0673760067132258,0.0673760067132258,0.0,0.04000015580667526,0.163674380721008
2003,1.0,20dB_nominal_difference,imag,truth_OFFLINE,OFFLINE_TRUTH,XY,z,-0.0625,x,0.0625,y,0.5625,0.06887981651268772,0.06887981651268772,0.0,0.04000015580667526,0.163674380721008
2003,1.0,20dB_nominal_difference,imag,truth_OFFLINE,OFFLINE_TRUTH,XY,z,-0.0625,x,0.1875,y,0.5625,0.0641626244070744,0.0641626244070744,0.0,0.04000015580667526,0.163674380721008
2003,1.0,20dB_nominal_difference,imag,truth_OFFLINE,OFFLINE_TRUTH,XY,z,-0.0625,x,0.3125,y,0.5625,0.05529949586953234,0.05529949586953234,0.0,0.04000015580667526,0.163674380721008
2003,1.0,20dB_nominal_difference,imag,truth_OFFLINE,OFFLINE_TRUTH,XY,z,-0.0625,x,0.4375,y,0.5625,0.04715181215615008,0.04715181215615008,0.0,0.04000015580667526,0.163674380721008
2003,1.0,20dB_nominal_difference,imag,truth_OFFLINE,OFFLINE_TRUTH,XY,z,-0.0625,x,0.5625,y,0.5625,0.042469036992147643,0.042469036992147643,0.0,0.04000015580667526,0.163674380721008
2003,1.0,20dB_nominal_difference,imag,truth_OFFLINE,OFFLINE_TRUTH,XY,z,-0.0625,x,0.6875,y,0.5625,0.04064411430786136,0.04064411430786136,0.0,0.04000015580667526,0.163674380721008
2003,1.0,20dB_nominal_difference,imag,truth_OFFLINE,OFFLINE_TRUTH,XY,z,-0.0625,x,-0.6875,y,0.6875,0.0403989351377876,0.0403989351377876,0.0,0.04000015580667526,0.163674380721008
2003,1.0,20dB_nominal_difference,imag,truth_OFFLINE,OFFLINE_TRUTH,XY,z,-0.0625,x,-0.5625,y,0.6875,0.04113120583550842,0.04113120583550842,0.0,0.04000015580667526,0.163674380721008
2003,1.0,20dB_nominal_difference,imag,truth_OFFLINE,OFFLINE_TRUTH,XY,z,-0.0625,x,-0.4375,y,0.6875,0.042630474195134264,0.042630474195134264,0.0,0.04000015580667526,0.163674380721008
2003,1.0,20dB_nominal_difference,imag,truth_OFFLINE,OFFLINE_TRUTH,XY,z,-0.0625,x,-0.3125,y,0.6875,0.045100938048975955,0.045100938048975955,0.0,0.04000015580667526,0.163674380721008
2003,1.0,20dB_nominal_difference,imag,truth_OFFLINE,OFFLINE_TRUTH,XY,z,-0.0625,x,-0.1875,y,0.6875,0.04836173594686007,0.04836173594686007,0.0,0.04000015580667526,0.163674380721008
2003,1.0,20dB_nominal_difference,imag,truth_OFFLINE,OFFLINE_TRUTH,XY,z,-0.0625,x,-0.0625,y,0.6875,0.05145596596372576,0.05145596596372576,0.0,0.04000015580667526,0.163674380721008
2003,1.0,20dB_nominal_difference,imag,truth_OFFLINE,OFFLINE_TRUTH,XY,z,-0.0625,x,0.0625,y,0.6875,0.05259007729992901,0.05259007729992901,0.0,0.04000015580667526,0.163674380721008
2003,1.0,20dB_nominal_difference,imag,truth_OFFLINE,OFFLINE_TRUTH,XY,z,-0.0625,x,0.1875,y,0.6875,0.05056723797387832,0.05056723797387832,0.0,0.04000015580667526,0.163674380721008
2003,1.0,20dB_nominal_difference,imag,truth_OFFLINE,OFFLINE_TRUTH,XY,z,-0.0625,x,0.3125,y,0.6875,0.046542039486185904,0.046542039486185904,0.0,0.04000015580667526,0.163674380721008
2003,1.0,20dB_nominal_difference,imag,truth_OFFLINE,OFFLINE_TRUTH,XY,z,-0.0625,x,0.4375,y,0.6875,0.04295074737144104,0.04295074737144104,0.0,0.04000015580667526,0.163674380721008
2003,1.0,20dB_nominal_difference,imag,truth_OFFLINE,OFFLINE_TRUTH,XY,z,-0.0625,x,0.5625,y,0.6875,0.040979898299777905,0.040979898299777905,0.0,0.04000015580667526,0.163674380721008
2003,1.0,20dB_nominal_difference,imag,truth_OFFLINE,OFFLINE_TRUTH,XY,z,-0.0625,x,0.6875,y,0.6875,0.040247123462449144,0.040247123462449144,0.0,0.04000015580667526,0.163674380721008
2003,1.0,20dB_nominal_difference,imag,truth_OFFLINE,OFFLINE_TRUTH,XZ,y,-0.0625,x,-0.6875,z,-0.6875,0.040868546119287474,0.040868546119287474,0.0,0.04000015580667526,0.163674380721008
2003,1.0,20dB_nominal_difference,imag,truth_OFFLINE,OFFLINE_TRUTH,XZ,y,-0.0625,x,-0.5625,z,-0.6875,0.04222009810644191,0.04222009810644191,0.0,0.04000015580667526,0.163674380721008
2003,1.0,20dB_nominal_difference,imag,truth_OFFLINE,OFFLINE_TRUTH,XZ,y,-0.0625,x,-0.4375,z,-0.6875,0.0447120270693828,0.0447120270693828,0.0,0.04000015580667526,0.163674380721008
2003,1.0,20dB_nominal_difference,imag,truth_OFFLINE,OFFLINE_TRUTH,XZ,y,-0.0625,x,-0.3125,z,-0.6875,0.04841723302722367,0.04841723302722367,0.0,0.04000015580667526,0.163674380721008
2003,1.0,20dB_nominal_difference,imag,truth_OFFLINE,OFFLINE_TRUTH,XZ,y,-0.0625,x,-0.1875,z,-0.6875,0.05265208297165072,0.05265208297165072,0.0,0.04000015580667526,0.163674380721008
2003,1.0,20dB_nominal_difference,imag,truth_OFFLINE,OFFLINE_TRUTH,XZ,y,-0.0625,x,-0.0625,z,-0.6875,0.05580939135375661,0.05580939135375661,0.0,0.04000015580667526,0.163674380721008
2003,1.0,20dB_nominal_difference,imag,truth_OFFLINE,OFFLINE_TRUTH,XZ,y,-0.0625,x,0.0625,z,-0.6875,0.05615223530031655,0.05615223530031655,0.0,0.04000015580667526,0.163674380721008
2003,1.0,20dB_nominal_difference,imag,truth_OFFLINE,OFFLINE_TRUTH,XZ,y,-0.0625,x,0.1875,z,-0.6875,0.053298328566675865,0.053298328566675865,0.0,0.04000015580667526,0.163674380721008
2003,1.0,20dB_nominal_difference,imag,truth_OFFLINE,OFFLINE_TRUTH,XZ,y,-0.0625,x,0.3125,z,-0.6875,0.048733998410806056,0.048733998410806056,0.0,0.04000015580667526,0.163674380721008
2003,1.0,20dB_nominal_difference,imag,truth_OFFLINE,OFFLINE_TRUTH,XZ,y,-0.0625,x,0.4375,z,-0.6875,0.0445481477333863,0.0445481477333863,0.0,0.04000015580667526,0.163674380721008
2003,1.0,20dB_nominal_difference,imag,truth_OFFLINE,OFFLINE_TRUTH,XZ,y,-0.0625,x,0.5625,z,-0.6875,0.04187161543589744,0.04187161543589744,0.0,0.04000015580667526,0.163674380721008
2003,1.0,20dB_nominal_difference,imag,truth_OFFLINE,OFFLINE_TRUTH,XZ,y,-0.0625,x,0.6875,z,-0.6875,0.040607611136299245,0.040607611136299245,0.0,0.04000015580667526,0.163674380721008
2003,1.0,20dB_nominal_difference,imag,truth_OFFLINE,OFFLINE_TRUTH,XZ,y,-0.0625,x,-0.6875,z,-0.5625,0.04221584655752198,0.04221584655752198,0.0,0.04000015580667526,0.163674380721008
2003,1.0,20dB_nominal_difference,imag,truth_OFFLINE,OFFLINE_TRUTH,XZ,y,-0.0625,x,-0.5625,z,-0.5625,0.04537201392835385,0.04537201392835385,0.0,0.04000015580667526,0.163674380721008
2003,1.0,20dB_nominal_difference,imag,truth_OFFLINE,OFFLINE_TRUTH,XZ,y,-0.0625,x,-0.4375,z,-0.5625,0.05071678855161721,0.05071678855161721,0.0,0.04000015580667526,0.163674380721008
2003,1.0,20dB_nominal_difference,imag,truth_OFFLINE,OFFLINE_TRUTH,XZ,y,-0.0625,x,-0.3125,z,-0.5625,0.057982990428343366,0.057982990428343366,0.0,0.04000015580667526,0.163674380721008
2003,1.0,20dB_nominal_difference,imag,truth_OFFLINE,OFFLINE_TRUTH,XZ,y,-0.0625,x,-0.1875,z,-0.5625,0.06563524444284853,0.06563524444284853,0.0,0.04000015580667526,0.163674380721008
2003,1.0,20dB_nominal_difference,imag,truth_OFFLINE,OFFLINE_TRUTH,XZ,y,-0.0625,x,-0.0625,z,-0.5625,0.07084440738469061,0.07084440738469061,0.0,0.04000015580667526,0.163674380721008
2003,1.0,20dB_nominal_difference,imag,truth_OFFLINE,OFFLINE_TRUTH,XZ,y,-0.0625,x,0.0625,z,-0.5625,0.07078856422164018,0.07078856422164018,0.0,0.04000015580667526,0.163674380721008
2003,1.0,20dB_nominal_difference,imag,truth_OFFLINE,OFFLINE_TRUTH,XZ,y,-0.0625,x,0.1875,z,-0.5625,0.06502681023437898,0.06502681023437898,0.0,0.04000015580667526,0.163674380721008
2003,1.0,20dB_nominal_difference,imag,truth_OFFLINE,OFFLINE_TRUTH,XZ,y,-0.0625,x,0.3125,z,-0.5625,0.05633149145312438,0.05633149145312438,0.0,0.04000015580667526,0.163674380721008
2003,1.0,20dB_nominal_difference,imag,truth_OFFLINE,OFFLINE_TRUTH,XZ,y,-0.0625,x,0.4375,z,-0.5625,0.04847862952345985,0.04847862952345985,0.0,0.04000015580667526,0.163674380721008
2003,1.0,20dB_nominal_difference,imag,truth_OFFLINE,OFFLINE_TRUTH,XZ,y,-0.0625,x,0.5625,z,-0.5625,0.04348423389284176,0.04348423389284176,0.0,0.04000015580667526,0.163674380721008
2003,1.0,20dB_nominal_difference,imag,truth_OFFLINE,OFFLINE_TRUTH,XZ,y,-0.0625,x,0.6875,z,-0.5625,0.04113043077314255,0.04113043077314255,0.0,0.04000015580667526,0.163674380721008
2003,1.0,20dB_nominal_difference,imag,truth_OFFLINE,OFFLINE_TRUTH,XZ,y,-0.0625,x,-0.6875,z,-0.4375,0.044760832984435284,0.044760832984435284,0.0,0.04000015580667526,0.163674380721008
2003,1.0,20dB_nominal_difference,imag,truth_OFFLINE,OFFLINE_TRUTH,XZ,y,-0.0625,x,-0.5625,z,-0.4375,0.05097234152675774,0.05097234152675774,0.0,0.04000015580667526,0.163674380721008
2003,1.0,20dB_nominal_difference,imag,truth_OFFLINE,OFFLINE_TRUTH,XZ,y,-0.0625,x,-0.4375,z,-0.4375,0.06058950189645872,0.06058950189645872,0.0,0.04000015580667526,0.163674380721008
2003,1.0,20dB_nominal_difference,imag,truth_OFFLINE,OFFLINE_TRUTH,XZ,y,-0.0625,x,-0.3125,z,-0.4375,0.07229706179483097,0.07229706179483097,0.0,0.04000015580667526,0.163674380721008
2003,1.0,20dB_nominal_difference,imag,truth_OFFLINE,OFFLINE_TRUTH,XZ,y,-0.0625,x,-0.1875,z,-0.4375,0.08321225008554131,0.08321225008554131,0.0,0.04000015580667526,0.163674380721008
2003,1.0,20dB_nominal_difference,imag,truth_OFFLINE,OFFLINE_TRUTH,XZ,y,-0.0625,x,-0.0625,z,-0.4375,0.08947757634277925,0.08947757634277925,0.0,0.04000015580667526,0.163674380721008
2003,1.0,20dB_nominal_difference,imag,truth_OFFLINE,OFFLINE_TRUTH,XZ,y,-0.0625,x,0.0625,z,-0.4375,0.08780263780404378,0.08780263780404378,0.0,0.04000015580667526,0.163674380721008
2003,1.0,20dB_nominal_difference,imag,truth_OFFLINE,OFFLINE_TRUTH,XZ,y,-0.0625,x,0.1875,z,-0.4375,0.07814005141491473,0.07814005141491473,0.0,0.04000015580667526,0.163674380721008
2003,1.0,20dB_nominal_difference,imag,truth_OFFLINE,OFFLINE_TRUTH,XZ,y,-0.0625,x,0.3125,z,-0.4375,0.06465242797003427,0.06465242797003427,0.0,0.04000015580667526,0.163674380721008
2003,1.0,20dB_nominal_difference,imag,truth_OFFLINE,OFFLINE_TRUTH,XZ,y,-0.0625,x,0.4375,z,-0.4375,0.05274038362482215,0.05274038362482215,0.0,0.04000015580667526,0.163674380721008
2003,1.0,20dB_nominal_difference,imag,truth_OFFLINE,OFFLINE_TRUTH,XZ,y,-0.0625,x,0.5625,z,-0.4375,0.04522422040017787,0.04522422040017787,0.0,0.04000015580667526,0.163674380721008
2003,1.0,20dB_nominal_difference,imag,truth_OFFLINE,OFFLINE_TRUTH,XZ,y,-0.0625,x,0.6875,z,-0.4375,0.04169297622588275,0.04169297622588275,0.0,0.04000015580667526,0.163674380721008
2003,1.0,20dB_nominal_difference,imag,truth_OFFLINE,OFFLINE_TRUTH,XZ,y,-0.0625,x,-0.6875,z,-0.3125,0.04917107194785049,0.04917107194785049,0.0,0.04000015580667526,0.163674380721008
2003,1.0,20dB_nominal_difference,imag,truth_OFFLINE,OFFLINE_TRUTH,XZ,y,-0.0625,x,-0.5625,z,-0.3125,0.05989004669962481,0.05989004669962481,0.0,0.04000015580667526,0.163674380721008
2003,1.0,20dB_nominal_difference,imag,truth_OFFLINE,OFFLINE_TRUTH,XZ,y,-0.0625,x,-0.4375,z,-0.3125,0.07486064583305016,0.07486064583305016,0.0,0.04000015580667526,0.163674380721008
2003,1.0,20dB_nominal_difference,imag,truth_OFFLINE,OFFLINE_TRUTH,XZ,y,-0.0625,x,-0.3125,z,-0.3125,0.09061665783399465,0.09061665783399465,0.0,0.04000015580667526,0.163674380721008
2003,1.0,20dB_nominal_difference,imag,truth_OFFLINE,OFFLINE_TRUTH,XZ,y,-0.0625,x,-0.1875,z,-0.3125,0.10255800251012556,0.10255800251012556,0.0,0.04000015580667526,0.163674380721008
2003,1.0,20dB_nominal_difference,imag,truth_OFFLINE,OFFLINE_TRUTH,XZ,y,-0.0625,x,-0.0625,z,-0.3125,0.10686540387131938,0.10686540387131938,0.0,0.04000015580667526,0.163674380721008
2003,1.0,20dB_nominal_difference,imag,truth_OFFLINE,OFFLINE_TRUTH,XZ,y,-0.0625,x,0.0625,z,-0.3125,0.10149597782682143,0.10149597782682143,0.0,0.04000015580667526,0.163674380721008
2003,1.0,20dB_nominal_difference,imag,truth_OFFLINE,OFFLINE_TRUTH,XZ,y,-0.0625,x,0.1875,z,-0.3125,0.08763754408000403,0.08763754408000403,0.0,0.04000015580667526,0.163674380721008
2003,1.0,20dB_nominal_difference,imag,truth_OFFLINE,OFFLINE_TRUTH,XZ,y,-0.0625,x,0.3125,z,-0.3125,0.07032323597029262,0.07032323597029262,0.0,0.04000015580667526,0.163674380721008
2003,1.0,20dB_nominal_difference,imag,truth_OFFLINE,OFFLINE_TRUTH,XZ,y,-0.0625,x,0.4375,z,-0.3125,0.05555591623992474,0.05555591623992474,0.0,0.04000015580667526,0.163674380721008
2003,1.0,20dB_nominal_difference,imag,truth_OFFLINE,OFFLINE_TRUTH,XZ,y,-0.0625,x,0.5625,z,-0.3125,0.04635332669642458,0.04635332669642458,0.0,0.04000015580667526,0.163674380721008
2003,1.0,20dB_nominal_difference,imag,truth_OFFLINE,OFFLINE_TRUTH,XZ,y,-0.0625,x,0.6875,z,-0.3125,0.042052654777351046,0.042052654777351046,0.0,0.04000015580667526,0.163674380721008
2003,1.0,20dB_nominal_difference,imag,truth_OFFLINE,OFFLINE_TRUTH,XZ,y,-0.0625,x,-0.6875,z,-0.1875,0.05687032824262196,0.05687032824262196,0.0,0.04000015580667526,0.163674380721008
2003,1.0,20dB_nominal_difference,imag,truth_OFFLINE,OFFLINE_TRUTH,XZ,y,-0.0625,x,-0.5625,z,-0.1875,0.07407196069512947,0.07407196069512947,0.0,0.04000015580667526,0.163674380721008
2003,1.0,20dB_nominal_difference,imag,truth_OFFLINE,OFFLINE_TRUTH,XZ,y,-0.0625,x,-0.4375,z,-0.1875,0.09537474528183924,0.09537474528183924,0.0,0.04000015580667526,0.163674380721008
2003,1.0,20dB_nominal_difference,imag,truth_OFFLINE,OFFLINE_TRUTH,XZ,y,-0.0625,x,-0.3125,z,-0.1875,0.1137479120362945,0.1137479120362945,0.0,0.04000015580667526,0.163674380721008
2003,1.0,20dB_nominal_difference,imag,truth_OFFLINE,OFFLINE_TRUTH,XZ,y,-0.0625,x,-0.1875,z,-0.1875,0.12273581252557511,0.12273581252557511,0.0,0.04000015580667526,0.163674380721008
2003,1.0,20dB_nominal_difference,imag,truth_OFFLINE,OFFLINE_TRUTH,XZ,y,-0.0625,x,-0.0625,z,-0.1875,0.12039390610244413,0.12039390610244413,0.0,0.04000015580667526,0.163674380721008
2003,1.0,20dB_nominal_difference,imag,truth_OFFLINE,OFFLINE_TRUTH,XZ,y,-0.0625,x,0.0625,z,-0.1875,0.10848567352746008,0.10848567352746008,0.0,0.04000015580667526,0.163674380721008
2003,1.0,20dB_nominal_difference,imag,truth_OFFLINE,OFFLINE_TRUTH,XZ,y,-0.0625,x,0.1875,z,-0.1875,0.09051962970415701,0.09051962970415701,0.0,0.04000015580667526,0.163674380721008
2003,1.0,20dB_nominal_difference,imag,truth_OFFLINE,OFFLINE_TRUTH,XZ,y,-0.0625,x,0.3125,z,-0.1875,0.07135899873717674,0.07135899873717674,0.0,0.04000015580667526,0.163674380721008
2003,1.0,20dB_nominal_difference,imag,truth_OFFLINE,OFFLINE_TRUTH,XZ,y,-0.0625,x,0.4375,z,-0.1875,0.05589750171102202,0.05589750171102202,0.0,0.04000015580667526,0.163674380721008
2003,1.0,20dB_nominal_difference,imag,truth_OFFLINE,OFFLINE_TRUTH,XZ,y,-0.0625,x,0.5625,z,-0.1875,0.04644062754636923,0.04644062754636923,0.0,0.04000015580667526,0.163674380721008
2003,1.0,20dB_nominal_difference,imag,truth_OFFLINE,OFFLINE_TRUTH,XZ,y,-0.0625,x,0.6875,z,-0.1875,0.042061682261814066,0.042061682261814066,0.0,0.04000015580667526,0.163674380721008
2003,1.0,20dB_nominal_difference,imag,truth_OFFLINE,OFFLINE_TRUTH,XZ,y,-0.0625,x,-0.6875,z,-0.0625,0.06749798464259113,0.06749798464259113,0.0,0.04000015580667526,0.163674380721008
2003,1.0,20dB_nominal_difference,imag,truth_OFFLINE,OFFLINE_TRUTH,XZ,y,-0.0625,x,-0.5625,z,-0.0625,0.0924583346322828,0.0924583346322828,0.0,0.04000015580667526,0.163674380721008
2003,1.0,20dB_nominal_difference,imag,truth_OFFLINE,OFFLINE_TRUTH,XZ,y,-0.0625,x,-0.4375,z,-0.0625,0.12022275489155235,0.12022275489155235,0.0,0.04000015580667526,0.163674380721008
2003,1.0,20dB_nominal_difference,imag,truth_OFFLINE,OFFLINE_TRUTH,XZ,y,-0.0625,x,-0.3125,z,-0.0625,0.13941173146332025,0.13941173146332025,0.0,0.04000015580667526,0.163674380721008
2003,1.0,20dB_nominal_difference,imag,truth_OFFLINE,OFFLINE_TRUTH,XZ,y,-0.0625,x,-0.1875,z,-0.0625,0.14204895694150824,0.14204895694150824,0.0,0.04000015580667526,0.163674380721008
2003,1.0,20dB_nominal_difference,imag,truth_OFFLINE,OFFLINE_TRUTH,XZ,y,-0.0625,x,-0.0625,z,-0.0625,0.1296726376248023,0.1296726376248023,0.0,0.04000015580667526,0.163674380721008
2003,1.0,20dB_nominal_difference,imag,truth_OFFLINE,OFFLINE_TRUTH,XZ,y,-0.0625,x,0.0625,z,-0.0625,0.10968324680704317,0.10968324680704317,0.0,0.04000015580667526,0.163674380721008
2003,1.0,20dB_nominal_difference,imag,truth_OFFLINE,OFFLINE_TRUTH,XZ,y,-0.0625,x,0.1875,z,-0.0625,0.08836681093770062,0.08836681093770062,0.0,0.04000015580667526,0.163674380721008
2003,1.0,20dB_nominal_difference,imag,truth_OFFLINE,OFFLINE_TRUTH,XZ,y,-0.0625,x,0.3125,z,-0.0625,0.0692222961257432,0.0692222961257432,0.0,0.04000015580667526,0.163674380721008
2003,1.0,20dB_nominal_difference,imag,truth_OFFLINE,OFFLINE_TRUTH,XZ,y,-0.0625,x,0.4375,z,-0.0625,0.05466901134123281,0.05466901134123281,0.0,0.04000015580667526,0.163674380721008
2003,1.0,20dB_nominal_difference,imag,truth_OFFLINE,OFFLINE_TRUTH,XZ,y,-0.0625,x,0.5625,z,-0.0625,0.045872837212520334,0.045872837212520334,0.0,0.04000015580667526,0.163674380721008
2003,1.0,20dB_nominal_difference,imag,truth_OFFLINE,OFFLINE_TRUTH,XZ,y,-0.0625,x,0.6875,z,-0.0625,0.0418360047357586,0.0418360047357586,0.0,0.04000015580667526,0.163674380721008
2003,1.0,20dB_nominal_difference,imag,truth_OFFLINE,OFFLINE_TRUTH,XZ,y,-0.0625,x,-0.6875,z,0.0625,0.07352666874344685,0.07352666874344685,0.0,0.04000015580667526,0.163674380721008
2003,1.0,20dB_nominal_difference,imag,truth_OFFLINE,OFFLINE_TRUTH,XZ,y,-0.0625,x,-0.5625,z,0.0625,0.10197653608310518,0.10197653608310518,0.0,0.04000015580667526,0.163674380721008
2003,1.0,20dB_nominal_difference,imag,truth_OFFLINE,OFFLINE_TRUTH,XZ,y,-0.0625,x,-0.4375,z,0.0625,0.13158217797302782,0.13158217797302782,0.0,0.04000015580667526,0.163674380721008
2003,1.0,20dB_nominal_difference,imag,truth_OFFLINE,OFFLINE_TRUTH,XZ,y,-0.0625,x,-0.3125,z,0.0625,0.14885459049243033,0.14885459049243033,0.0,0.04000015580667526,0.163674380721008
2003,1.0,20dB_nominal_difference,imag,truth_OFFLINE,OFFLINE_TRUTH,XZ,y,-0.0625,x,-0.1875,z,0.0625,0.14584067406802456,0.14584067406802456,0.0,0.04000015580667526,0.163674380721008
2003,1.0,20dB_nominal_difference,imag,truth_OFFLINE,OFFLINE_TRUTH,XZ,y,-0.0625,x,-0.0625,z,0.0625,0.12710625397589592,0.12710625397589592,0.0,0.04000015580667526,0.163674380721008
2003,1.0,20dB_nominal_difference,imag,truth_OFFLINE,OFFLINE_TRUTH,XZ,y,-0.0625,x,0.0625,z,0.0625,0.10384142445224848,0.10384142445224848,0.0,0.04000015580667526,0.163674380721008
2003,1.0,20dB_nominal_difference,imag,truth_OFFLINE,OFFLINE_TRUTH,XZ,y,-0.0625,x,0.1875,z,0.0625,0.08324132260189218,0.08324132260189218,0.0,0.04000015580667526,0.163674380721008
2003,1.0,20dB_nominal_difference,imag,truth_OFFLINE,OFFLINE_TRUTH,XZ,y,-0.0625,x,0.3125,z,0.0625,0.06642672268290688,0.06642672268290688,0.0,0.04000015580667526,0.163674380721008
2003,1.0,20dB_nominal_difference,imag,truth_OFFLINE,OFFLINE_TRUTH,XZ,y,-0.0625,x,0.4375,z,0.0625,0.05351589426070151,0.05351589426070151,0.0,0.04000015580667526,0.163674380721008
2003,1.0,20dB_nominal_difference,imag,truth_OFFLINE,OFFLINE_TRUTH,XZ,y,-0.0625,x,0.5625,z,0.0625,0.045395872884410444,0.045395872884410444,0.0,0.04000015580667526,0.163674380721008
2003,1.0,20dB_nominal_difference,imag,truth_OFFLINE,OFFLINE_TRUTH,XZ,y,-0.0625,x,0.6875,z,0.0625,0.041625311185978495,0.041625311185978495,0.0,0.04000015580667526,0.163674380721008
2003,1.0,20dB_nominal_difference,imag,truth_OFFLINE,OFFLINE_TRUTH,XZ,y,-0.0625,x,-0.6875,z,0.1875,0.06714423765810743,0.06714423765810743,0.0,0.04000015580667526,0.163674380721008
2003,1.0,20dB_nominal_difference,imag,truth_OFFLINE,OFFLINE_TRUTH,XZ,y,-0.0625,x,-0.5625,z,0.1875,0.0895198730425033,0.0895198730425033,0.0,0.04000015580667526,0.163674380721008
2003,1.0,20dB_nominal_difference,imag,truth_OFFLINE,OFFLINE_TRUTH,XZ,y,-0.0625,x,-0.4375,z,0.1875,0.11210075755277904,0.11210075755277904,0.0,0.04000015580667526,0.163674380721008
2003,1.0,20dB_nominal_difference,imag,truth_OFFLINE,OFFLINE_TRUTH,XZ,y,-0.0625,x,-0.3125,z,0.1875,0.12416701168535199,0.12416701168535199,0.0,0.04000015580667526,0.163674380721008
2003,1.0,20dB_nominal_difference,imag,truth_OFFLINE,OFFLINE_TRUTH,XZ,y,-0.0625,x,-0.1875,z,0.1875,0.12008214277521684,0.12008214277521684,0.0,0.04000015580667526,0.163674380721008
2003,1.0,20dB_nominal_difference,imag,truth_OFFLINE,OFFLINE_TRUTH,XZ,y,-0.0625,x,-0.0625,z,0.1875,0.10479805916046792,0.10479805916046792,0.0,0.04000015580667526,0.163674380721008
2003,1.0,20dB_nominal_difference,imag,truth_OFFLINE,OFFLINE_TRUTH,XZ,y,-0.0625,x,0.0625,z,0.1875,0.08811085263279346,0.08811085263279346,0.0,0.04000015580667526,0.163674380721008
2003,1.0,20dB_nominal_difference,imag,truth_OFFLINE,OFFLINE_TRUTH,XZ,y,-0.0625,x,0.1875,z,0.1875,0.07466992176894928,0.07466992176894928,0.0,0.04000015580667526,0.163674380721008
2003,1.0,20dB_nominal_difference,imag,truth_OFFLINE,OFFLINE_TRUTH,XZ,y,-0.0625,x,0.3125,z,0.1875,0.06302444230798135,0.06302444230798135,0.0,0.04000015580667526,0.163674380721008
2003,1.0,20dB_nominal_difference,imag,truth_OFFLINE,OFFLINE_TRUTH,XZ,y,-0.0625,x,0.4375,z,0.1875,0.05250515280157601,0.05250515280157601,0.0,0.04000015580667526,0.163674380721008
2003,1.0,20dB_nominal_difference,imag,truth_OFFLINE,OFFLINE_TRUTH,XZ,y,-0.0625,x,0.5625,z,0.1875,0.04507929266824712,0.04507929266824712,0.0,0.04000015580667526,0.163674380721008
2003,1.0,20dB_nominal_difference,imag,truth_OFFLINE,OFFLINE_TRUTH,XZ,y,-0.0625,x,0.6875,z,0.1875,0.041485366054059905,0.041485366054059905,0.0,0.04000015580667526,0.163674380721008
2003,1.0,20dB_nominal_difference,imag,truth_OFFLINE,OFFLINE_TRUTH,XZ,y,-0.0625,x,-0.6875,z,0.3125,0.05390651871214417,0.05390651871214417,0.0,0.04000015580667526,0.163674380721008
2003,1.0,20dB_nominal_difference,imag,truth_OFFLINE,OFFLINE_TRUTH,XZ,y,-0.0625,x,-0.5625,z,0.3125,0.0653292034277991,0.0653292034277991,0.0,0.04000015580667526,0.163674380721008
2003,1.0,20dB_nominal_difference,imag,truth_OFFLINE,OFFLINE_TRUTH,XZ,y,-0.0625,x,-0.4375,z,0.3125,0.07677966746806002,0.07677966746806002,0.0,0.04000015580667526,0.163674380721008
2003,1.0,20dB_nominal_difference,imag,truth_OFFLINE,OFFLINE_TRUTH,XZ,y,-0.0625,x,-0.3125,z,0.3125,0.08280014782938795,0.08280014782938795,0.0,0.04000015580667526,0.163674380721008
2003,1.0,20dB_nominal_difference,imag,truth_OFFLINE,OFFLINE_TRUTH,XZ,y,-0.0625,x,-0.1875,z,0.3125,0.08084317684974168,0.08084317684974168,0.0,0.04000015580667526,0.163674380721008
2003,1.0,20dB_nominal_difference,imag,truth_OFFLINE,OFFLINE_TRUTH,XZ,y,-0.0625,x,-0.0625,z,0.3125,0.07416613181928422,0.07416613181928422,0.0,0.04000015580667526,0.163674380721008
2003,1.0,20dB_nominal_difference,imag,truth_OFFLINE,OFFLINE_TRUTH,XZ,y,-0.0625,x,0.0625,z,0.3125,0.06806018785379539,0.06806018785379539,0.0,0.04000015580667526,0.163674380721008
2003,1.0,20dB_nominal_difference,imag,truth_OFFLINE,OFFLINE_TRUTH,XZ,y,-0.0625,x,0.1875,z,0.3125,0.06350758778749918,0.06350758778749918,0.0,0.04000015580667526,0.163674380721008
2003,1.0,20dB_nominal_difference,imag,truth_OFFLINE,OFFLINE_TRUTH,XZ,y,-0.0625,x,0.3125,z,0.3125,0.05769976776649599,0.05769976776649599,0.0,0.04000015580667526,0.163674380721008
2003,1.0,20dB_nominal_difference,imag,truth_OFFLINE,OFFLINE_TRUTH,XZ,y,-0.0625,x,0.4375,z,0.3125,0.05031116758476582,0.05031116758476582,0.0,0.04000015580667526,0.163674380721008
2003,1.0,20dB_nominal_difference,imag,truth_OFFLINE,OFFLINE_TRUTH,XZ,y,-0.0625,x,0.5625,z,0.3125,0.04429057995577233,0.04429057995577233,0.0,0.04000015580667526,0.163674380721008
2003,1.0,20dB_nominal_difference,imag,truth_OFFLINE,OFFLINE_TRUTH,XZ,y,-0.0625,x,0.6875,z,0.3125,0.041239463134287634,0.041239463134287634,0.0,0.04000015580667526,0.163674380721008
2003,1.0,20dB_nominal_difference,imag,truth_OFFLINE,OFFLINE_TRUTH,XZ,y,-0.0625,x,-0.6875,z,0.4375,0.044500975721786656,0.044500975721786656,0.0,0.04000015580667526,0.163674380721008
2003,1.0,20dB_nominal_difference,imag,truth_OFFLINE,OFFLINE_TRUTH,XZ,y,-0.0625,x,-0.5625,z,0.4375,0.048269707702681894,0.048269707702681894,0.0,0.04000015580667526,0.163674380721008
2003,1.0,20dB_nominal_difference,imag,truth_OFFLINE,OFFLINE_TRUTH,XZ,y,-0.0625,x,-0.4375,z,0.4375,0.052096693395578195,0.052096693395578195,0.0,0.04000015580667526,0.163674380721008
2003,1.0,20dB_nominal_difference,imag,truth_OFFLINE,OFFLINE_TRUTH,XZ,y,-0.0625,x,-0.3125,z,0.4375,0.05421312105519292,0.05421312105519292,0.0,0.04000015580667526,0.163674380721008
2003,1.0,20dB_nominal_difference,imag,truth_OFFLINE,OFFLINE_TRUTH,XZ,y,-0.0625,x,-0.1875,z,0.4375,0.053976505744027424,0.053976505744027424,0.0,0.04000015580667526,0.163674380721008
2003,1.0,20dB_nominal_difference,imag,truth_OFFLINE,OFFLINE_TRUTH,XZ,y,-0.0625,x,-0.0625,z,0.4375,0.052901713255917505,0.052901713255917505,0.0,0.04000015580667526,0.163674380721008
2003,1.0,20dB_nominal_difference,imag,truth_OFFLINE,OFFLINE_TRUTH,XZ,y,-0.0625,x,0.0625,z,0.4375,0.052833162430101395,0.052833162430101395,0.0,0.04000015580667526,0.163674380721008
2003,1.0,20dB_nominal_difference,imag,truth_OFFLINE,OFFLINE_TRUTH,XZ,y,-0.0625,x,0.1875,z,0.4375,0.05298666431148315,0.05298666431148315,0.0,0.04000015580667526,0.163674380721008
2003,1.0,20dB_nominal_difference,imag,truth_OFFLINE,OFFLINE_TRUTH,XZ,y,-0.0625,x,0.3125,z,0.4375,0.050928911120852655,0.050928911120852655,0.0,0.04000015580667526,0.163674380721008
2003,1.0,20dB_nominal_difference,imag,truth_OFFLINE,OFFLINE_TRUTH,XZ,y,-0.0625,x,0.4375,z,0.4375,0.04669643813224138,0.04669643813224138,0.0,0.04000015580667526,0.163674380721008
2003,1.0,20dB_nominal_difference,imag,truth_OFFLINE,OFFLINE_TRUTH,XZ,y,-0.0625,x,0.5625,z,0.4375,0.042835424120290524,0.042835424120290524,0.0,0.04000015580667526,0.163674380721008
2003,1.0,20dB_nominal_difference,imag,truth_OFFLINE,OFFLINE_TRUTH,XZ,y,-0.0625,x,0.6875,z,0.4375,0.04081643421012246,0.04081643421012246,0.0,0.04000015580667526,0.163674380721008
2003,1.0,20dB_nominal_difference,imag,truth_OFFLINE,OFFLINE_TRUTH,XZ,y,-0.0625,x,-0.6875,z,0.5625,0.04096100551460784,0.04096100551460784,0.0,0.04000015580667526,0.163674380721008
2003,1.0,20dB_nominal_difference,imag,truth_OFFLINE,OFFLINE_TRUTH,XZ,y,-0.0625,x,-0.5625,z,0.5625,0.04180528841383625,0.04180528841383625,0.0,0.04000015580667526,0.163674380721008
2003,1.0,20dB_nominal_difference,imag,truth_OFFLINE,OFFLINE_TRUTH,XZ,y,-0.0625,x,-0.4375,z,0.5625,0.04269270665803189,0.04269270665803189,0.0,0.04000015580667526,0.163674380721008
2003,1.0,20dB_nominal_difference,imag,truth_OFFLINE,OFFLINE_TRUTH,XZ,y,-0.0625,x,-0.3125,z,0.5625,0.04324688563696843,0.04324688563696843,0.0,0.04000015580667526,0.163674380721008
2003,1.0,20dB_nominal_difference,imag,truth_OFFLINE,OFFLINE_TRUTH,XZ,y,-0.0625,x,-0.1875,z,0.5625,0.043422648525272556,0.043422648525272556,0.0,0.04000015580667526,0.163674380721008
2003,1.0,20dB_nominal_difference,imag,truth_OFFLINE,OFFLINE_TRUTH,XZ,y,-0.0625,x,-0.0625,z,0.5625,0.04377263759328565,0.04377263759328565,0.0,0.04000015580667526,0.163674380721008
2003,1.0,20dB_nominal_difference,imag,truth_OFFLINE,OFFLINE_TRUTH,XZ,y,-0.0625,x,0.0625,z,0.5625,0.044748319910175055,0.044748319910175055,0.0,0.04000015580667526,0.163674380721008
2003,1.0,20dB_nominal_difference,imag,truth_OFFLINE,OFFLINE_TRUTH,XZ,y,-0.0625,x,0.1875,z,0.5625,0.045610085812071065,0.045610085812071065,0.0,0.04000015580667526,0.163674380721008
2003,1.0,20dB_nominal_difference,imag,truth_OFFLINE,OFFLINE_TRUTH,XZ,y,-0.0625,x,0.3125,z,0.5625,0.04505851249574622,0.04505851249574622,0.0,0.04000015580667526,0.163674380721008
2003,1.0,20dB_nominal_difference,imag,truth_OFFLINE,OFFLINE_TRUTH,XZ,y,-0.0625,x,0.4375,z,0.5625,0.04318510973649635,0.04318510973649635,0.0,0.04000015580667526,0.163674380721008
2003,1.0,20dB_nominal_difference,imag,truth_OFFLINE,OFFLINE_TRUTH,XZ,y,-0.0625,x,0.5625,z,0.5625,0.04136102396334508,0.04136102396334508,0.0,0.04000015580667526,0.163674380721008
2003,1.0,20dB_nominal_difference,imag,truth_OFFLINE,OFFLINE_TRUTH,XZ,y,-0.0625,x,0.6875,z,0.5625,0.04039155072071468,0.04039155072071468,0.0,0.04000015580667526,0.163674380721008
2003,1.0,20dB_nominal_difference,imag,truth_OFFLINE,OFFLINE_TRUTH,XZ,y,-0.0625,x,-0.6875,z,0.6875,0.040151040240932384,0.040151040240932384,0.0,0.04000015580667526,0.163674380721008
2003,1.0,20dB_nominal_difference,imag,truth_OFFLINE,OFFLINE_TRUTH,XZ,y,-0.0625,x,-0.5625,z,0.6875,0.04029475423801019,0.04029475423801019,0.0,0.04000015580667526,0.163674380721008
2003,1.0,20dB_nominal_difference,imag,truth_OFFLINE,OFFLINE_TRUTH,XZ,y,-0.0625,x,-0.4375,z,0.6875,0.04045410025203013,0.04045410025203013,0.0,0.04000015580667526,0.163674380721008
2003,1.0,20dB_nominal_difference,imag,truth_OFFLINE,OFFLINE_TRUTH,XZ,y,-0.0625,x,-0.3125,z,0.6875,0.04057196991487958,0.04057196991487958,0.0,0.04000015580667526,0.163674380721008
2003,1.0,20dB_nominal_difference,imag,truth_OFFLINE,OFFLINE_TRUTH,XZ,y,-0.0625,x,-0.1875,z,0.6875,0.04067276101489203,0.04067276101489203,0.0,0.04000015580667526,0.163674380721008
2003,1.0,20dB_nominal_difference,imag,truth_OFFLINE,OFFLINE_TRUTH,XZ,y,-0.0625,x,-0.0625,z,0.6875,0.040917716302072485,0.040917716302072485,0.0,0.04000015580667526,0.163674380721008
2003,1.0,20dB_nominal_difference,imag,truth_OFFLINE,OFFLINE_TRUTH,XZ,y,-0.0625,x,0.0625,z,0.6875,0.041395169046768814,0.041395169046768814,0.0,0.04000015580667526,0.163674380721008
2003,1.0,20dB_nominal_difference,imag,truth_OFFLINE,OFFLINE_TRUTH,XZ,y,-0.0625,x,0.1875,z,0.6875,0.04180184258442024,0.04180184258442024,0.0,0.04000015580667526,0.163674380721008
2003,1.0,20dB_nominal_difference,imag,truth_OFFLINE,OFFLINE_TRUTH,XZ,y,-0.0625,x,0.3125,z,0.6875,0.04167977193876244,0.04167977193876244,0.0,0.04000015580667526,0.163674380721008
2003,1.0,20dB_nominal_difference,imag,truth_OFFLINE,OFFLINE_TRUTH,XZ,y,-0.0625,x,0.4375,z,0.6875,0.04107070651421806,0.04107070651421806,0.0,0.04000015580667526,0.163674380721008
2003,1.0,20dB_nominal_difference,imag,truth_OFFLINE,OFFLINE_TRUTH,XZ,y,-0.0625,x,0.5625,z,0.6875,0.04045933782440102,0.04045933782440102,0.0,0.04000015580667526,0.163674380721008
2003,1.0,20dB_nominal_difference,imag,truth_OFFLINE,OFFLINE_TRUTH,XZ,y,-0.0625,x,0.6875,z,0.6875,0.040132083546331514,0.040132083546331514,0.0,0.04000015580667526,0.163674380721008
2003,1.0,20dB_nominal_difference,imag,truth_OFFLINE,OFFLINE_TRUTH,YZ,x,-0.0625,y,-0.6875,z,-0.6875,0.0400885798665571,0.0400885798665571,0.0,0.04000015580667526,0.163674380721008
2003,1.0,20dB_nominal_difference,imag,truth_OFFLINE,OFFLINE_TRUTH,YZ,x,-0.0625,y,-0.5625,z,-0.6875,0.040392708708328735,0.040392708708328735,0.0,0.04000015580667526,0.163674380721008
2003,1.0,20dB_nominal_difference,imag,truth_OFFLINE,OFFLINE_TRUTH,YZ,x,-0.0625,y,-0.4375,z,-0.6875,0.04138542391107082,0.04138542391107082,0.0,0.04000015580667526,0.163674380721008
2003,1.0,20dB_nominal_difference,imag,truth_OFFLINE,OFFLINE_TRUTH,YZ,x,-0.0625,y,-0.3125,z,-0.6875,0.043905383967167984,0.043905383967167984,0.0,0.04000015580667526,0.163674380721008
2003,1.0,20dB_nominal_difference,imag,truth_OFFLINE,OFFLINE_TRUTH,YZ,x,-0.0625,y,-0.1875,z,-0.6875,0.048811169745522034,0.048811169745522034,0.0,0.04000015580667526,0.163674380721008
2003,1.0,20dB_nominal_difference,imag,truth_OFFLINE,OFFLINE_TRUTH,YZ,x,-0.0625,y,-0.0625,z,-0.6875,0.05580939135375661,0.05580939135375661,0.0,0.04000015580667526,0.163674380721008
2003,1.0,20dB_nominal_difference,imag,truth_OFFLINE,OFFLINE_TRUTH,YZ,x,-0.0625,y,0.0625,z,-0.6875,0.062237193711306156,0.062237193711306156,0.0,0.04000015580667526,0.163674380721008
2003,1.0,20dB_nominal_difference,imag,truth_OFFLINE,OFFLINE_TRUTH,YZ,x,-0.0625,y,0.1875,z,-0.6875,0.06419722829750482,0.06419722829750482,0.0,0.04000015580667526,0.163674380721008
2003,1.0,20dB_nominal_difference,imag,truth_OFFLINE,OFFLINE_TRUTH,YZ,x,-0.0625,y,0.3125,z,-0.6875,0.06032742439163687,0.06032742439163687,0.0,0.04000015580667526,0.163674380721008
2003,1.0,20dB_nominal_difference,imag,truth_OFFLINE,OFFLINE_TRUTH,YZ,x,-0.0625,y,0.4375,z,-0.6875,0.053326305018963426,0.053326305018963426,0.0,0.04000015580667526,0.163674380721008
2003,1.0,20dB_nominal_difference,imag,truth_OFFLINE,OFFLINE_TRUTH,YZ,x,-0.0625,y,0.5625,z,-0.6875,0.04692209782974381,0.04692209782974381,0.0,0.04000015580667526,0.163674380721008
2003,1.0,20dB_nominal_difference,imag,truth_OFFLINE,OFFLINE_TRUTH,YZ,x,-0.0625,y,0.6875,z,-0.6875,0.042874727309375485,0.042874727309375485,0.0,0.04000015580667526,0.163674380721008
2003,1.0,20dB_nominal_difference,imag,truth_OFFLINE,OFFLINE_TRUTH,YZ,x,-0.0625,y,-0.6875,z,-0.5625,0.040170628487450774,0.040170628487450774,0.0,0.04000015580667526,0.163674380721008
2003,1.0,20dB_nominal_difference,imag,truth_OFFLINE,OFFLINE_TRUTH,YZ,x,-0.0625,y,-0.5625,z,-0.5625,0.04074527232474936,0.04074527232474936,0.0,0.04000015580667526,0.163674380721008
2003,1.0,20dB_nominal_difference,imag,truth_OFFLINE,OFFLINE_TRUTH,YZ,x,-0.0625,y,-0.4375,z,-0.5625,0.042616918388564226,0.042616918388564226,0.0,0.04000015580667526,0.163674380721008
2003,1.0,20dB_nominal_difference,imag,truth_OFFLINE,OFFLINE_TRUTH,YZ,x,-0.0625,y,-0.3125,z,-0.5625,0.047410214843383404,0.047410214843383404,0.0,0.04000015580667526,0.163674380721008
2003,1.0,20dB_nominal_difference,imag,truth_OFFLINE,OFFLINE_TRUTH,YZ,x,-0.0625,y,-0.1875,z,-0.5625,0.05692654342724183,0.05692654342724183,0.0,0.04000015580667526,0.163674380721008
2003,1.0,20dB_nominal_difference,imag,truth_OFFLINE,OFFLINE_TRUTH,YZ,x,-0.0625,y,-0.0625,z,-0.5625,0.07084440738469061,0.07084440738469061,0.0,0.04000015580667526,0.163674380721008
2003,1.0,20dB_nominal_difference,imag,truth_OFFLINE,OFFLINE_TRUTH,YZ,x,-0.0625,y,0.0625,z,-0.5625,0.08387908540513626,0.08387908540513626,0.0,0.04000015580667526,0.163674380721008
2003,1.0,20dB_nominal_difference,imag,truth_OFFLINE,OFFLINE_TRUTH,YZ,x,-0.0625,y,0.1875,z,-0.5625,0.08781616330849716,0.08781616330849716,0.0,0.04000015580667526,0.163674380721008
2003,1.0,20dB_nominal_difference,imag,truth_OFFLINE,OFFLINE_TRUTH,YZ,x,-0.0625,y,0.3125,z,-0.5625,0.07979562551054037,0.07979562551054037,0.0,0.04000015580667526,0.163674380721008
2003,1.0,20dB_nominal_difference,imag,truth_OFFLINE,OFFLINE_TRUTH,YZ,x,-0.0625,y,0.4375,z,-0.5625,0.06567635456142985,0.06567635456142985,0.0,0.04000015580667526,0.163674380721008
2003,1.0,20dB_nominal_difference,imag,truth_OFFLINE,OFFLINE_TRUTH,YZ,x,-0.0625,y,0.5625,z,-0.5625,0.05312772094212997,0.05312772094212997,0.0,0.04000015580667526,0.163674380721008
2003,1.0,20dB_nominal_difference,imag,truth_OFFLINE,OFFLINE_TRUTH,YZ,x,-0.0625,y,0.6875,z,-0.5625,0.04539301436754777,0.04539301436754777,0.0,0.04000015580667526,0.163674380721008
2003,1.0,20dB_nominal_difference,imag,truth_OFFLINE,OFFLINE_TRUTH,YZ,x,-0.0625,y,-0.6875,z,-0.4375,0.0403210666434415,0.0403210666434415,0.0,0.04000015580667526,0.163674380721008
2003,1.0,20dB_nominal_difference,imag,truth_OFFLINE,OFFLINE_TRUTH,YZ,x,-0.0625,y,-0.5625,z,-0.4375,0.04127059178625087,0.04127059178625087,0.0,0.04000015580667526,0.163674380721008
2003,1.0,20dB_nominal_difference,imag,truth_OFFLINE,OFFLINE_TRUTH,YZ,x,-0.0625,y,-0.4375,z,-0.4375,0.0442240297815898,0.0442240297815898,0.0,0.04000015580667526,0.163674380721008
2003,1.0,20dB_nominal_difference,imag,truth_OFFLINE,OFFLINE_TRUTH,YZ,x,-0.0625,y,-0.3125,z,-0.4375,0.05170921367746155,0.05170921367746155,0.0,0.04000015580667526,0.163674380721008
2003,1.0,20dB_nominal_difference,imag,truth_OFFLINE,OFFLINE_TRUTH,YZ,x,-0.0625,y,-0.1875,z,-0.4375,0.06680125573969851,0.06680125573969851,0.0,0.04000015580667526,0.163674380721008
2003,1.0,20dB_nominal_difference,imag,truth_OFFLINE,OFFLINE_TRUTH,YZ,x,-0.0625,y,-0.0625,z,-0.4375,0.08947757634277925,0.08947757634277925,0.0,0.04000015580667526,0.163674380721008
2003,1.0,20dB_nominal_difference,imag,truth_OFFLINE,OFFLINE_TRUTH,YZ,x,-0.0625,y,0.0625,z,-0.4375,0.11116832492160542,0.11116832492160542,0.0,0.04000015580667526,0.163674380721008
2003,1.0,20dB_nominal_difference,imag,truth_OFFLINE,OFFLINE_TRUTH,YZ,x,-0.0625,y,0.1875,z,-0.4375,0.1175949106481162,0.1175949106481162,0.0,0.04000015580667526,0.163674380721008
2003,1.0,20dB_nominal_difference,imag,truth_OFFLINE,OFFLINE_TRUTH,YZ,x,-0.0625,y,0.3125,z,-0.4375,0.10380979779906171,0.10380979779906171,0.0,0.04000015580667526,0.163674380721008
2003,1.0,20dB_nominal_difference,imag,truth_OFFLINE,OFFLINE_TRUTH,YZ,x,-0.0625,y,0.4375,z,-0.4375,0.08034359383291192,0.08034359383291192,0.0,0.04000015580667526,0.163674380721008
2003,1.0,20dB_nominal_difference,imag,truth_OFFLINE,OFFLINE_TRUTH,YZ,x,-0.0625,y,0.5625,z,-0.4375,0.06020755025539697,0.06020755025539697,0.0,0.04000015580667526,0.163674380721008
2003,1.0,20dB_nominal_difference,imag,truth_OFFLINE,OFFLINE_TRUTH,YZ,x,-0.0625,y,0.6875,z,-0.4375,0.048184481961201564,0.048184481961201564,0.0,0.04000015580667526,0.163674380721008
2003,1.0,20dB_nominal_difference,imag,truth_OFFLINE,OFFLINE_TRUTH,YZ,x,-0.0625,y,-0.6875,z,-0.3125,0.04081997123690277,0.04081997123690277,0.0,0.04000015580667526,0.163674380721008
2003,1.0,20dB_nominal_difference,imag,truth_OFFLINE,OFFLINE_TRUTH,YZ,x,-0.0625,y,-0.5625,z,-0.3125,0.042543627999619006,0.042543627999619006,0.0,0.04000015580667526,0.163674380721008
2003,1.0,20dB_nominal_difference,imag,truth_OFFLINE,OFFLINE_TRUTH,YZ,x,-0.0625,y,-0.4375,z,-0.3125,0.046965506810236105,0.046965506810236105,0.0,0.04000015580667526,0.163674380721008
2003,1.0,20dB_nominal_difference,imag,truth_OFFLINE,OFFLINE_TRUTH,YZ,x,-0.0625,y,-0.3125,z,-0.3125,0.05705077221207445,0.05705077221207445,0.0,0.04000015580667526,0.163674380721008
2003,1.0,20dB_nominal_difference,imag,truth_OFFLINE,OFFLINE_TRUTH,YZ,x,-0.0625,y,-0.1875,z,-0.3125,0.07680931890807433,0.07680931890807433,0.0,0.04000015580667526,0.163674380721008
2003,1.0,20dB_nominal_difference,imag,truth_OFFLINE,OFFLINE_TRUTH,YZ,x,-0.0625,y,-0.0625,z,-0.3125,0.10686540387131938,0.10686540387131938,0.0,0.04000015580667526,0.163674380721008
2003,1.0,20dB_nominal_difference,imag,truth_OFFLINE,OFFLINE_TRUTH,YZ,x,-0.0625,y,0.0625,z,-0.3125,0.1360366401617101,0.1360366401617101,0.0,0.04000015580667526,0.163674380721008
2003,1.0,20dB_nominal_difference,imag,truth_OFFLINE,OFFLINE_TRUTH,YZ,x,-0.0625,y,0.1875,z,-0.3125,0.14418083179082725,0.14418083179082725,0.0,0.04000015580667526,0.163674380721008
2003,1.0,20dB_nominal_difference,imag,truth_OFFLINE,OFFLINE_TRUTH,YZ,x,-0.0625,y,0.3125,z,-0.3125,0.12437206240795604,0.12437206240795604,0.0,0.04000015580667526,0.163674380721008
2003,1.0,20dB_nominal_difference,imag,truth_OFFLINE,OFFLINE_TRUTH,YZ,x,-0.0625,y,0.4375,z,-0.3125,0.09211896083015003,0.09211896083015003,0.0,0.04000015580667526,0.163674380721008
2003,1.0,20dB_nominal_difference,imag,truth_OFFLINE,OFFLINE_TRUTH,YZ,x,-0.0625,y,0.5625,z,-0.3125,0.06551470358851559,0.06551470358851559,0.0,0.04000015580667526,0.163674380721008
2003,1.0,20dB_nominal_difference,imag,truth_OFFLINE,OFFLINE_TRUTH,YZ,x,-0.0625,y,0.6875,z,-0.3125,0.050183971511905345,0.050183971511905345,0.0,0.04000015580667526,0.163674380721008
2003,1.0,20dB_nominal_difference,imag,truth_OFFLINE,OFFLINE_TRUTH,YZ,x,-0.0625,y,-0.6875,z,-0.1875,0.04245038018059315,0.04245038018059315,0.0,0.04000015580667526,0.163674380721008
2003,1.0,20dB_nominal_difference,imag,truth_OFFLINE,OFFLINE_TRUTH,YZ,x,-0.0625,y,-0.5625,z,-0.1875,0.04633004627475746,0.04633004627475746,0.0,0.04000015580667526,0.163674380721008
2003,1.0,20dB_nominal_difference,imag,truth_OFFLINE,OFFLINE_TRUTH,YZ,x,-0.0625,y,-0.4375,z,-0.1875,0.05380759163315176,0.05380759163315176,0.0,0.04000015580667526,0.163674380721008
2003,1.0,20dB_nominal_difference,imag,truth_OFFLINE,OFFLINE_TRUTH,YZ,x,-0.0625,y,-0.3125,z,-0.1875,0.06685572536930243,0.06685572536930243,0.0,0.04000015580667526,0.163674380721008
2003,1.0,20dB_nominal_difference,imag,truth_OFFLINE,OFFLINE_TRUTH,YZ,x,-0.0625,y,-0.1875,z,-0.1875,0.0886852444406132,0.0886852444406132,0.0,0.04000015580667526,0.163674380721008
2003,1.0,20dB_nominal_difference,imag,truth_OFFLINE,OFFLINE_TRUTH,YZ,x,-0.0625,y,-0.0625,z,-0.1875,0.12039390610244413,0.12039390610244413,0.0,0.04000015580667526,0.163674380721008
2003,1.0,20dB_nominal_difference,imag,truth_OFFLINE,OFFLINE_TRUTH,YZ,x,-0.0625,y,0.0625,z,-0.1875,0.1508139800461137,0.1508139800461137,0.0,0.04000015580667526,0.163674380721008
2003,1.0,20dB_nominal_difference,imag,truth_OFFLINE,OFFLINE_TRUTH,YZ,x,-0.0625,y,0.1875,z,-0.1875,0.1577288162033272,0.1577288162033272,0.0,0.04000015580667526,0.163674380721008
2003,1.0,20dB_nominal_difference,imag,truth_OFFLINE,OFFLINE_TRUTH,YZ,x,-0.0625,y,0.3125,z,-0.1875,0.13357933742180905,0.13357933742180905,0.0,0.04000015580667526,0.163674380721008
2003,1.0,20dB_nominal_difference,imag,truth_OFFLINE,OFFLINE_TRUTH,YZ,x,-0.0625,y,0.4375,z,-0.1875,0.09670095227771938,0.09670095227771938,0.0,0.04000015580667526,0.163674380721008
2003,1.0,20dB_nominal_difference,imag,truth_OFFLINE,OFFLINE_TRUTH,YZ,x,-0.0625,y,0.5625,z,-0.1875,0.06738956040364796,0.06738956040364796,0.0,0.04000015580667526,0.163674380721008
2003,1.0,20dB_nominal_difference,imag,truth_OFFLINE,OFFLINE_TRUTH,YZ,x,-0.0625,y,0.6875,z,-0.1875,0.05092570602853473,0.05092570602853473,0.0,0.04000015580667526,0.163674380721008
2003,1.0,20dB_nominal_difference,imag,truth_OFFLINE,OFFLINE_TRUTH,YZ,x,-0.0625,y,-0.6875,z,-0.0625,0.04552669117604515,0.04552669117604515,0.0,0.04000015580667526,0.163674380721008
2003,1.0,20dB_nominal_difference,imag,truth_OFFLINE,OFFLINE_TRUTH,YZ,x,-0.0625,y,-0.5625,z,-0.0625,0.05337272512675944,0.05337272512675944,0.0,0.04000015580667526,0.163674380721008
2003,1.0,20dB_nominal_difference,imag,truth_OFFLINE,OFFLINE_TRUTH,YZ,x,-0.0625,y,-0.4375,z,-0.0625,0.06611054116039423,0.06611054116039423,0.0,0.04000015580667526,0.163674380721008
2003,1.0,20dB_nominal_difference,imag,truth_OFFLINE,OFFLINE_TRUTH,YZ,x,-0.0625,y,-0.3125,z,-0.0625,0.08296185958806848,0.08296185958806848,0.0,0.04000015580667526,0.163674380721008
2003,1.0,20dB_nominal_difference,imag,truth_OFFLINE,OFFLINE_TRUTH,YZ,x,-0.0625,y,-0.1875,z,-0.0625,0.10388043199886729,0.10388043199886729,0.0,0.04000015580667526,0.163674380721008
2003,1.0,20dB_nominal_difference,imag,truth_OFFLINE,OFFLINE_TRUTH,YZ,x,-0.0625,y,-0.0625,z,-0.0625,0.1296726376248023,0.1296726376248023,0.0,0.04000015580667526,0.163674380721008
2003,1.0,20dB_nominal_difference,imag,truth_OFFLINE,OFFLINE_TRUTH,YZ,x,-0.0625,y,0.0625,z,-0.0625,0.15276659508822296,0.15276659508822296,0.0,0.04000015580667526,0.163674380721008
2003,1.0,20dB_nominal_difference,imag,truth_OFFLINE,OFFLINE_TRUTH,YZ,x,-0.0625,y,0.1875,z,-0.0625,0.15505336276937054,0.15505336276937054,0.0,0.04000015580667526,0.163674380721008
2003,1.0,20dB_nominal_difference,imag,truth_OFFLINE,OFFLINE_TRUTH,YZ,x,-0.0625,y,0.3125,z,-0.0625,0.13024674790657753,0.13024674790657753,0.0,0.04000015580667526,0.163674380721008
2003,1.0,20dB_nominal_difference,imag,truth_OFFLINE,OFFLINE_TRUTH,YZ,x,-0.0625,y,0.4375,z,-0.0625,0.09505083051922082,0.09505083051922082,0.0,0.04000015580667526,0.163674380721008
2003,1.0,20dB_nominal_difference,imag,truth_OFFLINE,OFFLINE_TRUTH,YZ,x,-0.0625,y,0.5625,z,-0.0625,0.0673760067132258,0.0673760067132258,0.0,0.04000015580667526,0.163674380721008
2003,1.0,20dB_nominal_difference,imag,truth_OFFLINE,OFFLINE_TRUTH,YZ,x,-0.0625,y,0.6875,z,-0.0625,0.05145596596372576,0.05145596596372576,0.0,0.04000015580667526,0.163674380721008
2003,1.0,20dB_nominal_difference,imag,truth_OFFLINE,OFFLINE_TRUTH,YZ,x,-0.0625,y,-0.6875,z,0.0625,0.047858451903802855,0.047858451903802855,0.0,0.04000015580667526,0.163674380721008
2003,1.0,20dB_nominal_difference,imag,truth_OFFLINE,OFFLINE_TRUTH,YZ,x,-0.0625,y,-0.5625,z,0.0625,0.05863431757111087,0.05863431757111087,0.0,0.04000015580667526,0.163674380721008
2003,1.0,20dB_nominal_difference,imag,truth_OFFLINE,OFFLINE_TRUTH,YZ,x,-0.0625,y,-0.4375,z,0.0625,0.0749956330329114,0.0749956330329114,0.0,0.04000015580667526,0.163674380721008
2003,1.0,20dB_nominal_difference,imag,truth_OFFLINE,OFFLINE_TRUTH,YZ,x,-0.0625,y,-0.3125,z,0.0625,0.09353676068599646,0.09353676068599646,0.0,0.04000015580667526,0.163674380721008
2003,1.0,20dB_nominal_difference,imag,truth_OFFLINE,OFFLINE_TRUTH,YZ,x,-0.0625,y,-0.1875,z,0.0625,0.11082575211003115,0.11082575211003115,0.0,0.04000015580667526,0.163674380721008
2003,1.0,20dB_nominal_difference,imag,truth_OFFLINE,OFFLINE_TRUTH,YZ,x,-0.0625,y,-0.0625,z,0.0625,0.12710625397589592,0.12710625397589592,0.0,0.04000015580667526,0.163674380721008
2003,1.0,20dB_nominal_difference,imag,truth_OFFLINE,OFFLINE_TRUTH,YZ,x,-0.0625,y,0.0625,z,0.0625,0.13995212794485462,0.13995212794485462,0.0,0.04000015580667526,0.163674380721008
2003,1.0,20dB_nominal_difference,imag,truth_OFFLINE,OFFLINE_TRUTH,YZ,x,-0.0625,y,0.1875,z,0.0625,0.13886149062239256,0.13886149062239256,0.0,0.04000015580667526,0.163674380721008
2003,1.0,20dB_nominal_difference,imag,truth_OFFLINE,OFFLINE_TRUTH,YZ,x,-0.0625,y,0.3125,z,0.0625,0.11921442782470068,0.11921442782470068,0.0,0.04000015580667526,0.163674380721008
2003,1.0,20dB_nominal_difference,imag,truth_OFFLINE,OFFLINE_TRUTH,YZ,x,-0.0625,y,0.4375,z,0.0625,0.09167921970045104,0.09167921970045104,0.0,0.04000015580667526,0.163674380721008
2003,1.0,20dB_nominal_difference,imag,truth_OFFLINE,OFFLINE_TRUTH,YZ,x,-0.0625,y,0.5625,z,0.0625,0.06840294126649657,0.06840294126649657,0.0,0.04000015580667526,0.163674380721008
2003,1.0,20dB_nominal_difference,imag,truth_OFFLINE,OFFLINE_TRUTH,YZ,x,-0.0625,y,0.6875,z,0.0625,0.05318627928388108,0.05318627928388108,0.0,0.04000015580667526,0.163674380721008
2003,1.0,20dB_nominal_difference,imag,truth_OFFLINE,OFFLINE_TRUTH,YZ,x,-0.0625,y,-0.6875,z,0.1875,0.04674163906472082,0.04674163906472082,0.0,0.04000015580667526,0.163674380721008
2003,1.0,20dB_nominal_difference,imag,truth_OFFLINE,OFFLINE_TRUTH,YZ,x,-0.0625,y,-0.5625,z,0.1875,0.05588127313527554,0.05588127313527554,0.0,0.04000015580667526,0.163674380721008
2003,1.0,20dB_nominal_difference,imag,truth_OFFLINE,OFFLINE_TRUTH,YZ,x,-0.0625,y,-0.4375,z,0.1875,0.06944042663865896,0.06944042663865896,0.0,0.04000015580667526,0.163674380721008
2003,1.0,20dB_nominal_difference,imag,truth_OFFLINE,OFFLINE_TRUTH,YZ,x,-0.0625,y,-0.3125,z,0.1875,0.08390223576829813,0.08390223576829813,0.0,0.04000015580667526,0.163674380721008
2003,1.0,20dB_nominal_difference,imag,truth_OFFLINE,OFFLINE_TRUTH,YZ,x,-0.0625,y,-0.1875,z,0.1875,0.09555698137022221,0.09555698137022221,0.0,0.04000015580667526,0.163674380721008
2003,1.0,20dB_nominal_difference,imag,truth_OFFLINE,OFFLINE_TRUTH,YZ,x,-0.0625,y,-0.0625,z,0.1875,0.10479805916046792,0.10479805916046792,0.0,0.04000015580667526,0.163674380721008
2003,1.0,20dB_nominal_difference,imag,truth_OFFLINE,OFFLINE_TRUTH,YZ,x,-0.0625,y,0.0625,z,0.1875,0.11245946317491304,0.11245946317491304,0.0,0.04000015580667526,0.163674380721008
2003,1.0,20dB_nominal_difference,imag,truth_OFFLINE,OFFLINE_TRUTH,YZ,x,-0.0625,y,0.1875,z,0.1875,0.11372931728530744,0.11372931728530744,0.0,0.04000015580667526,0.163674380721008
2003,1.0,20dB_nominal_difference,imag,truth_OFFLINE,OFFLINE_TRUTH,YZ,x,-0.0625,y,0.3125,z,0.1875,0.10429466631680404,0.10429466631680404,0.0,0.04000015580667526,0.163674380721008
2003,1.0,20dB_nominal_difference,imag,truth_OFFLINE,OFFLINE_TRUTH,YZ,x,-0.0625,y,0.4375,z,0.1875,0.08751509098114699,0.08751509098114699,0.0,0.04000015580667526,0.163674380721008
2003,1.0,20dB_nominal_difference,imag,truth_OFFLINE,OFFLINE_TRUTH,YZ,x,-0.0625,y,0.5625,z,0.1875,0.06966970855634338,0.06966970855634338,0.0,0.04000015580667526,0.163674380721008
2003,1.0,20dB_nominal_difference,imag,truth_OFFLINE,OFFLINE_TRUTH,YZ,x,-0.0625,y,0.6875,z,0.1875,0.05517298132470298,0.05517298132470298,0.0,0.04000015580667526,0.163674380721008
2003,1.0,20dB_nominal_difference,imag,truth_OFFLINE,OFFLINE_TRUTH,YZ,x,-0.0625,y,-0.6875,z,0.3125,0.04345286726491869,0.04345286726491869,0.0,0.04000015580667526,0.163674380721008
2003,1.0,20dB_nominal_difference,imag,truth_OFFLINE,OFFLINE_TRUTH,YZ,x,-0.0625,y,-0.5625,z,0.3125,0.04812009958084395,0.04812009958084395,0.0,0.04000015580667526,0.163674380721008
2003,1.0,20dB_nominal_difference,imag,truth_OFFLINE,OFFLINE_TRUTH,YZ,x,-0.0625,y,-0.4375,z,0.3125,0.05501371658866299,0.05501371658866299,0.0,0.04000015580667526,0.163674380721008
2003,1.0,20dB_nominal_difference,imag,truth_OFFLINE,OFFLINE_TRUTH,YZ,x,-0.0625,y,-0.3125,z,0.3125,0.06233884756672856,0.06233884756672856,0.0,0.04000015580667526,0.163674380721008
2003,1.0,20dB_nominal_difference,imag,truth_OFFLINE,OFFLINE_TRUTH,YZ,x,-0.0625,y,-0.1875,z,0.3125,0.06841841298298537,0.06841841298298537,0.0,0.04000015580667526,0.163674380721008
2003,1.0,20dB_nominal_difference,imag,truth_OFFLINE,OFFLINE_TRUTH,YZ,x,-0.0625,y,-0.0625,z,0.3125,0.07416613181928422,0.07416613181928422,0.0,0.04000015580667526,0.163674380721008
2003,1.0,20dB_nominal_difference,imag,truth_OFFLINE,OFFLINE_TRUTH,YZ,x,-0.0625,y,0.0625,z,0.3125,0.08101355802363919,0.08101355802363919,0.0,0.04000015580667526,0.163674380721008
2003,1.0,20dB_nominal_difference,imag,truth_OFFLINE,OFFLINE_TRUTH,YZ,x,-0.0625,y,0.1875,z,0.3125,0.08651510579418703,0.08651510579418703,0.0,0.04000015580667526,0.163674380721008
2003,1.0,20dB_nominal_difference,imag,truth_OFFLINE,OFFLINE_TRUTH,YZ,x,-0.0625,y,0.3125,z,0.3125,0.08624535209504341,0.08624535209504341,0.0,0.04000015580667526,0.163674380721008
2003,1.0,20dB_nominal_difference,imag,truth_OFFLINE,OFFLINE_TRUTH,YZ,x,-0.0625,y,0.4375,z,0.3125,0.07879331723411091,0.07879331723411091,0.0,0.04000015580667526,0.163674380721008
2003,1.0,20dB_nominal_difference,imag,truth_OFFLINE,OFFLINE_TRUTH,YZ,x,-0.0625,y,0.5625,z,0.3125,0.066618202393356,0.066618202393356,0.0,0.04000015580667526,0.163674380721008
2003,1.0,20dB_nominal_difference,imag,truth_OFFLINE,OFFLINE_TRUTH,YZ,x,-0.0625,y,0.6875,z,0.3125,0.05439319187985552,0.05439319187985552,0.0,0.04000015580667526,0.163674380721008
2003,1.0,20dB_nominal_difference,imag,truth_OFFLINE,OFFLINE_TRUTH,YZ,x,-0.0625,y,-0.6875,z,0.4375,0.04105326192243892,0.04105326192243892,0.0,0.04000015580667526,0.163674380721008
2003,1.0,20dB_nominal_difference,imag,truth_OFFLINE,OFFLINE_TRUTH,YZ,x,-0.0625,y,-0.5625,z,0.4375,0.04248023256440268,0.04248023256440268,0.0,0.04000015580667526,0.163674380721008
2003,1.0,20dB_nominal_difference,imag,truth_OFFLINE,OFFLINE_TRUTH,YZ,x,-0.0625,y,-0.4375,z,0.4375,0.044609275832403414,0.044609275832403414,0.0,0.04000015580667526,0.163674380721008
2003,1.0,20dB_nominal_difference,imag,truth_OFFLINE,OFFLINE_TRUTH,YZ,x,-0.0625,y,-0.3125,z,0.4375,0.04699202096212822,0.04699202096212822,0.0,0.04000015580667526,0.163674380721008
2003,1.0,20dB_nominal_difference,imag,truth_OFFLINE,OFFLINE_TRUTH,YZ,x,-0.0625,y,-0.1875,z,0.4375,0.04944801849150221,0.04944801849150221,0.0,0.04000015580667526,0.163674380721008
2003,1.0,20dB_nominal_difference,imag,truth_OFFLINE,OFFLINE_TRUTH,YZ,x,-0.0625,y,-0.0625,z,0.4375,0.052901713255917505,0.052901713255917505,0.0,0.04000015580667526,0.163674380721008
2003,1.0,20dB_nominal_difference,imag,truth_OFFLINE,OFFLINE_TRUTH,YZ,x,-0.0625,y,0.0625,z,0.4375,0.05828320398699263,0.05828320398699263,0.0,0.04000015580667526,0.163674380721008
2003,1.0,20dB_nominal_difference,imag,truth_OFFLINE,OFFLINE_TRUTH,YZ,x,-0.0625,y,0.1875,z,0.4375,0.06420519628595636,0.06420519628595636,0.0,0.04000015580667526,0.163674380721008
2003,1.0,20dB_nominal_difference,imag,truth_OFFLINE,OFFLINE_TRUTH,YZ,x,-0.0625,y,0.3125,z,0.4375,0.06727525961190907,0.06727525961190907,0.0,0.04000015580667526,0.163674380721008
2003,1.0,20dB_nominal_difference,imag,truth_OFFLINE,OFFLINE_TRUTH,YZ,x,-0.0625,y,0.4375,z,0.4375,0.06500961027575505,0.06500961027575505,0.0,0.04000015580667526,0.163674380721008
2003,1.0,20dB_nominal_difference,imag,truth_OFFLINE,OFFLINE_TRUTH,YZ,x,-0.0625,y,0.5625,z,0.4375,0.0580922596237103,0.0580922596237103,0.0,0.04000015580667526,0.163674380721008
2003,1.0,20dB_nominal_difference,imag,truth_OFFLINE,OFFLINE_TRUTH,YZ,x,-0.0625,y,0.6875,z,0.4375,0.05004909518343009,0.05004909518343009,0.0,0.04000015580667526,0.163674380721008
2003,1.0,20dB_nominal_difference,imag,truth_OFFLINE,OFFLINE_TRUTH,YZ,x,-0.0625,y,-0.6875,z,0.5625,0.04019150633820552,0.04019150633820552,0.0,0.04000015580667526,0.163674380721008
2003,1.0,20dB_nominal_difference,imag,truth_OFFLINE,OFFLINE_TRUTH,YZ,x,-0.0625,y,-0.5625,z,0.5625,0.04045363921587812,0.04045363921587812,0.0,0.04000015580667526,0.163674380721008
2003,1.0,20dB_nominal_difference,imag,truth_OFFLINE,OFFLINE_TRUTH,YZ,x,-0.0625,y,-0.4375,z,0.5625,0.04085898672802763,0.04085898672802763,0.0,0.04000015580667526,0.163674380721008
2003,1.0,20dB_nominal_difference,imag,truth_OFFLINE,OFFLINE_TRUTH,YZ,x,-0.0625,y,-0.3125,z,0.5625,0.041384407636475766,0.041384407636475766,0.0,0.04000015580667526,0.163674380721008
2003,1.0,20dB_nominal_difference,imag,truth_OFFLINE,OFFLINE_TRUTH,YZ,x,-0.0625,y,-0.1875,z,0.5625,0.04218231914986422,0.04218231914986422,0.0,0.04000015580667526,0.163674380721008
2003,1.0,20dB_nominal_difference,imag,truth_OFFLINE,OFFLINE_TRUTH,YZ,x,-0.0625,y,-0.0625,z,0.5625,0.04377263759328565,0.04377263759328565,0.0,0.04000015580667526,0.163674380721008
2003,1.0,20dB_nominal_difference,imag,truth_OFFLINE,OFFLINE_TRUTH,YZ,x,-0.0625,y,0.0625,z,0.5625,0.046583116809738985,0.046583116809738985,0.0,0.04000015580667526,0.163674380721008
2003,1.0,20dB_nominal_difference,imag,truth_OFFLINE,OFFLINE_TRUTH,YZ,x,-0.0625,y,0.1875,z,0.5625,0.04999452237972326,0.04999452237972326,0.0,0.04000015580667526,0.163674380721008
2003,1.0,20dB_nominal_difference,imag,truth_OFFLINE,OFFLINE_TRUTH,YZ,x,-0.0625,y,0.3125,z,0.5625,0.05226517041090233,0.05226517041090233,0.0,0.04000015580667526,0.163674380721008
2003,1.0,20dB_nominal_difference,imag,truth_OFFLINE,OFFLINE_TRUTH,YZ,x,-0.0625,y,0.4375,z,0.5625,0.051828096168250085,0.051828096168250085,0.0,0.04000015580667526,0.163674380721008
2003,1.0,20dB_nominal_difference,imag,truth_OFFLINE,OFFLINE_TRUTH,YZ,x,-0.0625,y,0.5625,z,0.5625,0.048786688674004486,0.048786688674004486,0.0,0.04000015580667526,0.163674380721008
2003,1.0,20dB_nominal_difference,imag,truth_OFFLINE,OFFLINE_TRUTH,YZ,x,-0.0625,y,0.6875,z,0.5625,0.04494161821421902,0.04494161821421902,0.0,0.04000015580667526,0.163674380721008
2003,1.0,20dB_nominal_difference,imag,truth_OFFLINE,OFFLINE_TRUTH,YZ,x,-0.0625,y,-0.6875,z,0.6875,0.04002087077010622,0.04002087077010622,0.0,0.04000015580667526,0.163674380721008
2003,1.0,20dB_nominal_difference,imag,truth_OFFLINE,OFFLINE_TRUTH,YZ,x,-0.0625,y,-0.5625,z,0.6875,0.04005035818893871,0.04005035818893871,0.0,0.04000015580667526,0.163674380721008
2003,1.0,20dB_nominal_difference,imag,truth_OFFLINE,OFFLINE_TRUTH,YZ,x,-0.0625,y,-0.4375,z,0.6875,0.040100863350880075,0.040100863350880075,0.0,0.04000015580667526,0.163674380721008
2003,1.0,20dB_nominal_difference,imag,truth_OFFLINE,OFFLINE_TRUTH,YZ,x,-0.0625,y,-0.3125,z,0.6875,0.04019038935133843,0.04019038935133843,0.0,0.04000015580667526,0.163674380721008
2003,1.0,20dB_nominal_difference,imag,truth_OFFLINE,OFFLINE_TRUTH,YZ,x,-0.0625,y,-0.1875,z,0.6875,0.04040132871373167,0.04040132871373167,0.0,0.04000015580667526,0.163674380721008
2003,1.0,20dB_nominal_difference,imag,truth_OFFLINE,OFFLINE_TRUTH,YZ,x,-0.0625,y,-0.0625,z,0.6875,0.040917716302072485,0.040917716302072485,0.0,0.04000015580667526,0.163674380721008
2003,1.0,20dB_nominal_difference,imag,truth_OFFLINE,OFFLINE_TRUTH,YZ,x,-0.0625,y,0.0625,z,0.6875,0.04188581069537539,0.04188581069537539,0.0,0.04000015580667526,0.163674380721008
2003,1.0,20dB_nominal_difference,imag,truth_OFFLINE,OFFLINE_TRUTH,YZ,x,-0.0625,y,0.1875,z,0.6875,0.04311422459213862,0.04311422459213862,0.0,0.04000015580667526,0.163674380721008
2003,1.0,20dB_nominal_difference,imag,truth_OFFLINE,OFFLINE_TRUTH,YZ,x,-0.0625,y,0.3125,z,0.6875,0.04400245614647743,0.04400245614647743,0.0,0.04000015580667526,0.163674380721008
2003,1.0,20dB_nominal_difference,imag,truth_OFFLINE,OFFLINE_TRUTH,YZ,x,-0.0625,y,0.4375,z,0.6875,0.043959082787769166,0.043959082787769166,0.0,0.04000015580667526,0.163674380721008
2003,1.0,20dB_nominal_difference,imag,truth_OFFLINE,OFFLINE_TRUTH,YZ,x,-0.0625,y,0.5625,z,0.6875,0.04297881601581051,0.04297881601581051,0.0,0.04000015580667526,0.163674380721008
2003,1.0,20dB_nominal_difference,imag,truth_OFFLINE,OFFLINE_TRUTH,YZ,x,-0.0625,y,0.6875,z,0.6875,0.0416850276806229,0.0416850276806229,0.0,0.04000015580667526,0.163674380721008
2003,1.0,20dB_nominal_difference,imag,dressed_linear_chi,REJECTED_PHYSICAL,XY,z,-0.0625,x,-0.6875,y,-0.6875,0.042812060851533745,-0.0557332797990106,-0.09854534065054435,0.04000015580667526,0.163674380721008
2003,1.0,20dB_nominal_difference,imag,dressed_linear_chi,REJECTED_PHYSICAL,XY,z,-0.0625,x,-0.5625,y,-0.6875,0.04501641841016214,0.025556832439854293,-0.01945958597030785,0.04000015580667526,0.163674380721008
2003,1.0,20dB_nominal_difference,imag,dressed_linear_chi,REJECTED_PHYSICAL,XY,z,-0.0625,x,-0.4375,y,-0.6875,0.047153559012156725,0.08714772895014652,0.0399941699379898,0.04000015580667526,0.163674380721008
2003,1.0,20dB_nominal_difference,imag,dressed_linear_chi,REJECTED_PHYSICAL,XY,z,-0.0625,x,-0.3125,y,-0.6875,0.04816564094919894,0.12814729344396117,0.07998165249476223,0.04000015580667526,0.163674380721008
2003,1.0,20dB_nominal_difference,imag,dressed_linear_chi,REJECTED_PHYSICAL,XY,z,-0.0625,x,-0.1875,y,-0.6875,0.04748045653852776,0.14716389641017213,0.09968343987164438,0.04000015580667526,0.163674380721008
2003,1.0,20dB_nominal_difference,imag,dressed_linear_chi,REJECTED_PHYSICAL,XY,z,-0.0625,x,-0.0625,y,-0.6875,0.04552669117604515,0.14775155492950862,0.10222486375346346,0.04000015580667526,0.163674380721008
2003,1.0,20dB_nominal_difference,imag,dressed_linear_chi,REJECTED_PHYSICAL,XY,z,-0.0625,x,0.0625,y,-0.6875,0.043322193144988023,0.13479215680604056,0.09146996366105253,0.04000015580667526,0.163674380721008
2003,1.0,20dB_nominal_difference,imag,dressed_linear_chi,REJECTED_PHYSICAL,XY,z,-0.0625,x,0.1875,y,-0.6875,0.041648705741738304,0.11225454228196768,0.07060583654022938,0.04000015580667526,0.163674380721008
2003,1.0,20dB_nominal_difference,imag,dressed_linear_chi,REJECTED_PHYSICAL,XY,z,-0.0625,x,0.3125,y,-0.6875,0.04068984889113016,0.08169738005598429,0.04100753116485412,0.04000015580667526,0.163674380721008
2003,1.0,20dB_nominal_difference,imag,dressed_linear_chi,REJECTED_PHYSICAL,XY,z,-0.0625,x,0.4375,y,-0.6875,0.04024917597637867,0.040967350416808455,0.0007181744404297849,0.04000015580667526,0.163674380721008
2003,1.0,20dB_nominal_difference,imag,dressed_linear_chi,REJECTED_PHYSICAL,XY,z,-0.0625,x,0.5625,y,-0.6875,0.040078931812932886,-0.019064454363677125,-0.05914338617661001,0.04000015580667526,0.163674380721008
2003,1.0,20dB_nominal_difference,imag,dressed_linear_chi,REJECTED_PHYSICAL,XY,z,-0.0625,x,0.6875,y,-0.6875,0.04002187267302577,-0.1308838875432317,-0.17090576021625745,0.04000015580667526,0.163674380721008
2003,1.0,20dB_nominal_difference,imag,dressed_linear_chi,REJECTED_PHYSICAL,XY,z,-0.0625,x,-0.6875,y,-0.5625,0.04671923723527712,-0.10886774208921021,-0.15558697932448734,0.04000015580667526,0.163674380721008
2003,1.0,20dB_nominal_difference,imag,dressed_linear_chi,REJECTED_PHYSICAL,XY,z,-0.0625,x,-0.5625,y,-0.5625,0.051951087983362836,0.0530780729468687,0.001126984963505863,0.04000015580667526,0.163674380721008
2003,1.0,20dB_nominal_difference,imag,dressed_linear_chi,REJECTED_PHYSICAL,XY,z,-0.0625,x,-0.4375,y,-0.5625,0.057010594762901406,0.1556324144994327,0.09862181973653128,0.04000015580667526,0.163674380721008
2003,1.0,20dB_nominal_difference,imag,dressed_linear_chi,REJECTED_PHYSICAL,XY,z,-0.0625,x,-0.3125,y,-0.5625,0.05942346591625194,0.2165369071691698,0.15711344125291785,0.04000015580667526,0.163674380721008
2003,1.0,20dB_nominal_difference,imag,dressed_linear_chi,REJECTED_PHYSICAL,XY,z,-0.0625,x,-0.1875,y,-0.5625,0.057875810867460825,0.2416369326031688,0.18376112173570797,0.04000015580667526,0.163674380721008
2003,1.0,20dB_nominal_difference,imag,dressed_linear_chi,REJECTED_PHYSICAL,XY,z,-0.0625,x,-0.0625,y,-0.5625,0.05337272512675944,0.2368557748424047,0.18348304971564525,0.04000015580667526,0.163674380721008
2003,1.0,20dB_nominal_difference,imag,dressed_linear_chi,REJECTED_PHYSICAL,XY,z,-0.0625,x,0.0625,y,-0.5625,0.048248239982660715,0.20892351563105074,0.16067527564839001,0.04000015580667526,0.163674380721008
2003,1.0,20dB_nominal_difference,imag,dressed_linear_chi,REJECTED_PHYSICAL,XY,z,-0.0625,x,0.1875,y,-0.5625,0.04428321889975626,0.16407082211900403,0.11978760321924778,0.04000015580667526,0.163674380721008
2003,1.0,20dB_nominal_difference,imag,dressed_linear_chi,REJECTED_PHYSICAL,XY,z,-0.0625,x,0.3125,y,-0.5625,0.041918714289671956,0.10682649851962356,0.06490778422995161,0.04000015580667526,0.163674380721008
2003,1.0,20dB_nominal_difference,imag,dressed_linear_chi,REJECTED_PHYSICAL,XY,z,-0.0625,x,0.4375,y,-0.5625,0.04075452053288806,0.03978927021172777,-0.0009652503211602936,0.04000015580667526,0.163674380721008
2003,1.0,20dB_nominal_difference,imag,dressed_linear_chi,REJECTED_PHYSICAL,XY,z,-0.0625,x,0.5625,y,-0.5625,0.04026016289838168,-0.03394881327992307,-0.07420897617830474,0.04000015580667526,0.163674380721008
2003,1.0,20dB_nominal_difference,imag,dressed_linear_chi,REJECTED_PHYSICAL,XY,z,-0.0625,x,0.6875,y,-0.5625,0.04007706720224385,-0.10260401979270387,-0.14268108699494772,0.04000015580667526,0.163674380721008
2003,1.0,20dB_nominal_difference,imag,dressed_linear_chi,REJECTED_PHYSICAL,XY,z,-0.0625,x,-0.6875,y,-0.4375,0.05259270005925314,-0.10349137323101906,-0.1560840732902722,0.04000015580667526,0.163674380721008
2003,1.0,20dB_nominal_difference,imag,dressed_linear_chi,REJECTED_PHYSICAL,XY,z,-0.0625,x,-0.5625,y,-0.4375,0.062376721029284404,0.0828410783077728,0.0204643572784884,0.04000015580667526,0.163674380721008
2003,1.0,20dB_nominal_difference,imag,dressed_linear_chi,REJECTED_PHYSICAL,XY,z,-0.0625,x,-0.4375,y,-0.4375,0.07187478901154168,0.21336837745776405,0.14149358844622237,0.04000015580667526,0.163674380721008
2003,1.0,20dB_nominal_difference,imag,dressed_linear_chi,REJECTED_PHYSICAL,XY,z,-0.0625,x,-0.3125,y,-0.4375,0.07656023537116752,0.292995566945136,0.2164353315739685,0.04000015580667526,0.163674380721008
2003,1.0,20dB_nominal_difference,imag,dressed_linear_chi,REJECTED_PHYSICAL,XY,z,-0.0625,x,-0.1875,y,-0.4375,0.07404746693626542,0.3274770812211364,0.253429614284871,0.04000015580667526,0.163674380721008
2003,1.0,20dB_nominal_difference,imag,dressed_linear_chi,REJECTED_PHYSICAL,XY,z,-0.0625,x,-0.0625,y,-0.4375,0.06611054116039423,0.3236638377730149,0.25755329661262066,0.04000015580667526,0.163674380721008
2003,1.0,20dB_nominal_difference,imag,dressed_linear_chi,REJECTED_PHYSICAL,XY,z,-0.0625,x,0.0625,y,-0.4375,0.05684254734146165,0.28945458793738216,0.2326120405959205,0.04000015580667526,0.163674380721008
2003,1.0,20dB_nominal_difference,imag,dressed_linear_chi,REJECTED_PHYSICAL,XY,z,-0.0625,x,0.1875,y,-0.4375,0.04937377140139504,0.23275373885911635,0.1833799674577213,0.04000015580667526,0.163674380721008
2003,1.0,20dB_nominal_difference,imag,dressed_linear_chi,REJECTED_PHYSICAL,XY,z,-0.0625,x,0.3125,y,-0.4375,0.044590075287547486,0.16061245844559363,0.11602238315804614,0.04000015580667526,0.163674380721008
2003,1.0,20dB_nominal_difference,imag,dressed_linear_chi,REJECTED_PHYSICAL,XY,z,-0.0625,x,0.4375,y,-0.4375,0.04197827881197196,0.07963052839725032,0.03765224958527836,0.04000015580667526,0.163674380721008
2003,1.0,20dB_nominal_difference,imag,dressed_linear_chi,REJECTED_PHYSICAL,XY,z,-0.0625,x,0.5625,y,-0.4375,0.04073456343762443,-0.0013083227875588868,-0.04204288622518332,0.04000015580667526,0.163674380721008
2003,1.0,20dB_nominal_difference,imag,dressed_linear_chi,REJECTED_PHYSICAL,XY,z,-0.0625,x,0.6875,y,-0.4375,0.04022789969620764,-0.07086143597968794,-0.11108933567589557,0.04000015580667526,0.163674380721008
2003,1.0,20dB_nominal_difference,imag,dressed_linear_chi,REJECTED_PHYSICAL,XY,z,-0.0625,x,-0.6875,y,-0.3125,0.05895379189233613,-0.06810020366973665,-0.12705399556207278,0.04000015580667526,0.163674380721008
2003,1.0,20dB_nominal_difference,imag,dressed_linear_chi,REJECTED_PHYSICAL,XY,z,-0.0625,x,-0.5625,y,-0.3125,0.07386171234073384,0.12517270103497122,0.05131098869423738,0.04000015580667526,0.163674380721008
2003,1.0,20dB_nominal_difference,imag,dressed_linear_chi,REJECTED_PHYSICAL,XY,z,-0.0625,x,-0.4375,y,-0.3125,0.08859624924664959,0.2713238571345288,0.18272760788787917,0.04000015580667526,0.163674380721008
2003,1.0,20dB_nominal_difference,imag,dressed_linear_chi,REJECTED_PHYSICAL,XY,z,-0.0625,x,-0.3125,y,-0.3125,0.0964415039637058,0.36510521501795346,0.2686637110542477,0.04000015580667526,0.163674380721008
2003,1.0,20dB_nominal_difference,imag,dressed_linear_chi,REJECTED_PHYSICAL,XY,z,-0.0625,x,-0.1875,y,-0.3125,0.09378116907479145,0.4093029511210505,0.315521782046259,0.04000015580667526,0.163674380721008
2003,1.0,20dB_nominal_difference,imag,dressed_linear_chi,REJECTED_PHYSICAL,XY,z,-0.0625,x,-0.0625,y,-0.3125,0.08296185958806848,0.4100138489663406,0.32705198937827207,0.04000015580667526,0.163674380721008
2003,1.0,20dB_nominal_difference,imag,dressed_linear_chi,REJECTED_PHYSICAL,XY,z,-0.0625,x,0.0625,y,-0.3125,0.06957351754030672,0.37533525245510585,0.30576173491479913,0.04000015580667526,0.163674380721008
2003,1.0,20dB_nominal_difference,imag,dressed_linear_chi,REJECTED_PHYSICAL,XY,z,-0.0625,x,0.1875,y,-0.3125,0.05795880046020539,0.3139899121018132,0.2560311116416078,0.04000015580667526,0.163674380721008
2003,1.0,20dB_nominal_difference,imag,dressed_linear_chi,REJECTED_PHYSICAL,XY,z,-0.0625,x,0.3125,y,-0.3125,0.04966102784305324,0.23436054533776646,0.18469951749471322,0.04000015580667526,0.163674380721008
2003,1.0,20dB_nominal_difference,imag,dressed_linear_chi,REJECTED_PHYSICAL,XY,z,-0.0625,x,0.4375,y,-0.3125,0.044507537376236805,0.14454528077111253,0.10003774339487573,0.04000015580667526,0.163674380721008
2003,1.0,20dB_nominal_difference,imag,dressed_linear_chi,REJECTED_PHYSICAL,XY,z,-0.0625,x,0.5625,y,-0.3125,0.04176157986813832,0.053528599008924954,0.011767019140786636,0.04000015580667526,0.163674380721008
2003,1.0,20dB_nominal_difference,imag,dressed_linear_chi,REJECTED_PHYSICAL,XY,z,-0.0625,x,0.6875,y,-0.3125,0.04055912685149282,-0.03180922431823297,-0.07236835116972579,0.04000015580667526,0.163674380721008
2003,1.0,20dB_nominal_difference,imag,dressed_linear_chi,REJECTED_PHYSICAL,XY,z,-0.0625,x,-0.6875,y,-0.1875,0.06414071000515616,-0.015870890483269118,-0.08001160048842527,0.04000015580667526,0.163674380721008
2003,1.0,20dB_nominal_difference,imag,dressed_linear_chi,REJECTED_PHYSICAL,XY,z,-0.0625,x,-0.5625,y,-0.1875,0.08405754185242151,0.17589062615726073,0.09183308430483922,0.04000015580667526,0.163674380721008
2003,1.0,20dB_nominal_difference,imag,dressed_linear_chi,REJECTED_PHYSICAL,XY,z,-0.0625,x,-0.4375,y,-0.1875,0.10464619152399268,0.3287793688280352,0.22413317730404253,0.04000015580667526,0.163674380721008
2003,1.0,20dB_nominal_difference,imag,dressed_linear_chi,REJECTED_PHYSICAL,XY,z,-0.0625,x,-0.3125,y,-0.1875,0.11703963931989764,0.4312778100241774,0.3142381707042798,0.04000015580667526,0.163674380721008
2003,1.0,20dB_nominal_difference,imag,dressed_linear_chi,REJECTED_PHYSICAL,XY,z,-0.0625,x,-0.1875,y,-0.1875,0.11600715433781533,0.4834964555239608,0.3674893011861455,0.04000015580667526,0.163674380721008
2003,1.0,20dB_nominal_difference,imag,dressed_linear_chi,REJECTED_PHYSICAL,XY,z,-0.0625,x,-0.0625,y,-0.1875,0.10388043199886729,0.49010978242336434,0.386229350424497,0.04000015580667526,0.163674380721008
2003,1.0,20dB_nominal_difference,imag,dressed_linear_chi,REJECTED_PHYSICAL,XY,z,-0.0625,x,0.0625,y,-0.1875,0.08715791234653131,0.45858071177960075,0.37142279943306944,0.04000015580667526,0.163674380721008
2003,1.0,20dB_nominal_difference,imag,dressed_linear_chi,REJECTED_PHYSICAL,XY,z,-0.0625,x,0.1875,y,-0.1875,0.07105841669804411,0.3974708581199007,0.32641244142185655,0.04000015580667526,0.163674380721008
2003,1.0,20dB_nominal_difference,imag,dressed_linear_chi,REJECTED_PHYSICAL,XY,z,-0.0625,x,0.3125,y,-0.1875,0.05799868214319433,0.3151934657011927,0.2571947835579984,0.04000015580667526,0.163674380721008
2003,1.0,20dB_nominal_difference,imag,dressed_linear_chi,REJECTED_PHYSICAL,XY,z,-0.0625,x,0.4375,y,-0.1875,0.0488427972404081,0.21955409772055656,0.17071130048014846,0.04000015580667526,0.163674380721008
2003,1.0,20dB_nominal_difference,imag,dressed_linear_chi,REJECTED_PHYSICAL,XY,z,-0.0625,x,0.5625,y,-0.1875,0.04354008507042236,0.11799558041575828,0.07445549534533591,0.04000015580667526,0.163674380721008
2003,1.0,20dB_nominal_difference,imag,dressed_linear_chi,REJECTED_PHYSICAL,XY,z,-0.0625,x,0.6875,y,-0.1875,0.041124939764612185,0.01487903899367423,-0.026245900770937955,0.04000015580667526,0.163674380721008
2003,1.0,20dB_nominal_difference,imag,dressed_linear_chi,REJECTED_PHYSICAL,XY,z,-0.0625,x,-0.6875,y,-0.0625,0.06749798464259113,0.03852789196040754,-0.02897009268218359,0.04000015580667526,0.163674380721008
2003,1.0,20dB_nominal_difference,imag,dressed_linear_chi,REJECTED_PHYSICAL,XY,z,-0.0625,x,-0.5625,y,-0.0625,0.0924583346322828,0.22340967074095558,0.13095133610867277,0.04000015580667526,0.163674380721008
2003,1.0,20dB_nominal_difference,imag,dressed_linear_chi,REJECTED_PHYSICAL,XY,z,-0.0625,x,-0.4375,y,-0.0625,0.12022275489155235,0.3764685290944545,0.2562457742029022,0.04000015580667526,0.163674380721008
2003,1.0,20dB_nominal_difference,imag,dressed_linear_chi,REJECTED_PHYSICAL,XY,z,-0.0625,x,-0.3125,y,-0.0625,0.13941173146332025,0.4826972700557914,0.34328553859247113,0.04000015580667526,0.163674380721008
2003,1.0,20dB_nominal_difference,imag,dressed_linear_chi,REJECTED_PHYSICAL,XY,z,-0.0625,x,-0.1875,y,-0.0625,0.14204895694150824,0.5404261304181294,0.39837717347662116,0.04000015580667526,0.163674380721008
2003,1.0,20dB_nominal_difference,imag,dressed_linear_chi,REJECTED_PHYSICAL,XY,z,-0.0625,x,-0.0625,y,-0.0625,0.1296726376248023,0.5528630146000577,0.4231903769752554,0.04000015580667526,0.163674380721008
2003,1.0,20dB_nominal_difference,imag,dressed_linear_chi,REJECTED_PHYSICAL,XY,z,-0.0625,x,0.0625,y,-0.0625,0.10968324680704317,0.5263174896374327,0.4166342428303896,0.04000015580667526,0.163674380721008
2003,1.0,20dB_nominal_difference,imag,dressed_linear_chi,REJECTED_PHYSICAL,XY,z,-0.0625,x,0.1875,y,-0.0625,0.08836681093770062,0.4684199275938087,0.3800531166561081,0.04000015580667526,0.163674380721008
2003,1.0,20dB_nominal_difference,imag,dressed_linear_chi,REJECTED_PHYSICAL,XY,z,-0.0625,x,0.3125,y,-0.0625,0.0692222961257432,0.3867040819779577,0.3174817858522145,0.04000015580667526,0.163674380721008
2003,1.0,20dB_nominal_difference,imag,dressed_linear_chi,REJECTED_PHYSICAL,XY,z,-0.0625,x,0.4375,y,-0.0625,0.05466901134123281,0.28785472069200263,0.23318570935076982,0.04000015580667526,0.163674380721008
2003,1.0,20dB_nominal_difference,imag,dressed_linear_chi,REJECTED_PHYSICAL,XY,z,-0.0625,x,0.5625,y,-0.0625,0.045872837212520334,0.17765258161729774,0.1317797444047774,0.04000015580667526,0.163674380721008
2003,1.0,20dB_nominal_difference,imag,dressed_linear_chi,REJECTED_PHYSICAL,XY,z,-0.0625,x,0.6875,y,-0.0625,0.0418360047357586,0.0595585788705731,0.017722574134814498,0.04000015580667526,0.163674380721008
2003,1.0,20dB_nominal_difference,imag,dressed_linear_chi,REJECTED_PHYSICAL,XY,z,-0.0625,x,-0.6875,y,0.0625,0.06747761449903886,0.07884306837376892,0.011365453874730064,0.04000015580667526,0.163674380721008
2003,1.0,20dB_nominal_difference,imag,dressed_linear_chi,REJECTED_PHYSICAL,XY,z,-0.0625,x,-0.5625,y,0.0625,0.09549848235929675,0.2529817054441867,0.15748322308488993,0.04000015580667526,0.163674380721008
2003,1.0,20dB_nominal_difference,imag,dressed_linear_chi,REJECTED_PHYSICAL,XY,z,-0.0625,x,-0.4375,y,0.0625,0.129320887606679,0.40106413592305173,0.27174324831637275,0.04000015580667526,0.163674380721008
2003,1.0,20dB_nominal_difference,imag,dressed_linear_chi,REJECTED_PHYSICAL,XY,z,-0.0625,x,-0.3125,y,0.0625,0.15577475122402062,0.5067951585642457,0.3510204073402251,0.04000015580667526,0.163674380721008
2003,1.0,20dB_nominal_difference,imag,dressed_linear_chi,REJECTED_PHYSICAL,XY,z,-0.0625,x,-0.1875,y,0.0625,0.163674380721008,0.567461976969583,0.40378759624857496,0.04000015580667526,0.163674380721008
2003,1.0,20dB_nominal_difference,imag,dressed_linear_chi,REJECTED_PHYSICAL,XY,z,-0.0625,x,-0.0625,y,0.0625,0.15276659508822296,0.5849098812116799,0.43214328612345687,0.04000015580667526,0.163674380721008
2003,1.0,20dB_nominal_difference,imag,dressed_linear_chi,REJECTED_PHYSICAL,XY,z,-0.0625,x,0.0625,y,0.0625,0.1308208387853533,0.5639886136447196,0.4331677748593663,0.04000015580667526,0.163674380721008
2003,1.0,20dB_nominal_difference,imag,dressed_linear_chi,REJECTED_PHYSICAL,XY,z,-0.0625,x,0.1875,y,0.0625,0.10504476057409515,0.5108976105234545,0.40585284994935933,0.04000015580667526,0.163674380721008
2003,1.0,20dB_nominal_difference,imag,dressed_linear_chi,REJECTED_PHYSICAL,XY,z,-0.0625,x,0.3125,y,0.0625,0.08004365477318558,0.4317949430952744,0.3517512883220888,0.04000015580667526,0.163674380721008
2003,1.0,20dB_nominal_difference,imag,dressed_linear_chi,REJECTED_PHYSICAL,XY,z,-0.0625,x,0.4375,y,0.0625,0.060110914361473436,0.33199545237377515,0.2718845380123017,0.04000015580667526,0.163674380721008
2003,1.0,20dB_nominal_difference,imag,dressed_linear_chi,REJECTED_PHYSICAL,XY,z,-0.0625,x,0.5625,y,0.0625,0.047916215851691785,0.21591678242702095,0.16800056657532916,0.04000015580667526,0.163674380721008
2003,1.0,20dB_nominal_difference,imag,dressed_linear_chi,REJECTED_PHYSICAL,XY,z,-0.0625,x,0.6875,y,0.0625,0.04240463768892273,0.0872237277750205,0.04481909008609776,0.04000015580667526,0.163674380721008
2003,1.0,20dB_nominal_difference,imag,dressed_linear_chi,REJECTED_PHYSICAL,XY,z,-0.0625,x,-0.6875,y,0.1875,0.061829990330548715,0.09090284453996644,0.02907285420941773,0.04000015580667526,0.163674380721008
2003,1.0,20dB_nominal_difference,imag,dressed_linear_chi,REJECTED_PHYSICAL,XY,z,-0.0625,x,-0.5625,y,0.1875,0.08661838749055265,0.25102274935421914,0.1644043618636665,0.04000015580667526,0.163674380721008
2003,1.0,20dB_nominal_difference,imag,dressed_linear_chi,REJECTED_PHYSICAL,XY,z,-0.0625,x,-0.4375,y,0.1875,0.11900813444003683,0.3898975009802441,0.2708893665402073,0.04000015580667526,0.163674380721008
2003,1.0,20dB_nominal_difference,imag,dressed_linear_chi,REJECTED_PHYSICAL,XY,z,-0.0625,x,-0.3125,y,0.1875,0.14751140554932707,0.491755814746809,0.34424440919748195,0.04000015580667526,0.163674380721008
2003,1.0,20dB_nominal_difference,imag,dressed_linear_chi,REJECTED_PHYSICAL,XY,z,-0.0625,x,-0.1875,y,0.1875,0.16039105667147383,0.553210135301547,0.39281907863007315,0.04000015580667526,0.163674380721008
2003,1.0,20dB_nominal_difference,imag,dressed_linear_chi,REJECTED_PHYSICAL,XY,z,-0.0625,x,-0.0625,y,0.1875,0.15505336276937054,0.5747230805123692,0.41966971774299866,0.04000015580667526,0.163674380721008
2003,1.0,20dB_nominal_difference,imag,dressed_linear_chi,REJECTED_PHYSICAL,XY,z,-0.0625,x,0.0625,y,0.1875,0.13688521071212376,0.5594382143688537,0.4225530036567299,0.04000015580667526,0.163674380721008
2003,1.0,20dB_nominal_difference,imag,dressed_linear_chi,REJECTED_PHYSICAL,XY,z,-0.0625,x,0.1875,y,0.1875,0.11174509915929395,0.5118074731268326,0.40006237396753863,0.04000015580667526,0.163674380721008
2003,1.0,20dB_nominal_difference,imag,dressed_linear_chi,REJECTED_PHYSICAL,XY,z,-0.0625,x,0.3125,y,0.1875,0.08474302330367384,0.4363898844167389,0.3516468611130651,0.04000015580667526,0.163674380721008
2003,1.0,20dB_nominal_difference,imag,dressed_linear_chi,REJECTED_PHYSICAL,XY,z,-0.0625,x,0.4375,y,0.1875,0.062260559952542746,0.33716474375677746,0.2749041838042347,0.04000015580667526,0.163674380721008
2003,1.0,20dB_nominal_difference,imag,dressed_linear_chi,REJECTED_PHYSICAL,XY,z,-0.0625,x,0.5625,y,0.1875,0.0485319027542396,0.21759833780534818,0.16906643505110858,0.04000015580667526,0.163674380721008
2003,1.0,20dB_nominal_difference,imag,dressed_linear_chi,REJECTED_PHYSICAL,XY,z,-0.0625,x,0.6875,y,0.1875,0.042499878614168186,0.08239593360922796,0.03989605499505978,0.04000015580667526,0.163674380721008
2003,1.0,20dB_nominal_difference,imag,dressed_linear_chi,REJECTED_PHYSICAL,XY,z,-0.0625,x,-0.6875,y,0.3125,0.05261255142733424,0.06656081674901161,0.013948265321677374,0.04000015580667526,0.163674380721008
2003,1.0,20dB_nominal_difference,imag,dressed_linear_chi,REJECTED_PHYSICAL,XY,z,-0.0625,x,-0.5625,y,0.3125,0.0684128538147093,0.20906204761811042,0.14064919380340113,0.04000015580667526,0.163674380721008
2003,1.0,20dB_nominal_difference,imag,dressed_linear_chi,REJECTED_PHYSICAL,XY,z,-0.0625,x,-0.4375,y,0.3125,0.09087823317155115,0.33514883986585053,0.2442706066942994,0.04000015580667526,0.163674380721008
2003,1.0,20dB_nominal_difference,imag,dressed_linear_chi,REJECTED_PHYSICAL,XY,z,-0.0625,x,-0.3125,y,0.3125,0.11345349775818503,0.4307510962188005,0.31729759846061545,0.04000015580667526,0.163674380721008
2003,1.0,20dB_nominal_difference,imag,dressed_linear_chi,REJECTED_PHYSICAL,XY,z,-0.0625,x,-0.1875,y,0.3125,0.12786602111867237,0.4916259300678911,0.3637599089492187,0.04000015580667526,0.163674380721008
2003,1.0,20dB_nominal_difference,imag,dressed_linear_chi,REJECTED_PHYSICAL,XY,z,-0.0625,x,-0.0625,y,0.3125,0.13024674790657753,0.5165872750075428,0.3863405271009652,0.04000015580667526,0.163674380721008
2003,1.0,20dB_nominal_difference,imag,dressed_linear_chi,REJECTED_PHYSICAL,XY,z,-0.0625,x,0.0625,y,0.3125,0.12129664598653803,0.506797198946493,0.385500552959955,0.04000015580667526,0.163674380721008
2003,1.0,20dB_nominal_difference,imag,dressed_linear_chi,REJECTED_PHYSICAL,XY,z,-0.0625,x,0.1875,y,0.3125,0.10297536110236849,0.46472530589271793,0.36174994479034944,0.04000015580667526,0.163674380721008
2003,1.0,20dB_nominal_difference,imag,dressed_linear_chi,REJECTED_PHYSICAL,XY,z,-0.0625,x,0.3125,y,0.3125,0.07980093621515352,0.3932301195633649,0.31342918334821135,0.04000015580667526,0.163674380721008
2003,1.0,20dB_nominal_difference,imag,dressed_linear_chi,REJECTED_PHYSICAL,XY,z,-0.0625,x,0.4375,y,0.3125,0.05952259275985332,0.29507583762133505,0.23555324486148171,0.04000015580667526,0.163674380721008
2003,1.0,20dB_nominal_difference,imag,dressed_linear_chi,REJECTED_PHYSICAL,XY,z,-0.0625,x,0.5625,y,0.3125,0.04724895876292659,0.17316141645982885,0.12591245769690226,0.04000015580667526,0.163674380721008
2003,1.0,20dB_nominal_difference,imag,dressed_linear_chi,REJECTED_PHYSICAL,XY,z,-0.0625,x,0.6875,y,0.3125,0.04204247644349049,0.03388071149111783,-0.008161764952372662,0.04000015580667526,0.163674380721008
2003,1.0,20dB_nominal_difference,imag,dressed_linear_chi,REJECTED_PHYSICAL,XY,z,-0.0625,x,-0.6875,y,0.4375,0.045146833362529254,0.006090550075523032,-0.03905628328700622,0.04000015580667526,0.163674380721008
2003,1.0,20dB_nominal_difference,imag,dressed_linear_chi,REJECTED_PHYSICAL,XY,z,-0.0625,x,-0.5625,y,0.4375,0.052308006267595956,0.1260275909945133,0.07371958472691734,0.04000015580667526,0.163674380721008
2003,1.0,20dB_nominal_difference,imag,dressed_linear_chi,REJECTED_PHYSICAL,XY,z,-0.0625,x,-0.4375,y,0.4375,0.0635996340198682,0.23655068074550864,0.17295104672564043,0.04000015580667526,0.163674380721008
2003,1.0,20dB_nominal_difference,imag,dressed_linear_chi,REJECTED_PHYSICAL,XY,z,-0.0625,x,-0.3125,y,0.4375,0.07692163679972497,0.3248002651031931,0.24787862830346813,0.04000015580667526,0.163674380721008
2003,1.0,20dB_nominal_difference,imag,dressed_linear_chi,REJECTED_PHYSICAL,XY,z,-0.0625,x,-0.1875,y,0.4375,0.08851586134200791,0.3847660452812596,0.29625018393925173,0.04000015580667526,0.163674380721008
2003,1.0,20dB_nominal_difference,imag,dressed_linear_chi,REJECTED_PHYSICAL,XY,z,-0.0625,x,-0.0625,y,0.4375,0.09505083051922082,0.4131839421151355,0.3181331115959147,0.04000015580667526,0.163674380721008
2003,1.0,20dB_nominal_difference,imag,dressed_linear_chi,REJECTED_PHYSICAL,XY,z,-0.0625,x,0.0625,y,0.4375,0.09390935418559936,0.4089614682345432,0.31505211404894384,0.04000015580667526,0.163674380721008
2003,1.0,20dB_nominal_difference,imag,dressed_linear_chi,REJECTED_PHYSICAL,XY,z,-0.0625,x,0.1875,y,0.4375,0.08376161542003223,0.3723829292428939,0.28862131382286166,0.04000015580667526,0.163674380721008
2003,1.0,20dB_nominal_difference,imag,dressed_linear_chi,REJECTED_PHYSICAL,XY,z,-0.0625,x,0.3125,y,0.4375,0.06787722682085688,0.3045093624466649,0.23663213562580798,0.04000015580667526,0.163674380721008
2003,1.0,20dB_nominal_difference,imag,dressed_linear_chi,REJECTED_PHYSICAL,XY,z,-0.0625,x,0.4375,y,0.4375,0.0534028942982199,0.20692159122876633,0.15351869693054643,0.04000015580667526,0.163674380721008
2003,1.0,20dB_nominal_difference,imag,dressed_linear_chi,REJECTED_PHYSICAL,XY,z,-0.0625,x,0.5625,y,0.4375,0.04480510916222494,0.08208038154841386,0.037275272386188926,0.04000015580667526,0.163674380721008
2003,1.0,20dB_nominal_difference,imag,dressed_linear_chi,REJECTED_PHYSICAL,XY,z,-0.0625,x,0.6875,y,0.4375,0.04130161756945503,-0.061661132356431496,-0.10296274992588653,0.04000015580667526,0.163674380721008
2003,1.0,20dB_nominal_difference,imag,dressed_linear_chi,REJECTED_PHYSICAL,XY,z,-0.0625,x,-0.6875,y,0.5625,0.04155453055242604,-0.08293146427420003,-0.12448599482662608,0.04000015580667526,0.163674380721008
2003,1.0,20dB_nominal_difference,imag,dressed_linear_chi,REJECTED_PHYSICAL,XY,z,-0.0625,x,-0.5625,y,0.5625,0.04401700141223197,0.007719490766333388,-0.03629751064589858,0.04000015580667526,0.163674380721008
2003,1.0,20dB_nominal_difference,imag,dressed_linear_chi,REJECTED_PHYSICAL,XY,z,-0.0625,x,-0.4375,y,0.5625,0.048436595860168206,0.10206412270873211,0.0536275268485639,0.04000015580667526,0.163674380721008
2003,1.0,20dB_nominal_difference,imag,dressed_linear_chi,REJECTED_PHYSICAL,XY,z,-0.0625,x,-0.3125,y,0.5625,0.05467394860763999,0.18354772282948884,0.12887377422184884,0.04000015580667526,0.163674380721008
2003,1.0,20dB_nominal_difference,imag,dressed_linear_chi,REJECTED_PHYSICAL,XY,z,-0.0625,x,-0.1875,y,0.5625,0.06165764159022336,0.24332333606352607,0.18166569447330272,0.04000015580667526,0.163674380721008
2003,1.0,20dB_nominal_difference,imag,dressed_linear_chi,REJECTED_PHYSICAL,XY,z,-0.0625,x,-0.0625,y,0.5625,0.0673760067132258,0.2758931629375586,0.2085171562243328,0.04000015580667526,0.163674380721008
2003,1.0,20dB_nominal_difference,imag,dressed_linear_chi,REJECTED_PHYSICAL,XY,z,-0.0625,x,0.0625,y,0.5625,0.06887981651268772,0.27776680659160535,0.20888699007891764,0.04000015580667526,0.163674380721008
2003,1.0,20dB_nominal_difference,imag,dressed_linear_chi,REJECTED_PHYSICAL,XY,z,-0.0625,x,0.1875,y,0.5625,0.0641626244070744,0.24688629976071833,0.18272367535364392,0.04000015580667526,0.163674380721008
2003,1.0,20dB_nominal_difference,imag,dressed_linear_chi,REJECTED_PHYSICAL,XY,z,-0.0625,x,0.3125,y,0.5625,0.05529949586953234,0.1823825790833591,0.12708308321382675,0.04000015580667526,0.163674380721008
2003,1.0,20dB_nominal_difference,imag,dressed_linear_chi,REJECTED_PHYSICAL,XY,z,-0.0625,x,0.4375,y,0.5625,0.04715181215615008,0.0844612208929173,0.03730940873676722,0.04000015580667526,0.163674380721008
2003,1.0,20dB_nominal_difference,imag,dressed_linear_chi,REJECTED_PHYSICAL,XY,z,-0.0625,x,0.5625,y,0.5625,0.042469036992147643,-0.045486596706126224,-0.08795563369827386,0.04000015580667526,0.163674380721008
2003,1.0,20dB_nominal_difference,imag,dressed_linear_chi,REJECTED_PHYSICAL,XY,z,-0.0625,x,0.6875,y,0.5625,0.04064411430786136,-0.1984812329238962,-0.23912534723175755,0.04000015580667526,0.163674380721008
2003,1.0,20dB_nominal_difference,imag,dressed_linear_chi,REJECTED_PHYSICAL,XY,z,-0.0625,x,-0.6875,y,0.6875,0.0403989351377876,-0.21325563621590618,-0.2536545713536938,0.04000015580667526,0.163674380721008
2003,1.0,20dB_nominal_difference,imag,dressed_linear_chi,REJECTED_PHYSICAL,XY,z,-0.0625,x,-0.5625,y,0.6875,0.04113120583550842,-0.14991205815121111,-0.19104326398671953,0.04000015580667526,0.163674380721008
2003,1.0,20dB_nominal_difference,imag,dressed_linear_chi,REJECTED_PHYSICAL,XY,z,-0.0625,x,-0.4375,y,0.6875,0.042630474195134264,-0.06552271190528738,-0.10815318610042166,0.04000015580667526,0.163674380721008
2003,1.0,20dB_nominal_difference,imag,dressed_linear_chi,REJECTED_PHYSICAL,XY,z,-0.0625,x,-0.3125,y,0.6875,0.045100938048975955,0.013590167079899667,-0.031510770969076285,0.04000015580667526,0.163674380721008
2003,1.0,20dB_nominal_difference,imag,dressed_linear_chi,REJECTED_PHYSICAL,XY,z,-0.0625,x,-0.1875,y,0.6875,0.04836173594686007,0.07756834917825778,0.029206613231397706,0.04000015580667526,0.163674380721008
2003,1.0,20dB_nominal_difference,imag,dressed_linear_chi,REJECTED_PHYSICAL,XY,z,-0.0625,x,-0.0625,y,0.6875,0.05145596596372576,0.11888346509488959,0.06742749913116383,0.04000015580667526,0.163674380721008
2003,1.0,20dB_nominal_difference,imag,dressed_linear_chi,REJECTED_PHYSICAL,XY,z,-0.0625,x,0.0625,y,0.6875,0.05259007729992901,0.13129464274577307,0.07870456544584406,0.04000015580667526,0.163674380721008
2003,1.0,20dB_nominal_difference,imag,dressed_linear_chi,REJECTED_PHYSICAL,XY,z,-0.0625,x,0.1875,y,0.6875,0.05056723797387832,0.10997379502004434,0.05940655704616602,0.04000015580667526,0.163674380721008
2003,1.0,20dB_nominal_difference,imag,dressed_linear_chi,REJECTED_PHYSICAL,XY,z,-0.0625,x,0.3125,y,0.6875,0.046542039486185904,0.05178043781292597,0.005238398326740064,0.04000015580667526,0.163674380721008
2003,1.0,20dB_nominal_difference,imag,dressed_linear_chi,REJECTED_PHYSICAL,XY,z,-0.0625,x,0.4375,y,0.6875,0.04295074737144104,-0.044802044058195,-0.08775279142963605,0.04000015580667526,0.163674380721008
2003,1.0,20dB_nominal_difference,imag,dressed_linear_chi,REJECTED_PHYSICAL,XY,z,-0.0625,x,0.5625,y,0.6875,0.040979898299777905,-0.18082810375647318,-0.2218080020562511,0.04000015580667526,0.163674380721008
2003,1.0,20dB_nominal_difference,imag,dressed_linear_chi,REJECTED_PHYSICAL,XY,z,-0.0625,x,0.6875,y,0.6875,0.040247123462449144,-0.35765682652173447,-0.3979039499841836,0.04000015580667526,0.163674380721008
2003,1.0,20dB_nominal_difference,imag,dressed_linear_chi,REJECTED_PHYSICAL,XZ,y,-0.0625,x,-0.6875,z,-0.6875,0.040868546119287474,-0.2776604855033377,-0.3185290316226252,0.04000015580667526,0.163674380721008
2003,1.0,20dB_nominal_difference,imag,dressed_linear_chi,REJECTED_PHYSICAL,XZ,y,-0.0625,x,-0.5625,z,-0.6875,0.04222009810644191,-0.11983773868480377,-0.1620578367912457,0.04000015580667526,0.163674380721008
2003,1.0,20dB_nominal_difference,imag,dressed_linear_chi,REJECTED_PHYSICAL,XZ,y,-0.0625,x,-0.4375,z,-0.6875,0.0447120270693828,-0.004508594434916378,-0.04922062150429918,0.04000015580667526,0.163674380721008
2003,1.0,20dB_nominal_difference,imag,dressed_linear_chi,REJECTED_PHYSICAL,XZ,y,-0.0625,x,-0.3125,z,-0.6875,0.04841723302722367,0.06700990028459827,0.0185926672573746,0.04000015580667526,0.163674380721008
2003,1.0,20dB_nominal_difference,imag,dressed_linear_chi,REJECTED_PHYSICAL,XZ,y,-0.0625,x,-0.1875,z,-0.6875,0.05265208297165072,0.09531035529262967,0.04265827232097895,0.04000015580667526,0.163674380721008
2003,1.0,20dB_nominal_difference,imag,dressed_linear_chi,REJECTED_PHYSICAL,XZ,y,-0.0625,x,-0.0625,z,-0.6875,0.05580939135375661,0.0895077585802946,0.03369836722653799,0.04000015580667526,0.163674380721008
2003,1.0,20dB_nominal_difference,imag,dressed_linear_chi,REJECTED_PHYSICAL,XZ,y,-0.0625,x,0.0625,z,-0.6875,0.05615223530031655,0.06483746167582265,0.008685226375506096,0.04000015580667526,0.163674380721008
2003,1.0,20dB_nominal_difference,imag,dressed_linear_chi,REJECTED_PHYSICAL,XZ,y,-0.0625,x,0.1875,z,-0.6875,0.053298328566675865,0.03869917701339493,-0.014599151553280933,0.04000015580667526,0.163674380721008
2003,1.0,20dB_nominal_difference,imag,dressed_linear_chi,REJECTED_PHYSICAL,XZ,y,-0.0625,x,0.3125,z,-0.6875,0.048733998410806056,0.026644371294928793,-0.022089627115877263,0.04000015580667526,0.163674380721008
2003,1.0,20dB_nominal_difference,imag,dressed_linear_chi,REJECTED_PHYSICAL,XZ,y,-0.0625,x,0.4375,z,-0.6875,0.0445481477333863,0.03963713684889363,-0.004911010884492667,0.04000015580667526,0.163674380721008
2003,1.0,20dB_nominal_difference,imag,dressed_linear_chi,REJECTED_PHYSICAL,XZ,y,-0.0625,x,0.5625,z,-0.6875,0.04187161543589744,0.08449009869474444,0.042618483258847005,0.04000015580667526,0.163674380721008
2003,1.0,20dB_nominal_difference,imag,dressed_linear_chi,REJECTED_PHYSICAL,XZ,y,-0.0625,x,0.6875,z,-0.6875,0.040607611136299245,0.16712887669242638,0.12652126555612714,0.04000015580667526,0.163674380721008
2003,1.0,20dB_nominal_difference,imag,dressed_linear_chi,REJECTED_PHYSICAL,XZ,y,-0.0625,x,-0.6875,z,-0.5625,0.04221584655752198,-0.1311153659025318,-0.17333121246005379,0.04000015580667526,0.163674380721008
2003,1.0,20dB_nominal_difference,imag,dressed_linear_chi,REJECTED_PHYSICAL,XZ,y,-0.0625,x,-0.5625,z,-0.5625,0.04537201392835385,0.01865928248333269,-0.02671273144502116,0.04000015580667526,0.163674380721008
2003,1.0,20dB_nominal_difference,imag,dressed_linear_chi,REJECTED_PHYSICAL,XZ,y,-0.0625,x,-0.4375,z,-0.5625,0.05071678855161721,0.13901963116393107,0.08830284261231386,0.04000015580667526,0.163674380721008
2003,1.0,20dB_nominal_difference,imag,dressed_linear_chi,REJECTED_PHYSICAL,XZ,y,-0.0625,x,-0.3125,z,-0.5625,0.057982990428343366,0.2187498726306694,0.16076688220232602,0.04000015580667526,0.163674380721008
2003,1.0,20dB_nominal_difference,imag,dressed_linear_chi,REJECTED_PHYSICAL,XZ,y,-0.0625,x,-0.1875,z,-0.5625,0.06563524444284853,0.2557847843805644,0.19014953993771588,0.04000015580667526,0.163674380721008
2003,1.0,20dB_nominal_difference,imag,dressed_linear_chi,REJECTED_PHYSICAL,XZ,y,-0.0625,x,-0.0625,z,-0.5625,0.07084440738469061,0.25645452048886697,0.18561011310417636,0.04000015580667526,0.163674380721008
2003,1.0,20dB_nominal_difference,imag,dressed_linear_chi,REJECTED_PHYSICAL,XZ,y,-0.0625,x,0.0625,z,-0.5625,0.07078856422164018,0.23281232007413455,0.16202375585249437,0.04000015580667526,0.163674380721008
2003,1.0,20dB_nominal_difference,imag,dressed_linear_chi,REJECTED_PHYSICAL,XZ,y,-0.0625,x,0.1875,z,-0.5625,0.06502681023437898,0.1991870575653506,0.13416024733097162,0.04000015580667526,0.163674380721008
2003,1.0,20dB_nominal_difference,imag,dressed_linear_chi,REJECTED_PHYSICAL,XZ,y,-0.0625,x,0.3125,z,-0.5625,0.05633149145312438,0.1686260518969776,0.11229456044385322,0.04000015580667526,0.163674380721008
2003,1.0,20dB_nominal_difference,imag,dressed_linear_chi,REJECTED_PHYSICAL,XZ,y,-0.0625,x,0.4375,z,-0.5625,0.04847862952345985,0.14978348310863426,0.10130485358517441,0.04000015580667526,0.163674380721008
2003,1.0,20dB_nominal_difference,imag,dressed_linear_chi,REJECTED_PHYSICAL,XZ,y,-0.0625,x,0.5625,z,-0.5625,0.04348423389284176,0.1435626363270835,0.10007840243424174,0.04000015580667526,0.163674380721008
2003,1.0,20dB_nominal_difference,imag,dressed_linear_chi,REJECTED_PHYSICAL,XZ,y,-0.0625,x,0.6875,z,-0.5625,0.04113043077314255,0.13032187449789326,0.08919144372475071,0.04000015580667526,0.163674380721008
2003,1.0,20dB_nominal_difference,imag,dressed_linear_chi,REJECTED_PHYSICAL,XZ,y,-0.0625,x,-0.6875,z,-0.4375,0.044760832984435284,-0.024955569130554557,-0.06971640211498983,0.04000015580667526,0.163674380721008
2003,1.0,20dB_nominal_difference,imag,dressed_linear_chi,REJECTED_PHYSICAL,XZ,y,-0.0625,x,-0.5625,z,-0.4375,0.05097234152675774,0.13254122995170267,0.08156888842494493,0.04000015580667526,0.163674380721008
2003,1.0,20dB_nominal_difference,imag,dressed_linear_chi,REJECTED_PHYSICAL,XZ,y,-0.0625,x,-0.4375,z,-0.4375,0.06058950189645872,0.26236755014453433,0.2017780482480756,0.04000015580667526,0.163674380721008
2003,1.0,20dB_nominal_difference,imag,dressed_linear_chi,REJECTED_PHYSICAL,XZ,y,-0.0625,x,-0.3125,z,-0.4375,0.07229706179483097,0.3513316660475342,0.2790346042527032,0.04000015580667526,0.163674380721008
2003,1.0,20dB_nominal_difference,imag,dressed_linear_chi,REJECTED_PHYSICAL,XZ,y,-0.0625,x,-0.1875,z,-0.4375,0.08321225008554131,0.39602365393217753,0.3128114038466362,0.04000015580667526,0.163674380721008
2003,1.0,20dB_nominal_difference,imag,dressed_linear_chi,REJECTED_PHYSICAL,XZ,y,-0.0625,x,-0.0625,z,-0.4375,0.08947757634277925,0.40082695028534254,0.3113493739425633,0.04000015580667526,0.163674380721008
2003,1.0,20dB_nominal_difference,imag,dressed_linear_chi,REJECTED_PHYSICAL,XZ,y,-0.0625,x,0.0625,z,-0.4375,0.08780263780404378,0.3754338843675021,0.2876312465634583,0.04000015580667526,0.163674380721008
2003,1.0,20dB_nominal_difference,imag,dressed_linear_chi,REJECTED_PHYSICAL,XZ,y,-0.0625,x,0.1875,z,-0.4375,0.07814005141491473,0.33178362955502927,0.2536435781401145,0.04000015580667526,0.163674380721008
2003,1.0,20dB_nominal_difference,imag,dressed_linear_chi,REJECTED_PHYSICAL,XZ,y,-0.0625,x,0.3125,z,-0.4375,0.06465242797003427,0.28088724456656183,0.21623481659652755,0.04000015580667526,0.163674380721008
2003,1.0,20dB_nominal_difference,imag,dressed_linear_chi,REJECTED_PHYSICAL,XZ,y,-0.0625,x,0.4375,z,-0.4375,0.05274038362482215,0.22986019121043233,0.1771198075856102,0.04000015580667526,0.163674380721008
2003,1.0,20dB_nominal_difference,imag,dressed_linear_chi,REJECTED_PHYSICAL,XZ,y,-0.0625,x,0.5625,z,-0.4375,0.04522422040017787,0.17896667063671534,0.13374245023653747,0.04000015580667526,0.163674380721008
2003,1.0,20dB_nominal_difference,imag,dressed_linear_chi,REJECTED_PHYSICAL,XZ,y,-0.0625,x,0.6875,z,-0.4375,0.04169297622588275,0.1153146020711738,0.07362162584529106,0.04000015580667526,0.163674380721008
2003,1.0,20dB_nominal_difference,imag,dressed_linear_chi,REJECTED_PHYSICAL,XZ,y,-0.0625,x,-0.6875,z,-0.3125,0.04917107194785049,0.032116719740241544,-0.017054352207608946,0.04000015580667526,0.163674380721008
2003,1.0,20dB_nominal_difference,imag,dressed_linear_chi,REJECTED_PHYSICAL,XZ,y,-0.0625,x,-0.5625,z,-0.3125,0.05989004669962481,0.20223522450011155,0.14234517780048675,0.04000015580667526,0.163674380721008
2003,1.0,20dB_nominal_difference,imag,dressed_linear_chi,REJECTED_PHYSICAL,XZ,y,-0.0625,x,-0.4375,z,-0.3125,0.07486064583305016,0.3436777366715702,0.26881709083852,0.04000015580667526,0.163674380721008
2003,1.0,20dB_nominal_difference,imag,dressed_linear_chi,REJECTED_PHYSICAL,XZ,y,-0.0625,x,-0.3125,z,-0.3125,0.09061665783399465,0.44224447842677483,0.3516278205927802,0.04000015580667526,0.163674380721008
2003,1.0,20dB_nominal_difference,imag,dressed_linear_chi,REJECTED_PHYSICAL,XZ,y,-0.0625,x,-0.1875,z,-0.3125,0.10255800251012556,0.49442391170958444,0.39186590919945885,0.04000015580667526,0.163674380721008
2003,1.0,20dB_nominal_difference,imag,dressed_linear_chi,REJECTED_PHYSICAL,XZ,y,-0.0625,x,-0.0625,z,-0.3125,0.10686540387131938,0.5034488354414662,0.39658343157014686,0.04000015580667526,0.163674380721008
2003,1.0,20dB_nominal_difference,imag,dressed_linear_chi,REJECTED_PHYSICAL,XZ,y,-0.0625,x,0.0625,z,-0.3125,0.10149597782682143,0.4772135428000181,0.37571756497319664,0.04000015580667526,0.163674380721008
2003,1.0,20dB_nominal_difference,imag,dressed_linear_chi,REJECTED_PHYSICAL,XZ,y,-0.0625,x,0.1875,z,-0.3125,0.08763754408000403,0.4257042352204495,0.33806669114044546,0.04000015580667526,0.163674380721008
2003,1.0,20dB_nominal_difference,imag,dressed_linear_chi,REJECTED_PHYSICAL,XZ,y,-0.0625,x,0.3125,z,-0.3125,0.07032323597029262,0.35841695073540875,0.28809371476511614,0.04000015580667526,0.163674380721008
2003,1.0,20dB_nominal_difference,imag,dressed_linear_chi,REJECTED_PHYSICAL,XZ,y,-0.0625,x,0.4375,z,-0.3125,0.05555591623992474,0.2821584238329374,0.22660250759301265,0.04000015580667526,0.163674380721008
2003,1.0,20dB_nominal_difference,imag,dressed_linear_chi,REJECTED_PHYSICAL,XZ,y,-0.0625,x,0.5625,z,-0.3125,0.04635332669642458,0.199498394814298,0.15314506811787343,0.04000015580667526,0.163674380721008
2003,1.0,20dB_nominal_difference,imag,dressed_linear_chi,REJECTED_PHYSICAL,XZ,y,-0.0625,x,0.6875,z,-0.3125,0.042052654777351046,0.10522511005988983,0.06317245528253879,0.04000015580667526,0.163674380721008
2003,1.0,20dB_nominal_difference,imag,dressed_linear_chi,REJECTED_PHYSICAL,XZ,y,-0.0625,x,-0.6875,z,-0.1875,0.05687032824262196,0.048926402768156685,-0.007943925474465277,0.04000015580667526,0.163674380721008
2003,1.0,20dB_nominal_difference,imag,dressed_linear_chi,REJECTED_PHYSICAL,XZ,y,-0.0625,x,-0.5625,z,-0.1875,0.07407196069512947,0.22956302585206448,0.155491065156935,0.04000015580667526,0.163674380721008
2003,1.0,20dB_nominal_difference,imag,dressed_linear_chi,REJECTED_PHYSICAL,XZ,y,-0.0625,x,-0.4375,z,-0.1875,0.09537474528183924,0.3799964872541402,0.28462174197230095,0.04000015580667526,0.163674380721008
2003,1.0,20dB_nominal_difference,imag,dressed_linear_chi,REJECTED_PHYSICAL,XZ,y,-0.0625,x,-0.3125,z,-0.1875,0.1137479120362945,0.485233403869797,0.37148549183350255,0.04000015580667526,0.163674380721008
2003,1.0,20dB_nominal_difference,imag,dressed_linear_chi,REJECTED_PHYSICAL,XZ,y,-0.0625,x,-0.1875,z,-0.1875,0.12273581252557511,0.5423825261853474,0.41964671365977235,0.04000015580667526,0.163674380721008
2003,1.0,20dB_nominal_difference,imag,dressed_linear_chi,REJECTED_PHYSICAL,XZ,y,-0.0625,x,-0.0625,z,-0.1875,0.12039390610244413,0.554313586484529,0.43391968038208484,0.04000015580667526,0.163674380721008
2003,1.0,20dB_nominal_difference,imag,dressed_linear_chi,REJECTED_PHYSICAL,XZ,y,-0.0625,x,0.0625,z,-0.1875,0.10848567352746008,0.5278104153195097,0.4193247417920496,0.04000015580667526,0.163674380721008
2003,1.0,20dB_nominal_difference,imag,dressed_linear_chi,REJECTED_PHYSICAL,XZ,y,-0.0625,x,0.1875,z,-0.1875,0.09051962970415701,0.47145896398300036,0.38093933427884336,0.04000015580667526,0.163674380721008
2003,1.0,20dB_nominal_difference,imag,dressed_linear_chi,REJECTED_PHYSICAL,XZ,y,-0.0625,x,0.3125,z,-0.1875,0.07135899873717674,0.39370006725083906,0.3223410685136623,0.04000015580667526,0.163674380721008
2003,1.0,20dB_nominal_difference,imag,dressed_linear_chi,REJECTED_PHYSICAL,XZ,y,-0.0625,x,0.4375,z,-0.1875,0.05589750171102202,0.30143387171191716,0.24553637000089512,0.04000015580667526,0.163674380721008
2003,1.0,20dB_nominal_difference,imag,dressed_linear_chi,REJECTED_PHYSICAL,XZ,y,-0.0625,x,0.5625,z,-0.1875,0.04644062754636923,0.19938335962638937,0.15294273208002013,0.04000015580667526,0.163674380721008
2003,1.0,20dB_nominal_difference,imag,dressed_linear_chi,REJECTED_PHYSICAL,XZ,y,-0.0625,x,0.6875,z,-0.1875,0.042061682261814066,0.08767362686433305,0.04561194460251899,0.04000015580667526,0.163674380721008
2003,1.0,20dB_nominal_difference,imag,dressed_linear_chi,REJECTED_PHYSICAL,XZ,y,-0.0625,x,-0.6875,z,-0.0625,0.06749798464259113,0.03852789196040754,-0.02897009268218359,0.04000015580667526,0.163674380721008
2003,1.0,20dB_nominal_difference,imag,dressed_linear_chi,REJECTED_PHYSICAL,XZ,y,-0.0625,x,-0.5625,z,-0.0625,0.0924583346322828,0.22340967074095558,0.13095133610867277,0.04000015580667526,0.163674380721008
2003,1.0,20dB_nominal_difference,imag,dressed_linear_chi,REJECTED_PHYSICAL,XZ,y,-0.0625,x,-0.4375,z,-0.0625,0.12022275489155235,0.3764685290944545,0.2562457742029022,0.04000015580667526,0.163674380721008
2003,1.0,20dB_nominal_difference,imag,dressed_linear_chi,REJECTED_PHYSICAL,XZ,y,-0.0625,x,-0.3125,z,-0.0625,0.13941173146332025,0.4826972700557914,0.34328553859247113,0.04000015580667526,0.163674380721008
2003,1.0,20dB_nominal_difference,imag,dressed_linear_chi,REJECTED_PHYSICAL,XZ,y,-0.0625,x,-0.1875,z,-0.0625,0.14204895694150824,0.5404261304181294,0.39837717347662116,0.04000015580667526,0.163674380721008
2003,1.0,20dB_nominal_difference,imag,dressed_linear_chi,REJECTED_PHYSICAL,XZ,y,-0.0625,x,-0.0625,z,-0.0625,0.1296726376248023,0.5528630146000577,0.4231903769752554,0.04000015580667526,0.163674380721008
2003,1.0,20dB_nominal_difference,imag,dressed_linear_chi,REJECTED_PHYSICAL,XZ,y,-0.0625,x,0.0625,z,-0.0625,0.10968324680704317,0.5263174896374327,0.4166342428303896,0.04000015580667526,0.163674380721008
2003,1.0,20dB_nominal_difference,imag,dressed_linear_chi,REJECTED_PHYSICAL,XZ,y,-0.0625,x,0.1875,z,-0.0625,0.08836681093770062,0.4684199275938087,0.3800531166561081,0.04000015580667526,0.163674380721008
2003,1.0,20dB_nominal_difference,imag,dressed_linear_chi,REJECTED_PHYSICAL,XZ,y,-0.0625,x,0.3125,z,-0.0625,0.0692222961257432,0.3867040819779577,0.3174817858522145,0.04000015580667526,0.163674380721008
2003,1.0,20dB_nominal_difference,imag,dressed_linear_chi,REJECTED_PHYSICAL,XZ,y,-0.0625,x,0.4375,z,-0.0625,0.05466901134123281,0.28785472069200263,0.23318570935076982,0.04000015580667526,0.163674380721008
2003,1.0,20dB_nominal_difference,imag,dressed_linear_chi,REJECTED_PHYSICAL,XZ,y,-0.0625,x,0.5625,z,-0.0625,0.045872837212520334,0.17765258161729774,0.1317797444047774,0.04000015580667526,0.163674380721008
2003,1.0,20dB_nominal_difference,imag,dressed_linear_chi,REJECTED_PHYSICAL,XZ,y,-0.0625,x,0.6875,z,-0.0625,0.0418360047357586,0.0595585788705731,0.017722574134814498,0.04000015580667526,0.163674380721008
2003,1.0,20dB_nominal_difference,imag,dressed_linear_chi,REJECTED_PHYSICAL,XZ,y,-0.0625,x,-0.6875,z,0.0625,0.07352666874344685,0.015377833863097,-0.058148834880349845,0.04000015580667526,0.163674380721008
2003,1.0,20dB_nominal_difference,imag,dressed_linear_chi,REJECTED_PHYSICAL,XZ,y,-0.0625,x,-0.5625,z,0.0625,0.10197653608310518,0.19576487439016,0.09378833830705481,0.04000015580667526,0.163674380721008
2003,1.0,20dB_nominal_difference,imag,dressed_linear_chi,REJECTED_PHYSICAL,XZ,y,-0.0625,x,-0.4375,z,0.0625,0.13158217797302782,0.34282148155613024,0.21123930358310242,0.04000015580667526,0.163674380721008
2003,1.0,20dB_nominal_difference,imag,dressed_linear_chi,REJECTED_PHYSICAL,XZ,y,-0.0625,x,-0.3125,z,0.0625,0.14885459049243033,0.4427457140066747,0.29389112351424435,0.04000015580667526,0.163674380721008
2003,1.0,20dB_nominal_difference,imag,dressed_linear_chi,REJECTED_PHYSICAL,XZ,y,-0.0625,x,-0.1875,z,0.0625,0.14584067406802456,0.4956407235717657,0.3498000495037411,0.04000015580667526,0.163674380721008
2003,1.0,20dB_nominal_difference,imag,dressed_linear_chi,REJECTED_PHYSICAL,XZ,y,-0.0625,x,-0.0625,z,0.0625,0.12710625397589592,0.5056435113131559,0.37853725733725996,0.04000015580667526,0.163674380721008
2003,1.0,20dB_nominal_difference,imag,dressed_linear_chi,REJECTED_PHYSICAL,XZ,y,-0.0625,x,0.0625,z,0.0625,0.10384142445224848,0.4790945842016438,0.3752531597493953,0.04000015580667526,0.163674380721008
2003,1.0,20dB_nominal_difference,imag,dressed_linear_chi,REJECTED_PHYSICAL,XZ,y,-0.0625,x,0.1875,z,0.0625,0.08324132260189218,0.4229328559773199,0.3396915333754277,0.04000015580667526,0.163674380721008
2003,1.0,20dB_nominal_difference,imag,dressed_linear_chi,REJECTED_PHYSICAL,XZ,y,-0.0625,x,0.3125,z,0.0625,0.06642672268290688,0.3436582355244948,0.2772315128415879,0.04000015580667526,0.163674380721008
2003,1.0,20dB_nominal_difference,imag,dressed_linear_chi,REJECTED_PHYSICAL,XZ,y,-0.0625,x,0.4375,z,0.0625,0.05351589426070151,0.2470807744064195,0.193564880145718,0.04000015580667526,0.163674380721008
2003,1.0,20dB_nominal_difference,imag,dressed_linear_chi,REJECTED_PHYSICAL,XZ,y,-0.0625,x,0.5625,z,0.0625,0.045395872884410444,0.13876231835662933,0.0933664454722189,0.04000015580667526,0.163674380721008
2003,1.0,20dB_nominal_difference,imag,dressed_linear_chi,REJECTED_PHYSICAL,XZ,y,-0.0625,x,0.6875,z,0.0625,0.041625311185978495,0.023725091192825863,-0.01790021999315263,0.04000015580667526,0.163674380721008
2003,1.0,20dB_nominal_difference,imag,dressed_linear_chi,REJECTED_PHYSICAL,XZ,y,-0.0625,x,-0.6875,z,0.1875,0.06714423765810743,-0.007677227128247983,-0.0748214647863554,0.04000015580667526,0.163674380721008
2003,1.0,20dB_nominal_difference,imag,dressed_linear_chi,REJECTED_PHYSICAL,XZ,y,-0.0625,x,-0.5625,z,0.1875,0.0895198730425033,0.15832829316601377,0.06880842012351046,0.04000015580667526,0.163674380721008
2003,1.0,20dB_nominal_difference,imag,dressed_linear_chi,REJECTED_PHYSICAL,XZ,y,-0.0625,x,-0.4375,z,0.1875,0.11210075755277904,0.28993023555708275,0.1778294780043037,0.04000015580667526,0.163674380721008
2003,1.0,20dB_nominal_difference,imag,dressed_linear_chi,REJECTED_PHYSICAL,XZ,y,-0.0625,x,-0.3125,z,0.1875,0.12416701168535199,0.375865378833535,0.251698367148183,0.04000015580667526,0.163674380721008
2003,1.0,20dB_nominal_difference,imag,dressed_linear_chi,REJECTED_PHYSICAL,XZ,y,-0.0625,x,-0.1875,z,0.1875,0.12008214277521684,0.41843142550536905,0.2983492827301522,0.04000015580667526,0.163674380721008
2003,1.0,20dB_nominal_difference,imag,dressed_linear_chi,REJECTED_PHYSICAL,XZ,y,-0.0625,x,-0.0625,z,0.1875,0.10479805916046792,0.4231466885466363,0.31834862938616837,0.04000015580667526,0.163674380721008
2003,1.0,20dB_nominal_difference,imag,dressed_linear_chi,REJECTED_PHYSICAL,XZ,y,-0.0625,x,0.0625,z,0.1875,0.08811085263279346,0.39674055561238747,0.308629702979594,0.04000015580667526,0.163674380721008
2003,1.0,20dB_nominal_difference,imag,dressed_linear_chi,REJECTED_PHYSICAL,XZ,y,-0.0625,x,0.1875,z,0.1875,0.07466992176894928,0.3455570272405635,0.2708871054716142,0.04000015580667526,0.163674380721008
2003,1.0,20dB_nominal_difference,imag,dressed_linear_chi,REJECTED_PHYSICAL,XZ,y,-0.0625,x,0.3125,z,0.1875,0.06302444230798135,0.27475162599618624,0.2117271836882049,0.04000015580667526,0.163674380721008
2003,1.0,20dB_nominal_difference,imag,dressed_linear_chi,REJECTED_PHYSICAL,XZ,y,-0.0625,x,0.4375,z,0.1875,0.05250515280157601,0.18844237483579324,0.1359372220342172,0.04000015580667526,0.163674380721008
2003,1.0,20dB_nominal_difference,imag,dressed_linear_chi,REJECTED_PHYSICAL,XZ,y,-0.0625,x,0.5625,z,0.1875,0.04507929266824712,0.09066195417777528,0.045582661509528166,0.04000015580667526,0.163674380721008
2003,1.0,20dB_nominal_difference,imag,dressed_linear_chi,REJECTED_PHYSICAL,XZ,y,-0.0625,x,0.6875,z,0.1875,0.041485366054059905,-0.013788553044359282,-0.05527391909841919,0.04000015580667526,0.163674380721008
2003,1.0,20dB_nominal_difference,imag,dressed_linear_chi,REJECTED_PHYSICAL,XZ,y,-0.0625,x,-0.6875,z,0.3125,0.05390651871214417,-0.021777716147324724,-0.0756842348594689,0.04000015580667526,0.163674380721008
2003,1.0,20dB_nominal_difference,imag,dressed_linear_chi,REJECTED_PHYSICAL,XZ,y,-0.0625,x,-0.5625,z,0.3125,0.0653292034277991,0.11987313737061259,0.05454393394281348,0.04000015580667526,0.163674380721008
2003,1.0,20dB_nominal_difference,imag,dressed_linear_chi,REJECTED_PHYSICAL,XZ,y,-0.0625,x,-0.4375,z,0.3125,0.07677966746806002,0.22704267839371253,0.15026301092565253,0.04000015580667526,0.163674380721008
2003,1.0,20dB_nominal_difference,imag,dressed_linear_chi,REJECTED_PHYSICAL,XZ,y,-0.0625,x,-0.3125,z,0.3125,0.08280014782938795,0.29200390337480503,0.2092037555454171,0.04000015580667526,0.163674380721008
2003,1.0,20dB_nominal_difference,imag,dressed_linear_chi,REJECTED_PHYSICAL,XZ,y,-0.0625,x,-0.1875,z,0.3125,0.08084317684974168,0.3194580562881146,0.2386148794383729,0.04000015580667526,0.163674380721008
2003,1.0,20dB_nominal_difference,imag,dressed_linear_chi,REJECTED_PHYSICAL,XZ,y,-0.0625,x,-0.0625,z,0.3125,0.07416613181928422,0.3166421582078537,0.24247602638856947,0.04000015580667526,0.163674380721008
2003,1.0,20dB_nominal_difference,imag,dressed_linear_chi,REJECTED_PHYSICAL,XZ,y,-0.0625,x,0.0625,z,0.3125,0.06806018785379539,0.290921471752502,0.2228612838987066,0.04000015580667526,0.163674380721008
2003,1.0,20dB_nominal_difference,imag,dressed_linear_chi,REJECTED_PHYSICAL,XZ,y,-0.0625,x,0.1875,z,0.3125,0.06350758778749918,0.24802209193389138,0.1845145041463922,0.04000015580667526,0.163674380721008
2003,1.0,20dB_nominal_difference,imag,dressed_linear_chi,REJECTED_PHYSICAL,XZ,y,-0.0625,x,0.3125,z,0.3125,0.05769976776649599,0.1913399408183012,0.1336401730518052,0.04000015580667526,0.163674380721008
2003,1.0,20dB_nominal_difference,imag,dressed_linear_chi,REJECTED_PHYSICAL,XZ,y,-0.0625,x,0.4375,z,0.3125,0.05031116758476582,0.12240378132914626,0.07209261374438043,0.04000015580667526,0.163674380721008
2003,1.0,20dB_nominal_difference,imag,dressed_linear_chi,REJECTED_PHYSICAL,XZ,y,-0.0625,x,0.5625,z,0.3125,0.04429057995577233,0.04232181371528322,-0.0019687662404891115,0.04000015580667526,0.163674380721008
2003,1.0,20dB_nominal_difference,imag,dressed_linear_chi,REJECTED_PHYSICAL,XZ,y,-0.0625,x,0.6875,z,0.3125,0.041239463134287634,-0.046317605058546145,-0.08755706819283378,0.04000015580667526,0.163674380721008
2003,1.0,20dB_nominal_difference,imag,dressed_linear_chi,REJECTED_PHYSICAL,XZ,y,-0.0625,x,-0.6875,z,0.4375,0.044500975721786656,-0.023372803573294083,-0.06787377929508073,0.04000015580667526,0.163674380721008
2003,1.0,20dB_nominal_difference,imag,dressed_linear_chi,REJECTED_PHYSICAL,XZ,y,-0.0625,x,-0.5625,z,0.4375,0.048269707702681894,0.08478568548202413,0.036515977779342235,0.04000015580667526,0.163674380721008
2003,1.0,20dB_nominal_difference,imag,dressed_linear_chi,REJECTED_PHYSICAL,XZ,y,-0.0625,x,-0.4375,z,0.4375,0.052096693395578195,0.16021140092942174,0.10811470753384354,0.04000015580667526,0.163674380721008
2003,1.0,20dB_nominal_difference,imag,dressed_linear_chi,REJECTED_PHYSICAL,XZ,y,-0.0625,x,-0.3125,z,0.4375,0.05421312105519292,0.1986638670228389,0.14445074596764595,0.04000015580667526,0.163674380721008
2003,1.0,20dB_nominal_difference,imag,dressed_linear_chi,REJECTED_PHYSICAL,XZ,y,-0.0625,x,-0.1875,z,0.4375,0.053976505744027424,0.20735354923705862,0.1533770434930312,0.04000015580667526,0.163674380721008
2003,1.0,20dB_nominal_difference,imag,dressed_linear_chi,REJECTED_PHYSICAL,XZ,y,-0.0625,x,-0.0625,z,0.4375,0.052901713255917505,0.19560679100886763,0.14270507775295013,0.04000015580667526,0.163674380721008
2003,1.0,20dB_nominal_difference,imag,dressed_linear_chi,REJECTED_PHYSICAL,XZ,y,-0.0625,x,0.0625,z,0.4375,0.052833162430101395,0.17163146843887783,0.11879830600877644,0.04000015580667526,0.163674380721008
2003,1.0,20dB_nominal_difference,imag,dressed_linear_chi,REJECTED_PHYSICAL,XZ,y,-0.0625,x,0.1875,z,0.4375,0.05298666431148315,0.14045481840512322,0.08746815409364007,0.04000015580667526,0.163674380721008
2003,1.0,20dB_nominal_difference,imag,dressed_linear_chi,REJECTED_PHYSICAL,XZ,y,-0.0625,x,0.3125,z,0.4375,0.050928911120852655,0.10328810476088862,0.05235919364003597,0.04000015580667526,0.163674380721008
2003,1.0,20dB_nominal_difference,imag,dressed_linear_chi,REJECTED_PHYSICAL,XZ,y,-0.0625,x,0.4375,z,0.4375,0.04669643813224138,0.05818986225152885,0.011493424119287471,0.04000015580667526,0.163674380721008
2003,1.0,20dB_nominal_difference,imag,dressed_linear_chi,REJECTED_PHYSICAL,XZ,y,-0.0625,x,0.5625,z,0.4375,0.042835424120290524,0.0017378448985939793,-0.041097579221696545,0.04000015580667526,0.163674380721008
2003,1.0,20dB_nominal_difference,imag,dressed_linear_chi,REJECTED_PHYSICAL,XZ,y,-0.0625,x,0.6875,z,0.4375,0.04081643421012246,-0.06848676552950439,-0.10930319973962685,0.04000015580667526,0.163674380721008
2003,1.0,20dB_nominal_difference,imag,dressed_linear_chi,REJECTED_PHYSICAL,XZ,y,-0.0625,x,-0.6875,z,0.5625,0.04096100551460784,-0.015237705408863496,-0.05619871092347133,0.04000015580667526,0.163674380721008
2003,1.0,20dB_nominal_difference,imag,dressed_linear_chi,REJECTED_PHYSICAL,XZ,y,-0.0625,x,-0.5625,z,0.5625,0.04180528841383625,0.05310229029488465,0.011297001881048395,0.04000015580667526,0.163674380721008
2003,1.0,20dB_nominal_difference,imag,dressed_linear_chi,REJECTED_PHYSICAL,XZ,y,-0.0625,x,-0.4375,z,0.5625,0.04269270665803189,0.0923452828147482,0.04965257615671631,0.04000015580667526,0.163674380721008
2003,1.0,20dB_nominal_difference,imag,dressed_linear_chi,REJECTED_PHYSICAL,XZ,y,-0.0625,x,-0.3125,z,0.5625,0.04324688563696843,0.10029613416144037,0.05704924852447194,0.04000015580667526,0.163674380721008
2003,1.0,20dB_nominal_difference,imag,dressed_linear_chi,REJECTED_PHYSICAL,XZ,y,-0.0625,x,-0.1875,z,0.5625,0.043422648525272556,0.08756051859166863,0.04413787006639608,0.04000015580667526,0.163674380721008
2003,1.0,20dB_nominal_difference,imag,dressed_linear_chi,REJECTED_PHYSICAL,XZ,y,-0.0625,x,-0.0625,z,0.5625,0.04377263759328565,0.06616399348492806,0.022391355891642407,0.04000015580667526,0.163674380721008
2003,1.0,20dB_nominal_difference,imag,dressed_linear_chi,REJECTED_PHYSICAL,XZ,y,-0.0625,x,0.0625,z,0.5625,0.044748319910175055,0.04533296832686539,0.0005846484166903351,0.04000015580667526,0.163674380721008
2003,1.0,20dB_nominal_difference,imag,dressed_linear_chi,REJECTED_PHYSICAL,XZ,y,-0.0625,x,0.1875,z,0.5625,0.045610085812071065,0.029302985885921416,-0.01630709992614965,0.04000015580667526,0.163674380721008
2003,1.0,20dB_nominal_difference,imag,dressed_linear_chi,REJECTED_PHYSICAL,XZ,y,-0.0625,x,0.3125,z,0.5625,0.04505851249574622,0.016823386539460965,-0.028235125956285252,0.04000015580667526,0.163674380721008
2003,1.0,20dB_nominal_difference,imag,dressed_linear_chi,REJECTED_PHYSICAL,XZ,y,-0.0625,x,0.4375,z,0.5625,0.04318510973649635,0.001978335200656267,-0.04120677453584008,0.04000015580667526,0.163674380721008
2003,1.0,20dB_nominal_difference,imag,dressed_linear_chi,REJECTED_PHYSICAL,XZ,y,-0.0625,x,0.5625,z,0.5625,0.04136102396334508,-0.02463387336641374,-0.06599489732975883,0.04000015580667526,0.163674380721008
2003,1.0,20dB_nominal_difference,imag,dressed_linear_chi,REJECTED_PHYSICAL,XZ,y,-0.0625,x,0.6875,z,0.5625,0.04039155072071468,-0.0760128386071062,-0.11640438932782088,0.04000015580667526,0.163674380721008
2003,1.0,20dB_nominal_difference,imag,dressed_linear_chi,REJECTED_PHYSICAL,XZ,y,-0.0625,x,-0.6875,z,0.6875,0.040151040240932384,-0.017398892605155522,-0.057549932846087906,0.04000015580667526,0.163674380721008
2003,1.0,20dB_nominal_difference,imag,dressed_linear_chi,REJECTED_PHYSICAL,XZ,y,-0.0625,x,-0.5625,z,0.6875,0.04029475423801019,0.019808802683758158,-0.020485951554252032,0.04000015580667526,0.163674380721008
2003,1.0,20dB_nominal_difference,imag,dressed_linear_chi,REJECTED_PHYSICAL,XZ,y,-0.0625,x,-0.4375,z,0.6875,0.04045410025203013,0.02276234365811283,-0.017691756593917304,0.04000015580667526,0.163674380721008
2003,1.0,20dB_nominal_difference,imag,dressed_linear_chi,REJECTED_PHYSICAL,XZ,y,-0.0625,x,-0.3125,z,0.6875,0.04057196991487958,-0.001639289150179496,-0.04221125906505908,0.04000015580667526,0.163674380721008
2003,1.0,20dB_nominal_difference,imag,dressed_linear_chi,REJECTED_PHYSICAL,XZ,y,-0.0625,x,-0.1875,z,0.6875,0.04067276101489203,-0.03667349131155912,-0.07734625232645115,0.04000015580667526,0.163674380721008
2003,1.0,20dB_nominal_difference,imag,dressed_linear_chi,REJECTED_PHYSICAL,XZ,y,-0.0625,x,-0.0625,z,0.6875,0.040917716302072485,-0.06718716945038641,-0.1081048857524589,0.04000015580667526,0.163674380721008
2003,1.0,20dB_nominal_difference,imag,dressed_linear_chi,REJECTED_PHYSICAL,XZ,y,-0.0625,x,0.0625,z,0.6875,0.041395169046768814,-0.08290117695942237,-0.12429634600619119,0.04000015580667526,0.163674380721008
2003,1.0,20dB_nominal_difference,imag,dressed_linear_chi,REJECTED_PHYSICAL,XZ,y,-0.0625,x,0.1875,z,0.6875,0.04180184258442024,-0.08033092554187393,-0.12213276812629417,0.04000015580667526,0.163674380721008
2003,1.0,20dB_nominal_difference,imag,dressed_linear_chi,REJECTED_PHYSICAL,XZ,y,-0.0625,x,0.3125,z,0.6875,0.04167977193876244,-0.06299788859629266,-0.10467766053505509,0.04000015580667526,0.163674380721008
2003,1.0,20dB_nominal_difference,imag,dressed_linear_chi,REJECTED_PHYSICAL,XZ,y,-0.0625,x,0.4375,z,0.6875,0.04107070651421806,-0.04013208488941008,-0.08120279140362814,0.04000015580667526,0.163674380721008
2003,1.0,20dB_nominal_difference,imag,dressed_linear_chi,REJECTED_PHYSICAL,XZ,y,-0.0625,x,0.5625,z,0.6875,0.04045933782440102,-0.025298549628376722,-0.06575788745277775,0.04000015580667526,0.163674380721008
2003,1.0,20dB_nominal_difference,imag,dressed_linear_chi,REJECTED_PHYSICAL,XZ,y,-0.0625,x,0.6875,z,0.6875,0.040132083546331514,-0.04700804283618249,-0.087140126382514,0.04000015580667526,0.163674380721008
2003,1.0,20dB_nominal_difference,imag,dressed_linear_chi,REJECTED_PHYSICAL,YZ,x,-0.0625,y,-0.6875,z,-0.6875,0.0400885798665571,-0.07624885221212624,-0.11633743207868334,0.04000015580667526,0.163674380721008
2003,1.0,20dB_nominal_difference,imag,dressed_linear_chi,REJECTED_PHYSICAL,YZ,x,-0.0625,y,-0.5625,z,-0.6875,0.040392708708328735,-0.04645246153117057,-0.08684517023949931,0.04000015580667526,0.163674380721008
2003,1.0,20dB_nominal_difference,imag,dressed_linear_chi,REJECTED_PHYSICAL,YZ,x,-0.0625,y,-0.4375,z,-0.6875,0.04138542391107082,-0.03086642900886035,-0.07225185291993116,0.04000015580667526,0.163674380721008
2003,1.0,20dB_nominal_difference,imag,dressed_linear_chi,REJECTED_PHYSICAL,YZ,x,-0.0625,y,-0.3125,z,-0.6875,0.043905383967167984,-0.004843698181966859,-0.04874908214913484,0.04000015580667526,0.163674380721008
2003,1.0,20dB_nominal_difference,imag,dressed_linear_chi,REJECTED_PHYSICAL,YZ,x,-0.0625,y,-0.1875,z,-0.6875,0.048811169745522034,0.03767011683243854,-0.011141052913083496,0.04000015580667526,0.163674380721008
2003,1.0,20dB_nominal_difference,imag,dressed_linear_chi,REJECTED_PHYSICAL,YZ,x,-0.0625,y,-0.0625,z,-0.6875,0.05580939135375661,0.0895077585802946,0.03369836722653799,0.04000015580667526,0.163674380721008
2003,1.0,20dB_nominal_difference,imag,dressed_linear_chi,REJECTED_PHYSICAL,YZ,x,-0.0625,y,0.0625,z,-0.6875,0.062237193711306156,0.135344124138452,0.07310693042714586,0.04000015580667526,0.163674380721008
2003,1.0,20dB_nominal_difference,imag,dressed_linear_chi,REJECTED_PHYSICAL,YZ,x,-0.0625,y,0.1875,z,-0.6875,0.06419722829750482,0.15753118053789658,0.09333395224039176,0.04000015580667526,0.163674380721008
2003,1.0,20dB_nominal_difference,imag,dressed_linear_chi,REJECTED_PHYSICAL,YZ,x,-0.0625,y,0.3125,z,-0.6875,0.06032742439163687,0.14270050186139302,0.08237307746975614,0.04000015580667526,0.163674380721008
2003,1.0,20dB_nominal_difference,imag,dressed_linear_chi,REJECTED_PHYSICAL,YZ,x,-0.0625,y,0.4375,z,-0.6875,0.053326305018963426,0.08845495694429098,0.035128651925327554,0.04000015580667526,0.163674380721008
2003,1.0,20dB_nominal_difference,imag,dressed_linear_chi,REJECTED_PHYSICAL,YZ,x,-0.0625,y,0.5625,z,-0.6875,0.04692209782974381,0.011236474696996318,-0.03568562313274749,0.04000015580667526,0.163674380721008
2003,1.0,20dB_nominal_difference,imag,dressed_linear_chi,REJECTED_PHYSICAL,YZ,x,-0.0625,y,0.6875,z,-0.6875,0.042874727309375485,-0.030211406066632827,-0.0730861333760083,0.04000015580667526,0.163674380721008
2003,1.0,20dB_nominal_difference,imag,dressed_linear_chi,REJECTED_PHYSICAL,YZ,x,-0.0625,y,-0.6875,z,-0.5625,0.040170628487450774,0.0623562302763275,0.022185601788876727,0.04000015580667526,0.163674380721008
2003,1.0,20dB_nominal_difference,imag,dressed_linear_chi,REJECTED_PHYSICAL,YZ,x,-0.0625,y,-0.5625,z,-0.5625,0.04074527232474936,0.07357919271328514,0.03283392038853578,0.04000015580667526,0.163674380721008
2003,1.0,20dB_nominal_difference,imag,dressed_linear_chi,REJECTED_PHYSICAL,YZ,x,-0.0625,y,-0.4375,z,-0.5625,0.042616918388564226,0.10087055823173692,0.058253639843172694,0.04000015580667526,0.163674380721008
2003,1.0,20dB_nominal_difference,imag,dressed_linear_chi,REJECTED_PHYSICAL,YZ,x,-0.0625,y,-0.3125,z,-0.5625,0.047410214843383404,0.14310643703068365,0.09569622218730026,0.04000015580667526,0.163674380721008
2003,1.0,20dB_nominal_difference,imag,dressed_linear_chi,REJECTED_PHYSICAL,YZ,x,-0.0625,y,-0.1875,z,-0.5625,0.05692654342724183,0.19828420730391866,0.14135766387667684,0.04000015580667526,0.163674380721008
2003,1.0,20dB_nominal_difference,imag,dressed_linear_chi,REJECTED_PHYSICAL,YZ,x,-0.0625,y,-0.0625,z,-0.5625,0.07084440738469061,0.25645452048886697,0.18561011310417636,0.04000015580667526,0.163674380721008
2003,1.0,20dB_nominal_difference,imag,dressed_linear_chi,REJECTED_PHYSICAL,YZ,x,-0.0625,y,0.0625,z,-0.5625,0.08387908540513626,0.3016777983860597,0.2177987129809234,0.04000015580667526,0.163674380721008
2003,1.0,20dB_nominal_difference,imag,dressed_linear_chi,REJECTED_PHYSICAL,YZ,x,-0.0625,y,0.1875,z,-0.5625,0.08781616330849716,0.317037126108434,0.2292209627999368,0.04000015580667526,0.163674380721008
2003,1.0,20dB_nominal_difference,imag,dressed_linear_chi,REJECTED_PHYSICAL,YZ,x,-0.0625,y,0.3125,z,-0.5625,0.07979562551054037,0.2905814805637522,0.21078585505321185,0.04000015580667526,0.163674380721008
2003,1.0,20dB_nominal_difference,imag,dressed_linear_chi,REJECTED_PHYSICAL,YZ,x,-0.0625,y,0.4375,z,-0.5625,0.06567635456142985,0.22047887386230067,0.1548025193008708,0.04000015580667526,0.163674380721008
2003,1.0,20dB_nominal_difference,imag,dressed_linear_chi,REJECTED_PHYSICAL,YZ,x,-0.0625,y,0.5625,z,-0.5625,0.05312772094212997,0.11700138913477412,0.06387366819264415,0.04000015580667526,0.163674380721008
2003,1.0,20dB_nominal_difference,imag,dressed_linear_chi,REJECTED_PHYSICAL,YZ,x,-0.0625,y,0.6875,z,-0.5625,0.04539301436754777,-0.0017294921041803649,-0.04712250647172814,0.04000015580667526,0.163674380721008
2003,1.0,20dB_nominal_difference,imag,dressed_linear_chi,REJECTED_PHYSICAL,YZ,x,-0.0625,y,-0.6875,z,-0.4375,0.0403210666434415,0.1436183704089908,0.10329730376554931,0.04000015580667526,0.163674380721008
2003,1.0,20dB_nominal_difference,imag,dressed_linear_chi,REJECTED_PHYSICAL,YZ,x,-0.0625,y,-0.5625,z,-0.4375,0.04127059178625087,0.1734214817273818,0.13215088994113094,0.04000015580667526,0.163674380721008
2003,1.0,20dB_nominal_difference,imag,dressed_linear_chi,REJECTED_PHYSICAL,YZ,x,-0.0625,y,-0.4375,z,-0.4375,0.0442240297815898,0.21673773669753527,0.17251370691594548,0.04000015580667526,0.163674380721008
2003,1.0,20dB_nominal_difference,imag,dressed_linear_chi,REJECTED_PHYSICAL,YZ,x,-0.0625,y,-0.3125,z,-0.4375,0.05170921367746155,0.2734983507638989,0.22178913708643733,0.04000015580667526,0.163674380721008
2003,1.0,20dB_nominal_difference,imag,dressed_linear_chi,REJECTED_PHYSICAL,YZ,x,-0.0625,y,-0.1875,z,-0.4375,0.06680125573969851,0.3387353704320384,0.27193411469233986,0.04000015580667526,0.163674380721008
2003,1.0,20dB_nominal_difference,imag,dressed_linear_chi,REJECTED_PHYSICAL,YZ,x,-0.0625,y,-0.0625,z,-0.4375,0.08947757634277925,0.40082695028534254,0.3113493739425633,0.04000015580667526,0.163674380721008
2003,1.0,20dB_nominal_difference,imag,dressed_linear_chi,REJECTED_PHYSICAL,YZ,x,-0.0625,y,0.0625,z,-0.4375,0.11116832492160542,0.44358760461590685,0.3324192796943014,0.04000015580667526,0.163674380721008
2003,1.0,20dB_nominal_difference,imag,dressed_linear_chi,REJECTED_PHYSICAL,YZ,x,-0.0625,y,0.1875,z,-0.4375,0.1175949106481162,0.45081848927548307,0.33322357862736685,0.04000015580667526,0.163674380721008
2003,1.0,20dB_nominal_difference,imag,dressed_linear_chi,REJECTED_PHYSICAL,YZ,x,-0.0625,y,0.3125,z,-0.4375,0.10380979779906171,0.4114958260889084,0.3076860282898467,0.04000015580667526,0.163674380721008
2003,1.0,20dB_nominal_difference,imag,dressed_linear_chi,REJECTED_PHYSICAL,YZ,x,-0.0625,y,0.4375,z,-0.4375,0.08034359383291192,0.3236120899249617,0.24326849609204979,0.04000015580667526,0.163674380721008
2003,1.0,20dB_nominal_difference,imag,dressed_linear_chi,REJECTED_PHYSICAL,YZ,x,-0.0625,y,0.5625,z,-0.4375,0.06020755025539697,0.19440063760175635,0.13419308734635937,0.04000015580667526,0.163674380721008
2003,1.0,20dB_nominal_difference,imag,dressed_linear_chi,REJECTED_PHYSICAL,YZ,x,-0.0625,y,0.6875,z,-0.4375,0.048184481961201564,0.03838768476744629,-0.009796797193755272,0.04000015580667526,0.163674380721008
2003,1.0,20dB_nominal_difference,imag,dressed_linear_chi,REJECTED_PHYSICAL,YZ,x,-0.0625,y,-0.6875,z,-0.3125,0.04081997123690277,0.1767208122909884,0.13590084105408562,0.04000015580667526,0.163674380721008
2003,1.0,20dB_nominal_difference,imag,dressed_linear_chi,REJECTED_PHYSICAL,YZ,x,-0.0625,y,-0.5625,z,-0.3125,0.042543627999619006,0.23215540546332655,0.18961177746370755,0.04000015580667526,0.163674380721008
2003,1.0,20dB_nominal_difference,imag,dressed_linear_chi,REJECTED_PHYSICAL,YZ,x,-0.0625,y,-0.4375,z,-0.3125,0.046965506810236105,0.2944579331819142,0.24749242637167812,0.04000015580667526,0.163674380721008
2003,1.0,20dB_nominal_difference,imag,dressed_linear_chi,REJECTED_PHYSICAL,YZ,x,-0.0625,y,-0.3125,z,-0.3125,0.05705077221207445,0.3651943889458008,0.30814361673372637,0.04000015580667526,0.163674380721008
2003,1.0,20dB_nominal_difference,imag,dressed_linear_chi,REJECTED_PHYSICAL,YZ,x,-0.0625,y,-0.1875,z,-0.3125,0.07680931890807433,0.4388626078347804,0.3620532889267061,0.04000015580667526,0.163674380721008
2003,1.0,20dB_nominal_difference,imag,dressed_linear_chi,REJECTED_PHYSICAL,YZ,x,-0.0625,y,-0.0625,z,-0.3125,0.10686540387131938,0.5034488354414662,0.39658343157014686,0.04000015580667526,0.163674380721008
2003,1.0,20dB_nominal_difference,imag,dressed_linear_chi,REJECTED_PHYSICAL,YZ,x,-0.0625,y,0.0625,z,-0.3125,0.1360366401617101,0.5431740619915557,0.4071374218298456,0.04000015580667526,0.163674380721008
2003,1.0,20dB_nominal_difference,imag,dressed_linear_chi,REJECTED_PHYSICAL,YZ,x,-0.0625,y,0.1875,z,-0.3125,0.14418083179082725,0.5429336888776805,0.3987528570868532,0.04000015580667526,0.163674380721008
2003,1.0,20dB_nominal_difference,imag,dressed_linear_chi,REJECTED_PHYSICAL,YZ,x,-0.0625,y,0.3125,z,-0.3125,0.12437206240795604,0.493004050817367,0.3686319884094109,0.04000015580667526,0.163674380721008
2003,1.0,20dB_nominal_difference,imag,dressed_linear_chi,REJECTED_PHYSICAL,YZ,x,-0.0625,y,0.4375,z,-0.3125,0.09211896083015003,0.39233568332512236,0.30021672249497233,0.04000015580667526,0.163674380721008
2003,1.0,20dB_nominal_difference,imag,dressed_linear_chi,REJECTED_PHYSICAL,YZ,x,-0.0625,y,0.5625,z,-0.3125,0.06551470358851559,0.24899612473770977,0.1834814211491942,0.04000015580667526,0.163674380721008
2003,1.0,20dB_nominal_difference,imag,dressed_linear_chi,REJECTED_PHYSICAL,YZ,x,-0.0625,y,0.6875,z,-0.3125,0.050183971511905345,0.07848338549634717,0.02829941398444183,0.04000015580667526,0.163674380721008
2003,1.0,20dB_nominal_difference,imag,dressed_linear_chi,REJECTED_PHYSICAL,YZ,x,-0.0625,y,-0.6875,z,-0.1875,0.04245038018059315,0.17390851382212896,0.1314581336415358,0.04000015580667526,0.163674380721008
2003,1.0,20dB_nominal_difference,imag,dressed_linear_chi,REJECTED_PHYSICAL,YZ,x,-0.0625,y,-0.5625,z,-0.1875,0.04633004627475746,0.2506614931738834,0.20433144689912597,0.04000015580667526,0.163674380721008
2003,1.0,20dB_nominal_difference,imag,dressed_linear_chi,REJECTED_PHYSICAL,YZ,x,-0.0625,y,-0.4375,z,-0.1875,0.05380759163315176,0.32875517504250534,0.2749475834093536,0.04000015580667526,0.163674380721008
2003,1.0,20dB_nominal_difference,imag,dressed_linear_chi,REJECTED_PHYSICAL,YZ,x,-0.0625,y,-0.3125,z,-0.1875,0.06685572536930243,0.410178124842619,0.34332239947331655,0.04000015580667526,0.163674380721008
2003,1.0,20dB_nominal_difference,imag,dressed_linear_chi,REJECTED_PHYSICAL,YZ,x,-0.0625,y,-0.1875,z,-0.1875,0.0886852444406132,0.4892720476222818,0.4005868031816686,0.04000015580667526,0.163674380721008
2003,1.0,20dB_nominal_difference,imag,dressed_linear_chi,REJECTED_PHYSICAL,YZ,x,-0.0625,y,-0.0625,z,-0.1875,0.12039390610244413,0.554313586484529,0.43391968038208484,0.04000015580667526,0.163674380721008
2003,1.0,20dB_nominal_difference,imag,dressed_linear_chi,REJECTED_PHYSICAL,YZ,x,-0.0625,y,0.0625,z,-0.1875,0.1508139800461137,0.5905224002789194,0.43970842023280576,0.04000015580667526,0.163674380721008
2003,1.0,20dB_nominal_difference,imag,dressed_linear_chi,REJECTED_PHYSICAL,YZ,x,-0.0625,y,0.1875,z,-0.1875,0.1577288162033272,0.5843879496942695,0.4266591334909423,0.04000015580667526,0.163674380721008
2003,1.0,20dB_nominal_difference,imag,dressed_linear_chi,REJECTED_PHYSICAL,YZ,x,-0.0625,y,0.3125,z,-0.1875,0.13357933742180905,0.5280230572412872,0.3944437198194781,0.04000015580667526,0.163674380721008
2003,1.0,20dB_nominal_difference,imag,dressed_linear_chi,REJECTED_PHYSICAL,YZ,x,-0.0625,y,0.4375,z,-0.1875,0.09670095227771938,0.422134694937653,0.32543374265993363,0.04000015580667526,0.163674380721008
2003,1.0,20dB_nominal_difference,imag,dressed_linear_chi,REJECTED_PHYSICAL,YZ,x,-0.0625,y,0.5625,z,-0.1875,0.06738956040364796,0.27655914229697587,0.2091695818933279,0.04000015580667526,0.163674380721008
2003,1.0,20dB_nominal_difference,imag,dressed_linear_chi,REJECTED_PHYSICAL,YZ,x,-0.0625,y,0.6875,z,-0.1875,0.05092570602853473,0.10661982071303427,0.05569411468449954,0.04000015580667526,0.163674380721008
2003,1.0,20dB_nominal_difference,imag,dressed_linear_chi,REJECTED_PHYSICAL,YZ,x,-0.0625,y,-0.6875,z,-0.0625,0.04552669117604515,0.14775155492950862,0.10222486375346346,0.04000015580667526,0.163674380721008
2003,1.0,20dB_nominal_difference,imag,dressed_linear_chi,REJECTED_PHYSICAL,YZ,x,-0.0625,y,-0.5625,z,-0.0625,0.05337272512675944,0.2368557748424047,0.18348304971564525,0.04000015580667526,0.163674380721008
2003,1.0,20dB_nominal_difference,imag,dressed_linear_chi,REJECTED_PHYSICAL,YZ,x,-0.0625,y,-0.4375,z,-0.0625,0.06611054116039423,0.3236638377730149,0.25755329661262066,0.04000015580667526,0.163674380721008
2003,1.0,20dB_nominal_difference,imag,dressed_linear_chi,REJECTED_PHYSICAL,YZ,x,-0.0625,y,-0.3125,z,-0.0625,0.08296185958806848,0.4100138489663406,0.32705198937827207,0.04000015580667526,0.163674380721008
2003,1.0,20dB_nominal_difference,imag,dressed_linear_chi,REJECTED_PHYSICAL,YZ,x,-0.0625,y,-0.1875,z,-0.0625,0.10388043199886729,0.49010978242336434,0.386229350424497,0.04000015580667526,0.163674380721008
2003,1.0,20dB_nominal_difference,imag,dressed_linear_chi,REJECTED_PHYSICAL,YZ,x,-0.0625,y,-0.0625,z,-0.0625,0.1296726376248023,0.5528630146000577,0.4231903769752554,0.04000015580667526,0.163674380721008
2003,1.0,20dB_nominal_difference,imag,dressed_linear_chi,REJECTED_PHYSICAL,YZ,x,-0.0625,y,0.0625,z,-0.0625,0.15276659508822296,0.5849098812116799,0.43214328612345687,0.04000015580667526,0.163674380721008
2003,1.0,20dB_nominal_difference,imag,dressed_linear_chi,REJECTED_PHYSICAL,YZ,x,-0.0625,y,0.1875,z,-0.0625,0.15505336276937054,0.5747230805123692,0.41966971774299866,0.04000015580667526,0.163674380721008
2003,1.0,20dB_nominal_difference,imag,dressed_linear_chi,REJECTED_PHYSICAL,YZ,x,-0.0625,y,0.3125,z,-0.0625,0.13024674790657753,0.5165872750075428,0.3863405271009652,0.04000015580667526,0.163674380721008
2003,1.0,20dB_nominal_difference,imag,dressed_linear_chi,REJECTED_PHYSICAL,YZ,x,-0.0625,y,0.4375,z,-0.0625,0.09505083051922082,0.4131839421151355,0.3181331115959147,0.04000015580667526,0.163674380721008
2003,1.0,20dB_nominal_difference,imag,dressed_linear_chi,REJECTED_PHYSICAL,YZ,x,-0.0625,y,0.5625,z,-0.0625,0.0673760067132258,0.2758931629375586,0.2085171562243328,0.04000015580667526,0.163674380721008
2003,1.0,20dB_nominal_difference,imag,dressed_linear_chi,REJECTED_PHYSICAL,YZ,x,-0.0625,y,0.6875,z,-0.0625,0.05145596596372576,0.11888346509488959,0.06742749913116383,0.04000015580667526,0.163674380721008
2003,1.0,20dB_nominal_difference,imag,dressed_linear_chi,REJECTED_PHYSICAL,YZ,x,-0.0625,y,-0.6875,z,0.0625,0.047858451903802855,0.10991387538366704,0.06205542347986418,0.04000015580667526,0.163674380721008
2003,1.0,20dB_nominal_difference,imag,dressed_linear_chi,REJECTED_PHYSICAL,YZ,x,-0.0625,y,-0.5625,z,0.0625,0.05863431757111087,0.20086762409349232,0.14223330652238145,0.04000015580667526,0.163674380721008
2003,1.0,20dB_nominal_difference,imag,dressed_linear_chi,REJECTED_PHYSICAL,YZ,x,-0.0625,y,-0.4375,z,0.0625,0.0749956330329114,0.2878146113946591,0.21281897836174768,0.04000015580667526,0.163674380721008
2003,1.0,20dB_nominal_difference,imag,dressed_linear_chi,REJECTED_PHYSICAL,YZ,x,-0.0625,y,-0.3125,z,0.0625,0.09353676068599646,0.37221393560094657,0.2786771749149501,0.04000015580667526,0.163674380721008
2003,1.0,20dB_nominal_difference,imag,dressed_linear_chi,REJECTED_PHYSICAL,YZ,x,-0.0625,y,-0.1875,z,0.0625,0.11082575211003115,0.4482261810257672,0.3374004289157361,0.04000015580667526,0.163674380721008
2003,1.0,20dB_nominal_difference,imag,dressed_linear_chi,REJECTED_PHYSICAL,YZ,x,-0.0625,y,-0.0625,z,0.0625,0.12710625397589592,0.5056435113131559,0.37853725733725996,0.04000015580667526,0.163674380721008
2003,1.0,20dB_nominal_difference,imag,dressed_linear_chi,REJECTED_PHYSICAL,YZ,x,-0.0625,y,0.0625,z,0.0625,0.13995212794485462,0.532788686302205,0.3928365583573504,0.04000015580667526,0.163674380721008
2003,1.0,20dB_nominal_difference,imag,dressed_linear_chi,REJECTED_PHYSICAL,YZ,x,-0.0625,y,0.1875,z,0.0625,0.13886149062239256,0.5203317163885154,0.38147022576612283,0.04000015580667526,0.163674380721008
2003,1.0,20dB_nominal_difference,imag,dressed_linear_chi,REJECTED_PHYSICAL,YZ,x,-0.0625,y,0.3125,z,0.0625,0.11921442782470068,0.46483612714215966,0.345621699317459,0.04000015580667526,0.163674380721008
2003,1.0,20dB_nominal_difference,imag,dressed_linear_chi,REJECTED_PHYSICAL,YZ,x,-0.0625,y,0.4375,z,0.0625,0.09167921970045104,0.37087043370386263,0.2791912140034116,0.04000015580667526,0.163674380721008
2003,1.0,20dB_nominal_difference,imag,dressed_linear_chi,REJECTED_PHYSICAL,YZ,x,-0.0625,y,0.5625,z,0.0625,0.06840294126649657,0.25089482979352756,0.182491888527031,0.04000015580667526,0.163674380721008
2003,1.0,20dB_nominal_difference,imag,dressed_linear_chi,REJECTED_PHYSICAL,YZ,x,-0.0625,y,0.6875,z,0.0625,0.05318627928388108,0.11764260946757138,0.06445633018369029,0.04000015580667526,0.163674380721008
2003,1.0,20dB_nominal_difference,imag,dressed_linear_chi,REJECTED_PHYSICAL,YZ,x,-0.0625,y,-0.6875,z,0.1875,0.04674163906472082,0.06837151724631813,0.021629878181597305,0.04000015580667526,0.163674380721008
2003,1.0,20dB_nominal_difference,imag,dressed_linear_chi,REJECTED_PHYSICAL,YZ,x,-0.0625,y,-0.5625,z,0.1875,0.05588127313527554,0.15143000859939465,0.0955487354641191,0.04000015580667526,0.163674380721008
2003,1.0,20dB_nominal_difference,imag,dressed_linear_chi,REJECTED_PHYSICAL,YZ,x,-0.0625,y,-0.4375,z,0.1875,0.06944042663865896,0.23045565051575037,0.1610152238770914,0.04000015580667526,0.163674380721008
2003,1.0,20dB_nominal_difference,imag,dressed_linear_chi,REJECTED_PHYSICAL,YZ,x,-0.0625,y,-0.3125,z,0.1875,0.08390223576829813,0.3064209650810023,0.22251872931270417,0.04000015580667526,0.163674380721008
2003,1.0,20dB_nominal_difference,imag,dressed_linear_chi,REJECTED_PHYSICAL,YZ,x,-0.0625,y,-0.1875,z,0.1875,0.09555698137022221,0.3736827193993954,0.2781257380291732,0.04000015580667526,0.163674380721008
2003,1.0,20dB_nominal_difference,imag,dressed_linear_chi,REJECTED_PHYSICAL,YZ,x,-0.0625,y,-0.0625,z,0.1875,0.10479805916046792,0.4231466885466363,0.31834862938616837,0.04000015580667526,0.163674380721008
2003,1.0,20dB_nominal_difference,imag,dressed_linear_chi,REJECTED_PHYSICAL,YZ,x,-0.0625,y,0.0625,z,0.1875,0.11245946317491304,0.44496458384623944,0.3325051206713264,0.04000015580667526,0.163674380721008
2003,1.0,20dB_nominal_difference,imag,dressed_linear_chi,REJECTED_PHYSICAL,YZ,x,-0.0625,y,0.1875,z,0.1875,0.11372931728530744,0.43204289257150186,0.3183135752861944,0.04000015580667526,0.163674380721008
2003,1.0,20dB_nominal_difference,imag,dressed_linear_chi,REJECTED_PHYSICAL,YZ,x,-0.0625,y,0.3125,z,0.1875,0.10429466631680404,0.3831599321865226,0.2788652658697186,0.04000015580667526,0.163674380721008
2003,1.0,20dB_nominal_difference,imag,dressed_linear_chi,REJECTED_PHYSICAL,YZ,x,-0.0625,y,0.4375,z,0.1875,0.08751509098114699,0.30458393587431565,0.21706884489316866,0.04000015580667526,0.163674380721008
2003,1.0,20dB_nominal_difference,imag,dressed_linear_chi,REJECTED_PHYSICAL,YZ,x,-0.0625,y,0.5625,z,0.1875,0.06966970855634338,0.20947647069139996,0.13980676213505658,0.04000015580667526,0.163674380721008
2003,1.0,20dB_nominal_difference,imag,dressed_linear_chi,REJECTED_PHYSICAL,YZ,x,-0.0625,y,0.6875,z,0.1875,0.05517298132470298,0.10943496240863831,0.05426198108393533,0.04000015580667526,0.163674380721008
2003,1.0,20dB_nominal_difference,imag,dressed_linear_chi,REJECTED_PHYSICAL,YZ,x,-0.0625,y,-0.6875,z,0.3125,0.04345286726491869,0.025342785087185935,-0.018110082177732755,0.04000015580667526,0.163674380721008
2003,1.0,20dB_nominal_difference,imag,dressed_linear_chi,REJECTED_PHYSICAL,YZ,x,-0.0625,y,-0.5625,z,0.3125,0.04812009958084395,0.09341523267820631,0.04529513309736236,0.04000015580667526,0.163674380721008
2003,1.0,20dB_nominal_difference,imag,dressed_linear_chi,REJECTED_PHYSICAL,YZ,x,-0.0625,y,-0.4375,z,0.3125,0.05501371658866299,0.15849964195115704,0.10348592536249404,0.04000015580667526,0.163674380721008
2003,1.0,20dB_nominal_difference,imag,dressed_linear_chi,REJECTED_PHYSICAL,YZ,x,-0.0625,y,-0.3125,z,0.3125,0.06233884756672856,0.2211849863496424,0.15884613878291384,0.04000015580667526,0.163674380721008
2003,1.0,20dB_nominal_difference,imag,dressed_linear_chi,REJECTED_PHYSICAL,YZ,x,-0.0625,y,-0.1875,z,0.3125,0.06841841298298537,0.2764888124901209,0.20807039950713554,0.04000015580667526,0.163674380721008
2003,1.0,20dB_nominal_difference,imag,dressed_linear_chi,REJECTED_PHYSICAL,YZ,x,-0.0625,y,-0.0625,z,0.3125,0.07416613181928422,0.3166421582078537,0.24247602638856947,0.04000015580667526,0.163674380721008
2003,1.0,20dB_nominal_difference,imag,dressed_linear_chi,REJECTED_PHYSICAL,YZ,x,-0.0625,y,0.0625,z,0.3125,0.08101355802363919,0.33360726713507177,0.2525937091114326,0.04000015580667526,0.163674380721008
2003,1.0,20dB_nominal_difference,imag,dressed_linear_chi,REJECTED_PHYSICAL,YZ,x,-0.0625,y,0.1875,z,0.3125,0.08651510579418703,0.3223778041695163,0.23586269837532925,0.04000015580667526,0.163674380721008
2003,1.0,20dB_nominal_difference,imag,dressed_linear_chi,REJECTED_PHYSICAL,YZ,x,-0.0625,y,0.3125,z,0.3125,0.08624535209504341,0.28373737717661623,0.19749202508157282,0.04000015580667526,0.163674380721008
2003,1.0,20dB_nominal_difference,imag,dressed_linear_chi,REJECTED_PHYSICAL,YZ,x,-0.0625,y,0.4375,z,0.3125,0.07879331723411091,0.22545192110242726,0.14665860386831636,0.04000015580667526,0.163674380721008
2003,1.0,20dB_nominal_difference,imag,dressed_linear_chi,REJECTED_PHYSICAL,YZ,x,-0.0625,y,0.5625,z,0.3125,0.066618202393356,0.16124990163821723,0.09463169924486123,0.04000015580667526,0.163674380721008
2003,1.0,20dB_nominal_difference,imag,dressed_linear_chi,REJECTED_PHYSICAL,YZ,x,-0.0625,y,0.6875,z,0.3125,0.05439319187985552,0.10242433030354459,0.048031138423689064,0.04000015580667526,0.163674380721008
2003,1.0,20dB_nominal_difference,imag,dressed_linear_chi,REJECTED_PHYSICAL,YZ,x,-0.0625,y,-0.6875,z,0.4375,0.04105326192243892,-0.02292396134182944,-0.06397722326426836,0.04000015580667526,0.163674380721008
2003,1.0,20dB_nominal_difference,imag,dressed_linear_chi,REJECTED_PHYSICAL,YZ,x,-0.0625,y,-0.5625,z,0.4375,0.04248023256440268,0.02711315756087579,-0.015367075003526888,0.04000015580667526,0.163674380721008
2003,1.0,20dB_nominal_difference,imag,dressed_linear_chi,REJECTED_PHYSICAL,YZ,x,-0.0625,y,-0.4375,z,0.4375,0.044609275832403414,0.0749181104166582,0.03030883458425479,0.04000015580667526,0.163674380721008
2003,1.0,20dB_nominal_difference,imag,dressed_linear_chi,REJECTED_PHYSICAL,YZ,x,-0.0625,y,-0.3125,z,0.4375,0.04699202096212822,0.12177419795748678,0.07478217699535857,0.04000015580667526,0.163674380721008
2003,1.0,20dB_nominal_difference,imag,dressed_linear_chi,REJECTED_PHYSICAL,YZ,x,-0.0625,y,-0.1875,z,0.4375,0.04944801849150221,0.1641427788044225,0.11469476031292028,0.04000015580667526,0.163674380721008
2003,1.0,20dB_nominal_difference,imag,dressed_linear_chi,REJECTED_PHYSICAL,YZ,x,-0.0625,y,-0.0625,z,0.4375,0.052901713255917505,0.19560679100886763,0.14270507775295013,0.04000015580667526,0.163674380721008
2003,1.0,20dB_nominal_difference,imag,dressed_linear_chi,REJECTED_PHYSICAL,YZ,x,-0.0625,y,0.0625,z,0.4375,0.05828320398699263,0.20965148032201225,0.15136827633501962,0.04000015580667526,0.163674380721008
2003,1.0,20dB_nominal_difference,imag,dressed_linear_chi,REJECTED_PHYSICAL,YZ,x,-0.0625,y,0.1875,z,0.4375,0.06420519628595636,0.2029835668488469,0.13877837056289055,0.04000015580667526,0.163674380721008
2003,1.0,20dB_nominal_difference,imag,dressed_linear_chi,REJECTED_PHYSICAL,YZ,x,-0.0625,y,0.3125,z,0.4375,0.06727525961190907,0.1780163888298763,0.11074112921796724,0.04000015580667526,0.163674380721008
2003,1.0,20dB_nominal_difference,imag,dressed_linear_chi,REJECTED_PHYSICAL,YZ,x,-0.0625,y,0.4375,z,0.4375,0.06500961027575505,0.14375688364745273,0.07874727337169768,0.04000015580667526,0.163674380721008
2003,1.0,20dB_nominal_difference,imag,dressed_linear_chi,REJECTED_PHYSICAL,YZ,x,-0.0625,y,0.5625,z,0.4375,0.0580922596237103,0.11469244168166079,0.05660018205795049,0.04000015580667526,0.163674380721008
2003,1.0,20dB_nominal_difference,imag,dressed_linear_chi,REJECTED_PHYSICAL,YZ,x,-0.0625,y,0.6875,z,0.4375,0.05004909518343009,0.1035521038741056,0.05350300869067551,0.04000015580667526,0.163674380721008
2003,1.0,20dB_nominal_difference,imag,dressed_linear_chi,REJECTED_PHYSICAL,YZ,x,-0.0625,y,-0.6875,z,0.5625,0.04019150633820552,-0.08341031259791881,-0.12360181893612433,0.04000015580667526,0.163674380721008
2003,1.0,20dB_nominal_difference,imag,dressed_linear_chi,REJECTED_PHYSICAL,YZ,x,-0.0625,y,-0.5625,z,0.5625,0.04045363921587812,-0.050446110245434765,-0.09089974946131288,0.04000015580667526,0.163674380721008
2003,1.0,20dB_nominal_difference,imag,dressed_linear_chi,REJECTED_PHYSICAL,YZ,x,-0.0625,y,-0.4375,z,0.5625,0.04085898672802763,-0.021660923962338416,-0.06251991069036605,0.04000015580667526,0.163674380721008
2003,1.0,20dB_nominal_difference,imag,dressed_linear_chi,REJECTED_PHYSICAL,YZ,x,-0.0625,y,-0.3125,z,0.5625,0.041384407636475766,0.009139572924805217,-0.03224483471167055,0.04000015580667526,0.163674380721008
2003,1.0,20dB_nominal_difference,imag,dressed_linear_chi,REJECTED_PHYSICAL,YZ,x,-0.0625,y,-0.1875,z,0.5625,0.04218231914986422,0.0403141081380896,-0.0018682110117746245,0.04000015580667526,0.163674380721008
2003,1.0,20dB_nominal_difference,imag,dressed_linear_chi,REJECTED_PHYSICAL,YZ,x,-0.0625,y,-0.0625,z,0.5625,0.04377263759328565,0.06616399348492806,0.022391355891642407,0.04000015580667526,0.163674380721008
2003,1.0,20dB_nominal_difference,imag,dressed_linear_chi,REJECTED_PHYSICAL,YZ,x,-0.0625,y,0.0625,z,0.5625,0.046583116809738985,0.08102061157924376,0.03443749476950477,0.04000015580667526,0.163674380721008
2003,1.0,20dB_nominal_difference,imag,dressed_linear_chi,REJECTED_PHYSICAL,YZ,x,-0.0625,y,0.1875,z,0.5625,0.04999452237972326,0.08270502777757324,0.03271050539784998,0.04000015580667526,0.163674380721008
2003,1.0,20dB_nominal_difference,imag,dressed_linear_chi,REJECTED_PHYSICAL,YZ,x,-0.0625,y,0.3125,z,0.5625,0.05226517041090233,0.07469558384816948,0.022430413437267142,0.04000015580667526,0.163674380721008
2003,1.0,20dB_nominal_difference,imag,dressed_linear_chi,REJECTED_PHYSICAL,YZ,x,-0.0625,y,0.4375,z,0.5625,0.051828096168250085,0.06671668155003416,0.014888585381784072,0.04000015580667526,0.163674380721008
2003,1.0,20dB_nominal_difference,imag,dressed_linear_chi,REJECTED_PHYSICAL,YZ,x,-0.0625,y,0.5625,z,0.5625,0.048786688674004486,0.07410856733355756,0.02532187865955307,0.04000015580667526,0.163674380721008
2003,1.0,20dB_nominal_difference,imag,dressed_linear_chi,REJECTED_PHYSICAL,YZ,x,-0.0625,y,0.6875,z,0.5625,0.04494161821421902,0.11493923232710349,0.06999761411288447,0.04000015580667526,0.163674380721008
2003,1.0,20dB_nominal_difference,imag,dressed_linear_chi,REJECTED_PHYSICAL,YZ,x,-0.0625,y,-0.6875,z,0.6875,0.04002087077010622,-0.14705550049782815,-0.18707637126793436,0.04000015580667526,0.163674380721008
2003,1.0,20dB_nominal_difference,imag,dressed_linear_chi,REJECTED_PHYSICAL,YZ,x,-0.0625,y,-0.5625,z,0.6875,0.04005035818893871,-0.13621719023108078,-0.1762675484200195,0.04000015580667526,0.163674380721008
2003,1.0,20dB_nominal_difference,imag,dressed_linear_chi,REJECTED_PHYSICAL,YZ,x,-0.0625,y,-0.4375,z,0.6875,0.040100863350880075,-0.1301817044727549,-0.170282567823635,0.04000015580667526,0.163674380721008
2003,1.0,20dB_nominal_difference,imag,dressed_linear_chi,REJECTED_PHYSICAL,YZ,x,-0.0625,y,-0.3125,z,0.6875,0.04019038935133843,-0.1143144536225949,-0.15450484297393333,0.04000015580667526,0.163674380721008
2003,1.0,20dB_nominal_difference,imag,dressed_linear_chi,REJECTED_PHYSICAL,YZ,x,-0.0625,y,-0.1875,z,0.6875,0.04040132871373167,-0.09117828516480167,-0.13157961387853334,0.04000015580667526,0.163674380721008
2003,1.0,20dB_nominal_difference,imag,dressed_linear_chi,REJECTED_PHYSICAL,YZ,x,-0.0625,y,-0.0625,z,0.6875,0.040917716302072485,-0.06718716945038641,-0.1081048857524589,0.04000015580667526,0.163674380721008
2003,1.0,20dB_nominal_difference,imag,dressed_linear_chi,REJECTED_PHYSICAL,YZ,x,-0.0625,y,0.0625,z,0.6875,0.04188581069537539,-0.047920220860387434,-0.08980603155576283,0.04000015580667526,0.163674380721008
2003,1.0,20dB_nominal_difference,imag,dressed_linear_chi,REJECTED_PHYSICAL,YZ,x,-0.0625,y,0.1875,z,0.6875,0.04311422459213862,-0.0349902355059953,-0.07810446009813393,0.04000015580667526,0.163674380721008
2003,1.0,20dB_nominal_difference,imag,dressed_linear_chi,REJECTED_PHYSICAL,YZ,x,-0.0625,y,0.3125,z,0.6875,0.04400245614647743,-0.024447494067342403,-0.06844995021381983,0.04000015580667526,0.163674380721008
2003,1.0,20dB_nominal_difference,imag,dressed_linear_chi,REJECTED_PHYSICAL,YZ,x,-0.0625,y,0.4375,z,0.6875,0.043959082787769166,-0.006814998280841068,-0.050774081068610234,0.04000015580667526,0.163674380721008
2003,1.0,20dB_nominal_difference,imag,dressed_linear_chi,REJECTED_PHYSICAL,YZ,x,-0.0625,y,0.5625,z,0.6875,0.04297881601581051,0.03203295840833514,-0.010945857607475372,0.04000015580667526,0.163674380721008
2003,1.0,20dB_nominal_difference,imag,dressed_linear_chi,REJECTED_PHYSICAL,YZ,x,-0.0625,y,0.6875,z,0.6875,0.0416850276806229,0.11769903306983595,0.07601400538921305,0.04000015580667526,0.163674380721008
2003,1.0,20dB_nominal_difference,imag,linear_a_exact_conversion,REJECTED_PHYSICAL,XY,z,-0.0625,x,-0.6875,y,-0.6875,0.042812060851533745,-0.06345787999059647,-0.10626994084213022,0.04000015580667526,0.163674380721008
2003,1.0,20dB_nominal_difference,imag,linear_a_exact_conversion,REJECTED_PHYSICAL,XY,z,-0.0625,x,-0.5625,y,-0.6875,0.04501641841016214,0.023580515961397843,-0.0214359024487643,0.04000015580667526,0.163674380721008
2003,1.0,20dB_nominal_difference,imag,linear_a_exact_conversion,REJECTED_PHYSICAL,XY,z,-0.0625,x,-0.4375,y,-0.6875,0.047153559012156725,0.09397416030582664,0.04682060129366992,0.04000015580667526,0.163674380721008
2003,1.0,20dB_nominal_difference,imag,linear_a_exact_conversion,REJECTED_PHYSICAL,XY,z,-0.0625,x,-0.3125,y,-0.6875,0.04816564094919894,0.1419694222841885,0.09380378133498955,0.04000015580667526,0.163674380721008
2003,1.0,20dB_nominal_difference,imag,linear_a_exact_conversion,REJECTED_PHYSICAL,XY,z,-0.0625,x,-0.1875,y,-0.6875,0.04748045653852776,0.16394721087051306,0.1164667543319853,0.04000015580667526,0.163674380721008
2003,1.0,20dB_nominal_difference,imag,linear_a_exact_conversion,REJECTED_PHYSICAL,XY,z,-0.0625,x,-0.0625,y,-0.6875,0.04552669117604515,0.16386516209159743,0.11833847091555227,0.04000015580667526,0.163674380721008
2003,1.0,20dB_nominal_difference,imag,linear_a_exact_conversion,REJECTED_PHYSICAL,XY,z,-0.0625,x,0.0625,y,-0.6875,0.043322193144988023,0.14789078222874383,0.1045685890837558,0.04000015580667526,0.163674380721008
2003,1.0,20dB_nominal_difference,imag,linear_a_exact_conversion,REJECTED_PHYSICAL,XY,z,-0.0625,x,0.1875,y,-0.6875,0.041648705741738304,0.12116610268536358,0.07951739694362528,0.04000015580667526,0.163674380721008
2003,1.0,20dB_nominal_difference,imag,linear_a_exact_conversion,REJECTED_PHYSICAL,XY,z,-0.0625,x,0.3125,y,-0.6875,0.04068984889113016,0.08605838952596538,0.04536854063483522,0.04000015580667526,0.163674380721008
2003,1.0,20dB_nominal_difference,imag,linear_a_exact_conversion,REJECTED_PHYSICAL,XY,z,-0.0625,x,0.4375,y,-0.6875,0.04024917597637867,0.040966345429704884,0.0007171694533262135,0.04000015580667526,0.163674380721008
2003,1.0,20dB_nominal_difference,imag,linear_a_exact_conversion,REJECTED_PHYSICAL,XY,z,-0.0625,x,0.5625,y,-0.6875,0.040078931812932886,-0.02262938521133401,-0.0627083170242669,0.04000015580667526,0.163674380721008
2003,1.0,20dB_nominal_difference,imag,linear_a_exact_conversion,REJECTED_PHYSICAL,XY,z,-0.0625,x,0.6875,y,-0.6875,0.04002187267302577,-0.13434805526405874,-0.1743699279370845,0.04000015580667526,0.163674380721008
2003,1.0,20dB_nominal_difference,imag,linear_a_exact_conversion,REJECTED_PHYSICAL,XY,z,-0.0625,x,-0.6875,y,-0.5625,0.04671923723527712,-0.14370232930075025,-0.19042156653602738,0.04000015580667526,0.163674380721008
2003,1.0,20dB_nominal_difference,imag,linear_a_exact_conversion,REJECTED_PHYSICAL,XY,z,-0.0625,x,-0.5625,y,-0.5625,0.051951087983362836,0.055927078697210565,0.00397599071384773,0.04000015580667526,0.163674380721008
2003,1.0,20dB_nominal_difference,imag,linear_a_exact_conversion,REJECTED_PHYSICAL,XY,z,-0.0625,x,-0.4375,y,-0.5625,0.057010594762901406,0.18813303667344486,0.13112244191054345,0.04000015580667526,0.163674380721008
2003,1.0,20dB_nominal_difference,imag,linear_a_exact_conversion,REJECTED_PHYSICAL,XY,z,-0.0625,x,-0.3125,y,-0.5625,0.05942346591625194,0.264027766513766,0.20460430059751408,0.04000015580667526,0.163674380721008
2003,1.0,20dB_nominal_difference,imag,linear_a_exact_conversion,REJECTED_PHYSICAL,XY,z,-0.0625,x,-0.1875,y,-0.5625,0.057875810867460825,0.2906745204095431,0.2327987095420823,0.04000015580667526,0.163674380721008
2003,1.0,20dB_nominal_difference,imag,linear_a_exact_conversion,REJECTED_PHYSICAL,XY,z,-0.0625,x,-0.0625,y,-0.5625,0.05337272512675944,0.2786868919979512,0.22531416687119177,0.04000015580667526,0.163674380721008
2003,1.0,20dB_nominal_difference,imag,linear_a_exact_conversion,REJECTED_PHYSICAL,XY,z,-0.0625,x,0.0625,y,-0.5625,0.048248239982660715,0.23951559469946393,0.19126735471680323,0.04000015580667526,0.163674380721008
2003,1.0,20dB_nominal_difference,imag,linear_a_exact_conversion,REJECTED_PHYSICAL,XY,z,-0.0625,x,0.1875,y,-0.5625,0.04428321889975626,0.1827078374717982,0.13842461857204194,0.04000015580667526,0.163674380721008
2003,1.0,20dB_nominal_difference,imag,linear_a_exact_conversion,REJECTED_PHYSICAL,XY,z,-0.0625,x,0.3125,y,-0.5625,0.041918714289671956,0.11480338474525204,0.07288467045558009,0.04000015580667526,0.163674380721008
2003,1.0,20dB_nominal_difference,imag,linear_a_exact_conversion,REJECTED_PHYSICAL,XY,z,-0.0625,x,0.4375,y,-0.5625,0.04075452053288806,0.03967427113521422,-0.0010802493976738436,0.04000015580667526,0.163674380721008
2003,1.0,20dB_nominal_difference,imag,linear_a_exact_conversion,REJECTED_PHYSICAL,XY,z,-0.0625,x,0.5625,y,-0.5625,0.04026016289838168,-0.03867813307568951,-0.07893829597407118,0.04000015580667526,0.163674380721008
2003,1.0,20dB_nominal_difference,imag,linear_a_exact_conversion,REJECTED_PHYSICAL,XY,z,-0.0625,x,0.6875,y,-0.5625,0.04007706720224385,-0.10826338731032326,-0.1483404545125671,0.04000015580667526,0.163674380721008
2003,1.0,20dB_nominal_difference,imag,linear_a_exact_conversion,REJECTED_PHYSICAL,XY,z,-0.0625,x,-0.6875,y,-0.4375,0.05259270005925314,-0.15758109059207703,-0.21017379065133018,0.04000015580667526,0.163674380721008
2003,1.0,20dB_nominal_difference,imag,linear_a_exact_conversion,REJECTED_PHYSICAL,XY,z,-0.0625,x,-0.5625,y,-0.4375,0.062376721029284404,0.09945714146857226,0.03708042043928786,0.04000015580667526,0.163674380721008
2003,1.0,20dB_nominal_difference,imag,linear_a_exact_conversion,REJECTED_PHYSICAL,XY,z,-0.0625,x,-0.4375,y,-0.4375,0.07187478901154168,0.2859278518257426,0.21405306281420092,0.04000015580667526,0.163674380721008
2003,1.0,20dB_nominal_difference,imag,linear_a_exact_conversion,REJECTED_PHYSICAL,XY,z,-0.0625,x,-0.3125,y,-0.4375,0.07656023537116752,0.39107919502390603,0.3145189596527385,0.04000015580667526,0.163674380721008
2003,1.0,20dB_nominal_difference,imag,linear_a_exact_conversion,REJECTED_PHYSICAL,XY,z,-0.0625,x,-0.1875,y,-0.4375,0.07404746693626542,0.42517594047602647,0.35112847353976107,0.04000015580667526,0.163674380721008
2003,1.0,20dB_nominal_difference,imag,linear_a_exact_conversion,REJECTED_PHYSICAL,XY,z,-0.0625,x,-0.0625,y,-0.4375,0.06611054116039423,0.40541028184825145,0.33929974068785723,0.04000015580667526,0.163674380721008
2003,1.0,20dB_nominal_difference,imag,linear_a_exact_conversion,REJECTED_PHYSICAL,XY,z,-0.0625,x,0.0625,y,-0.4375,0.05684254734146165,0.34888149297556204,0.2920389456341004,0.04000015580667526,0.163674380721008
2003,1.0,20dB_nominal_difference,imag,linear_a_exact_conversion,REJECTED_PHYSICAL,XY,z,-0.0625,x,0.1875,y,-0.4375,0.04937377140139504,0.26963853973213087,0.22026476833073583,0.04000015580667526,0.163674380721008
2003,1.0,20dB_nominal_difference,imag,linear_a_exact_conversion,REJECTED_PHYSICAL,XY,z,-0.0625,x,0.3125,y,-0.4375,0.044590075287547486,0.1783851576283715,0.13379508234082402,0.04000015580667526,0.163674380721008
2003,1.0,20dB_nominal_difference,imag,linear_a_exact_conversion,REJECTED_PHYSICAL,XY,z,-0.0625,x,0.4375,y,-0.4375,0.04197827881197196,0.08381417550091325,0.04183589668894128,0.04000015580667526,0.163674380721008
2003,1.0,20dB_nominal_difference,imag,linear_a_exact_conversion,REJECTED_PHYSICAL,XY,z,-0.0625,x,0.5625,y,-0.4375,0.04073456343762443,-0.004462378569827391,-0.04519694200745182,0.04000015580667526,0.163674380721008
2003,1.0,20dB_nominal_difference,imag,linear_a_exact_conversion,REJECTED_PHYSICAL,XY,z,-0.0625,x,0.6875,y,-0.4375,0.04022789969620764,-0.07627858375657813,-0.11650648345278578,0.04000015580667526,0.163674380721008
2003,1.0,20dB_nominal_difference,imag,linear_a_exact_conversion,REJECTED_PHYSICAL,XY,z,-0.0625,x,-0.6875,y,-0.3125,0.05895379189233613,-0.1242611170357523,-0.18321490892808842,0.04000015580667526,0.163674380721008
2003,1.0,20dB_nominal_difference,imag,linear_a_exact_conversion,REJECTED_PHYSICAL,XY,z,-0.0625,x,-0.5625,y,-0.3125,0.07386171234073384,0.1709123386173543,0.09705062627662046,0.04000015580667526,0.163674380721008
2003,1.0,20dB_nominal_difference,imag,linear_a_exact_conversion,REJECTED_PHYSICAL,XY,z,-0.0625,x,-0.4375,y,-0.3125,0.08859624924664959,0.3996573198547283,0.3110610706080787,0.04000015580667526,0.163674380721008
2003,1.0,20dB_nominal_difference,imag,linear_a_exact_conversion,REJECTED_PHYSICAL,XY,z,-0.0625,x,-0.3125,y,-0.3125,0.0964415039637058,0.5309484212356743,0.43450691727196855,0.04000015580667526,0.163674380721008
2003,1.0,20dB_nominal_difference,imag,linear_a_exact_conversion,REJECTED_PHYSICAL,XY,z,-0.0625,x,-0.1875,y,-0.3125,0.09378116907479145,0.5733991918623933,0.47961802278760185,0.04000015580667526,0.163674380721008
2003,1.0,20dB_nominal_difference,imag,linear_a_exact_conversion,REJECTED_PHYSICAL,XY,z,-0.0625,x,-0.0625,y,-0.3125,0.08296185958806848,0.5485882668329841,0.46562640724491566,0.04000015580667526,0.163674380721008
2003,1.0,20dB_nominal_difference,imag,linear_a_exact_conversion,REJECTED_PHYSICAL,XY,z,-0.0625,x,0.0625,y,-0.3125,0.06957351754030672,0.4784330106019976,0.4088594930616909,0.04000015580667526,0.163674380721008
2003,1.0,20dB_nominal_difference,imag,linear_a_exact_conversion,REJECTED_PHYSICAL,XY,z,-0.0625,x,0.1875,y,-0.3125,0.05795880046020539,0.3810254828472996,0.3230666823870942,0.04000015580667526,0.163674380721008
2003,1.0,20dB_nominal_difference,imag,linear_a_exact_conversion,REJECTED_PHYSICAL,XY,z,-0.0625,x,0.3125,y,-0.3125,0.04966102784305324,0.2705289768025254,0.22086794895947218,0.04000015580667526,0.163674380721008
2003,1.0,20dB_nominal_difference,imag,linear_a_exact_conversion,REJECTED_PHYSICAL,XY,z,-0.0625,x,0.4375,y,-0.3125,0.044507537376236805,0.15838346871217274,0.11387593133593593,0.04000015580667526,0.163674380721008
2003,1.0,20dB_nominal_difference,imag,linear_a_exact_conversion,REJECTED_PHYSICAL,XY,z,-0.0625,x,0.5625,y,-0.3125,0.04176157986813832,0.05463640632593882,0.012874826457800505,0.04000015580667526,0.163674380721008
2003,1.0,20dB_nominal_difference,imag,linear_a_exact_conversion,REJECTED_PHYSICAL,XY,z,-0.0625,x,0.6875,y,-0.3125,0.04055912685149282,-0.03537176722168709,-0.0759308940731799,0.04000015580667526,0.163674380721008
2003,1.0,20dB_nominal_difference,imag,linear_a_exact_conversion,REJECTED_PHYSICAL,XY,z,-0.0625,x,-0.6875,y,-0.1875,0.06414071000515616,-0.0538022490309245,-0.11794295903608065,0.04000015580667526,0.163674380721008
2003,1.0,20dB_nominal_difference,imag,linear_a_exact_conversion,REJECTED_PHYSICAL,XY,z,-0.0625,x,-0.5625,y,-0.1875,0.08405754185242151,0.26681651645916393,0.18275897460674242,0.04000015580667526,0.163674380721008
2003,1.0,20dB_nominal_difference,imag,linear_a_exact_conversion,REJECTED_PHYSICAL,XY,z,-0.0625,x,-0.4375,y,-0.1875,0.10464619152399268,0.5257382710945513,0.4210920795705586,0.04000015580667526,0.163674380721008
2003,1.0,20dB_nominal_difference,imag,linear_a_exact_conversion,REJECTED_PHYSICAL,XY,z,-0.0625,x,-0.3125,y,-0.1875,0.11703963931989764,0.6779163851481849,0.5608767458282873,0.04000015580667526,0.163674380721008
2003,1.0,20dB_nominal_difference,imag,linear_a_exact_conversion,REJECTED_PHYSICAL,XY,z,-0.0625,x,-0.1875,y,-0.1875,0.11600715433781533,0.7288767318701428,0.6128695775323274,0.04000015580667526,0.163674380721008
2003,1.0,20dB_nominal_difference,imag,linear_a_exact_conversion,REJECTED_PHYSICAL,XY,z,-0.0625,x,-0.0625,y,-0.1875,0.10388043199886729,0.7017776057154896,0.5978971737166223,0.04000015580667526,0.163674380721008
2003,1.0,20dB_nominal_difference,imag,linear_a_exact_conversion,REJECTED_PHYSICAL,XY,z,-0.0625,x,0.0625,y,-0.1875,0.08715791234653131,0.6213883345270291,0.5342304221804979,0.04000015580667526,0.163674380721008
2003,1.0,20dB_nominal_difference,imag,linear_a_exact_conversion,REJECTED_PHYSICAL,XY,z,-0.0625,x,0.1875,y,-0.1875,0.07105841669804411,0.5086771202506001,0.43761870355255594,0.04000015580667526,0.163674380721008
2003,1.0,20dB_nominal_difference,imag,linear_a_exact_conversion,REJECTED_PHYSICAL,XY,z,-0.0625,x,0.3125,y,-0.1875,0.05799868214319433,0.3803711059115404,0.3223724237683461,0.04000015580667526,0.163674380721008
2003,1.0,20dB_nominal_difference,imag,linear_a_exact_conversion,REJECTED_PHYSICAL,XY,z,-0.0625,x,0.4375,y,-0.1875,0.0488427972404081,0.249600358297329,0.20075756105692089,0.04000015580667526,0.163674380721008
2003,1.0,20dB_nominal_difference,imag,linear_a_exact_conversion,REJECTED_PHYSICAL,XY,z,-0.0625,x,0.5625,y,-0.1875,0.04354008507042236,0.12620672540528236,0.08266664033485999,0.04000015580667526,0.163674380721008
2003,1.0,20dB_nominal_difference,imag,linear_a_exact_conversion,REJECTED_PHYSICAL,XY,z,-0.0625,x,0.6875,y,-0.1875,0.041124939764612185,0.013614683366182372,-0.027510256398429814,0.04000015580667526,0.163674380721008
2003,1.0,20dB_nominal_difference,imag,linear_a_exact_conversion,REJECTED_PHYSICAL,XY,z,-0.0625,x,-0.6875,y,-0.0625,0.06749798464259113,0.03295689632760899,-0.03454108831498214,0.04000015580667526,0.163674380721008
2003,1.0,20dB_nominal_difference,imag,linear_a_exact_conversion,REJECTED_PHYSICAL,XY,z,-0.0625,x,-0.5625,y,-0.0625,0.0924583346322828,0.3651257847290061,0.2726674500967233,0.04000015580667526,0.163674380721008
2003,1.0,20dB_nominal_difference,imag,linear_a_exact_conversion,REJECTED_PHYSICAL,XY,z,-0.0625,x,-0.4375,y,-0.0625,0.12022275489155235,0.6418476404271262,0.5216248855355738,0.04000015580667526,0.163674380721008
2003,1.0,20dB_nominal_difference,imag,linear_a_exact_conversion,REJECTED_PHYSICAL,XY,z,-0.0625,x,-0.3125,y,-0.0625,0.13941173146332025,0.8101945615683186,0.6707828301049983,0.04000015580667526,0.163674380721008
2003,1.0,20dB_nominal_difference,imag,linear_a_exact_conversion,REJECTED_PHYSICAL,XY,z,-0.0625,x,-0.1875,y,-0.0625,0.14204895694150824,0.8712970241955277,0.7292480672540195,0.04000015580667526,0.163674380721008
2003,1.0,20dB_nominal_difference,imag,linear_a_exact_conversion,REJECTED_PHYSICAL,XY,z,-0.0625,x,-0.0625,y,-0.0625,0.1296726376248023,0.8463621470577525,0.7166895094329502,0.04000015580667526,0.163674380721008
2003,1.0,20dB_nominal_difference,imag,linear_a_exact_conversion,REJECTED_PHYSICAL,XY,z,-0.0625,x,0.0625,y,-0.0625,0.10968324680704317,0.7602904744641616,0.6506072276571184,0.04000015580667526,0.163674380721008
2003,1.0,20dB_nominal_difference,imag,linear_a_exact_conversion,REJECTED_PHYSICAL,XY,z,-0.0625,x,0.1875,y,-0.0625,0.08836681093770062,0.6354524247796681,0.5470856138419675,0.04000015580667526,0.163674380721008
2003,1.0,20dB_nominal_difference,imag,linear_a_exact_conversion,REJECTED_PHYSICAL,XY,z,-0.0625,x,0.3125,y,-0.0625,0.0692222961257432,0.490531462291071,0.42130916616532776,0.04000015580667526,0.163674380721008
2003,1.0,20dB_nominal_difference,imag,linear_a_exact_conversion,REJECTED_PHYSICAL,XY,z,-0.0625,x,0.4375,y,-0.0625,0.05466901134123281,0.3403957383424588,0.285726727001226,0.04000015580667526,0.163674380721008
2003,1.0,20dB_nominal_difference,imag,linear_a_exact_conversion,REJECTED_PHYSICAL,XY,z,-0.0625,x,0.5625,y,-0.0625,0.045872837212520334,0.19571135940001913,0.1498385221874988,0.04000015580667526,0.163674380721008
2003,1.0,20dB_nominal_difference,imag,linear_a_exact_conversion,REJECTED_PHYSICAL,XY,z,-0.0625,x,0.6875,y,-0.0625,0.0418360047357586,0.06057763442123649,0.018741629685477885,0.04000015580667526,0.163674380721008
2003,1.0,20dB_nominal_difference,imag,linear_a_exact_conversion,REJECTED_PHYSICAL,XY,z,-0.0625,x,-0.6875,y,0.0625,0.06747761449903886,0.10341709473976875,0.03593948024072989,0.04000015580667526,0.163674380721008
2003,1.0,20dB_nominal_difference,imag,linear_a_exact_conversion,REJECTED_PHYSICAL,XY,z,-0.0625,x,-0.5625,y,0.0625,0.09549848235929675,0.42919195949979644,0.3336934771404997,0.04000015580667526,0.163674380721008
2003,1.0,20dB_nominal_difference,imag,linear_a_exact_conversion,REJECTED_PHYSICAL,XY,z,-0.0625,x,-0.4375,y,0.0625,0.129320887606679,0.7102799306959079,0.5809590430892289,0.04000015580667526,0.163674380721008
2003,1.0,20dB_nominal_difference,imag,linear_a_exact_conversion,REJECTED_PHYSICAL,XY,z,-0.0625,x,-0.3125,y,0.0625,0.15577475122402062,0.8913936494370318,0.7356188982130112,0.04000015580667526,0.163674380721008
2003,1.0,20dB_nominal_difference,imag,linear_a_exact_conversion,REJECTED_PHYSICAL,XY,z,-0.0625,x,-0.1875,y,0.0625,0.163674380721008,0.9667646226451729,0.8030902419241649,0.04000015580667526,0.163674380721008
2003,1.0,20dB_nominal_difference,imag,linear_a_exact_conversion,REJECTED_PHYSICAL,XY,z,-0.0625,x,-0.0625,y,0.0625,0.15276659508822296,0.9512137088741045,0.7984471137858815,0.04000015580667526,0.163674380721008
2003,1.0,20dB_nominal_difference,imag,linear_a_exact_conversion,REJECTED_PHYSICAL,XY,z,-0.0625,x,0.0625,y,0.0625,0.1308208387853533,0.8665424032247132,0.7357215644393599,0.04000015580667526,0.163674380721008
2003,1.0,20dB_nominal_difference,imag,linear_a_exact_conversion,REJECTED_PHYSICAL,XY,z,-0.0625,x,0.1875,y,0.0625,0.10504476057409515,0.7349473281340144,0.6299025675599192,0.04000015580667526,0.163674380721008
2003,1.0,20dB_nominal_difference,imag,linear_a_exact_conversion,REJECTED_PHYSICAL,XY,z,-0.0625,x,0.3125,y,0.0625,0.08004365477318558,0.5767125639329697,0.49666890915978407,0.04000015580667526,0.163674380721008
2003,1.0,20dB_nominal_difference,imag,linear_a_exact_conversion,REJECTED_PHYSICAL,XY,z,-0.0625,x,0.4375,y,0.0625,0.060110914361473436,0.4089812505704302,0.3488703362089568,0.04000015580667526,0.163674380721008
2003,1.0,20dB_nominal_difference,imag,linear_a_exact_conversion,REJECTED_PHYSICAL,XY,z,-0.0625,x,0.5625,y,0.0625,0.047916215851691785,0.24454951139004275,0.19663329553835096,0.04000015580667526,0.163674380721008
2003,1.0,20dB_nominal_difference,imag,linear_a_exact_conversion,REJECTED_PHYSICAL,XY,z,-0.0625,x,0.6875,y,0.0625,0.04240463768892273,0.09019199224436462,0.04778735455544189,0.04000015580667526,0.163674380721008
2003,1.0,20dB_nominal_difference,imag,linear_a_exact_conversion,REJECTED_PHYSICAL,XY,z,-0.0625,x,-0.6875,y,0.1875,0.061829990330548715,0.12377577817025931,0.061945787839710595,0.04000015580667526,0.163674380721008
2003,1.0,20dB_nominal_difference,imag,linear_a_exact_conversion,REJECTED_PHYSICAL,XY,z,-0.0625,x,-0.5625,y,0.1875,0.08661838749055265,0.4210882018875659,0.3344698143970133,0.04000015580667526,0.163674380721008
2003,1.0,20dB_nominal_difference,imag,linear_a_exact_conversion,REJECTED_PHYSICAL,XY,z,-0.0625,x,-0.4375,y,0.1875,0.11900813444003683,0.6906991542848081,0.5716910198447713,0.04000015580667526,0.163674380721008
2003,1.0,20dB_nominal_difference,imag,linear_a_exact_conversion,REJECTED_PHYSICAL,XY,z,-0.0625,x,-0.3125,y,0.1875,0.14751140554932707,0.8802705647447165,0.7327591591953895,0.04000015580667526,0.163674380721008
2003,1.0,20dB_nominal_difference,imag,linear_a_exact_conversion,REJECTED_PHYSICAL,XY,z,-0.0625,x,-0.1875,y,0.1875,0.16039105667147383,0.9743947320083001,0.8140036753368263,0.04000015580667526,0.163674380721008
2003,1.0,20dB_nominal_difference,imag,linear_a_exact_conversion,REJECTED_PHYSICAL,XY,z,-0.0625,x,-0.0625,y,0.1875,0.15505336276937054,0.9769797537297699,0.8219263909603993,0.04000015580667526,0.163674380721008
2003,1.0,20dB_nominal_difference,imag,linear_a_exact_conversion,REJECTED_PHYSICAL,XY,z,-0.0625,x,0.0625,y,0.1875,0.13688521071212376,0.9033081055104687,0.7664228947983449,0.04000015580667526,0.163674380721008
2003,1.0,20dB_nominal_difference,imag,linear_a_exact_conversion,REJECTED_PHYSICAL,XY,z,-0.0625,x,0.1875,y,0.1875,0.11174509915929395,0.7736479863106379,0.6619028871513439,0.04000015580667526,0.163674380721008
2003,1.0,20dB_nominal_difference,imag,linear_a_exact_conversion,REJECTED_PHYSICAL,XY,z,-0.0625,x,0.3125,y,0.1875,0.08474302330367384,0.6093714050479833,0.5246283817443094,0.04000015580667526,0.163674380721008
2003,1.0,20dB_nominal_difference,imag,linear_a_exact_conversion,REJECTED_PHYSICAL,XY,z,-0.0625,x,0.4375,y,0.1875,0.062260559952542746,0.4301958937580309,0.36793533380548815,0.04000015580667526,0.163674380721008
2003,1.0,20dB_nominal_difference,imag,linear_a_exact_conversion,REJECTED_PHYSICAL,XY,z,-0.0625,x,0.5625,y,0.1875,0.0485319027542396,0.2519075403551518,0.20337563760091218,0.04000015580667526,0.163674380721008
2003,1.0,20dB_nominal_difference,imag,linear_a_exact_conversion,REJECTED_PHYSICAL,XY,z,-0.0625,x,0.6875,y,0.1875,0.042499878614168186,0.08549344900652467,0.04299357039235648,0.04000015580667526,0.163674380721008
2003,1.0,20dB_nominal_difference,imag,linear_a_exact_conversion,REJECTED_PHYSICAL,XY,z,-0.0625,x,-0.6875,y,0.3125,0.05261255142733424,0.07944429877352402,0.02683174734618978,0.04000015580667526,0.163674380721008
2003,1.0,20dB_nominal_difference,imag,linear_a_exact_conversion,REJECTED_PHYSICAL,XY,z,-0.0625,x,-0.5625,y,0.3125,0.0684128538147093,0.32503471852224564,0.25662186470753634,0.04000015580667526,0.163674380721008
2003,1.0,20dB_nominal_difference,imag,linear_a_exact_conversion,REJECTED_PHYSICAL,XY,z,-0.0625,x,-0.4375,y,0.3125,0.09087823317155115,0.5637344523902706,0.4728562192187195,0.04000015580667526,0.163674380721008
2003,1.0,20dB_nominal_difference,imag,linear_a_exact_conversion,REJECTED_PHYSICAL,XY,z,-0.0625,x,-0.3125,y,0.3125,0.11345349775818503,0.7515776746151109,0.6381241768569259,0.04000015580667526,0.163674380721008
2003,1.0,20dB_nominal_difference,imag,linear_a_exact_conversion,REJECTED_PHYSICAL,XY,z,-0.0625,x,-0.1875,y,0.3125,0.12786602111867237,0.8633591204793374,0.735493099360665,0.04000015580667526,0.163674380721008
2003,1.0,20dB_nominal_difference,imag,linear_a_exact_conversion,REJECTED_PHYSICAL,XY,z,-0.0625,x,-0.0625,y,0.3125,0.13024674790657753,0.8897326800822476,0.7594859321756701,0.04000015580667526,0.163674380721008
2003,1.0,20dB_nominal_difference,imag,linear_a_exact_conversion,REJECTED_PHYSICAL,XY,z,-0.0625,x,0.0625,y,0.3125,0.12129664598653803,0.8366376106045343,0.7153409646179963,0.04000015580667526,0.163674380721008
2003,1.0,20dB_nominal_difference,imag,linear_a_exact_conversion,REJECTED_PHYSICAL,XY,z,-0.0625,x,0.1875,y,0.3125,0.10297536110236849,0.7202477624728452,0.6172724013704767,0.04000015580667526,0.163674380721008
2003,1.0,20dB_nominal_difference,imag,linear_a_exact_conversion,REJECTED_PHYSICAL,XY,z,-0.0625,x,0.3125,y,0.3125,0.07980093621515352,0.5616562366158382,0.4818553004006847,0.04000015580667526,0.163674380721008
2003,1.0,20dB_nominal_difference,imag,linear_a_exact_conversion,REJECTED_PHYSICAL,XY,z,-0.0625,x,0.4375,y,0.3125,0.05952259275985332,0.38236504815289146,0.32284245539303813,0.04000015580667526,0.163674380721008
2003,1.0,20dB_nominal_difference,imag,linear_a_exact_conversion,REJECTED_PHYSICAL,XY,z,-0.0625,x,0.5625,y,0.3125,0.04724895876292659,0.20088711282145819,0.1536381540585316,0.04000015580667526,0.163674380721008
2003,1.0,20dB_nominal_difference,imag,linear_a_exact_conversion,REJECTED_PHYSICAL,XY,z,-0.0625,x,0.6875,y,0.3125,0.04204247644349049,0.03335557294345142,-0.008686903500039068,0.04000015580667526,0.163674380721008
2003,1.0,20dB_nominal_difference,imag,linear_a_exact_conversion,REJECTED_PHYSICAL,XY,z,-0.0625,x,-0.6875,y,0.4375,0.045146833362529254,-0.008773833768283357,-0.05392066713081261,0.04000015580667526,0.163674380721008
2003,1.0,20dB_nominal_difference,imag,linear_a_exact_conversion,REJECTED_PHYSICAL,XY,z,-0.0625,x,-0.5625,y,0.4375,0.052308006267595956,0.16639455438376355,0.11408654811616759,0.04000015580667526,0.163674380721008
2003,1.0,20dB_nominal_difference,imag,linear_a_exact_conversion,REJECTED_PHYSICAL,XY,z,-0.0625,x,-0.4375,y,0.4375,0.0635996340198682,0.35405425162637355,0.29045461760650537,0.04000015580667526,0.163674380721008
2003,1.0,20dB_nominal_difference,imag,linear_a_exact_conversion,REJECTED_PHYSICAL,XY,z,-0.0625,x,-0.3125,y,0.4375,0.07692163679972497,0.5219076072956826,0.4449859704959577,0.04000015580667526,0.163674380721008
2003,1.0,20dB_nominal_difference,imag,linear_a_exact_conversion,REJECTED_PHYSICAL,XY,z,-0.0625,x,-0.1875,y,0.4375,0.08851586134200791,0.6393384180574484,0.5508225567154404,0.04000015580667526,0.163674380721008
2003,1.0,20dB_nominal_difference,imag,linear_a_exact_conversion,REJECTED_PHYSICAL,XY,z,-0.0625,x,-0.0625,y,0.4375,0.09505083051922082,0.6862793699245581,0.5912285394053373,0.04000015580667526,0.163674380721008
2003,1.0,20dB_nominal_difference,imag,linear_a_exact_conversion,REJECTED_PHYSICAL,XY,z,-0.0625,x,0.0625,y,0.4375,0.09390935418559936,0.6586194825710808,0.5647101283854815,0.04000015580667526,0.163674380721008
2003,1.0,20dB_nominal_difference,imag,linear_a_exact_conversion,REJECTED_PHYSICAL,XY,z,-0.0625,x,0.1875,y,0.4375,0.08376161542003223,0.5660658759879149,0.48230426056788267,0.04000015580667526,0.163674380721008
2003,1.0,20dB_nominal_difference,imag,linear_a_exact_conversion,REJECTED_PHYSICAL,XY,z,-0.0625,x,0.3125,y,0.4375,0.06787722682085688,0.4267657716821794,0.3588885448613225,0.04000015580667526,0.163674380721008
2003,1.0,20dB_nominal_difference,imag,linear_a_exact_conversion,REJECTED_PHYSICAL,XY,z,-0.0625,x,0.4375,y,0.4375,0.0534028942982199,0.261574965834953,0.2081720715367331,0.04000015580667526,0.163674380721008
2003,1.0,20dB_nominal_difference,imag,linear_a_exact_conversion,REJECTED_PHYSICAL,XY,z,-0.0625,x,0.5625,y,0.4375,0.04480510916222494,0.08989804700353562,0.04509293784131069,0.04000015580667526,0.163674380721008
2003,1.0,20dB_nominal_difference,imag,linear_a_exact_conversion,REJECTED_PHYSICAL,XY,z,-0.0625,x,0.6875,y,0.4375,0.04130161756945503,-0.06696536502346169,-0.10826698259291673,0.04000015580667526,0.163674380721008
2003,1.0,20dB_nominal_difference,imag,linear_a_exact_conversion,REJECTED_PHYSICAL,XY,z,-0.0625,x,-0.6875,y,0.5625,0.04155453055242604,-0.09606186678435266,-0.13761639733677872,0.04000015580667526,0.163674380721008
2003,1.0,20dB_nominal_difference,imag,linear_a_exact_conversion,REJECTED_PHYSICAL,XY,z,-0.0625,x,-0.5625,y,0.5625,0.04401700141223197,-0.0003499422409997798,-0.04436694365323175,0.04000015580667526,0.163674380721008
2003,1.0,20dB_nominal_difference,imag,linear_a_exact_conversion,REJECTED_PHYSICAL,XY,z,-0.0625,x,-0.4375,y,0.5625,0.048436595860168206,0.12435548468574185,0.07591888882557365,0.04000015580667526,0.163674380721008
2003,1.0,20dB_nominal_difference,imag,linear_a_exact_conversion,REJECTED_PHYSICAL,XY,z,-0.0625,x,-0.3125,y,0.5625,0.05467394860763999,0.253828292248291,0.19915434364065102,0.04000015580667526,0.163674380721008
2003,1.0,20dB_nominal_difference,imag,linear_a_exact_conversion,REJECTED_PHYSICAL,XY,z,-0.0625,x,-0.1875,y,0.5625,0.06165764159022336,0.35852384472276183,0.2968662031325385,0.04000015580667526,0.163674380721008
2003,1.0,20dB_nominal_difference,imag,linear_a_exact_conversion,REJECTED_PHYSICAL,XY,z,-0.0625,x,-0.0625,y,0.5625,0.0673760067132258,0.4143290373475093,0.3469530306342835,0.04000015580667526,0.163674380721008
2003,1.0,20dB_nominal_difference,imag,linear_a_exact_conversion,REJECTED_PHYSICAL,XY,z,-0.0625,x,0.0625,y,0.5625,0.06887981651268772,0.4094378400229375,0.3405580235102498,0.04000015580667526,0.163674380721008
2003,1.0,20dB_nominal_difference,imag,linear_a_exact_conversion,REJECTED_PHYSICAL,XY,z,-0.0625,x,0.1875,y,0.5625,0.0641626244070744,0.3457561162717223,0.2815934918646479,0.04000015580667526,0.163674380721008
2003,1.0,20dB_nominal_difference,imag,linear_a_exact_conversion,REJECTED_PHYSICAL,XY,z,-0.0625,x,0.3125,y,0.5625,0.05529949586953234,0.2354620585231292,0.18016256265359687,0.04000015580667526,0.163674380721008
2003,1.0,20dB_nominal_difference,imag,linear_a_exact_conversion,REJECTED_PHYSICAL,XY,z,-0.0625,x,0.4375,y,0.5625,0.04715181215615008,0.09540203256217114,0.04825022040602106,0.04000015580667526,0.163674380721008
2003,1.0,20dB_nominal_difference,imag,linear_a_exact_conversion,REJECTED_PHYSICAL,XY,z,-0.0625,x,0.5625,y,0.5625,0.042469036992147643,-0.057325638251483284,-0.09979467524363092,0.04000015580667526,0.163674380721008
2003,1.0,20dB_nominal_difference,imag,linear_a_exact_conversion,REJECTED_PHYSICAL,XY,z,-0.0625,x,0.6875,y,0.5625,0.04064411430786136,-0.1975219874727185,-0.23816610178057987,0.04000015580667526,0.163674380721008
2003,1.0,20dB_nominal_difference,imag,linear_a_exact_conversion,REJECTED_PHYSICAL,XY,z,-0.0625,x,-0.6875,y,0.6875,0.0403989351377876,-0.16620305986933628,-0.2066019950071239,0.04000015580667526,0.163674380721008
2003,1.0,20dB_nominal_difference,imag,linear_a_exact_conversion,REJECTED_PHYSICAL,XY,z,-0.0625,x,-0.5625,y,0.6875,0.04113120583550842,-0.1500219688105952,-0.19115317464610362,0.04000015580667526,0.163674380721008
2003,1.0,20dB_nominal_difference,imag,linear_a_exact_conversion,REJECTED_PHYSICAL,XY,z,-0.0625,x,-0.4375,y,0.6875,0.042630474195134264,-0.08320452943776749,-0.12583500363290176,0.04000015580667526,0.163674380721008
2003,1.0,20dB_nominal_difference,imag,linear_a_exact_conversion,REJECTED_PHYSICAL,XY,z,-0.0625,x,-0.3125,y,0.6875,0.045100938048975955,0.004955550790211727,-0.04014538725876423,0.04000015580667526,0.163674380721008
2003,1.0,20dB_nominal_difference,imag,linear_a_exact_conversion,REJECTED_PHYSICAL,XY,z,-0.0625,x,-0.1875,y,0.6875,0.04836173594686007,0.09027878323156913,0.041917047284709054,0.04000015580667526,0.163674380721008
2003,1.0,20dB_nominal_difference,imag,linear_a_exact_conversion,REJECTED_PHYSICAL,XY,z,-0.0625,x,-0.0625,y,0.6875,0.05145596596372576,0.149355832588985,0.09789986662525924,0.04000015580667526,0.163674380721008
2003,1.0,20dB_nominal_difference,imag,linear_a_exact_conversion,REJECTED_PHYSICAL,XY,z,-0.0625,x,0.0625,y,0.6875,0.05259007729992901,0.16519754365801367,0.11260746635808466,0.04000015580667526,0.163674380721008
2003,1.0,20dB_nominal_difference,imag,linear_a_exact_conversion,REJECTED_PHYSICAL,XY,z,-0.0625,x,0.1875,y,0.6875,0.05056723797387832,0.1318472055318801,0.08127996755800176,0.04000015580667526,0.163674380721008
2003,1.0,20dB_nominal_difference,imag,linear_a_exact_conversion,REJECTED_PHYSICAL,XY,z,-0.0625,x,0.3125,y,0.6875,0.046542039486185904,0.05401806357704208,0.0074760240908561745,0.04000015580667526,0.163674380721008
2003,1.0,20dB_nominal_difference,imag,linear_a_exact_conversion,REJECTED_PHYSICAL,XY,z,-0.0625,x,0.4375,y,0.6875,0.04295074737144104,-0.057436948877487466,-0.10038769624892852,0.04000015580667526,0.163674380721008
2003,1.0,20dB_nominal_difference,imag,linear_a_exact_conversion,REJECTED_PHYSICAL,XY,z,-0.0625,x,0.5625,y,0.6875,0.040979898299777905,-0.19109436588326256,-0.23207426418304047,0.04000015580667526,0.163674380721008
2003,1.0,20dB_nominal_difference,imag,linear_a_exact_conversion,REJECTED_PHYSICAL,XY,z,-0.0625,x,0.6875,y,0.6875,0.040247123462449144,-0.3287456430668675,-0.3689927665293166,0.04000015580667526,0.163674380721008
2003,1.0,20dB_nominal_difference,imag,linear_a_exact_conversion,REJECTED_PHYSICAL,XZ,y,-0.0625,x,-0.6875,z,-0.6875,0.040868546119287474,-0.19734787292756556,-0.23821641904685303,0.04000015580667526,0.163674380721008
2003,1.0,20dB_nominal_difference,imag,linear_a_exact_conversion,REJECTED_PHYSICAL,XZ,y,-0.0625,x,-0.5625,z,-0.6875,0.04222009810644191,-0.11277351514733205,-0.15499361325377398,0.04000015580667526,0.163674380721008
2003,1.0,20dB_nominal_difference,imag,linear_a_exact_conversion,REJECTED_PHYSICAL,XZ,y,-0.0625,x,-0.4375,z,-0.6875,0.0447120270693828,-0.011385875261867963,-0.05609790233125076,0.04000015580667526,0.163674380721008
2003,1.0,20dB_nominal_difference,imag,linear_a_exact_conversion,REJECTED_PHYSICAL,XZ,y,-0.0625,x,-0.3125,z,-0.6875,0.04841723302722367,0.0744021112924432,0.02598487826521953,0.04000015580667526,0.163674380721008
2003,1.0,20dB_nominal_difference,imag,linear_a_exact_conversion,REJECTED_PHYSICAL,XZ,y,-0.0625,x,-0.1875,z,-0.6875,0.05265208297165072,0.1174285373335684,0.06477645436191767,0.04000015580667526,0.163674380721008
2003,1.0,20dB_nominal_difference,imag,linear_a_exact_conversion,REJECTED_PHYSICAL,XZ,y,-0.0625,x,-0.0625,z,-0.6875,0.05580939135375661,0.1125129476596876,0.05670355630593099,0.04000015580667526,0.163674380721008
2003,1.0,20dB_nominal_difference,imag,linear_a_exact_conversion,REJECTED_PHYSICAL,XZ,y,-0.0625,x,0.0625,z,-0.6875,0.05615223530031655,0.07576559220133186,0.01961335690101531,0.04000015580667526,0.163674380721008
2003,1.0,20dB_nominal_difference,imag,linear_a_exact_conversion,REJECTED_PHYSICAL,XZ,y,-0.0625,x,0.1875,z,-0.6875,0.053298328566675865,0.03509396318304472,-0.018204365383631148,0.04000015580667526,0.163674380721008
2003,1.0,20dB_nominal_difference,imag,linear_a_exact_conversion,REJECTED_PHYSICAL,XZ,y,-0.0625,x,0.3125,z,-0.6875,0.048733998410806056,0.017593925073508588,-0.03114007333729747,0.04000015580667526,0.163674380721008
2003,1.0,20dB_nominal_difference,imag,linear_a_exact_conversion,REJECTED_PHYSICAL,XZ,y,-0.0625,x,0.4375,z,-0.6875,0.0445481477333863,0.03798336440582544,-0.006564783327560858,0.04000015580667526,0.163674380721008
2003,1.0,20dB_nominal_difference,imag,linear_a_exact_conversion,REJECTED_PHYSICAL,XZ,y,-0.0625,x,0.5625,z,-0.6875,0.04187161543589744,0.09403652540680145,0.05216490997090401,0.04000015580667526,0.163674380721008
2003,1.0,20dB_nominal_difference,imag,linear_a_exact_conversion,REJECTED_PHYSICAL,XZ,y,-0.0625,x,0.6875,z,-0.6875,0.040607611136299245,0.1690186036863391,0.12841099255003985,0.04000015580667526,0.163674380721008
2003,1.0,20dB_nominal_difference,imag,linear_a_exact_conversion,REJECTED_PHYSICAL,XZ,y,-0.0625,x,-0.6875,z,-0.5625,0.04221584655752198,-0.11597324165180427,-0.15818908820932626,0.04000015580667526,0.163674380721008
2003,1.0,20dB_nominal_difference,imag,linear_a_exact_conversion,REJECTED_PHYSICAL,XZ,y,-0.0625,x,-0.5625,z,-0.5625,0.04537201392835385,0.01669213386266451,-0.028679880065689337,0.04000015580667526,0.163674380721008
2003,1.0,20dB_nominal_difference,imag,linear_a_exact_conversion,REJECTED_PHYSICAL,XZ,y,-0.0625,x,-0.4375,z,-0.5625,0.05071678855161721,0.16331470304596468,0.11259791449434747,0.04000015580667526,0.163674380721008
2003,1.0,20dB_nominal_difference,imag,linear_a_exact_conversion,REJECTED_PHYSICAL,XZ,y,-0.0625,x,-0.3125,z,-0.5625,0.057982990428343366,0.28476116666859214,0.22677817624024876,0.04000015580667526,0.163674380721008
2003,1.0,20dB_nominal_difference,imag,linear_a_exact_conversion,REJECTED_PHYSICAL,XZ,y,-0.0625,x,-0.1875,z,-0.5625,0.06563524444284853,0.35229465329305004,0.2866594088502015,0.04000015580667526,0.163674380721008
2003,1.0,20dB_nominal_difference,imag,linear_a_exact_conversion,REJECTED_PHYSICAL,XZ,y,-0.0625,x,-0.0625,z,-0.5625,0.07084440738469061,0.3609683239003046,0.290123916515614,0.04000015580667526,0.163674380721008
2003,1.0,20dB_nominal_difference,imag,linear_a_exact_conversion,REJECTED_PHYSICAL,XZ,y,-0.0625,x,0.0625,z,-0.5625,0.07078856422164018,0.3254909276132144,0.25470236339157426,0.04000015580667526,0.163674380721008
2003,1.0,20dB_nominal_difference,imag,linear_a_exact_conversion,REJECTED_PHYSICAL,XZ,y,-0.0625,x,0.1875,z,-0.5625,0.06502681023437898,0.2697266785766063,0.20469986834222734,0.04000015580667526,0.163674380721008
2003,1.0,20dB_nominal_difference,imag,linear_a_exact_conversion,REJECTED_PHYSICAL,XZ,y,-0.0625,x,0.3125,z,-0.5625,0.05633149145312438,0.21643745698563494,0.16010596553251055,0.04000015580667526,0.163674380721008
2003,1.0,20dB_nominal_difference,imag,linear_a_exact_conversion,REJECTED_PHYSICAL,XZ,y,-0.0625,x,0.4375,z,-0.5625,0.04847862952345985,0.17933016960264686,0.130851540079187,0.04000015580667526,0.163674380721008
2003,1.0,20dB_nominal_difference,imag,linear_a_exact_conversion,REJECTED_PHYSICAL,XZ,y,-0.0625,x,0.5625,z,-0.5625,0.04348423389284176,0.15801744412023452,0.11453321022739277,0.04000015580667526,0.163674380721008
2003,1.0,20dB_nominal_difference,imag,linear_a_exact_conversion,REJECTED_PHYSICAL,XZ,y,-0.0625,x,0.6875,z,-0.5625,0.04113043077314255,0.1293568342585468,0.08822640348540425,0.04000015580667526,0.163674380721008
2003,1.0,20dB_nominal_difference,imag,linear_a_exact_conversion,REJECTED_PHYSICAL,XZ,y,-0.0625,x,-0.6875,z,-0.4375,0.044760832984435284,-0.03196629430409288,-0.07672712728852817,0.04000015580667526,0.163674380721008
2003,1.0,20dB_nominal_difference,imag,linear_a_exact_conversion,REJECTED_PHYSICAL,XZ,y,-0.0625,x,-0.5625,z,-0.4375,0.05097234152675774,0.15643016677096097,0.10545782524420323,0.04000015580667526,0.163674380721008
2003,1.0,20dB_nominal_difference,imag,linear_a_exact_conversion,REJECTED_PHYSICAL,XZ,y,-0.0625,x,-0.4375,z,-0.4375,0.06058950189645872,0.3480739897548766,0.28748448785841785,0.04000015580667526,0.163674380721008
2003,1.0,20dB_nominal_difference,imag,linear_a_exact_conversion,REJECTED_PHYSICAL,XZ,y,-0.0625,x,-0.3125,z,-0.4375,0.07229706179483097,0.495604700925127,0.423307639130296,0.04000015580667526,0.163674380721008
2003,1.0,20dB_nominal_difference,imag,linear_a_exact_conversion,REJECTED_PHYSICAL,XZ,y,-0.0625,x,-0.1875,z,-0.4375,0.08321225008554131,0.5720913322283405,0.4888790821427992,0.04000015580667526,0.163674380721008
2003,1.0,20dB_nominal_difference,imag,linear_a_exact_conversion,REJECTED_PHYSICAL,XZ,y,-0.0625,x,-0.0625,z,-0.4375,0.08947757634277925,0.5771185731963163,0.48764099685353707,0.04000015580667526,0.163674380721008
2003,1.0,20dB_nominal_difference,imag,linear_a_exact_conversion,REJECTED_PHYSICAL,XZ,y,-0.0625,x,0.0625,z,-0.4375,0.08780263780404378,0.5277449929392447,0.4399423551352009,0.04000015580667526,0.163674380721008
2003,1.0,20dB_nominal_difference,imag,linear_a_exact_conversion,REJECTED_PHYSICAL,XZ,y,-0.0625,x,0.1875,z,-0.4375,0.07814005141491473,0.4472495080746285,0.36910945665971373,0.04000015580667526,0.163674380721008
2003,1.0,20dB_nominal_difference,imag,linear_a_exact_conversion,REJECTED_PHYSICAL,XZ,y,-0.0625,x,0.3125,z,-0.4375,0.06465242797003427,0.35704032376475775,0.29238789579472346,0.04000015580667526,0.163674380721008
2003,1.0,20dB_nominal_difference,imag,linear_a_exact_conversion,REJECTED_PHYSICAL,XZ,y,-0.0625,x,0.4375,z,-0.4375,0.05274038362482215,0.2713551284513462,0.21861474482652404,0.04000015580667526,0.163674380721008
2003,1.0,20dB_nominal_difference,imag,linear_a_exact_conversion,REJECTED_PHYSICAL,XZ,y,-0.0625,x,0.5625,z,-0.4375,0.04522422040017787,0.19410128584903097,0.1488770654488531,0.04000015580667526,0.163674380721008
2003,1.0,20dB_nominal_difference,imag,linear_a_exact_conversion,REJECTED_PHYSICAL,XZ,y,-0.0625,x,0.6875,z,-0.4375,0.04169297622588275,0.1146923027133376,0.07299932648745484,0.04000015580667526,0.163674380721008
2003,1.0,20dB_nominal_difference,imag,linear_a_exact_conversion,REJECTED_PHYSICAL,XZ,y,-0.0625,x,-0.6875,z,-0.3125,0.04917107194785049,0.028482178323519892,-0.020688893624330598,0.04000015580667526,0.163674380721008
2003,1.0,20dB_nominal_difference,imag,linear_a_exact_conversion,REJECTED_PHYSICAL,XZ,y,-0.0625,x,-0.5625,z,-0.3125,0.05989004669962481,0.2760201770350144,0.2161301303353896,0.04000015580667526,0.163674380721008
2003,1.0,20dB_nominal_difference,imag,linear_a_exact_conversion,REJECTED_PHYSICAL,XZ,y,-0.0625,x,-0.4375,z,-0.3125,0.07486064583305016,0.5085386112527651,0.43367796541971493,0.04000015580667526,0.163674380721008
2003,1.0,20dB_nominal_difference,imag,linear_a_exact_conversion,REJECTED_PHYSICAL,XZ,y,-0.0625,x,-0.3125,z,-0.3125,0.09061665783399465,0.6723964824996418,0.5817798246656471,0.04000015580667526,0.163674380721008
2003,1.0,20dB_nominal_difference,imag,linear_a_exact_conversion,REJECTED_PHYSICAL,XZ,y,-0.0625,x,-0.1875,z,-0.3125,0.10255800251012556,0.747721525588527,0.6451635230784014,0.04000015580667526,0.163674380721008
2003,1.0,20dB_nominal_difference,imag,linear_a_exact_conversion,REJECTED_PHYSICAL,XZ,y,-0.0625,x,-0.0625,z,-0.3125,0.10686540387131938,0.7417657492987006,0.6349003454273813,0.04000015580667526,0.163674380721008
2003,1.0,20dB_nominal_difference,imag,linear_a_exact_conversion,REJECTED_PHYSICAL,XZ,y,-0.0625,x,0.0625,z,-0.3125,0.10149597782682143,0.6752410166913615,0.5737450388645401,0.04000015580667526,0.163674380721008
2003,1.0,20dB_nominal_difference,imag,linear_a_exact_conversion,REJECTED_PHYSICAL,XZ,y,-0.0625,x,0.1875,z,-0.3125,0.08763754408000403,0.5716670343770148,0.4840294902970108,0.04000015580667526,0.163674380721008
2003,1.0,20dB_nominal_difference,imag,linear_a_exact_conversion,REJECTED_PHYSICAL,XZ,y,-0.0625,x,0.3125,z,-0.3125,0.07032323597029262,0.45179873520632946,0.38147549923603685,0.04000015580667526,0.163674380721008
2003,1.0,20dB_nominal_difference,imag,linear_a_exact_conversion,REJECTED_PHYSICAL,XZ,y,-0.0625,x,0.4375,z,-0.3125,0.05555591623992474,0.33071328401617145,0.2751573677762467,0.04000015580667526,0.163674380721008
2003,1.0,20dB_nominal_difference,imag,linear_a_exact_conversion,REJECTED_PHYSICAL,XZ,y,-0.0625,x,0.5625,z,-0.3125,0.04635332669642458,0.21628677014168524,0.16993344344526065,0.04000015580667526,0.163674380721008
2003,1.0,20dB_nominal_difference,imag,linear_a_exact_conversion,REJECTED_PHYSICAL,XZ,y,-0.0625,x,0.6875,z,-0.3125,0.042052654777351046,0.10573367791721823,0.06368102313986718,0.04000015580667526,0.163674380721008
2003,1.0,20dB_nominal_difference,imag,linear_a_exact_conversion,REJECTED_PHYSICAL,XZ,y,-0.0625,x,-0.6875,z,-0.1875,0.05687032824262196,0.05099041354231956,-0.005879914700302399,0.04000015580667526,0.163674380721008
2003,1.0,20dB_nominal_difference,imag,linear_a_exact_conversion,REJECTED_PHYSICAL,XZ,y,-0.0625,x,-0.5625,z,-0.1875,0.07407196069512947,0.3510794364449717,0.2770074757498422,0.04000015580667526,0.163674380721008
2003,1.0,20dB_nominal_difference,imag,linear_a_exact_conversion,REJECTED_PHYSICAL,XZ,y,-0.0625,x,-0.4375,z,-0.1875,0.09537474528183924,0.6145165521435625,0.5191418068617233,0.04000015580667526,0.163674380721008
2003,1.0,20dB_nominal_difference,imag,linear_a_exact_conversion,REJECTED_PHYSICAL,XZ,y,-0.0625,x,-0.3125,z,-0.1875,0.1137479120362945,0.7852263953211824,0.6714784832848879,0.04000015580667526,0.163674380721008
2003,1.0,20dB_nominal_difference,imag,linear_a_exact_conversion,REJECTED_PHYSICAL,XZ,y,-0.0625,x,-0.1875,z,-0.1875,0.12273581252557511,0.8539061319986241,0.731170319473049,0.04000015580667526,0.163674380721008
2003,1.0,20dB_nominal_difference,imag,linear_a_exact_conversion,REJECTED_PHYSICAL,XZ,y,-0.0625,x,-0.0625,z,-0.1875,0.12039390610244413,0.8360858174535729,0.7156919113511288,0.04000015580667526,0.163674380721008
2003,1.0,20dB_nominal_difference,imag,linear_a_exact_conversion,REJECTED_PHYSICAL,XZ,y,-0.0625,x,0.0625,z,-0.1875,0.10848567352746008,0.7556190689314797,0.6471333954040196,0.04000015580667526,0.163674380721008
2003,1.0,20dB_nominal_difference,imag,linear_a_exact_conversion,REJECTED_PHYSICAL,XZ,y,-0.0625,x,0.1875,z,-0.1875,0.09051962970415701,0.6359593067921087,0.5454396770879516,0.04000015580667526,0.163674380721008
2003,1.0,20dB_nominal_difference,imag,linear_a_exact_conversion,REJECTED_PHYSICAL,XZ,y,-0.0625,x,0.3125,z,-0.1875,0.07135899873717674,0.49709960874098563,0.4257406100038089,0.04000015580667526,0.163674380721008
2003,1.0,20dB_nominal_difference,imag,linear_a_exact_conversion,REJECTED_PHYSICAL,XZ,y,-0.0625,x,0.4375,z,-0.1875,0.05589750171102202,0.3544186836714673,0.29852118196044525,0.04000015580667526,0.163674380721008
2003,1.0,20dB_nominal_difference,imag,linear_a_exact_conversion,REJECTED_PHYSICAL,XZ,y,-0.0625,x,0.5625,z,-0.1875,0.04644062754636923,0.2179418101188258,0.17150118257245656,0.04000015580667526,0.163674380721008
2003,1.0,20dB_nominal_difference,imag,linear_a_exact_conversion,REJECTED_PHYSICAL,XZ,y,-0.0625,x,0.6875,z,-0.1875,0.042061682261814066,0.08914839980284595,0.04708671754103188,0.04000015580667526,0.163674380721008
2003,1.0,20dB_nominal_difference,imag,linear_a_exact_conversion,REJECTED_PHYSICAL,XZ,y,-0.0625,x,-0.6875,z,-0.0625,0.06749798464259113,0.03295689632760899,-0.03454108831498214,0.04000015580667526,0.163674380721008
2003,1.0,20dB_nominal_difference,imag,linear_a_exact_conversion,REJECTED_PHYSICAL,XZ,y,-0.0625,x,-0.5625,z,-0.0625,0.0924583346322828,0.3651257847290061,0.2726674500967233,0.04000015580667526,0.163674380721008
2003,1.0,20dB_nominal_difference,imag,linear_a_exact_conversion,REJECTED_PHYSICAL,XZ,y,-0.0625,x,-0.4375,z,-0.0625,0.12022275489155235,0.6418476404271262,0.5216248855355738,0.04000015580667526,0.163674380721008
2003,1.0,20dB_nominal_difference,imag,linear_a_exact_conversion,REJECTED_PHYSICAL,XZ,y,-0.0625,x,-0.3125,z,-0.0625,0.13941173146332025,0.8101945615683186,0.6707828301049983,0.04000015580667526,0.163674380721008
2003,1.0,20dB_nominal_difference,imag,linear_a_exact_conversion,REJECTED_PHYSICAL,XZ,y,-0.0625,x,-0.1875,z,-0.0625,0.14204895694150824,0.8712970241955277,0.7292480672540195,0.04000015580667526,0.163674380721008
2003,1.0,20dB_nominal_difference,imag,linear_a_exact_conversion,REJECTED_PHYSICAL,XZ,y,-0.0625,x,-0.0625,z,-0.0625,0.1296726376248023,0.8463621470577525,0.7166895094329502,0.04000015580667526,0.163674380721008
2003,1.0,20dB_nominal_difference,imag,linear_a_exact_conversion,REJECTED_PHYSICAL,XZ,y,-0.0625,x,0.0625,z,-0.0625,0.10968324680704317,0.7602904744641616,0.6506072276571184,0.04000015580667526,0.163674380721008
2003,1.0,20dB_nominal_difference,imag,linear_a_exact_conversion,REJECTED_PHYSICAL,XZ,y,-0.0625,x,0.1875,z,-0.0625,0.08836681093770062,0.6354524247796681,0.5470856138419675,0.04000015580667526,0.163674380721008
2003,1.0,20dB_nominal_difference,imag,linear_a_exact_conversion,REJECTED_PHYSICAL,XZ,y,-0.0625,x,0.3125,z,-0.0625,0.0692222961257432,0.490531462291071,0.42130916616532776,0.04000015580667526,0.163674380721008
2003,1.0,20dB_nominal_difference,imag,linear_a_exact_conversion,REJECTED_PHYSICAL,XZ,y,-0.0625,x,0.4375,z,-0.0625,0.05466901134123281,0.3403957383424588,0.285726727001226,0.04000015580667526,0.163674380721008
2003,1.0,20dB_nominal_difference,imag,linear_a_exact_conversion,REJECTED_PHYSICAL,XZ,y,-0.0625,x,0.5625,z,-0.0625,0.045872837212520334,0.19571135940001913,0.1498385221874988,0.04000015580667526,0.163674380721008
2003,1.0,20dB_nominal_difference,imag,linear_a_exact_conversion,REJECTED_PHYSICAL,XZ,y,-0.0625,x,0.6875,z,-0.0625,0.0418360047357586,0.06057763442123649,0.018741629685477885,0.04000015580667526,0.163674380721008
2003,1.0,20dB_nominal_difference,imag,linear_a_exact_conversion,REJECTED_PHYSICAL,XZ,y,-0.0625,x,-0.6875,z,0.0625,0.07352666874344685,-0.009464231868252147,-0.082990900611699,0.04000015580667526,0.163674380721008
2003,1.0,20dB_nominal_difference,imag,linear_a_exact_conversion,REJECTED_PHYSICAL,XZ,y,-0.0625,x,-0.5625,z,0.0625,0.10197653608310518,0.32162366884419147,0.21964713276108627,0.04000015580667526,0.163674380721008
2003,1.0,20dB_nominal_difference,imag,linear_a_exact_conversion,REJECTED_PHYSICAL,XZ,y,-0.0625,x,-0.4375,z,0.0625,0.13158217797302782,0.5867646975138376,0.4551825195408098,0.04000015580667526,0.163674380721008
2003,1.0,20dB_nominal_difference,imag,linear_a_exact_conversion,REJECTED_PHYSICAL,XZ,y,-0.0625,x,-0.3125,z,0.0625,0.14885459049243033,0.7421008594878664,0.5932462689954361,0.04000015580667526,0.163674380721008
2003,1.0,20dB_nominal_difference,imag,linear_a_exact_conversion,REJECTED_PHYSICAL,XZ,y,-0.0625,x,-0.1875,z,0.0625,0.14584067406802456,0.7958770381917231,0.6500363641236985,0.04000015580667526,0.163674380721008
2003,1.0,20dB_nominal_difference,imag,linear_a_exact_conversion,REJECTED_PHYSICAL,XZ,y,-0.0625,x,-0.0625,z,0.0625,0.12710625397589592,0.7705655528718679,0.643459298895972,0.04000015580667526,0.163674380721008
2003,1.0,20dB_nominal_difference,imag,linear_a_exact_conversion,REJECTED_PHYSICAL,XZ,y,-0.0625,x,0.0625,z,0.0625,0.10384142445224848,0.6893237945313807,0.5854823700791323,0.04000015580667526,0.163674380721008
2003,1.0,20dB_nominal_difference,imag,linear_a_exact_conversion,REJECTED_PHYSICAL,XZ,y,-0.0625,x,0.1875,z,0.0625,0.08324132260189218,0.5720167077239989,0.4887753851221067,0.04000015580667526,0.163674380721008
2003,1.0,20dB_nominal_difference,imag,linear_a_exact_conversion,REJECTED_PHYSICAL,XZ,y,-0.0625,x,0.3125,z,0.0625,0.06642672268290688,0.435092292106108,0.3686655694232011,0.04000015580667526,0.163674380721008
2003,1.0,20dB_nominal_difference,imag,linear_a_exact_conversion,REJECTED_PHYSICAL,XZ,y,-0.0625,x,0.4375,z,0.0625,0.05351589426070151,0.2918975512141283,0.23838165695342678,0.04000015580667526,0.163674380721008
2003,1.0,20dB_nominal_difference,imag,linear_a_exact_conversion,REJECTED_PHYSICAL,XZ,y,-0.0625,x,0.5625,z,0.0625,0.045395872884410444,0.15250950195307522,0.10711362906866478,0.04000015580667526,0.163674380721008
2003,1.0,20dB_nominal_difference,imag,linear_a_exact_conversion,REJECTED_PHYSICAL,XZ,y,-0.0625,x,0.6875,z,0.0625,0.041625311185978495,0.022571321369073277,-0.019053989816905217,0.04000015580667526,0.163674380721008
2003,1.0,20dB_nominal_difference,imag,linear_a_exact_conversion,REJECTED_PHYSICAL,XZ,y,-0.0625,x,-0.6875,z,0.1875,0.06714423765810743,-0.04831441335452828,-0.11545865101263571,0.04000015580667526,0.163674380721008
2003,1.0,20dB_nominal_difference,imag,linear_a_exact_conversion,REJECTED_PHYSICAL,XZ,y,-0.0625,x,-0.5625,z,0.1875,0.0895198730425033,0.24514325202196252,0.15562337897945921,0.04000015580667526,0.163674380721008
2003,1.0,20dB_nominal_difference,imag,linear_a_exact_conversion,REJECTED_PHYSICAL,XZ,y,-0.0625,x,-0.4375,z,0.1875,0.11210075755277904,0.4719654179124939,0.35986466035971487,0.04000015580667526,0.163674380721008
2003,1.0,20dB_nominal_difference,imag,linear_a_exact_conversion,REJECTED_PHYSICAL,XZ,y,-0.0625,x,-0.3125,z,0.1875,0.12416701168535199,0.6016729472220818,0.47750593553672976,0.04000015580667526,0.163674380721008
2003,1.0,20dB_nominal_difference,imag,linear_a_exact_conversion,REJECTED_PHYSICAL,XZ,y,-0.0625,x,-0.1875,z,0.1875,0.12008214277521684,0.6457147360845784,0.5256325933093615,0.04000015580667526,0.163674380721008
2003,1.0,20dB_nominal_difference,imag,linear_a_exact_conversion,REJECTED_PHYSICAL,XZ,y,-0.0625,x,-0.0625,z,0.1875,0.10479805916046792,0.624179730509978,0.5193816713495101,0.04000015580667526,0.163674380721008
2003,1.0,20dB_nominal_difference,imag,linear_a_exact_conversion,REJECTED_PHYSICAL,XZ,y,-0.0625,x,0.0625,z,0.1875,0.08811085263279346,0.5562784258625156,0.4681675732297222,0.04000015580667526,0.163674380721008
2003,1.0,20dB_nominal_difference,imag,linear_a_exact_conversion,REJECTED_PHYSICAL,XZ,y,-0.0625,x,0.1875,z,0.1875,0.07466992176894928,0.457944364130375,0.3832744423614257,0.04000015580667526,0.163674380721008
2003,1.0,20dB_nominal_difference,imag,linear_a_exact_conversion,REJECTED_PHYSICAL,XZ,y,-0.0625,x,0.3125,z,0.1875,0.06302444230798135,0.3420987512830754,0.279074308975094,0.04000015580667526,0.163674380721008
2003,1.0,20dB_nominal_difference,imag,linear_a_exact_conversion,REJECTED_PHYSICAL,XZ,y,-0.0625,x,0.4375,z,0.1875,0.05250515280157601,0.21919182780460678,0.16668667500303075,0.04000015580667526,0.163674380721008
2003,1.0,20dB_nominal_difference,imag,linear_a_exact_conversion,REJECTED_PHYSICAL,XZ,y,-0.0625,x,0.5625,z,0.1875,0.04507929266824712,0.09737555519651958,0.052296262528272464,0.04000015580667526,0.163674380721008
2003,1.0,20dB_nominal_difference,imag,linear_a_exact_conversion,REJECTED_PHYSICAL,XZ,y,-0.0625,x,0.6875,z,0.1875,0.041485366054059905,-0.017435302178052975,-0.05892066823211288,0.04000015580667526,0.163674380721008
2003,1.0,20dB_nominal_difference,imag,linear_a_exact_conversion,REJECTED_PHYSICAL,XZ,y,-0.0625,x,-0.6875,z,0.3125,0.05390651871214417,-0.06279483575527714,-0.1167013544674213,0.04000015580667526,0.163674380721008
2003,1.0,20dB_nominal_difference,imag,linear_a_exact_conversion,REJECTED_PHYSICAL,XZ,y,-0.0625,x,-0.5625,z,0.3125,0.0653292034277991,0.16573953955861748,0.10041033613081837,0.04000015580667526,0.163674380721008
2003,1.0,20dB_nominal_difference,imag,linear_a_exact_conversion,REJECTED_PHYSICAL,XZ,y,-0.0625,x,-0.4375,z,0.3125,0.07677966746806002,0.3347493866037472,0.25796971913568717,0.04000015580667526,0.163674380721008
2003,1.0,20dB_nominal_difference,imag,linear_a_exact_conversion,REJECTED_PHYSICAL,XZ,y,-0.0625,x,-0.3125,z,0.3125,0.08280014782938795,0.42758317475541857,0.34478302692603063,0.04000015580667526,0.163674380721008
2003,1.0,20dB_nominal_difference,imag,linear_a_exact_conversion,REJECTED_PHYSICAL,XZ,y,-0.0625,x,-0.1875,z,0.3125,0.08084317684974168,0.4564378164046083,0.3755946395548666,0.04000015580667526,0.163674380721008
2003,1.0,20dB_nominal_difference,imag,linear_a_exact_conversion,REJECTED_PHYSICAL,XZ,y,-0.0625,x,-0.0625,z,0.3125,0.07416613181928422,0.43795878412458716,0.36379265230530294,0.04000015580667526,0.163674380721008
2003,1.0,20dB_nominal_difference,imag,linear_a_exact_conversion,REJECTED_PHYSICAL,XZ,y,-0.0625,x,0.0625,z,0.3125,0.06806018785379539,0.3869611776307247,0.31890098977692927,0.04000015580667526,0.163674380721008
2003,1.0,20dB_nominal_difference,imag,linear_a_exact_conversion,REJECTED_PHYSICAL,XZ,y,-0.0625,x,0.1875,z,0.3125,0.06350758778749918,0.3147738856304543,0.25126629784295507,0.04000015580667526,0.163674380721008
2003,1.0,20dB_nominal_difference,imag,linear_a_exact_conversion,REJECTED_PHYSICAL,XZ,y,-0.0625,x,0.3125,z,0.3125,0.05769976776649599,0.22957601939579347,0.17187625162929748,0.04000015580667526,0.163674380721008
2003,1.0,20dB_nominal_difference,imag,linear_a_exact_conversion,REJECTED_PHYSICAL,XZ,y,-0.0625,x,0.4375,z,0.3125,0.05031116758476582,0.1372846962476241,0.08697352866285828,0.04000015580667526,0.163674380721008
2003,1.0,20dB_nominal_difference,imag,linear_a_exact_conversion,REJECTED_PHYSICAL,XZ,y,-0.0625,x,0.5625,z,0.3125,0.04429057995577233,0.04244019985886652,-0.0018503800969058154,0.04000015580667526,0.163674380721008
2003,1.0,20dB_nominal_difference,imag,linear_a_exact_conversion,REJECTED_PHYSICAL,XZ,y,-0.0625,x,0.6875,z,0.3125,0.041239463134287634,-0.050594838567819406,-0.09183430170210705,0.04000015580667526,0.163674380721008
2003,1.0,20dB_nominal_difference,imag,linear_a_exact_conversion,REJECTED_PHYSICAL,XZ,y,-0.0625,x,-0.6875,z,0.4375,0.044500975721786656,-0.0510280016360239,-0.09552897735781055,0.04000015580667526,0.163674380721008
2003,1.0,20dB_nominal_difference,imag,linear_a_exact_conversion,REJECTED_PHYSICAL,XZ,y,-0.0625,x,-0.5625,z,0.4375,0.048269707702681894,0.10153165895856098,0.053261951255879084,0.04000015580667526,0.163674380721008
2003,1.0,20dB_nominal_difference,imag,linear_a_exact_conversion,REJECTED_PHYSICAL,XZ,y,-0.0625,x,-0.4375,z,0.4375,0.052096693395578195,0.2065337213145125,0.15443702791893432,0.04000015580667526,0.163674380721008
2003,1.0,20dB_nominal_difference,imag,linear_a_exact_conversion,REJECTED_PHYSICAL,XZ,y,-0.0625,x,-0.3125,z,0.4375,0.05421312105519292,0.2570829881576372,0.20286986710244426,0.04000015580667526,0.163674380721008
2003,1.0,20dB_nominal_difference,imag,linear_a_exact_conversion,REJECTED_PHYSICAL,XZ,y,-0.0625,x,-0.1875,z,0.4375,0.053976505744027424,0.2653042554033776,0.21132774965935017,0.04000015580667526,0.163674380721008
2003,1.0,20dB_nominal_difference,imag,linear_a_exact_conversion,REJECTED_PHYSICAL,XZ,y,-0.0625,x,-0.0625,z,0.4375,0.052901713255917505,0.24566953299923008,0.19276781974331259,0.04000015580667526,0.163674380721008
2003,1.0,20dB_nominal_difference,imag,linear_a_exact_conversion,REJECTED_PHYSICAL,XZ,y,-0.0625,x,0.0625,z,0.4375,0.052833162430101395,0.21001005162321632,0.15717688919311493,0.04000015580667526,0.163674380721008
2003,1.0,20dB_nominal_difference,imag,linear_a_exact_conversion,REJECTED_PHYSICAL,XZ,y,-0.0625,x,0.1875,z,0.4375,0.05298666431148315,0.1657434367172349,0.11275677240575176,0.04000015580667526,0.163674380721008
2003,1.0,20dB_nominal_difference,imag,linear_a_exact_conversion,REJECTED_PHYSICAL,XZ,y,-0.0625,x,0.3125,z,0.4375,0.050928911120852655,0.1159435883105337,0.06501467718968104,0.04000015580667526,0.163674380721008
2003,1.0,20dB_nominal_difference,imag,linear_a_exact_conversion,REJECTED_PHYSICAL,XZ,y,-0.0625,x,0.4375,z,0.4375,0.04669643813224138,0.06060985366872707,0.013913415536485695,0.04000015580667526,0.163674380721008
2003,1.0,20dB_nominal_difference,imag,linear_a_exact_conversion,REJECTED_PHYSICAL,XZ,y,-0.0625,x,0.5625,z,0.4375,0.042835424120290524,-0.0014368475050864967,-0.04427227162537702,0.04000015580667526,0.163674380721008
2003,1.0,20dB_nominal_difference,imag,linear_a_exact_conversion,REJECTED_PHYSICAL,XZ,y,-0.0625,x,0.6875,z,0.4375,0.04081643421012246,-0.07023526849556118,-0.11105170270568364,0.04000015580667526,0.163674380721008
2003,1.0,20dB_nominal_difference,imag,linear_a_exact_conversion,REJECTED_PHYSICAL,XZ,y,-0.0625,x,-0.6875,z,0.5625,0.04096100551460784,-0.026363407598707894,-0.06732441311331573,0.04000015580667526,0.163674380721008
2003,1.0,20dB_nominal_difference,imag,linear_a_exact_conversion,REJECTED_PHYSICAL,XZ,y,-0.0625,x,-0.5625,z,0.5625,0.04180528841383625,0.055287049104675384,0.013481760690839131,0.04000015580667526,0.163674380721008
2003,1.0,20dB_nominal_difference,imag,linear_a_exact_conversion,REJECTED_PHYSICAL,XZ,y,-0.0625,x,-0.4375,z,0.5625,0.04269270665803189,0.10240255627524897,0.05970984961721708,0.04000015580667526,0.163674380721008
2003,1.0,20dB_nominal_difference,imag,linear_a_exact_conversion,REJECTED_PHYSICAL,XZ,y,-0.0625,x,-0.3125,z,0.5625,0.04324688563696843,0.1118387332712171,0.06859184763424866,0.04000015580667526,0.163674380721008
2003,1.0,20dB_nominal_difference,imag,linear_a_exact_conversion,REJECTED_PHYSICAL,XZ,y,-0.0625,x,-0.1875,z,0.5625,0.043422648525272556,0.0965653016903338,0.05314265316506124,0.04000015580667526,0.163674380721008
2003,1.0,20dB_nominal_difference,imag,linear_a_exact_conversion,REJECTED_PHYSICAL,XZ,y,-0.0625,x,-0.0625,z,0.5625,0.04377263759328565,0.07093550652268735,0.027162868929401694,0.04000015580667526,0.163674380721008
2003,1.0,20dB_nominal_difference,imag,linear_a_exact_conversion,REJECTED_PHYSICAL,XZ,y,-0.0625,x,0.0625,z,0.5625,0.044748319910175055,0.04596048022466566,0.001212160314490604,0.04000015580667526,0.163674380721008
2003,1.0,20dB_nominal_difference,imag,linear_a_exact_conversion,REJECTED_PHYSICAL,XZ,y,-0.0625,x,0.1875,z,0.5625,0.045610085812071065,0.027032803554046914,-0.01857728225802415,0.04000015580667526,0.163674380721008
2003,1.0,20dB_nominal_difference,imag,linear_a_exact_conversion,REJECTED_PHYSICAL,XZ,y,-0.0625,x,0.3125,z,0.5625,0.04505851249574622,0.013147536164889154,-0.031910976330857065,0.04000015580667526,0.163674380721008
2003,1.0,20dB_nominal_difference,imag,linear_a_exact_conversion,REJECTED_PHYSICAL,XZ,y,-0.0625,x,0.4375,z,0.5625,0.04318510973649635,-0.001936397514096065,-0.04512150725059241,0.04000015580667526,0.163674380721008
2003,1.0,20dB_nominal_difference,imag,linear_a_exact_conversion,REJECTED_PHYSICAL,XZ,y,-0.0625,x,0.5625,z,0.5625,0.04136102396334508,-0.02716781189333156,-0.06852883585667664,0.04000015580667526,0.163674380721008
2003,1.0,20dB_nominal_difference,imag,linear_a_exact_conversion,REJECTED_PHYSICAL,XZ,y,-0.0625,x,0.6875,z,0.5625,0.04039155072071468,-0.07254517263650716,-0.11293672335722184,0.04000015580667526,0.163674380721008
2003,1.0,20dB_nominal_difference,imag,linear_a_exact_conversion,REJECTED_PHYSICAL,XZ,y,-0.0625,x,-0.6875,z,0.6875,0.040151040240932384,-0.01708177675902766,-0.057232816999960044,0.04000015580667526,0.163674380721008
2003,1.0,20dB_nominal_difference,imag,linear_a_exact_conversion,REJECTED_PHYSICAL,XZ,y,-0.0625,x,-0.5625,z,0.6875,0.04029475423801019,0.019425165815942995,-0.020869588422067195,0.04000015580667526,0.163674380721008
2003,1.0,20dB_nominal_difference,imag,linear_a_exact_conversion,REJECTED_PHYSICAL,XZ,y,-0.0625,x,-0.4375,z,0.6875,0.04045410025203013,0.022233404282043494,-0.018220695969986638,0.04000015580667526,0.163674380721008
2003,1.0,20dB_nominal_difference,imag,linear_a_exact_conversion,REJECTED_PHYSICAL,XZ,y,-0.0625,x,-0.3125,z,0.6875,0.04057196991487958,-0.003356954837260022,-0.0439289247521396,0.04000015580667526,0.163674380721008
2003,1.0,20dB_nominal_difference,imag,linear_a_exact_conversion,REJECTED_PHYSICAL,XZ,y,-0.0625,x,-0.1875,z,0.6875,0.04067276101489203,-0.04105034272972964,-0.08172310374462166,0.04000015580667526,0.163674380721008
2003,1.0,20dB_nominal_difference,imag,linear_a_exact_conversion,REJECTED_PHYSICAL,XZ,y,-0.0625,x,-0.0625,z,0.6875,0.040917716302072485,-0.0754670120197404,-0.11638472832181289,0.04000015580667526,0.163674380721008
2003,1.0,20dB_nominal_difference,imag,linear_a_exact_conversion,REJECTED_PHYSICAL,XZ,y,-0.0625,x,0.0625,z,0.6875,0.041395169046768814,-0.09470448818822846,-0.13609965723499728,0.04000015580667526,0.163674380721008
2003,1.0,20dB_nominal_difference,imag,linear_a_exact_conversion,REJECTED_PHYSICAL,XZ,y,-0.0625,x,0.1875,z,0.6875,0.04180184258442024,-0.09295022119653873,-0.13475206378095897,0.04000015580667526,0.163674380721008
2003,1.0,20dB_nominal_difference,imag,linear_a_exact_conversion,REJECTED_PHYSICAL,XZ,y,-0.0625,x,0.3125,z,0.6875,0.04167977193876244,-0.07280859376782929,-0.11448836570659174,0.04000015580667526,0.163674380721008
2003,1.0,20dB_nominal_difference,imag,linear_a_exact_conversion,REJECTED_PHYSICAL,XZ,y,-0.0625,x,0.4375,z,0.6875,0.04107070651421806,-0.0451324147972573,-0.08620312131147537,0.04000015580667526,0.163674380721008
2003,1.0,20dB_nominal_difference,imag,linear_a_exact_conversion,REJECTED_PHYSICAL,XZ,y,-0.0625,x,0.5625,z,0.6875,0.04045933782440102,-0.02572867200172841,-0.06618800982612943,0.04000015580667526,0.163674380721008
2003,1.0,20dB_nominal_difference,imag,linear_a_exact_conversion,REJECTED_PHYSICAL,XZ,y,-0.0625,x,0.6875,z,0.6875,0.040132083546331514,-0.04029872722754706,-0.08043081077387856,0.04000015580667526,0.163674380721008
2003,1.0,20dB_nominal_difference,imag,linear_a_exact_conversion,REJECTED_PHYSICAL,YZ,x,-0.0625,y,-0.6875,z,-0.6875,0.0400885798665571,-0.05836075161615826,-0.09844933148271537,0.04000015580667526,0.163674380721008
2003,1.0,20dB_nominal_difference,imag,linear_a_exact_conversion,REJECTED_PHYSICAL,YZ,x,-0.0625,y,-0.5625,z,-0.6875,0.040392708708328735,-0.04714625135324889,-0.08753896006157763,0.04000015580667526,0.163674380721008
2003,1.0,20dB_nominal_difference,imag,linear_a_exact_conversion,REJECTED_PHYSICAL,YZ,x,-0.0625,y,-0.4375,z,-0.6875,0.04138542391107082,-0.042432292396979605,-0.08381771630805043,0.04000015580667526,0.163674380721008
2003,1.0,20dB_nominal_difference,imag,linear_a_exact_conversion,REJECTED_PHYSICAL,YZ,x,-0.0625,y,-0.3125,z,-0.6875,0.043905383967167984,-0.019037396451013957,-0.06294278041818194,0.04000015580667526,0.163674380721008
2003,1.0,20dB_nominal_difference,imag,linear_a_exact_conversion,REJECTED_PHYSICAL,YZ,x,-0.0625,y,-0.1875,z,-0.6875,0.048811169745522034,0.03498063357233198,-0.013830536173190057,0.04000015580667526,0.163674380721008
2003,1.0,20dB_nominal_difference,imag,linear_a_exact_conversion,REJECTED_PHYSICAL,YZ,x,-0.0625,y,-0.0625,z,-0.6875,0.05580939135375661,0.1125129476596876,0.05670355630593099,0.04000015580667526,0.163674380721008
2003,1.0,20dB_nominal_difference,imag,linear_a_exact_conversion,REJECTED_PHYSICAL,YZ,x,-0.0625,y,0.0625,z,-0.6875,0.062237193711306156,0.1878400526790868,0.12560285896778065,0.04000015580667526,0.163674380721008
2003,1.0,20dB_nominal_difference,imag,linear_a_exact_conversion,REJECTED_PHYSICAL,YZ,x,-0.0625,y,0.1875,z,-0.6875,0.06419722829750482,0.22521114804867184,0.16101391975116702,0.04000015580667526,0.163674380721008
2003,1.0,20dB_nominal_difference,imag,linear_a_exact_conversion,REJECTED_PHYSICAL,YZ,x,-0.0625,y,0.3125,z,-0.6875,0.06032742439163687,0.19713594881611954,0.13680852442448266,0.04000015580667526,0.163674380721008
2003,1.0,20dB_nominal_difference,imag,linear_a_exact_conversion,REJECTED_PHYSICAL,YZ,x,-0.0625,y,0.4375,z,-0.6875,0.053326305018963426,0.1075939123536983,0.05426760733473488,0.04000015580667526,0.163674380721008
2003,1.0,20dB_nominal_difference,imag,linear_a_exact_conversion,REJECTED_PHYSICAL,YZ,x,-0.0625,y,0.5625,z,-0.6875,0.04692209782974381,0.0037893800268789237,-0.04313271780286489,0.04000015580667526,0.163674380721008
2003,1.0,20dB_nominal_difference,imag,linear_a_exact_conversion,REJECTED_PHYSICAL,YZ,x,-0.0625,y,0.6875,z,-0.6875,0.042874727309375485,-0.03236413015033245,-0.07523885745970793,0.04000015580667526,0.163674380721008
2003,1.0,20dB_nominal_difference,imag,linear_a_exact_conversion,REJECTED_PHYSICAL,YZ,x,-0.0625,y,-0.6875,z,-0.5625,0.040170628487450774,0.0610070019779338,0.020836373490483028,0.04000015580667526,0.163674380721008
2003,1.0,20dB_nominal_difference,imag,linear_a_exact_conversion,REJECTED_PHYSICAL,YZ,x,-0.0625,y,-0.5625,z,-0.5625,0.04074527232474936,0.07502945904915251,0.03428418672440315,0.04000015580667526,0.163674380721008
2003,1.0,20dB_nominal_difference,imag,linear_a_exact_conversion,REJECTED_PHYSICAL,YZ,x,-0.0625,y,-0.4375,z,-0.5625,0.042616918388564226,0.11053296111200742,0.06791604272344319,0.04000015580667526,0.163674380721008
2003,1.0,20dB_nominal_difference,imag,linear_a_exact_conversion,REJECTED_PHYSICAL,YZ,x,-0.0625,y,-0.3125,z,-0.5625,0.047410214843383404,0.17144389600314552,0.12403368115976213,0.04000015580667526,0.163674380721008
2003,1.0,20dB_nominal_difference,imag,linear_a_exact_conversion,REJECTED_PHYSICAL,YZ,x,-0.0625,y,-0.1875,z,-0.5625,0.05692654342724183,0.2592531511753037,0.20232660774806185,0.04000015580667526,0.163674380721008
2003,1.0,20dB_nominal_difference,imag,linear_a_exact_conversion,REJECTED_PHYSICAL,YZ,x,-0.0625,y,-0.0625,z,-0.5625,0.07084440738469061,0.3609683239003046,0.290123916515614,0.04000015580667526,0.163674380721008
2003,1.0,20dB_nominal_difference,imag,linear_a_exact_conversion,REJECTED_PHYSICAL,YZ,x,-0.0625,y,0.0625,z,-0.5625,0.08387908540513626,0.44756689852398995,0.3636878131188537,0.04000015580667526,0.163674380721008
2003,1.0,20dB_nominal_difference,imag,linear_a_exact_conversion,REJECTED_PHYSICAL,YZ,x,-0.0625,y,0.1875,z,-0.5625,0.08781616330849716,0.48137038649308556,0.3935542231845884,0.04000015580667526,0.163674380721008
2003,1.0,20dB_nominal_difference,imag,linear_a_exact_conversion,REJECTED_PHYSICAL,YZ,x,-0.0625,y,0.3125,z,-0.5625,0.07979562551054037,0.43326659480420887,0.3534709692936685,0.04000015580667526,0.163674380721008
2003,1.0,20dB_nominal_difference,imag,linear_a_exact_conversion,REJECTED_PHYSICAL,YZ,x,-0.0625,y,0.4375,z,-0.5625,0.06567635456142985,0.3055782365362857,0.23990188197485585,0.04000015580667526,0.163674380721008
2003,1.0,20dB_nominal_difference,imag,linear_a_exact_conversion,REJECTED_PHYSICAL,YZ,x,-0.0625,y,0.5625,z,-0.5625,0.05312772094212997,0.14072585098716858,0.08759813004503861,0.04000015580667526,0.163674380721008
2003,1.0,20dB_nominal_difference,imag,linear_a_exact_conversion,REJECTED_PHYSICAL,YZ,x,-0.0625,y,0.6875,z,-0.5625,0.04539301436754777,-0.008472659971487323,-0.053865674339035094,0.04000015580667526,0.163674380721008
2003,1.0,20dB_nominal_difference,imag,linear_a_exact_conversion,REJECTED_PHYSICAL,YZ,x,-0.0625,y,-0.6875,z,-0.4375,0.0403210666434415,0.1461099889235251,0.10578892228008362,0.04000015580667526,0.163674380721008
2003,1.0,20dB_nominal_difference,imag,linear_a_exact_conversion,REJECTED_PHYSICAL,YZ,x,-0.0625,y,-0.5625,z,-0.4375,0.04127059178625087,0.18673163570157372,0.14546104391532286,0.04000015580667526,0.163674380721008
2003,1.0,20dB_nominal_difference,imag,linear_a_exact_conversion,REJECTED_PHYSICAL,YZ,x,-0.0625,y,-0.4375,z,-0.4375,0.0442240297815898,0.2509630146171366,0.2067389848355468,0.04000015580667526,0.163674380721008
2003,1.0,20dB_nominal_difference,imag,linear_a_exact_conversion,REJECTED_PHYSICAL,YZ,x,-0.0625,y,-0.3125,z,-0.4375,0.05170921367746155,0.34217896171862194,0.2904697480411604,0.04000015580667526,0.163674380721008
2003,1.0,20dB_nominal_difference,imag,linear_a_exact_conversion,REJECTED_PHYSICAL,YZ,x,-0.0625,y,-0.1875,z,-0.4375,0.06680125573969851,0.45658645945771226,0.38978520371801373,0.04000015580667526,0.163674380721008
2003,1.0,20dB_nominal_difference,imag,linear_a_exact_conversion,REJECTED_PHYSICAL,YZ,x,-0.0625,y,-0.0625,z,-0.4375,0.08947757634277925,0.5771185731963163,0.48764099685353707,0.04000015580667526,0.163674380721008
2003,1.0,20dB_nominal_difference,imag,linear_a_exact_conversion,REJECTED_PHYSICAL,YZ,x,-0.0625,y,0.0625,z,-0.4375,0.11116832492160542,0.6725017131024811,0.5613333881808756,0.04000015580667526,0.163674380721008
2003,1.0,20dB_nominal_difference,imag,linear_a_exact_conversion,REJECTED_PHYSICAL,YZ,x,-0.0625,y,0.1875,z,-0.4375,0.1175949106481162,0.7035279941039028,0.5859330834557865,0.04000015580667526,0.163674380721008
2003,1.0,20dB_nominal_difference,imag,linear_a_exact_conversion,REJECTED_PHYSICAL,YZ,x,-0.0625,y,0.3125,z,-0.4375,0.10380979779906171,0.6384858825718263,0.5346760847727645,0.04000015580667526,0.163674380721008
2003,1.0,20dB_nominal_difference,imag,linear_a_exact_conversion,REJECTED_PHYSICAL,YZ,x,-0.0625,y,0.4375,z,-0.4375,0.08034359383291192,0.47562052944959005,0.3952769356166781,0.04000015580667526,0.163674380721008
2003,1.0,20dB_nominal_difference,imag,linear_a_exact_conversion,REJECTED_PHYSICAL,YZ,x,-0.0625,y,0.5625,z,-0.4375,0.06020755025539697,0.25483519252681713,0.19462764227142015,0.04000015580667526,0.163674380721008
2003,1.0,20dB_nominal_difference,imag,linear_a_exact_conversion,REJECTED_PHYSICAL,YZ,x,-0.0625,y,0.6875,z,-0.4375,0.048184481961201564,0.037418375813414964,-0.0107661061477866,0.04000015580667526,0.163674380721008
2003,1.0,20dB_nominal_difference,imag,linear_a_exact_conversion,REJECTED_PHYSICAL,YZ,x,-0.0625,y,-0.6875,z,-0.3125,0.04081997123690277,0.1890561624308951,0.14823619119399234,0.04000015580667526,0.163674380721008
2003,1.0,20dB_nominal_difference,imag,linear_a_exact_conversion,REJECTED_PHYSICAL,YZ,x,-0.0625,y,-0.5625,z,-0.3125,0.042543627999619006,0.26187556198057904,0.21933193398096004,0.04000015580667526,0.163674380721008
2003,1.0,20dB_nominal_difference,imag,linear_a_exact_conversion,REJECTED_PHYSICAL,YZ,x,-0.0625,y,-0.4375,z,-0.3125,0.046965506810236105,0.35442995281679507,0.307464446006559,0.04000015580667526,0.163674380721008
2003,1.0,20dB_nominal_difference,imag,linear_a_exact_conversion,REJECTED_PHYSICAL,YZ,x,-0.0625,y,-0.3125,z,-0.3125,0.05705077221207445,0.47117785137424034,0.4141270791621659,0.04000015580667526,0.163674380721008
2003,1.0,20dB_nominal_difference,imag,linear_a_exact_conversion,REJECTED_PHYSICAL,YZ,x,-0.0625,y,-0.1875,z,-0.3125,0.07680931890807433,0.6065733820432923,0.529764063135218,0.04000015580667526,0.163674380721008
2003,1.0,20dB_nominal_difference,imag,linear_a_exact_conversion,REJECTED_PHYSICAL,YZ,x,-0.0625,y,-0.0625,z,-0.3125,0.10686540387131938,0.7417657492987006,0.6349003454273813,0.04000015580667526,0.163674380721008
2003,1.0,20dB_nominal_difference,imag,linear_a_exact_conversion,REJECTED_PHYSICAL,YZ,x,-0.0625,y,0.0625,z,-0.3125,0.1360366401617101,0.844451040238003,0.7084144000762929,0.04000015580667526,0.163674380721008
2003,1.0,20dB_nominal_difference,imag,linear_a_exact_conversion,REJECTED_PHYSICAL,YZ,x,-0.0625,y,0.1875,z,-0.3125,0.14418083179082725,0.8742814018463926,0.7301005700555654,0.04000015580667526,0.163674380721008
2003,1.0,20dB_nominal_difference,imag,linear_a_exact_conversion,REJECTED_PHYSICAL,YZ,x,-0.0625,y,0.3125,z,-0.3125,0.12437206240795604,0.7969397506811987,0.6725676882732426,0.04000015580667526,0.163674380721008
2003,1.0,20dB_nominal_difference,imag,linear_a_exact_conversion,REJECTED_PHYSICAL,YZ,x,-0.0625,y,0.4375,z,-0.3125,0.09211896083015003,0.6074429297671845,0.5153239689370345,0.04000015580667526,0.163674380721008
2003,1.0,20dB_nominal_difference,imag,linear_a_exact_conversion,REJECTED_PHYSICAL,YZ,x,-0.0625,y,0.5625,z,-0.3125,0.06551470358851559,0.3473992881671643,0.28188458457864873,0.04000015580667526,0.163674380721008
2003,1.0,20dB_nominal_difference,imag,linear_a_exact_conversion,REJECTED_PHYSICAL,YZ,x,-0.0625,y,0.6875,z,-0.3125,0.050183971511905345,0.08928978385573688,0.039105812343831536,0.04000015580667526,0.163674380721008
2003,1.0,20dB_nominal_difference,imag,linear_a_exact_conversion,REJECTED_PHYSICAL,YZ,x,-0.0625,y,-0.6875,z,-0.1875,0.04245038018059315,0.19188398069973148,0.14943360051913834,0.04000015580667526,0.163674380721008
2003,1.0,20dB_nominal_difference,imag,linear_a_exact_conversion,REJECTED_PHYSICAL,YZ,x,-0.0625,y,-0.5625,z,-0.1875,0.04633004627475746,0.29185079502333056,0.2455207487485731,0.04000015580667526,0.163674380721008
2003,1.0,20dB_nominal_difference,imag,linear_a_exact_conversion,REJECTED_PHYSICAL,YZ,x,-0.0625,y,-0.4375,z,-0.1875,0.05380759163315176,0.4071389174650167,0.35333132583186494,0.04000015580667526,0.163674380721008
2003,1.0,20dB_nominal_difference,imag,linear_a_exact_conversion,REJECTED_PHYSICAL,YZ,x,-0.0625,y,-0.3125,z,-0.1875,0.06685572536930243,0.5425427725875682,0.4756870472182658,0.04000015580667526,0.163674380721008
2003,1.0,20dB_nominal_difference,imag,linear_a_exact_conversion,REJECTED_PHYSICAL,YZ,x,-0.0625,y,-0.1875,z,-0.1875,0.0886852444406132,0.6919092566645342,0.603224012223921,0.04000015580667526,0.163674380721008
2003,1.0,20dB_nominal_difference,imag,linear_a_exact_conversion,REJECTED_PHYSICAL,YZ,x,-0.0625,y,-0.0625,z,-0.1875,0.12039390610244413,0.8360858174535729,0.7156919113511288,0.04000015580667526,0.163674380721008
2003,1.0,20dB_nominal_difference,imag,linear_a_exact_conversion,REJECTED_PHYSICAL,YZ,x,-0.0625,y,0.0625,z,-0.1875,0.1508139800461137,0.9428445734849429,0.7920305934388292,0.04000015580667526,0.163674380721008
2003,1.0,20dB_nominal_difference,imag,linear_a_exact_conversion,REJECTED_PHYSICAL,YZ,x,-0.0625,y,0.1875,z,-0.1875,0.1577288162033272,0.9715771027286472,0.8138482865253199,0.04000015580667526,0.163674380721008
2003,1.0,20dB_nominal_difference,imag,linear_a_exact_conversion,REJECTED_PHYSICAL,YZ,x,-0.0625,y,0.3125,z,-0.1875,0.13357933742180905,0.8867983710894982,0.7532190336676892,0.04000015580667526,0.163674380721008
2003,1.0,20dB_nominal_difference,imag,linear_a_exact_conversion,REJECTED_PHYSICAL,YZ,x,-0.0625,y,0.4375,z,-0.1875,0.09670095227771938,0.6827961225708891,0.5860951702931697,0.04000015580667526,0.163674380721008
2003,1.0,20dB_nominal_difference,imag,linear_a_exact_conversion,REJECTED_PHYSICAL,YZ,x,-0.0625,y,0.5625,z,-0.1875,0.06738956040364796,0.4044477563175499,0.33705819591390196,0.04000015580667526,0.163674380721008
2003,1.0,20dB_nominal_difference,imag,linear_a_exact_conversion,REJECTED_PHYSICAL,YZ,x,-0.0625,y,0.6875,z,-0.1875,0.05092570602853473,0.12967680466924705,0.07875109864071232,0.04000015580667526,0.163674380721008
2003,1.0,20dB_nominal_difference,imag,linear_a_exact_conversion,REJECTED_PHYSICAL,YZ,x,-0.0625,y,-0.6875,z,-0.0625,0.04552669117604515,0.16386516209159743,0.11833847091555227,0.04000015580667526,0.163674380721008
2003,1.0,20dB_nominal_difference,imag,linear_a_exact_conversion,REJECTED_PHYSICAL,YZ,x,-0.0625,y,-0.5625,z,-0.0625,0.05337272512675944,0.2786868919979512,0.22531416687119177,0.04000015580667526,0.163674380721008
2003,1.0,20dB_nominal_difference,imag,linear_a_exact_conversion,REJECTED_PHYSICAL,YZ,x,-0.0625,y,-0.4375,z,-0.0625,0.06611054116039423,0.40541028184825145,0.33929974068785723,0.04000015580667526,0.163674380721008
2003,1.0,20dB_nominal_difference,imag,linear_a_exact_conversion,REJECTED_PHYSICAL,YZ,x,-0.0625,y,-0.3125,z,-0.0625,0.08296185958806848,0.5485882668329841,0.46562640724491566,0.04000015580667526,0.163674380721008
2003,1.0,20dB_nominal_difference,imag,linear_a_exact_conversion,REJECTED_PHYSICAL,YZ,x,-0.0625,y,-0.1875,z,-0.0625,0.10388043199886729,0.7017776057154896,0.5978971737166223,0.04000015580667526,0.163674380721008
2003,1.0,20dB_nominal_difference,imag,linear_a_exact_conversion,REJECTED_PHYSICAL,YZ,x,-0.0625,y,-0.0625,z,-0.0625,0.1296726376248023,0.8463621470577525,0.7166895094329502,0.04000015580667526,0.163674380721008
2003,1.0,20dB_nominal_difference,imag,linear_a_exact_conversion,REJECTED_PHYSICAL,YZ,x,-0.0625,y,0.0625,z,-0.0625,0.15276659508822296,0.9512137088741045,0.7984471137858815,0.04000015580667526,0.163674380721008
2003,1.0,20dB_nominal_difference,imag,linear_a_exact_conversion,REJECTED_PHYSICAL,YZ,x,-0.0625,y,0.1875,z,-0.0625,0.15505336276937054,0.9769797537297699,0.8219263909603993,0.04000015580667526,0.163674380721008
2003,1.0,20dB_nominal_difference,imag,linear_a_exact_conversion,REJECTED_PHYSICAL,YZ,x,-0.0625,y,0.3125,z,-0.0625,0.13024674790657753,0.8897326800822476,0.7594859321756701,0.04000015580667526,0.163674380721008
2003,1.0,20dB_nominal_difference,imag,linear_a_exact_conversion,REJECTED_PHYSICAL,YZ,x,-0.0625,y,0.4375,z,-0.0625,0.09505083051922082,0.6862793699245581,0.5912285394053373,0.04000015580667526,0.163674380721008
2003,1.0,20dB_nominal_difference,imag,linear_a_exact_conversion,REJECTED_PHYSICAL,YZ,x,-0.0625,y,0.5625,z,-0.0625,0.0673760067132258,0.4143290373475093,0.3469530306342835,0.04000015580667526,0.163674380721008
2003,1.0,20dB_nominal_difference,imag,linear_a_exact_conversion,REJECTED_PHYSICAL,YZ,x,-0.0625,y,0.6875,z,-0.0625,0.05145596596372576,0.149355832588985,0.09789986662525924,0.04000015580667526,0.163674380721008
2003,1.0,20dB_nominal_difference,imag,linear_a_exact_conversion,REJECTED_PHYSICAL,YZ,x,-0.0625,y,-0.6875,z,0.0625,0.047858451903802855,0.11938144673578484,0.07152299483198199,0.04000015580667526,0.163674380721008
2003,1.0,20dB_nominal_difference,imag,linear_a_exact_conversion,REJECTED_PHYSICAL,YZ,x,-0.0625,y,-0.5625,z,0.0625,0.05863431757111087,0.2332345932779567,0.17460027570684583,0.04000015580667526,0.163674380721008
2003,1.0,20dB_nominal_difference,imag,linear_a_exact_conversion,REJECTED_PHYSICAL,YZ,x,-0.0625,y,-0.4375,z,0.0625,0.0749956330329114,0.35663079324574837,0.28163516021283697,0.04000015580667526,0.163674380721008
2003,1.0,20dB_nominal_difference,imag,linear_a_exact_conversion,REJECTED_PHYSICAL,YZ,x,-0.0625,y,-0.3125,z,0.0625,0.09353676068599646,0.49347081110475277,0.3999340504187563,0.04000015580667526,0.163674380721008
2003,1.0,20dB_nominal_difference,imag,linear_a_exact_conversion,REJECTED_PHYSICAL,YZ,x,-0.0625,y,-0.1875,z,0.0625,0.11082575211003115,0.6372332085160566,0.5264074564060255,0.04000015580667526,0.163674380721008
2003,1.0,20dB_nominal_difference,imag,linear_a_exact_conversion,REJECTED_PHYSICAL,YZ,x,-0.0625,y,-0.0625,z,0.0625,0.12710625397589592,0.7705655528718679,0.643459298895972,0.04000015580667526,0.163674380721008
2003,1.0,20dB_nominal_difference,imag,linear_a_exact_conversion,REJECTED_PHYSICAL,YZ,x,-0.0625,y,0.0625,z,0.0625,0.13995212794485462,0.8648106695152957,0.7248585415704412,0.04000015580667526,0.163674380721008
2003,1.0,20dB_nominal_difference,imag,linear_a_exact_conversion,REJECTED_PHYSICAL,YZ,x,-0.0625,y,0.1875,z,0.0625,0.13886149062239256,0.8843252675428245,0.745463776920432,0.04000015580667526,0.163674380721008
2003,1.0,20dB_nominal_difference,imag,linear_a_exact_conversion,REJECTED_PHYSICAL,YZ,x,-0.0625,y,0.3125,z,0.0625,0.11921442782470068,0.8003843360830074,0.6811699082583067,0.04000015580667526,0.163674380721008
2003,1.0,20dB_nominal_difference,imag,linear_a_exact_conversion,REJECTED_PHYSICAL,YZ,x,-0.0625,y,0.4375,z,0.0625,0.09167921970045104,0.6150267501671188,0.5233475304666678,0.04000015580667526,0.163674380721008
2003,1.0,20dB_nominal_difference,imag,linear_a_exact_conversion,REJECTED_PHYSICAL,YZ,x,-0.0625,y,0.5625,z,0.0625,0.06840294126649657,0.37602686438783794,0.30762392312134135,0.04000015580667526,0.163674380721008
2003,1.0,20dB_nominal_difference,imag,linear_a_exact_conversion,REJECTED_PHYSICAL,YZ,x,-0.0625,y,0.6875,z,0.0625,0.05318627928388108,0.14826868136513816,0.09508240208125707,0.04000015580667526,0.163674380721008
2003,1.0,20dB_nominal_difference,imag,linear_a_exact_conversion,REJECTED_PHYSICAL,YZ,x,-0.0625,y,-0.6875,z,0.1875,0.04674163906472082,0.0711457711587168,0.02440413209399598,0.04000015580667526,0.163674380721008
2003,1.0,20dB_nominal_difference,imag,linear_a_exact_conversion,REJECTED_PHYSICAL,YZ,x,-0.0625,y,-0.5625,z,0.1875,0.05588127313527554,0.16978454073411955,0.113903267598844,0.04000015580667526,0.163674380721008
2003,1.0,20dB_nominal_difference,imag,linear_a_exact_conversion,REJECTED_PHYSICAL,YZ,x,-0.0625,y,-0.4375,z,0.1875,0.06944042663865896,0.2760453415773447,0.20660491493868577,0.04000015580667526,0.163674380721008
2003,1.0,20dB_nominal_difference,imag,linear_a_exact_conversion,REJECTED_PHYSICAL,YZ,x,-0.0625,y,-0.3125,z,0.1875,0.08390223576829813,0.3928522565150214,0.3089500207467233,0.04000015580667526,0.163674380721008
2003,1.0,20dB_nominal_difference,imag,linear_a_exact_conversion,REJECTED_PHYSICAL,YZ,x,-0.0625,y,-0.1875,z,0.1875,0.09555698137022221,0.5139641912717735,0.4184072099015513,0.04000015580667526,0.163674380721008
2003,1.0,20dB_nominal_difference,imag,linear_a_exact_conversion,REJECTED_PHYSICAL,YZ,x,-0.0625,y,-0.0625,z,0.1875,0.10479805916046792,0.624179730509978,0.5193816713495101,0.04000015580667526,0.163674380721008
2003,1.0,20dB_nominal_difference,imag,linear_a_exact_conversion,REJECTED_PHYSICAL,YZ,x,-0.0625,y,0.0625,z,0.1875,0.11245946317491304,0.69911304714024,0.586653583965327,0.04000015580667526,0.163674380721008
2003,1.0,20dB_nominal_difference,imag,linear_a_exact_conversion,REJECTED_PHYSICAL,YZ,x,-0.0625,y,0.1875,z,0.1875,0.11372931728530744,0.7098342577858641,0.5961049405005566,0.04000015580667526,0.163674380721008
2003,1.0,20dB_nominal_difference,imag,linear_a_exact_conversion,REJECTED_PHYSICAL,YZ,x,-0.0625,y,0.3125,z,0.1875,0.10429466631680404,0.6361417786723036,0.5318471123554995,0.04000015580667526,0.163674380721008
2003,1.0,20dB_nominal_difference,imag,linear_a_exact_conversion,REJECTED_PHYSICAL,YZ,x,-0.0625,y,0.4375,z,0.1875,0.08751509098114699,0.48597884191480434,0.3984637509336574,0.04000015580667526,0.163674380721008
2003,1.0,20dB_nominal_difference,imag,linear_a_exact_conversion,REJECTED_PHYSICAL,YZ,x,-0.0625,y,0.5625,z,0.1875,0.06966970855634338,0.30266297632900807,0.2329932677726647,0.04000015580667526,0.163674380721008
2003,1.0,20dB_nominal_difference,imag,linear_a_exact_conversion,REJECTED_PHYSICAL,YZ,x,-0.0625,y,0.6875,z,0.1875,0.05517298132470298,0.1348366881882458,0.07966370686354281,0.04000015580667526,0.163674380721008
2003,1.0,20dB_nominal_difference,imag,linear_a_exact_conversion,REJECTED_PHYSICAL,YZ,x,-0.0625,y,-0.6875,z,0.3125,0.04345286726491869,0.024539825993250785,-0.018913041271667905,0.04000015580667526,0.163674380721008
2003,1.0,20dB_nominal_difference,imag,linear_a_exact_conversion,REJECTED_PHYSICAL,YZ,x,-0.0625,y,-0.5625,z,0.3125,0.04812009958084395,0.09936710734813559,0.05124700776729164,0.04000015580667526,0.163674380721008
2003,1.0,20dB_nominal_difference,imag,linear_a_exact_conversion,REJECTED_PHYSICAL,YZ,x,-0.0625,y,-0.4375,z,0.3125,0.05501371658866299,0.17980512589571443,0.12479140930705143,0.04000015580667526,0.163674380721008
2003,1.0,20dB_nominal_difference,imag,linear_a_exact_conversion,REJECTED_PHYSICAL,YZ,x,-0.0625,y,-0.3125,z,0.3125,0.06233884756672856,0.26774000570901596,0.2054011581422874,0.04000015580667526,0.163674380721008
2003,1.0,20dB_nominal_difference,imag,linear_a_exact_conversion,REJECTED_PHYSICAL,YZ,x,-0.0625,y,-0.1875,z,0.3125,0.06841841298298537,0.3578433222414762,0.28942490925849085,0.04000015580667526,0.163674380721008
2003,1.0,20dB_nominal_difference,imag,linear_a_exact_conversion,REJECTED_PHYSICAL,YZ,x,-0.0625,y,-0.0625,z,0.3125,0.07416613181928422,0.43795878412458716,0.36379265230530294,0.04000015580667526,0.163674380721008
2003,1.0,20dB_nominal_difference,imag,linear_a_exact_conversion,REJECTED_PHYSICAL,YZ,x,-0.0625,y,0.0625,z,0.3125,0.08101355802363919,0.48949757418687756,0.4084840161632384,0.04000015580667526,0.163674380721008
2003,1.0,20dB_nominal_difference,imag,linear_a_exact_conversion,REJECTED_PHYSICAL,YZ,x,-0.0625,y,0.1875,z,0.3125,0.08651510579418703,0.4923185476343771,0.40580344184019007,0.04000015580667526,0.163674380721008
2003,1.0,20dB_nominal_difference,imag,linear_a_exact_conversion,REJECTED_PHYSICAL,YZ,x,-0.0625,y,0.3125,z,0.3125,0.08624535209504341,0.4359076939111361,0.3496623418160927,0.04000015580667526,0.163674380721008
2003,1.0,20dB_nominal_difference,imag,linear_a_exact_conversion,REJECTED_PHYSICAL,YZ,x,-0.0625,y,0.4375,z,0.3125,0.07879331723411091,0.3323938281739084,0.25360051093979746,0.04000015580667526,0.163674380721008
2003,1.0,20dB_nominal_difference,imag,linear_a_exact_conversion,REJECTED_PHYSICAL,YZ,x,-0.0625,y,0.5625,z,0.3125,0.066618202393356,0.21694935695049244,0.15033115455713644,0.04000015580667526,0.163674380721008
2003,1.0,20dB_nominal_difference,imag,linear_a_exact_conversion,REJECTED_PHYSICAL,YZ,x,-0.0625,y,0.6875,z,0.3125,0.05439319187985552,0.12143674750781663,0.0670435556279611,0.04000015580667526,0.163674380721008
2003,1.0,20dB_nominal_difference,imag,linear_a_exact_conversion,REJECTED_PHYSICAL,YZ,x,-0.0625,y,-0.6875,z,0.4375,0.04105326192243892,-0.022914811918824208,-0.06396807384126313,0.04000015580667526,0.163674380721008
2003,1.0,20dB_nominal_difference,imag,linear_a_exact_conversion,REJECTED_PHYSICAL,YZ,x,-0.0625,y,-0.5625,z,0.4375,0.04248023256440268,0.026381437721354886,-0.01609879484304779,0.04000015580667526,0.163674380721008
2003,1.0,20dB_nominal_difference,imag,linear_a_exact_conversion,REJECTED_PHYSICAL,YZ,x,-0.0625,y,-0.4375,z,0.4375,0.044609275832403414,0.07868511270910142,0.034075836876698004,0.04000015580667526,0.163674380721008
2003,1.0,20dB_nominal_difference,imag,linear_a_exact_conversion,REJECTED_PHYSICAL,YZ,x,-0.0625,y,-0.3125,z,0.4375,0.04699202096212822,0.13585642524157474,0.08886440427944652,0.04000015580667526,0.163674380721008
2003,1.0,20dB_nominal_difference,imag,linear_a_exact_conversion,REJECTED_PHYSICAL,YZ,x,-0.0625,y,-0.1875,z,0.4375,0.04944801849150221,0.19442594833420862,0.1449779298427064,0.04000015580667526,0.163674380721008
2003,1.0,20dB_nominal_difference,imag,linear_a_exact_conversion,REJECTED_PHYSICAL,YZ,x,-0.0625,y,-0.0625,z,0.4375,0.052901713255917505,0.24566953299923008,0.19276781974331259,0.04000015580667526,0.163674380721008
2003,1.0,20dB_nominal_difference,imag,linear_a_exact_conversion,REJECTED_PHYSICAL,YZ,x,-0.0625,y,0.0625,z,0.4375,0.05828320398699263,0.27703632696208125,0.21875312297508862,0.04000015580667526,0.163674380721008
2003,1.0,20dB_nominal_difference,imag,linear_a_exact_conversion,REJECTED_PHYSICAL,YZ,x,-0.0625,y,0.1875,z,0.4375,0.06420519628595636,0.27693822718215416,0.2127330308961978,0.04000015580667526,0.163674380721008
2003,1.0,20dB_nominal_difference,imag,linear_a_exact_conversion,REJECTED_PHYSICAL,YZ,x,-0.0625,y,0.3125,z,0.4375,0.06727525961190907,0.24286664843155922,0.17559138881965014,0.04000015580667526,0.163674380721008
2003,1.0,20dB_nominal_difference,imag,linear_a_exact_conversion,REJECTED_PHYSICAL,YZ,x,-0.0625,y,0.4375,z,0.4375,0.06500961027575505,0.1883658756376124,0.12335626536185734,0.04000015580667526,0.163674380721008
2003,1.0,20dB_nominal_difference,imag,linear_a_exact_conversion,REJECTED_PHYSICAL,YZ,x,-0.0625,y,0.5625,z,0.4375,0.0580922596237103,0.13993802313814585,0.08184576351443555,0.04000015580667526,0.163674380721008
2003,1.0,20dB_nominal_difference,imag,linear_a_exact_conversion,REJECTED_PHYSICAL,YZ,x,-0.0625,y,0.6875,z,0.4375,0.05004909518343009,0.11754758734230801,0.06749849215887792,0.04000015580667526,0.163674380721008
2003,1.0,20dB_nominal_difference,imag,linear_a_exact_conversion,REJECTED_PHYSICAL,YZ,x,-0.0625,y,-0.6875,z,0.5625,0.04019150633820552,-0.07723129579209259,-0.11742280213029811,0.04000015580667526,0.163674380721008
2003,1.0,20dB_nominal_difference,imag,linear_a_exact_conversion,REJECTED_PHYSICAL,YZ,x,-0.0625,y,-0.5625,z,0.5625,0.04045363921587812,-0.050088149362288836,-0.09054178857816696,0.04000015580667526,0.163674380721008
2003,1.0,20dB_nominal_difference,imag,linear_a_exact_conversion,REJECTED_PHYSICAL,YZ,x,-0.0625,y,-0.4375,z,0.5625,0.04085898672802763,-0.02409471034273666,-0.06495369707076429,0.04000015580667526,0.163674380721008
2003,1.0,20dB_nominal_difference,imag,linear_a_exact_conversion,REJECTED_PHYSICAL,YZ,x,-0.0625,y,-0.3125,z,0.5625,0.041384407636475766,0.006412567145776594,-0.03497184049069917,0.04000015580667526,0.163674380721008
2003,1.0,20dB_nominal_difference,imag,linear_a_exact_conversion,REJECTED_PHYSICAL,YZ,x,-0.0625,y,-0.1875,z,0.5625,0.04218231914986422,0.04014313424120274,-0.002039184908661479,0.04000015580667526,0.163674380721008
2003,1.0,20dB_nominal_difference,imag,linear_a_exact_conversion,REJECTED_PHYSICAL,YZ,x,-0.0625,y,-0.0625,z,0.5625,0.04377263759328565,0.07093550652268735,0.027162868929401694,0.04000015580667526,0.163674380721008
2003,1.0,20dB_nominal_difference,imag,linear_a_exact_conversion,REJECTED_PHYSICAL,YZ,x,-0.0625,y,0.0625,z,0.5625,0.046583116809738985,0.09090742657848704,0.04432430976874805,0.04000015580667526,0.163674380721008
2003,1.0,20dB_nominal_difference,imag,linear_a_exact_conversion,REJECTED_PHYSICAL,YZ,x,-0.0625,y,0.1875,z,0.5625,0.04999452237972326,0.09474560210055775,0.044751079720834495,0.04000015580667526,0.163674380721008
2003,1.0,20dB_nominal_difference,imag,linear_a_exact_conversion,REJECTED_PHYSICAL,YZ,x,-0.0625,y,0.3125,z,0.5625,0.05226517041090233,0.08476260911934912,0.032497438708446784,0.04000015580667526,0.163674380721008
2003,1.0,20dB_nominal_difference,imag,linear_a_exact_conversion,REJECTED_PHYSICAL,YZ,x,-0.0625,y,0.4375,z,0.5625,0.051828096168250085,0.07366383944138825,0.02183574327313817,0.04000015580667526,0.163674380721008
2003,1.0,20dB_nominal_difference,imag,linear_a_exact_conversion,REJECTED_PHYSICAL,YZ,x,-0.0625,y,0.5625,z,0.5625,0.048786688674004486,0.08116333207948767,0.032376643405483185,0.04000015580667526,0.163674380721008
2003,1.0,20dB_nominal_difference,imag,linear_a_exact_conversion,REJECTED_PHYSICAL,YZ,x,-0.0625,y,0.6875,z,0.5625,0.04494161821421902,0.12402760887430934,0.07908599066009032,0.04000015580667526,0.163674380721008
2003,1.0,20dB_nominal_difference,imag,linear_a_exact_conversion,REJECTED_PHYSICAL,YZ,x,-0.0625,y,-0.6875,z,0.6875,0.04002087077010622,-0.1315748762780504,-0.1715957470481566,0.04000015580667526,0.163674380721008
2003,1.0,20dB_nominal_difference,imag,linear_a_exact_conversion,REJECTED_PHYSICAL,YZ,x,-0.0625,y,-0.5625,z,0.6875,0.04005035818893871,-0.12822911688162653,-0.16827947507056523,0.04000015580667526,0.163674380721008
2003,1.0,20dB_nominal_difference,imag,linear_a_exact_conversion,REJECTED_PHYSICAL,YZ,x,-0.0625,y,-0.4375,z,0.6875,0.040100863350880075,-0.1264254389292923,-0.1665263022801724,0.04000015580667526,0.163674380721008
2003,1.0,20dB_nominal_difference,imag,linear_a_exact_conversion,REJECTED_PHYSICAL,YZ,x,-0.0625,y,-0.3125,z,0.6875,0.04019038935133843,-0.11486698706371158,-0.15505737641505002,0.04000015580667526,0.163674380721008
2003,1.0,20dB_nominal_difference,imag,linear_a_exact_conversion,REJECTED_PHYSICAL,YZ,x,-0.0625,y,-0.1875,z,0.6875,0.04040132871373167,-0.09597939260539647,-0.13638072131912815,0.04000015580667526,0.163674380721008
2003,1.0,20dB_nominal_difference,imag,linear_a_exact_conversion,REJECTED_PHYSICAL,YZ,x,-0.0625,y,-0.0625,z,0.6875,0.040917716302072485,-0.0754670120197404,-0.11638472832181289,0.04000015580667526,0.163674380721008
2003,1.0,20dB_nominal_difference,imag,linear_a_exact_conversion,REJECTED_PHYSICAL,YZ,x,-0.0625,y,0.0625,z,0.6875,0.04188581069537539,-0.05854624811368281,-0.1004320588090582,0.04000015580667526,0.163674380721008
2003,1.0,20dB_nominal_difference,imag,linear_a_exact_conversion,REJECTED_PHYSICAL,YZ,x,-0.0625,y,0.1875,z,0.6875,0.04311422459213862,-0.04680438731323812,-0.08991861190537674,0.04000015580667526,0.163674380721008
2003,1.0,20dB_nominal_difference,imag,linear_a_exact_conversion,REJECTED_PHYSICAL,YZ,x,-0.0625,y,0.3125,z,0.6875,0.04400245614647743,-0.03566185866890744,-0.07966431481538487,0.04000015580667526,0.163674380721008
2003,1.0,20dB_nominal_difference,imag,linear_a_exact_conversion,REJECTED_PHYSICAL,YZ,x,-0.0625,y,0.4375,z,0.6875,0.043959082787769166,-0.01426310335225385,-0.058222186140023016,0.04000015580667526,0.163674380721008
2003,1.0,20dB_nominal_difference,imag,linear_a_exact_conversion,REJECTED_PHYSICAL,YZ,x,-0.0625,y,0.5625,z,0.6875,0.04297881601581051,0.031096116266325337,-0.011882699749485172,0.04000015580667526,0.163674380721008
2003,1.0,20dB_nominal_difference,imag,linear_a_exact_conversion,REJECTED_PHYSICAL,YZ,x,-0.0625,y,0.6875,z,0.6875,0.0416850276806229,0.11920177925937708,0.07751675157875418,0.04000015580667526,0.163674380721008
2003,1.0,20dB_nominal_difference,imag,vanilla_IBS2,REJECTED_PHYSICAL,XY,z,-0.0625,x,-0.6875,y,-0.6875,0.042812060851533745,-0.21444592607499866,-0.2572579869265324,0.04000015580667526,0.163674380721008
2003,1.0,20dB_nominal_difference,imag,vanilla_IBS2,REJECTED_PHYSICAL,XY,z,-0.0625,x,-0.5625,y,-0.6875,0.04501641841016214,-0.1376205037970515,-0.18263692220721367,0.04000015580667526,0.163674380721008
2003,1.0,20dB_nominal_difference,imag,vanilla_IBS2,REJECTED_PHYSICAL,XY,z,-0.0625,x,-0.4375,y,-0.6875,0.047153559012156725,-0.07000063244547719,-0.11715419145763392,0.04000015580667526,0.163674380721008
2003,1.0,20dB_nominal_difference,imag,vanilla_IBS2,REJECTED_PHYSICAL,XY,z,-0.0625,x,-0.3125,y,-0.6875,0.04816564094919894,-0.018806589953244683,-0.06697223090244361,0.04000015580667526,0.163674380721008
2003,1.0,20dB_nominal_difference,imag,vanilla_IBS2,REJECTED_PHYSICAL,XY,z,-0.0625,x,-0.1875,y,-0.6875,0.04748045653852776,0.013454553123204038,-0.03402590341532372,0.04000015580667526,0.163674380721008
2003,1.0,20dB_nominal_difference,imag,vanilla_IBS2,REJECTED_PHYSICAL,XY,z,-0.0625,x,-0.0625,y,-0.6875,0.04552669117604515,0.026998825683688717,-0.018527865492356434,0.04000015580667526,0.163674380721008
2003,1.0,20dB_nominal_difference,imag,vanilla_IBS2,REJECTED_PHYSICAL,XY,z,-0.0625,x,0.0625,y,-0.6875,0.043322193144988023,0.023824303352542518,-0.019497889792445506,0.04000015580667526,0.163674380721008
2003,1.0,20dB_nominal_difference,imag,vanilla_IBS2,REJECTED_PHYSICAL,XY,z,-0.0625,x,0.1875,y,-0.6875,0.041648705741738304,0.007140991867201699,-0.034507713874536605,0.04000015580667526,0.163674380721008
2003,1.0,20dB_nominal_difference,imag,vanilla_IBS2,REJECTED_PHYSICAL,XY,z,-0.0625,x,0.3125,y,-0.6875,0.04068984889113016,-0.019089649158829887,-0.05977949804996005,0.04000015580667526,0.163674380721008
2003,1.0,20dB_nominal_difference,imag,vanilla_IBS2,REJECTED_PHYSICAL,XY,z,-0.0625,x,0.4375,y,-0.6875,0.04024917597637867,-0.05065586492315676,-0.09090504089953544,0.04000015580667526,0.163674380721008
2003,1.0,20dB_nominal_difference,imag,vanilla_IBS2,REJECTED_PHYSICAL,XY,z,-0.0625,x,0.5625,y,-0.6875,0.040078931812932886,-0.08450300520059392,-0.12458193701352681,0.04000015580667526,0.163674380721008
2003,1.0,20dB_nominal_difference,imag,vanilla_IBS2,REJECTED_PHYSICAL,XY,z,-0.0625,x,0.6875,y,-0.6875,0.04002187267302577,-0.13647179860875877,-0.17649367128178453,0.04000015580667526,0.163674380721008
2003,1.0,20dB_nominal_difference,imag,vanilla_IBS2,REJECTED_PHYSICAL,XY,z,-0.0625,x,-0.6875,y,-0.5625,0.04671923723527712,-0.1834397006904423,-0.23015893792571943,0.04000015580667526,0.163674380721008
2003,1.0,20dB_nominal_difference,imag,vanilla_IBS2,REJECTED_PHYSICAL,XY,z,-0.0625,x,-0.5625,y,-0.5625,0.051951087983362836,-0.05778397562823725,-0.10973506361160008,0.04000015580667526,0.163674380721008
2003,1.0,20dB_nominal_difference,imag,vanilla_IBS2,REJECTED_PHYSICAL,XY,z,-0.0625,x,-0.4375,y,-0.5625,0.057010594762901406,0.04822736035529387,-0.008783234407607539,0.04000015580667526,0.163674380721008
2003,1.0,20dB_nominal_difference,imag,vanilla_IBS2,REJECTED_PHYSICAL,XY,z,-0.0625,x,-0.3125,y,-0.5625,0.05942346591625194,0.12920871013186944,0.06978524421561749,0.04000015580667526,0.163674380721008
2003,1.0,20dB_nominal_difference,imag,vanilla_IBS2,REJECTED_PHYSICAL,XY,z,-0.0625,x,-0.1875,y,-0.5625,0.057875810867460825,0.18337359662542435,0.12549778575796353,0.04000015580667526,0.163674380721008
2003,1.0,20dB_nominal_difference,imag,vanilla_IBS2,REJECTED_PHYSICAL,XY,z,-0.0625,x,-0.0625,y,-0.5625,0.05337272512675944,0.20979499743489904,0.1564222723081396,0.04000015580667526,0.163674380721008
2003,1.0,20dB_nominal_difference,imag,vanilla_IBS2,REJECTED_PHYSICAL,XY,z,-0.0625,x,0.0625,y,-0.5625,0.048248239982660715,0.20888383857500403,0.16063559859234333,0.04000015580667526,0.163674380721008
2003,1.0,20dB_nominal_difference,imag,vanilla_IBS2,REJECTED_PHYSICAL,XY,z,-0.0625,x,0.1875,y,-0.5625,0.04428321889975626,0.1822911554865166,0.13800793658676033,0.04000015580667526,0.163674380721008
2003,1.0,20dB_nominal_difference,imag,vanilla_IBS2,REJECTED_PHYSICAL,XY,z,-0.0625,x,0.3125,y,-0.5625,0.041918714289671956,0.1327794159314033,0.09086070164173135,0.04000015580667526,0.163674380721008
2003,1.0,20dB_nominal_difference,imag,vanilla_IBS2,REJECTED_PHYSICAL,XY,z,-0.0625,x,0.4375,y,-0.5625,0.04075452053288806,0.06417367054422028,0.02341915001133222,0.04000015580667526,0.163674380721008
2003,1.0,20dB_nominal_difference,imag,vanilla_IBS2,REJECTED_PHYSICAL,XY,z,-0.0625,x,0.5625,y,-0.5625,0.04026016289838168,-0.018595509424956476,-0.05885567232333815,0.04000015580667526,0.163674380721008
2003,1.0,20dB_nominal_difference,imag,vanilla_IBS2,REJECTED_PHYSICAL,XY,z,-0.0625,x,0.6875,y,-0.5625,0.04007706720224385,-0.11732159595106786,-0.15739866315331172,0.04000015580667526,0.163674380721008
2003,1.0,20dB_nominal_difference,imag,vanilla_IBS2,REJECTED_PHYSICAL,XY,z,-0.0625,x,-0.6875,y,-0.4375,0.05259270005925314,-0.14753760668370478,-0.20013030674295793,0.04000015580667526,0.163674380721008
2003,1.0,20dB_nominal_difference,imag,vanilla_IBS2,REJECTED_PHYSICAL,XY,z,-0.0625,x,-0.5625,y,-0.4375,0.062376721029284404,-0.006237313735611094,-0.0686140347648955,0.04000015580667526,0.163674380721008
2003,1.0,20dB_nominal_difference,imag,vanilla_IBS2,REJECTED_PHYSICAL,XY,z,-0.0625,x,-0.4375,y,-0.4375,0.07187478901154168,0.12311582345779493,0.05124103444625325,0.04000015580667526,0.163674380721008
2003,1.0,20dB_nominal_difference,imag,vanilla_IBS2,REJECTED_PHYSICAL,XY,z,-0.0625,x,-0.3125,y,-0.4375,0.07656023537116752,0.22712870004948943,0.1505684646783219,0.04000015580667526,0.163674380721008
2003,1.0,20dB_nominal_difference,imag,vanilla_IBS2,REJECTED_PHYSICAL,XY,z,-0.0625,x,-0.1875,y,-0.4375,0.07404746693626542,0.3017706520259242,0.22772318508965878,0.04000015580667526,0.163674380721008
2003,1.0,20dB_nominal_difference,imag,vanilla_IBS2,REJECTED_PHYSICAL,XY,z,-0.0625,x,-0.0625,y,-0.4375,0.06611054116039423,0.34395616654675487,0.27784562538636065,0.04000015580667526,0.163674380721008
2003,1.0,20dB_nominal_difference,imag,vanilla_IBS2,REJECTED_PHYSICAL,XY,z,-0.0625,x,0.0625,y,-0.4375,0.05684254734146165,0.35177126553212673,0.2949287181906651,0.04000015580667526,0.163674380721008
2003,1.0,20dB_nominal_difference,imag,vanilla_IBS2,REJECTED_PHYSICAL,XY,z,-0.0625,x,0.1875,y,-0.4375,0.04937377140139504,0.3246441625529534,0.2752703911515584,0.04000015580667526,0.163674380721008
2003,1.0,20dB_nominal_difference,imag,vanilla_IBS2,REJECTED_PHYSICAL,XY,z,-0.0625,x,0.3125,y,-0.4375,0.044590075287547486,0.26363087751816033,0.21904080223061284,0.04000015580667526,0.163674380721008
2003,1.0,20dB_nominal_difference,imag,vanilla_IBS2,REJECTED_PHYSICAL,XY,z,-0.0625,x,0.4375,y,-0.4375,0.04197827881197196,0.17193281248142098,0.129954533669449,0.04000015580667526,0.163674380721008
2003,1.0,20dB_nominal_difference,imag,vanilla_IBS2,REJECTED_PHYSICAL,XY,z,-0.0625,x,0.5625,y,-0.4375,0.04073456343762443,0.05567131274919395,0.01493674931156952,0.04000015580667526,0.163674380721008
2003,1.0,20dB_nominal_difference,imag,vanilla_IBS2,REJECTED_PHYSICAL,XY,z,-0.0625,x,0.6875,y,-0.4375,0.04022789969620764,-0.0829868731814642,-0.12321477287767182,0.04000015580667526,0.163674380721008
2003,1.0,20dB_nominal_difference,imag,vanilla_IBS2,REJECTED_PHYSICAL,XY,z,-0.0625,x,-0.6875,y,-0.3125,0.05895379189233613,-0.11709337324055666,-0.17604716513289279,0.04000015580667526,0.163674380721008
2003,1.0,20dB_nominal_difference,imag,vanilla_IBS2,REJECTED_PHYSICAL,XY,z,-0.0625,x,-0.5625,y,-0.3125,0.07386171234073384,0.022324651582050527,-0.05153706075868331,0.04000015580667526,0.163674380721008
2003,1.0,20dB_nominal_difference,imag,vanilla_IBS2,REJECTED_PHYSICAL,XY,z,-0.0625,x,-0.4375,y,-0.3125,0.08859624924664959,0.16025955061265432,0.07166330136600473,0.04000015580667526,0.163674380721008
2003,1.0,20dB_nominal_difference,imag,vanilla_IBS2,REJECTED_PHYSICAL,XY,z,-0.0625,x,-0.3125,y,-0.3125,0.0964415039637058,0.27794310529819977,0.18150160133449397,0.04000015580667526,0.163674380721008
2003,1.0,20dB_nominal_difference,imag,vanilla_IBS2,REJECTED_PHYSICAL,XY,z,-0.0625,x,-0.1875,y,-0.3125,0.09378116907479145,0.36863896900394466,0.2748577999291532,0.04000015580667526,0.163674380721008
2003,1.0,20dB_nominal_difference,imag,vanilla_IBS2,REJECTED_PHYSICAL,XY,z,-0.0625,x,-0.0625,y,-0.3125,0.08296185958806848,0.4266051380777435,0.343643278489675,0.04000015580667526,0.163674380721008
2003,1.0,20dB_nominal_difference,imag,vanilla_IBS2,REJECTED_PHYSICAL,XY,z,-0.0625,x,0.0625,y,-0.3125,0.06957351754030672,0.4471135306192269,0.37754001307892016,0.04000015580667526,0.163674380721008
2003,1.0,20dB_nominal_difference,imag,vanilla_IBS2,REJECTED_PHYSICAL,XY,z,-0.0625,x,0.1875,y,-0.3125,0.05795880046020539,0.42681056092576025,0.36885176046555485,0.04000015580667526,0.163674380721008
2003,1.0,20dB_nominal_difference,imag,vanilla_IBS2,REJECTED_PHYSICAL,XY,z,-0.0625,x,0.3125,y,-0.3125,0.04966102784305324,0.36436236260808397,0.3147013347650307,0.04000015580667526,0.163674380721008
2003,1.0,20dB_nominal_difference,imag,vanilla_IBS2,REJECTED_PHYSICAL,XY,z,-0.0625,x,0.4375,y,-0.3125,0.044507537376236805,0.2613363515136035,0.2168288141373667,0.04000015580667526,0.163674380721008
2003,1.0,20dB_nominal_difference,imag,vanilla_IBS2,REJECTED_PHYSICAL,XY,z,-0.0625,x,0.5625,y,-0.3125,0.04176157986813832,0.12311597464776897,0.08135439477963065,0.04000015580667526,0.163674380721008
2003,1.0,20dB_nominal_difference,imag,vanilla_IBS2,REJECTED_PHYSICAL,XY,z,-0.0625,x,0.6875,y,-0.3125,0.04055912685149282,-0.04671545236947775,-0.08727457922097057,0.04000015580667526,0.163674380721008
2003,1.0,20dB_nominal_difference,imag,vanilla_IBS2,REJECTED_PHYSICAL,XY,z,-0.0625,x,-0.6875,y,-0.1875,0.06414071000515616,-0.09241251102575337,-0.15655322103090952,0.04000015580667526,0.163674380721008
2003,1.0,20dB_nominal_difference,imag,vanilla_IBS2,REJECTED_PHYSICAL,XY,z,-0.0625,x,-0.5625,y,-0.1875,0.08405754185242151,0.03251034337984438,-0.051547198472577126,0.04000015580667526,0.163674380721008
2003,1.0,20dB_nominal_difference,imag,vanilla_IBS2,REJECTED_PHYSICAL,XY,z,-0.0625,x,-0.4375,y,-0.1875,0.10464619152399268,0.16643080611382347,0.06178461458983078,0.04000015580667526,0.163674380721008
2003,1.0,20dB_nominal_difference,imag,vanilla_IBS2,REJECTED_PHYSICAL,XY,z,-0.0625,x,-0.3125,y,-0.1875,0.11703963931989764,0.28797712957418253,0.1709374902542849,0.04000015580667526,0.163674380721008
2003,1.0,20dB_nominal_difference,imag,vanilla_IBS2,REJECTED_PHYSICAL,XY,z,-0.0625,x,-0.1875,y,-0.1875,0.11600715433781533,0.3884108544976264,0.2724037001598111,0.04000015580667526,0.163674380721008
2003,1.0,20dB_nominal_difference,imag,vanilla_IBS2,REJECTED_PHYSICAL,XY,z,-0.0625,x,-0.0625,y,-0.1875,0.10388043199886729,0.45950558112535983,0.35562514912649257,0.04000015580667526,0.163674380721008
2003,1.0,20dB_nominal_difference,imag,vanilla_IBS2,REJECTED_PHYSICAL,XY,z,-0.0625,x,0.0625,y,-0.1875,0.08715791234653131,0.4936482764399767,0.4064903640934454,0.04000015580667526,0.163674380721008
2003,1.0,20dB_nominal_difference,imag,vanilla_IBS2,REJECTED_PHYSICAL,XY,z,-0.0625,x,0.1875,y,-0.1875,0.07105841669804411,0.48445990019796487,0.4134014834999208,0.04000015580667526,0.163674380721008
2003,1.0,20dB_nominal_difference,imag,vanilla_IBS2,REJECTED_PHYSICAL,XY,z,-0.0625,x,0.3125,y,-0.1875,0.05799868214319433,0.4277942322983899,0.3697955501551956,0.04000015580667526,0.163674380721008
2003,1.0,20dB_nominal_difference,imag,vanilla_IBS2,REJECTED_PHYSICAL,XY,z,-0.0625,x,0.4375,y,-0.1875,0.0488427972404081,0.3229385386478061,0.274095741407398,0.04000015580667526,0.163674380721008
2003,1.0,20dB_nominal_difference,imag,vanilla_IBS2,REJECTED_PHYSICAL,XY,z,-0.0625,x,0.5625,y,-0.1875,0.04354008507042236,0.17373694841153123,0.13019686334110886,0.04000015580667526,0.163674380721008
2003,1.0,20dB_nominal_difference,imag,vanilla_IBS2,REJECTED_PHYSICAL,XY,z,-0.0625,x,0.6875,y,-0.1875,0.041124939764612185,-0.01511858465394092,-0.056243524418553105,0.04000015580667526,0.163674380721008
2003,1.0,20dB_nominal_difference,imag,vanilla_IBS2,REJECTED_PHYSICAL,XY,z,-0.0625,x,-0.6875,y,-0.0625,0.06749798464259113,-0.0734025390706965,-0.14090052371328762,0.04000015580667526,0.163674380721008
2003,1.0,20dB_nominal_difference,imag,vanilla_IBS2,REJECTED_PHYSICAL,XY,z,-0.0625,x,-0.5625,y,-0.0625,0.0924583346322828,0.02775192833518991,-0.06470640629709289,0.04000015580667526,0.163674380721008
2003,1.0,20dB_nominal_difference,imag,vanilla_IBS2,REJECTED_PHYSICAL,XY,z,-0.0625,x,-0.4375,y,-0.0625,0.12022275489155235,0.14734452353032265,0.027121768638770305,0.04000015580667526,0.163674380721008
2003,1.0,20dB_nominal_difference,imag,vanilla_IBS2,REJECTED_PHYSICAL,XY,z,-0.0625,x,-0.3125,y,-0.0625,0.13941173146332025,0.26364570048999186,0.12423396902667161,0.04000015580667526,0.163674380721008
2003,1.0,20dB_nominal_difference,imag,vanilla_IBS2,REJECTED_PHYSICAL,XY,z,-0.0625,x,-0.1875,y,-0.0625,0.14204895694150824,0.3667902761920301,0.22474131925052185,0.04000015580667526,0.163674380721008
2003,1.0,20dB_nominal_difference,imag,vanilla_IBS2,REJECTED_PHYSICAL,XY,z,-0.0625,x,-0.0625,y,-0.0625,0.1296726376248023,0.4465719055116646,0.3168992678868623,0.04000015580667526,0.163674380721008
2003,1.0,20dB_nominal_difference,imag,vanilla_IBS2,REJECTED_PHYSICAL,XY,z,-0.0625,x,0.0625,y,-0.0625,0.10968324680704317,0.4927571521150876,0.3830739053080444,0.04000015580667526,0.163674380721008
2003,1.0,20dB_nominal_difference,imag,vanilla_IBS2,REJECTED_PHYSICAL,XY,z,-0.0625,x,0.1875,y,-0.0625,0.08836681093770062,0.49605082232591746,0.40768401138821686,0.04000015580667526,0.163674380721008
2003,1.0,20dB_nominal_difference,imag,vanilla_IBS2,REJECTED_PHYSICAL,XY,z,-0.0625,x,0.3125,y,-0.0625,0.0692222961257432,0.4494865662465631,0.38026427012081987,0.04000015580667526,0.163674380721008
2003,1.0,20dB_nominal_difference,imag,vanilla_IBS2,REJECTED_PHYSICAL,XY,z,-0.0625,x,0.4375,y,-0.0625,0.05466901134123281,0.34996382821572547,0.29529481687449266,0.04000015580667526,0.163674380721008
2003,1.0,20dB_nominal_difference,imag,vanilla_IBS2,REJECTED_PHYSICAL,XY,z,-0.0625,x,0.5625,y,-0.0625,0.045872837212520334,0.19962201937881058,0.15374918216629024,0.04000015580667526,0.163674380721008
2003,1.0,20dB_nominal_difference,imag,vanilla_IBS2,REJECTED_PHYSICAL,XY,z,-0.0625,x,0.6875,y,-0.0625,0.0418360047357586,0.004079738662116562,-0.03775626607364204,0.04000015580667526,0.163674380721008
2003,1.0,20dB_nominal_difference,imag,vanilla_IBS2,REJECTED_PHYSICAL,XY,z,-0.0625,x,-0.6875,y,0.0625,0.06747761449903886,-0.059385768242911606,-0.12686338274195047,0.04000015580667526,0.163674380721008
2003,1.0,20dB_nominal_difference,imag,vanilla_IBS2,REJECTED_PHYSICAL,XY,z,-0.0625,x,-0.5625,y,0.0625,0.09549848235929675,0.01202982438200326,-0.0834686579772935,0.04000015580667526,0.163674380721008
2003,1.0,20dB_nominal_difference,imag,vanilla_IBS2,REJECTED_PHYSICAL,XY,z,-0.0625,x,-0.4375,y,0.0625,0.129320887606679,0.10949627390490288,-0.019824613701776128,0.04000015580667526,0.163674380721008
2003,1.0,20dB_nominal_difference,imag,vanilla_IBS2,REJECTED_PHYSICAL,XY,z,-0.0625,x,-0.3125,y,0.0625,0.15577475122402062,0.21282004194735776,0.05704529072333714,0.04000015580667526,0.163674380721008
2003,1.0,20dB_nominal_difference,imag,vanilla_IBS2,REJECTED_PHYSICAL,XY,z,-0.0625,x,-0.1875,y,0.0625,0.163674380721008,0.3118047750572595,0.1481303943362515,0.04000015580667526,0.163674380721008
2003,1.0,20dB_nominal_difference,imag,vanilla_IBS2,REJECTED_PHYSICAL,XY,z,-0.0625,x,-0.0625,y,0.0625,0.15276659508822296,0.39483893070467446,0.2420723356164515,0.04000015580667526,0.163674380721008
2003,1.0,20dB_nominal_difference,imag,vanilla_IBS2,REJECTED_PHYSICAL,XY,z,-0.0625,x,0.0625,y,0.0625,0.1308208387853533,0.4495064175761305,0.3186855787907772,0.04000015580667526,0.163674380721008
2003,1.0,20dB_nominal_difference,imag,vanilla_IBS2,REJECTED_PHYSICAL,XY,z,-0.0625,x,0.1875,y,0.0625,0.10504476057409515,0.4639775063614441,0.3589327457873489,0.04000015580667526,0.163674380721008
2003,1.0,20dB_nominal_difference,imag,vanilla_IBS2,REJECTED_PHYSICAL,XY,z,-0.0625,x,0.3125,y,0.0625,0.08004365477318558,0.42883032753327377,0.3487866727600882,0.04000015580667526,0.163674380721008
2003,1.0,20dB_nominal_difference,imag,vanilla_IBS2,REJECTED_PHYSICAL,XY,z,-0.0625,x,0.4375,y,0.0625,0.060110914361473436,0.3389064452293562,0.2787955308678828,0.04000015580667526,0.163674380721008
2003,1.0,20dB_nominal_difference,imag,vanilla_IBS2,REJECTED_PHYSICAL,XY,z,-0.0625,x,0.5625,y,0.0625,0.047916215851691785,0.1948467374593815,0.1469305216076897,0.04000015580667526,0.163674380721008
2003,1.0,20dB_nominal_difference,imag,vanilla_IBS2,REJECTED_PHYSICAL,XY,z,-0.0625,x,0.6875,y,0.0625,0.04240463768892273,0.003060807487753975,-0.03934383020116876,0.04000015580667526,0.163674380721008
2003,1.0,20dB_nominal_difference,imag,vanilla_IBS2,REJECTED_PHYSICAL,XY,z,-0.0625,x,-0.6875,y,0.1875,0.061829990330548715,-0.04721833194643197,-0.10904832227698069,0.04000015580667526,0.163674380721008
2003,1.0,20dB_nominal_difference,imag,vanilla_IBS2,REJECTED_PHYSICAL,XY,z,-0.0625,x,-0.5625,y,0.1875,0.08661838749055265,-0.008402204360150767,-0.09502059185070341,0.04000015580667526,0.163674380721008
2003,1.0,20dB_nominal_difference,imag,vanilla_IBS2,REJECTED_PHYSICAL,XY,z,-0.0625,x,-0.4375,y,0.1875,0.11900813444003683,0.06176448469079253,-0.0572436497492443,0.04000015580667526,0.163674380721008
2003,1.0,20dB_nominal_difference,imag,vanilla_IBS2,REJECTED_PHYSICAL,XY,z,-0.0625,x,-0.3125,y,0.1875,0.14751140554932707,0.14620914704014226,-0.001302258509184806,0.04000015580667526,0.163674380721008
2003,1.0,20dB_nominal_difference,imag,vanilla_IBS2,REJECTED_PHYSICAL,XY,z,-0.0625,x,-0.1875,y,0.1875,0.16039105667147383,0.23501135623103878,0.07462029955956495,0.04000015580667526,0.163674380721008
2003,1.0,20dB_nominal_difference,imag,vanilla_IBS2,REJECTED_PHYSICAL,XY,z,-0.0625,x,-0.0625,y,0.1875,0.15505336276937054,0.31559818532961775,0.1605448225602472,0.04000015580667526,0.163674380721008
2003,1.0,20dB_nominal_difference,imag,vanilla_IBS2,REJECTED_PHYSICAL,XY,z,-0.0625,x,0.0625,y,0.1875,0.13688521071212376,0.37380273752261245,0.2369175268104887,0.04000015580667526,0.163674380721008
2003,1.0,20dB_nominal_difference,imag,vanilla_IBS2,REJECTED_PHYSICAL,XY,z,-0.0625,x,0.1875,y,0.1875,0.11174509915929395,0.3957779210652467,0.2840328219059527,0.04000015580667526,0.163674380721008
2003,1.0,20dB_nominal_difference,imag,vanilla_IBS2,REJECTED_PHYSICAL,XY,z,-0.0625,x,0.3125,y,0.1875,0.08474302330367384,0.37027860668297136,0.2855355833792975,0.04000015580667526,0.163674380721008
2003,1.0,20dB_nominal_difference,imag,vanilla_IBS2,REJECTED_PHYSICAL,XY,z,-0.0625,x,0.4375,y,0.1875,0.062260559952542746,0.2907802699366969,0.22851970998415416,0.04000015580667526,0.163674380721008
2003,1.0,20dB_nominal_difference,imag,vanilla_IBS2,REJECTED_PHYSICAL,XY,z,-0.0625,x,0.5625,y,0.1875,0.0485319027542396,0.15698657060467175,0.10845466785043215,0.04000015580667526,0.163674380721008
2003,1.0,20dB_nominal_difference,imag,vanilla_IBS2,REJECTED_PHYSICAL,XY,z,-0.0625,x,0.6875,y,0.1875,0.042499878614168186,-0.02388242294416166,-0.06638230155832985,0.04000015580667526,0.163674380721008
2003,1.0,20dB_nominal_difference,imag,vanilla_IBS2,REJECTED_PHYSICAL,XY,z,-0.0625,x,-0.6875,y,0.3125,0.05261255142733424,-0.029658193931796202,-0.08227074535913044,0.04000015580667526,0.163674380721008
2003,1.0,20dB_nominal_difference,imag,vanilla_IBS2,REJECTED_PHYSICAL,XY,z,-0.0625,x,-0.5625,y,0.3125,0.0684128538147093,-0.024001056887614926,-0.09241391070232421,0.04000015580667526,0.163674380721008
2003,1.0,20dB_nominal_difference,imag,vanilla_IBS2,REJECTED_PHYSICAL,XY,z,-0.0625,x,-0.4375,y,0.3125,0.09087823317155115,0.016078750810676914,-0.07479948236087423,0.04000015580667526,0.163674380721008
2003,1.0,20dB_nominal_difference,imag,vanilla_IBS2,REJECTED_PHYSICAL,XY,z,-0.0625,x,-0.3125,y,0.3125,0.11345349775818503,0.07788554487337648,-0.035567952884808546,0.04000015580667526,0.163674380721008
2003,1.0,20dB_nominal_difference,imag,vanilla_IBS2,REJECTED_PHYSICAL,XY,z,-0.0625,x,-0.1875,y,0.3125,0.12786602111867237,0.15196725857338567,0.024101237454713292,0.04000015580667526,0.163674380721008
2003,1.0,20dB_nominal_difference,imag,vanilla_IBS2,REJECTED_PHYSICAL,XY,z,-0.0625,x,-0.0625,y,0.3125,0.13024674790657753,0.22487127463222603,0.0946245267256485,0.04000015580667526,0.163674380721008
2003,1.0,20dB_nominal_difference,imag,vanilla_IBS2,REJECTED_PHYSICAL,XY,z,-0.0625,x,0.0625,y,0.3125,0.12129664598653803,0.2809332717366706,0.15963662575013257,0.04000015580667526,0.163674380721008
2003,1.0,20dB_nominal_difference,imag,vanilla_IBS2,REJECTED_PHYSICAL,XY,z,-0.0625,x,0.1875,y,0.3125,0.10297536110236849,0.30479982072058776,0.20182445961821927,0.04000015580667526,0.163674380721008
2003,1.0,20dB_nominal_difference,imag,vanilla_IBS2,REJECTED_PHYSICAL,XY,z,-0.0625,x,0.3125,y,0.3125,0.07980093621515352,0.28418398140075224,0.20438304518559872,0.04000015580667526,0.163674380721008
2003,1.0,20dB_nominal_difference,imag,vanilla_IBS2,REJECTED_PHYSICAL,XY,z,-0.0625,x,0.4375,y,0.3125,0.05952259275985332,0.21220885797887476,0.15268626521902146,0.04000015580667526,0.163674380721008
2003,1.0,20dB_nominal_difference,imag,vanilla_IBS2,REJECTED_PHYSICAL,XY,z,-0.0625,x,0.5625,y,0.3125,0.04724895876292659,0.08867480040222536,0.04142584163929877,0.04000015580667526,0.163674380721008
2003,1.0,20dB_nominal_difference,imag,vanilla_IBS2,REJECTED_PHYSICAL,XY,z,-0.0625,x,0.6875,y,0.3125,0.04204247644349049,-0.07805664095813561,-0.1200991174016261,0.04000015580667526,0.163674380721008
2003,1.0,20dB_nominal_difference,imag,vanilla_IBS2,REJECTED_PHYSICAL,XY,z,-0.0625,x,-0.6875,y,0.4375,0.045146833362529254,0.0051785825780327685,-0.039968250784496485,0.04000015580667526,0.163674380721008
2003,1.0,20dB_nominal_difference,imag,vanilla_IBS2,REJECTED_PHYSICAL,XY,z,-0.0625,x,-0.5625,y,0.4375,0.052308006267595956,-0.022625485831024035,-0.07493349209861999,0.04000015580667526,0.163674380721008
2003,1.0,20dB_nominal_difference,imag,vanilla_IBS2,REJECTED_PHYSICAL,XY,z,-0.0625,x,-0.4375,y,0.4375,0.0635996340198682,-0.013606531463932106,-0.07720616548380031,0.04000015580667526,0.163674380721008
2003,1.0,20dB_nominal_difference,imag,vanilla_IBS2,REJECTED_PHYSICAL,XY,z,-0.0625,x,-0.3125,y,0.4375,0.07692163679972497,0.024355720436524682,-0.05256591636320029,0.04000015580667526,0.163674380721008
2003,1.0,20dB_nominal_difference,imag,vanilla_IBS2,REJECTED_PHYSICAL,XY,z,-0.0625,x,-0.1875,y,0.4375,0.08851586134200791,0.08139459021633355,-0.007121271125674358,0.04000015580667526,0.163674380721008
2003,1.0,20dB_nominal_difference,imag,vanilla_IBS2,REJECTED_PHYSICAL,XY,z,-0.0625,x,-0.0625,y,0.4375,0.09505083051922082,0.14264133937869372,0.0475905088594729,0.04000015580667526,0.163674380721008
2003,1.0,20dB_nominal_difference,imag,vanilla_IBS2,REJECTED_PHYSICAL,XY,z,-0.0625,x,0.0625,y,0.4375,0.09390935418559936,0.19091797589918838,0.09700862171358902,0.04000015580667526,0.163674380721008
2003,1.0,20dB_nominal_difference,imag,vanilla_IBS2,REJECTED_PHYSICAL,XY,z,-0.0625,x,0.1875,y,0.4375,0.08376161542003223,0.20976955489464358,0.12600793947461136,0.04000015580667526,0.163674380721008
2003,1.0,20dB_nominal_difference,imag,vanilla_IBS2,REJECTED_PHYSICAL,XY,z,-0.0625,x,0.3125,y,0.4375,0.06787722682085688,0.18664269740281902,0.11876547058196214,0.04000015580667526,0.163674380721008
2003,1.0,20dB_nominal_difference,imag,vanilla_IBS2,REJECTED_PHYSICAL,XY,z,-0.0625,x,0.4375,y,0.4375,0.0534028942982199,0.11552350587863547,0.06212061158041557,0.04000015580667526,0.163674380721008
2003,1.0,20dB_nominal_difference,imag,vanilla_IBS2,REJECTED_PHYSICAL,XY,z,-0.0625,x,0.5625,y,0.4375,0.04480510916222494,-0.0019415193246195214,-0.04674662848684446,0.04000015580667526,0.163674380721008
2003,1.0,20dB_nominal_difference,imag,vanilla_IBS2,REJECTED_PHYSICAL,XY,z,-0.0625,x,0.6875,y,0.4375,0.04130161756945503,-0.15494582494379422,-0.19624744251324924,0.04000015580667526,0.163674380721008
2003,1.0,20dB_nominal_difference,imag,vanilla_IBS2,REJECTED_PHYSICAL,XY,z,-0.0625,x,-0.6875,y,0.5625,0.04155453055242604,0.07295071744588613,0.03139618689346009,0.04000015580667526,0.163674380721008
2003,1.0,20dB_nominal_difference,imag,vanilla_IBS2,REJECTED_PHYSICAL,XY,z,-0.0625,x,-0.5625,y,0.5625,0.04401700141223197,0.006454174107110029,-0.03756282730512194,0.04000015580667526,0.163674380721008
2003,1.0,20dB_nominal_difference,imag,vanilla_IBS2,REJECTED_PHYSICAL,XY,z,-0.0625,x,-0.4375,y,0.5625,0.048436595860168206,-0.014529185286086183,-0.0629657811462544,0.04000015580667526,0.163674380721008
2003,1.0,20dB_nominal_difference,imag,vanilla_IBS2,REJECTED_PHYSICAL,XY,z,-0.0625,x,-0.3125,y,0.5625,0.05467394860763999,0.002130422640839555,-0.05254352596680043,0.04000015580667526,0.163674380721008
2003,1.0,20dB_nominal_difference,imag,vanilla_IBS2,REJECTED_PHYSICAL,XY,z,-0.0625,x,-0.1875,y,0.5625,0.06165764159022336,0.04296090219359524,-0.018696739396628123,0.04000015580667526,0.163674380721008
2003,1.0,20dB_nominal_difference,imag,vanilla_IBS2,REJECTED_PHYSICAL,XY,z,-0.0625,x,-0.0625,y,0.5625,0.0673760067132258,0.09065875277148638,0.023282746058260584,0.04000015580667526,0.163674380721008
2003,1.0,20dB_nominal_difference,imag,vanilla_IBS2,REJECTED_PHYSICAL,XY,z,-0.0625,x,0.0625,y,0.5625,0.06887981651268772,0.12642054741302766,0.05754073090033994,0.04000015580667526,0.163674380721008
2003,1.0,20dB_nominal_difference,imag,vanilla_IBS2,REJECTED_PHYSICAL,XY,z,-0.0625,x,0.1875,y,0.5625,0.0641626244070744,0.13299895490630093,0.06883633049922652,0.04000015580667526,0.163674380721008
2003,1.0,20dB_nominal_difference,imag,vanilla_IBS2,REJECTED_PHYSICAL,XY,z,-0.0625,x,0.3125,y,0.5625,0.05529949586953234,0.09813706051537521,0.042837564645842874,0.04000015580667526,0.163674380721008
2003,1.0,20dB_nominal_difference,imag,vanilla_IBS2,REJECTED_PHYSICAL,XY,z,-0.0625,x,0.4375,y,0.5625,0.04715181215615008,0.01760148906660872,-0.02955032308954136,0.04000015580667526,0.163674380721008
2003,1.0,20dB_nominal_difference,imag,vanilla_IBS2,REJECTED_PHYSICAL,XY,z,-0.0625,x,0.5625,y,0.5625,0.042469036992147643,-0.10288862035210564,-0.14535765734425327,0.04000015580667526,0.163674380721008
2003,1.0,20dB_nominal_difference,imag,vanilla_IBS2,REJECTED_PHYSICAL,XY,z,-0.0625,x,0.6875,y,0.5625,0.04064411430786136,-0.24505815120356086,-0.28570226551142225,0.04000015580667526,0.163674380721008
2003,1.0,20dB_nominal_difference,imag,vanilla_IBS2,REJECTED_PHYSICAL,XY,z,-0.0625,x,-0.6875,y,0.6875,0.0403989351377876,0.17074616501551956,0.13034722987773195,0.04000015580667526,0.163674380721008
2003,1.0,20dB_nominal_difference,imag,vanilla_IBS2,REJECTED_PHYSICAL,XY,z,-0.0625,x,-0.5625,y,0.6875,0.04113120583550842,0.049798808803284356,0.008667602967775932,0.04000015580667526,0.163674380721008
2003,1.0,20dB_nominal_difference,imag,vanilla_IBS2,REJECTED_PHYSICAL,XY,z,-0.0625,x,-0.4375,y,0.6875,0.042630474195134264,0.010435221204033514,-0.03219525299110075,0.04000015580667526,0.163674380721008
2003,1.0,20dB_nominal_difference,imag,vanilla_IBS2,REJECTED_PHYSICAL,XY,z,-0.0625,x,-0.3125,y,0.6875,0.045100938048975955,0.015791981323441017,-0.02930895672553494,0.04000015580667526,0.163674380721008
2003,1.0,20dB_nominal_difference,imag,vanilla_IBS2,REJECTED_PHYSICAL,XY,z,-0.0625,x,-0.1875,y,0.6875,0.04836173594686007,0.046112388025931185,-0.0022493479209288875,0.04000015580667526,0.163674380721008
2003,1.0,20dB_nominal_difference,imag,vanilla_IBS2,REJECTED_PHYSICAL,XY,z,-0.0625,x,-0.0625,y,0.6875,0.05145596596372576,0.0816276003830343,0.030171634419308535,0.04000015580667526,0.163674380721008
2003,1.0,20dB_nominal_difference,imag,vanilla_IBS2,REJECTED_PHYSICAL,XY,z,-0.0625,x,0.0625,y,0.6875,0.05259007729992901,0.10222280351721416,0.04963272621728515,0.04000015580667526,0.163674380721008
2003,1.0,20dB_nominal_difference,imag,vanilla_IBS2,REJECTED_PHYSICAL,XY,z,-0.0625,x,0.1875,y,0.6875,0.05056723797387832,0.09031217752956217,0.039744939555683846,0.04000015580667526,0.163674380721008
2003,1.0,20dB_nominal_difference,imag,vanilla_IBS2,REJECTED_PHYSICAL,XY,z,-0.0625,x,0.3125,y,0.6875,0.046542039486185904,0.03434526964266926,-0.012196769843516642,0.04000015580667526,0.163674380721008
2003,1.0,20dB_nominal_difference,imag,vanilla_IBS2,REJECTED_PHYSICAL,XY,z,-0.0625,x,0.4375,y,0.6875,0.04295074737144104,-0.06817122173414478,-0.11112196910558582,0.04000015580667526,0.163674380721008
2003,1.0,20dB_nominal_difference,imag,vanilla_IBS2,REJECTED_PHYSICAL,XY,z,-0.0625,x,0.5625,y,0.6875,0.040979898299777905,-0.20808324562766087,-0.24906314392743878,0.04000015580667526,0.163674380721008
2003,1.0,20dB_nominal_difference,imag,vanilla_IBS2,REJECTED_PHYSICAL,XY,z,-0.0625,x,0.6875,y,0.6875,0.040247123462449144,-0.3510822642606554,-0.39132938772310455,0.04000015580667526,0.163674380721008
2003,1.0,20dB_nominal_difference,imag,vanilla_IBS2,REJECTED_PHYSICAL,XZ,y,-0.0625,x,-0.6875,z,-0.6875,0.040868546119287474,0.024357892070137173,-0.0165106540491503,0.04000015580667526,0.163674380721008
2003,1.0,20dB_nominal_difference,imag,vanilla_IBS2,REJECTED_PHYSICAL,XZ,y,-0.0625,x,-0.5625,z,-0.6875,0.04222009810644191,0.009406913037673229,-0.03281318506876868,0.04000015580667526,0.163674380721008
2003,1.0,20dB_nominal_difference,imag,vanilla_IBS2,REJECTED_PHYSICAL,XZ,y,-0.0625,x,-0.4375,z,-0.6875,0.0447120270693828,-0.01218781943904345,-0.05689984650842625,0.04000015580667526,0.163674380721008
2003,1.0,20dB_nominal_difference,imag,vanilla_IBS2,REJECTED_PHYSICAL,XZ,y,-0.0625,x,-0.3125,z,-0.6875,0.04841723302722367,-0.028759351494635453,-0.07717658452185913,0.04000015580667526,0.163674380721008
2003,1.0,20dB_nominal_difference,imag,vanilla_IBS2,REJECTED_PHYSICAL,XZ,y,-0.0625,x,-0.1875,z,-0.6875,0.05265208297165072,-0.04134003059142707,-0.0939921135630778,0.04000015580667526,0.163674380721008
2003,1.0,20dB_nominal_difference,imag,vanilla_IBS2,REJECTED_PHYSICAL,XZ,y,-0.0625,x,-0.0625,z,-0.6875,0.05580939135375661,-0.050215579199921125,-0.10602497055367774,0.04000015580667526,0.163674380721008
2003,1.0,20dB_nominal_difference,imag,vanilla_IBS2,REJECTED_PHYSICAL,XZ,y,-0.0625,x,0.0625,z,-0.6875,0.05615223530031655,-0.05537804371607135,-0.1115302790163879,0.04000015580667526,0.163674380721008
2003,1.0,20dB_nominal_difference,imag,vanilla_IBS2,REJECTED_PHYSICAL,XZ,y,-0.0625,x,0.1875,z,-0.6875,0.053298328566675865,-0.05735634409730322,-0.11065467266397908,0.04000015580667526,0.163674380721008
2003,1.0,20dB_nominal_difference,imag,vanilla_IBS2,REJECTED_PHYSICAL,XZ,y,-0.0625,x,0.3125,z,-0.6875,0.048733998410806056,-0.057699530906102116,-0.10643352931690817,0.04000015580667526,0.163674380721008
2003,1.0,20dB_nominal_difference,imag,vanilla_IBS2,REJECTED_PHYSICAL,XZ,y,-0.0625,x,0.4375,z,-0.6875,0.0445481477333863,-0.058678245237896325,-0.10322639297128262,0.04000015580667526,0.163674380721008
2003,1.0,20dB_nominal_difference,imag,vanilla_IBS2,REJECTED_PHYSICAL,XZ,y,-0.0625,x,0.5625,z,-0.6875,0.04187161543589744,-0.06159277246601933,-0.10346438790191677,0.04000015580667526,0.163674380721008
2003,1.0,20dB_nominal_difference,imag,vanilla_IBS2,REJECTED_PHYSICAL,XZ,y,-0.0625,x,0.6875,z,-0.6875,0.040607611136299245,-0.0664044437558994,-0.10701205489219864,0.04000015580667526,0.163674380721008
2003,1.0,20dB_nominal_difference,imag,vanilla_IBS2,REJECTED_PHYSICAL,XZ,y,-0.0625,x,-0.6875,z,-0.5625,0.04221584655752198,0.06212929241296851,0.019913445855446528,0.04000015580667526,0.163674380721008
2003,1.0,20dB_nominal_difference,imag,vanilla_IBS2,REJECTED_PHYSICAL,XZ,y,-0.0625,x,-0.5625,z,-0.5625,0.04537201392835385,0.09872833235005418,0.053356318421700334,0.04000015580667526,0.163674380721008
2003,1.0,20dB_nominal_difference,imag,vanilla_IBS2,REJECTED_PHYSICAL,XZ,y,-0.0625,x,-0.4375,z,-0.5625,0.05071678855161721,0.1274267297408547,0.07670994118923749,0.04000015580667526,0.163674380721008
2003,1.0,20dB_nominal_difference,imag,vanilla_IBS2,REJECTED_PHYSICAL,XZ,y,-0.0625,x,-0.3125,z,-0.5625,0.057982990428343366,0.15450921354642147,0.0965262231180781,0.04000015580667526,0.163674380721008
2003,1.0,20dB_nominal_difference,imag,vanilla_IBS2,REJECTED_PHYSICAL,XZ,y,-0.0625,x,-0.1875,z,-0.5625,0.06563524444284853,0.17848815373384044,0.11285290929099191,0.04000015580667526,0.163674380721008
2003,1.0,20dB_nominal_difference,imag,vanilla_IBS2,REJECTED_PHYSICAL,XZ,y,-0.0625,x,-0.0625,z,-0.5625,0.07084440738469061,0.19642870846545424,0.12558430108076363,0.04000015580667526,0.163674380721008
2003,1.0,20dB_nominal_difference,imag,vanilla_IBS2,REJECTED_PHYSICAL,XZ,y,-0.0625,x,0.0625,z,-0.5625,0.07078856422164018,0.20500038899514889,0.1342118247735087,0.04000015580667526,0.163674380721008
2003,1.0,20dB_nominal_difference,imag,vanilla_IBS2,REJECTED_PHYSICAL,XZ,y,-0.0625,x,0.1875,z,-0.5625,0.06502681023437898,0.20063763830724335,0.13561082807286437,0.04000015580667526,0.163674380721008
2003,1.0,20dB_nominal_difference,imag,vanilla_IBS2,REJECTED_PHYSICAL,XZ,y,-0.0625,x,0.3125,z,-0.5625,0.05633149145312438,0.17958776982985752,0.12325627837673314,0.04000015580667526,0.163674380721008
2003,1.0,20dB_nominal_difference,imag,vanilla_IBS2,REJECTED_PHYSICAL,XZ,y,-0.0625,x,0.4375,z,-0.5625,0.04847862952345985,0.13793299462023767,0.08945436509677782,0.04000015580667526,0.163674380721008
2003,1.0,20dB_nominal_difference,imag,vanilla_IBS2,REJECTED_PHYSICAL,XZ,y,-0.0625,x,0.5625,z,-0.5625,0.04348423389284176,0.07072272442956969,0.027238490536727923,0.04000015580667526,0.163674380721008
2003,1.0,20dB_nominal_difference,imag,vanilla_IBS2,REJECTED_PHYSICAL,XZ,y,-0.0625,x,0.6875,z,-0.5625,0.04113043077314255,-0.034139606303204305,-0.07527003707634686,0.04000015580667526,0.163674380721008
2003,1.0,20dB_nominal_difference,imag,vanilla_IBS2,REJECTED_PHYSICAL,XZ,y,-0.0625,x,-0.6875,z,-0.4375,0.044760832984435284,0.08458687355554759,0.0398260405711123,0.04000015580667526,0.163674380721008
2003,1.0,20dB_nominal_difference,imag,vanilla_IBS2,REJECTED_PHYSICAL,XZ,y,-0.0625,x,-0.5625,z,-0.4375,0.05097234152675774,0.14755491403277596,0.09658257250601822,0.04000015580667526,0.163674380721008
2003,1.0,20dB_nominal_difference,imag,vanilla_IBS2,REJECTED_PHYSICAL,XZ,y,-0.0625,x,-0.4375,z,-0.4375,0.06058950189645872,0.2144722112119438,0.1538827093154851,0.04000015580667526,0.163674380721008
2003,1.0,20dB_nominal_difference,imag,vanilla_IBS2,REJECTED_PHYSICAL,XZ,y,-0.0625,x,-0.3125,z,-0.4375,0.07229706179483097,0.27867378794173525,0.20637672614690428,0.04000015580667526,0.163674380721008
2003,1.0,20dB_nominal_difference,imag,vanilla_IBS2,REJECTED_PHYSICAL,XZ,y,-0.0625,x,-0.1875,z,-0.4375,0.08321225008554131,0.33471511270236554,0.2515028626168242,0.04000015580667526,0.163674380721008
2003,1.0,20dB_nominal_difference,imag,vanilla_IBS2,REJECTED_PHYSICAL,XZ,y,-0.0625,x,-0.0625,z,-0.4375,0.08947757634277925,0.3765320777439385,0.28705450140115923,0.04000015580667526,0.163674380721008
2003,1.0,20dB_nominal_difference,imag,vanilla_IBS2,REJECTED_PHYSICAL,XZ,y,-0.0625,x,0.0625,z,-0.4375,0.08780263780404378,0.3977987763059434,0.3099961385018996,0.04000015580667526,0.163674380721008
2003,1.0,20dB_nominal_difference,imag,vanilla_IBS2,REJECTED_PHYSICAL,XZ,y,-0.0625,x,0.1875,z,-0.4375,0.07814005141491473,0.39237989092657516,0.31423983951166046,0.04000015580667526,0.163674380721008
2003,1.0,20dB_nominal_difference,imag,vanilla_IBS2,REJECTED_PHYSICAL,XZ,y,-0.0625,x,0.3125,z,-0.4375,0.06465242797003427,0.35476565843260377,0.2901132304625695,0.04000015580667526,0.163674380721008
2003,1.0,20dB_nominal_difference,imag,vanilla_IBS2,REJECTED_PHYSICAL,XZ,y,-0.0625,x,0.4375,z,-0.4375,0.05274038362482215,0.2803361877183549,0.22759580409353275,0.04000015580667526,0.163674380721008
2003,1.0,20dB_nominal_difference,imag,vanilla_IBS2,REJECTED_PHYSICAL,XZ,y,-0.0625,x,0.5625,z,-0.4375,0.04522422040017787,0.1650924180163896,0.11986819761621173,0.04000015580667526,0.163674380721008
2003,1.0,20dB_nominal_difference,imag,vanilla_IBS2,REJECTED_PHYSICAL,XZ,y,-0.0625,x,0.6875,z,-0.4375,0.04169297622588275,0.0037339139665039656,-0.037959062259378784,0.04000015580667526,0.163674380721008
2003,1.0,20dB_nominal_difference,imag,vanilla_IBS2,REJECTED_PHYSICAL,XZ,y,-0.0625,x,-0.6875,z,-0.3125,0.04917107194785049,0.06361907285685582,0.014448000909005332,0.04000015580667526,0.163674380721008
2003,1.0,20dB_nominal_difference,imag,vanilla_IBS2,REJECTED_PHYSICAL,XZ,y,-0.0625,x,-0.5625,z,-0.3125,0.05989004669962481,0.14587507409080425,0.08598502739117944,0.04000015580667526,0.163674380721008
2003,1.0,20dB_nominal_difference,imag,vanilla_IBS2,REJECTED_PHYSICAL,XZ,y,-0.0625,x,-0.4375,z,-0.3125,0.07486064583305016,0.24051575055099564,0.16565510471794548,0.04000015580667526,0.163674380721008
2003,1.0,20dB_nominal_difference,imag,vanilla_IBS2,REJECTED_PHYSICAL,XZ,y,-0.0625,x,-0.3125,z,-0.3125,0.09061665783399465,0.3326726887609759,0.24205603092698125,0.04000015580667526,0.163674380721008
2003,1.0,20dB_nominal_difference,imag,vanilla_IBS2,REJECTED_PHYSICAL,XZ,y,-0.0625,x,-0.1875,z,-0.3125,0.10255800251012556,0.4136388681339257,0.3110808656238001,0.04000015580667526,0.163674380721008
2003,1.0,20dB_nominal_difference,imag,vanilla_IBS2,REJECTED_PHYSICAL,XZ,y,-0.0625,x,-0.0625,z,-0.3125,0.10686540387131938,0.47465565565687445,0.3677902517855551,0.04000015580667526,0.163674380721008
2003,1.0,20dB_nominal_difference,imag,vanilla_IBS2,REJECTED_PHYSICAL,XZ,y,-0.0625,x,0.0625,z,-0.3125,0.10149597782682143,0.5070265803021733,0.4055306024753519,0.04000015580667526,0.163674380721008
2003,1.0,20dB_nominal_difference,imag,vanilla_IBS2,REJECTED_PHYSICAL,XZ,y,-0.0625,x,0.1875,z,-0.3125,0.08763754408000403,0.5027284756118018,0.41509093153179777,0.04000015580667526,0.163674380721008
2003,1.0,20dB_nominal_difference,imag,vanilla_IBS2,REJECTED_PHYSICAL,XZ,y,-0.0625,x,0.3125,z,-0.3125,0.07032323597029262,0.4552167513668574,0.3848935153965648,0.04000015580667526,0.163674380721008
2003,1.0,20dB_nominal_difference,imag,vanilla_IBS2,REJECTED_PHYSICAL,XZ,y,-0.0625,x,0.4375,z,-0.3125,0.05555591623992474,0.36020494789084195,0.3046490316509172,0.04000015580667526,0.163674380721008
2003,1.0,20dB_nominal_difference,imag,vanilla_IBS2,REJECTED_PHYSICAL,XZ,y,-0.0625,x,0.5625,z,-0.3125,0.04635332669642458,0.21628406111954493,0.16993073442312034,0.04000015580667526,0.163674380721008
2003,1.0,20dB_nominal_difference,imag,vanilla_IBS2,REJECTED_PHYSICAL,XZ,y,-0.0625,x,0.6875,z,-0.3125,0.042052654777351046,0.02389321104942731,-0.018159443727923736,0.04000015580667526,0.163674380721008
2003,1.0,20dB_nominal_difference,imag,vanilla_IBS2,REJECTED_PHYSICAL,XZ,y,-0.0625,x,-0.6875,z,-0.1875,0.05687032824262196,0.004671550274903825,-0.05219877796771814,0.04000015580667526,0.163674380721008
2003,1.0,20dB_nominal_difference,imag,vanilla_IBS2,REJECTED_PHYSICAL,XZ,y,-0.0625,x,-0.5625,z,-0.1875,0.07407196069512947,0.09997928803199915,0.02590732733686968,0.04000015580667526,0.163674380721008
2003,1.0,20dB_nominal_difference,imag,vanilla_IBS2,REJECTED_PHYSICAL,XZ,y,-0.0625,x,-0.4375,z,-0.1875,0.09537474528183924,0.21237850226592286,0.11700375698408362,0.04000015580667526,0.163674380721008
2003,1.0,20dB_nominal_difference,imag,vanilla_IBS2,REJECTED_PHYSICAL,XZ,y,-0.0625,x,-0.3125,z,-0.1875,0.1137479120362945,0.32216504029341775,0.20841712825712325,0.04000015580667526,0.163674380721008
2003,1.0,20dB_nominal_difference,imag,vanilla_IBS2,REJECTED_PHYSICAL,XZ,y,-0.0625,x,-0.1875,z,-0.1875,0.12273581252557511,0.41918090864442736,0.2964450961188523,0.04000015580667526,0.163674380721008
2003,1.0,20dB_nominal_difference,imag,vanilla_IBS2,REJECTED_PHYSICAL,XZ,y,-0.0625,x,-0.0625,z,-0.1875,0.12039390610244413,0.49321520839228283,0.3728213022898387,0.04000015580667526,0.163674380721008
2003,1.0,20dB_nominal_difference,imag,vanilla_IBS2,REJECTED_PHYSICAL,XZ,y,-0.0625,x,0.0625,z,-0.1875,0.10848567352746008,0.5342211174900201,0.42573544396256,0.04000015580667526,0.163674380721008
2003,1.0,20dB_nominal_difference,imag,vanilla_IBS2,REJECTED_PHYSICAL,XZ,y,-0.0625,x,0.1875,z,-0.1875,0.09051962970415701,0.5331231863580894,0.4426035566539324,0.04000015580667526,0.163674380721008
2003,1.0,20dB_nominal_difference,imag,vanilla_IBS2,REJECTED_PHYSICAL,XZ,y,-0.0625,x,0.3125,z,-0.1875,0.07135899873717674,0.4829566378862023,0.4115976391490256,0.04000015580667526,0.163674380721008
2003,1.0,20dB_nominal_difference,imag,vanilla_IBS2,REJECTED_PHYSICAL,XZ,y,-0.0625,x,0.4375,z,-0.1875,0.05589750171102202,0.3800888156901562,0.32419131397913414,0.04000015580667526,0.163674380721008
2003,1.0,20dB_nominal_difference,imag,vanilla_IBS2,REJECTED_PHYSICAL,XZ,y,-0.0625,x,0.5625,z,-0.1875,0.04644062754636923,0.2253161768519009,0.17887554930553165,0.04000015580667526,0.163674380721008
2003,1.0,20dB_nominal_difference,imag,vanilla_IBS2,REJECTED_PHYSICAL,XZ,y,-0.0625,x,0.6875,z,-0.1875,0.042061682261814066,0.022564090600669738,-0.01949759166114433,0.04000015580667526,0.163674380721008
2003,1.0,20dB_nominal_difference,imag,vanilla_IBS2,REJECTED_PHYSICAL,XZ,y,-0.0625,x,-0.6875,z,-0.0625,0.06749798464259113,-0.0734025390706965,-0.14090052371328762,0.04000015580667526,0.163674380721008
2003,1.0,20dB_nominal_difference,imag,vanilla_IBS2,REJECTED_PHYSICAL,XZ,y,-0.0625,x,-0.5625,z,-0.0625,0.0924583346322828,0.02775192833518991,-0.06470640629709289,0.04000015580667526,0.163674380721008
2003,1.0,20dB_nominal_difference,imag,vanilla_IBS2,REJECTED_PHYSICAL,XZ,y,-0.0625,x,-0.4375,z,-0.0625,0.12022275489155235,0.14734452353032265,0.027121768638770305,0.04000015580667526,0.163674380721008
2003,1.0,20dB_nominal_difference,imag,vanilla_IBS2,REJECTED_PHYSICAL,XZ,y,-0.0625,x,-0.3125,z,-0.0625,0.13941173146332025,0.26364570048999186,0.12423396902667161,0.04000015580667526,0.163674380721008
2003,1.0,20dB_nominal_difference,imag,vanilla_IBS2,REJECTED_PHYSICAL,XZ,y,-0.0625,x,-0.1875,z,-0.0625,0.14204895694150824,0.3667902761920301,0.22474131925052185,0.04000015580667526,0.163674380721008
2003,1.0,20dB_nominal_difference,imag,vanilla_IBS2,REJECTED_PHYSICAL,XZ,y,-0.0625,x,-0.0625,z,-0.0625,0.1296726376248023,0.4465719055116646,0.3168992678868623,0.04000015580667526,0.163674380721008
2003,1.0,20dB_nominal_difference,imag,vanilla_IBS2,REJECTED_PHYSICAL,XZ,y,-0.0625,x,0.0625,z,-0.0625,0.10968324680704317,0.4927571521150876,0.3830739053080444,0.04000015580667526,0.163674380721008
2003,1.0,20dB_nominal_difference,imag,vanilla_IBS2,REJECTED_PHYSICAL,XZ,y,-0.0625,x,0.1875,z,-0.0625,0.08836681093770062,0.49605082232591746,0.40768401138821686,0.04000015580667526,0.163674380721008
2003,1.0,20dB_nominal_difference,imag,vanilla_IBS2,REJECTED_PHYSICAL,XZ,y,-0.0625,x,0.3125,z,-0.0625,0.0692222961257432,0.4494865662465631,0.38026427012081987,0.04000015580667526,0.163674380721008
2003,1.0,20dB_nominal_difference,imag,vanilla_IBS2,REJECTED_PHYSICAL,XZ,y,-0.0625,x,0.4375,z,-0.0625,0.05466901134123281,0.34996382821572547,0.29529481687449266,0.04000015580667526,0.163674380721008
2003,1.0,20dB_nominal_difference,imag,vanilla_IBS2,REJECTED_PHYSICAL,XZ,y,-0.0625,x,0.5625,z,-0.0625,0.045872837212520334,0.19962201937881058,0.15374918216629024,0.04000015580667526,0.163674380721008
2003,1.0,20dB_nominal_difference,imag,vanilla_IBS2,REJECTED_PHYSICAL,XZ,y,-0.0625,x,0.6875,z,-0.0625,0.0418360047357586,0.004079738662116562,-0.03775626607364204,0.04000015580667526,0.163674380721008
2003,1.0,20dB_nominal_difference,imag,vanilla_IBS2,REJECTED_PHYSICAL,XZ,y,-0.0625,x,-0.6875,z,0.0625,0.07352666874344685,-0.14574580258831513,-0.21927247133176198,0.04000015580667526,0.163674380721008
2003,1.0,20dB_nominal_difference,imag,vanilla_IBS2,REJECTED_PHYSICAL,XZ,y,-0.0625,x,-0.5625,z,0.0625,0.10197653608310518,-0.04671644521418115,-0.14869298129728634,0.04000015580667526,0.163674380721008
2003,1.0,20dB_nominal_difference,imag,vanilla_IBS2,REJECTED_PHYSICAL,XZ,y,-0.0625,x,-0.4375,z,0.0625,0.13158217797302782,0.0689537740654948,-0.06262840390753302,0.04000015580667526,0.163674380721008
2003,1.0,20dB_nominal_difference,imag,vanilla_IBS2,REJECTED_PHYSICAL,XZ,y,-0.0625,x,-0.3125,z,0.0625,0.14885459049243033,0.18025948240310388,0.031404891910673555,0.04000015580667526,0.163674380721008
2003,1.0,20dB_nominal_difference,imag,vanilla_IBS2,REJECTED_PHYSICAL,XZ,y,-0.0625,x,-0.1875,z,0.0625,0.14584067406802456,0.2791341228584538,0.13329344879042923,0.04000015580667526,0.163674380721008
2003,1.0,20dB_nominal_difference,imag,vanilla_IBS2,REJECTED_PHYSICAL,XZ,y,-0.0625,x,-0.0625,z,0.0625,0.12710625397589592,0.3567326121523187,0.2296263581764228,0.04000015580667526,0.163674380721008
2003,1.0,20dB_nominal_difference,imag,vanilla_IBS2,REJECTED_PHYSICAL,XZ,y,-0.0625,x,0.0625,z,0.0625,0.10384142445224848,0.40372656355721337,0.2998851391049649,0.04000015580667526,0.163674380721008
2003,1.0,20dB_nominal_difference,imag,vanilla_IBS2,REJECTED_PHYSICAL,XZ,y,-0.0625,x,0.1875,z,0.0625,0.08324132260189218,0.41132491784682623,0.328083595244934,0.04000015580667526,0.163674380721008
2003,1.0,20dB_nominal_difference,imag,vanilla_IBS2,REJECTED_PHYSICAL,XZ,y,-0.0625,x,0.3125,z,0.0625,0.06642672268290688,0.37280870065057264,0.30638197796766575,0.04000015580667526,0.163674380721008
2003,1.0,20dB_nominal_difference,imag,vanilla_IBS2,REJECTED_PHYSICAL,XZ,y,-0.0625,x,0.4375,z,0.0625,0.05351589426070151,0.2852907597870099,0.23177486552630838,0.04000015580667526,0.163674380721008
2003,1.0,20dB_nominal_difference,imag,vanilla_IBS2,REJECTED_PHYSICAL,XZ,y,-0.0625,x,0.5625,z,0.0625,0.045395872884410444,0.15133710588410632,0.10594123299969588,0.04000015580667526,0.163674380721008
2003,1.0,20dB_nominal_difference,imag,vanilla_IBS2,REJECTED_PHYSICAL,XZ,y,-0.0625,x,0.6875,z,0.0625,0.041625311185978495,-0.023233277426481187,-0.06485858861245969,0.04000015580667526,0.163674380721008
2003,1.0,20dB_nominal_difference,imag,vanilla_IBS2,REJECTED_PHYSICAL,XZ,y,-0.0625,x,-0.6875,z,0.1875,0.06714423765810743,-0.187525951289714,-0.25467018894782145,0.04000015580667526,0.163674380721008
2003,1.0,20dB_nominal_difference,imag,vanilla_IBS2,REJECTED_PHYSICAL,XZ,y,-0.0625,x,-0.5625,z,0.1875,0.0895198730425033,-0.09900756739439331,-0.18852744043689662,0.04000015580667526,0.163674380721008
2003,1.0,20dB_nominal_difference,imag,vanilla_IBS2,REJECTED_PHYSICAL,XZ,y,-0.0625,x,-0.4375,z,0.1875,0.11210075755277904,0.0015559284051364503,-0.11054482914764259,0.04000015580667526,0.163674380721008
2003,1.0,20dB_nominal_difference,imag,vanilla_IBS2,REJECTED_PHYSICAL,XZ,y,-0.0625,x,-0.3125,z,0.1875,0.12416701168535199,0.09655618087944393,-0.027610830805908065,0.04000015580667526,0.163674380721008
2003,1.0,20dB_nominal_difference,imag,vanilla_IBS2,REJECTED_PHYSICAL,XZ,y,-0.0625,x,-0.1875,z,0.1875,0.12008214277521684,0.18093319519664783,0.06085105242143099,0.04000015580667526,0.163674380721008
2003,1.0,20dB_nominal_difference,imag,vanilla_IBS2,REJECTED_PHYSICAL,XZ,y,-0.0625,x,-0.0625,z,0.1875,0.10479805916046792,0.24829616280011366,0.14349810363964574,0.04000015580667526,0.163674380721008
2003,1.0,20dB_nominal_difference,imag,vanilla_IBS2,REJECTED_PHYSICAL,XZ,y,-0.0625,x,0.0625,z,0.1875,0.08811085263279346,0.2911130738679003,0.20300222123510686,0.04000015580667526,0.163674380721008
2003,1.0,20dB_nominal_difference,imag,vanilla_IBS2,REJECTED_PHYSICAL,XZ,y,-0.0625,x,0.1875,z,0.1875,0.07466992176894928,0.30165947787506486,0.2269895561061156,0.04000015580667526,0.163674380721008
2003,1.0,20dB_nominal_difference,imag,vanilla_IBS2,REJECTED_PHYSICAL,XZ,y,-0.0625,x,0.3125,z,0.1875,0.06302444230798135,0.2735710507596819,0.21054660845170056,0.04000015580667526,0.163674380721008
2003,1.0,20dB_nominal_difference,imag,vanilla_IBS2,REJECTED_PHYSICAL,XZ,y,-0.0625,x,0.4375,z,0.1875,0.05250515280157601,0.20374220448821845,0.15123705168664242,0.04000015580667526,0.163674380721008
2003,1.0,20dB_nominal_difference,imag,vanilla_IBS2,REJECTED_PHYSICAL,XZ,y,-0.0625,x,0.5625,z,0.1875,0.04507929266824712,0.0942259057480648,0.049146613079817686,0.04000015580667526,0.163674380721008
2003,1.0,20dB_nominal_difference,imag,vanilla_IBS2,REJECTED_PHYSICAL,XZ,y,-0.0625,x,0.6875,z,0.1875,0.041485366054059905,-0.05028833739588006,-0.09177370344993996,0.04000015580667526,0.163674380721008
2003,1.0,20dB_nominal_difference,imag,vanilla_IBS2,REJECTED_PHYSICAL,XZ,y,-0.0625,x,-0.6875,z,0.3125,0.05390651871214417,-0.1788117798087871,-0.23271829852093126,0.04000015580667526,0.163674380721008
2003,1.0,20dB_nominal_difference,imag,vanilla_IBS2,REJECTED_PHYSICAL,XZ,y,-0.0625,x,-0.5625,z,0.3125,0.0653292034277991,-0.10954628174986131,-0.1748754851776604,0.04000015580667526,0.163674380721008
2003,1.0,20dB_nominal_difference,imag,vanilla_IBS2,REJECTED_PHYSICAL,XZ,y,-0.0625,x,-0.4375,z,0.3125,0.07677966746806002,-0.03481089135037276,-0.11159055881843277,0.04000015580667526,0.163674380721008
2003,1.0,20dB_nominal_difference,imag,vanilla_IBS2,REJECTED_PHYSICAL,XZ,y,-0.0625,x,-0.3125,z,0.3125,0.08280014782938795,0.03349998005996748,-0.04930016776942047,0.04000015580667526,0.163674380721008
2003,1.0,20dB_nominal_difference,imag,vanilla_IBS2,REJECTED_PHYSICAL,XZ,y,-0.0625,x,-0.1875,z,0.3125,0.08084317684974168,0.09405964760412049,0.013216470754378803,0.04000015580667526,0.163674380721008
2003,1.0,20dB_nominal_difference,imag,vanilla_IBS2,REJECTED_PHYSICAL,XZ,y,-0.0625,x,-0.0625,z,0.3125,0.07416613181928422,0.14363665121694466,0.06947051939766044,0.04000015580667526,0.163674380721008
2003,1.0,20dB_nominal_difference,imag,vanilla_IBS2,REJECTED_PHYSICAL,XZ,y,-0.0625,x,0.0625,z,0.3125,0.06806018785379539,0.1771353277188548,0.1090751398650594,0.04000015580667526,0.163674380721008
2003,1.0,20dB_nominal_difference,imag,vanilla_IBS2,REJECTED_PHYSICAL,XZ,y,-0.0625,x,0.1875,z,0.3125,0.06350758778749918,0.1883024829527246,0.1247948951652254,0.04000015580667526,0.163674380721008
2003,1.0,20dB_nominal_difference,imag,vanilla_IBS2,REJECTED_PHYSICAL,XZ,y,-0.0625,x,0.3125,z,0.3125,0.05769976776649599,0.17113459405263956,0.11343482628614357,0.04000015580667526,0.163674380721008
2003,1.0,20dB_nominal_difference,imag,vanilla_IBS2,REJECTED_PHYSICAL,XZ,y,-0.0625,x,0.4375,z,0.3125,0.05031116758476582,0.12178067597867828,0.07146950839391246,0.04000015580667526,0.163674380721008
2003,1.0,20dB_nominal_difference,imag,vanilla_IBS2,REJECTED_PHYSICAL,XZ,y,-0.0625,x,0.5625,z,0.3125,0.04429057995577233,0.04068941745688444,-0.0036011624988878943,0.04000015580667526,0.163674380721008
2003,1.0,20dB_nominal_difference,imag,vanilla_IBS2,REJECTED_PHYSICAL,XZ,y,-0.0625,x,0.6875,z,0.3125,0.041239463134287634,-0.06995627181640665,-0.11119573495069429,0.04000015580667526,0.163674380721008
2003,1.0,20dB_nominal_difference,imag,vanilla_IBS2,REJECTED_PHYSICAL,XZ,y,-0.0625,x,-0.6875,z,0.4375,0.044500975721786656,-0.10773214637308792,-0.15223312209487458,0.04000015580667526,0.163674380721008
2003,1.0,20dB_nominal_difference,imag,vanilla_IBS2,REJECTED_PHYSICAL,XZ,y,-0.0625,x,-0.5625,z,0.4375,0.048269707702681894,-0.06745223092974006,-0.11572193863242196,0.04000015580667526,0.163674380721008
2003,1.0,20dB_nominal_difference,imag,vanilla_IBS2,REJECTED_PHYSICAL,XZ,y,-0.0625,x,-0.4375,z,0.4375,0.052096693395578195,-0.028213386066874256,-0.08031007946245244,0.04000015580667526,0.163674380721008
2003,1.0,20dB_nominal_difference,imag,vanilla_IBS2,REJECTED_PHYSICAL,XZ,y,-0.0625,x,-0.3125,z,0.4375,0.05421312105519292,0.00485115166145518,-0.04936196939373774,0.04000015580667526,0.163674380721008
2003,1.0,20dB_nominal_difference,imag,vanilla_IBS2,REJECTED_PHYSICAL,XZ,y,-0.0625,x,-0.1875,z,0.4375,0.053976505744027424,0.03394698008344646,-0.020029525660580964,0.04000015580667526,0.163674380721008
2003,1.0,20dB_nominal_difference,imag,vanilla_IBS2,REJECTED_PHYSICAL,XZ,y,-0.0625,x,-0.0625,z,0.4375,0.052901713255917505,0.05927484287938013,0.006373129623462627,0.04000015580667526,0.163674380721008
2003,1.0,20dB_nominal_difference,imag,vanilla_IBS2,REJECTED_PHYSICAL,XZ,y,-0.0625,x,0.0625,z,0.4375,0.052833162430101395,0.07862147696164008,0.025788314531538688,0.04000015580667526,0.163674380721008
2003,1.0,20dB_nominal_difference,imag,vanilla_IBS2,REJECTED_PHYSICAL,XZ,y,-0.0625,x,0.1875,z,0.4375,0.05298666431148315,0.0875287932429053,0.03454212893142215,0.04000015580667526,0.163674380721008
2003,1.0,20dB_nominal_difference,imag,vanilla_IBS2,REJECTED_PHYSICAL,XZ,y,-0.0625,x,0.3125,z,0.4375,0.050928911120852655,0.08036824596778178,0.02943933484692912,0.04000015580667526,0.163674380721008
2003,1.0,20dB_nominal_difference,imag,vanilla_IBS2,REJECTED_PHYSICAL,XZ,y,-0.0625,x,0.4375,z,0.4375,0.04669643813224138,0.0520195342789113,0.005323096146669926,0.04000015580667526,0.163674380721008
2003,1.0,20dB_nominal_difference,imag,vanilla_IBS2,REJECTED_PHYSICAL,XZ,y,-0.0625,x,0.5625,z,0.4375,0.042835424120290524,-0.00015108806047702678,-0.04298651218076755,0.04000015580667526,0.163674380721008
2003,1.0,20dB_nominal_difference,imag,vanilla_IBS2,REJECTED_PHYSICAL,XZ,y,-0.0625,x,0.6875,z,0.4375,0.04081643421012246,-0.07877349010370555,-0.119589924313828,0.04000015580667526,0.163674380721008
2003,1.0,20dB_nominal_difference,imag,vanilla_IBS2,REJECTED_PHYSICAL,XZ,y,-0.0625,x,-0.6875,z,0.5625,0.04096100551460784,0.027836625682516984,-0.013124379832090853,0.04000015580667526,0.163674380721008
2003,1.0,20dB_nominal_difference,imag,vanilla_IBS2,REJECTED_PHYSICAL,XZ,y,-0.0625,x,-0.5625,z,0.5625,0.04180528841383625,0.026513086251163845,-0.015292202162672408,0.04000015580667526,0.163674380721008
2003,1.0,20dB_nominal_difference,imag,vanilla_IBS2,REJECTED_PHYSICAL,XZ,y,-0.0625,x,-0.4375,z,0.5625,0.04269270665803189,0.02332842197926539,-0.0193642846787665,0.04000015580667526,0.163674380721008
2003,1.0,20dB_nominal_difference,imag,vanilla_IBS2,REJECTED_PHYSICAL,XZ,y,-0.0625,x,-0.3125,z,0.5625,0.04324688563696843,0.015731464324496024,-0.027515421312472404,0.04000015580667526,0.163674380721008
2003,1.0,20dB_nominal_difference,imag,vanilla_IBS2,REJECTED_PHYSICAL,XZ,y,-0.0625,x,-0.1875,z,0.5625,0.043422648525272556,0.00804156300848382,-0.035381085516788736,0.04000015580667526,0.163674380721008
2003,1.0,20dB_nominal_difference,imag,vanilla_IBS2,REJECTED_PHYSICAL,XZ,y,-0.0625,x,-0.0625,z,0.5625,0.04377263759328565,0.0041054665974998225,-0.03966717099578583,0.04000015580667526,0.163674380721008
2003,1.0,20dB_nominal_difference,imag,vanilla_IBS2,REJECTED_PHYSICAL,XZ,y,-0.0625,x,0.0625,z,0.5625,0.044748319910175055,0.005051536705140948,-0.03969678320503411,0.04000015580667526,0.163674380721008
2003,1.0,20dB_nominal_difference,imag,vanilla_IBS2,REJECTED_PHYSICAL,XZ,y,-0.0625,x,0.1875,z,0.5625,0.045610085812071065,0.008581149429981505,-0.03702893638208956,0.04000015580667526,0.163674380721008
2003,1.0,20dB_nominal_difference,imag,vanilla_IBS2,REJECTED_PHYSICAL,XZ,y,-0.0625,x,0.3125,z,0.5625,0.04505851249574622,0.009659939663629543,-0.03539857283211667,0.04000015580667526,0.163674380721008
2003,1.0,20dB_nominal_difference,imag,vanilla_IBS2,REJECTED_PHYSICAL,XZ,y,-0.0625,x,0.4375,z,0.5625,0.04318510973649635,0.0018492681114226153,-0.041335841625073734,0.04000015580667526,0.163674380721008
2003,1.0,20dB_nominal_difference,imag,vanilla_IBS2,REJECTED_PHYSICAL,XZ,y,-0.0625,x,0.5625,z,0.5625,0.04136102396334508,-0.02205301846133457,-0.06341404242467966,0.04000015580667526,0.163674380721008
2003,1.0,20dB_nominal_difference,imag,vanilla_IBS2,REJECTED_PHYSICAL,XZ,y,-0.0625,x,0.6875,z,0.5625,0.04039155072071468,-0.07610806204010037,-0.11649961276081505,0.04000015580667526,0.163674380721008
2003,1.0,20dB_nominal_difference,imag,vanilla_IBS2,REJECTED_PHYSICAL,XZ,y,-0.0625,x,-0.6875,z,0.6875,0.040151040240932384,0.19878714726161104,0.15863610702067865,0.04000015580667526,0.163674380721008
2003,1.0,20dB_nominal_difference,imag,vanilla_IBS2,REJECTED_PHYSICAL,XZ,y,-0.0625,x,-0.5625,z,0.6875,0.04029475423801019,0.14500700986995585,0.10471225563194567,0.04000015580667526,0.163674380721008
2003,1.0,20dB_nominal_difference,imag,vanilla_IBS2,REJECTED_PHYSICAL,XZ,y,-0.0625,x,-0.4375,z,0.6875,0.04045410025203013,0.10294325955467057,0.062489159302640436,0.04000015580667526,0.163674380721008
2003,1.0,20dB_nominal_difference,imag,vanilla_IBS2,REJECTED_PHYSICAL,XZ,y,-0.0625,x,-0.3125,z,0.6875,0.04057196991487958,0.05584169260146295,0.015269722686583366,0.04000015580667526,0.163674380721008
2003,1.0,20dB_nominal_difference,imag,vanilla_IBS2,REJECTED_PHYSICAL,XZ,y,-0.0625,x,-0.1875,z,0.6875,0.04067276101489203,0.011195750535471654,-0.029477010479420373,0.04000015580667526,0.163674380721008
2003,1.0,20dB_nominal_difference,imag,vanilla_IBS2,REJECTED_PHYSICAL,XZ,y,-0.0625,x,-0.0625,z,0.6875,0.040917716302072485,-0.022475578298021284,-0.06339329460009377,0.04000015580667526,0.163674380721008
2003,1.0,20dB_nominal_difference,imag,vanilla_IBS2,REJECTED_PHYSICAL,XZ,y,-0.0625,x,0.0625,z,0.6875,0.041395169046768814,-0.04026480792215068,-0.0816599769689195,0.04000015580667526,0.163674380721008
2003,1.0,20dB_nominal_difference,imag,vanilla_IBS2,REJECTED_PHYSICAL,XZ,y,-0.0625,x,0.1875,z,0.6875,0.04180184258442024,-0.04212259691638636,-0.08392443950080661,0.04000015580667526,0.163674380721008
2003,1.0,20dB_nominal_difference,imag,vanilla_IBS2,REJECTED_PHYSICAL,XZ,y,-0.0625,x,0.3125,z,0.6875,0.04167977193876244,-0.032205800079202214,-0.07388557201796465,0.04000015580667526,0.163674380721008
2003,1.0,20dB_nominal_difference,imag,vanilla_IBS2,REJECTED_PHYSICAL,XZ,y,-0.0625,x,0.4375,z,0.6875,0.04107070651421806,-0.01725077267286386,-0.05832147918708192,0.04000015580667526,0.163674380721008
2003,1.0,20dB_nominal_difference,imag,vanilla_IBS2,REJECTED_PHYSICAL,XZ,y,-0.0625,x,0.5625,z,0.6875,0.04045933782440102,-0.006286618991943674,-0.04674595681634469,0.04000015580667526,0.163674380721008
2003,1.0,20dB_nominal_difference,imag,vanilla_IBS2,REJECTED_PHYSICAL,XZ,y,-0.0625,x,0.6875,z,0.6875,0.040132083546331514,-0.034252477207130004,-0.07438456075346152,0.04000015580667526,0.163674380721008
2003,1.0,20dB_nominal_difference,imag,vanilla_IBS2,REJECTED_PHYSICAL,YZ,x,-0.0625,y,-0.6875,z,-0.6875,0.0400885798665571,-0.06523676928487573,-0.10532534915143284,0.04000015580667526,0.163674380721008
2003,1.0,20dB_nominal_difference,imag,vanilla_IBS2,REJECTED_PHYSICAL,YZ,x,-0.0625,y,-0.5625,z,-0.6875,0.040392708708328735,-0.07015065277950686,-0.11054336148783558,0.04000015580667526,0.163674380721008
2003,1.0,20dB_nominal_difference,imag,vanilla_IBS2,REJECTED_PHYSICAL,YZ,x,-0.0625,y,-0.4375,z,-0.6875,0.04138542391107082,-0.06946162968767211,-0.11084705359874293,0.04000015580667526,0.163674380721008
2003,1.0,20dB_nominal_difference,imag,vanilla_IBS2,REJECTED_PHYSICAL,YZ,x,-0.0625,y,-0.3125,z,-0.6875,0.043905383967167984,-0.06569412712363115,-0.10959951109079913,0.04000015580667526,0.163674380721008
2003,1.0,20dB_nominal_difference,imag,vanilla_IBS2,REJECTED_PHYSICAL,YZ,x,-0.0625,y,-0.1875,z,-0.6875,0.048811169745522034,-0.05860483100303134,-0.10741600074855337,0.04000015580667526,0.163674380721008
2003,1.0,20dB_nominal_difference,imag,vanilla_IBS2,REJECTED_PHYSICAL,YZ,x,-0.0625,y,-0.0625,z,-0.6875,0.05580939135375661,-0.050215579199921125,-0.10602497055367774,0.04000015580667526,0.163674380721008
2003,1.0,20dB_nominal_difference,imag,vanilla_IBS2,REJECTED_PHYSICAL,YZ,x,-0.0625,y,0.0625,z,-0.6875,0.062237193711306156,-0.04450900728129654,-0.1067462009926027,0.04000015580667526,0.163674380721008
2003,1.0,20dB_nominal_difference,imag,vanilla_IBS2,REJECTED_PHYSICAL,YZ,x,-0.0625,y,0.1875,z,-0.6875,0.06419722829750482,-0.04498024879455275,-0.10917747709205758,0.04000015580667526,0.163674380721008
2003,1.0,20dB_nominal_difference,imag,vanilla_IBS2,REJECTED_PHYSICAL,YZ,x,-0.0625,y,0.3125,z,-0.6875,0.06032742439163687,-0.051344066494946904,-0.11167149088658378,0.04000015580667526,0.163674380721008
2003,1.0,20dB_nominal_difference,imag,vanilla_IBS2,REJECTED_PHYSICAL,YZ,x,-0.0625,y,0.4375,z,-0.6875,0.053326305018963426,-0.05620010769929278,-0.10952641271825621,0.04000015580667526,0.163674380721008
2003,1.0,20dB_nominal_difference,imag,vanilla_IBS2,REJECTED_PHYSICAL,YZ,x,-0.0625,y,0.5625,z,-0.6875,0.04692209782974381,-0.04135226129506441,-0.08827435912480822,0.04000015580667526,0.163674380721008
2003,1.0,20dB_nominal_difference,imag,vanilla_IBS2,REJECTED_PHYSICAL,YZ,x,-0.0625,y,0.6875,z,-0.6875,0.042874727309375485,0.024562514115000357,-0.018312213194375128,0.04000015580667526,0.163674380721008
2003,1.0,20dB_nominal_difference,imag,vanilla_IBS2,REJECTED_PHYSICAL,YZ,x,-0.0625,y,-0.6875,z,-0.5625,0.040170628487450774,0.020986013505177103,-0.01918461498227367,0.04000015580667526,0.163674380721008
2003,1.0,20dB_nominal_difference,imag,vanilla_IBS2,REJECTED_PHYSICAL,YZ,x,-0.0625,y,-0.5625,z,-0.5625,0.04074527232474936,0.0891102320108651,0.04836495968611574,0.04000015580667526,0.163674380721008
2003,1.0,20dB_nominal_difference,imag,vanilla_IBS2,REJECTED_PHYSICAL,YZ,x,-0.0625,y,-0.4375,z,-0.5625,0.042616918388564226,0.13768018312848485,0.09506326473992062,0.04000015580667526,0.163674380721008
2003,1.0,20dB_nominal_difference,imag,vanilla_IBS2,REJECTED_PHYSICAL,YZ,x,-0.0625,y,-0.3125,z,-0.5625,0.047410214843383404,0.17089674855057907,0.12348653370719567,0.04000015580667526,0.163674380721008
2003,1.0,20dB_nominal_difference,imag,vanilla_IBS2,REJECTED_PHYSICAL,YZ,x,-0.0625,y,-0.1875,z,-0.5625,0.05692654342724183,0.19069305481556065,0.13376651138831883,0.04000015580667526,0.163674380721008
2003,1.0,20dB_nominal_difference,imag,vanilla_IBS2,REJECTED_PHYSICAL,YZ,x,-0.0625,y,-0.0625,z,-0.5625,0.07084440738469061,0.19642870846545424,0.12558430108076363,0.04000015580667526,0.163674380721008
2003,1.0,20dB_nominal_difference,imag,vanilla_IBS2,REJECTED_PHYSICAL,YZ,x,-0.0625,y,0.0625,z,-0.5625,0.08387908540513626,0.18656119809955282,0.10268211269441656,0.04000015580667526,0.163674380721008
2003,1.0,20dB_nominal_difference,imag,vanilla_IBS2,REJECTED_PHYSICAL,YZ,x,-0.0625,y,0.1875,z,-0.5625,0.08781616330849716,0.16096710566639943,0.07315094235790227,0.04000015580667526,0.163674380721008
2003,1.0,20dB_nominal_difference,imag,vanilla_IBS2,REJECTED_PHYSICAL,YZ,x,-0.0625,y,0.3125,z,-0.5625,0.07979562551054037,0.12337990545314509,0.04358427994260472,0.04000015580667526,0.163674380721008
2003,1.0,20dB_nominal_difference,imag,vanilla_IBS2,REJECTED_PHYSICAL,YZ,x,-0.0625,y,0.4375,z,-0.5625,0.06567635456142985,0.08280075046548614,0.01712439590405629,0.04000015580667526,0.163674380721008
2003,1.0,20dB_nominal_difference,imag,vanilla_IBS2,REJECTED_PHYSICAL,YZ,x,-0.0625,y,0.5625,z,-0.5625,0.05312772094212997,0.0517510757590902,-0.0013766451830397666,0.04000015580667526,0.163674380721008
2003,1.0,20dB_nominal_difference,imag,vanilla_IBS2,REJECTED_PHYSICAL,YZ,x,-0.0625,y,0.6875,z,-0.5625,0.04539301436754777,0.03347948143475096,-0.01191353293279681,0.04000015580667526,0.163674380721008
2003,1.0,20dB_nominal_difference,imag,vanilla_IBS2,REJECTED_PHYSICAL,YZ,x,-0.0625,y,-0.6875,z,-0.4375,0.0403210666434415,0.0716036459772359,0.0312825793337944,0.04000015580667526,0.163674380721008
2003,1.0,20dB_nominal_difference,imag,vanilla_IBS2,REJECTED_PHYSICAL,YZ,x,-0.0625,y,-0.5625,z,-0.4375,0.04127059178625087,0.1939832296113594,0.15271263782510852,0.04000015580667526,0.163674380721008
2003,1.0,20dB_nominal_difference,imag,vanilla_IBS2,REJECTED_PHYSICAL,YZ,x,-0.0625,y,-0.4375,z,-0.4375,0.0442240297815898,0.28365566826750177,0.23943163848591198,0.04000015580667526,0.163674380721008
2003,1.0,20dB_nominal_difference,imag,vanilla_IBS2,REJECTED_PHYSICAL,YZ,x,-0.0625,y,-0.3125,z,-0.4375,0.05170921367746155,0.3424736473086967,0.29076443363123516,0.04000015580667526,0.163674380721008
2003,1.0,20dB_nominal_difference,imag,vanilla_IBS2,REJECTED_PHYSICAL,YZ,x,-0.0625,y,-0.1875,z,-0.4375,0.06680125573969851,0.37313167574323086,0.30633042000353233,0.04000015580667526,0.163674380721008
2003,1.0,20dB_nominal_difference,imag,vanilla_IBS2,REJECTED_PHYSICAL,YZ,x,-0.0625,y,-0.0625,z,-0.4375,0.08947757634277925,0.3765320777439385,0.28705450140115923,0.04000015580667526,0.163674380721008
2003,1.0,20dB_nominal_difference,imag,vanilla_IBS2,REJECTED_PHYSICAL,YZ,x,-0.0625,y,0.0625,z,-0.4375,0.11116832492160542,0.3535537991540444,0.24238547423243897,0.04000015580667526,0.163674380721008
2003,1.0,20dB_nominal_difference,imag,vanilla_IBS2,REJECTED_PHYSICAL,YZ,x,-0.0625,y,0.1875,z,-0.4375,0.1175949106481162,0.30715506981193946,0.18956015916382327,0.04000015580667526,0.163674380721008
2003,1.0,20dB_nominal_difference,imag,vanilla_IBS2,REJECTED_PHYSICAL,YZ,x,-0.0625,y,0.3125,z,-0.4375,0.10380979779906171,0.24412846767303445,0.14031866987397273,0.04000015580667526,0.163674380721008
2003,1.0,20dB_nominal_difference,imag,vanilla_IBS2,REJECTED_PHYSICAL,YZ,x,-0.0625,y,0.4375,z,-0.4375,0.08034359383291192,0.1754954797978819,0.09515188596496998,0.04000015580667526,0.163674380721008
2003,1.0,20dB_nominal_difference,imag,vanilla_IBS2,REJECTED_PHYSICAL,YZ,x,-0.0625,y,0.5625,z,-0.4375,0.06020755025539697,0.11440339697099078,0.054195846715593805,0.04000015580667526,0.163674380721008
2003,1.0,20dB_nominal_difference,imag,vanilla_IBS2,REJECTED_PHYSICAL,YZ,x,-0.0625,y,0.6875,z,-0.4375,0.048184481961201564,0.06797733077941298,0.019792848818211417,0.04000015580667526,0.163674380721008
2003,1.0,20dB_nominal_difference,imag,vanilla_IBS2,REJECTED_PHYSICAL,YZ,x,-0.0625,y,-0.6875,z,-0.3125,0.04081997123690277,0.08306608003834823,0.042246108801445456,0.04000015580667526,0.163674380721008
2003,1.0,20dB_nominal_difference,imag,vanilla_IBS2,REJECTED_PHYSICAL,YZ,x,-0.0625,y,-0.5625,z,-0.3125,0.042543627999619006,0.24260316855321853,0.20005954055359954,0.04000015580667526,0.163674380721008
2003,1.0,20dB_nominal_difference,imag,vanilla_IBS2,REJECTED_PHYSICAL,YZ,x,-0.0625,y,-0.4375,z,-0.3125,0.046965506810236105,0.36114084402256946,0.31417533721233337,0.04000015580667526,0.163674380721008
2003,1.0,20dB_nominal_difference,imag,vanilla_IBS2,REJECTED_PHYSICAL,YZ,x,-0.0625,y,-0.3125,z,-0.3125,0.05705077221207445,0.4377544621944221,0.38070368998234766,0.04000015580667526,0.163674380721008
2003,1.0,20dB_nominal_difference,imag,vanilla_IBS2,REJECTED_PHYSICAL,YZ,x,-0.0625,y,-0.1875,z,-0.3125,0.07680931890807433,0.47487638424719386,0.3980670653391195,0.04000015580667526,0.163674380721008
2003,1.0,20dB_nominal_difference,imag,vanilla_IBS2,REJECTED_PHYSICAL,YZ,x,-0.0625,y,-0.0625,z,-0.3125,0.10686540387131938,0.47465565565687445,0.3677902517855551,0.04000015580667526,0.163674380721008
2003,1.0,20dB_nominal_difference,imag,vanilla_IBS2,REJECTED_PHYSICAL,YZ,x,-0.0625,y,0.0625,z,-0.3125,0.1360366401617101,0.440297452602878,0.30426081244116787,0.04000015580667526,0.163674380721008
2003,1.0,20dB_nominal_difference,imag,vanilla_IBS2,REJECTED_PHYSICAL,YZ,x,-0.0625,y,0.1875,z,-0.3125,0.14418083179082725,0.37779874864808166,0.23361791685725442,0.04000015580667526,0.163674380721008
2003,1.0,20dB_nominal_difference,imag,vanilla_IBS2,REJECTED_PHYSICAL,YZ,x,-0.0625,y,0.3125,z,-0.3125,0.12437206240795604,0.2972104331599927,0.17283837075203665,0.04000015580667526,0.163674380721008
2003,1.0,20dB_nominal_difference,imag,vanilla_IBS2,REJECTED_PHYSICAL,YZ,x,-0.0625,y,0.4375,z,-0.3125,0.09211896083015003,0.21264512757698106,0.12052616674683103,0.04000015580667526,0.163674380721008
2003,1.0,20dB_nominal_difference,imag,vanilla_IBS2,REJECTED_PHYSICAL,YZ,x,-0.0625,y,0.5625,z,-0.3125,0.06551470358851559,0.1406167080879397,0.0751020044994241,0.04000015580667526,0.163674380721008
2003,1.0,20dB_nominal_difference,imag,vanilla_IBS2,REJECTED_PHYSICAL,YZ,x,-0.0625,y,0.6875,z,-0.3125,0.050183971511905345,0.09175190155852714,0.04156793004662179,0.04000015580667526,0.163674380721008
2003,1.0,20dB_nominal_difference,imag,vanilla_IBS2,REJECTED_PHYSICAL,YZ,x,-0.0625,y,-0.6875,z,-0.1875,0.04245038018059315,0.06347282657374484,0.021022446393151692,0.04000015580667526,0.163674380721008
2003,1.0,20dB_nominal_difference,imag,vanilla_IBS2,REJECTED_PHYSICAL,YZ,x,-0.0625,y,-0.5625,z,-0.1875,0.04633004627475746,0.24300626209771173,0.19667621582295428,0.04000015580667526,0.163674380721008
2003,1.0,20dB_nominal_difference,imag,vanilla_IBS2,REJECTED_PHYSICAL,YZ,x,-0.0625,y,-0.4375,z,-0.1875,0.05380759163315176,0.3763261557485102,0.32251856411535845,0.04000015580667526,0.163674380721008
2003,1.0,20dB_nominal_difference,imag,vanilla_IBS2,REJECTED_PHYSICAL,YZ,x,-0.0625,y,-0.3125,z,-0.1875,0.06685572536930243,0.4609446789506766,0.3940889535813742,0.04000015580667526,0.163674380721008
2003,1.0,20dB_nominal_difference,imag,vanilla_IBS2,REJECTED_PHYSICAL,YZ,x,-0.0625,y,-0.1875,z,-0.1875,0.0886852444406132,0.4988659239193522,0.410180679478739,0.04000015580667526,0.163674380721008
2003,1.0,20dB_nominal_difference,imag,vanilla_IBS2,REJECTED_PHYSICAL,YZ,x,-0.0625,y,-0.0625,z,-0.1875,0.12039390610244413,0.49321520839228283,0.3728213022898387,0.04000015580667526,0.163674380721008
2003,1.0,20dB_nominal_difference,imag,vanilla_IBS2,REJECTED_PHYSICAL,YZ,x,-0.0625,y,0.0625,z,-0.1875,0.1508139800461137,0.44928665251488675,0.29847267246877307,0.04000015580667526,0.163674380721008
2003,1.0,20dB_nominal_difference,imag,vanilla_IBS2,REJECTED_PHYSICAL,YZ,x,-0.0625,y,0.1875,z,-0.1875,0.1577288162033272,0.3759278829784891,0.2181990667751619,0.04000015580667526,0.163674380721008
2003,1.0,20dB_nominal_difference,imag,vanilla_IBS2,REJECTED_PHYSICAL,YZ,x,-0.0625,y,0.3125,z,-0.1875,0.13357933742180905,0.28638768363416484,0.15280834621235578,0.04000015580667526,0.163674380721008
2003,1.0,20dB_nominal_difference,imag,vanilla_IBS2,REJECTED_PHYSICAL,YZ,x,-0.0625,y,0.4375,z,-0.1875,0.09670095227771938,0.19797622240107035,0.10127527012335097,0.04000015580667526,0.163674380721008
2003,1.0,20dB_nominal_difference,imag,vanilla_IBS2,REJECTED_PHYSICAL,YZ,x,-0.0625,y,0.5625,z,-0.1875,0.06738956040364796,0.13029771453057512,0.06290815412692716,0.04000015580667526,0.163674380721008
2003,1.0,20dB_nominal_difference,imag,vanilla_IBS2,REJECTED_PHYSICAL,YZ,x,-0.0625,y,0.6875,z,-0.1875,0.05092570602853473,0.09541061739758698,0.04448491136905225,0.04000015580667526,0.163674380721008
2003,1.0,20dB_nominal_difference,imag,vanilla_IBS2,REJECTED_PHYSICAL,YZ,x,-0.0625,y,-0.6875,z,-0.0625,0.04552669117604515,0.026998825683688717,-0.018527865492356434,0.04000015580667526,0.163674380721008
2003,1.0,20dB_nominal_difference,imag,vanilla_IBS2,REJECTED_PHYSICAL,YZ,x,-0.0625,y,-0.5625,z,-0.0625,0.05337272512675944,0.20979499743489904,0.1564222723081396,0.04000015580667526,0.163674380721008
2003,1.0,20dB_nominal_difference,imag,vanilla_IBS2,REJECTED_PHYSICAL,YZ,x,-0.0625,y,-0.4375,z,-0.0625,0.06611054116039423,0.34395616654675487,0.27784562538636065,0.04000015580667526,0.163674380721008
2003,1.0,20dB_nominal_difference,imag,vanilla_IBS2,REJECTED_PHYSICAL,YZ,x,-0.0625,y,-0.3125,z,-0.0625,0.08296185958806848,0.4266051380777435,0.343643278489675,0.04000015580667526,0.163674380721008
2003,1.0,20dB_nominal_difference,imag,vanilla_IBS2,REJECTED_PHYSICAL,YZ,x,-0.0625,y,-0.1875,z,-0.0625,0.10388043199886729,0.45950558112535983,0.35562514912649257,0.04000015580667526,0.163674380721008
2003,1.0,20dB_nominal_difference,imag,vanilla_IBS2,REJECTED_PHYSICAL,YZ,x,-0.0625,y,-0.0625,z,-0.0625,0.1296726376248023,0.4465719055116646,0.3168992678868623,0.04000015580667526,0.163674380721008
2003,1.0,20dB_nominal_difference,imag,vanilla_IBS2,REJECTED_PHYSICAL,YZ,x,-0.0625,y,0.0625,z,-0.0625,0.15276659508822296,0.39483893070467446,0.2420723356164515,0.04000015580667526,0.163674380721008
2003,1.0,20dB_nominal_difference,imag,vanilla_IBS2,REJECTED_PHYSICAL,YZ,x,-0.0625,y,0.1875,z,-0.0625,0.15505336276937054,0.31559818532961775,0.1605448225602472,0.04000015580667526,0.163674380721008
2003,1.0,20dB_nominal_difference,imag,vanilla_IBS2,REJECTED_PHYSICAL,YZ,x,-0.0625,y,0.3125,z,-0.0625,0.13024674790657753,0.22487127463222603,0.0946245267256485,0.04000015580667526,0.163674380721008
2003,1.0,20dB_nominal_difference,imag,vanilla_IBS2,REJECTED_PHYSICAL,YZ,x,-0.0625,y,0.4375,z,-0.0625,0.09505083051922082,0.14264133937869372,0.0475905088594729,0.04000015580667526,0.163674380721008
2003,1.0,20dB_nominal_difference,imag,vanilla_IBS2,REJECTED_PHYSICAL,YZ,x,-0.0625,y,0.5625,z,-0.0625,0.0673760067132258,0.09065875277148638,0.023282746058260584,0.04000015580667526,0.163674380721008
2003,1.0,20dB_nominal_difference,imag,vanilla_IBS2,REJECTED_PHYSICAL,YZ,x,-0.0625,y,0.6875,z,-0.0625,0.05145596596372576,0.0816276003830343,0.030171634419308535,0.04000015580667526,0.163674380721008
2003,1.0,20dB_nominal_difference,imag,vanilla_IBS2,REJECTED_PHYSICAL,YZ,x,-0.0625,y,-0.6875,z,0.0625,0.047858451903802855,-0.011263117558932438,-0.05912156946273529,0.04000015580667526,0.163674380721008
2003,1.0,20dB_nominal_difference,imag,vanilla_IBS2,REJECTED_PHYSICAL,YZ,x,-0.0625,y,-0.5625,z,0.0625,0.05863431757111087,0.15992558592949635,0.10129126835838548,0.04000015580667526,0.163674380721008
2003,1.0,20dB_nominal_difference,imag,vanilla_IBS2,REJECTED_PHYSICAL,YZ,x,-0.0625,y,-0.4375,z,0.0625,0.0749956330329114,0.28278491827695135,0.20778928524403995,0.04000015580667526,0.163674380721008
2003,1.0,20dB_nominal_difference,imag,vanilla_IBS2,REJECTED_PHYSICAL,YZ,x,-0.0625,y,-0.3125,z,0.0625,0.09353676068599646,0.35492381397487527,0.2613870532888788,0.04000015580667526,0.163674380721008
2003,1.0,20dB_nominal_difference,imag,vanilla_IBS2,REJECTED_PHYSICAL,YZ,x,-0.0625,y,-0.1875,z,0.0625,0.11082575211003115,0.37807928696906085,0.2672535348590297,0.04000015580667526,0.163674380721008
2003,1.0,20dB_nominal_difference,imag,vanilla_IBS2,REJECTED_PHYSICAL,YZ,x,-0.0625,y,-0.0625,z,0.0625,0.12710625397589592,0.3567326121523187,0.2296263581764228,0.04000015580667526,0.163674380721008
2003,1.0,20dB_nominal_difference,imag,vanilla_IBS2,REJECTED_PHYSICAL,YZ,x,-0.0625,y,0.0625,z,0.0625,0.13995212794485462,0.29917454971505686,0.15922242177020224,0.04000015580667526,0.163674380721008
2003,1.0,20dB_nominal_difference,imag,vanilla_IBS2,REJECTED_PHYSICAL,YZ,x,-0.0625,y,0.1875,z,0.0625,0.13886149062239256,0.2185292203747463,0.07966772975235376,0.04000015580667526,0.163674380721008
2003,1.0,20dB_nominal_difference,imag,vanilla_IBS2,REJECTED_PHYSICAL,YZ,x,-0.0625,y,0.3125,z,0.0625,0.11921442782470068,0.13292302634901262,0.013708598524311943,0.04000015580667526,0.163674380721008
2003,1.0,20dB_nominal_difference,imag,vanilla_IBS2,REJECTED_PHYSICAL,YZ,x,-0.0625,y,0.4375,z,0.0625,0.09167921970045104,0.06427472299010459,-0.02740449671034645,0.04000015580667526,0.163674380721008
2003,1.0,20dB_nominal_difference,imag,vanilla_IBS2,REJECTED_PHYSICAL,YZ,x,-0.0625,y,0.5625,z,0.0625,0.06840294126649657,0.035594314124063116,-0.032808627142433454,0.04000015580667526,0.163674380721008
2003,1.0,20dB_nominal_difference,imag,vanilla_IBS2,REJECTED_PHYSICAL,YZ,x,-0.0625,y,0.6875,z,0.0625,0.05318627928388108,0.06031271295377444,0.0071264336698933575,0.04000015580667526,0.163674380721008
2003,1.0,20dB_nominal_difference,imag,vanilla_IBS2,REJECTED_PHYSICAL,YZ,x,-0.0625,y,-0.6875,z,0.1875,0.04674163906472082,-0.0398218500215864,-0.08656348908630722,0.04000015580667526,0.163674380721008
2003,1.0,20dB_nominal_difference,imag,vanilla_IBS2,REJECTED_PHYSICAL,YZ,x,-0.0625,y,-0.5625,z,0.1875,0.05588127313527554,0.10819847155099321,0.05231719841571767,0.04000015580667526,0.163674380721008
2003,1.0,20dB_nominal_difference,imag,vanilla_IBS2,REJECTED_PHYSICAL,YZ,x,-0.0625,y,-0.4375,z,0.1875,0.06944042663865896,0.21079453936627482,0.14135411272761586,0.04000015580667526,0.163674380721008
2003,1.0,20dB_nominal_difference,imag,vanilla_IBS2,REJECTED_PHYSICAL,YZ,x,-0.0625,y,-0.3125,z,0.1875,0.08390223576829813,0.2666618717692363,0.18275963600093814,0.04000015580667526,0.163674380721008
2003,1.0,20dB_nominal_difference,imag,vanilla_IBS2,REJECTED_PHYSICAL,YZ,x,-0.0625,y,-0.1875,z,0.1875,0.09555698137022221,0.27760606018813294,0.18204907881791071,0.04000015580667526,0.163674380721008
2003,1.0,20dB_nominal_difference,imag,vanilla_IBS2,REJECTED_PHYSICAL,YZ,x,-0.0625,y,-0.0625,z,0.1875,0.10479805916046792,0.24829616280011366,0.14349810363964574,0.04000015580667526,0.163674380721008
2003,1.0,20dB_nominal_difference,imag,vanilla_IBS2,REJECTED_PHYSICAL,YZ,x,-0.0625,y,0.0625,z,0.1875,0.11245946317491304,0.18761270599244342,0.07515324281753039,0.04000015580667526,0.163674380721008
2003,1.0,20dB_nominal_difference,imag,vanilla_IBS2,REJECTED_PHYSICAL,YZ,x,-0.0625,y,0.1875,z,0.1875,0.11372931728530744,0.10972627144879529,-0.004003045836512148,0.04000015580667526,0.163674380721008
2003,1.0,20dB_nominal_difference,imag,vanilla_IBS2,REJECTED_PHYSICAL,YZ,x,-0.0625,y,0.3125,z,0.1875,0.10429466631680404,0.034073508157939664,-0.07022115815886437,0.04000015580667526,0.163674380721008
2003,1.0,20dB_nominal_difference,imag,vanilla_IBS2,REJECTED_PHYSICAL,YZ,x,-0.0625,y,0.4375,z,0.1875,0.08751509098114699,-0.016229643443887762,-0.10374473442503475,0.04000015580667526,0.163674380721008
2003,1.0,20dB_nominal_difference,imag,vanilla_IBS2,REJECTED_PHYSICAL,YZ,x,-0.0625,y,0.5625,z,0.1875,0.06966970855634338,-0.017566876973447776,-0.08723658552979116,0.04000015580667526,0.163674380721008
2003,1.0,20dB_nominal_difference,imag,vanilla_IBS2,REJECTED_PHYSICAL,YZ,x,-0.0625,y,0.6875,z,0.1875,0.05517298132470298,0.04475142050065463,-0.010421560824048354,0.04000015580667526,0.163674380721008
2003,1.0,20dB_nominal_difference,imag,vanilla_IBS2,REJECTED_PHYSICAL,YZ,x,-0.0625,y,-0.6875,z,0.3125,0.04345286726491869,-0.05370062630658511,-0.0971534935715038,0.04000015580667526,0.163674380721008
2003,1.0,20dB_nominal_difference,imag,vanilla_IBS2,REJECTED_PHYSICAL,YZ,x,-0.0625,y,-0.5625,z,0.3125,0.04812009958084395,0.06381150583929728,0.015691406258453326,0.04000015580667526,0.163674380721008
2003,1.0,20dB_nominal_difference,imag,vanilla_IBS2,REJECTED_PHYSICAL,YZ,x,-0.0625,y,-0.4375,z,0.3125,0.05501371658866299,0.1411938836115413,0.08618016702287831,0.04000015580667526,0.163674380721008
2003,1.0,20dB_nominal_difference,imag,vanilla_IBS2,REJECTED_PHYSICAL,YZ,x,-0.0625,y,-0.3125,z,0.3125,0.06233884756672856,0.17872480762856266,0.1163859600618341,0.04000015580667526,0.163674380721008
2003,1.0,20dB_nominal_difference,imag,vanilla_IBS2,REJECTED_PHYSICAL,YZ,x,-0.0625,y,-0.1875,z,0.3125,0.06841841298298537,0.17814267472941928,0.1097242617464339,0.04000015580667526,0.163674380721008
2003,1.0,20dB_nominal_difference,imag,vanilla_IBS2,REJECTED_PHYSICAL,YZ,x,-0.0625,y,-0.0625,z,0.3125,0.07416613181928422,0.14363665121694466,0.06947051939766044,0.04000015580667526,0.163674380721008
2003,1.0,20dB_nominal_difference,imag,vanilla_IBS2,REJECTED_PHYSICAL,YZ,x,-0.0625,y,0.0625,z,0.3125,0.08101355802363919,0.08378157485993903,0.002768016836299847,0.04000015580667526,0.163674380721008
2003,1.0,20dB_nominal_difference,imag,vanilla_IBS2,REJECTED_PHYSICAL,YZ,x,-0.0625,y,0.1875,z,0.3125,0.08651510579418703,0.012856503768714098,-0.07365860202547293,0.04000015580667526,0.163674380721008
2003,1.0,20dB_nominal_difference,imag,vanilla_IBS2,REJECTED_PHYSICAL,YZ,x,-0.0625,y,0.3125,z,0.3125,0.08624535209504341,-0.04924852728257804,-0.13549387937762145,0.04000015580667526,0.163674380721008
2003,1.0,20dB_nominal_difference,imag,vanilla_IBS2,REJECTED_PHYSICAL,YZ,x,-0.0625,y,0.4375,z,0.3125,0.07879331723411091,-0.07887296039785396,-0.1576662776319649,0.04000015580667526,0.163674380721008
2003,1.0,20dB_nominal_difference,imag,vanilla_IBS2,REJECTED_PHYSICAL,YZ,x,-0.0625,y,0.5625,z,0.3125,0.066618202393356,-0.052123494760614016,-0.11874169715397001,0.04000015580667526,0.163674380721008
2003,1.0,20dB_nominal_difference,imag,vanilla_IBS2,REJECTED_PHYSICAL,YZ,x,-0.0625,y,0.6875,z,0.3125,0.05439319187985552,0.0477595255301379,-0.006633666349717619,0.04000015580667526,0.163674380721008
2003,1.0,20dB_nominal_difference,imag,vanilla_IBS2,REJECTED_PHYSICAL,YZ,x,-0.0625,y,-0.6875,z,0.4375,0.04105326192243892,-0.05493720151763006,-0.09599046344006898,0.04000015580667526,0.163674380721008
2003,1.0,20dB_nominal_difference,imag,vanilla_IBS2,REJECTED_PHYSICAL,YZ,x,-0.0625,y,-0.5625,z,0.4375,0.04248023256440268,0.028726866154869815,-0.013753366409532862,0.04000015580667526,0.163674380721008
2003,1.0,20dB_nominal_difference,imag,vanilla_IBS2,REJECTED_PHYSICAL,YZ,x,-0.0625,y,-0.4375,z,0.4375,0.044609275832403414,0.07994460713398466,0.035335331301581244,0.04000015580667526,0.163674380721008
2003,1.0,20dB_nominal_difference,imag,vanilla_IBS2,REJECTED_PHYSICAL,YZ,x,-0.0625,y,-0.3125,z,0.4375,0.04699202096212822,0.10120375603116419,0.05421173506903597,0.04000015580667526,0.163674380721008
2003,1.0,20dB_nominal_difference,imag,vanilla_IBS2,REJECTED_PHYSICAL,YZ,x,-0.0625,y,-0.1875,z,0.4375,0.04944801849150221,0.09345709442563924,0.044009075934137026,0.04000015580667526,0.163674380721008
2003,1.0,20dB_nominal_difference,imag,vanilla_IBS2,REJECTED_PHYSICAL,YZ,x,-0.0625,y,-0.0625,z,0.4375,0.052901713255917505,0.05927484287938013,0.006373129623462627,0.04000015580667526,0.163674380721008
2003,1.0,20dB_nominal_difference,imag,vanilla_IBS2,REJECTED_PHYSICAL,YZ,x,-0.0625,y,0.0625,z,0.4375,0.05828320398699263,0.005791002814888653,-0.05249220117210398,0.04000015580667526,0.163674380721008
2003,1.0,20dB_nominal_difference,imag,vanilla_IBS2,REJECTED_PHYSICAL,YZ,x,-0.0625,y,0.1875,z,0.4375,0.06420519628595636,-0.05365612659920111,-0.11786132288515747,0.04000015580667526,0.163674380721008
2003,1.0,20dB_nominal_difference,imag,vanilla_IBS2,REJECTED_PHYSICAL,YZ,x,-0.0625,y,0.3125,z,0.4375,0.06727525961190907,-0.09962532760950296,-0.16690058722141204,0.04000015580667526,0.163674380721008
2003,1.0,20dB_nominal_difference,imag,vanilla_IBS2,REJECTED_PHYSICAL,YZ,x,-0.0625,y,0.4375,z,0.4375,0.06500961027575505,-0.10850304822326895,-0.173512658499024,0.04000015580667526,0.163674380721008
2003,1.0,20dB_nominal_difference,imag,vanilla_IBS2,REJECTED_PHYSICAL,YZ,x,-0.0625,y,0.5625,z,0.4375,0.0580922596237103,-0.05604776846155445,-0.11414002808526474,0.04000015580667526,0.163674380721008
2003,1.0,20dB_nominal_difference,imag,vanilla_IBS2,REJECTED_PHYSICAL,YZ,x,-0.0625,y,0.6875,z,0.4375,0.05004909518343009,0.07796818312777584,0.02791908794434575,0.04000015580667526,0.163674380721008
2003,1.0,20dB_nominal_difference,imag,vanilla_IBS2,REJECTED_PHYSICAL,YZ,x,-0.0625,y,-0.6875,z,0.5625,0.04019150633820552,-0.04992226939164834,-0.09011377572985385,0.04000015580667526,0.163674380721008
2003,1.0,20dB_nominal_difference,imag,vanilla_IBS2,REJECTED_PHYSICAL,YZ,x,-0.0625,y,-0.5625,z,0.5625,0.04045363921587812,-0.002417636804255281,-0.0428712760201334,0.04000015580667526,0.163674380721008
2003,1.0,20dB_nominal_difference,imag,vanilla_IBS2,REJECTED_PHYSICAL,YZ,x,-0.0625,y,-0.4375,z,0.5625,0.04085898672802763,0.02499260003186151,-0.01586638669616612,0.04000015580667526,0.163674380721008
2003,1.0,20dB_nominal_difference,imag,vanilla_IBS2,REJECTED_PHYSICAL,YZ,x,-0.0625,y,-0.3125,z,0.5625,0.041384407636475766,0.03644330246369424,-0.004941105172781526,0.04000015580667526,0.163674380721008
2003,1.0,20dB_nominal_difference,imag,vanilla_IBS2,REJECTED_PHYSICAL,YZ,x,-0.0625,y,-0.1875,z,0.5625,0.04218231914986422,0.0297183116249296,-0.012464007524934623,0.04000015580667526,0.163674380721008
2003,1.0,20dB_nominal_difference,imag,vanilla_IBS2,REJECTED_PHYSICAL,YZ,x,-0.0625,y,-0.0625,z,0.5625,0.04377263759328565,0.0041054665974998225,-0.03966717099578583,0.04000015580667526,0.163674380721008
2003,1.0,20dB_nominal_difference,imag,vanilla_IBS2,REJECTED_PHYSICAL,YZ,x,-0.0625,y,0.0625,z,0.5625,0.046583116809738985,-0.035920649087958716,-0.0825037658976977,0.04000015580667526,0.163674380721008
2003,1.0,20dB_nominal_difference,imag,vanilla_IBS2,REJECTED_PHYSICAL,YZ,x,-0.0625,y,0.1875,z,0.5625,0.04999452237972326,-0.07901220576155052,-0.12900672814127379,0.04000015580667526,0.163674380721008
2003,1.0,20dB_nominal_difference,imag,vanilla_IBS2,REJECTED_PHYSICAL,YZ,x,-0.0625,y,0.3125,z,0.5625,0.05226517041090233,-0.10713997329126165,-0.159405143702164,0.04000015580667526,0.163674380721008
2003,1.0,20dB_nominal_difference,imag,vanilla_IBS2,REJECTED_PHYSICAL,YZ,x,-0.0625,y,0.4375,z,0.5625,0.051828096168250085,-0.09752802130894925,-0.14935611747719935,0.04000015580667526,0.163674380721008
2003,1.0,20dB_nominal_difference,imag,vanilla_IBS2,REJECTED_PHYSICAL,YZ,x,-0.0625,y,0.5625,z,0.5625,0.048786688674004486,-0.025534309234114115,-0.07432099790811861,0.04000015580667526,0.163674380721008
2003,1.0,20dB_nominal_difference,imag,vanilla_IBS2,REJECTED_PHYSICAL,YZ,x,-0.0625,y,0.6875,z,0.5625,0.04494161821421902,0.13586999693962165,0.09092837872540263,0.04000015580667526,0.163674380721008
2003,1.0,20dB_nominal_difference,imag,vanilla_IBS2,REJECTED_PHYSICAL,YZ,x,-0.0625,y,-0.6875,z,0.6875,0.04002087077010622,-0.04159123680711355,-0.08161210757721978,0.04000015580667526,0.163674380721008
2003,1.0,20dB_nominal_difference,imag,vanilla_IBS2,REJECTED_PHYSICAL,YZ,x,-0.0625,y,-0.5625,z,0.6875,0.04005035818893871,-0.043513877352208095,-0.08356423554114681,0.04000015580667526,0.163674380721008
2003,1.0,20dB_nominal_difference,imag,vanilla_IBS2,REJECTED_PHYSICAL,YZ,x,-0.0625,y,-0.4375,z,0.6875,0.040100863350880075,-0.03345057371805781,-0.07355143706893788,0.04000015580667526,0.163674380721008
2003,1.0,20dB_nominal_difference,imag,vanilla_IBS2,REJECTED_PHYSICAL,YZ,x,-0.0625,y,-0.3125,z,0.6875,0.04019038935133843,-0.021037254693389934,-0.061227644044728365,0.04000015580667526,0.163674380721008
2003,1.0,20dB_nominal_difference,imag,vanilla_IBS2,REJECTED_PHYSICAL,YZ,x,-0.0625,y,-0.1875,z,0.6875,0.04040132871373167,-0.015617839547791237,-0.05601916826152291,0.04000015580667526,0.163674380721008
2003,1.0,20dB_nominal_difference,imag,vanilla_IBS2,REJECTED_PHYSICAL,YZ,x,-0.0625,y,-0.0625,z,0.6875,0.040917716302072485,-0.022475578298021284,-0.06339329460009377,0.04000015580667526,0.163674380721008
2003,1.0,20dB_nominal_difference,imag,vanilla_IBS2,REJECTED_PHYSICAL,YZ,x,-0.0625,y,0.0625,z,0.6875,0.04188581069537539,-0.04072159615338463,-0.08260740684876003,0.04000015580667526,0.163674380721008
2003,1.0,20dB_nominal_difference,imag,vanilla_IBS2,REJECTED_PHYSICAL,YZ,x,-0.0625,y,0.1875,z,0.6875,0.04311422459213862,-0.061978909652427965,-0.1050931342445666,0.04000015580667526,0.163674380721008
2003,1.0,20dB_nominal_difference,imag,vanilla_IBS2,REJECTED_PHYSICAL,YZ,x,-0.0625,y,0.3125,z,0.6875,0.04400245614647743,-0.07078436301019028,-0.11478681915666772,0.04000015580667526,0.163674380721008
2003,1.0,20dB_nominal_difference,imag,vanilla_IBS2,REJECTED_PHYSICAL,YZ,x,-0.0625,y,0.4375,z,0.6875,0.043959082787769166,-0.04676791451234049,-0.09072699730010966,0.04000015580667526,0.163674380721008
2003,1.0,20dB_nominal_difference,imag,vanilla_IBS2,REJECTED_PHYSICAL,YZ,x,-0.0625,y,0.5625,z,0.6875,0.04297881601581051,0.0325124670120253,-0.010466349003785208,0.04000015580667526,0.163674380721008
2003,1.0,20dB_nominal_difference,imag,vanilla_IBS2,REJECTED_PHYSICAL,YZ,x,-0.0625,y,0.6875,z,0.6875,0.0416850276806229,0.20149041519500474,0.15980538751438184,0.04000015580667526,0.163674380721008
2003,1.0,20dB_nominal_difference,imag,A23_compressed_feedback,REJECTED_PHYSICAL,XY,z,-0.0625,x,-0.6875,y,-0.6875,0.042812060851533745,-0.21810258500894733,-0.2609146458604811,0.04000015580667526,0.163674380721008
2003,1.0,20dB_nominal_difference,imag,A23_compressed_feedback,REJECTED_PHYSICAL,XY,z,-0.0625,x,-0.5625,y,-0.6875,0.04501641841016214,-0.07385815369426954,-0.11887457210443168,0.04000015580667526,0.163674380721008
2003,1.0,20dB_nominal_difference,imag,A23_compressed_feedback,REJECTED_PHYSICAL,XY,z,-0.0625,x,-0.4375,y,-0.6875,0.047153559012156725,0.042814942634693424,-0.0043386163774633,0.04000015580667526,0.163674380721008
2003,1.0,20dB_nominal_difference,imag,A23_compressed_feedback,REJECTED_PHYSICAL,XY,z,-0.0625,x,-0.3125,y,-0.6875,0.04816564094919894,0.12867168237975837,0.08050604143055944,0.04000015580667526,0.163674380721008
2003,1.0,20dB_nominal_difference,imag,A23_compressed_feedback,REJECTED_PHYSICAL,XY,z,-0.0625,x,-0.1875,y,-0.6875,0.04748045653852776,0.1788807976148434,0.13140034107631565,0.04000015580667526,0.163674380721008
2003,1.0,20dB_nominal_difference,imag,A23_compressed_feedback,REJECTED_PHYSICAL,XY,z,-0.0625,x,-0.0625,y,-0.6875,0.04552669117604515,0.1951011136559852,0.14957442247994004,0.04000015580667526,0.163674380721008
2003,1.0,20dB_nominal_difference,imag,A23_compressed_feedback,REJECTED_PHYSICAL,XY,z,-0.0625,x,0.0625,y,-0.6875,0.043322193144988023,0.1826393629235818,0.13931716977859376,0.04000015580667526,0.163674380721008
2003,1.0,20dB_nominal_difference,imag,A23_compressed_feedback,REJECTED_PHYSICAL,XY,z,-0.0625,x,0.1875,y,-0.6875,0.041648705741738304,0.14803577510696322,0.10638706936522492,0.04000015580667526,0.163674380721008
2003,1.0,20dB_nominal_difference,imag,A23_compressed_feedback,REJECTED_PHYSICAL,XY,z,-0.0625,x,0.3125,y,-0.6875,0.04068984889113016,0.09665965957522107,0.05596981068409091,0.04000015580667526,0.163674380721008
2003,1.0,20dB_nominal_difference,imag,A23_compressed_feedback,REJECTED_PHYSICAL,XY,z,-0.0625,x,0.4375,y,-0.6875,0.04024917597637867,0.02982712494378194,-0.010422051032596729,0.04000015580667526,0.163674380721008
2003,1.0,20dB_nominal_difference,imag,A23_compressed_feedback,REJECTED_PHYSICAL,XY,z,-0.0625,x,0.5625,y,-0.6875,0.040078931812932886,-0.061142611938753914,-0.1012215437516868,0.04000015580667526,0.163674380721008
2003,1.0,20dB_nominal_difference,imag,A23_compressed_feedback,REJECTED_PHYSICAL,XY,z,-0.0625,x,0.6875,y,-0.6875,0.04002187267302577,-0.21835529623559571,-0.2583771689086215,0.04000015580667526,0.163674380721008
2003,1.0,20dB_nominal_difference,imag,A23_compressed_feedback,REJECTED_PHYSICAL,XY,z,-0.0625,x,-0.6875,y,-0.5625,0.04671923723527712,-0.22568495808612202,-0.27240419532139915,0.04000015580667526,0.163674380721008
2003,1.0,20dB_nominal_difference,imag,A23_compressed_feedback,REJECTED_PHYSICAL,XY,z,-0.0625,x,-0.5625,y,-0.5625,0.051951087983362836,-0.02766377270434183,-0.07961486068770467,0.04000015580667526,0.163674380721008
2003,1.0,20dB_nominal_difference,imag,A23_compressed_feedback,REJECTED_PHYSICAL,XY,z,-0.0625,x,-0.4375,y,-0.5625,0.057010594762901406,0.11012226921583243,0.053111674452931024,0.04000015580667526,0.163674380721008
2003,1.0,20dB_nominal_difference,imag,A23_compressed_feedback,REJECTED_PHYSICAL,XY,z,-0.0625,x,-0.3125,y,-0.5625,0.05942346591625194,0.200757572485715,0.14133410656946305,0.04000015580667526,0.163674380721008
2003,1.0,20dB_nominal_difference,imag,A23_compressed_feedback,REJECTED_PHYSICAL,XY,z,-0.0625,x,-0.1875,y,-0.5625,0.057875810867460825,0.24631485088973237,0.18843904002227155,0.04000015580667526,0.163674380721008
2003,1.0,20dB_nominal_difference,imag,A23_compressed_feedback,REJECTED_PHYSICAL,XY,z,-0.0625,x,-0.0625,y,-0.5625,0.05337272512675944,0.25128772914865066,0.19791500402189122,0.04000015580667526,0.163674380721008
2003,1.0,20dB_nominal_difference,imag,A23_compressed_feedback,REJECTED_PHYSICAL,XY,z,-0.0625,x,0.0625,y,-0.5625,0.048248239982660715,0.22319546747515856,0.17494722749249786,0.04000015580667526,0.163674380721008
2003,1.0,20dB_nominal_difference,imag,A23_compressed_feedback,REJECTED_PHYSICAL,XY,z,-0.0625,x,0.1875,y,-0.5625,0.04428321889975626,0.17086334647206455,0.1265801275723083,0.04000015580667526,0.163674380721008
2003,1.0,20dB_nominal_difference,imag,A23_compressed_feedback,REJECTED_PHYSICAL,XY,z,-0.0625,x,0.3125,y,-0.5625,0.041918714289671956,0.10240502394363862,0.06048630965396667,0.04000015580667526,0.163674380721008
2003,1.0,20dB_nominal_difference,imag,A23_compressed_feedback,REJECTED_PHYSICAL,XY,z,-0.0625,x,0.4375,y,-0.5625,0.04075452053288806,0.02400644917836756,-0.016748071354520503,0.04000015580667526,0.163674380721008
2003,1.0,20dB_nominal_difference,imag,A23_compressed_feedback,REJECTED_PHYSICAL,XY,z,-0.0625,x,0.5625,y,-0.5625,0.04026016289838168,-0.05807820340380807,-0.09833836630218976,0.04000015580667526,0.163674380721008
2003,1.0,20dB_nominal_difference,imag,A23_compressed_feedback,REJECTED_PHYSICAL,XY,z,-0.0625,x,0.6875,y,-0.5625,0.04007706720224385,-0.12208774754551394,-0.1621648147477578,0.04000015580667526,0.163674380721008
2003,1.0,20dB_nominal_difference,imag,A23_compressed_feedback,REJECTED_PHYSICAL,XY,z,-0.0625,x,-0.6875,y,-0.4375,0.05259270005925314,-0.19547857783332342,-0.24807127789257657,0.04000015580667526,0.163674380721008
2003,1.0,20dB_nominal_difference,imag,A23_compressed_feedback,REJECTED_PHYSICAL,XY,z,-0.0625,x,-0.5625,y,-0.4375,0.062376721029284404,0.00899670711776535,-0.05338001391151906,0.04000015580667526,0.163674380721008
2003,1.0,20dB_nominal_difference,imag,A23_compressed_feedback,REJECTED_PHYSICAL,XY,z,-0.0625,x,-0.4375,y,-0.4375,0.07187478901154168,0.15974151385284538,0.0878667248413037,0.04000015580667526,0.163674380721008
2003,1.0,20dB_nominal_difference,imag,A23_compressed_feedback,REJECTED_PHYSICAL,XY,z,-0.0625,x,-0.3125,y,-0.4375,0.07656023537116752,0.25941498861036566,0.18285475323919814,0.04000015580667526,0.163674380721008
2003,1.0,20dB_nominal_difference,imag,A23_compressed_feedback,REJECTED_PHYSICAL,XY,z,-0.0625,x,-0.1875,y,-0.4375,0.07404746693626542,0.30985433754819364,0.23580687061192823,0.04000015580667526,0.163674380721008
2003,1.0,20dB_nominal_difference,imag,A23_compressed_feedback,REJECTED_PHYSICAL,XY,z,-0.0625,x,-0.0625,y,-0.4375,0.06611054116039423,0.3161040243338877,0.24999348317349346,0.04000015580667526,0.163674380721008
2003,1.0,20dB_nominal_difference,imag,A23_compressed_feedback,REJECTED_PHYSICAL,XY,z,-0.0625,x,0.0625,y,-0.4375,0.05684254734146165,0.2862566406730988,0.22941409333163715,0.04000015580667526,0.163674380721008
2003,1.0,20dB_nominal_difference,imag,A23_compressed_feedback,REJECTED_PHYSICAL,XY,z,-0.0625,x,0.1875,y,-0.4375,0.04937377140139504,0.23002655476239472,0.18065278336099969,0.04000015580667526,0.163674380721008
2003,1.0,20dB_nominal_difference,imag,A23_compressed_feedback,REJECTED_PHYSICAL,XY,z,-0.0625,x,0.3125,y,-0.4375,0.044590075287547486,0.1572309429747182,0.11264086768717071,0.04000015580667526,0.163674380721008
2003,1.0,20dB_nominal_difference,imag,A23_compressed_feedback,REJECTED_PHYSICAL,XY,z,-0.0625,x,0.4375,y,-0.4375,0.04197827881197196,0.07743387520455935,0.03545559639258739,0.04000015580667526,0.163674380721008
2003,1.0,20dB_nominal_difference,imag,A23_compressed_feedback,REJECTED_PHYSICAL,XY,z,-0.0625,x,0.5625,y,-0.4375,0.04073456343762443,0.0022047889910288485,-0.03852977444659558,0.04000015580667526,0.163674380721008
2003,1.0,20dB_nominal_difference,imag,A23_compressed_feedback,REJECTED_PHYSICAL,XY,z,-0.0625,x,0.6875,y,-0.4375,0.04022789969620764,-0.04725823516571601,-0.08748613486192365,0.04000015580667526,0.163674380721008
2003,1.0,20dB_nominal_difference,imag,A23_compressed_feedback,REJECTED_PHYSICAL,XY,z,-0.0625,x,-0.6875,y,-0.3125,0.05895379189233613,-0.15603996637064313,-0.21499375826297926,0.04000015580667526,0.163674380721008
2003,1.0,20dB_nominal_difference,imag,A23_compressed_feedback,REJECTED_PHYSICAL,XY,z,-0.0625,x,-0.5625,y,-0.3125,0.07386171234073384,0.04176088815906515,-0.03210082418166869,0.04000015580667526,0.163674380721008
2003,1.0,20dB_nominal_difference,imag,A23_compressed_feedback,REJECTED_PHYSICAL,XY,z,-0.0625,x,-0.4375,y,-0.3125,0.08859624924664959,0.1969229510265051,0.1083267017798555,0.04000015580667526,0.163674380721008
2003,1.0,20dB_nominal_difference,imag,A23_compressed_feedback,REJECTED_PHYSICAL,XY,z,-0.0625,x,-0.3125,y,-0.3125,0.0964415039637058,0.30465659344544727,0.20821508948174147,0.04000015580667526,0.163674380721008
2003,1.0,20dB_nominal_difference,imag,A23_compressed_feedback,REJECTED_PHYSICAL,XY,z,-0.0625,x,-0.1875,y,-0.3125,0.09378116907479145,0.3636875931671675,0.26990642409237603,0.04000015580667526,0.163674380721008
2003,1.0,20dB_nominal_difference,imag,A23_compressed_feedback,REJECTED_PHYSICAL,XY,z,-0.0625,x,-0.0625,y,-0.3125,0.08296185958806848,0.3776761358496918,0.2947142762616233,0.04000015580667526,0.163674380721008
2003,1.0,20dB_nominal_difference,imag,A23_compressed_feedback,REJECTED_PHYSICAL,XY,z,-0.0625,x,0.0625,y,-0.3125,0.06957351754030672,0.35395016563734916,0.28437664809704244,0.04000015580667526,0.163674380721008
2003,1.0,20dB_nominal_difference,imag,A23_compressed_feedback,REJECTED_PHYSICAL,XY,z,-0.0625,x,0.1875,y,-0.3125,0.05795880046020539,0.3018439041238618,0.2438851036636564,0.04000015580667526,0.163674380721008
2003,1.0,20dB_nominal_difference,imag,A23_compressed_feedback,REJECTED_PHYSICAL,XY,z,-0.0625,x,0.3125,y,-0.3125,0.04966102784305324,0.23115674616682202,0.1814957183237688,0.04000015580667526,0.163674380721008
2003,1.0,20dB_nominal_difference,imag,A23_compressed_feedback,REJECTED_PHYSICAL,XY,z,-0.0625,x,0.4375,y,-0.3125,0.044507537376236805,0.1514151669138121,0.1069076295375753,0.04000015580667526,0.163674380721008
2003,1.0,20dB_nominal_difference,imag,A23_compressed_feedback,REJECTED_PHYSICAL,XY,z,-0.0625,x,0.5625,y,-0.3125,0.04176157986813832,0.072184234332511,0.030422654464372687,0.04000015580667526,0.163674380721008
2003,1.0,20dB_nominal_difference,imag,A23_compressed_feedback,REJECTED_PHYSICAL,XY,z,-0.0625,x,0.6875,y,-0.3125,0.04055912685149282,0.00893507205455242,-0.0316240547969404,0.04000015580667526,0.163674380721008
2003,1.0,20dB_nominal_difference,imag,A23_compressed_feedback,REJECTED_PHYSICAL,XY,z,-0.0625,x,-0.6875,y,-0.1875,0.06414071000515616,-0.12405498553063599,-0.18819569553579213,0.04000015580667526,0.163674380721008
2003,1.0,20dB_nominal_difference,imag,A23_compressed_feedback,REJECTED_PHYSICAL,XY,z,-0.0625,x,-0.5625,y,-0.1875,0.08405754185242151,0.06256086857072843,-0.02149667328169308,0.04000015580667526,0.163674380721008
2003,1.0,20dB_nominal_difference,imag,A23_compressed_feedback,REJECTED_PHYSICAL,XY,z,-0.0625,x,-0.4375,y,-0.1875,0.10464619152399268,0.2173842880583109,0.11273809653431821,0.04000015580667526,0.163674380721008
2003,1.0,20dB_nominal_difference,imag,A23_compressed_feedback,REJECTED_PHYSICAL,XY,z,-0.0625,x,-0.3125,y,-0.1875,0.11703963931989764,0.3317535686009401,0.21471392928104244,0.04000015580667526,0.163674380721008
2003,1.0,20dB_nominal_difference,imag,A23_compressed_feedback,REJECTED_PHYSICAL,XY,z,-0.0625,x,-0.1875,y,-0.1875,0.11600715433781533,0.40123406935442535,0.28522691501661,0.04000015580667526,0.163674380721008
2003,1.0,20dB_nominal_difference,imag,A23_compressed_feedback,REJECTED_PHYSICAL,XY,z,-0.0625,x,-0.0625,y,-0.1875,0.10388043199886729,0.4271028341595907,0.3232224021607234,0.04000015580667526,0.163674380721008
2003,1.0,20dB_nominal_difference,imag,A23_compressed_feedback,REJECTED_PHYSICAL,XY,z,-0.0625,x,0.0625,y,-0.1875,0.08715791234653131,0.41477488104208277,0.32761696869555146,0.04000015580667526,0.163674380721008
2003,1.0,20dB_nominal_difference,imag,A23_compressed_feedback,REJECTED_PHYSICAL,XY,z,-0.0625,x,0.1875,y,-0.1875,0.07105841669804411,0.3719647181553123,0.30090630145726815,0.04000015580667526,0.163674380721008
2003,1.0,20dB_nominal_difference,imag,A23_compressed_feedback,REJECTED_PHYSICAL,XY,z,-0.0625,x,0.3125,y,-0.1875,0.05799868214319433,0.30696246352961976,0.24896378138642544,0.04000015580667526,0.163674380721008
2003,1.0,20dB_nominal_difference,imag,A23_compressed_feedback,REJECTED_PHYSICAL,XY,z,-0.0625,x,0.4375,y,-0.1875,0.0488427972404081,0.2274004466250128,0.1785576493846047,0.04000015580667526,0.163674380721008
2003,1.0,20dB_nominal_difference,imag,A23_compressed_feedback,REJECTED_PHYSICAL,XY,z,-0.0625,x,0.5625,y,-0.1875,0.04354008507042236,0.13959519992379932,0.09605511485337695,0.04000015580667526,0.163674380721008
2003,1.0,20dB_nominal_difference,imag,A23_compressed_feedback,REJECTED_PHYSICAL,XY,z,-0.0625,x,0.6875,y,-0.1875,0.041124939764612185,0.05571347437184894,0.014588534607236754,0.04000015580667526,0.163674380721008
2003,1.0,20dB_nominal_difference,imag,A23_compressed_feedback,REJECTED_PHYSICAL,XY,z,-0.0625,x,-0.6875,y,-0.0625,0.06749798464259113,-0.1122474331248948,-0.17974541776748593,0.04000015580667526,0.163674380721008
2003,1.0,20dB_nominal_difference,imag,A23_compressed_feedback,REJECTED_PHYSICAL,XY,z,-0.0625,x,-0.5625,y,-0.0625,0.0924583346322828,0.061891603700477756,-0.030566730931805043,0.04000015580667526,0.163674380721008
2003,1.0,20dB_nominal_difference,imag,A23_compressed_feedback,REJECTED_PHYSICAL,XY,z,-0.0625,x,-0.4375,y,-0.0625,0.12022275489155235,0.2140425608933851,0.09381980600183276,0.04000015580667526,0.163674380721008
2003,1.0,20dB_nominal_difference,imag,A23_compressed_feedback,REJECTED_PHYSICAL,XY,z,-0.0625,x,-0.3125,y,-0.0625,0.13941173146332025,0.3337540509032343,0.19434231943991404,0.04000015580667526,0.163674380721008
2003,1.0,20dB_nominal_difference,imag,A23_compressed_feedback,REJECTED_PHYSICAL,XY,z,-0.0625,x,-0.1875,y,-0.0625,0.14204895694150824,0.41401565729420214,0.2719667003526939,0.04000015580667526,0.163674380721008
2003,1.0,20dB_nominal_difference,imag,A23_compressed_feedback,REJECTED_PHYSICAL,XY,z,-0.0625,x,-0.0625,y,-0.0625,0.1296726376248023,0.45344828663966646,0.32377564901486416,0.04000015580667526,0.163674380721008
2003,1.0,20dB_nominal_difference,imag,A23_compressed_feedback,REJECTED_PHYSICAL,XY,z,-0.0625,x,0.0625,y,-0.0625,0.10968324680704317,0.4549190542322499,0.3452358074252067,0.04000015580667526,0.163674380721008
2003,1.0,20dB_nominal_difference,imag,A23_compressed_feedback,REJECTED_PHYSICAL,XY,z,-0.0625,x,0.1875,y,-0.0625,0.08836681093770062,0.42380245011293016,0.33543563917522956,0.04000015580667526,0.163674380721008
2003,1.0,20dB_nominal_difference,imag,A23_compressed_feedback,REJECTED_PHYSICAL,XY,z,-0.0625,x,0.3125,y,-0.0625,0.0692222961257432,0.36623763634778017,0.29701534022203696,0.04000015580667526,0.163674380721008
2003,1.0,20dB_nominal_difference,imag,A23_compressed_feedback,REJECTED_PHYSICAL,XY,z,-0.0625,x,0.4375,y,-0.0625,0.05466901134123281,0.28769356734497165,0.23302455600373884,0.04000015580667526,0.163674380721008
2003,1.0,20dB_nominal_difference,imag,A23_compressed_feedback,REJECTED_PHYSICAL,XY,z,-0.0625,x,0.5625,y,-0.0625,0.045872837212520334,0.1920563902189693,0.14618355300644897,0.04000015580667526,0.163674380721008
2003,1.0,20dB_nominal_difference,imag,A23_compressed_feedback,REJECTED_PHYSICAL,XY,z,-0.0625,x,0.6875,y,-0.0625,0.0418360047357586,0.08975561801098297,0.04791961327522437,0.04000015580667526,0.163674380721008
2003,1.0,20dB_nominal_difference,imag,A23_compressed_feedback,REJECTED_PHYSICAL,XY,z,-0.0625,x,-0.6875,y,0.0625,0.06747761449903886,-0.12860302433227389,-0.19608063883131274,0.04000015580667526,0.163674380721008
2003,1.0,20dB_nominal_difference,imag,A23_compressed_feedback,REJECTED_PHYSICAL,XY,z,-0.0625,x,-0.5625,y,0.0625,0.09549848235929675,0.03352017876050271,-0.06197830359879405,0.04000015580667526,0.163674380721008
2003,1.0,20dB_nominal_difference,imag,A23_compressed_feedback,REJECTED_PHYSICAL,XY,z,-0.0625,x,-0.4375,y,0.0625,0.129320887606679,0.18203322990657939,0.05271234229990038,0.04000015580667526,0.163674380721008
2003,1.0,20dB_nominal_difference,imag,A23_compressed_feedback,REJECTED_PHYSICAL,XY,z,-0.0625,x,-0.3125,y,0.0625,0.15577475122402062,0.3057894242022151,0.15001467297819449,0.04000015580667526,0.163674380721008
2003,1.0,20dB_nominal_difference,imag,A23_compressed_feedback,REJECTED_PHYSICAL,XY,z,-0.0625,x,-0.1875,y,0.0625,0.163674380721008,0.39579183980242233,0.23211745908141432,0.04000015580667526,0.163674380721008
2003,1.0,20dB_nominal_difference,imag,A23_compressed_feedback,REJECTED_PHYSICAL,XY,z,-0.0625,x,-0.0625,y,0.0625,0.15276659508822296,0.44808497561538324,0.2953183805271603,0.04000015580667526,0.163674380721008
2003,1.0,20dB_nominal_difference,imag,A23_compressed_feedback,REJECTED_PHYSICAL,XY,z,-0.0625,x,0.0625,y,0.0625,0.1308208387853533,0.46283045554819074,0.33200961676283747,0.04000015580667526,0.163674380721008
2003,1.0,20dB_nominal_difference,imag,A23_compressed_feedback,REJECTED_PHYSICAL,XY,z,-0.0625,x,0.1875,y,0.0625,0.10504476057409515,0.4429451961716301,0.3379004355975349,0.04000015580667526,0.163674380721008
2003,1.0,20dB_nominal_difference,imag,A23_compressed_feedback,REJECTED_PHYSICAL,XY,z,-0.0625,x,0.3125,y,0.0625,0.08004365477318558,0.39257727320399366,0.31253361843080807,0.04000015580667526,0.163674380721008
2003,1.0,20dB_nominal_difference,imag,A23_compressed_feedback,REJECTED_PHYSICAL,XY,z,-0.0625,x,0.4375,y,0.0625,0.060110914361473436,0.3157136512776645,0.25560273691619106,0.04000015580667526,0.163674380721008
2003,1.0,20dB_nominal_difference,imag,A23_compressed_feedback,REJECTED_PHYSICAL,XY,z,-0.0625,x,0.5625,y,0.0625,0.047916215851691785,0.21520208183887063,0.16728586598717884,0.04000015580667526,0.163674380721008
2003,1.0,20dB_nominal_difference,imag,A23_compressed_feedback,REJECTED_PHYSICAL,XY,z,-0.0625,x,0.6875,y,0.0625,0.04240463768892273,0.10067149978111778,0.058266862092195046,0.04000015580667526,0.163674380721008
2003,1.0,20dB_nominal_difference,imag,A23_compressed_feedback,REJECTED_PHYSICAL,XY,z,-0.0625,x,-0.6875,y,0.1875,0.061829990330548715,-0.17351897351786097,-0.2353489638484097,0.04000015580667526,0.163674380721008
2003,1.0,20dB_nominal_difference,imag,A23_compressed_feedback,REJECTED_PHYSICAL,XY,z,-0.0625,x,-0.5625,y,0.1875,0.08661838749055265,-0.02188672187493569,-0.10850510936548834,0.04000015580667526,0.163674380721008
2003,1.0,20dB_nominal_difference,imag,A23_compressed_feedback,REJECTED_PHYSICAL,XY,z,-0.0625,x,-0.4375,y,0.1875,0.11900813444003683,0.12278372870163759,0.003775594261600762,0.04000015580667526,0.163674380721008
2003,1.0,20dB_nominal_difference,imag,A23_compressed_feedback,REJECTED_PHYSICAL,XY,z,-0.0625,x,-0.3125,y,0.1875,0.14751140554932707,0.24914352207721693,0.10163211652788987,0.04000015580667526,0.163674380721008
2003,1.0,20dB_nominal_difference,imag,A23_compressed_feedback,REJECTED_PHYSICAL,XY,z,-0.0625,x,-0.1875,y,0.1875,0.16039105667147383,0.34666259735445687,0.18627154068298304,0.04000015580667526,0.163674380721008
2003,1.0,20dB_nominal_difference,imag,A23_compressed_feedback,REJECTED_PHYSICAL,XY,z,-0.0625,x,-0.0625,y,0.1875,0.15505336276937054,0.4089761002992429,0.2539227375298724,0.04000015580667526,0.163674380721008
2003,1.0,20dB_nominal_difference,imag,A23_compressed_feedback,REJECTED_PHYSICAL,XY,z,-0.0625,x,0.0625,y,0.1875,0.13688521071212376,0.43366983446186036,0.2967846237497366,0.04000015580667526,0.163674380721008
2003,1.0,20dB_nominal_difference,imag,A23_compressed_feedback,REJECTED_PHYSICAL,XY,z,-0.0625,x,0.1875,y,0.1875,0.11174509915929395,0.42152643964444686,0.30978134048515293,0.04000015580667526,0.163674380721008
2003,1.0,20dB_nominal_difference,imag,A23_compressed_feedback,REJECTED_PHYSICAL,XY,z,-0.0625,x,0.3125,y,0.1875,0.08474302330367384,0.3754085341091421,0.29066551080546826,0.04000015580667526,0.163674380721008
2003,1.0,20dB_nominal_difference,imag,A23_compressed_feedback,REJECTED_PHYSICAL,XY,z,-0.0625,x,0.4375,y,0.1875,0.062260559952542746,0.2990531105502796,0.23679255059773685,0.04000015580667526,0.163674380721008
2003,1.0,20dB_nominal_difference,imag,A23_compressed_feedback,REJECTED_PHYSICAL,XY,z,-0.0625,x,0.5625,y,0.1875,0.0485319027542396,0.1960020220163982,0.14747011926215858,0.04000015580667526,0.163674380721008
2003,1.0,20dB_nominal_difference,imag,A23_compressed_feedback,REJECTED_PHYSICAL,XY,z,-0.0625,x,0.6875,y,0.1875,0.042499878614168186,0.07622539571890585,0.033725517104737666,0.04000015580667526,0.163674380721008
2003,1.0,20dB_nominal_difference,imag,A23_compressed_feedback,REJECTED_PHYSICAL,XY,z,-0.0625,x,-0.6875,y,0.3125,0.05261255142733424,-0.23775035147560777,-0.29036290290294203,0.04000015580667526,0.163674380721008
2003,1.0,20dB_nominal_difference,imag,A23_compressed_feedback,REJECTED_PHYSICAL,XY,z,-0.0625,x,-0.5625,y,0.3125,0.0684128538147093,-0.09471086576724344,-0.16312371958195274,0.04000015580667526,0.163674380721008
2003,1.0,20dB_nominal_difference,imag,A23_compressed_feedback,REJECTED_PHYSICAL,XY,z,-0.0625,x,-0.4375,y,0.3125,0.09087823317155115,0.046184602317785345,-0.044693630853765806,0.04000015580667526,0.163674380721008
2003,1.0,20dB_nominal_difference,imag,A23_compressed_feedback,REJECTED_PHYSICAL,XY,z,-0.0625,x,-0.3125,y,0.3125,0.11345349775818503,0.17360085094074668,0.06014735318256165,0.04000015580667526,0.163674380721008
2003,1.0,20dB_nominal_difference,imag,A23_compressed_feedback,REJECTED_PHYSICAL,XY,z,-0.0625,x,-0.1875,y,0.3125,0.12786602111867237,0.27564601651394005,0.14777999539526768,0.04000015580667526,0.163674380721008
2003,1.0,20dB_nominal_difference,imag,A23_compressed_feedback,REJECTED_PHYSICAL,XY,z,-0.0625,x,-0.0625,y,0.3125,0.13024674790657753,0.3435506655666626,0.21330391766008505,0.04000015580667526,0.163674380721008
2003,1.0,20dB_nominal_difference,imag,A23_compressed_feedback,REJECTED_PHYSICAL,XY,z,-0.0625,x,0.0625,y,0.3125,0.12129664598653803,0.3725084462064993,0.25121180021996126,0.04000015580667526,0.163674380721008
2003,1.0,20dB_nominal_difference,imag,A23_compressed_feedback,REJECTED_PHYSICAL,XY,z,-0.0625,x,0.1875,y,0.3125,0.10297536110236849,0.36168310171625634,0.25870774061388785,0.04000015580667526,0.163674380721008
2003,1.0,20dB_nominal_difference,imag,A23_compressed_feedback,REJECTED_PHYSICAL,XY,z,-0.0625,x,0.3125,y,0.3125,0.07980093621515352,0.31358376388792536,0.23378282767277184,0.04000015580667526,0.163674380721008
2003,1.0,20dB_nominal_difference,imag,A23_compressed_feedback,REJECTED_PHYSICAL,XY,z,-0.0625,x,0.4375,y,0.3125,0.05952259275985332,0.2331633415816856,0.17364074882183228,0.04000015580667526,0.163674380721008
2003,1.0,20dB_nominal_difference,imag,A23_compressed_feedback,REJECTED_PHYSICAL,XY,z,-0.0625,x,0.5625,y,0.3125,0.04724895876292659,0.12678701764618577,0.07953805888325918,0.04000015580667526,0.163674380721008
2003,1.0,20dB_nominal_difference,imag,A23_compressed_feedback,REJECTED_PHYSICAL,XY,z,-0.0625,x,0.6875,y,0.3125,0.04204247644349049,0.006986191896845635,-0.035056284546644854,0.04000015580667526,0.163674380721008
2003,1.0,20dB_nominal_difference,imag,A23_compressed_feedback,REJECTED_PHYSICAL,XY,z,-0.0625,x,-0.6875,y,0.4375,0.045146833362529254,-0.30208982276899465,-0.3472366561315239,0.04000015580667526,0.163674380721008
2003,1.0,20dB_nominal_difference,imag,A23_compressed_feedback,REJECTED_PHYSICAL,XY,z,-0.0625,x,-0.5625,y,0.4375,0.052308006267595956,-0.1669099366647515,-0.21921794293234748,0.04000015580667526,0.163674380721008
2003,1.0,20dB_nominal_difference,imag,A23_compressed_feedback,REJECTED_PHYSICAL,XY,z,-0.0625,x,-0.4375,y,0.4375,0.0635996340198682,-0.03013890283359478,-0.09373853685346298,0.04000015580667526,0.163674380721008
2003,1.0,20dB_nominal_difference,imag,A23_compressed_feedback,REJECTED_PHYSICAL,XY,z,-0.0625,x,-0.3125,y,0.4375,0.07692163679972497,0.09701674114581393,0.020095104346088966,0.04000015580667526,0.163674380721008
2003,1.0,20dB_nominal_difference,imag,A23_compressed_feedback,REJECTED_PHYSICAL,XY,z,-0.0625,x,-0.1875,y,0.4375,0.08851586134200791,0.20065999951161115,0.11214413816960324,0.04000015580667526,0.163674380721008
2003,1.0,20dB_nominal_difference,imag,A23_compressed_feedback,REJECTED_PHYSICAL,XY,z,-0.0625,x,-0.0625,y,0.4375,0.09505083051922082,0.2691340426507775,0.1740832121315567,0.04000015580667526,0.163674380721008
2003,1.0,20dB_nominal_difference,imag,A23_compressed_feedback,REJECTED_PHYSICAL,XY,z,-0.0625,x,0.0625,y,0.4375,0.09390935418559936,0.29528514901339564,0.20137579482779627,0.04000015580667526,0.163674380721008
2003,1.0,20dB_nominal_difference,imag,A23_compressed_feedback,REJECTED_PHYSICAL,XY,z,-0.0625,x,0.1875,y,0.4375,0.08376161542003223,0.27714839922723233,0.1933867838072001,0.04000015580667526,0.163674380721008
2003,1.0,20dB_nominal_difference,imag,A23_compressed_feedback,REJECTED_PHYSICAL,XY,z,-0.0625,x,0.3125,y,0.4375,0.06787722682085688,0.2176721039281729,0.14979487710731604,0.04000015580667526,0.163674380721008
2003,1.0,20dB_nominal_difference,imag,A23_compressed_feedback,REJECTED_PHYSICAL,XY,z,-0.0625,x,0.4375,y,0.4375,0.0534028942982199,0.12414684588116032,0.07074395158294042,0.04000015580667526,0.163674380721008
2003,1.0,20dB_nominal_difference,imag,A23_compressed_feedback,REJECTED_PHYSICAL,XY,z,-0.0625,x,0.5625,y,0.4375,0.04480510916222494,0.007946233678167512,-0.036858875484057425,0.04000015580667526,0.163674380721008
2003,1.0,20dB_nominal_difference,imag,A23_compressed_feedback,REJECTED_PHYSICAL,XY,z,-0.0625,x,0.6875,y,0.4375,0.04130161756945503,-0.11106139623653308,-0.1523630138059881,0.04000015580667526,0.163674380721008
2003,1.0,20dB_nominal_difference,imag,A23_compressed_feedback,REJECTED_PHYSICAL,XY,z,-0.0625,x,-0.6875,y,0.5625,0.04155453055242604,-0.33813666349872995,-0.379691194051156,0.04000015580667526,0.163674380721008
2003,1.0,20dB_nominal_difference,imag,A23_compressed_feedback,REJECTED_PHYSICAL,XY,z,-0.0625,x,-0.5625,y,0.5625,0.04401700141223197,-0.21647908596986118,-0.2604960873820932,0.04000015580667526,0.163674380721008
2003,1.0,20dB_nominal_difference,imag,A23_compressed_feedback,REJECTED_PHYSICAL,XY,z,-0.0625,x,-0.4375,y,0.5625,0.048436595860168206,-0.08524104148026818,-0.1336776373404364,0.04000015580667526,0.163674380721008
2003,1.0,20dB_nominal_difference,imag,A23_compressed_feedback,REJECTED_PHYSICAL,XY,z,-0.0625,x,-0.3125,y,0.5625,0.05467394860763999,0.04179503632859616,-0.012878912279043829,0.04000015580667526,0.163674380721008
2003,1.0,20dB_nominal_difference,imag,A23_compressed_feedback,REJECTED_PHYSICAL,XY,z,-0.0625,x,-0.1875,y,0.5625,0.06165764159022336,0.1456332303252624,0.08397558873503905,0.04000015580667526,0.163674380721008
2003,1.0,20dB_nominal_difference,imag,A23_compressed_feedback,REJECTED_PHYSICAL,XY,z,-0.0625,x,-0.0625,y,0.5625,0.0673760067132258,0.21054865878324724,0.14317265207002144,0.04000015580667526,0.163674380721008
2003,1.0,20dB_nominal_difference,imag,A23_compressed_feedback,REJECTED_PHYSICAL,XY,z,-0.0625,x,0.0625,y,0.5625,0.06887981651268772,0.2269908515274066,0.1581110350147189,0.04000015580667526,0.163674380721008
2003,1.0,20dB_nominal_difference,imag,A23_compressed_feedback,REJECTED_PHYSICAL,XY,z,-0.0625,x,0.1875,y,0.5625,0.0641626244070744,0.1923172620439456,0.1281546376368712,0.04000015580667526,0.163674380721008
2003,1.0,20dB_nominal_difference,imag,A23_compressed_feedback,REJECTED_PHYSICAL,XY,z,-0.0625,x,0.3125,y,0.5625,0.05529949586953234,0.11034629922875716,0.05504680335922482,0.04000015580667526,0.163674380721008
2003,1.0,20dB_nominal_difference,imag,A23_compressed_feedback,REJECTED_PHYSICAL,XY,z,-0.0625,x,0.4375,y,0.5625,0.04715181215615008,-0.009501800951608949,-0.05665361310775903,0.04000015580667526,0.163674380721008
2003,1.0,20dB_nominal_difference,imag,A23_compressed_feedback,REJECTED_PHYSICAL,XY,z,-0.0625,x,0.5625,y,0.5625,0.042469036992147643,-0.15136387857268768,-0.19383291556483534,0.04000015580667526,0.163674380721008
2003,1.0,20dB_nominal_difference,imag,A23_compressed_feedback,REJECTED_PHYSICAL,XY,z,-0.0625,x,0.6875,y,0.5625,0.04064411430786136,-0.28001654330681824,-0.3206606576146796,0.04000015580667526,0.163674380721008
2003,1.0,20dB_nominal_difference,imag,A23_compressed_feedback,REJECTED_PHYSICAL,XY,z,-0.0625,x,-0.6875,y,0.6875,0.0403989351377876,-0.3069176002362694,-0.347316535374057,0.04000015580667526,0.163674380721008
2003,1.0,20dB_nominal_difference,imag,A23_compressed_feedback,REJECTED_PHYSICAL,XY,z,-0.0625,x,-0.5625,y,0.6875,0.04113120583550842,-0.22568857960875524,-0.26681978544426366,0.04000015580667526,0.163674380721008
2003,1.0,20dB_nominal_difference,imag,A23_compressed_feedback,REJECTED_PHYSICAL,XY,z,-0.0625,x,-0.4375,y,0.6875,0.042630474195134264,-0.09709882238379866,-0.13972929657893293,0.04000015580667526,0.163674380721008
2003,1.0,20dB_nominal_difference,imag,A23_compressed_feedback,REJECTED_PHYSICAL,XY,z,-0.0625,x,-0.3125,y,0.6875,0.045100938048975955,0.03426169315544352,-0.010839244893532433,0.04000015580667526,0.163674380721008
2003,1.0,20dB_nominal_difference,imag,A23_compressed_feedback,REJECTED_PHYSICAL,XY,z,-0.0625,x,-0.1875,y,0.6875,0.04836173594686007,0.13854633844907097,0.09018460250221089,0.04000015580667526,0.163674380721008
2003,1.0,20dB_nominal_difference,imag,A23_compressed_feedback,REJECTED_PHYSICAL,XY,z,-0.0625,x,-0.0625,y,0.6875,0.05145596596372576,0.19530552621347813,0.14384956024975237,0.04000015580667526,0.163674380721008
2003,1.0,20dB_nominal_difference,imag,A23_compressed_feedback,REJECTED_PHYSICAL,XY,z,-0.0625,x,0.0625,y,0.6875,0.05259007729992901,0.19327266979958974,0.14068259249966072,0.04000015580667526,0.163674380721008
2003,1.0,20dB_nominal_difference,imag,A23_compressed_feedback,REJECTED_PHYSICAL,XY,z,-0.0625,x,0.1875,y,0.6875,0.05056723797387832,0.1303158227054299,0.07974858473155158,0.04000015580667526,0.163674380721008
2003,1.0,20dB_nominal_difference,imag,A23_compressed_feedback,REJECTED_PHYSICAL,XY,z,-0.0625,x,0.3125,y,0.6875,0.046542039486185904,0.012209606631610154,-0.03433243285457575,0.04000015580667526,0.163674380721008
2003,1.0,20dB_nominal_difference,imag,A23_compressed_feedback,REJECTED_PHYSICAL,XY,z,-0.0625,x,0.4375,y,0.6875,0.04295074737144104,-0.15008652159149244,-0.1930372689629335,0.04000015580667526,0.163674380721008
2003,1.0,20dB_nominal_difference,imag,A23_compressed_feedback,REJECTED_PHYSICAL,XY,z,-0.0625,x,0.5625,y,0.6875,0.040979898299777905,-0.3444536689652557,-0.3854335672650336,0.04000015580667526,0.163674380721008
2003,1.0,20dB_nominal_difference,imag,A23_compressed_feedback,REJECTED_PHYSICAL,XY,z,-0.0625,x,0.6875,y,0.6875,0.040247123462449144,-0.5441463563985686,-0.5843934798610178,0.04000015580667526,0.163674380721008
2003,1.0,20dB_nominal_difference,imag,A23_compressed_feedback,REJECTED_PHYSICAL,XZ,y,-0.0625,x,-0.6875,z,-0.6875,0.040868546119287474,0.17026044104436888,0.1293918949250814,0.04000015580667526,0.163674380721008
2003,1.0,20dB_nominal_difference,imag,A23_compressed_feedback,REJECTED_PHYSICAL,XZ,y,-0.0625,x,-0.5625,z,-0.6875,0.04222009810644191,0.18536354577249153,0.14314344766604964,0.04000015580667526,0.163674380721008
2003,1.0,20dB_nominal_difference,imag,A23_compressed_feedback,REJECTED_PHYSICAL,XZ,y,-0.0625,x,-0.4375,z,-0.6875,0.0447120270693828,0.15806632563229975,0.11335429856291696,0.04000015580667526,0.163674380721008
2003,1.0,20dB_nominal_difference,imag,A23_compressed_feedback,REJECTED_PHYSICAL,XZ,y,-0.0625,x,-0.3125,z,-0.6875,0.04841723302722367,0.10174859823262955,0.05333136520540588,0.04000015580667526,0.163674380721008
2003,1.0,20dB_nominal_difference,imag,A23_compressed_feedback,REJECTED_PHYSICAL,XZ,y,-0.0625,x,-0.1875,z,-0.6875,0.05265208297165072,0.030068465669185616,-0.022583617302465105,0.04000015580667526,0.163674380721008
2003,1.0,20dB_nominal_difference,imag,A23_compressed_feedback,REJECTED_PHYSICAL,XZ,y,-0.0625,x,-0.0625,z,-0.6875,0.05580939135375661,-0.03944887502958865,-0.09525826638334525,0.04000015580667526,0.163674380721008
2003,1.0,20dB_nominal_difference,imag,A23_compressed_feedback,REJECTED_PHYSICAL,XZ,y,-0.0625,x,0.0625,z,-0.6875,0.05615223530031655,-0.08918924101808118,-0.14534147631839772,0.04000015580667526,0.163674380721008
2003,1.0,20dB_nominal_difference,imag,A23_compressed_feedback,REJECTED_PHYSICAL,XZ,y,-0.0625,x,0.1875,z,-0.6875,0.053298328566675865,-0.10600908064462697,-0.15930740921130282,0.04000015580667526,0.163674380721008
2003,1.0,20dB_nominal_difference,imag,A23_compressed_feedback,REJECTED_PHYSICAL,XZ,y,-0.0625,x,0.3125,z,-0.6875,0.048733998410806056,-0.084859652076897,-0.13359365048770305,0.04000015580667526,0.163674380721008
2003,1.0,20dB_nominal_difference,imag,A23_compressed_feedback,REJECTED_PHYSICAL,XZ,y,-0.0625,x,0.4375,z,-0.6875,0.0445481477333863,-0.029927619516416225,-0.07447576724980252,0.04000015580667526,0.163674380721008
2003,1.0,20dB_nominal_difference,imag,A23_compressed_feedback,REJECTED_PHYSICAL,XZ,y,-0.0625,x,0.5625,z,-0.6875,0.04187161543589744,0.049278282467577074,0.007406667031679637,0.04000015580667526,0.163674380721008
2003,1.0,20dB_nominal_difference,imag,A23_compressed_feedback,REJECTED_PHYSICAL,XZ,y,-0.0625,x,0.6875,z,-0.6875,0.040607611136299245,0.15671841369069417,0.11611080255439493,0.04000015580667526,0.163674380721008
2003,1.0,20dB_nominal_difference,imag,A23_compressed_feedback,REJECTED_PHYSICAL,XZ,y,-0.0625,x,-0.6875,z,-0.5625,0.04221584655752198,0.13196339496374698,0.08974754840622501,0.04000015580667526,0.163674380721008
2003,1.0,20dB_nominal_difference,imag,A23_compressed_feedback,REJECTED_PHYSICAL,XZ,y,-0.0625,x,-0.5625,z,-0.5625,0.04537201392835385,0.19958392548236448,0.15421191155401062,0.04000015580667526,0.163674380721008
2003,1.0,20dB_nominal_difference,imag,A23_compressed_feedback,REJECTED_PHYSICAL,XZ,y,-0.0625,x,-0.4375,z,-0.5625,0.05071678855161721,0.22963663284492367,0.17891984429330646,0.04000015580667526,0.163674380721008
2003,1.0,20dB_nominal_difference,imag,A23_compressed_feedback,REJECTED_PHYSICAL,XZ,y,-0.0625,x,-0.3125,z,-0.5625,0.057982990428343366,0.22770129991108573,0.16971830948274236,0.04000015580667526,0.163674380721008
2003,1.0,20dB_nominal_difference,imag,A23_compressed_feedback,REJECTED_PHYSICAL,XZ,y,-0.0625,x,-0.1875,z,-0.5625,0.06563524444284853,0.2031689897443646,0.13753374530151607,0.04000015580667526,0.163674380721008
2003,1.0,20dB_nominal_difference,imag,A23_compressed_feedback,REJECTED_PHYSICAL,XZ,y,-0.0625,x,-0.0625,z,-0.5625,0.07084440738469061,0.16877969492007572,0.09793528753538511,0.04000015580667526,0.163674380721008
2003,1.0,20dB_nominal_difference,imag,A23_compressed_feedback,REJECTED_PHYSICAL,XZ,y,-0.0625,x,0.0625,z,-0.5625,0.07078856422164018,0.1379894075443006,0.06720084332266044,0.04000015580667526,0.163674380721008
2003,1.0,20dB_nominal_difference,imag,A23_compressed_feedback,REJECTED_PHYSICAL,XZ,y,-0.0625,x,0.1875,z,-0.5625,0.06502681023437898,0.1214739704680147,0.05644716023363572,0.04000015580667526,0.163674380721008
2003,1.0,20dB_nominal_difference,imag,A23_compressed_feedback,REJECTED_PHYSICAL,XZ,y,-0.0625,x,0.3125,z,-0.5625,0.05633149145312438,0.12406627151407165,0.06773478006094727,0.04000015580667526,0.163674380721008
2003,1.0,20dB_nominal_difference,imag,A23_compressed_feedback,REJECTED_PHYSICAL,XZ,y,-0.0625,x,0.4375,z,-0.5625,0.04847862952345985,0.14312109245628546,0.0946424629328256,0.04000015580667526,0.163674380721008
2003,1.0,20dB_nominal_difference,imag,A23_compressed_feedback,REJECTED_PHYSICAL,XZ,y,-0.0625,x,0.5625,z,-0.5625,0.04348423389284176,0.1683027294482153,0.12481849555537355,0.04000015580667526,0.163674380721008
2003,1.0,20dB_nominal_difference,imag,A23_compressed_feedback,REJECTED_PHYSICAL,XZ,y,-0.0625,x,0.6875,z,-0.5625,0.04113043077314255,0.17419863814622313,0.1330682073730806,0.04000015580667526,0.163674380721008
2003,1.0,20dB_nominal_difference,imag,A23_compressed_feedback,REJECTED_PHYSICAL,XZ,y,-0.0625,x,-0.6875,z,-0.4375,0.044760832984435284,0.07365681693562733,0.028895983951192042,0.04000015580667526,0.163674380721008
2003,1.0,20dB_nominal_difference,imag,A23_compressed_feedback,REJECTED_PHYSICAL,XZ,y,-0.0625,x,-0.5625,z,-0.4375,0.05097234152675774,0.18492098244758534,0.1339486409208276,0.04000015580667526,0.163674380721008
2003,1.0,20dB_nominal_difference,imag,A23_compressed_feedback,REJECTED_PHYSICAL,XZ,y,-0.0625,x,-0.4375,z,-0.4375,0.06058950189645872,0.26461111808965526,0.20402161619319653,0.04000015580667526,0.163674380721008
2003,1.0,20dB_nominal_difference,imag,A23_compressed_feedback,REJECTED_PHYSICAL,XZ,y,-0.0625,x,-0.3125,z,-0.4375,0.07229706179483097,0.3105800663520409,0.2382830045572099,0.04000015580667526,0.163674380721008
2003,1.0,20dB_nominal_difference,imag,A23_compressed_feedback,REJECTED_PHYSICAL,XZ,y,-0.0625,x,-0.1875,z,-0.4375,0.08321225008554131,0.3263538618219576,0.24314161173641627,0.04000015580667526,0.163674380721008
2003,1.0,20dB_nominal_difference,imag,A23_compressed_feedback,REJECTED_PHYSICAL,XZ,y,-0.0625,x,-0.0625,z,-0.4375,0.08947757634277925,0.320152255432646,0.23067467908986677,0.04000015580667526,0.163674380721008
2003,1.0,20dB_nominal_difference,imag,A23_compressed_feedback,REJECTED_PHYSICAL,XZ,y,-0.0625,x,0.0625,z,-0.4375,0.08780263780404378,0.3020192362122431,0.2142165984081993,0.04000015580667526,0.163674380721008
2003,1.0,20dB_nominal_difference,imag,A23_compressed_feedback,REJECTED_PHYSICAL,XZ,y,-0.0625,x,0.1875,z,-0.4375,0.07814005141491473,0.28076133850888535,0.20262128709397062,0.04000015580667526,0.163674380721008
2003,1.0,20dB_nominal_difference,imag,A23_compressed_feedback,REJECTED_PHYSICAL,XZ,y,-0.0625,x,0.3125,z,-0.4375,0.06465242797003427,0.2611388981298316,0.1964864701597973,0.04000015580667526,0.163674380721008
2003,1.0,20dB_nominal_difference,imag,A23_compressed_feedback,REJECTED_PHYSICAL,XZ,y,-0.0625,x,0.4375,z,-0.4375,0.05274038362482215,0.2418225566110613,0.18908217298623917,0.04000015580667526,0.163674380721008
2003,1.0,20dB_nominal_difference,imag,A23_compressed_feedback,REJECTED_PHYSICAL,XZ,y,-0.0625,x,0.5625,z,-0.4375,0.04522422040017787,0.21403179738314035,0.16880757698296248,0.04000015580667526,0.163674380721008
2003,1.0,20dB_nominal_difference,imag,A23_compressed_feedback,REJECTED_PHYSICAL,XZ,y,-0.0625,x,0.6875,z,-0.4375,0.04169297622588275,0.1577854336284812,0.11609245740259844,0.04000015580667526,0.163674380721008
2003,1.0,20dB_nominal_difference,imag,A23_compressed_feedback,REJECTED_PHYSICAL,XZ,y,-0.0625,x,-0.6875,z,-0.3125,0.04917107194785049,0.00014361433490867048,-0.04902745761294182,0.04000015580667526,0.163674380721008
2003,1.0,20dB_nominal_difference,imag,A23_compressed_feedback,REJECTED_PHYSICAL,XZ,y,-0.0625,x,-0.5625,z,-0.3125,0.05989004669962481,0.14656082120549263,0.08667077450586783,0.04000015580667526,0.163674380721008
2003,1.0,20dB_nominal_difference,imag,A23_compressed_feedback,REJECTED_PHYSICAL,XZ,y,-0.0625,x,-0.4375,z,-0.3125,0.07486064583305016,0.26515593847225943,0.19029529263920927,0.04000015580667526,0.163674380721008
2003,1.0,20dB_nominal_difference,imag,A23_compressed_feedback,REJECTED_PHYSICAL,XZ,y,-0.0625,x,-0.3125,z,-0.3125,0.09061665783399465,0.349551488859764,0.25893483102576936,0.04000015580667526,0.163674380721008
2003,1.0,20dB_nominal_difference,imag,A23_compressed_feedback,REJECTED_PHYSICAL,XZ,y,-0.0625,x,-0.1875,z,-0.3125,0.10255800251012556,0.3981213273122029,0.29556332480207737,0.04000015580667526,0.163674380721008
2003,1.0,20dB_nominal_difference,imag,A23_compressed_feedback,REJECTED_PHYSICAL,XZ,y,-0.0625,x,-0.0625,z,-0.3125,0.10686540387131938,0.4148059341549013,0.3079405302835819,0.04000015580667526,0.163674380721008
2003,1.0,20dB_nominal_difference,imag,A23_compressed_feedback,REJECTED_PHYSICAL,XZ,y,-0.0625,x,0.0625,z,-0.3125,0.10149597782682143,0.40652956316695477,0.30503358534013336,0.04000015580667526,0.163674380721008
2003,1.0,20dB_nominal_difference,imag,A23_compressed_feedback,REJECTED_PHYSICAL,XZ,y,-0.0625,x,0.1875,z,-0.3125,0.08763754408000403,0.3805126638759311,0.29287511979592706,0.04000015580667526,0.163674380721008
2003,1.0,20dB_nominal_difference,imag,A23_compressed_feedback,REJECTED_PHYSICAL,XZ,y,-0.0625,x,0.3125,z,-0.3125,0.07032323597029262,0.3417837117351915,0.2714604757648989,0.04000015580667526,0.163674380721008
2003,1.0,20dB_nominal_difference,imag,A23_compressed_feedback,REJECTED_PHYSICAL,XZ,y,-0.0625,x,0.4375,z,-0.3125,0.05555591623992474,0.29129222918472747,0.23573631294480274,0.04000015580667526,0.163674380721008
2003,1.0,20dB_nominal_difference,imag,A23_compressed_feedback,REJECTED_PHYSICAL,XZ,y,-0.0625,x,0.5625,z,-0.3125,0.04635332669642458,0.2249251600824694,0.17857183338604482,0.04000015580667526,0.163674380721008
2003,1.0,20dB_nominal_difference,imag,A23_compressed_feedback,REJECTED_PHYSICAL,XZ,y,-0.0625,x,0.6875,z,-0.3125,0.042052654777351046,0.13389891862967027,0.09184626385231923,0.04000015580667526,0.163674380721008
2003,1.0,20dB_nominal_difference,imag,A23_compressed_feedback,REJECTED_PHYSICAL,XZ,y,-0.0625,x,-0.6875,z,-0.1875,0.05687032824262196,-0.06694582898612492,-0.12381615722874688,0.04000015580667526,0.163674380721008
2003,1.0,20dB_nominal_difference,imag,A23_compressed_feedback,REJECTED_PHYSICAL,XZ,y,-0.0625,x,-0.5625,z,-0.1875,0.07407196069512947,0.10133147799567174,0.02725951730054227,0.04000015580667526,0.163674380721008
2003,1.0,20dB_nominal_difference,imag,A23_compressed_feedback,REJECTED_PHYSICAL,XZ,y,-0.0625,x,-0.4375,z,-0.1875,0.09537474528183924,0.2446260887405445,0.14925134345870528,0.04000015580667526,0.163674380721008
2003,1.0,20dB_nominal_difference,imag,A23_compressed_feedback,REJECTED_PHYSICAL,XZ,y,-0.0625,x,-0.3125,z,-0.1875,0.1137479120362945,0.35403631453281525,0.24028840249652075,0.04000015580667526,0.163674380721008
2003,1.0,20dB_nominal_difference,imag,A23_compressed_feedback,REJECTED_PHYSICAL,XZ,y,-0.0625,x,-0.1875,z,-0.1875,0.12273581252557511,0.4244199081624166,0.3016840956368415,0.04000015580667526,0.163674380721008
2003,1.0,20dB_nominal_difference,imag,A23_compressed_feedback,REJECTED_PHYSICAL,XZ,y,-0.0625,x,-0.0625,z,-0.1875,0.12039390610244413,0.45642492515964805,0.3360310190572039,0.04000015580667526,0.163674380721008
2003,1.0,20dB_nominal_difference,imag,A23_compressed_feedback,REJECTED_PHYSICAL,XZ,y,-0.0625,x,0.0625,z,-0.1875,0.10848567352746008,0.4545263428649094,0.3460406693374493,0.04000015580667526,0.163674380721008
2003,1.0,20dB_nominal_difference,imag,A23_compressed_feedback,REJECTED_PHYSICAL,XZ,y,-0.0625,x,0.1875,z,-0.1875,0.09051962970415701,0.42481371098227905,0.33429408127812205,0.04000015580667526,0.163674380721008
2003,1.0,20dB_nominal_difference,imag,A23_compressed_feedback,REJECTED_PHYSICAL,XZ,y,-0.0625,x,0.3125,z,-0.1875,0.07135899873717674,0.37288876985954994,0.3015297711223732,0.04000015580667526,0.163674380721008
2003,1.0,20dB_nominal_difference,imag,A23_compressed_feedback,REJECTED_PHYSICAL,XZ,y,-0.0625,x,0.4375,z,-0.1875,0.05589750171102202,0.3022433730478149,0.24634587133679287,0.04000015580667526,0.163674380721008
2003,1.0,20dB_nominal_difference,imag,A23_compressed_feedback,REJECTED_PHYSICAL,XZ,y,-0.0625,x,0.5625,z,-0.1875,0.04644062754636923,0.2134267038326001,0.16698607628623086,0.04000015580667526,0.163674380721008
2003,1.0,20dB_nominal_difference,imag,A23_compressed_feedback,REJECTED_PHYSICAL,XZ,y,-0.0625,x,0.6875,z,-0.1875,0.042061682261814066,0.10820128425013992,0.06613960198832586,0.04000015580667526,0.163674380721008
2003,1.0,20dB_nominal_difference,imag,A23_compressed_feedback,REJECTED_PHYSICAL,XZ,y,-0.0625,x,-0.6875,z,-0.0625,0.06749798464259113,-0.1122474331248948,-0.17974541776748593,0.04000015580667526,0.163674380721008
2003,1.0,20dB_nominal_difference,imag,A23_compressed_feedback,REJECTED_PHYSICAL,XZ,y,-0.0625,x,-0.5625,z,-0.0625,0.0924583346322828,0.061891603700477756,-0.030566730931805043,0.04000015580667526,0.163674380721008
2003,1.0,20dB_nominal_difference,imag,A23_compressed_feedback,REJECTED_PHYSICAL,XZ,y,-0.0625,x,-0.4375,z,-0.0625,0.12022275489155235,0.2140425608933851,0.09381980600183276,0.04000015580667526,0.163674380721008
2003,1.0,20dB_nominal_difference,imag,A23_compressed_feedback,REJECTED_PHYSICAL,XZ,y,-0.0625,x,-0.3125,z,-0.0625,0.13941173146332025,0.3337540509032343,0.19434231943991404,0.04000015580667526,0.163674380721008
2003,1.0,20dB_nominal_difference,imag,A23_compressed_feedback,REJECTED_PHYSICAL,XZ,y,-0.0625,x,-0.1875,z,-0.0625,0.14204895694150824,0.41401565729420214,0.2719667003526939,0.04000015580667526,0.163674380721008
2003,1.0,20dB_nominal_difference,imag,A23_compressed_feedback,REJECTED_PHYSICAL,XZ,y,-0.0625,x,-0.0625,z,-0.0625,0.1296726376248023,0.45344828663966646,0.32377564901486416,0.04000015580667526,0.163674380721008
2003,1.0,20dB_nominal_difference,imag,A23_compressed_feedback,REJECTED_PHYSICAL,XZ,y,-0.0625,x,0.0625,z,-0.0625,0.10968324680704317,0.4549190542322499,0.3452358074252067,0.04000015580667526,0.163674380721008
2003,1.0,20dB_nominal_difference,imag,A23_compressed_feedback,REJECTED_PHYSICAL,XZ,y,-0.0625,x,0.1875,z,-0.0625,0.08836681093770062,0.42380245011293016,0.33543563917522956,0.04000015580667526,0.163674380721008
2003,1.0,20dB_nominal_difference,imag,A23_compressed_feedback,REJECTED_PHYSICAL,XZ,y,-0.0625,x,0.3125,z,-0.0625,0.0692222961257432,0.36623763634778017,0.29701534022203696,0.04000015580667526,0.163674380721008
2003,1.0,20dB_nominal_difference,imag,A23_compressed_feedback,REJECTED_PHYSICAL,XZ,y,-0.0625,x,0.4375,z,-0.0625,0.05466901134123281,0.28769356734497165,0.23302455600373884,0.04000015580667526,0.163674380721008
2003,1.0,20dB_nominal_difference,imag,A23_compressed_feedback,REJECTED_PHYSICAL,XZ,y,-0.0625,x,0.5625,z,-0.0625,0.045872837212520334,0.1920563902189693,0.14618355300644897,0.04000015580667526,0.163674380721008
2003,1.0,20dB_nominal_difference,imag,A23_compressed_feedback,REJECTED_PHYSICAL,XZ,y,-0.0625,x,0.6875,z,-0.0625,0.0418360047357586,0.08975561801098297,0.04791961327522437,0.04000015580667526,0.163674380721008
2003,1.0,20dB_nominal_difference,imag,A23_compressed_feedback,REJECTED_PHYSICAL,XZ,y,-0.0625,x,-0.6875,z,0.0625,0.07352666874344685,-0.12998781943723367,-0.20351448818068052,0.04000015580667526,0.163674380721008
2003,1.0,20dB_nominal_difference,imag,A23_compressed_feedback,REJECTED_PHYSICAL,XZ,y,-0.0625,x,-0.5625,z,0.0625,0.10197653608310518,0.03390039552139243,-0.06807614056171275,0.04000015580667526,0.163674380721008
2003,1.0,20dB_nominal_difference,imag,A23_compressed_feedback,REJECTED_PHYSICAL,XZ,y,-0.0625,x,-0.4375,z,0.0625,0.13158217797302782,0.17948156405824855,0.047899386085220735,0.04000015580667526,0.163674380721008
2003,1.0,20dB_nominal_difference,imag,A23_compressed_feedback,REJECTED_PHYSICAL,XZ,y,-0.0625,x,-0.3125,z,0.0625,0.14885459049243033,0.29557941493476114,0.14672482444233081,0.04000015580667526,0.163674380721008
2003,1.0,20dB_nominal_difference,imag,A23_compressed_feedback,REJECTED_PHYSICAL,XZ,y,-0.0625,x,-0.1875,z,0.0625,0.14584067406802456,0.3747701120285933,0.22892943796056872,0.04000015580667526,0.163674380721008
2003,1.0,20dB_nominal_difference,imag,A23_compressed_feedback,REJECTED_PHYSICAL,XZ,y,-0.0625,x,-0.0625,z,0.0625,0.12710625397589592,0.41487143056081865,0.28776517658492273,0.04000015580667526,0.163674380721008
2003,1.0,20dB_nominal_difference,imag,A23_compressed_feedback,REJECTED_PHYSICAL,XZ,y,-0.0625,x,0.0625,z,0.0625,0.10384142445224848,0.41794840026548,0.31410697581323155,0.04000015580667526,0.163674380721008
2003,1.0,20dB_nominal_difference,imag,A23_compressed_feedback,REJECTED_PHYSICAL,XZ,y,-0.0625,x,0.1875,z,0.0625,0.08324132260189218,0.3889332315148826,0.3056919089129905,0.04000015580667526,0.163674380721008
2003,1.0,20dB_nominal_difference,imag,A23_compressed_feedback,REJECTED_PHYSICAL,XZ,y,-0.0625,x,0.3125,z,0.0625,0.06642672268290688,0.33415573452224256,0.2677290118393357,0.04000015580667526,0.163674380721008
2003,1.0,20dB_nominal_difference,imag,A23_compressed_feedback,REJECTED_PHYSICAL,XZ,y,-0.0625,x,0.4375,z,0.0625,0.05351589426070151,0.26003330603049635,0.20651741176979482,0.04000015580667526,0.163674380721008
2003,1.0,20dB_nominal_difference,imag,A23_compressed_feedback,REJECTED_PHYSICAL,XZ,y,-0.0625,x,0.5625,z,0.0625,0.045395872884410444,0.1720781290393459,0.12668225615493547,0.04000015580667526,0.163674380721008
2003,1.0,20dB_nominal_difference,imag,A23_compressed_feedback,REJECTED_PHYSICAL,XZ,y,-0.0625,x,0.6875,z,0.0625,0.041625311185978495,0.08672395304683597,0.04509864186085748,0.04000015580667526,0.163674380721008
2003,1.0,20dB_nominal_difference,imag,A23_compressed_feedback,REJECTED_PHYSICAL,XZ,y,-0.0625,x,-0.6875,z,0.1875,0.06714423765810743,-0.12386722267664449,-0.19101146033475191,0.04000015580667526,0.163674380721008
2003,1.0,20dB_nominal_difference,imag,A23_compressed_feedback,REJECTED_PHYSICAL,XZ,y,-0.0625,x,-0.5625,z,0.1875,0.0895198730425033,0.01562674115796058,-0.07389313188454272,0.04000015580667526,0.163674380721008
2003,1.0,20dB_nominal_difference,imag,A23_compressed_feedback,REJECTED_PHYSICAL,XZ,y,-0.0625,x,-0.4375,z,0.1875,0.11210075755277904,0.14129529215554498,0.029194534602765942,0.04000015580667526,0.163674380721008
2003,1.0,20dB_nominal_difference,imag,A23_compressed_feedback,REJECTED_PHYSICAL,XZ,y,-0.0625,x,-0.3125,z,0.1875,0.12416701168535199,0.24211144334939336,0.11794443166404137,0.04000015580667526,0.163674380721008
2003,1.0,20dB_nominal_difference,imag,A23_compressed_feedback,REJECTED_PHYSICAL,XZ,y,-0.0625,x,-0.1875,z,0.1875,0.12008214277521684,0.3114482845627647,0.19136614178754785,0.04000015580667526,0.163674380721008
2003,1.0,20dB_nominal_difference,imag,A23_compressed_feedback,REJECTED_PHYSICAL,XZ,y,-0.0625,x,-0.0625,z,0.1875,0.10479805916046792,0.3473671815971777,0.2425691224367098,0.04000015580667526,0.163674380721008
2003,1.0,20dB_nominal_difference,imag,A23_compressed_feedback,REJECTED_PHYSICAL,XZ,y,-0.0625,x,0.0625,z,0.1875,0.08811085263279346,0.35180482260735724,0.2636939699745638,0.04000015580667526,0.163674380721008
2003,1.0,20dB_nominal_difference,imag,A23_compressed_feedback,REJECTED_PHYSICAL,XZ,y,-0.0625,x,0.1875,z,0.1875,0.07466992176894928,0.32937686863785703,0.25470694686890777,0.04000015580667526,0.163674380721008
2003,1.0,20dB_nominal_difference,imag,A23_compressed_feedback,REJECTED_PHYSICAL,XZ,y,-0.0625,x,0.3125,z,0.1875,0.06302444230798135,0.28606689423789206,0.2230424519299107,0.04000015580667526,0.163674380721008
2003,1.0,20dB_nominal_difference,imag,A23_compressed_feedback,REJECTED_PHYSICAL,XZ,y,-0.0625,x,0.4375,z,0.1875,0.05250515280157601,0.22801345089222655,0.17550829809065055,0.04000015580667526,0.163674380721008
2003,1.0,20dB_nominal_difference,imag,A23_compressed_feedback,REJECTED_PHYSICAL,XZ,y,-0.0625,x,0.5625,z,0.1875,0.04507929266824712,0.16054943143961325,0.11547013877136614,0.04000015580667526,0.163674380721008
2003,1.0,20dB_nominal_difference,imag,A23_compressed_feedback,REJECTED_PHYSICAL,XZ,y,-0.0625,x,0.6875,z,0.1875,0.041485366054059905,0.10267460307875428,0.06118923702469438,0.04000015580667526,0.163674380721008
2003,1.0,20dB_nominal_difference,imag,A23_compressed_feedback,REJECTED_PHYSICAL,XZ,y,-0.0625,x,-0.6875,z,0.3125,0.05390651871214417,-0.10403001805375955,-0.15793653676590372,0.04000015580667526,0.163674380721008
2003,1.0,20dB_nominal_difference,imag,A23_compressed_feedback,REJECTED_PHYSICAL,XZ,y,-0.0625,x,-0.5625,z,0.3125,0.0653292034277991,9.573848091545822e-05,-0.06523346494688365,0.04000015580667526,0.163674380721008
2003,1.0,20dB_nominal_difference,imag,A23_compressed_feedback,REJECTED_PHYSICAL,XZ,y,-0.0625,x,-0.4375,z,0.3125,0.07677966746806002,0.09552891911486856,0.018749251646808546,0.04000015580667526,0.163674380721008
2003,1.0,20dB_nominal_difference,imag,A23_compressed_feedback,REJECTED_PHYSICAL,XZ,y,-0.0625,x,-0.3125,z,0.3125,0.08280014782938795,0.17230777362625646,0.08950762579686851,0.04000015580667526,0.163674380721008
2003,1.0,20dB_nominal_difference,imag,A23_compressed_feedback,REJECTED_PHYSICAL,XZ,y,-0.0625,x,-0.1875,z,0.3125,0.08084317684974168,0.22552932966835207,0.1446861528186104,0.04000015580667526,0.163674380721008
2003,1.0,20dB_nominal_difference,imag,A23_compressed_feedback,REJECTED_PHYSICAL,XZ,y,-0.0625,x,-0.0625,z,0.3125,0.07416613181928422,0.25434781795381245,0.18018168613452823,0.04000015580667526,0.163674380721008
2003,1.0,20dB_nominal_difference,imag,A23_compressed_feedback,REJECTED_PHYSICAL,XZ,y,-0.0625,x,0.0625,z,0.3125,0.06806018785379539,0.26112159090720033,0.19306140305340494,0.04000015580667526,0.163674380721008
2003,1.0,20dB_nominal_difference,imag,A23_compressed_feedback,REJECTED_PHYSICAL,XZ,y,-0.0625,x,0.1875,z,0.3125,0.06350758778749918,0.25018999889955607,0.18668241111205688,0.04000015580667526,0.163674380721008
2003,1.0,20dB_nominal_difference,imag,A23_compressed_feedback,REJECTED_PHYSICAL,XZ,y,-0.0625,x,0.3125,z,0.3125,0.05769976776649599,0.2265922837498575,0.1688925159833615,0.04000015580667526,0.163674380721008
2003,1.0,20dB_nominal_difference,imag,A23_compressed_feedback,REJECTED_PHYSICAL,XZ,y,-0.0625,x,0.4375,z,0.3125,0.05031116758476582,0.1949230431714588,0.14461187558669297,0.04000015580667526,0.163674380721008
2003,1.0,20dB_nominal_difference,imag,A23_compressed_feedback,REJECTED_PHYSICAL,XZ,y,-0.0625,x,0.5625,z,0.3125,0.04429057995577233,0.15849261950981194,0.11420203955403961,0.04000015580667526,0.163674380721008
2003,1.0,20dB_nominal_difference,imag,A23_compressed_feedback,REJECTED_PHYSICAL,XZ,y,-0.0625,x,0.6875,z,0.3125,0.041239463134287634,0.13469817970137532,0.09345871656708768,0.04000015580667526,0.163674380721008
2003,1.0,20dB_nominal_difference,imag,A23_compressed_feedback,REJECTED_PHYSICAL,XZ,y,-0.0625,x,-0.6875,z,0.4375,0.044500975721786656,-0.08196753993071973,-0.12646851565250639,0.04000015580667526,0.163674380721008
2003,1.0,20dB_nominal_difference,imag,A23_compressed_feedback,REJECTED_PHYSICAL,XZ,y,-0.0625,x,-0.5625,z,0.4375,0.048269707702681894,-0.020880517949627635,-0.06915022565230952,0.04000015580667526,0.163674380721008
2003,1.0,20dB_nominal_difference,imag,A23_compressed_feedback,REJECTED_PHYSICAL,XZ,y,-0.0625,x,-0.4375,z,0.4375,0.052096693395578195,0.03716371581889256,-0.014932977576685637,0.04000015580667526,0.163674380721008
2003,1.0,20dB_nominal_difference,imag,A23_compressed_feedback,REJECTED_PHYSICAL,XZ,y,-0.0625,x,-0.3125,z,0.4375,0.05421312105519292,0.08393829796443977,0.02972517690924685,0.04000015580667526,0.163674380721008
2003,1.0,20dB_nominal_difference,imag,A23_compressed_feedback,REJECTED_PHYSICAL,XZ,y,-0.0625,x,-0.1875,z,0.4375,0.053976505744027424,0.11687695977909729,0.06290045403506986,0.04000015580667526,0.163674380721008
2003,1.0,20dB_nominal_difference,imag,A23_compressed_feedback,REJECTED_PHYSICAL,XZ,y,-0.0625,x,-0.0625,z,0.4375,0.052901713255917505,0.13694394961581197,0.08404223635989447,0.04000015580667526,0.163674380721008
2003,1.0,20dB_nominal_difference,imag,A23_compressed_feedback,REJECTED_PHYSICAL,XZ,y,-0.0625,x,0.0625,z,0.4375,0.052833162430101395,0.14741850577395865,0.09458534334385726,0.04000015580667526,0.163674380721008
2003,1.0,20dB_nominal_difference,imag,A23_compressed_feedback,REJECTED_PHYSICAL,XZ,y,-0.0625,x,0.1875,z,0.4375,0.05298666431148315,0.15241693573915566,0.09943027142767251,0.04000015580667526,0.163674380721008
2003,1.0,20dB_nominal_difference,imag,A23_compressed_feedback,REJECTED_PHYSICAL,XZ,y,-0.0625,x,0.3125,z,0.4375,0.050928911120852655,0.15552127652334596,0.10459236540249331,0.04000015580667526,0.163674380721008
2003,1.0,20dB_nominal_difference,imag,A23_compressed_feedback,REJECTED_PHYSICAL,XZ,y,-0.0625,x,0.4375,z,0.4375,0.04669643813224138,0.158650678691911,0.11195424055966961,0.04000015580667526,0.163674380721008
2003,1.0,20dB_nominal_difference,imag,A23_compressed_feedback,REJECTED_PHYSICAL,XZ,y,-0.0625,x,0.5625,z,0.4375,0.042835424120290524,0.16122935654666495,0.11839393242637443,0.04000015580667526,0.163674380721008
2003,1.0,20dB_nominal_difference,imag,A23_compressed_feedback,REJECTED_PHYSICAL,XZ,y,-0.0625,x,0.6875,z,0.4375,0.04081643421012246,0.17394950977500206,0.1331330755648796,0.04000015580667526,0.163674380721008
2003,1.0,20dB_nominal_difference,imag,A23_compressed_feedback,REJECTED_PHYSICAL,XZ,y,-0.0625,x,-0.6875,z,0.5625,0.04096100551460784,-0.064888511426694,-0.10584951694130183,0.04000015580667526,0.163674380721008
2003,1.0,20dB_nominal_difference,imag,A23_compressed_feedback,REJECTED_PHYSICAL,XZ,y,-0.0625,x,-0.5625,z,0.5625,0.04180528841383625,-0.05208389828882024,-0.0938891867026565,0.04000015580667526,0.163674380721008
2003,1.0,20dB_nominal_difference,imag,A23_compressed_feedback,REJECTED_PHYSICAL,XZ,y,-0.0625,x,-0.4375,z,0.5625,0.04269270665803189,-0.03583354553137701,-0.0785262521894089,0.04000015580667526,0.163674380721008
2003,1.0,20dB_nominal_difference,imag,A23_compressed_feedback,REJECTED_PHYSICAL,XZ,y,-0.0625,x,-0.3125,z,0.5625,0.04324688563696843,-0.02303133044880478,-0.06627821608577321,0.04000015580667526,0.163674380721008
2003,1.0,20dB_nominal_difference,imag,A23_compressed_feedback,REJECTED_PHYSICAL,XZ,y,-0.0625,x,-0.1875,z,0.5625,0.043422648525272556,-0.013476402719954046,-0.0568990512452266,0.04000015580667526,0.163674380721008
2003,1.0,20dB_nominal_difference,imag,A23_compressed_feedback,REJECTED_PHYSICAL,XZ,y,-0.0625,x,-0.0625,z,0.5625,0.04377263759328565,-0.0036963148021605455,-0.0474689523954462,0.04000015580667526,0.163674380721008
2003,1.0,20dB_nominal_difference,imag,A23_compressed_feedback,REJECTED_PHYSICAL,XZ,y,-0.0625,x,0.0625,z,0.5625,0.044748319910175055,0.011026733298397904,-0.033721586611777155,0.04000015580667526,0.163674380721008
2003,1.0,20dB_nominal_difference,imag,A23_compressed_feedback,REJECTED_PHYSICAL,XZ,y,-0.0625,x,0.1875,z,0.5625,0.045610085812071065,0.03475612399974565,-0.010853961812325418,0.04000015580667526,0.163674380721008
2003,1.0,20dB_nominal_difference,imag,A23_compressed_feedback,REJECTED_PHYSICAL,XZ,y,-0.0625,x,0.3125,z,0.5625,0.04505851249574622,0.06937813637482176,0.024319623879075547,0.04000015580667526,0.163674380721008
2003,1.0,20dB_nominal_difference,imag,A23_compressed_feedback,REJECTED_PHYSICAL,XZ,y,-0.0625,x,0.4375,z,0.5625,0.04318510973649635,0.11348883488116973,0.07030372514467338,0.04000015580667526,0.163674380721008
2003,1.0,20dB_nominal_difference,imag,A23_compressed_feedback,REJECTED_PHYSICAL,XZ,y,-0.0625,x,0.5625,z,0.5625,0.04136102396334508,0.161252465645859,0.11989144168251391,0.04000015580667526,0.163674380721008
2003,1.0,20dB_nominal_difference,imag,A23_compressed_feedback,REJECTED_PHYSICAL,XZ,y,-0.0625,x,0.6875,z,0.5625,0.04039155072071468,0.20977559796652315,0.16938404724580847,0.04000015580667526,0.163674380721008
2003,1.0,20dB_nominal_difference,imag,A23_compressed_feedback,REJECTED_PHYSICAL,XZ,y,-0.0625,x,-0.6875,z,0.6875,0.040151040240932384,-0.052687638876636335,-0.09283867911756871,0.04000015580667526,0.163674380721008
2003,1.0,20dB_nominal_difference,imag,A23_compressed_feedback,REJECTED_PHYSICAL,XZ,y,-0.0625,x,-0.5625,z,0.6875,0.04029475423801019,-0.09285717749302602,-0.1331519317310362,0.04000015580667526,0.163674380721008
2003,1.0,20dB_nominal_difference,imag,A23_compressed_feedback,REJECTED_PHYSICAL,XZ,y,-0.0625,x,-0.4375,z,0.6875,0.04045410025203013,-0.12281019401017795,-0.1632642942622081,0.04000015580667526,0.163674380721008
2003,1.0,20dB_nominal_difference,imag,A23_compressed_feedback,REJECTED_PHYSICAL,XZ,y,-0.0625,x,-0.3125,z,0.6875,0.04057196991487958,-0.1494833000332453,-0.19005526994812488,0.04000015580667526,0.163674380721008
2003,1.0,20dB_nominal_difference,imag,A23_compressed_feedback,REJECTED_PHYSICAL,XZ,y,-0.0625,x,-0.1875,z,0.6875,0.04067276101489203,-0.16861167985363257,-0.2092844408685246,0.04000015580667526,0.163674380721008
2003,1.0,20dB_nominal_difference,imag,A23_compressed_feedback,REJECTED_PHYSICAL,XZ,y,-0.0625,x,-0.0625,z,0.6875,0.040917716302072485,-0.17295703919002958,-0.21387475549210205,0.04000015580667526,0.163674380721008
2003,1.0,20dB_nominal_difference,imag,A23_compressed_feedback,REJECTED_PHYSICAL,XZ,y,-0.0625,x,0.0625,z,0.6875,0.041395169046768814,-0.15539706360236252,-0.19679223264913134,0.04000015580667526,0.163674380721008
2003,1.0,20dB_nominal_difference,imag,A23_compressed_feedback,REJECTED_PHYSICAL,XZ,y,-0.0625,x,0.1875,z,0.6875,0.04180184258442024,-0.11139001845354413,-0.15319186103796437,0.04000015580667526,0.163674380721008
2003,1.0,20dB_nominal_difference,imag,A23_compressed_feedback,REJECTED_PHYSICAL,XZ,y,-0.0625,x,0.3125,z,0.6875,0.04167977193876244,-0.04065740878189974,-0.08233718072066218,0.04000015580667526,0.163674380721008
2003,1.0,20dB_nominal_difference,imag,A23_compressed_feedback,REJECTED_PHYSICAL,XZ,y,-0.0625,x,0.4375,z,0.6875,0.04107070651421806,0.051997407904283144,0.010926701390065081,0.04000015580667526,0.163674380721008
2003,1.0,20dB_nominal_difference,imag,A23_compressed_feedback,REJECTED_PHYSICAL,XZ,y,-0.0625,x,0.5625,z,0.6875,0.04045933782440102,0.1562487039373592,0.11578936611295819,0.04000015580667526,0.163674380721008
2003,1.0,20dB_nominal_difference,imag,A23_compressed_feedback,REJECTED_PHYSICAL,XZ,y,-0.0625,x,0.6875,z,0.6875,0.040132083546331514,0.25314771636227973,0.2130156328159482,0.04000015580667526,0.163674380721008
2003,1.0,20dB_nominal_difference,imag,A23_compressed_feedback,REJECTED_PHYSICAL,YZ,x,-0.0625,y,-0.6875,z,-0.6875,0.0400885798665571,-0.09972111004758943,-0.13980968991414655,0.04000015580667526,0.163674380721008
2003,1.0,20dB_nominal_difference,imag,A23_compressed_feedback,REJECTED_PHYSICAL,YZ,x,-0.0625,y,-0.5625,z,-0.6875,0.040392708708328735,-0.1347729410404155,-0.17516564974874424,0.04000015580667526,0.163674380721008
2003,1.0,20dB_nominal_difference,imag,A23_compressed_feedback,REJECTED_PHYSICAL,YZ,x,-0.0625,y,-0.4375,z,-0.6875,0.04138542391107082,-0.13004769737002495,-0.17143312128109578,0.04000015580667526,0.163674380721008
2003,1.0,20dB_nominal_difference,imag,A23_compressed_feedback,REJECTED_PHYSICAL,YZ,x,-0.0625,y,-0.3125,z,-0.6875,0.043905383967167984,-0.10888012035211853,-0.1527855043192865,0.04000015580667526,0.163674380721008
2003,1.0,20dB_nominal_difference,imag,A23_compressed_feedback,REJECTED_PHYSICAL,YZ,x,-0.0625,y,-0.1875,z,-0.6875,0.048811169745522034,-0.0754217079927127,-0.12423287773823473,0.04000015580667526,0.163674380721008
2003,1.0,20dB_nominal_difference,imag,A23_compressed_feedback,REJECTED_PHYSICAL,YZ,x,-0.0625,y,-0.0625,z,-0.6875,0.05580939135375661,-0.03944887502958865,-0.09525826638334525,0.04000015580667526,0.163674380721008
2003,1.0,20dB_nominal_difference,imag,A23_compressed_feedback,REJECTED_PHYSICAL,YZ,x,-0.0625,y,0.0625,z,-0.6875,0.062237193711306156,-0.013610016709740519,-0.07584721042104667,0.04000015580667526,0.163674380721008
2003,1.0,20dB_nominal_difference,imag,A23_compressed_feedback,REJECTED_PHYSICAL,YZ,x,-0.0625,y,0.1875,z,-0.6875,0.06419722829750482,-0.008500999735300975,-0.07269822803280579,0.04000015580667526,0.163674380721008
2003,1.0,20dB_nominal_difference,imag,A23_compressed_feedback,REJECTED_PHYSICAL,YZ,x,-0.0625,y,0.3125,z,-0.6875,0.06032742439163687,-0.02754187232948014,-0.08786929672111701,0.04000015580667526,0.163674380721008
2003,1.0,20dB_nominal_difference,imag,A23_compressed_feedback,REJECTED_PHYSICAL,YZ,x,-0.0625,y,0.4375,z,-0.6875,0.053326305018963426,-0.06298656523408208,-0.11631287025304551,0.04000015580667526,0.163674380721008
2003,1.0,20dB_nominal_difference,imag,A23_compressed_feedback,REJECTED_PHYSICAL,YZ,x,-0.0625,y,0.5625,z,-0.6875,0.04692209782974381,-0.09413065511155577,-0.1410527529412996,0.04000015580667526,0.163674380721008
2003,1.0,20dB_nominal_difference,imag,A23_compressed_feedback,REJECTED_PHYSICAL,YZ,x,-0.0625,y,0.6875,z,-0.6875,0.042874727309375485,-0.10844472517696535,-0.15131945248634082,0.04000015580667526,0.163674380721008
2003,1.0,20dB_nominal_difference,imag,A23_compressed_feedback,REJECTED_PHYSICAL,YZ,x,-0.0625,y,-0.6875,z,-0.5625,0.040170628487450774,0.10380575404569314,0.06363512555824237,0.04000015580667526,0.163674380721008
2003,1.0,20dB_nominal_difference,imag,A23_compressed_feedback,REJECTED_PHYSICAL,YZ,x,-0.0625,y,-0.5625,z,-0.5625,0.04074527232474936,0.06549609982582541,0.02475082750107605,0.04000015580667526,0.163674380721008
2003,1.0,20dB_nominal_difference,imag,A23_compressed_feedback,REJECTED_PHYSICAL,YZ,x,-0.0625,y,-0.4375,z,-0.5625,0.042616918388564226,0.07306364677647328,0.03044672838790906,0.04000015580667526,0.163674380721008
2003,1.0,20dB_nominal_difference,imag,A23_compressed_feedback,REJECTED_PHYSICAL,YZ,x,-0.0625,y,-0.3125,z,-0.5625,0.047410214843383404,0.10011510472130437,0.05270488987792097,0.04000015580667526,0.163674380721008
2003,1.0,20dB_nominal_difference,imag,A23_compressed_feedback,REJECTED_PHYSICAL,YZ,x,-0.0625,y,-0.1875,z,-0.5625,0.05692654342724183,0.13615011935905857,0.07922357593181675,0.04000015580667526,0.163674380721008
2003,1.0,20dB_nominal_difference,imag,A23_compressed_feedback,REJECTED_PHYSICAL,YZ,x,-0.0625,y,-0.0625,z,-0.5625,0.07084440738469061,0.16877969492007572,0.09793528753538511,0.04000015580667526,0.163674380721008
2003,1.0,20dB_nominal_difference,imag,A23_compressed_feedback,REJECTED_PHYSICAL,YZ,x,-0.0625,y,0.0625,z,-0.5625,0.08387908540513626,0.1853001630861081,0.10142107768097185,0.04000015580667526,0.163674380721008
2003,1.0,20dB_nominal_difference,imag,A23_compressed_feedback,REJECTED_PHYSICAL,YZ,x,-0.0625,y,0.1875,z,-0.5625,0.08781616330849716,0.1766815306617469,0.08886536735324975,0.04000015580667526,0.163674380721008
2003,1.0,20dB_nominal_difference,imag,A23_compressed_feedback,REJECTED_PHYSICAL,YZ,x,-0.0625,y,0.3125,z,-0.5625,0.07979562551054037,0.1416806943852661,0.061885068874725724,0.04000015580667526,0.163674380721008
2003,1.0,20dB_nominal_difference,imag,A23_compressed_feedback,REJECTED_PHYSICAL,YZ,x,-0.0625,y,0.4375,z,-0.5625,0.06567635456142985,0.0892179285650869,0.023541574003657043,0.04000015580667526,0.163674380721008
2003,1.0,20dB_nominal_difference,imag,A23_compressed_feedback,REJECTED_PHYSICAL,YZ,x,-0.0625,y,0.5625,z,-0.5625,0.05312772094212997,0.0368420427028706,-0.016285678239259367,0.04000015580667526,0.163674380721008
2003,1.0,20dB_nominal_difference,imag,A23_compressed_feedback,REJECTED_PHYSICAL,YZ,x,-0.0625,y,0.6875,z,-0.5625,0.04539301436754777,-0.007994844117805794,-0.053387858485353566,0.04000015580667526,0.163674380721008
2003,1.0,20dB_nominal_difference,imag,A23_compressed_feedback,REJECTED_PHYSICAL,YZ,x,-0.0625,y,-0.6875,z,-0.4375,0.0403210666434415,0.1969002766372167,0.15657920999377523,0.04000015580667526,0.163674380721008
2003,1.0,20dB_nominal_difference,imag,A23_compressed_feedback,REJECTED_PHYSICAL,YZ,x,-0.0625,y,-0.5625,z,-0.4375,0.04127059178625087,0.18870842828281167,0.1474378364965608,0.04000015580667526,0.163674380721008
2003,1.0,20dB_nominal_difference,imag,A23_compressed_feedback,REJECTED_PHYSICAL,YZ,x,-0.0625,y,-0.4375,z,-0.4375,0.0442240297815898,0.2118713393882529,0.1676473096066631,0.04000015580667526,0.163674380721008
2003,1.0,20dB_nominal_difference,imag,A23_compressed_feedback,REJECTED_PHYSICAL,YZ,x,-0.0625,y,-0.3125,z,-0.4375,0.05170921367746155,0.24834104081414252,0.19663182713668098,0.04000015580667526,0.163674380721008
2003,1.0,20dB_nominal_difference,imag,A23_compressed_feedback,REJECTED_PHYSICAL,YZ,x,-0.0625,y,-0.1875,z,-0.4375,0.06680125573969851,0.2886708986389117,0.22186964289921318,0.04000015580667526,0.163674380721008
2003,1.0,20dB_nominal_difference,imag,A23_compressed_feedback,REJECTED_PHYSICAL,YZ,x,-0.0625,y,-0.0625,z,-0.4375,0.08947757634277925,0.320152255432646,0.23067467908986677,0.04000015580667526,0.163674380721008
2003,1.0,20dB_nominal_difference,imag,A23_compressed_feedback,REJECTED_PHYSICAL,YZ,x,-0.0625,y,0.0625,z,-0.4375,0.11116832492160542,0.33047362111035533,0.21930529618874992,0.04000015580667526,0.163674380721008
2003,1.0,20dB_nominal_difference,imag,A23_compressed_feedback,REJECTED_PHYSICAL,YZ,x,-0.0625,y,0.1875,z,-0.4375,0.1175949106481162,0.3119751839047064,0.1943802732565902,0.04000015580667526,0.163674380721008
2003,1.0,20dB_nominal_difference,imag,A23_compressed_feedback,REJECTED_PHYSICAL,YZ,x,-0.0625,y,0.3125,z,-0.4375,0.10380979779906171,0.26535982558603566,0.16155002778697394,0.04000015580667526,0.163674380721008
2003,1.0,20dB_nominal_difference,imag,A23_compressed_feedback,REJECTED_PHYSICAL,YZ,x,-0.0625,y,0.4375,z,-0.4375,0.08034359383291192,0.2014026720697885,0.12105907823687659,0.04000015580667526,0.163674380721008
2003,1.0,20dB_nominal_difference,imag,A23_compressed_feedback,REJECTED_PHYSICAL,YZ,x,-0.0625,y,0.5625,z,-0.4375,0.06020755025539697,0.13941169949923882,0.07920414924384184,0.04000015580667526,0.163674380721008
2003,1.0,20dB_nominal_difference,imag,A23_compressed_feedback,REJECTED_PHYSICAL,YZ,x,-0.0625,y,0.6875,z,-0.4375,0.048184481961201564,0.0960611978477168,0.047876715886515236,0.04000015580667526,0.163674380721008
2003,1.0,20dB_nominal_difference,imag,A23_compressed_feedback,REJECTED_PHYSICAL,YZ,x,-0.0625,y,-0.6875,z,-0.3125,0.04081997123690277,0.22906214887636714,0.18824217763946438,0.04000015580667526,0.163674380721008
2003,1.0,20dB_nominal_difference,imag,A23_compressed_feedback,REJECTED_PHYSICAL,YZ,x,-0.0625,y,-0.5625,z,-0.3125,0.042543627999619006,0.2503233150063075,0.2077796870066885,0.04000015580667526,0.163674380721008
2003,1.0,20dB_nominal_difference,imag,A23_compressed_feedback,REJECTED_PHYSICAL,YZ,x,-0.0625,y,-0.4375,z,-0.3125,0.046965506810236105,0.29237647361709623,0.24541096680686014,0.04000015580667526,0.163674380721008
2003,1.0,20dB_nominal_difference,imag,A23_compressed_feedback,REJECTED_PHYSICAL,YZ,x,-0.0625,y,-0.3125,z,-0.3125,0.05705077221207445,0.33993286410251267,0.2828820918904382,0.04000015580667526,0.163674380721008
2003,1.0,20dB_nominal_difference,imag,A23_compressed_feedback,REJECTED_PHYSICAL,YZ,x,-0.0625,y,-0.1875,z,-0.3125,0.07680931890807433,0.38471318004491617,0.30790386113684187,0.04000015580667526,0.163674380721008
2003,1.0,20dB_nominal_difference,imag,A23_compressed_feedback,REJECTED_PHYSICAL,YZ,x,-0.0625,y,-0.0625,z,-0.3125,0.10686540387131938,0.4148059341549013,0.3079405302835819,0.04000015580667526,0.163674380721008
2003,1.0,20dB_nominal_difference,imag,A23_compressed_feedback,REJECTED_PHYSICAL,YZ,x,-0.0625,y,0.0625,z,-0.3125,0.1360366401617101,0.41908768868230684,0.2830510485205967,0.04000015580667526,0.163674380721008
2003,1.0,20dB_nominal_difference,imag,A23_compressed_feedback,REJECTED_PHYSICAL,YZ,x,-0.0625,y,0.1875,z,-0.3125,0.14418083179082725,0.39175397751984953,0.24757314572902228,0.04000015580667526,0.163674380721008
2003,1.0,20dB_nominal_difference,imag,A23_compressed_feedback,REJECTED_PHYSICAL,YZ,x,-0.0625,y,0.3125,z,-0.3125,0.12437206240795604,0.33583478123506283,0.2114627188271068,0.04000015580667526,0.163674380721008
2003,1.0,20dB_nominal_difference,imag,A23_compressed_feedback,REJECTED_PHYSICAL,YZ,x,-0.0625,y,0.4375,z,-0.3125,0.09211896083015003,0.2645236916797781,0.17240473084962804,0.04000015580667526,0.163674380721008
2003,1.0,20dB_nominal_difference,imag,A23_compressed_feedback,REJECTED_PHYSICAL,YZ,x,-0.0625,y,0.5625,z,-0.3125,0.06551470358851559,0.19955386943410755,0.13403916584559195,0.04000015580667526,0.163674380721008
2003,1.0,20dB_nominal_difference,imag,A23_compressed_feedback,REJECTED_PHYSICAL,YZ,x,-0.0625,y,0.6875,z,-0.3125,0.050183971511905345,0.16313453106431783,0.11295055955241248,0.04000015580667526,0.163674380721008
2003,1.0,20dB_nominal_difference,imag,A23_compressed_feedback,REJECTED_PHYSICAL,YZ,x,-0.0625,y,-0.6875,z,-0.1875,0.04245038018059315,0.22260581341588048,0.18015543323528732,0.04000015580667526,0.163674380721008
2003,1.0,20dB_nominal_difference,imag,A23_compressed_feedback,REJECTED_PHYSICAL,YZ,x,-0.0625,y,-0.5625,z,-0.1875,0.04633004627475746,0.266075410874707,0.21974536459994953,0.04000015580667526,0.163674380721008
2003,1.0,20dB_nominal_difference,imag,A23_compressed_feedback,REJECTED_PHYSICAL,YZ,x,-0.0625,y,-0.4375,z,-0.1875,0.05380759163315176,0.32304076674333726,0.2692331751101855,0.04000015580667526,0.163674380721008
2003,1.0,20dB_nominal_difference,imag,A23_compressed_feedback,REJECTED_PHYSICAL,YZ,x,-0.0625,y,-0.3125,z,-0.1875,0.06685572536930243,0.3797589564233123,0.31290323105400986,0.04000015580667526,0.163674380721008
2003,1.0,20dB_nominal_difference,imag,A23_compressed_feedback,REJECTED_PHYSICAL,YZ,x,-0.0625,y,-0.1875,z,-0.1875,0.0886852444406132,0.4279637077354206,0.3392784632948074,0.04000015580667526,0.163674380721008
2003,1.0,20dB_nominal_difference,imag,A23_compressed_feedback,REJECTED_PHYSICAL,YZ,x,-0.0625,y,-0.0625,z,-0.1875,0.12039390610244413,0.45642492515964805,0.3360310190572039,0.04000015580667526,0.163674380721008
2003,1.0,20dB_nominal_difference,imag,A23_compressed_feedback,REJECTED_PHYSICAL,YZ,x,-0.0625,y,0.0625,z,-0.1875,0.1508139800461137,0.4553713565364694,0.30455737649035564,0.04000015580667526,0.163674380721008
2003,1.0,20dB_nominal_difference,imag,A23_compressed_feedback,REJECTED_PHYSICAL,YZ,x,-0.0625,y,0.1875,z,-0.1875,0.1577288162033272,0.4209774472655283,0.2632486310622011,0.04000015580667526,0.163674380721008
2003,1.0,20dB_nominal_difference,imag,A23_compressed_feedback,REJECTED_PHYSICAL,YZ,x,-0.0625,y,0.3125,z,-0.1875,0.13357933742180905,0.3586104728251856,0.22503113540337655,0.04000015580667526,0.163674380721008
2003,1.0,20dB_nominal_difference,imag,A23_compressed_feedback,REJECTED_PHYSICAL,YZ,x,-0.0625,y,0.4375,z,-0.1875,0.09670095227771938,0.2837447001552409,0.1870437478775215,0.04000015580667526,0.163674380721008
2003,1.0,20dB_nominal_difference,imag,A23_compressed_feedback,REJECTED_PHYSICAL,YZ,x,-0.0625,y,0.5625,z,-0.1875,0.06738956040364796,0.21998630218608511,0.15259674178243715,0.04000015580667526,0.163674380721008
2003,1.0,20dB_nominal_difference,imag,A23_compressed_feedback,REJECTED_PHYSICAL,YZ,x,-0.0625,y,0.6875,z,-0.1875,0.05092570602853473,0.19289542882491567,0.14196972279638093,0.04000015580667526,0.163674380721008
2003,1.0,20dB_nominal_difference,imag,A23_compressed_feedback,REJECTED_PHYSICAL,YZ,x,-0.0625,y,-0.6875,z,-0.0625,0.04552669117604515,0.1951011136559852,0.14957442247994004,0.04000015580667526,0.163674380721008
2003,1.0,20dB_nominal_difference,imag,A23_compressed_feedback,REJECTED_PHYSICAL,YZ,x,-0.0625,y,-0.5625,z,-0.0625,0.05337272512675944,0.25128772914865066,0.19791500402189122,0.04000015580667526,0.163674380721008
2003,1.0,20dB_nominal_difference,imag,A23_compressed_feedback,REJECTED_PHYSICAL,YZ,x,-0.0625,y,-0.4375,z,-0.0625,0.06611054116039423,0.3161040243338877,0.24999348317349346,0.04000015580667526,0.163674380721008
2003,1.0,20dB_nominal_difference,imag,A23_compressed_feedback,REJECTED_PHYSICAL,YZ,x,-0.0625,y,-0.3125,z,-0.0625,0.08296185958806848,0.3776761358496918,0.2947142762616233,0.04000015580667526,0.163674380721008
2003,1.0,20dB_nominal_difference,imag,A23_compressed_feedback,REJECTED_PHYSICAL,YZ,x,-0.0625,y,-0.1875,z,-0.0625,0.10388043199886729,0.4271028341595907,0.3232224021607234,0.04000015580667526,0.163674380721008
2003,1.0,20dB_nominal_difference,imag,A23_compressed_feedback,REJECTED_PHYSICAL,YZ,x,-0.0625,y,-0.0625,z,-0.0625,0.1296726376248023,0.45344828663966646,0.32377564901486416,0.04000015580667526,0.163674380721008
2003,1.0,20dB_nominal_difference,imag,A23_compressed_feedback,REJECTED_PHYSICAL,YZ,x,-0.0625,y,0.0625,z,-0.0625,0.15276659508822296,0.44808497561538324,0.2953183805271603,0.04000015580667526,0.163674380721008
2003,1.0,20dB_nominal_difference,imag,A23_compressed_feedback,REJECTED_PHYSICAL,YZ,x,-0.0625,y,0.1875,z,-0.0625,0.15505336276937054,0.4089761002992429,0.2539227375298724,0.04000015580667526,0.163674380721008
2003,1.0,20dB_nominal_difference,imag,A23_compressed_feedback,REJECTED_PHYSICAL,YZ,x,-0.0625,y,0.3125,z,-0.0625,0.13024674790657753,0.3435506655666626,0.21330391766008505,0.04000015580667526,0.163674380721008
2003,1.0,20dB_nominal_difference,imag,A23_compressed_feedback,REJECTED_PHYSICAL,YZ,x,-0.0625,y,0.4375,z,-0.0625,0.09505083051922082,0.2691340426507775,0.1740832121315567,0.04000015580667526,0.163674380721008
2003,1.0,20dB_nominal_difference,imag,A23_compressed_feedback,REJECTED_PHYSICAL,YZ,x,-0.0625,y,0.5625,z,-0.0625,0.0673760067132258,0.21054865878324724,0.14317265207002144,0.04000015580667526,0.163674380721008
2003,1.0,20dB_nominal_difference,imag,A23_compressed_feedback,REJECTED_PHYSICAL,YZ,x,-0.0625,y,0.6875,z,-0.0625,0.05145596596372576,0.19530552621347813,0.14384956024975237,0.04000015580667526,0.163674380721008
2003,1.0,20dB_nominal_difference,imag,A23_compressed_feedback,REJECTED_PHYSICAL,YZ,x,-0.0625,y,-0.6875,z,0.0625,0.047858451903802855,0.15825692731886548,0.11039847541506262,0.04000015580667526,0.163674380721008
2003,1.0,20dB_nominal_difference,imag,A23_compressed_feedback,REJECTED_PHYSICAL,YZ,x,-0.0625,y,-0.5625,z,0.0625,0.05863431757111087,0.21680525391872543,0.15817093634761456,0.04000015580667526,0.163674380721008
2003,1.0,20dB_nominal_difference,imag,A23_compressed_feedback,REJECTED_PHYSICAL,YZ,x,-0.0625,y,-0.4375,z,0.0625,0.0749956330329114,0.2816223931961601,0.2066267601632487,0.04000015580667526,0.163674380721008
2003,1.0,20dB_nominal_difference,imag,A23_compressed_feedback,REJECTED_PHYSICAL,YZ,x,-0.0625,y,-0.3125,z,0.0625,0.09353676068599646,0.3429641273793366,0.24942736669334015,0.04000015580667526,0.163674380721008
2003,1.0,20dB_nominal_difference,imag,A23_compressed_feedback,REJECTED_PHYSICAL,YZ,x,-0.0625,y,-0.1875,z,0.0625,0.11082575211003115,0.3910375510438977,0.28021179893386655,0.04000015580667526,0.163674380721008
2003,1.0,20dB_nominal_difference,imag,A23_compressed_feedback,REJECTED_PHYSICAL,YZ,x,-0.0625,y,-0.0625,z,0.0625,0.12710625397589592,0.41487143056081865,0.28776517658492273,0.04000015580667526,0.163674380721008
2003,1.0,20dB_nominal_difference,imag,A23_compressed_feedback,REJECTED_PHYSICAL,YZ,x,-0.0625,y,0.0625,z,0.0625,0.13995212794485462,0.40666415366415615,0.2667120257193015,0.04000015580667526,0.163674380721008
2003,1.0,20dB_nominal_difference,imag,A23_compressed_feedback,REJECTED_PHYSICAL,YZ,x,-0.0625,y,0.1875,z,0.0625,0.13886149062239256,0.3658434173777017,0.22698192675530915,0.04000015580667526,0.163674380721008
2003,1.0,20dB_nominal_difference,imag,A23_compressed_feedback,REJECTED_PHYSICAL,YZ,x,-0.0625,y,0.3125,z,0.0625,0.11921442782470068,0.30151775488316973,0.18230332705846905,0.04000015580667526,0.163674380721008
2003,1.0,20dB_nominal_difference,imag,A23_compressed_feedback,REJECTED_PHYSICAL,YZ,x,-0.0625,y,0.4375,z,0.0625,0.09167921970045104,0.23235750900288774,0.1406782893024367,0.04000015580667526,0.163674380721008
2003,1.0,20dB_nominal_difference,imag,A23_compressed_feedback,REJECTED_PHYSICAL,YZ,x,-0.0625,y,0.5625,z,0.0625,0.06840294126649657,0.18370468558518294,0.11530174431868637,0.04000015580667526,0.163674380721008
2003,1.0,20dB_nominal_difference,imag,A23_compressed_feedback,REJECTED_PHYSICAL,YZ,x,-0.0625,y,0.6875,z,0.0625,0.05318627928388108,0.18381634938514707,0.13063007010126598,0.04000015580667526,0.163674380721008
2003,1.0,20dB_nominal_difference,imag,A23_compressed_feedback,REJECTED_PHYSICAL,YZ,x,-0.0625,y,-0.6875,z,0.1875,0.04674163906472082,0.11552877684484358,0.06878713778012277,0.04000015580667526,0.163674380721008
2003,1.0,20dB_nominal_difference,imag,A23_compressed_feedback,REJECTED_PHYSICAL,YZ,x,-0.0625,y,-0.5625,z,0.1875,0.05588127313527554,0.16651511426474266,0.11063384112946711,0.04000015580667526,0.163674380721008
2003,1.0,20dB_nominal_difference,imag,A23_compressed_feedback,REJECTED_PHYSICAL,YZ,x,-0.0625,y,-0.4375,z,0.1875,0.06944042663865896,0.22435219886996313,0.15491177223130417,0.04000015580667526,0.163674380721008
2003,1.0,20dB_nominal_difference,imag,A23_compressed_feedback,REJECTED_PHYSICAL,YZ,x,-0.0625,y,-0.3125,z,0.1875,0.08390223576829813,0.2810552295326503,0.19715299376435214,0.04000015580667526,0.163674380721008
2003,1.0,20dB_nominal_difference,imag,A23_compressed_feedback,REJECTED_PHYSICAL,YZ,x,-0.0625,y,-0.1875,z,0.1875,0.09555698137022221,0.325811610862256,0.2302546294920338,0.04000015580667526,0.163674380721008
2003,1.0,20dB_nominal_difference,imag,A23_compressed_feedback,REJECTED_PHYSICAL,YZ,x,-0.0625,y,-0.0625,z,0.1875,0.10479805916046792,0.3473671815971777,0.2425691224367098,0.04000015580667526,0.163674380721008
2003,1.0,20dB_nominal_difference,imag,A23_compressed_feedback,REJECTED_PHYSICAL,YZ,x,-0.0625,y,0.0625,z,0.1875,0.11245946317491304,0.33845050552608086,0.22599104235116782,0.04000015580667526,0.163674380721008
2003,1.0,20dB_nominal_difference,imag,A23_compressed_feedback,REJECTED_PHYSICAL,YZ,x,-0.0625,y,0.1875,z,0.1875,0.11372931728530744,0.29965600543243714,0.1859266881471297,0.04000015580667526,0.163674380721008
2003,1.0,20dB_nominal_difference,imag,A23_compressed_feedback,REJECTED_PHYSICAL,YZ,x,-0.0625,y,0.3125,z,0.1875,0.10429466631680404,0.24147299368380998,0.13717832736700594,0.04000015580667526,0.163674380721008
2003,1.0,20dB_nominal_difference,imag,A23_compressed_feedback,REJECTED_PHYSICAL,YZ,x,-0.0625,y,0.4375,z,0.1875,0.08751509098114699,0.1835307087306238,0.09601561774947681,0.04000015580667526,0.163674380721008
2003,1.0,20dB_nominal_difference,imag,A23_compressed_feedback,REJECTED_PHYSICAL,YZ,x,-0.0625,y,0.5625,z,0.1875,0.06966970855634338,0.15100412747998507,0.08133441892364168,0.04000015580667526,0.163674380721008
2003,1.0,20dB_nominal_difference,imag,A23_compressed_feedback,REJECTED_PHYSICAL,YZ,x,-0.0625,y,0.6875,z,0.1875,0.05517298132470298,0.17163240595336596,0.11645942462866297,0.04000015580667526,0.163674380721008
2003,1.0,20dB_nominal_difference,imag,A23_compressed_feedback,REJECTED_PHYSICAL,YZ,x,-0.0625,y,-0.6875,z,0.3125,0.04345286726491869,0.06143599557374268,0.017983128308823988,0.04000015580667526,0.163674380721008
2003,1.0,20dB_nominal_difference,imag,A23_compressed_feedback,REJECTED_PHYSICAL,YZ,x,-0.0625,y,-0.5625,z,0.3125,0.04812009958084395,0.09696776638551882,0.04884766680467487,0.04000015580667526,0.163674380721008
2003,1.0,20dB_nominal_difference,imag,A23_compressed_feedback,REJECTED_PHYSICAL,YZ,x,-0.0625,y,-0.4375,z,0.3125,0.05501371658866299,0.1432486569345574,0.08823494034589441,0.04000015580667526,0.163674380721008
2003,1.0,20dB_nominal_difference,imag,A23_compressed_feedback,REJECTED_PHYSICAL,YZ,x,-0.0625,y,-0.3125,z,0.3125,0.06233884756672856,0.1928394929573826,0.13050064539065404,0.04000015580667526,0.163674380721008
2003,1.0,20dB_nominal_difference,imag,A23_compressed_feedback,REJECTED_PHYSICAL,YZ,x,-0.0625,y,-0.1875,z,0.3125,0.06841841298298537,0.23377822519937477,0.1653598122163894,0.04000015580667526,0.163674380721008
2003,1.0,20dB_nominal_difference,imag,A23_compressed_feedback,REJECTED_PHYSICAL,YZ,x,-0.0625,y,-0.0625,z,0.3125,0.07416613181928422,0.25434781795381245,0.18018168613452823,0.04000015580667526,0.163674380721008
2003,1.0,20dB_nominal_difference,imag,A23_compressed_feedback,REJECTED_PHYSICAL,YZ,x,-0.0625,y,0.0625,z,0.3125,0.08101355802363919,0.24757591919015393,0.16656236116651474,0.04000015580667526,0.163674380721008
2003,1.0,20dB_nominal_difference,imag,A23_compressed_feedback,REJECTED_PHYSICAL,YZ,x,-0.0625,y,0.1875,z,0.3125,0.08651510579418703,0.215041879032383,0.12852677323819597,0.04000015580667526,0.163674380721008
2003,1.0,20dB_nominal_difference,imag,A23_compressed_feedback,REJECTED_PHYSICAL,YZ,x,-0.0625,y,0.3125,z,0.3125,0.08624535209504341,0.16858509200465388,0.08233973990961047,0.04000015580667526,0.163674380721008
2003,1.0,20dB_nominal_difference,imag,A23_compressed_feedback,REJECTED_PHYSICAL,YZ,x,-0.0625,y,0.4375,z,0.3125,0.07879331723411091,0.12888340148374258,0.05009008424963167,0.04000015580667526,0.163674380721008
2003,1.0,20dB_nominal_difference,imag,A23_compressed_feedback,REJECTED_PHYSICAL,YZ,x,-0.0625,y,0.5625,z,0.3125,0.066618202393356,0.12068442394222909,0.054066221548873084,0.04000015580667526,0.163674380721008
2003,1.0,20dB_nominal_difference,imag,A23_compressed_feedback,REJECTED_PHYSICAL,YZ,x,-0.0625,y,0.6875,z,0.3125,0.05439319187985552,0.16972819548591994,0.11533500360606441,0.04000015580667526,0.163674380721008
2003,1.0,20dB_nominal_difference,imag,A23_compressed_feedback,REJECTED_PHYSICAL,YZ,x,-0.0625,y,-0.6875,z,0.4375,0.04105326192243892,-0.017057419244237447,-0.058110681166676365,0.04000015580667526,0.163674380721008
2003,1.0,20dB_nominal_difference,imag,A23_compressed_feedback,REJECTED_PHYSICAL,YZ,x,-0.0625,y,-0.5625,z,0.4375,0.04248023256440268,-0.0006481571722751697,-0.04312838973667785,0.04000015580667526,0.163674380721008
2003,1.0,20dB_nominal_difference,imag,A23_compressed_feedback,REJECTED_PHYSICAL,YZ,x,-0.0625,y,-0.4375,z,0.4375,0.044609275832403414,0.033455693065591714,-0.0111535827668117,0.04000015580667526,0.163674380721008
2003,1.0,20dB_nominal_difference,imag,A23_compressed_feedback,REJECTED_PHYSICAL,YZ,x,-0.0625,y,-0.3125,z,0.4375,0.04699202096212822,0.07631968475366188,0.029327663791533662,0.04000015580667526,0.163674380721008
2003,1.0,20dB_nominal_difference,imag,A23_compressed_feedback,REJECTED_PHYSICAL,YZ,x,-0.0625,y,-0.1875,z,0.4375,0.04944801849150221,0.11489477094309719,0.06544675245159498,0.04000015580667526,0.163674380721008
2003,1.0,20dB_nominal_difference,imag,A23_compressed_feedback,REJECTED_PHYSICAL,YZ,x,-0.0625,y,-0.0625,z,0.4375,0.052901713255917505,0.13694394961581197,0.08404223635989447,0.04000015580667526,0.163674380721008
2003,1.0,20dB_nominal_difference,imag,A23_compressed_feedback,REJECTED_PHYSICAL,YZ,x,-0.0625,y,0.0625,z,0.4375,0.05828320398699263,0.13558971218058577,0.07730650819359314,0.04000015580667526,0.163674380721008
2003,1.0,20dB_nominal_difference,imag,A23_compressed_feedback,REJECTED_PHYSICAL,YZ,x,-0.0625,y,0.1875,z,0.4375,0.06420519628595636,0.11327022922639962,0.04906503294044326,0.04000015580667526,0.163674380721008
2003,1.0,20dB_nominal_difference,imag,A23_compressed_feedback,REJECTED_PHYSICAL,YZ,x,-0.0625,y,0.3125,z,0.4375,0.06727525961190907,0.08344229864820758,0.016167039036298514,0.04000015580667526,0.163674380721008
2003,1.0,20dB_nominal_difference,imag,A23_compressed_feedback,REJECTED_PHYSICAL,YZ,x,-0.0625,y,0.4375,z,0.4375,0.06500961027575505,0.06889271005198906,0.0038830997762340086,0.04000015580667526,0.163674380721008
2003,1.0,20dB_nominal_difference,imag,A23_compressed_feedback,REJECTED_PHYSICAL,YZ,x,-0.0625,y,0.5625,z,0.4375,0.0580922596237103,0.09560956449409858,0.03751730487038828,0.04000015580667526,0.163674380721008
2003,1.0,20dB_nominal_difference,imag,A23_compressed_feedback,REJECTED_PHYSICAL,YZ,x,-0.0625,y,0.6875,z,0.4375,0.05004909518343009,0.1865989655220345,0.1365498703386044,0.04000015580667526,0.163674380721008
2003,1.0,20dB_nominal_difference,imag,A23_compressed_feedback,REJECTED_PHYSICAL,YZ,x,-0.0625,y,-0.6875,z,0.5625,0.04019150633820552,-0.13832722538507355,-0.1785187317232791,0.04000015580667526,0.163674380721008
2003,1.0,20dB_nominal_difference,imag,A23_compressed_feedback,REJECTED_PHYSICAL,YZ,x,-0.0625,y,-0.5625,z,0.5625,0.04045363921587812,-0.13600115364991544,-0.17645479286579357,0.04000015580667526,0.163674380721008
2003,1.0,20dB_nominal_difference,imag,A23_compressed_feedback,REJECTED_PHYSICAL,YZ,x,-0.0625,y,-0.4375,z,0.5625,0.04085898672802763,-0.10956266664476808,-0.1504216533727957,0.04000015580667526,0.163674380721008
2003,1.0,20dB_nominal_difference,imag,A23_compressed_feedback,REJECTED_PHYSICAL,YZ,x,-0.0625,y,-0.3125,z,0.5625,0.041384407636475766,-0.07013255298136029,-0.11151696061783606,0.04000015580667526,0.163674380721008
2003,1.0,20dB_nominal_difference,imag,A23_compressed_feedback,REJECTED_PHYSICAL,YZ,x,-0.0625,y,-0.1875,z,0.5625,0.04218231914986422,-0.030614398836087596,-0.07279671798595182,0.04000015580667526,0.163674380721008
2003,1.0,20dB_nominal_difference,imag,A23_compressed_feedback,REJECTED_PHYSICAL,YZ,x,-0.0625,y,-0.0625,z,0.5625,0.04377263759328565,-0.0036963148021605455,-0.0474689523954462,0.04000015580667526,0.163674380721008
2003,1.0,20dB_nominal_difference,imag,A23_compressed_feedback,REJECTED_PHYSICAL,YZ,x,-0.0625,y,0.0625,z,0.5625,0.046583116809738985,0.0034798260503672296,-0.043103290759371755,0.04000015580667526,0.163674380721008
2003,1.0,20dB_nominal_difference,imag,A23_compressed_feedback,REJECTED_PHYSICAL,YZ,x,-0.0625,y,0.1875,z,0.5625,0.04999452237972326,-0.006161756189632446,-0.056156278569355705,0.04000015580667526,0.163674380721008
2003,1.0,20dB_nominal_difference,imag,A23_compressed_feedback,REJECTED_PHYSICAL,YZ,x,-0.0625,y,0.3125,z,0.5625,0.05226517041090233,-0.017507980927544922,-0.06977315133844725,0.04000015580667526,0.163674380721008
2003,1.0,20dB_nominal_difference,imag,A23_compressed_feedback,REJECTED_PHYSICAL,YZ,x,-0.0625,y,0.4375,z,0.5625,0.051828096168250085,-0.004012656874551115,-0.0558407530428012,0.04000015580667526,0.163674380721008
2003,1.0,20dB_nominal_difference,imag,A23_compressed_feedback,REJECTED_PHYSICAL,YZ,x,-0.0625,y,0.5625,z,0.5625,0.048786688674004486,0.06802600290629006,0.019239314232285573,0.04000015580667526,0.163674380721008
2003,1.0,20dB_nominal_difference,imag,A23_compressed_feedback,REJECTED_PHYSICAL,YZ,x,-0.0625,y,0.6875,z,0.5625,0.04494161821421902,0.22923036013104028,0.18428874191682126,0.04000015580667526,0.163674380721008
2003,1.0,20dB_nominal_difference,imag,A23_compressed_feedback,REJECTED_PHYSICAL,YZ,x,-0.0625,y,-0.6875,z,0.6875,0.04002087077010622,-0.31937155694880265,-0.3593924277189089,0.04000015580667526,0.163674380721008
2003,1.0,20dB_nominal_difference,imag,A23_compressed_feedback,REJECTED_PHYSICAL,YZ,x,-0.0625,y,-0.5625,z,0.6875,0.04005035818893871,-0.3078701248947132,-0.3479204830836519,0.04000015580667526,0.163674380721008
2003,1.0,20dB_nominal_difference,imag,A23_compressed_feedback,REJECTED_PHYSICAL,YZ,x,-0.0625,y,-0.4375,z,0.6875,0.040100863350880075,-0.2858218551359976,-0.3259227184868777,0.04000015580667526,0.163674380721008
2003,1.0,20dB_nominal_difference,imag,A23_compressed_feedback,REJECTED_PHYSICAL,YZ,x,-0.0625,y,-0.3125,z,0.6875,0.04019038935133843,-0.24828665742184705,-0.2884770467731855,0.04000015580667526,0.163674380721008
2003,1.0,20dB_nominal_difference,imag,A23_compressed_feedback,REJECTED_PHYSICAL,YZ,x,-0.0625,y,-0.1875,z,0.6875,0.04040132871373167,-0.20609827285408983,-0.2464996015678215,0.04000015580667526,0.163674380721008
2003,1.0,20dB_nominal_difference,imag,A23_compressed_feedback,REJECTED_PHYSICAL,YZ,x,-0.0625,y,-0.0625,z,0.6875,0.040917716302072485,-0.17295703919002958,-0.21387475549210205,0.04000015580667526,0.163674380721008
2003,1.0,20dB_nominal_difference,imag,A23_compressed_feedback,REJECTED_PHYSICAL,YZ,x,-0.0625,y,0.0625,z,0.6875,0.04188581069537539,-0.1571366536650542,-0.19902246436042959,0.04000015580667526,0.163674380721008
2003,1.0,20dB_nominal_difference,imag,A23_compressed_feedback,REJECTED_PHYSICAL,YZ,x,-0.0625,y,0.1875,z,0.6875,0.04311422459213862,-0.15627845664679343,-0.19939268123893206,0.04000015580667526,0.163674380721008
2003,1.0,20dB_nominal_difference,imag,A23_compressed_feedback,REJECTED_PHYSICAL,YZ,x,-0.0625,y,0.3125,z,0.6875,0.04400245614647743,-0.1549842807889944,-0.19898673693547184,0.04000015580667526,0.163674380721008
2003,1.0,20dB_nominal_difference,imag,A23_compressed_feedback,REJECTED_PHYSICAL,YZ,x,-0.0625,y,0.4375,z,0.6875,0.043959082787769166,-0.12439729159830776,-0.16835637438607692,0.04000015580667526,0.163674380721008
2003,1.0,20dB_nominal_difference,imag,A23_compressed_feedback,REJECTED_PHYSICAL,YZ,x,-0.0625,y,0.5625,z,0.6875,0.04297881601581051,-0.0190982242009387,-0.06207704021674921,0.04000015580667526,0.163674380721008
2003,1.0,20dB_nominal_difference,imag,A23_compressed_feedback,REJECTED_PHYSICAL,YZ,x,-0.0625,y,0.6875,z,0.6875,0.0416850276806229,0.26225373285219483,0.22056870517157193,0.04000015580667526,0.163674380721008
