scene,t,noise,component,method,status,plane,fixed_axis,fixed_coordinate,horizontal_axis,horizontal_coordinate,vertical_axis,vertical_coordinate,truth,estimate,signed_error,truth_global_color_min,truth_global_color_max
2014,1.0,20dB_nominal_difference,real,truth_OFFLINE,OFFLINE_TRUTH,XY,z,-0.0625,x,-0.6875,y,-0.6875,0.1,0.1,0.0,0.1,2.2
2014,1.0,20dB_nominal_difference,real,truth_OFFLINE,OFFLINE_TRUTH,XY,z,-0.0625,x,-0.5625,y,-0.6875,0.1,0.1,0.0,0.1,2.2
2014,1.0,20dB_nominal_difference,real,truth_OFFLINE,OFFLINE_TRUTH,XY,z,-0.0625,x,-0.4375,y,-0.6875,0.1,0.1,0.0,0.1,2.2
2014,1.0,20dB_nominal_difference,real,truth_OFFLINE,OFFLINE_TRUTH,XY,z,-0.0625,x,-0.3125,y,-0.6875,0.1,0.1,0.0,0.1,2.2
2014,1.0,20dB_nominal_difference,real,truth_OFFLINE,OFFLINE_TRUTH,XY,z,-0.0625,x,-0.1875,y,-0.6875,0.1,0.1,0.0,0.1,2.2
2014,1.0,20dB_nominal_difference,real,truth_OFFLINE,OFFLINE_TRUTH,XY,z,-0.0625,x,-0.0625,y,-0.6875,0.1,0.1,0.0,0.1,2.2
2014,1.0,20dB_nominal_difference,real,truth_OFFLINE,OFFLINE_TRUTH,XY,z,-0.0625,x,0.0625,y,-0.6875,0.1,0.1,0.0,0.1,2.2
2014,1.0,20dB_nominal_difference,real,truth_OFFLINE,OFFLINE_TRUTH,XY,z,-0.0625,x,0.1875,y,-0.6875,0.1,0.1,0.0,0.1,2.2
2014,1.0,20dB_nominal_difference,real,truth_OFFLINE,OFFLINE_TRUTH,XY,z,-0.0625,x,0.3125,y,-0.6875,0.1,0.1,0.0,0.1,2.2
2014,1.0,20dB_nominal_difference,real,truth_OFFLINE,OFFLINE_TRUTH,XY,z,-0.0625,x,0.4375,y,-0.6875,0.1,0.1,0.0,0.1,2.2
2014,1.0,20dB_nominal_difference,real,truth_OFFLINE,OFFLINE_TRUTH,XY,z,-0.0625,x,0.5625,y,-0.6875,0.1,0.1,0.0,0.1,2.2
2014,1.0,20dB_nominal_difference,real,truth_OFFLINE,OFFLINE_TRUTH,XY,z,-0.0625,x,0.6875,y,-0.6875,0.1,0.1,0.0,0.1,2.2
2014,1.0,20dB_nominal_difference,real,truth_OFFLINE,OFFLINE_TRUTH,XY,z,-0.0625,x,-0.6875,y,-0.5625,0.1,0.1,0.0,0.1,2.2
2014,1.0,20dB_nominal_difference,real,truth_OFFLINE,OFFLINE_TRUTH,XY,z,-0.0625,x,-0.5625,y,-0.5625,0.1,0.1,0.0,0.1,2.2
2014,1.0,20dB_nominal_difference,real,truth_OFFLINE,OFFLINE_TRUTH,XY,z,-0.0625,x,-0.4375,y,-0.5625,0.1,0.1,0.0,0.1,2.2
2014,1.0,20dB_nominal_difference,real,truth_OFFLINE,OFFLINE_TRUTH,XY,z,-0.0625,x,-0.3125,y,-0.5625,0.1,0.1,0.0,0.1,2.2
2014,1.0,20dB_nominal_difference,real,truth_OFFLINE,OFFLINE_TRUTH,XY,z,-0.0625,x,-0.1875,y,-0.5625,0.1,0.1,0.0,0.1,2.2
2014,1.0,20dB_nominal_difference,real,truth_OFFLINE,OFFLINE_TRUTH,XY,z,-0.0625,x,-0.0625,y,-0.5625,0.1,0.1,0.0,0.1,2.2
2014,1.0,20dB_nominal_difference,real,truth_OFFLINE,OFFLINE_TRUTH,XY,z,-0.0625,x,0.0625,y,-0.5625,0.1,0.1,0.0,0.1,2.2
2014,1.0,20dB_nominal_difference,real,truth_OFFLINE,OFFLINE_TRUTH,XY,z,-0.0625,x,0.1875,y,-0.5625,0.1,0.1,0.0,0.1,2.2
2014,1.0,20dB_nominal_difference,real,truth_OFFLINE,OFFLINE_TRUTH,XY,z,-0.0625,x,0.3125,y,-0.5625,0.1,0.1,0.0,0.1,2.2
2014,1.0,20dB_nominal_difference,real,truth_OFFLINE,OFFLINE_TRUTH,XY,z,-0.0625,x,0.4375,y,-0.5625,0.1,0.1,0.0,0.1,2.2
2014,1.0,20dB_nominal_difference,real,truth_OFFLINE,OFFLINE_TRUTH,XY,z,-0.0625,x,0.5625,y,-0.5625,0.1,0.1,0.0,0.1,2.2
2014,1.0,20dB_nominal_difference,real,truth_OFFLINE,OFFLINE_TRUTH,XY,z,-0.0625,x,0.6875,y,-0.5625,0.1,0.1,0.0,0.1,2.2
2014,1.0,20dB_nominal_difference,real,truth_OFFLINE,OFFLINE_TRUTH,XY,z,-0.0625,x,-0.6875,y,-0.4375,0.1,0.1,0.0,0.1,2.2
2014,1.0,20dB_nominal_difference,real,truth_OFFLINE,OFFLINE_TRUTH,XY,z,-0.0625,x,-0.5625,y,-0.4375,0.1,0.1,0.0,0.1,2.2
2014,1.0,20dB_nominal_difference,real,truth_OFFLINE,OFFLINE_TRUTH,XY,z,-0.0625,x,-0.4375,y,-0.4375,0.1,0.1,0.0,0.1,2.2
2014,1.0,20dB_nominal_difference,real,truth_OFFLINE,OFFLINE_TRUTH,XY,z,-0.0625,x,-0.3125,y,-0.4375,0.1,0.1,0.0,0.1,2.2
2014,1.0,20dB_nominal_difference,real,truth_OFFLINE,OFFLINE_TRUTH,XY,z,-0.0625,x,-0.1875,y,-0.4375,0.1,0.1,0.0,0.1,2.2
2014,1.0,20dB_nominal_difference,real,truth_OFFLINE,OFFLINE_TRUTH,XY,z,-0.0625,x,-0.0625,y,-0.4375,0.1,0.1,0.0,0.1,2.2
2014,1.0,20dB_nominal_difference,real,truth_OFFLINE,OFFLINE_TRUTH,XY,z,-0.0625,x,0.0625,y,-0.4375,0.1,0.1,0.0,0.1,2.2
2014,1.0,20dB_nominal_difference,real,truth_OFFLINE,OFFLINE_TRUTH,XY,z,-0.0625,x,0.1875,y,-0.4375,0.1,0.1,0.0,0.1,2.2
2014,1.0,20dB_nominal_difference,real,truth_OFFLINE,OFFLINE_TRUTH,XY,z,-0.0625,x,0.3125,y,-0.4375,0.1,0.1,0.0,0.1,2.2
2014,1.0,20dB_nominal_difference,real,truth_OFFLINE,OFFLINE_TRUTH,XY,z,-0.0625,x,0.4375,y,-0.4375,0.1,0.1,0.0,0.1,2.2
2014,1.0,20dB_nominal_difference,real,truth_OFFLINE,OFFLINE_TRUTH,XY,z,-0.0625,x,0.5625,y,-0.4375,0.1,0.1,0.0,0.1,2.2
2014,1.0,20dB_nominal_difference,real,truth_OFFLINE,OFFLINE_TRUTH,XY,z,-0.0625,x,0.6875,y,-0.4375,0.1,0.1,0.0,0.1,2.2
2014,1.0,20dB_nominal_difference,real,truth_OFFLINE,OFFLINE_TRUTH,XY,z,-0.0625,x,-0.6875,y,-0.3125,0.1,0.1,0.0,0.1,2.2
2014,1.0,20dB_nominal_difference,real,truth_OFFLINE,OFFLINE_TRUTH,XY,z,-0.0625,x,-0.5625,y,-0.3125,0.1,0.1,0.0,0.1,2.2
2014,1.0,20dB_nominal_difference,real,truth_OFFLINE,OFFLINE_TRUTH,XY,z,-0.0625,x,-0.4375,y,-0.3125,0.1,0.1,0.0,0.1,2.2
2014,1.0,20dB_nominal_difference,real,truth_OFFLINE,OFFLINE_TRUTH,XY,z,-0.0625,x,-0.3125,y,-0.3125,0.1,0.1,0.0,0.1,2.2
2014,1.0,20dB_nominal_difference,real,truth_OFFLINE,OFFLINE_TRUTH,XY,z,-0.0625,x,-0.1875,y,-0.3125,0.1,0.1,0.0,0.1,2.2
2014,1.0,20dB_nominal_difference,real,truth_OFFLINE,OFFLINE_TRUTH,XY,z,-0.0625,x,-0.0625,y,-0.3125,0.1,0.1,0.0,0.1,2.2
2014,1.0,20dB_nominal_difference,real,truth_OFFLINE,OFFLINE_TRUTH,XY,z,-0.0625,x,0.0625,y,-0.3125,2.2,2.2,0.0,0.1,2.2
2014,1.0,20dB_nominal_difference,real,truth_OFFLINE,OFFLINE_TRUTH,XY,z,-0.0625,x,0.1875,y,-0.3125,0.1,0.1,0.0,0.1,2.2
2014,1.0,20dB_nominal_difference,real,truth_OFFLINE,OFFLINE_TRUTH,XY,z,-0.0625,x,0.3125,y,-0.3125,0.1,0.1,0.0,0.1,2.2
2014,1.0,20dB_nominal_difference,real,truth_OFFLINE,OFFLINE_TRUTH,XY,z,-0.0625,x,0.4375,y,-0.3125,0.1,0.1,0.0,0.1,2.2
2014,1.0,20dB_nominal_difference,real,truth_OFFLINE,OFFLINE_TRUTH,XY,z,-0.0625,x,0.5625,y,-0.3125,0.1,0.1,0.0,0.1,2.2
2014,1.0,20dB_nominal_difference,real,truth_OFFLINE,OFFLINE_TRUTH,XY,z,-0.0625,x,0.6875,y,-0.3125,0.1,0.1,0.0,0.1,2.2
2014,1.0,20dB_nominal_difference,real,truth_OFFLINE,OFFLINE_TRUTH,XY,z,-0.0625,x,-0.6875,y,-0.1875,0.1,0.1,0.0,0.1,2.2
2014,1.0,20dB_nominal_difference,real,truth_OFFLINE,OFFLINE_TRUTH,XY,z,-0.0625,x,-0.5625,y,-0.1875,0.1,0.1,0.0,0.1,2.2
2014,1.0,20dB_nominal_difference,real,truth_OFFLINE,OFFLINE_TRUTH,XY,z,-0.0625,x,-0.4375,y,-0.1875,0.1,0.1,0.0,0.1,2.2
2014,1.0,20dB_nominal_difference,real,truth_OFFLINE,OFFLINE_TRUTH,XY,z,-0.0625,x,-0.3125,y,-0.1875,0.9,0.9,0.0,0.1,2.2
2014,1.0,20dB_nominal_difference,real,truth_OFFLINE,OFFLINE_TRUTH,XY,z,-0.0625,x,-0.1875,y,-0.1875,0.9,0.9,0.0,0.1,2.2
2014,1.0,20dB_nominal_difference,real,truth_OFFLINE,OFFLINE_TRUTH,XY,z,-0.0625,x,-0.0625,y,-0.1875,0.1,0.1,0.0,0.1,2.2
2014,1.0,20dB_nominal_difference,real,truth_OFFLINE,OFFLINE_TRUTH,XY,z,-0.0625,x,0.0625,y,-0.1875,0.1,0.1,0.0,0.1,2.2
2014,1.0,20dB_nominal_difference,real,truth_OFFLINE,OFFLINE_TRUTH,XY,z,-0.0625,x,0.1875,y,-0.1875,0.1,0.1,0.0,0.1,2.2
2014,1.0,20dB_nominal_difference,real,truth_OFFLINE,OFFLINE_TRUTH,XY,z,-0.0625,x,0.3125,y,-0.1875,0.1,0.1,0.0,0.1,2.2
2014,1.0,20dB_nominal_difference,real,truth_OFFLINE,OFFLINE_TRUTH,XY,z,-0.0625,x,0.4375,y,-0.1875,0.1,0.1,0.0,0.1,2.2
2014,1.0,20dB_nominal_difference,real,truth_OFFLINE,OFFLINE_TRUTH,XY,z,-0.0625,x,0.5625,y,-0.1875,0.1,0.1,0.0,0.1,2.2
2014,1.0,20dB_nominal_difference,real,truth_OFFLINE,OFFLINE_TRUTH,XY,z,-0.0625,x,0.6875,y,-0.1875,0.1,0.1,0.0,0.1,2.2
2014,1.0,20dB_nominal_difference,real,truth_OFFLINE,OFFLINE_TRUTH,XY,z,-0.0625,x,-0.6875,y,-0.0625,0.1,0.1,0.0,0.1,2.2
2014,1.0,20dB_nominal_difference,real,truth_OFFLINE,OFFLINE_TRUTH,XY,z,-0.0625,x,-0.5625,y,-0.0625,0.1,0.1,0.0,0.1,2.2
2014,1.0,20dB_nominal_difference,real,truth_OFFLINE,OFFLINE_TRUTH,XY,z,-0.0625,x,-0.4375,y,-0.0625,0.1,0.1,0.0,0.1,2.2
2014,1.0,20dB_nominal_difference,real,truth_OFFLINE,OFFLINE_TRUTH,XY,z,-0.0625,x,-0.3125,y,-0.0625,0.9,0.9,0.0,0.1,2.2
2014,1.0,20dB_nominal_difference,real,truth_OFFLINE,OFFLINE_TRUTH,XY,z,-0.0625,x,-0.1875,y,-0.0625,0.9,0.9,0.0,0.1,2.2
2014,1.0,20dB_nominal_difference,real,truth_OFFLINE,OFFLINE_TRUTH,XY,z,-0.0625,x,-0.0625,y,-0.0625,0.1,0.1,0.0,0.1,2.2
2014,1.0,20dB_nominal_difference,real,truth_OFFLINE,OFFLINE_TRUTH,XY,z,-0.0625,x,0.0625,y,-0.0625,0.1,0.1,0.0,0.1,2.2
2014,1.0,20dB_nominal_difference,real,truth_OFFLINE,OFFLINE_TRUTH,XY,z,-0.0625,x,0.1875,y,-0.0625,0.1,0.1,0.0,0.1,2.2
2014,1.0,20dB_nominal_difference,real,truth_OFFLINE,OFFLINE_TRUTH,XY,z,-0.0625,x,0.3125,y,-0.0625,0.1,0.1,0.0,0.1,2.2
2014,1.0,20dB_nominal_difference,real,truth_OFFLINE,OFFLINE_TRUTH,XY,z,-0.0625,x,0.4375,y,-0.0625,0.1,0.1,0.0,0.1,2.2
2014,1.0,20dB_nominal_difference,real,truth_OFFLINE,OFFLINE_TRUTH,XY,z,-0.0625,x,0.5625,y,-0.0625,0.1,0.1,0.0,0.1,2.2
2014,1.0,20dB_nominal_difference,real,truth_OFFLINE,OFFLINE_TRUTH,XY,z,-0.0625,x,0.6875,y,-0.0625,0.1,0.1,0.0,0.1,2.2
2014,1.0,20dB_nominal_difference,real,truth_OFFLINE,OFFLINE_TRUTH,XY,z,-0.0625,x,-0.6875,y,0.0625,0.1,0.1,0.0,0.1,2.2
2014,1.0,20dB_nominal_difference,real,truth_OFFLINE,OFFLINE_TRUTH,XY,z,-0.0625,x,-0.5625,y,0.0625,0.1,0.1,0.0,0.1,2.2
2014,1.0,20dB_nominal_difference,real,truth_OFFLINE,OFFLINE_TRUTH,XY,z,-0.0625,x,-0.4375,y,0.0625,0.1,0.1,0.0,0.1,2.2
2014,1.0,20dB_nominal_difference,real,truth_OFFLINE,OFFLINE_TRUTH,XY,z,-0.0625,x,-0.3125,y,0.0625,0.1,0.1,0.0,0.1,2.2
2014,1.0,20dB_nominal_difference,real,truth_OFFLINE,OFFLINE_TRUTH,XY,z,-0.0625,x,-0.1875,y,0.0625,0.1,0.1,0.0,0.1,2.2
2014,1.0,20dB_nominal_difference,real,truth_OFFLINE,OFFLINE_TRUTH,XY,z,-0.0625,x,-0.0625,y,0.0625,0.1,0.1,0.0,0.1,2.2
2014,1.0,20dB_nominal_difference,real,truth_OFFLINE,OFFLINE_TRUTH,XY,z,-0.0625,x,0.0625,y,0.0625,0.1,0.1,0.0,0.1,2.2
2014,1.0,20dB_nominal_difference,real,truth_OFFLINE,OFFLINE_TRUTH,XY,z,-0.0625,x,0.1875,y,0.0625,0.1,0.1,0.0,0.1,2.2
2014,1.0,20dB_nominal_difference,real,truth_OFFLINE,OFFLINE_TRUTH,XY,z,-0.0625,x,0.3125,y,0.0625,1.5500000000000003,1.5500000000000003,0.0,0.1,2.2
2014,1.0,20dB_nominal_difference,real,truth_OFFLINE,OFFLINE_TRUTH,XY,z,-0.0625,x,0.4375,y,0.0625,0.1,0.1,0.0,0.1,2.2
2014,1.0,20dB_nominal_difference,real,truth_OFFLINE,OFFLINE_TRUTH,XY,z,-0.0625,x,0.5625,y,0.0625,0.1,0.1,0.0,0.1,2.2
2014,1.0,20dB_nominal_difference,real,truth_OFFLINE,OFFLINE_TRUTH,XY,z,-0.0625,x,0.6875,y,0.0625,0.1,0.1,0.0,0.1,2.2
2014,1.0,20dB_nominal_difference,real,truth_OFFLINE,OFFLINE_TRUTH,XY,z,-0.0625,x,-0.6875,y,0.1875,0.1,0.1,0.0,0.1,2.2
2014,1.0,20dB_nominal_difference,real,truth_OFFLINE,OFFLINE_TRUTH,XY,z,-0.0625,x,-0.5625,y,0.1875,0.1,0.1,0.0,0.1,2.2
2014,1.0,20dB_nominal_difference,real,truth_OFFLINE,OFFLINE_TRUTH,XY,z,-0.0625,x,-0.4375,y,0.1875,0.1,0.1,0.0,0.1,2.2
2014,1.0,20dB_nominal_difference,real,truth_OFFLINE,OFFLINE_TRUTH,XY,z,-0.0625,x,-0.3125,y,0.1875,0.1,0.1,0.0,0.1,2.2
2014,1.0,20dB_nominal_difference,real,truth_OFFLINE,OFFLINE_TRUTH,XY,z,-0.0625,x,-0.1875,y,0.1875,0.1,0.1,0.0,0.1,2.2
2014,1.0,20dB_nominal_difference,real,truth_OFFLINE,OFFLINE_TRUTH,XY,z,-0.0625,x,-0.0625,y,0.1875,0.1,0.1,0.0,0.1,2.2
2014,1.0,20dB_nominal_difference,real,truth_OFFLINE,OFFLINE_TRUTH,XY,z,-0.0625,x,0.0625,y,0.1875,0.1,0.1,0.0,0.1,2.2
2014,1.0,20dB_nominal_difference,real,truth_OFFLINE,OFFLINE_TRUTH,XY,z,-0.0625,x,0.1875,y,0.1875,1.5500000000000003,1.5500000000000003,0.0,0.1,2.2
2014,1.0,20dB_nominal_difference,real,truth_OFFLINE,OFFLINE_TRUTH,XY,z,-0.0625,x,0.3125,y,0.1875,1.5500000000000003,1.5500000000000003,0.0,0.1,2.2
2014,1.0,20dB_nominal_difference,real,truth_OFFLINE,OFFLINE_TRUTH,XY,z,-0.0625,x,0.4375,y,0.1875,1.5500000000000003,1.5500000000000003,0.0,0.1,2.2
2014,1.0,20dB_nominal_difference,real,truth_OFFLINE,OFFLINE_TRUTH,XY,z,-0.0625,x,0.5625,y,0.1875,0.1,0.1,0.0,0.1,2.2
2014,1.0,20dB_nominal_difference,real,truth_OFFLINE,OFFLINE_TRUTH,XY,z,-0.0625,x,0.6875,y,0.1875,0.1,0.1,0.0,0.1,2.2
2014,1.0,20dB_nominal_difference,real,truth_OFFLINE,OFFLINE_TRUTH,XY,z,-0.0625,x,-0.6875,y,0.3125,0.1,0.1,0.0,0.1,2.2
2014,1.0,20dB_nominal_difference,real,truth_OFFLINE,OFFLINE_TRUTH,XY,z,-0.0625,x,-0.5625,y,0.3125,0.1,0.1,0.0,0.1,2.2
2014,1.0,20dB_nominal_difference,real,truth_OFFLINE,OFFLINE_TRUTH,XY,z,-0.0625,x,-0.4375,y,0.3125,0.1,0.1,0.0,0.1,2.2
2014,1.0,20dB_nominal_difference,real,truth_OFFLINE,OFFLINE_TRUTH,XY,z,-0.0625,x,-0.3125,y,0.3125,0.1,0.1,0.0,0.1,2.2
2014,1.0,20dB_nominal_difference,real,truth_OFFLINE,OFFLINE_TRUTH,XY,z,-0.0625,x,-0.1875,y,0.3125,0.1,0.1,0.0,0.1,2.2
2014,1.0,20dB_nominal_difference,real,truth_OFFLINE,OFFLINE_TRUTH,XY,z,-0.0625,x,-0.0625,y,0.3125,0.1,0.1,0.0,0.1,2.2
2014,1.0,20dB_nominal_difference,real,truth_OFFLINE,OFFLINE_TRUTH,XY,z,-0.0625,x,0.0625,y,0.3125,0.1,0.1,0.0,0.1,2.2
2014,1.0,20dB_nominal_difference,real,truth_OFFLINE,OFFLINE_TRUTH,XY,z,-0.0625,x,0.1875,y,0.3125,0.1,0.1,0.0,0.1,2.2
2014,1.0,20dB_nominal_difference,real,truth_OFFLINE,OFFLINE_TRUTH,XY,z,-0.0625,x,0.3125,y,0.3125,1.5500000000000003,1.5500000000000003,0.0,0.1,2.2
2014,1.0,20dB_nominal_difference,real,truth_OFFLINE,OFFLINE_TRUTH,XY,z,-0.0625,x,0.4375,y,0.3125,0.1,0.1,0.0,0.1,2.2
2014,1.0,20dB_nominal_difference,real,truth_OFFLINE,OFFLINE_TRUTH,XY,z,-0.0625,x,0.5625,y,0.3125,0.1,0.1,0.0,0.1,2.2
2014,1.0,20dB_nominal_difference,real,truth_OFFLINE,OFFLINE_TRUTH,XY,z,-0.0625,x,0.6875,y,0.3125,0.1,0.1,0.0,0.1,2.2
2014,1.0,20dB_nominal_difference,real,truth_OFFLINE,OFFLINE_TRUTH,XY,z,-0.0625,x,-0.6875,y,0.4375,0.1,0.1,0.0,0.1,2.2
2014,1.0,20dB_nominal_difference,real,truth_OFFLINE,OFFLINE_TRUTH,XY,z,-0.0625,x,-0.5625,y,0.4375,0.1,0.1,0.0,0.1,2.2
2014,1.0,20dB_nominal_difference,real,truth_OFFLINE,OFFLINE_TRUTH,XY,z,-0.0625,x,-0.4375,y,0.4375,0.1,0.1,0.0,0.1,2.2
2014,1.0,20dB_nominal_difference,real,truth_OFFLINE,OFFLINE_TRUTH,XY,z,-0.0625,x,-0.3125,y,0.4375,0.1,0.1,0.0,0.1,2.2
2014,1.0,20dB_nominal_difference,real,truth_OFFLINE,OFFLINE_TRUTH,XY,z,-0.0625,x,-0.1875,y,0.4375,0.1,0.1,0.0,0.1,2.2
2014,1.0,20dB_nominal_difference,real,truth_OFFLINE,OFFLINE_TRUTH,XY,z,-0.0625,x,-0.0625,y,0.4375,0.1,0.1,0.0,0.1,2.2
2014,1.0,20dB_nominal_difference,real,truth_OFFLINE,OFFLINE_TRUTH,XY,z,-0.0625,x,0.0625,y,0.4375,0.1,0.1,0.0,0.1,2.2
2014,1.0,20dB_nominal_difference,real,truth_OFFLINE,OFFLINE_TRUTH,XY,z,-0.0625,x,0.1875,y,0.4375,0.1,0.1,0.0,0.1,2.2
2014,1.0,20dB_nominal_difference,real,truth_OFFLINE,OFFLINE_TRUTH,XY,z,-0.0625,x,0.3125,y,0.4375,0.1,0.1,0.0,0.1,2.2
2014,1.0,20dB_nominal_difference,real,truth_OFFLINE,OFFLINE_TRUTH,XY,z,-0.0625,x,0.4375,y,0.4375,0.1,0.1,0.0,0.1,2.2
2014,1.0,20dB_nominal_difference,real,truth_OFFLINE,OFFLINE_TRUTH,XY,z,-0.0625,x,0.5625,y,0.4375,0.1,0.1,0.0,0.1,2.2
2014,1.0,20dB_nominal_difference,real,truth_OFFLINE,OFFLINE_TRUTH,XY,z,-0.0625,x,0.6875,y,0.4375,0.1,0.1,0.0,0.1,2.2
2014,1.0,20dB_nominal_difference,real,truth_OFFLINE,OFFLINE_TRUTH,XY,z,-0.0625,x,-0.6875,y,0.5625,0.1,0.1,0.0,0.1,2.2
2014,1.0,20dB_nominal_difference,real,truth_OFFLINE,OFFLINE_TRUTH,XY,z,-0.0625,x,-0.5625,y,0.5625,0.1,0.1,0.0,0.1,2.2
2014,1.0,20dB_nominal_difference,real,truth_OFFLINE,OFFLINE_TRUTH,XY,z,-0.0625,x,-0.4375,y,0.5625,0.1,0.1,0.0,0.1,2.2
2014,1.0,20dB_nominal_difference,real,truth_OFFLINE,OFFLINE_TRUTH,XY,z,-0.0625,x,-0.3125,y,0.5625,0.1,0.1,0.0,0.1,2.2
2014,1.0,20dB_nominal_difference,real,truth_OFFLINE,OFFLINE_TRUTH,XY,z,-0.0625,x,-0.1875,y,0.5625,0.1,0.1,0.0,0.1,2.2
2014,1.0,20dB_nominal_difference,real,truth_OFFLINE,OFFLINE_TRUTH,XY,z,-0.0625,x,-0.0625,y,0.5625,0.1,0.1,0.0,0.1,2.2
2014,1.0,20dB_nominal_difference,real,truth_OFFLINE,OFFLINE_TRUTH,XY,z,-0.0625,x,0.0625,y,0.5625,0.1,0.1,0.0,0.1,2.2
2014,1.0,20dB_nominal_difference,real,truth_OFFLINE,OFFLINE_TRUTH,XY,z,-0.0625,x,0.1875,y,0.5625,0.1,0.1,0.0,0.1,2.2
2014,1.0,20dB_nominal_difference,real,truth_OFFLINE,OFFLINE_TRUTH,XY,z,-0.0625,x,0.3125,y,0.5625,0.1,0.1,0.0,0.1,2.2
2014,1.0,20dB_nominal_difference,real,truth_OFFLINE,OFFLINE_TRUTH,XY,z,-0.0625,x,0.4375,y,0.5625,0.1,0.1,0.0,0.1,2.2
2014,1.0,20dB_nominal_difference,real,truth_OFFLINE,OFFLINE_TRUTH,XY,z,-0.0625,x,0.5625,y,0.5625,0.1,0.1,0.0,0.1,2.2
2014,1.0,20dB_nominal_difference,real,truth_OFFLINE,OFFLINE_TRUTH,XY,z,-0.0625,x,0.6875,y,0.5625,0.1,0.1,0.0,0.1,2.2
2014,1.0,20dB_nominal_difference,real,truth_OFFLINE,OFFLINE_TRUTH,XY,z,-0.0625,x,-0.6875,y,0.6875,0.1,0.1,0.0,0.1,2.2
2014,1.0,20dB_nominal_difference,real,truth_OFFLINE,OFFLINE_TRUTH,XY,z,-0.0625,x,-0.5625,y,0.6875,0.1,0.1,0.0,0.1,2.2
2014,1.0,20dB_nominal_difference,real,truth_OFFLINE,OFFLINE_TRUTH,XY,z,-0.0625,x,-0.4375,y,0.6875,0.1,0.1,0.0,0.1,2.2
2014,1.0,20dB_nominal_difference,real,truth_OFFLINE,OFFLINE_TRUTH,XY,z,-0.0625,x,-0.3125,y,0.6875,0.1,0.1,0.0,0.1,2.2
2014,1.0,20dB_nominal_difference,real,truth_OFFLINE,OFFLINE_TRUTH,XY,z,-0.0625,x,-0.1875,y,0.6875,0.1,0.1,0.0,0.1,2.2
2014,1.0,20dB_nominal_difference,real,truth_OFFLINE,OFFLINE_TRUTH,XY,z,-0.0625,x,-0.0625,y,0.6875,0.1,0.1,0.0,0.1,2.2
2014,1.0,20dB_nominal_difference,real,truth_OFFLINE,OFFLINE_TRUTH,XY,z,-0.0625,x,0.0625,y,0.6875,0.1,0.1,0.0,0.1,2.2
2014,1.0,20dB_nominal_difference,real,truth_OFFLINE,OFFLINE_TRUTH,XY,z,-0.0625,x,0.1875,y,0.6875,0.1,0.1,0.0,0.1,2.2
2014,1.0,20dB_nominal_difference,real,truth_OFFLINE,OFFLINE_TRUTH,XY,z,-0.0625,x,0.3125,y,0.6875,0.1,0.1,0.0,0.1,2.2
2014,1.0,20dB_nominal_difference,real,truth_OFFLINE,OFFLINE_TRUTH,XY,z,-0.0625,x,0.4375,y,0.6875,0.1,0.1,0.0,0.1,2.2
2014,1.0,20dB_nominal_difference,real,truth_OFFLINE,OFFLINE_TRUTH,XY,z,-0.0625,x,0.5625,y,0.6875,0.1,0.1,0.0,0.1,2.2
2014,1.0,20dB_nominal_difference,real,truth_OFFLINE,OFFLINE_TRUTH,XY,z,-0.0625,x,0.6875,y,0.6875,0.1,0.1,0.0,0.1,2.2
2014,1.0,20dB_nominal_difference,real,truth_OFFLINE,OFFLINE_TRUTH,XZ,y,-0.0625,x,-0.6875,z,-0.6875,0.1,0.1,0.0,0.1,2.2
2014,1.0,20dB_nominal_difference,real,truth_OFFLINE,OFFLINE_TRUTH,XZ,y,-0.0625,x,-0.5625,z,-0.6875,0.1,0.1,0.0,0.1,2.2
2014,1.0,20dB_nominal_difference,real,truth_OFFLINE,OFFLINE_TRUTH,XZ,y,-0.0625,x,-0.4375,z,-0.6875,0.1,0.1,0.0,0.1,2.2
2014,1.0,20dB_nominal_difference,real,truth_OFFLINE,OFFLINE_TRUTH,XZ,y,-0.0625,x,-0.3125,z,-0.6875,0.1,0.1,0.0,0.1,2.2
2014,1.0,20dB_nominal_difference,real,truth_OFFLINE,OFFLINE_TRUTH,XZ,y,-0.0625,x,-0.1875,z,-0.6875,0.1,0.1,0.0,0.1,2.2
2014,1.0,20dB_nominal_difference,real,truth_OFFLINE,OFFLINE_TRUTH,XZ,y,-0.0625,x,-0.0625,z,-0.6875,0.1,0.1,0.0,0.1,2.2
2014,1.0,20dB_nominal_difference,real,truth_OFFLINE,OFFLINE_TRUTH,XZ,y,-0.0625,x,0.0625,z,-0.6875,0.1,0.1,0.0,0.1,2.2
2014,1.0,20dB_nominal_difference,real,truth_OFFLINE,OFFLINE_TRUTH,XZ,y,-0.0625,x,0.1875,z,-0.6875,0.1,0.1,0.0,0.1,2.2
2014,1.0,20dB_nominal_difference,real,truth_OFFLINE,OFFLINE_TRUTH,XZ,y,-0.0625,x,0.3125,z,-0.6875,0.1,0.1,0.0,0.1,2.2
2014,1.0,20dB_nominal_difference,real,truth_OFFLINE,OFFLINE_TRUTH,XZ,y,-0.0625,x,0.4375,z,-0.6875,0.1,0.1,0.0,0.1,2.2
2014,1.0,20dB_nominal_difference,real,truth_OFFLINE,OFFLINE_TRUTH,XZ,y,-0.0625,x,0.5625,z,-0.6875,0.1,0.1,0.0,0.1,2.2
2014,1.0,20dB_nominal_difference,real,truth_OFFLINE,OFFLINE_TRUTH,XZ,y,-0.0625,x,0.6875,z,-0.6875,0.1,0.1,0.0,0.1,2.2
2014,1.0,20dB_nominal_difference,real,truth_OFFLINE,OFFLINE_TRUTH,XZ,y,-0.0625,x,-0.6875,z,-0.5625,0.1,0.1,0.0,0.1,2.2
2014,1.0,20dB_nominal_difference,real,truth_OFFLINE,OFFLINE_TRUTH,XZ,y,-0.0625,x,-0.5625,z,-0.5625,0.1,0.1,0.0,0.1,2.2
2014,1.0,20dB_nominal_difference,real,truth_OFFLINE,OFFLINE_TRUTH,XZ,y,-0.0625,x,-0.4375,z,-0.5625,0.1,0.1,0.0,0.1,2.2
2014,1.0,20dB_nominal_difference,real,truth_OFFLINE,OFFLINE_TRUTH,XZ,y,-0.0625,x,-0.3125,z,-0.5625,0.1,0.1,0.0,0.1,2.2
2014,1.0,20dB_nominal_difference,real,truth_OFFLINE,OFFLINE_TRUTH,XZ,y,-0.0625,x,-0.1875,z,-0.5625,0.1,0.1,0.0,0.1,2.2
2014,1.0,20dB_nominal_difference,real,truth_OFFLINE,OFFLINE_TRUTH,XZ,y,-0.0625,x,-0.0625,z,-0.5625,0.1,0.1,0.0,0.1,2.2
2014,1.0,20dB_nominal_difference,real,truth_OFFLINE,OFFLINE_TRUTH,XZ,y,-0.0625,x,0.0625,z,-0.5625,0.1,0.1,0.0,0.1,2.2
2014,1.0,20dB_nominal_difference,real,truth_OFFLINE,OFFLINE_TRUTH,XZ,y,-0.0625,x,0.1875,z,-0.5625,0.1,0.1,0.0,0.1,2.2
2014,1.0,20dB_nominal_difference,real,truth_OFFLINE,OFFLINE_TRUTH,XZ,y,-0.0625,x,0.3125,z,-0.5625,0.1,0.1,0.0,0.1,2.2
2014,1.0,20dB_nominal_difference,real,truth_OFFLINE,OFFLINE_TRUTH,XZ,y,-0.0625,x,0.4375,z,-0.5625,0.1,0.1,0.0,0.1,2.2
2014,1.0,20dB_nominal_difference,real,truth_OFFLINE,OFFLINE_TRUTH,XZ,y,-0.0625,x,0.5625,z,-0.5625,0.1,0.1,0.0,0.1,2.2
2014,1.0,20dB_nominal_difference,real,truth_OFFLINE,OFFLINE_TRUTH,XZ,y,-0.0625,x,0.6875,z,-0.5625,0.1,0.1,0.0,0.1,2.2
2014,1.0,20dB_nominal_difference,real,truth_OFFLINE,OFFLINE_TRUTH,XZ,y,-0.0625,x,-0.6875,z,-0.4375,0.1,0.1,0.0,0.1,2.2
2014,1.0,20dB_nominal_difference,real,truth_OFFLINE,OFFLINE_TRUTH,XZ,y,-0.0625,x,-0.5625,z,-0.4375,0.1,0.1,0.0,0.1,2.2
2014,1.0,20dB_nominal_difference,real,truth_OFFLINE,OFFLINE_TRUTH,XZ,y,-0.0625,x,-0.4375,z,-0.4375,0.1,0.1,0.0,0.1,2.2
2014,1.0,20dB_nominal_difference,real,truth_OFFLINE,OFFLINE_TRUTH,XZ,y,-0.0625,x,-0.3125,z,-0.4375,0.1,0.1,0.0,0.1,2.2
2014,1.0,20dB_nominal_difference,real,truth_OFFLINE,OFFLINE_TRUTH,XZ,y,-0.0625,x,-0.1875,z,-0.4375,0.1,0.1,0.0,0.1,2.2
2014,1.0,20dB_nominal_difference,real,truth_OFFLINE,OFFLINE_TRUTH,XZ,y,-0.0625,x,-0.0625,z,-0.4375,0.1,0.1,0.0,0.1,2.2
2014,1.0,20dB_nominal_difference,real,truth_OFFLINE,OFFLINE_TRUTH,XZ,y,-0.0625,x,0.0625,z,-0.4375,0.1,0.1,0.0,0.1,2.2
2014,1.0,20dB_nominal_difference,real,truth_OFFLINE,OFFLINE_TRUTH,XZ,y,-0.0625,x,0.1875,z,-0.4375,0.1,0.1,0.0,0.1,2.2
2014,1.0,20dB_nominal_difference,real,truth_OFFLINE,OFFLINE_TRUTH,XZ,y,-0.0625,x,0.3125,z,-0.4375,0.1,0.1,0.0,0.1,2.2
2014,1.0,20dB_nominal_difference,real,truth_OFFLINE,OFFLINE_TRUTH,XZ,y,-0.0625,x,0.4375,z,-0.4375,0.1,0.1,0.0,0.1,2.2
2014,1.0,20dB_nominal_difference,real,truth_OFFLINE,OFFLINE_TRUTH,XZ,y,-0.0625,x,0.5625,z,-0.4375,0.1,0.1,0.0,0.1,2.2
2014,1.0,20dB_nominal_difference,real,truth_OFFLINE,OFFLINE_TRUTH,XZ,y,-0.0625,x,0.6875,z,-0.4375,0.1,0.1,0.0,0.1,2.2
2014,1.0,20dB_nominal_difference,real,truth_OFFLINE,OFFLINE_TRUTH,XZ,y,-0.0625,x,-0.6875,z,-0.3125,0.1,0.1,0.0,0.1,2.2
2014,1.0,20dB_nominal_difference,real,truth_OFFLINE,OFFLINE_TRUTH,XZ,y,-0.0625,x,-0.5625,z,-0.3125,0.1,0.1,0.0,0.1,2.2
2014,1.0,20dB_nominal_difference,real,truth_OFFLINE,OFFLINE_TRUTH,XZ,y,-0.0625,x,-0.4375,z,-0.3125,0.1,0.1,0.0,0.1,2.2
2014,1.0,20dB_nominal_difference,real,truth_OFFLINE,OFFLINE_TRUTH,XZ,y,-0.0625,x,-0.3125,z,-0.3125,0.1,0.1,0.0,0.1,2.2
2014,1.0,20dB_nominal_difference,real,truth_OFFLINE,OFFLINE_TRUTH,XZ,y,-0.0625,x,-0.1875,z,-0.3125,0.1,0.1,0.0,0.1,2.2
2014,1.0,20dB_nominal_difference,real,truth_OFFLINE,OFFLINE_TRUTH,XZ,y,-0.0625,x,-0.0625,z,-0.3125,0.1,0.1,0.0,0.1,2.2
2014,1.0,20dB_nominal_difference,real,truth_OFFLINE,OFFLINE_TRUTH,XZ,y,-0.0625,x,0.0625,z,-0.3125,0.1,0.1,0.0,0.1,2.2
2014,1.0,20dB_nominal_difference,real,truth_OFFLINE,OFFLINE_TRUTH,XZ,y,-0.0625,x,0.1875,z,-0.3125,0.1,0.1,0.0,0.1,2.2
2014,1.0,20dB_nominal_difference,real,truth_OFFLINE,OFFLINE_TRUTH,XZ,y,-0.0625,x,0.3125,z,-0.3125,0.1,0.1,0.0,0.1,2.2
2014,1.0,20dB_nominal_difference,real,truth_OFFLINE,OFFLINE_TRUTH,XZ,y,-0.0625,x,0.4375,z,-0.3125,0.1,0.1,0.0,0.1,2.2
2014,1.0,20dB_nominal_difference,real,truth_OFFLINE,OFFLINE_TRUTH,XZ,y,-0.0625,x,0.5625,z,-0.3125,0.1,0.1,0.0,0.1,2.2
2014,1.0,20dB_nominal_difference,real,truth_OFFLINE,OFFLINE_TRUTH,XZ,y,-0.0625,x,0.6875,z,-0.3125,0.1,0.1,0.0,0.1,2.2
2014,1.0,20dB_nominal_difference,real,truth_OFFLINE,OFFLINE_TRUTH,XZ,y,-0.0625,x,-0.6875,z,-0.1875,0.1,0.1,0.0,0.1,2.2
2014,1.0,20dB_nominal_difference,real,truth_OFFLINE,OFFLINE_TRUTH,XZ,y,-0.0625,x,-0.5625,z,-0.1875,0.1,0.1,0.0,0.1,2.2
2014,1.0,20dB_nominal_difference,real,truth_OFFLINE,OFFLINE_TRUTH,XZ,y,-0.0625,x,-0.4375,z,-0.1875,0.1,0.1,0.0,0.1,2.2
2014,1.0,20dB_nominal_difference,real,truth_OFFLINE,OFFLINE_TRUTH,XZ,y,-0.0625,x,-0.3125,z,-0.1875,0.1,0.1,0.0,0.1,2.2
2014,1.0,20dB_nominal_difference,real,truth_OFFLINE,OFFLINE_TRUTH,XZ,y,-0.0625,x,-0.1875,z,-0.1875,0.1,0.1,0.0,0.1,2.2
2014,1.0,20dB_nominal_difference,real,truth_OFFLINE,OFFLINE_TRUTH,XZ,y,-0.0625,x,-0.0625,z,-0.1875,0.1,0.1,0.0,0.1,2.2
2014,1.0,20dB_nominal_difference,real,truth_OFFLINE,OFFLINE_TRUTH,XZ,y,-0.0625,x,0.0625,z,-0.1875,0.1,0.1,0.0,0.1,2.2
2014,1.0,20dB_nominal_difference,real,truth_OFFLINE,OFFLINE_TRUTH,XZ,y,-0.0625,x,0.1875,z,-0.1875,0.1,0.1,0.0,0.1,2.2
2014,1.0,20dB_nominal_difference,real,truth_OFFLINE,OFFLINE_TRUTH,XZ,y,-0.0625,x,0.3125,z,-0.1875,0.1,0.1,0.0,0.1,2.2
2014,1.0,20dB_nominal_difference,real,truth_OFFLINE,OFFLINE_TRUTH,XZ,y,-0.0625,x,0.4375,z,-0.1875,0.1,0.1,0.0,0.1,2.2
2014,1.0,20dB_nominal_difference,real,truth_OFFLINE,OFFLINE_TRUTH,XZ,y,-0.0625,x,0.5625,z,-0.1875,0.1,0.1,0.0,0.1,2.2
2014,1.0,20dB_nominal_difference,real,truth_OFFLINE,OFFLINE_TRUTH,XZ,y,-0.0625,x,0.6875,z,-0.1875,0.1,0.1,0.0,0.1,2.2
2014,1.0,20dB_nominal_difference,real,truth_OFFLINE,OFFLINE_TRUTH,XZ,y,-0.0625,x,-0.6875,z,-0.0625,0.1,0.1,0.0,0.1,2.2
2014,1.0,20dB_nominal_difference,real,truth_OFFLINE,OFFLINE_TRUTH,XZ,y,-0.0625,x,-0.5625,z,-0.0625,0.1,0.1,0.0,0.1,2.2
2014,1.0,20dB_nominal_difference,real,truth_OFFLINE,OFFLINE_TRUTH,XZ,y,-0.0625,x,-0.4375,z,-0.0625,0.1,0.1,0.0,0.1,2.2
2014,1.0,20dB_nominal_difference,real,truth_OFFLINE,OFFLINE_TRUTH,XZ,y,-0.0625,x,-0.3125,z,-0.0625,0.9,0.9,0.0,0.1,2.2
2014,1.0,20dB_nominal_difference,real,truth_OFFLINE,OFFLINE_TRUTH,XZ,y,-0.0625,x,-0.1875,z,-0.0625,0.9,0.9,0.0,0.1,2.2
2014,1.0,20dB_nominal_difference,real,truth_OFFLINE,OFFLINE_TRUTH,XZ,y,-0.0625,x,-0.0625,z,-0.0625,0.1,0.1,0.0,0.1,2.2
2014,1.0,20dB_nominal_difference,real,truth_OFFLINE,OFFLINE_TRUTH,XZ,y,-0.0625,x,0.0625,z,-0.0625,0.1,0.1,0.0,0.1,2.2
2014,1.0,20dB_nominal_difference,real,truth_OFFLINE,OFFLINE_TRUTH,XZ,y,-0.0625,x,0.1875,z,-0.0625,0.1,0.1,0.0,0.1,2.2
2014,1.0,20dB_nominal_difference,real,truth_OFFLINE,OFFLINE_TRUTH,XZ,y,-0.0625,x,0.3125,z,-0.0625,0.1,0.1,0.0,0.1,2.2
2014,1.0,20dB_nominal_difference,real,truth_OFFLINE,OFFLINE_TRUTH,XZ,y,-0.0625,x,0.4375,z,-0.0625,0.1,0.1,0.0,0.1,2.2
2014,1.0,20dB_nominal_difference,real,truth_OFFLINE,OFFLINE_TRUTH,XZ,y,-0.0625,x,0.5625,z,-0.0625,0.1,0.1,0.0,0.1,2.2
2014,1.0,20dB_nominal_difference,real,truth_OFFLINE,OFFLINE_TRUTH,XZ,y,-0.0625,x,0.6875,z,-0.0625,0.1,0.1,0.0,0.1,2.2
2014,1.0,20dB_nominal_difference,real,truth_OFFLINE,OFFLINE_TRUTH,XZ,y,-0.0625,x,-0.6875,z,0.0625,0.1,0.1,0.0,0.1,2.2
2014,1.0,20dB_nominal_difference,real,truth_OFFLINE,OFFLINE_TRUTH,XZ,y,-0.0625,x,-0.5625,z,0.0625,0.1,0.1,0.0,0.1,2.2
2014,1.0,20dB_nominal_difference,real,truth_OFFLINE,OFFLINE_TRUTH,XZ,y,-0.0625,x,-0.4375,z,0.0625,0.1,0.1,0.0,0.1,2.2
2014,1.0,20dB_nominal_difference,real,truth_OFFLINE,OFFLINE_TRUTH,XZ,y,-0.0625,x,-0.3125,z,0.0625,0.9,0.9,0.0,0.1,2.2
2014,1.0,20dB_nominal_difference,real,truth_OFFLINE,OFFLINE_TRUTH,XZ,y,-0.0625,x,-0.1875,z,0.0625,0.9,0.9,0.0,0.1,2.2
2014,1.0,20dB_nominal_difference,real,truth_OFFLINE,OFFLINE_TRUTH,XZ,y,-0.0625,x,-0.0625,z,0.0625,0.1,0.1,0.0,0.1,2.2
2014,1.0,20dB_nominal_difference,real,truth_OFFLINE,OFFLINE_TRUTH,XZ,y,-0.0625,x,0.0625,z,0.0625,0.1,0.1,0.0,0.1,2.2
2014,1.0,20dB_nominal_difference,real,truth_OFFLINE,OFFLINE_TRUTH,XZ,y,-0.0625,x,0.1875,z,0.0625,0.1,0.1,0.0,0.1,2.2
2014,1.0,20dB_nominal_difference,real,truth_OFFLINE,OFFLINE_TRUTH,XZ,y,-0.0625,x,0.3125,z,0.0625,0.1,0.1,0.0,0.1,2.2
2014,1.0,20dB_nominal_difference,real,truth_OFFLINE,OFFLINE_TRUTH,XZ,y,-0.0625,x,0.4375,z,0.0625,0.1,0.1,0.0,0.1,2.2
2014,1.0,20dB_nominal_difference,real,truth_OFFLINE,OFFLINE_TRUTH,XZ,y,-0.0625,x,0.5625,z,0.0625,0.1,0.1,0.0,0.1,2.2
2014,1.0,20dB_nominal_difference,real,truth_OFFLINE,OFFLINE_TRUTH,XZ,y,-0.0625,x,0.6875,z,0.0625,0.1,0.1,0.0,0.1,2.2
2014,1.0,20dB_nominal_difference,real,truth_OFFLINE,OFFLINE_TRUTH,XZ,y,-0.0625,x,-0.6875,z,0.1875,0.1,0.1,0.0,0.1,2.2
2014,1.0,20dB_nominal_difference,real,truth_OFFLINE,OFFLINE_TRUTH,XZ,y,-0.0625,x,-0.5625,z,0.1875,0.1,0.1,0.0,0.1,2.2
2014,1.0,20dB_nominal_difference,real,truth_OFFLINE,OFFLINE_TRUTH,XZ,y,-0.0625,x,-0.4375,z,0.1875,0.1,0.1,0.0,0.1,2.2
2014,1.0,20dB_nominal_difference,real,truth_OFFLINE,OFFLINE_TRUTH,XZ,y,-0.0625,x,-0.3125,z,0.1875,0.9,0.9,0.0,0.1,2.2
2014,1.0,20dB_nominal_difference,real,truth_OFFLINE,OFFLINE_TRUTH,XZ,y,-0.0625,x,-0.1875,z,0.1875,0.1,0.1,0.0,0.1,2.2
2014,1.0,20dB_nominal_difference,real,truth_OFFLINE,OFFLINE_TRUTH,XZ,y,-0.0625,x,-0.0625,z,0.1875,0.1,0.1,0.0,0.1,2.2
2014,1.0,20dB_nominal_difference,real,truth_OFFLINE,OFFLINE_TRUTH,XZ,y,-0.0625,x,0.0625,z,0.1875,0.1,0.1,0.0,0.1,2.2
2014,1.0,20dB_nominal_difference,real,truth_OFFLINE,OFFLINE_TRUTH,XZ,y,-0.0625,x,0.1875,z,0.1875,0.1,0.1,0.0,0.1,2.2
2014,1.0,20dB_nominal_difference,real,truth_OFFLINE,OFFLINE_TRUTH,XZ,y,-0.0625,x,0.3125,z,0.1875,0.1,0.1,0.0,0.1,2.2
2014,1.0,20dB_nominal_difference,real,truth_OFFLINE,OFFLINE_TRUTH,XZ,y,-0.0625,x,0.4375,z,0.1875,0.1,0.1,0.0,0.1,2.2
2014,1.0,20dB_nominal_difference,real,truth_OFFLINE,OFFLINE_TRUTH,XZ,y,-0.0625,x,0.5625,z,0.1875,0.1,0.1,0.0,0.1,2.2
2014,1.0,20dB_nominal_difference,real,truth_OFFLINE,OFFLINE_TRUTH,XZ,y,-0.0625,x,0.6875,z,0.1875,0.1,0.1,0.0,0.1,2.2
2014,1.0,20dB_nominal_difference,real,truth_OFFLINE,OFFLINE_TRUTH,XZ,y,-0.0625,x,-0.6875,z,0.3125,0.1,0.1,0.0,0.1,2.2
2014,1.0,20dB_nominal_difference,real,truth_OFFLINE,OFFLINE_TRUTH,XZ,y,-0.0625,x,-0.5625,z,0.3125,0.1,0.1,0.0,0.1,2.2
2014,1.0,20dB_nominal_difference,real,truth_OFFLINE,OFFLINE_TRUTH,XZ,y,-0.0625,x,-0.4375,z,0.3125,0.1,0.1,0.0,0.1,2.2
2014,1.0,20dB_nominal_difference,real,truth_OFFLINE,OFFLINE_TRUTH,XZ,y,-0.0625,x,-0.3125,z,0.3125,0.1,0.1,0.0,0.1,2.2
2014,1.0,20dB_nominal_difference,real,truth_OFFLINE,OFFLINE_TRUTH,XZ,y,-0.0625,x,-0.1875,z,0.3125,0.1,0.1,0.0,0.1,2.2
2014,1.0,20dB_nominal_difference,real,truth_OFFLINE,OFFLINE_TRUTH,XZ,y,-0.0625,x,-0.0625,z,0.3125,0.1,0.1,0.0,0.1,2.2
2014,1.0,20dB_nominal_difference,real,truth_OFFLINE,OFFLINE_TRUTH,XZ,y,-0.0625,x,0.0625,z,0.3125,0.1,0.1,0.0,0.1,2.2
2014,1.0,20dB_nominal_difference,real,truth_OFFLINE,OFFLINE_TRUTH,XZ,y,-0.0625,x,0.1875,z,0.3125,0.1,0.1,0.0,0.1,2.2
2014,1.0,20dB_nominal_difference,real,truth_OFFLINE,OFFLINE_TRUTH,XZ,y,-0.0625,x,0.3125,z,0.3125,0.1,0.1,0.0,0.1,2.2
2014,1.0,20dB_nominal_difference,real,truth_OFFLINE,OFFLINE_TRUTH,XZ,y,-0.0625,x,0.4375,z,0.3125,0.1,0.1,0.0,0.1,2.2
2014,1.0,20dB_nominal_difference,real,truth_OFFLINE,OFFLINE_TRUTH,XZ,y,-0.0625,x,0.5625,z,0.3125,0.1,0.1,0.0,0.1,2.2
2014,1.0,20dB_nominal_difference,real,truth_OFFLINE,OFFLINE_TRUTH,XZ,y,-0.0625,x,0.6875,z,0.3125,0.1,0.1,0.0,0.1,2.2
2014,1.0,20dB_nominal_difference,real,truth_OFFLINE,OFFLINE_TRUTH,XZ,y,-0.0625,x,-0.6875,z,0.4375,0.1,0.1,0.0,0.1,2.2
2014,1.0,20dB_nominal_difference,real,truth_OFFLINE,OFFLINE_TRUTH,XZ,y,-0.0625,x,-0.5625,z,0.4375,0.1,0.1,0.0,0.1,2.2
2014,1.0,20dB_nominal_difference,real,truth_OFFLINE,OFFLINE_TRUTH,XZ,y,-0.0625,x,-0.4375,z,0.4375,0.1,0.1,0.0,0.1,2.2
2014,1.0,20dB_nominal_difference,real,truth_OFFLINE,OFFLINE_TRUTH,XZ,y,-0.0625,x,-0.3125,z,0.4375,0.1,0.1,0.0,0.1,2.2
2014,1.0,20dB_nominal_difference,real,truth_OFFLINE,OFFLINE_TRUTH,XZ,y,-0.0625,x,-0.1875,z,0.4375,0.1,0.1,0.0,0.1,2.2
2014,1.0,20dB_nominal_difference,real,truth_OFFLINE,OFFLINE_TRUTH,XZ,y,-0.0625,x,-0.0625,z,0.4375,0.1,0.1,0.0,0.1,2.2
2014,1.0,20dB_nominal_difference,real,truth_OFFLINE,OFFLINE_TRUTH,XZ,y,-0.0625,x,0.0625,z,0.4375,0.1,0.1,0.0,0.1,2.2
2014,1.0,20dB_nominal_difference,real,truth_OFFLINE,OFFLINE_TRUTH,XZ,y,-0.0625,x,0.1875,z,0.4375,0.1,0.1,0.0,0.1,2.2
2014,1.0,20dB_nominal_difference,real,truth_OFFLINE,OFFLINE_TRUTH,XZ,y,-0.0625,x,0.3125,z,0.4375,0.1,0.1,0.0,0.1,2.2
2014,1.0,20dB_nominal_difference,real,truth_OFFLINE,OFFLINE_TRUTH,XZ,y,-0.0625,x,0.4375,z,0.4375,0.1,0.1,0.0,0.1,2.2
2014,1.0,20dB_nominal_difference,real,truth_OFFLINE,OFFLINE_TRUTH,XZ,y,-0.0625,x,0.5625,z,0.4375,0.1,0.1,0.0,0.1,2.2
2014,1.0,20dB_nominal_difference,real,truth_OFFLINE,OFFLINE_TRUTH,XZ,y,-0.0625,x,0.6875,z,0.4375,0.1,0.1,0.0,0.1,2.2
2014,1.0,20dB_nominal_difference,real,truth_OFFLINE,OFFLINE_TRUTH,XZ,y,-0.0625,x,-0.6875,z,0.5625,0.1,0.1,0.0,0.1,2.2
2014,1.0,20dB_nominal_difference,real,truth_OFFLINE,OFFLINE_TRUTH,XZ,y,-0.0625,x,-0.5625,z,0.5625,0.1,0.1,0.0,0.1,2.2
2014,1.0,20dB_nominal_difference,real,truth_OFFLINE,OFFLINE_TRUTH,XZ,y,-0.0625,x,-0.4375,z,0.5625,0.1,0.1,0.0,0.1,2.2
2014,1.0,20dB_nominal_difference,real,truth_OFFLINE,OFFLINE_TRUTH,XZ,y,-0.0625,x,-0.3125,z,0.5625,0.1,0.1,0.0,0.1,2.2
2014,1.0,20dB_nominal_difference,real,truth_OFFLINE,OFFLINE_TRUTH,XZ,y,-0.0625,x,-0.1875,z,0.5625,0.1,0.1,0.0,0.1,2.2
2014,1.0,20dB_nominal_difference,real,truth_OFFLINE,OFFLINE_TRUTH,XZ,y,-0.0625,x,-0.0625,z,0.5625,0.1,0.1,0.0,0.1,2.2
2014,1.0,20dB_nominal_difference,real,truth_OFFLINE,OFFLINE_TRUTH,XZ,y,-0.0625,x,0.0625,z,0.5625,0.1,0.1,0.0,0.1,2.2
2014,1.0,20dB_nominal_difference,real,truth_OFFLINE,OFFLINE_TRUTH,XZ,y,-0.0625,x,0.1875,z,0.5625,0.1,0.1,0.0,0.1,2.2
2014,1.0,20dB_nominal_difference,real,truth_OFFLINE,OFFLINE_TRUTH,XZ,y,-0.0625,x,0.3125,z,0.5625,0.1,0.1,0.0,0.1,2.2
2014,1.0,20dB_nominal_difference,real,truth_OFFLINE,OFFLINE_TRUTH,XZ,y,-0.0625,x,0.4375,z,0.5625,0.1,0.1,0.0,0.1,2.2
2014,1.0,20dB_nominal_difference,real,truth_OFFLINE,OFFLINE_TRUTH,XZ,y,-0.0625,x,0.5625,z,0.5625,0.1,0.1,0.0,0.1,2.2
2014,1.0,20dB_nominal_difference,real,truth_OFFLINE,OFFLINE_TRUTH,XZ,y,-0.0625,x,0.6875,z,0.5625,0.1,0.1,0.0,0.1,2.2
2014,1.0,20dB_nominal_difference,real,truth_OFFLINE,OFFLINE_TRUTH,XZ,y,-0.0625,x,-0.6875,z,0.6875,0.1,0.1,0.0,0.1,2.2
2014,1.0,20dB_nominal_difference,real,truth_OFFLINE,OFFLINE_TRUTH,XZ,y,-0.0625,x,-0.5625,z,0.6875,0.1,0.1,0.0,0.1,2.2
2014,1.0,20dB_nominal_difference,real,truth_OFFLINE,OFFLINE_TRUTH,XZ,y,-0.0625,x,-0.4375,z,0.6875,0.1,0.1,0.0,0.1,2.2
2014,1.0,20dB_nominal_difference,real,truth_OFFLINE,OFFLINE_TRUTH,XZ,y,-0.0625,x,-0.3125,z,0.6875,0.1,0.1,0.0,0.1,2.2
2014,1.0,20dB_nominal_difference,real,truth_OFFLINE,OFFLINE_TRUTH,XZ,y,-0.0625,x,-0.1875,z,0.6875,0.1,0.1,0.0,0.1,2.2
2014,1.0,20dB_nominal_difference,real,truth_OFFLINE,OFFLINE_TRUTH,XZ,y,-0.0625,x,-0.0625,z,0.6875,0.1,0.1,0.0,0.1,2.2
2014,1.0,20dB_nominal_difference,real,truth_OFFLINE,OFFLINE_TRUTH,XZ,y,-0.0625,x,0.0625,z,0.6875,0.1,0.1,0.0,0.1,2.2
2014,1.0,20dB_nominal_difference,real,truth_OFFLINE,OFFLINE_TRUTH,XZ,y,-0.0625,x,0.1875,z,0.6875,0.1,0.1,0.0,0.1,2.2
2014,1.0,20dB_nominal_difference,real,truth_OFFLINE,OFFLINE_TRUTH,XZ,y,-0.0625,x,0.3125,z,0.6875,0.1,0.1,0.0,0.1,2.2
2014,1.0,20dB_nominal_difference,real,truth_OFFLINE,OFFLINE_TRUTH,XZ,y,-0.0625,x,0.4375,z,0.6875,0.1,0.1,0.0,0.1,2.2
2014,1.0,20dB_nominal_difference,real,truth_OFFLINE,OFFLINE_TRUTH,XZ,y,-0.0625,x,0.5625,z,0.6875,0.1,0.1,0.0,0.1,2.2
2014,1.0,20dB_nominal_difference,real,truth_OFFLINE,OFFLINE_TRUTH,XZ,y,-0.0625,x,0.6875,z,0.6875,0.1,0.1,0.0,0.1,2.2
2014,1.0,20dB_nominal_difference,real,truth_OFFLINE,OFFLINE_TRUTH,YZ,x,-0.0625,y,-0.6875,z,-0.6875,0.1,0.1,0.0,0.1,2.2
2014,1.0,20dB_nominal_difference,real,truth_OFFLINE,OFFLINE_TRUTH,YZ,x,-0.0625,y,-0.5625,z,-0.6875,0.1,0.1,0.0,0.1,2.2
2014,1.0,20dB_nominal_difference,real,truth_OFFLINE,OFFLINE_TRUTH,YZ,x,-0.0625,y,-0.4375,z,-0.6875,0.1,0.1,0.0,0.1,2.2
2014,1.0,20dB_nominal_difference,real,truth_OFFLINE,OFFLINE_TRUTH,YZ,x,-0.0625,y,-0.3125,z,-0.6875,0.1,0.1,0.0,0.1,2.2
2014,1.0,20dB_nominal_difference,real,truth_OFFLINE,OFFLINE_TRUTH,YZ,x,-0.0625,y,-0.1875,z,-0.6875,0.1,0.1,0.0,0.1,2.2
2014,1.0,20dB_nominal_difference,real,truth_OFFLINE,OFFLINE_TRUTH,YZ,x,-0.0625,y,-0.0625,z,-0.6875,0.1,0.1,0.0,0.1,2.2
2014,1.0,20dB_nominal_difference,real,truth_OFFLINE,OFFLINE_TRUTH,YZ,x,-0.0625,y,0.0625,z,-0.6875,0.1,0.1,0.0,0.1,2.2
2014,1.0,20dB_nominal_difference,real,truth_OFFLINE,OFFLINE_TRUTH,YZ,x,-0.0625,y,0.1875,z,-0.6875,0.1,0.1,0.0,0.1,2.2
2014,1.0,20dB_nominal_difference,real,truth_OFFLINE,OFFLINE_TRUTH,YZ,x,-0.0625,y,0.3125,z,-0.6875,0.1,0.1,0.0,0.1,2.2
2014,1.0,20dB_nominal_difference,real,truth_OFFLINE,OFFLINE_TRUTH,YZ,x,-0.0625,y,0.4375,z,-0.6875,0.1,0.1,0.0,0.1,2.2
2014,1.0,20dB_nominal_difference,real,truth_OFFLINE,OFFLINE_TRUTH,YZ,x,-0.0625,y,0.5625,z,-0.6875,0.1,0.1,0.0,0.1,2.2
2014,1.0,20dB_nominal_difference,real,truth_OFFLINE,OFFLINE_TRUTH,YZ,x,-0.0625,y,0.6875,z,-0.6875,0.1,0.1,0.0,0.1,2.2
2014,1.0,20dB_nominal_difference,real,truth_OFFLINE,OFFLINE_TRUTH,YZ,x,-0.0625,y,-0.6875,z,-0.5625,0.1,0.1,0.0,0.1,2.2
2014,1.0,20dB_nominal_difference,real,truth_OFFLINE,OFFLINE_TRUTH,YZ,x,-0.0625,y,-0.5625,z,-0.5625,0.1,0.1,0.0,0.1,2.2
2014,1.0,20dB_nominal_difference,real,truth_OFFLINE,OFFLINE_TRUTH,YZ,x,-0.0625,y,-0.4375,z,-0.5625,0.1,0.1,0.0,0.1,2.2
2014,1.0,20dB_nominal_difference,real,truth_OFFLINE,OFFLINE_TRUTH,YZ,x,-0.0625,y,-0.3125,z,-0.5625,0.1,0.1,0.0,0.1,2.2
2014,1.0,20dB_nominal_difference,real,truth_OFFLINE,OFFLINE_TRUTH,YZ,x,-0.0625,y,-0.1875,z,-0.5625,0.1,0.1,0.0,0.1,2.2
2014,1.0,20dB_nominal_difference,real,truth_OFFLINE,OFFLINE_TRUTH,YZ,x,-0.0625,y,-0.0625,z,-0.5625,0.1,0.1,0.0,0.1,2.2
2014,1.0,20dB_nominal_difference,real,truth_OFFLINE,OFFLINE_TRUTH,YZ,x,-0.0625,y,0.0625,z,-0.5625,0.1,0.1,0.0,0.1,2.2
2014,1.0,20dB_nominal_difference,real,truth_OFFLINE,OFFLINE_TRUTH,YZ,x,-0.0625,y,0.1875,z,-0.5625,0.1,0.1,0.0,0.1,2.2
2014,1.0,20dB_nominal_difference,real,truth_OFFLINE,OFFLINE_TRUTH,YZ,x,-0.0625,y,0.3125,z,-0.5625,0.1,0.1,0.0,0.1,2.2
2014,1.0,20dB_nominal_difference,real,truth_OFFLINE,OFFLINE_TRUTH,YZ,x,-0.0625,y,0.4375,z,-0.5625,0.1,0.1,0.0,0.1,2.2
2014,1.0,20dB_nominal_difference,real,truth_OFFLINE,OFFLINE_TRUTH,YZ,x,-0.0625,y,0.5625,z,-0.5625,0.1,0.1,0.0,0.1,2.2
2014,1.0,20dB_nominal_difference,real,truth_OFFLINE,OFFLINE_TRUTH,YZ,x,-0.0625,y,0.6875,z,-0.5625,0.1,0.1,0.0,0.1,2.2
2014,1.0,20dB_nominal_difference,real,truth_OFFLINE,OFFLINE_TRUTH,YZ,x,-0.0625,y,-0.6875,z,-0.4375,0.1,0.1,0.0,0.1,2.2
2014,1.0,20dB_nominal_difference,real,truth_OFFLINE,OFFLINE_TRUTH,YZ,x,-0.0625,y,-0.5625,z,-0.4375,0.1,0.1,0.0,0.1,2.2
2014,1.0,20dB_nominal_difference,real,truth_OFFLINE,OFFLINE_TRUTH,YZ,x,-0.0625,y,-0.4375,z,-0.4375,0.1,0.1,0.0,0.1,2.2
2014,1.0,20dB_nominal_difference,real,truth_OFFLINE,OFFLINE_TRUTH,YZ,x,-0.0625,y,-0.3125,z,-0.4375,0.1,0.1,0.0,0.1,2.2
2014,1.0,20dB_nominal_difference,real,truth_OFFLINE,OFFLINE_TRUTH,YZ,x,-0.0625,y,-0.1875,z,-0.4375,0.1,0.1,0.0,0.1,2.2
2014,1.0,20dB_nominal_difference,real,truth_OFFLINE,OFFLINE_TRUTH,YZ,x,-0.0625,y,-0.0625,z,-0.4375,0.1,0.1,0.0,0.1,2.2
2014,1.0,20dB_nominal_difference,real,truth_OFFLINE,OFFLINE_TRUTH,YZ,x,-0.0625,y,0.0625,z,-0.4375,0.1,0.1,0.0,0.1,2.2
2014,1.0,20dB_nominal_difference,real,truth_OFFLINE,OFFLINE_TRUTH,YZ,x,-0.0625,y,0.1875,z,-0.4375,0.1,0.1,0.0,0.1,2.2
2014,1.0,20dB_nominal_difference,real,truth_OFFLINE,OFFLINE_TRUTH,YZ,x,-0.0625,y,0.3125,z,-0.4375,0.1,0.1,0.0,0.1,2.2
2014,1.0,20dB_nominal_difference,real,truth_OFFLINE,OFFLINE_TRUTH,YZ,x,-0.0625,y,0.4375,z,-0.4375,0.1,0.1,0.0,0.1,2.2
2014,1.0,20dB_nominal_difference,real,truth_OFFLINE,OFFLINE_TRUTH,YZ,x,-0.0625,y,0.5625,z,-0.4375,0.1,0.1,0.0,0.1,2.2
2014,1.0,20dB_nominal_difference,real,truth_OFFLINE,OFFLINE_TRUTH,YZ,x,-0.0625,y,0.6875,z,-0.4375,0.1,0.1,0.0,0.1,2.2
2014,1.0,20dB_nominal_difference,real,truth_OFFLINE,OFFLINE_TRUTH,YZ,x,-0.0625,y,-0.6875,z,-0.3125,0.1,0.1,0.0,0.1,2.2
2014,1.0,20dB_nominal_difference,real,truth_OFFLINE,OFFLINE_TRUTH,YZ,x,-0.0625,y,-0.5625,z,-0.3125,0.1,0.1,0.0,0.1,2.2
2014,1.0,20dB_nominal_difference,real,truth_OFFLINE,OFFLINE_TRUTH,YZ,x,-0.0625,y,-0.4375,z,-0.3125,0.1,0.1,0.0,0.1,2.2
2014,1.0,20dB_nominal_difference,real,truth_OFFLINE,OFFLINE_TRUTH,YZ,x,-0.0625,y,-0.3125,z,-0.3125,0.1,0.1,0.0,0.1,2.2
2014,1.0,20dB_nominal_difference,real,truth_OFFLINE,OFFLINE_TRUTH,YZ,x,-0.0625,y,-0.1875,z,-0.3125,0.1,0.1,0.0,0.1,2.2
2014,1.0,20dB_nominal_difference,real,truth_OFFLINE,OFFLINE_TRUTH,YZ,x,-0.0625,y,-0.0625,z,-0.3125,0.1,0.1,0.0,0.1,2.2
2014,1.0,20dB_nominal_difference,real,truth_OFFLINE,OFFLINE_TRUTH,YZ,x,-0.0625,y,0.0625,z,-0.3125,0.1,0.1,0.0,0.1,2.2
2014,1.0,20dB_nominal_difference,real,truth_OFFLINE,OFFLINE_TRUTH,YZ,x,-0.0625,y,0.1875,z,-0.3125,0.1,0.1,0.0,0.1,2.2
2014,1.0,20dB_nominal_difference,real,truth_OFFLINE,OFFLINE_TRUTH,YZ,x,-0.0625,y,0.3125,z,-0.3125,0.1,0.1,0.0,0.1,2.2
2014,1.0,20dB_nominal_difference,real,truth_OFFLINE,OFFLINE_TRUTH,YZ,x,-0.0625,y,0.4375,z,-0.3125,0.1,0.1,0.0,0.1,2.2
2014,1.0,20dB_nominal_difference,real,truth_OFFLINE,OFFLINE_TRUTH,YZ,x,-0.0625,y,0.5625,z,-0.3125,0.1,0.1,0.0,0.1,2.2
2014,1.0,20dB_nominal_difference,real,truth_OFFLINE,OFFLINE_TRUTH,YZ,x,-0.0625,y,0.6875,z,-0.3125,0.1,0.1,0.0,0.1,2.2
2014,1.0,20dB_nominal_difference,real,truth_OFFLINE,OFFLINE_TRUTH,YZ,x,-0.0625,y,-0.6875,z,-0.1875,0.1,0.1,0.0,0.1,2.2
2014,1.0,20dB_nominal_difference,real,truth_OFFLINE,OFFLINE_TRUTH,YZ,x,-0.0625,y,-0.5625,z,-0.1875,0.1,0.1,0.0,0.1,2.2
2014,1.0,20dB_nominal_difference,real,truth_OFFLINE,OFFLINE_TRUTH,YZ,x,-0.0625,y,-0.4375,z,-0.1875,0.1,0.1,0.0,0.1,2.2
2014,1.0,20dB_nominal_difference,real,truth_OFFLINE,OFFLINE_TRUTH,YZ,x,-0.0625,y,-0.3125,z,-0.1875,2.2,2.2,0.0,0.1,2.2
2014,1.0,20dB_nominal_difference,real,truth_OFFLINE,OFFLINE_TRUTH,YZ,x,-0.0625,y,-0.1875,z,-0.1875,0.1,0.1,0.0,0.1,2.2
2014,1.0,20dB_nominal_difference,real,truth_OFFLINE,OFFLINE_TRUTH,YZ,x,-0.0625,y,-0.0625,z,-0.1875,0.1,0.1,0.0,0.1,2.2
2014,1.0,20dB_nominal_difference,real,truth_OFFLINE,OFFLINE_TRUTH,YZ,x,-0.0625,y,0.0625,z,-0.1875,0.1,0.1,0.0,0.1,2.2
2014,1.0,20dB_nominal_difference,real,truth_OFFLINE,OFFLINE_TRUTH,YZ,x,-0.0625,y,0.1875,z,-0.1875,0.1,0.1,0.0,0.1,2.2
2014,1.0,20dB_nominal_difference,real,truth_OFFLINE,OFFLINE_TRUTH,YZ,x,-0.0625,y,0.3125,z,-0.1875,0.1,0.1,0.0,0.1,2.2
2014,1.0,20dB_nominal_difference,real,truth_OFFLINE,OFFLINE_TRUTH,YZ,x,-0.0625,y,0.4375,z,-0.1875,0.1,0.1,0.0,0.1,2.2
2014,1.0,20dB_nominal_difference,real,truth_OFFLINE,OFFLINE_TRUTH,YZ,x,-0.0625,y,0.5625,z,-0.1875,0.1,0.1,0.0,0.1,2.2
2014,1.0,20dB_nominal_difference,real,truth_OFFLINE,OFFLINE_TRUTH,YZ,x,-0.0625,y,0.6875,z,-0.1875,0.1,0.1,0.0,0.1,2.2
2014,1.0,20dB_nominal_difference,real,truth_OFFLINE,OFFLINE_TRUTH,YZ,x,-0.0625,y,-0.6875,z,-0.0625,0.1,0.1,0.0,0.1,2.2
2014,1.0,20dB_nominal_difference,real,truth_OFFLINE,OFFLINE_TRUTH,YZ,x,-0.0625,y,-0.5625,z,-0.0625,0.1,0.1,0.0,0.1,2.2
2014,1.0,20dB_nominal_difference,real,truth_OFFLINE,OFFLINE_TRUTH,YZ,x,-0.0625,y,-0.4375,z,-0.0625,0.1,0.1,0.0,0.1,2.2
2014,1.0,20dB_nominal_difference,real,truth_OFFLINE,OFFLINE_TRUTH,YZ,x,-0.0625,y,-0.3125,z,-0.0625,0.1,0.1,0.0,0.1,2.2
2014,1.0,20dB_nominal_difference,real,truth_OFFLINE,OFFLINE_TRUTH,YZ,x,-0.0625,y,-0.1875,z,-0.0625,0.1,0.1,0.0,0.1,2.2
2014,1.0,20dB_nominal_difference,real,truth_OFFLINE,OFFLINE_TRUTH,YZ,x,-0.0625,y,-0.0625,z,-0.0625,0.1,0.1,0.0,0.1,2.2
2014,1.0,20dB_nominal_difference,real,truth_OFFLINE,OFFLINE_TRUTH,YZ,x,-0.0625,y,0.0625,z,-0.0625,0.1,0.1,0.0,0.1,2.2
2014,1.0,20dB_nominal_difference,real,truth_OFFLINE,OFFLINE_TRUTH,YZ,x,-0.0625,y,0.1875,z,-0.0625,0.1,0.1,0.0,0.1,2.2
2014,1.0,20dB_nominal_difference,real,truth_OFFLINE,OFFLINE_TRUTH,YZ,x,-0.0625,y,0.3125,z,-0.0625,0.1,0.1,0.0,0.1,2.2
2014,1.0,20dB_nominal_difference,real,truth_OFFLINE,OFFLINE_TRUTH,YZ,x,-0.0625,y,0.4375,z,-0.0625,0.1,0.1,0.0,0.1,2.2
2014,1.0,20dB_nominal_difference,real,truth_OFFLINE,OFFLINE_TRUTH,YZ,x,-0.0625,y,0.5625,z,-0.0625,0.1,0.1,0.0,0.1,2.2
2014,1.0,20dB_nominal_difference,real,truth_OFFLINE,OFFLINE_TRUTH,YZ,x,-0.0625,y,0.6875,z,-0.0625,0.1,0.1,0.0,0.1,2.2
2014,1.0,20dB_nominal_difference,real,truth_OFFLINE,OFFLINE_TRUTH,YZ,x,-0.0625,y,-0.6875,z,0.0625,0.1,0.1,0.0,0.1,2.2
2014,1.0,20dB_nominal_difference,real,truth_OFFLINE,OFFLINE_TRUTH,YZ,x,-0.0625,y,-0.5625,z,0.0625,0.1,0.1,0.0,0.1,2.2
2014,1.0,20dB_nominal_difference,real,truth_OFFLINE,OFFLINE_TRUTH,YZ,x,-0.0625,y,-0.4375,z,0.0625,0.1,0.1,0.0,0.1,2.2
2014,1.0,20dB_nominal_difference,real,truth_OFFLINE,OFFLINE_TRUTH,YZ,x,-0.0625,y,-0.3125,z,0.0625,0.1,0.1,0.0,0.1,2.2
2014,1.0,20dB_nominal_difference,real,truth_OFFLINE,OFFLINE_TRUTH,YZ,x,-0.0625,y,-0.1875,z,0.0625,0.1,0.1,0.0,0.1,2.2
2014,1.0,20dB_nominal_difference,real,truth_OFFLINE,OFFLINE_TRUTH,YZ,x,-0.0625,y,-0.0625,z,0.0625,0.1,0.1,0.0,0.1,2.2
2014,1.0,20dB_nominal_difference,real,truth_OFFLINE,OFFLINE_TRUTH,YZ,x,-0.0625,y,0.0625,z,0.0625,0.1,0.1,0.0,0.1,2.2
2014,1.0,20dB_nominal_difference,real,truth_OFFLINE,OFFLINE_TRUTH,YZ,x,-0.0625,y,0.1875,z,0.0625,0.1,0.1,0.0,0.1,2.2
2014,1.0,20dB_nominal_difference,real,truth_OFFLINE,OFFLINE_TRUTH,YZ,x,-0.0625,y,0.3125,z,0.0625,0.1,0.1,0.0,0.1,2.2
2014,1.0,20dB_nominal_difference,real,truth_OFFLINE,OFFLINE_TRUTH,YZ,x,-0.0625,y,0.4375,z,0.0625,0.1,0.1,0.0,0.1,2.2
2014,1.0,20dB_nominal_difference,real,truth_OFFLINE,OFFLINE_TRUTH,YZ,x,-0.0625,y,0.5625,z,0.0625,0.1,0.1,0.0,0.1,2.2
2014,1.0,20dB_nominal_difference,real,truth_OFFLINE,OFFLINE_TRUTH,YZ,x,-0.0625,y,0.6875,z,0.0625,0.1,0.1,0.0,0.1,2.2
2014,1.0,20dB_nominal_difference,real,truth_OFFLINE,OFFLINE_TRUTH,YZ,x,-0.0625,y,-0.6875,z,0.1875,0.1,0.1,0.0,0.1,2.2
2014,1.0,20dB_nominal_difference,real,truth_OFFLINE,OFFLINE_TRUTH,YZ,x,-0.0625,y,-0.5625,z,0.1875,0.1,0.1,0.0,0.1,2.2
2014,1.0,20dB_nominal_difference,real,truth_OFFLINE,OFFLINE_TRUTH,YZ,x,-0.0625,y,-0.4375,z,0.1875,0.1,0.1,0.0,0.1,2.2
2014,1.0,20dB_nominal_difference,real,truth_OFFLINE,OFFLINE_TRUTH,YZ,x,-0.0625,y,-0.3125,z,0.1875,0.1,0.1,0.0,0.1,2.2
2014,1.0,20dB_nominal_difference,real,truth_OFFLINE,OFFLINE_TRUTH,YZ,x,-0.0625,y,-0.1875,z,0.1875,0.1,0.1,0.0,0.1,2.2
2014,1.0,20dB_nominal_difference,real,truth_OFFLINE,OFFLINE_TRUTH,YZ,x,-0.0625,y,-0.0625,z,0.1875,0.1,0.1,0.0,0.1,2.2
2014,1.0,20dB_nominal_difference,real,truth_OFFLINE,OFFLINE_TRUTH,YZ,x,-0.0625,y,0.0625,z,0.1875,0.1,0.1,0.0,0.1,2.2
2014,1.0,20dB_nominal_difference,real,truth_OFFLINE,OFFLINE_TRUTH,YZ,x,-0.0625,y,0.1875,z,0.1875,0.1,0.1,0.0,0.1,2.2
2014,1.0,20dB_nominal_difference,real,truth_OFFLINE,OFFLINE_TRUTH,YZ,x,-0.0625,y,0.3125,z,0.1875,0.1,0.1,0.0,0.1,2.2
2014,1.0,20dB_nominal_difference,real,truth_OFFLINE,OFFLINE_TRUTH,YZ,x,-0.0625,y,0.4375,z,0.1875,0.1,0.1,0.0,0.1,2.2
2014,1.0,20dB_nominal_difference,real,truth_OFFLINE,OFFLINE_TRUTH,YZ,x,-0.0625,y,0.5625,z,0.1875,0.1,0.1,0.0,0.1,2.2
2014,1.0,20dB_nominal_difference,real,truth_OFFLINE,OFFLINE_TRUTH,YZ,x,-0.0625,y,0.6875,z,0.1875,0.1,0.1,0.0,0.1,2.2
2014,1.0,20dB_nominal_difference,real,truth_OFFLINE,OFFLINE_TRUTH,YZ,x,-0.0625,y,-0.6875,z,0.3125,0.1,0.1,0.0,0.1,2.2
2014,1.0,20dB_nominal_difference,real,truth_OFFLINE,OFFLINE_TRUTH,YZ,x,-0.0625,y,-0.5625,z,0.3125,0.1,0.1,0.0,0.1,2.2
2014,1.0,20dB_nominal_difference,real,truth_OFFLINE,OFFLINE_TRUTH,YZ,x,-0.0625,y,-0.4375,z,0.3125,0.1,0.1,0.0,0.1,2.2
2014,1.0,20dB_nominal_difference,real,truth_OFFLINE,OFFLINE_TRUTH,YZ,x,-0.0625,y,-0.3125,z,0.3125,0.1,0.1,0.0,0.1,2.2
2014,1.0,20dB_nominal_difference,real,truth_OFFLINE,OFFLINE_TRUTH,YZ,x,-0.0625,y,-0.1875,z,0.3125,0.1,0.1,0.0,0.1,2.2
2014,1.0,20dB_nominal_difference,real,truth_OFFLINE,OFFLINE_TRUTH,YZ,x,-0.0625,y,-0.0625,z,0.3125,0.1,0.1,0.0,0.1,2.2
2014,1.0,20dB_nominal_difference,real,truth_OFFLINE,OFFLINE_TRUTH,YZ,x,-0.0625,y,0.0625,z,0.3125,0.1,0.1,0.0,0.1,2.2
2014,1.0,20dB_nominal_difference,real,truth_OFFLINE,OFFLINE_TRUTH,YZ,x,-0.0625,y,0.1875,z,0.3125,0.1,0.1,0.0,0.1,2.2
2014,1.0,20dB_nominal_difference,real,truth_OFFLINE,OFFLINE_TRUTH,YZ,x,-0.0625,y,0.3125,z,0.3125,0.1,0.1,0.0,0.1,2.2
2014,1.0,20dB_nominal_difference,real,truth_OFFLINE,OFFLINE_TRUTH,YZ,x,-0.0625,y,0.4375,z,0.3125,0.1,0.1,0.0,0.1,2.2
2014,1.0,20dB_nominal_difference,real,truth_OFFLINE,OFFLINE_TRUTH,YZ,x,-0.0625,y,0.5625,z,0.3125,0.1,0.1,0.0,0.1,2.2
2014,1.0,20dB_nominal_difference,real,truth_OFFLINE,OFFLINE_TRUTH,YZ,x,-0.0625,y,0.6875,z,0.3125,0.1,0.1,0.0,0.1,2.2
2014,1.0,20dB_nominal_difference,real,truth_OFFLINE,OFFLINE_TRUTH,YZ,x,-0.0625,y,-0.6875,z,0.4375,0.1,0.1,0.0,0.1,2.2
2014,1.0,20dB_nominal_difference,real,truth_OFFLINE,OFFLINE_TRUTH,YZ,x,-0.0625,y,-0.5625,z,0.4375,0.1,0.1,0.0,0.1,2.2
2014,1.0,20dB_nominal_difference,real,truth_OFFLINE,OFFLINE_TRUTH,YZ,x,-0.0625,y,-0.4375,z,0.4375,0.1,0.1,0.0,0.1,2.2
2014,1.0,20dB_nominal_difference,real,truth_OFFLINE,OFFLINE_TRUTH,YZ,x,-0.0625,y,-0.3125,z,0.4375,0.1,0.1,0.0,0.1,2.2
2014,1.0,20dB_nominal_difference,real,truth_OFFLINE,OFFLINE_TRUTH,YZ,x,-0.0625,y,-0.1875,z,0.4375,0.1,0.1,0.0,0.1,2.2
2014,1.0,20dB_nominal_difference,real,truth_OFFLINE,OFFLINE_TRUTH,YZ,x,-0.0625,y,-0.0625,z,0.4375,0.1,0.1,0.0,0.1,2.2
2014,1.0,20dB_nominal_difference,real,truth_OFFLINE,OFFLINE_TRUTH,YZ,x,-0.0625,y,0.0625,z,0.4375,0.1,0.1,0.0,0.1,2.2
2014,1.0,20dB_nominal_difference,real,truth_OFFLINE,OFFLINE_TRUTH,YZ,x,-0.0625,y,0.1875,z,0.4375,0.1,0.1,0.0,0.1,2.2
2014,1.0,20dB_nominal_difference,real,truth_OFFLINE,OFFLINE_TRUTH,YZ,x,-0.0625,y,0.3125,z,0.4375,0.1,0.1,0.0,0.1,2.2
2014,1.0,20dB_nominal_difference,real,truth_OFFLINE,OFFLINE_TRUTH,YZ,x,-0.0625,y,0.4375,z,0.4375,0.1,0.1,0.0,0.1,2.2
2014,1.0,20dB_nominal_difference,real,truth_OFFLINE,OFFLINE_TRUTH,YZ,x,-0.0625,y,0.5625,z,0.4375,0.1,0.1,0.0,0.1,2.2
2014,1.0,20dB_nominal_difference,real,truth_OFFLINE,OFFLINE_TRUTH,YZ,x,-0.0625,y,0.6875,z,0.4375,0.1,0.1,0.0,0.1,2.2
2014,1.0,20dB_nominal_difference,real,truth_OFFLINE,OFFLINE_TRUTH,YZ,x,-0.0625,y,-0.6875,z,0.5625,0.1,0.1,0.0,0.1,2.2
2014,1.0,20dB_nominal_difference,real,truth_OFFLINE,OFFLINE_TRUTH,YZ,x,-0.0625,y,-0.5625,z,0.5625,0.1,0.1,0.0,0.1,2.2
2014,1.0,20dB_nominal_difference,real,truth_OFFLINE,OFFLINE_TRUTH,YZ,x,-0.0625,y,-0.4375,z,0.5625,0.1,0.1,0.0,0.1,2.2
2014,1.0,20dB_nominal_difference,real,truth_OFFLINE,OFFLINE_TRUTH,YZ,x,-0.0625,y,-0.3125,z,0.5625,0.1,0.1,0.0,0.1,2.2
2014,1.0,20dB_nominal_difference,real,truth_OFFLINE,OFFLINE_TRUTH,YZ,x,-0.0625,y,-0.1875,z,0.5625,0.1,0.1,0.0,0.1,2.2
2014,1.0,20dB_nominal_difference,real,truth_OFFLINE,OFFLINE_TRUTH,YZ,x,-0.0625,y,-0.0625,z,0.5625,0.1,0.1,0.0,0.1,2.2
2014,1.0,20dB_nominal_difference,real,truth_OFFLINE,OFFLINE_TRUTH,YZ,x,-0.0625,y,0.0625,z,0.5625,0.1,0.1,0.0,0.1,2.2
2014,1.0,20dB_nominal_difference,real,truth_OFFLINE,OFFLINE_TRUTH,YZ,x,-0.0625,y,0.1875,z,0.5625,0.1,0.1,0.0,0.1,2.2
2014,1.0,20dB_nominal_difference,real,truth_OFFLINE,OFFLINE_TRUTH,YZ,x,-0.0625,y,0.3125,z,0.5625,0.1,0.1,0.0,0.1,2.2
2014,1.0,20dB_nominal_difference,real,truth_OFFLINE,OFFLINE_TRUTH,YZ,x,-0.0625,y,0.4375,z,0.5625,0.1,0.1,0.0,0.1,2.2
2014,1.0,20dB_nominal_difference,real,truth_OFFLINE,OFFLINE_TRUTH,YZ,x,-0.0625,y,0.5625,z,0.5625,0.1,0.1,0.0,0.1,2.2
2014,1.0,20dB_nominal_difference,real,truth_OFFLINE,OFFLINE_TRUTH,YZ,x,-0.0625,y,0.6875,z,0.5625,0.1,0.1,0.0,0.1,2.2
2014,1.0,20dB_nominal_difference,real,truth_OFFLINE,OFFLINE_TRUTH,YZ,x,-0.0625,y,-0.6875,z,0.6875,0.1,0.1,0.0,0.1,2.2
2014,1.0,20dB_nominal_difference,real,truth_OFFLINE,OFFLINE_TRUTH,YZ,x,-0.0625,y,-0.5625,z,0.6875,0.1,0.1,0.0,0.1,2.2
2014,1.0,20dB_nominal_difference,real,truth_OFFLINE,OFFLINE_TRUTH,YZ,x,-0.0625,y,-0.4375,z,0.6875,0.1,0.1,0.0,0.1,2.2
2014,1.0,20dB_nominal_difference,real,truth_OFFLINE,OFFLINE_TRUTH,YZ,x,-0.0625,y,-0.3125,z,0.6875,0.1,0.1,0.0,0.1,2.2
2014,1.0,20dB_nominal_difference,real,truth_OFFLINE,OFFLINE_TRUTH,YZ,x,-0.0625,y,-0.1875,z,0.6875,0.1,0.1,0.0,0.1,2.2
2014,1.0,20dB_nominal_difference,real,truth_OFFLINE,OFFLINE_TRUTH,YZ,x,-0.0625,y,-0.0625,z,0.6875,0.1,0.1,0.0,0.1,2.2
2014,1.0,20dB_nominal_difference,real,truth_OFFLINE,OFFLINE_TRUTH,YZ,x,-0.0625,y,0.0625,z,0.6875,0.1,0.1,0.0,0.1,2.2
2014,1.0,20dB_nominal_difference,real,truth_OFFLINE,OFFLINE_TRUTH,YZ,x,-0.0625,y,0.1875,z,0.6875,0.1,0.1,0.0,0.1,2.2
2014,1.0,20dB_nominal_difference,real,truth_OFFLINE,OFFLINE_TRUTH,YZ,x,-0.0625,y,0.3125,z,0.6875,0.1,0.1,0.0,0.1,2.2
2014,1.0,20dB_nominal_difference,real,truth_OFFLINE,OFFLINE_TRUTH,YZ,x,-0.0625,y,0.4375,z,0.6875,0.1,0.1,0.0,0.1,2.2
2014,1.0,20dB_nominal_difference,real,truth_OFFLINE,OFFLINE_TRUTH,YZ,x,-0.0625,y,0.5625,z,0.6875,0.1,0.1,0.0,0.1,2.2
2014,1.0,20dB_nominal_difference,real,truth_OFFLINE,OFFLINE_TRUTH,YZ,x,-0.0625,y,0.6875,z,0.6875,0.1,0.1,0.0,0.1,2.2
2014,1.0,20dB_nominal_difference,real,dressed_linear_chi,REJECTED_PHYSICAL,XY,z,-0.0625,x,-0.6875,y,-0.6875,0.1,0.10286594702943823,0.0028659470294382233,0.1,2.2
2014,1.0,20dB_nominal_difference,real,dressed_linear_chi,REJECTED_PHYSICAL,XY,z,-0.0625,x,-0.5625,y,-0.6875,0.1,0.10653617453683689,0.006536174536836886,0.1,2.2
2014,1.0,20dB_nominal_difference,real,dressed_linear_chi,REJECTED_PHYSICAL,XY,z,-0.0625,x,-0.4375,y,-0.6875,0.1,0.11016945785810366,0.01016945785810365,0.1,2.2
2014,1.0,20dB_nominal_difference,real,dressed_linear_chi,REJECTED_PHYSICAL,XY,z,-0.0625,x,-0.3125,y,-0.6875,0.1,0.11431936297770551,0.014319362977705502,0.1,2.2
2014,1.0,20dB_nominal_difference,real,dressed_linear_chi,REJECTED_PHYSICAL,XY,z,-0.0625,x,-0.1875,y,-0.6875,0.1,0.11840757818276797,0.01840757818276796,0.1,2.2
2014,1.0,20dB_nominal_difference,real,dressed_linear_chi,REJECTED_PHYSICAL,XY,z,-0.0625,x,-0.0625,y,-0.6875,0.1,0.12151283620033274,0.02151283620033273,0.1,2.2
2014,1.0,20dB_nominal_difference,real,dressed_linear_chi,REJECTED_PHYSICAL,XY,z,-0.0625,x,0.0625,y,-0.6875,0.1,0.12258578017636099,0.02258578017636098,0.1,2.2
2014,1.0,20dB_nominal_difference,real,dressed_linear_chi,REJECTED_PHYSICAL,XY,z,-0.0625,x,0.1875,y,-0.6875,0.1,0.12063306777463347,0.02063306777463346,0.1,2.2
2014,1.0,20dB_nominal_difference,real,dressed_linear_chi,REJECTED_PHYSICAL,XY,z,-0.0625,x,0.3125,y,-0.6875,0.1,0.1148759479008899,0.014875947900889891,0.1,2.2
2014,1.0,20dB_nominal_difference,real,dressed_linear_chi,REJECTED_PHYSICAL,XY,z,-0.0625,x,0.4375,y,-0.6875,0.1,0.10480717687020459,0.004807176870204585,0.1,2.2
2014,1.0,20dB_nominal_difference,real,dressed_linear_chi,REJECTED_PHYSICAL,XY,z,-0.0625,x,0.5625,y,-0.6875,0.1,0.08986894210383597,-0.01013105789616403,0.1,2.2
2014,1.0,20dB_nominal_difference,real,dressed_linear_chi,REJECTED_PHYSICAL,XY,z,-0.0625,x,0.6875,y,-0.6875,0.1,0.06698442503137894,-0.033015574968621064,0.1,2.2
2014,1.0,20dB_nominal_difference,real,dressed_linear_chi,REJECTED_PHYSICAL,XY,z,-0.0625,x,-0.6875,y,-0.5625,0.1,0.11124683107181912,0.011246831071819119,0.1,2.2
2014,1.0,20dB_nominal_difference,real,dressed_linear_chi,REJECTED_PHYSICAL,XY,z,-0.0625,x,-0.5625,y,-0.5625,0.1,0.11951155677839873,0.01951155677839872,0.1,2.2
2014,1.0,20dB_nominal_difference,real,dressed_linear_chi,REJECTED_PHYSICAL,XY,z,-0.0625,x,-0.4375,y,-0.5625,0.1,0.12775444976212683,0.02775444976212682,0.1,2.2
2014,1.0,20dB_nominal_difference,real,dressed_linear_chi,REJECTED_PHYSICAL,XY,z,-0.0625,x,-0.3125,y,-0.5625,0.1,0.13564458126421874,0.03564458126421874,0.1,2.2
2014,1.0,20dB_nominal_difference,real,dressed_linear_chi,REJECTED_PHYSICAL,XY,z,-0.0625,x,-0.1875,y,-0.5625,0.1,0.1424377840966664,0.0424377840966664,0.1,2.2
2014,1.0,20dB_nominal_difference,real,dressed_linear_chi,REJECTED_PHYSICAL,XY,z,-0.0625,x,-0.0625,y,-0.5625,0.1,0.14707919080684018,0.04707919080684017,0.1,2.2
2014,1.0,20dB_nominal_difference,real,dressed_linear_chi,REJECTED_PHYSICAL,XY,z,-0.0625,x,0.0625,y,-0.5625,0.1,0.14841707680584632,0.04841707680584631,0.1,2.2
2014,1.0,20dB_nominal_difference,real,dressed_linear_chi,REJECTED_PHYSICAL,XY,z,-0.0625,x,0.1875,y,-0.5625,0.1,0.1454276725999344,0.04542767259993438,0.1,2.2
2014,1.0,20dB_nominal_difference,real,dressed_linear_chi,REJECTED_PHYSICAL,XY,z,-0.0625,x,0.3125,y,-0.5625,0.1,0.13741966143273676,0.037419661432736756,0.1,2.2
2014,1.0,20dB_nominal_difference,real,dressed_linear_chi,REJECTED_PHYSICAL,XY,z,-0.0625,x,0.4375,y,-0.5625,0.1,0.12418459455299256,0.024184594552992558,0.1,2.2
2014,1.0,20dB_nominal_difference,real,dressed_linear_chi,REJECTED_PHYSICAL,XY,z,-0.0625,x,0.5625,y,-0.5625,0.1,0.106131975837808,0.006131975837808001,0.1,2.2
2014,1.0,20dB_nominal_difference,real,dressed_linear_chi,REJECTED_PHYSICAL,XY,z,-0.0625,x,0.6875,y,-0.5625,0.1,0.08507088037882639,-0.014929119621173617,0.1,2.2
2014,1.0,20dB_nominal_difference,real,dressed_linear_chi,REJECTED_PHYSICAL,XY,z,-0.0625,x,-0.6875,y,-0.4375,0.1,0.11903198583823964,0.019031985838239632,0.1,2.2
2014,1.0,20dB_nominal_difference,real,dressed_linear_chi,REJECTED_PHYSICAL,XY,z,-0.0625,x,-0.5625,y,-0.4375,0.1,0.1312489041351458,0.031248904135145805,0.1,2.2
2014,1.0,20dB_nominal_difference,real,dressed_linear_chi,REJECTED_PHYSICAL,XY,z,-0.0625,x,-0.4375,y,-0.4375,0.1,0.1434952675806388,0.04349526758063879,0.1,2.2
2014,1.0,20dB_nominal_difference,real,dressed_linear_chi,REJECTED_PHYSICAL,XY,z,-0.0625,x,-0.3125,y,-0.4375,0.1,0.15494925984443286,0.05494925984443286,0.1,2.2
2014,1.0,20dB_nominal_difference,real,dressed_linear_chi,REJECTED_PHYSICAL,XY,z,-0.0625,x,-0.1875,y,-0.4375,0.1,0.16457340427661338,0.06457340427661337,0.1,2.2
2014,1.0,20dB_nominal_difference,real,dressed_linear_chi,REJECTED_PHYSICAL,XY,z,-0.0625,x,-0.0625,y,-0.4375,0.1,0.17109951330959156,0.07109951330959155,0.1,2.2
2014,1.0,20dB_nominal_difference,real,dressed_linear_chi,REJECTED_PHYSICAL,XY,z,-0.0625,x,0.0625,y,-0.4375,0.1,0.17322865538448423,0.07322865538448423,0.1,2.2
2014,1.0,20dB_nominal_difference,real,dressed_linear_chi,REJECTED_PHYSICAL,XY,z,-0.0625,x,0.1875,y,-0.4375,0.1,0.16988809541645983,0.06988809541645982,0.1,2.2
2014,1.0,20dB_nominal_difference,real,dressed_linear_chi,REJECTED_PHYSICAL,XY,z,-0.0625,x,0.3125,y,-0.4375,0.1,0.16049664979757827,0.06049664979757827,0.1,2.2
2014,1.0,20dB_nominal_difference,real,dressed_linear_chi,REJECTED_PHYSICAL,XY,z,-0.0625,x,0.4375,y,-0.4375,0.1,0.14522589085396184,0.045225890853961837,0.1,2.2
2014,1.0,20dB_nominal_difference,real,dressed_linear_chi,REJECTED_PHYSICAL,XY,z,-0.0625,x,0.5625,y,-0.4375,0.1,0.12532307406910037,0.025323074069100365,0.1,2.2
2014,1.0,20dB_nominal_difference,real,dressed_linear_chi,REJECTED_PHYSICAL,XY,z,-0.0625,x,0.6875,y,-0.4375,0.1,0.10376152489276949,0.0037615248927694855,0.1,2.2
2014,1.0,20dB_nominal_difference,real,dressed_linear_chi,REJECTED_PHYSICAL,XY,z,-0.0625,x,-0.6875,y,-0.3125,0.1,0.12367030591766487,0.023670305917664863,0.1,2.2
2014,1.0,20dB_nominal_difference,real,dressed_linear_chi,REJECTED_PHYSICAL,XY,z,-0.0625,x,-0.5625,y,-0.3125,0.1,0.1389852094038213,0.0389852094038213,0.1,2.2
2014,1.0,20dB_nominal_difference,real,dressed_linear_chi,REJECTED_PHYSICAL,XY,z,-0.0625,x,-0.4375,y,-0.3125,0.1,0.1543559931638681,0.054355993163868105,0.1,2.2
2014,1.0,20dB_nominal_difference,real,dressed_linear_chi,REJECTED_PHYSICAL,XY,z,-0.0625,x,-0.3125,y,-0.3125,0.1,0.16874118822178397,0.06874118822178396,0.1,2.2
2014,1.0,20dB_nominal_difference,real,dressed_linear_chi,REJECTED_PHYSICAL,XY,z,-0.0625,x,-0.1875,y,-0.3125,0.1,0.18091061151778548,0.08091061151778547,0.1,2.2
2014,1.0,20dB_nominal_difference,real,dressed_linear_chi,REJECTED_PHYSICAL,XY,z,-0.0625,x,-0.0625,y,-0.3125,0.1,0.1894070078005194,0.08940700780051938,0.1,2.2
2014,1.0,20dB_nominal_difference,real,dressed_linear_chi,REJECTED_PHYSICAL,XY,z,-0.0625,x,0.0625,y,-0.3125,2.2,0.19278247538395532,-2.0072175246160446,0.1,2.2
2014,1.0,20dB_nominal_difference,real,dressed_linear_chi,REJECTED_PHYSICAL,XY,z,-0.0625,x,0.1875,y,-0.3125,0.1,0.18989019535047552,0.08989019535047552,0.1,2.2
2014,1.0,20dB_nominal_difference,real,dressed_linear_chi,REJECTED_PHYSICAL,XY,z,-0.0625,x,0.3125,y,-0.3125,0.1,0.18018849870258608,0.08018849870258607,0.1,2.2
2014,1.0,20dB_nominal_difference,real,dressed_linear_chi,REJECTED_PHYSICAL,XY,z,-0.0625,x,0.4375,y,-0.3125,0.1,0.16402851618340625,0.06402851618340624,0.1,2.2
2014,1.0,20dB_nominal_difference,real,dressed_linear_chi,REJECTED_PHYSICAL,XY,z,-0.0625,x,0.5625,y,-0.3125,0.1,0.1429099542457709,0.042909954245770904,0.1,2.2
2014,1.0,20dB_nominal_difference,real,dressed_linear_chi,REJECTED_PHYSICAL,XY,z,-0.0625,x,0.6875,y,-0.3125,0.1,0.12002790673019441,0.020027906730194403,0.1,2.2
2014,1.0,20dB_nominal_difference,real,dressed_linear_chi,REJECTED_PHYSICAL,XY,z,-0.0625,x,-0.6875,y,-0.1875,0.1,0.1246787588957316,0.024678758895731595,0.1,2.2
2014,1.0,20dB_nominal_difference,real,dressed_linear_chi,REJECTED_PHYSICAL,XY,z,-0.0625,x,-0.5625,y,-0.1875,0.1,0.1419067203874623,0.04190672038746229,0.1,2.2
2014,1.0,20dB_nominal_difference,real,dressed_linear_chi,REJECTED_PHYSICAL,XY,z,-0.0625,x,-0.4375,y,-0.1875,0.1,0.15938291498487278,0.059382914984872776,0.1,2.2
2014,1.0,20dB_nominal_difference,real,dressed_linear_chi,REJECTED_PHYSICAL,XY,z,-0.0625,x,-0.3125,y,-0.1875,0.9,0.17594764297401608,-0.7240523570259839,0.1,2.2
2014,1.0,20dB_nominal_difference,real,dressed_linear_chi,REJECTED_PHYSICAL,XY,z,-0.0625,x,-0.1875,y,-0.1875,0.9,0.19026514328542926,-0.7097348567145707,0.1,2.2
2014,1.0,20dB_nominal_difference,real,dressed_linear_chi,REJECTED_PHYSICAL,XY,z,-0.0625,x,-0.0625,y,-0.1875,0.1,0.2007400235197333,0.1007400235197333,0.1,2.2
2014,1.0,20dB_nominal_difference,real,dressed_linear_chi,REJECTED_PHYSICAL,XY,z,-0.0625,x,0.0625,y,-0.1875,0.1,0.20578745587841996,0.10578745587841995,0.1,2.2
2014,1.0,20dB_nominal_difference,real,dressed_linear_chi,REJECTED_PHYSICAL,XY,z,-0.0625,x,0.1875,y,-0.1875,0.1,0.20415115666036227,0.10415115666036226,0.1,2.2
2014,1.0,20dB_nominal_difference,real,dressed_linear_chi,REJECTED_PHYSICAL,XY,z,-0.0625,x,0.3125,y,-0.1875,0.1,0.1952214659543387,0.0952214659543387,0.1,2.2
2014,1.0,20dB_nominal_difference,real,dressed_linear_chi,REJECTED_PHYSICAL,XY,z,-0.0625,x,0.4375,y,-0.1875,0.1,0.17930872003213935,0.07930872003213935,0.1,2.2
2014,1.0,20dB_nominal_difference,real,dressed_linear_chi,REJECTED_PHYSICAL,XY,z,-0.0625,x,0.5625,y,-0.1875,0.1,0.15782934460674353,0.05782934460674352,0.1,2.2
2014,1.0,20dB_nominal_difference,real,dressed_linear_chi,REJECTED_PHYSICAL,XY,z,-0.0625,x,0.6875,y,-0.1875,0.1,0.1340019988166295,0.03400199881662949,0.1,2.2
2014,1.0,20dB_nominal_difference,real,dressed_linear_chi,REJECTED_PHYSICAL,XY,z,-0.0625,x,-0.6875,y,-0.0625,0.1,0.12213868403356677,0.022138684033566766,0.1,2.2
2014,1.0,20dB_nominal_difference,real,dressed_linear_chi,REJECTED_PHYSICAL,XY,z,-0.0625,x,-0.5625,y,-0.0625,0.1,0.1399704253485726,0.03997042534857259,0.1,2.2
2014,1.0,20dB_nominal_difference,real,dressed_linear_chi,REJECTED_PHYSICAL,XY,z,-0.0625,x,-0.4375,y,-0.0625,0.1,0.15841549603527985,0.058415496035279846,0.1,2.2
2014,1.0,20dB_nominal_difference,real,dressed_linear_chi,REJECTED_PHYSICAL,XY,z,-0.0625,x,-0.3125,y,-0.0625,0.9,0.17627545695955749,-0.7237245430404425,0.1,2.2
2014,1.0,20dB_nominal_difference,real,dressed_linear_chi,REJECTED_PHYSICAL,XY,z,-0.0625,x,-0.1875,y,-0.0625,0.9,0.19217456096088195,-0.7078254390391181,0.1,2.2
2014,1.0,20dB_nominal_difference,real,dressed_linear_chi,REJECTED_PHYSICAL,XY,z,-0.0625,x,-0.0625,y,-0.0625,0.1,0.2044371309121224,0.1044371309121224,0.1,2.2
2014,1.0,20dB_nominal_difference,real,dressed_linear_chi,REJECTED_PHYSICAL,XY,z,-0.0625,x,0.0625,y,-0.0625,0.1,0.2113733065338162,0.11137330653381619,0.1,2.2
2014,1.0,20dB_nominal_difference,real,dressed_linear_chi,REJECTED_PHYSICAL,XY,z,-0.0625,x,0.1875,y,-0.0625,0.1,0.21160599699728153,0.11160599699728152,0.1,2.2
2014,1.0,20dB_nominal_difference,real,dressed_linear_chi,REJECTED_PHYSICAL,XY,z,-0.0625,x,0.3125,y,-0.0625,0.1,0.20438554833005756,0.10438554833005756,0.1,2.2
2014,1.0,20dB_nominal_difference,real,dressed_linear_chi,REJECTED_PHYSICAL,XY,z,-0.0625,x,0.4375,y,-0.0625,0.1,0.18984302226363858,0.08984302226363858,0.1,2.2
2014,1.0,20dB_nominal_difference,real,dressed_linear_chi,REJECTED_PHYSICAL,XY,z,-0.0625,x,0.5625,y,-0.0625,0.1,0.16914428091320938,0.06914428091320937,0.1,2.2
2014,1.0,20dB_nominal_difference,real,dressed_linear_chi,REJECTED_PHYSICAL,XY,z,-0.0625,x,0.6875,y,-0.0625,0.1,0.14538407580952534,0.04538407580952533,0.1,2.2
2014,1.0,20dB_nominal_difference,real,dressed_linear_chi,REJECTED_PHYSICAL,XY,z,-0.0625,x,-0.6875,y,0.0625,0.1,0.11650024081562127,0.016500240815621264,0.1,2.2
2014,1.0,20dB_nominal_difference,real,dressed_linear_chi,REJECTED_PHYSICAL,XY,z,-0.0625,x,-0.5625,y,0.0625,0.1,0.13369916309981764,0.03369916309981763,0.1,2.2
2014,1.0,20dB_nominal_difference,real,dressed_linear_chi,REJECTED_PHYSICAL,XY,z,-0.0625,x,-0.4375,y,0.0625,0.1,0.15196598173307563,0.05196598173307562,0.1,2.2
2014,1.0,20dB_nominal_difference,real,dressed_linear_chi,REJECTED_PHYSICAL,XY,z,-0.0625,x,-0.3125,y,0.0625,0.1,0.170135415161009,0.07013541516100899,0.1,2.2
2014,1.0,20dB_nominal_difference,real,dressed_linear_chi,REJECTED_PHYSICAL,XY,z,-0.0625,x,-0.1875,y,0.0625,0.1,0.18684910608136931,0.08684910608136931,0.1,2.2
2014,1.0,20dB_nominal_difference,real,dressed_linear_chi,REJECTED_PHYSICAL,XY,z,-0.0625,x,-0.0625,y,0.0625,0.1,0.2004191520844469,0.1004191520844469,0.1,2.2
2014,1.0,20dB_nominal_difference,real,dressed_linear_chi,REJECTED_PHYSICAL,XY,z,-0.0625,x,0.0625,y,0.0625,0.1,0.2091128192832064,0.1091128192832064,0.1,2.2
2014,1.0,20dB_nominal_difference,real,dressed_linear_chi,REJECTED_PHYSICAL,XY,z,-0.0625,x,0.1875,y,0.0625,0.1,0.2114686062771164,0.11146860627711638,0.1,2.2
2014,1.0,20dB_nominal_difference,real,dressed_linear_chi,REJECTED_PHYSICAL,XY,z,-0.0625,x,0.3125,y,0.0625,1.5500000000000003,0.20659235705785337,-1.3434076429421469,0.1,2.2
2014,1.0,20dB_nominal_difference,real,dressed_linear_chi,REJECTED_PHYSICAL,XY,z,-0.0625,x,0.4375,y,0.0625,0.1,0.1943890649148569,0.09438906491485691,0.1,2.2
2014,1.0,20dB_nominal_difference,real,dressed_linear_chi,REJECTED_PHYSICAL,XY,z,-0.0625,x,0.5625,y,0.0625,0.1,0.17570266738437418,0.07570266738437417,0.1,2.2
2014,1.0,20dB_nominal_difference,real,dressed_linear_chi,REJECTED_PHYSICAL,XY,z,-0.0625,x,0.6875,y,0.0625,0.1,0.1533400340925748,0.05334003409257479,0.1,2.2
2014,1.0,20dB_nominal_difference,real,dressed_linear_chi,REJECTED_PHYSICAL,XY,z,-0.0625,x,-0.6875,y,0.1875,0.1,0.10843698725305626,0.00843698725305625,0.1,2.2
2014,1.0,20dB_nominal_difference,real,dressed_linear_chi,REJECTED_PHYSICAL,XY,z,-0.0625,x,-0.5625,y,0.1875,0.1,0.12399604532983016,0.023996045329830157,0.1,2.2
2014,1.0,20dB_nominal_difference,real,dressed_linear_chi,REJECTED_PHYSICAL,XY,z,-0.0625,x,-0.4375,y,0.1875,0.1,0.1410465073577531,0.04104650735775309,0.1,2.2
2014,1.0,20dB_nominal_difference,real,dressed_linear_chi,REJECTED_PHYSICAL,XY,z,-0.0625,x,-0.3125,y,0.1875,0.1,0.15850323197672686,0.058503231976726855,0.1,2.2
2014,1.0,20dB_nominal_difference,real,dressed_linear_chi,REJECTED_PHYSICAL,XY,z,-0.0625,x,-0.1875,y,0.1875,0.1,0.17507496533180594,0.07507496533180594,0.1,2.2
2014,1.0,20dB_nominal_difference,real,dressed_linear_chi,REJECTED_PHYSICAL,XY,z,-0.0625,x,-0.0625,y,0.1875,0.1,0.1891444880135354,0.08914448801353539,0.1,2.2
2014,1.0,20dB_nominal_difference,real,dressed_linear_chi,REJECTED_PHYSICAL,XY,z,-0.0625,x,0.0625,y,0.1875,0.1,0.19903565458581568,0.09903565458581567,0.1,2.2
2014,1.0,20dB_nominal_difference,real,dressed_linear_chi,REJECTED_PHYSICAL,XY,z,-0.0625,x,0.1875,y,0.1875,1.5500000000000003,0.20329551913190522,-1.346704480868095,0.1,2.2
2014,1.0,20dB_nominal_difference,real,dressed_linear_chi,REJECTED_PHYSICAL,XY,z,-0.0625,x,0.3125,y,0.1875,1.5500000000000003,0.20095363875749356,-1.3490463612425068,0.1,2.2
2014,1.0,20dB_nominal_difference,real,dressed_linear_chi,REJECTED_PHYSICAL,XY,z,-0.0625,x,0.4375,y,0.1875,1.5500000000000003,0.19172479985812568,-1.3582752001418745,0.1,2.2
2014,1.0,20dB_nominal_difference,real,dressed_linear_chi,REJECTED_PHYSICAL,XY,z,-0.0625,x,0.5625,y,0.1875,0.1,0.17613586723194918,0.07613586723194918,0.1,2.2
2014,1.0,20dB_nominal_difference,real,dressed_linear_chi,REJECTED_PHYSICAL,XY,z,-0.0625,x,0.6875,y,0.1875,0.1,0.15656351590526627,0.05656351590526626,0.1,2.2
2014,1.0,20dB_nominal_difference,real,dressed_linear_chi,REJECTED_PHYSICAL,XY,z,-0.0625,x,-0.6875,y,0.3125,0.1,0.09873047526158428,-0.0012695247384157254,0.1,2.2
2014,1.0,20dB_nominal_difference,real,dressed_linear_chi,REJECTED_PHYSICAL,XY,z,-0.0625,x,-0.5625,y,0.3125,0.1,0.11197822320904673,0.01197822320904672,0.1,2.2
2014,1.0,20dB_nominal_difference,real,dressed_linear_chi,REJECTED_PHYSICAL,XY,z,-0.0625,x,-0.4375,y,0.3125,0.1,0.12698688026757127,0.02698688026757126,0.1,2.2
2014,1.0,20dB_nominal_difference,real,dressed_linear_chi,REJECTED_PHYSICAL,XY,z,-0.0625,x,-0.3125,y,0.3125,0.1,0.14274990596861106,0.04274990596861106,0.1,2.2
2014,1.0,20dB_nominal_difference,real,dressed_linear_chi,REJECTED_PHYSICAL,XY,z,-0.0625,x,-0.1875,y,0.3125,0.1,0.15808112163006197,0.05808112163006196,0.1,2.2
2014,1.0,20dB_nominal_difference,real,dressed_linear_chi,REJECTED_PHYSICAL,XY,z,-0.0625,x,-0.0625,y,0.3125,0.1,0.17153383661410482,0.07153383661410481,0.1,2.2
2014,1.0,20dB_nominal_difference,real,dressed_linear_chi,REJECTED_PHYSICAL,XY,z,-0.0625,x,0.0625,y,0.3125,0.1,0.18162520341907537,0.08162520341907537,0.1,2.2
2014,1.0,20dB_nominal_difference,real,dressed_linear_chi,REJECTED_PHYSICAL,XY,z,-0.0625,x,0.1875,y,0.3125,0.1,0.18705642160490404,0.08705642160490404,0.1,2.2
2014,1.0,20dB_nominal_difference,real,dressed_linear_chi,REJECTED_PHYSICAL,XY,z,-0.0625,x,0.3125,y,0.3125,1.5500000000000003,0.18691199355055793,-1.3630880064494424,0.1,2.2
2014,1.0,20dB_nominal_difference,real,dressed_linear_chi,REJECTED_PHYSICAL,XY,z,-0.0625,x,0.4375,y,0.3125,0.1,0.180817717713216,0.080817717713216,0.1,2.2
2014,1.0,20dB_nominal_difference,real,dressed_linear_chi,REJECTED_PHYSICAL,XY,z,-0.0625,x,0.5625,y,0.3125,0.1,0.1690494499733331,0.0690494499733331,0.1,2.2
2014,1.0,20dB_nominal_difference,real,dressed_linear_chi,REJECTED_PHYSICAL,XY,z,-0.0625,x,0.6875,y,0.3125,0.1,0.15347000043036038,0.053470000430360376,0.1,2.2
2014,1.0,20dB_nominal_difference,real,dressed_linear_chi,REJECTED_PHYSICAL,XY,z,-0.0625,x,-0.6875,y,0.4375,0.1,0.08819876799633108,-0.011801232003668921,0.1,2.2
2014,1.0,20dB_nominal_difference,real,dressed_linear_chi,REJECTED_PHYSICAL,XY,z,-0.0625,x,-0.5625,y,0.4375,0.1,0.0988458874901138,-0.0011541125098862015,0.1,2.2
2014,1.0,20dB_nominal_difference,real,dressed_linear_chi,REJECTED_PHYSICAL,XY,z,-0.0625,x,-0.4375,y,0.4375,0.1,0.11127007022591588,0.011270070225915876,0.1,2.2
2014,1.0,20dB_nominal_difference,real,dressed_linear_chi,REJECTED_PHYSICAL,XY,z,-0.0625,x,-0.3125,y,0.4375,0.1,0.12446786934177645,0.024467869341776444,0.1,2.2
2014,1.0,20dB_nominal_difference,real,dressed_linear_chi,REJECTED_PHYSICAL,XY,z,-0.0625,x,-0.1875,y,0.4375,0.1,0.13738965149362573,0.03738965149362572,0.1,2.2
2014,1.0,20dB_nominal_difference,real,dressed_linear_chi,REJECTED_PHYSICAL,XY,z,-0.0625,x,-0.0625,y,0.4375,0.1,0.14887681211087753,0.04887681211087752,0.1,2.2
2014,1.0,20dB_nominal_difference,real,dressed_linear_chi,REJECTED_PHYSICAL,XY,z,-0.0625,x,0.0625,y,0.4375,0.1,0.1578046068162307,0.0578046068162307,0.1,2.2
2014,1.0,20dB_nominal_difference,real,dressed_linear_chi,REJECTED_PHYSICAL,XY,z,-0.0625,x,0.1875,y,0.4375,0.1,0.16321276409898494,0.06321276409898494,0.1,2.2
2014,1.0,20dB_nominal_difference,real,dressed_linear_chi,REJECTED_PHYSICAL,XY,z,-0.0625,x,0.3125,y,0.4375,0.1,0.16441864078778293,0.06441864078778292,0.1,2.2
2014,1.0,20dB_nominal_difference,real,dressed_linear_chi,REJECTED_PHYSICAL,XY,z,-0.0625,x,0.4375,y,0.4375,0.1,0.16110197525933936,0.06110197525933936,0.1,2.2
2014,1.0,20dB_nominal_difference,real,dressed_linear_chi,REJECTED_PHYSICAL,XY,z,-0.0625,x,0.5625,y,0.4375,0.1,0.15337187953299772,0.05337187953299771,0.1,2.2
2014,1.0,20dB_nominal_difference,real,dressed_linear_chi,REJECTED_PHYSICAL,XY,z,-0.0625,x,0.6875,y,0.4375,0.1,0.14252808651311583,0.04252808651311582,0.1,2.2
2014,1.0,20dB_nominal_difference,real,dressed_linear_chi,REJECTED_PHYSICAL,XY,z,-0.0625,x,-0.6875,y,0.5625,0.1,0.0776811450686196,-0.022318854931380402,0.1,2.2
2014,1.0,20dB_nominal_difference,real,dressed_linear_chi,REJECTED_PHYSICAL,XY,z,-0.0625,x,-0.5625,y,0.5625,0.1,0.08580652354202072,-0.01419347645797929,0.1,2.2
2014,1.0,20dB_nominal_difference,real,dressed_linear_chi,REJECTED_PHYSICAL,XY,z,-0.0625,x,-0.4375,y,0.5625,0.1,0.09539736968386722,-0.004602630316132783,0.1,2.2
2014,1.0,20dB_nominal_difference,real,dressed_linear_chi,REJECTED_PHYSICAL,XY,z,-0.0625,x,-0.3125,y,0.5625,0.1,0.10530677763215075,0.005306777632150747,0.1,2.2
2014,1.0,20dB_nominal_difference,real,dressed_linear_chi,REJECTED_PHYSICAL,XY,z,-0.0625,x,-0.1875,y,0.5625,0.1,0.1146706585570397,0.014670658557039695,0.1,2.2
2014,1.0,20dB_nominal_difference,real,dressed_linear_chi,REJECTED_PHYSICAL,XY,z,-0.0625,x,-0.0625,y,0.5625,0.1,0.12274225701352727,0.022742257013527264,0.1,2.2
2014,1.0,20dB_nominal_difference,real,dressed_linear_chi,REJECTED_PHYSICAL,XY,z,-0.0625,x,0.0625,y,0.5625,0.1,0.1289245990876274,0.0289245990876274,0.1,2.2
2014,1.0,20dB_nominal_difference,real,dressed_linear_chi,REJECTED_PHYSICAL,XY,z,-0.0625,x,0.1875,y,0.5625,0.1,0.13279721920353574,0.03279721920353573,0.1,2.2
2014,1.0,20dB_nominal_difference,real,dressed_linear_chi,REJECTED_PHYSICAL,XY,z,-0.0625,x,0.3125,y,0.5625,0.1,0.13412213158372915,0.03412213158372915,0.1,2.2
2014,1.0,20dB_nominal_difference,real,dressed_linear_chi,REJECTED_PHYSICAL,XY,z,-0.0625,x,0.4375,y,0.5625,0.1,0.13281694655016169,0.03281694655016168,0.1,2.2
2014,1.0,20dB_nominal_difference,real,dressed_linear_chi,REJECTED_PHYSICAL,XY,z,-0.0625,x,0.5625,y,0.5625,0.1,0.1288840369244881,0.0288840369244881,0.1,2.2
2014,1.0,20dB_nominal_difference,real,dressed_linear_chi,REJECTED_PHYSICAL,XY,z,-0.0625,x,0.6875,y,0.5625,0.1,0.12278052816330273,0.022780528163302727,0.1,2.2
2014,1.0,20dB_nominal_difference,real,dressed_linear_chi,REJECTED_PHYSICAL,XY,z,-0.0625,x,-0.6875,y,0.6875,0.1,0.06849825100246282,-0.03150174899753719,0.1,2.2
2014,1.0,20dB_nominal_difference,real,dressed_linear_chi,REJECTED_PHYSICAL,XY,z,-0.0625,x,-0.5625,y,0.6875,0.1,0.0746644216469093,-0.025335578353090707,0.1,2.2
2014,1.0,20dB_nominal_difference,real,dressed_linear_chi,REJECTED_PHYSICAL,XY,z,-0.0625,x,-0.4375,y,0.6875,0.1,0.08167188024208104,-0.018328119757918968,0.1,2.2
2014,1.0,20dB_nominal_difference,real,dressed_linear_chi,REJECTED_PHYSICAL,XY,z,-0.0625,x,-0.3125,y,0.6875,0.1,0.0880689313324021,-0.01193106866759791,0.1,2.2
2014,1.0,20dB_nominal_difference,real,dressed_linear_chi,REJECTED_PHYSICAL,XY,z,-0.0625,x,-0.1875,y,0.6875,0.1,0.09317973109317647,-0.006820268906823537,0.1,2.2
2014,1.0,20dB_nominal_difference,real,dressed_linear_chi,REJECTED_PHYSICAL,XY,z,-0.0625,x,-0.0625,y,0.6875,0.1,0.09672365912374306,-0.0032763408762569446,0.1,2.2
2014,1.0,20dB_nominal_difference,real,dressed_linear_chi,REJECTED_PHYSICAL,XY,z,-0.0625,x,0.0625,y,0.6875,0.1,0.09874615495540376,-0.0012538450445962468,0.1,2.2
2014,1.0,20dB_nominal_difference,real,dressed_linear_chi,REJECTED_PHYSICAL,XY,z,-0.0625,x,0.1875,y,0.6875,0.1,0.0995396579964018,-0.00046034200359820754,0.1,2.2
2014,1.0,20dB_nominal_difference,real,dressed_linear_chi,REJECTED_PHYSICAL,XY,z,-0.0625,x,0.3125,y,0.6875,0.1,0.09953730480319735,-0.0004626951968026566,0.1,2.2
2014,1.0,20dB_nominal_difference,real,dressed_linear_chi,REJECTED_PHYSICAL,XY,z,-0.0625,x,0.4375,y,0.6875,0.1,0.09917582567090957,-0.0008241743290904324,0.1,2.2
2014,1.0,20dB_nominal_difference,real,dressed_linear_chi,REJECTED_PHYSICAL,XY,z,-0.0625,x,0.5625,y,0.6875,0.1,0.0986697531073244,-0.0013302468926756073,0.1,2.2
2014,1.0,20dB_nominal_difference,real,dressed_linear_chi,REJECTED_PHYSICAL,XY,z,-0.0625,x,0.6875,y,0.6875,0.1,0.09687479841572118,-0.0031252015842788278,0.1,2.2
2014,1.0,20dB_nominal_difference,real,dressed_linear_chi,REJECTED_PHYSICAL,XZ,y,-0.0625,x,-0.6875,z,-0.6875,0.1,0.05436850481549686,-0.04563149518450314,0.1,2.2
2014,1.0,20dB_nominal_difference,real,dressed_linear_chi,REJECTED_PHYSICAL,XZ,y,-0.0625,x,-0.5625,z,-0.6875,0.1,0.06097220016368019,-0.039027799836319814,0.1,2.2
2014,1.0,20dB_nominal_difference,real,dressed_linear_chi,REJECTED_PHYSICAL,XZ,y,-0.0625,x,-0.4375,z,-0.6875,0.1,0.07173975731098242,-0.028260242689017584,0.1,2.2
2014,1.0,20dB_nominal_difference,real,dressed_linear_chi,REJECTED_PHYSICAL,XZ,y,-0.0625,x,-0.3125,z,-0.6875,0.1,0.08392826084710078,-0.016071739152899223,0.1,2.2
2014,1.0,20dB_nominal_difference,real,dressed_linear_chi,REJECTED_PHYSICAL,XZ,y,-0.0625,x,-0.1875,z,-0.6875,0.1,0.09557979543209068,-0.004420204567909328,0.1,2.2
2014,1.0,20dB_nominal_difference,real,dressed_linear_chi,REJECTED_PHYSICAL,XZ,y,-0.0625,x,-0.0625,z,-0.6875,0.1,0.10490365719374203,0.004903657193742028,0.1,2.2
2014,1.0,20dB_nominal_difference,real,dressed_linear_chi,REJECTED_PHYSICAL,XZ,y,-0.0625,x,0.0625,z,-0.6875,0.1,0.1105338965234371,0.0105338965234371,0.1,2.2
2014,1.0,20dB_nominal_difference,real,dressed_linear_chi,REJECTED_PHYSICAL,XZ,y,-0.0625,x,0.1875,z,-0.6875,0.1,0.11181774030342712,0.01181774030342711,0.1,2.2
2014,1.0,20dB_nominal_difference,real,dressed_linear_chi,REJECTED_PHYSICAL,XZ,y,-0.0625,x,0.3125,z,-0.6875,0.1,0.10904966938106415,0.009049669381064149,0.1,2.2
2014,1.0,20dB_nominal_difference,real,dressed_linear_chi,REJECTED_PHYSICAL,XZ,y,-0.0625,x,0.4375,z,-0.6875,0.1,0.10366881841111586,0.003668818411115854,0.1,2.2
2014,1.0,20dB_nominal_difference,real,dressed_linear_chi,REJECTED_PHYSICAL,XZ,y,-0.0625,x,0.5625,z,-0.6875,0.1,0.09869884048981055,-0.0013011595101894563,0.1,2.2
2014,1.0,20dB_nominal_difference,real,dressed_linear_chi,REJECTED_PHYSICAL,XZ,y,-0.0625,x,0.6875,z,-0.6875,0.1,0.1021457265795381,0.0021457265795380986,0.1,2.2
2014,1.0,20dB_nominal_difference,real,dressed_linear_chi,REJECTED_PHYSICAL,XZ,y,-0.0625,x,-0.6875,z,-0.5625,0.1,0.0757491442546878,-0.024250855745312203,0.1,2.2
2014,1.0,20dB_nominal_difference,real,dressed_linear_chi,REJECTED_PHYSICAL,XZ,y,-0.0625,x,-0.5625,z,-0.5625,0.1,0.0856104028492666,-0.014389597150733402,0.1,2.2
2014,1.0,20dB_nominal_difference,real,dressed_linear_chi,REJECTED_PHYSICAL,XZ,y,-0.0625,x,-0.4375,z,-0.5625,0.1,0.09894735357642008,-0.0010526464235799254,0.1,2.2
2014,1.0,20dB_nominal_difference,real,dressed_linear_chi,REJECTED_PHYSICAL,XZ,y,-0.0625,x,-0.3125,z,-0.5625,0.1,0.11373709210860065,0.013737092108600649,0.1,2.2
2014,1.0,20dB_nominal_difference,real,dressed_linear_chi,REJECTED_PHYSICAL,XZ,y,-0.0625,x,-0.1875,z,-0.5625,0.1,0.12786788510380567,0.027867885103805667,0.1,2.2
2014,1.0,20dB_nominal_difference,real,dressed_linear_chi,REJECTED_PHYSICAL,XZ,y,-0.0625,x,-0.0625,z,-0.5625,0.1,0.13931762561956085,0.03931762561956084,0.1,2.2
2014,1.0,20dB_nominal_difference,real,dressed_linear_chi,REJECTED_PHYSICAL,XZ,y,-0.0625,x,0.0625,z,-0.5625,0.1,0.1464559298065345,0.046455929806534485,0.1,2.2
2014,1.0,20dB_nominal_difference,real,dressed_linear_chi,REJECTED_PHYSICAL,XZ,y,-0.0625,x,0.1875,z,-0.5625,0.1,0.1483665951300579,0.04836659513005789,0.1,2.2
2014,1.0,20dB_nominal_difference,real,dressed_linear_chi,REJECTED_PHYSICAL,XZ,y,-0.0625,x,0.3125,z,-0.5625,0.1,0.14512547775671508,0.04512547775671508,0.1,2.2
2014,1.0,20dB_nominal_difference,real,dressed_linear_chi,REJECTED_PHYSICAL,XZ,y,-0.0625,x,0.4375,z,-0.5625,0.1,0.1379969749761892,0.0379969749761892,0.1,2.2
2014,1.0,20dB_nominal_difference,real,dressed_linear_chi,REJECTED_PHYSICAL,XZ,y,-0.0625,x,0.5625,z,-0.5625,0.1,0.12948630474994632,0.029486304749946318,0.1,2.2
2014,1.0,20dB_nominal_difference,real,dressed_linear_chi,REJECTED_PHYSICAL,XZ,y,-0.0625,x,0.6875,z,-0.5625,0.1,0.12285411388729295,0.022854113887292943,0.1,2.2
2014,1.0,20dB_nominal_difference,real,dressed_linear_chi,REJECTED_PHYSICAL,XZ,y,-0.0625,x,-0.6875,z,-0.4375,0.1,0.09270042841612372,-0.007299571583876285,0.1,2.2
2014,1.0,20dB_nominal_difference,real,dressed_linear_chi,REJECTED_PHYSICAL,XZ,y,-0.0625,x,-0.5625,z,-0.4375,0.1,0.10594663742481639,0.005946637424816381,0.1,2.2
2014,1.0,20dB_nominal_difference,real,dressed_linear_chi,REJECTED_PHYSICAL,XZ,y,-0.0625,x,-0.4375,z,-0.4375,0.1,0.12171086112020905,0.02171086112020905,0.1,2.2
2014,1.0,20dB_nominal_difference,real,dressed_linear_chi,REJECTED_PHYSICAL,XZ,y,-0.0625,x,-0.3125,z,-0.4375,0.1,0.1384553764238799,0.03845537642387989,0.1,2.2
2014,1.0,20dB_nominal_difference,real,dressed_linear_chi,REJECTED_PHYSICAL,XZ,y,-0.0625,x,-0.1875,z,-0.4375,0.1,0.1542264754720422,0.05422647547204221,0.1,2.2
2014,1.0,20dB_nominal_difference,real,dressed_linear_chi,REJECTED_PHYSICAL,XZ,y,-0.0625,x,-0.0625,z,-0.4375,0.1,0.16697109557717282,0.06697109557717282,0.1,2.2
2014,1.0,20dB_nominal_difference,real,dressed_linear_chi,REJECTED_PHYSICAL,XZ,y,-0.0625,x,0.0625,z,-0.4375,0.1,0.17491820310237544,0.07491820310237543,0.1,2.2
2014,1.0,20dB_nominal_difference,real,dressed_linear_chi,REJECTED_PHYSICAL,XZ,y,-0.0625,x,0.1875,z,-0.4375,0.1,0.17693091813119807,0.07693091813119807,0.1,2.2
2014,1.0,20dB_nominal_difference,real,dressed_linear_chi,REJECTED_PHYSICAL,XZ,y,-0.0625,x,0.3125,z,-0.4375,0.1,0.17279020265632913,0.07279020265632913,0.1,2.2
2014,1.0,20dB_nominal_difference,real,dressed_linear_chi,REJECTED_PHYSICAL,XZ,y,-0.0625,x,0.4375,z,-0.4375,0.1,0.16333500752016752,0.06333500752016752,0.1,2.2
2014,1.0,20dB_nominal_difference,real,dressed_linear_chi,REJECTED_PHYSICAL,XZ,y,-0.0625,x,0.5625,z,-0.4375,0.1,0.15031357089697145,0.05031357089697144,0.1,2.2
2014,1.0,20dB_nominal_difference,real,dressed_linear_chi,REJECTED_PHYSICAL,XZ,y,-0.0625,x,0.6875,z,-0.4375,0.1,0.1360512243825842,0.03605122438258421,0.1,2.2
2014,1.0,20dB_nominal_difference,real,dressed_linear_chi,REJECTED_PHYSICAL,XZ,y,-0.0625,x,-0.6875,z,-0.3125,0.1,0.10637320777871757,0.006373207778717568,0.1,2.2
2014,1.0,20dB_nominal_difference,real,dressed_linear_chi,REJECTED_PHYSICAL,XZ,y,-0.0625,x,-0.5625,z,-0.3125,0.1,0.12228789215706881,0.022287892157068806,0.1,2.2
2014,1.0,20dB_nominal_difference,real,dressed_linear_chi,REJECTED_PHYSICAL,XZ,y,-0.0625,x,-0.4375,z,-0.3125,0.1,0.140015754603381,0.040015754603381,0.1,2.2
2014,1.0,20dB_nominal_difference,real,dressed_linear_chi,REJECTED_PHYSICAL,XZ,y,-0.0625,x,-0.3125,z,-0.3125,0.1,0.15816943856063748,0.05816943856063747,0.1,2.2
2014,1.0,20dB_nominal_difference,real,dressed_linear_chi,REJECTED_PHYSICAL,XZ,y,-0.0625,x,-0.1875,z,-0.3125,0.1,0.17495422994670484,0.07495422994670484,0.1,2.2
2014,1.0,20dB_nominal_difference,real,dressed_linear_chi,REJECTED_PHYSICAL,XZ,y,-0.0625,x,-0.0625,z,-0.3125,0.1,0.18836949860552843,0.08836949860552842,0.1,2.2
2014,1.0,20dB_nominal_difference,real,dressed_linear_chi,REJECTED_PHYSICAL,XZ,y,-0.0625,x,0.0625,z,-0.3125,0.1,0.1965829386164658,0.0965829386164658,0.1,2.2
2014,1.0,20dB_nominal_difference,real,dressed_linear_chi,REJECTED_PHYSICAL,XZ,y,-0.0625,x,0.1875,z,-0.3125,0.1,0.19829052424471383,0.09829052424471382,0.1,2.2
2014,1.0,20dB_nominal_difference,real,dressed_linear_chi,REJECTED_PHYSICAL,XZ,y,-0.0625,x,0.3125,z,-0.3125,0.1,0.19301070012589103,0.09301070012589102,0.1,2.2
2014,1.0,20dB_nominal_difference,real,dressed_linear_chi,REJECTED_PHYSICAL,XZ,y,-0.0625,x,0.4375,z,-0.3125,0.1,0.18124557873307293,0.08124557873307292,0.1,2.2
2014,1.0,20dB_nominal_difference,real,dressed_linear_chi,REJECTED_PHYSICAL,XZ,y,-0.0625,x,0.5625,z,-0.3125,0.1,0.16443831573450646,0.06443831573450645,0.1,2.2
2014,1.0,20dB_nominal_difference,real,dressed_linear_chi,REJECTED_PHYSICAL,XZ,y,-0.0625,x,0.6875,z,-0.3125,0.1,0.14515255575690575,0.04515255575690574,0.1,2.2
2014,1.0,20dB_nominal_difference,real,dressed_linear_chi,REJECTED_PHYSICAL,XZ,y,-0.0625,x,-0.6875,z,-0.1875,0.1,0.11623336404361104,0.01623336404361103,0.1,2.2
2014,1.0,20dB_nominal_difference,real,dressed_linear_chi,REJECTED_PHYSICAL,XZ,y,-0.0625,x,-0.5625,z,-0.1875,0.1,0.1337388715812595,0.03373887158125949,0.1,2.2
2014,1.0,20dB_nominal_difference,real,dressed_linear_chi,REJECTED_PHYSICAL,XZ,y,-0.0625,x,-0.4375,z,-0.1875,0.1,0.15243827889004863,0.05243827889004862,0.1,2.2
2014,1.0,20dB_nominal_difference,real,dressed_linear_chi,REJECTED_PHYSICAL,XZ,y,-0.0625,x,-0.3125,z,-0.1875,0.1,0.17103211977790989,0.07103211977790988,0.1,2.2
2014,1.0,20dB_nominal_difference,real,dressed_linear_chi,REJECTED_PHYSICAL,XZ,y,-0.0625,x,-0.1875,z,-0.1875,0.1,0.1879053730084727,0.0879053730084727,0.1,2.2
2014,1.0,20dB_nominal_difference,real,dressed_linear_chi,REJECTED_PHYSICAL,XZ,y,-0.0625,x,-0.0625,z,-0.1875,0.1,0.20118074178759449,0.10118074178759448,0.1,2.2
2014,1.0,20dB_nominal_difference,real,dressed_linear_chi,REJECTED_PHYSICAL,XZ,y,-0.0625,x,0.0625,z,-0.1875,0.1,0.2090519021405725,0.1090519021405725,0.1,2.2
2014,1.0,20dB_nominal_difference,real,dressed_linear_chi,REJECTED_PHYSICAL,XZ,y,-0.0625,x,0.1875,z,-0.1875,0.1,0.2101328937844158,0.11013289378441579,0.1,2.2
2014,1.0,20dB_nominal_difference,real,dressed_linear_chi,REJECTED_PHYSICAL,XZ,y,-0.0625,x,0.3125,z,-0.1875,0.1,0.20376715343603086,0.10376715343603085,0.1,2.2
2014,1.0,20dB_nominal_difference,real,dressed_linear_chi,REJECTED_PHYSICAL,XZ,y,-0.0625,x,0.4375,z,-0.1875,0.1,0.1902417823366513,0.09024178233665128,0.1,2.2
2014,1.0,20dB_nominal_difference,real,dressed_linear_chi,REJECTED_PHYSICAL,XZ,y,-0.0625,x,0.5625,z,-0.1875,0.1,0.17086778516676882,0.07086778516676881,0.1,2.2
2014,1.0,20dB_nominal_difference,real,dressed_linear_chi,REJECTED_PHYSICAL,XZ,y,-0.0625,x,0.6875,z,-0.1875,0.1,0.1485329072961094,0.0485329072961094,0.1,2.2
2014,1.0,20dB_nominal_difference,real,dressed_linear_chi,REJECTED_PHYSICAL,XZ,y,-0.0625,x,-0.6875,z,-0.0625,0.1,0.12213868403356677,0.022138684033566766,0.1,2.2
2014,1.0,20dB_nominal_difference,real,dressed_linear_chi,REJECTED_PHYSICAL,XZ,y,-0.0625,x,-0.5625,z,-0.0625,0.1,0.1399704253485726,0.03997042534857259,0.1,2.2
2014,1.0,20dB_nominal_difference,real,dressed_linear_chi,REJECTED_PHYSICAL,XZ,y,-0.0625,x,-0.4375,z,-0.0625,0.1,0.15841549603527985,0.058415496035279846,0.1,2.2
2014,1.0,20dB_nominal_difference,real,dressed_linear_chi,REJECTED_PHYSICAL,XZ,y,-0.0625,x,-0.3125,z,-0.0625,0.9,0.17627545695955749,-0.7237245430404425,0.1,2.2
2014,1.0,20dB_nominal_difference,real,dressed_linear_chi,REJECTED_PHYSICAL,XZ,y,-0.0625,x,-0.1875,z,-0.0625,0.9,0.19217456096088195,-0.7078254390391181,0.1,2.2
2014,1.0,20dB_nominal_difference,real,dressed_linear_chi,REJECTED_PHYSICAL,XZ,y,-0.0625,x,-0.0625,z,-0.0625,0.1,0.2044371309121224,0.1044371309121224,0.1,2.2
2014,1.0,20dB_nominal_difference,real,dressed_linear_chi,REJECTED_PHYSICAL,XZ,y,-0.0625,x,0.0625,z,-0.0625,0.1,0.2113733065338162,0.11137330653381619,0.1,2.2
2014,1.0,20dB_nominal_difference,real,dressed_linear_chi,REJECTED_PHYSICAL,XZ,y,-0.0625,x,0.1875,z,-0.0625,0.1,0.21160599699728153,0.11160599699728152,0.1,2.2
2014,1.0,20dB_nominal_difference,real,dressed_linear_chi,REJECTED_PHYSICAL,XZ,y,-0.0625,x,0.3125,z,-0.0625,0.1,0.20438554833005756,0.10438554833005756,0.1,2.2
2014,1.0,20dB_nominal_difference,real,dressed_linear_chi,REJECTED_PHYSICAL,XZ,y,-0.0625,x,0.4375,z,-0.0625,0.1,0.18984302226363858,0.08984302226363858,0.1,2.2
2014,1.0,20dB_nominal_difference,real,dressed_linear_chi,REJECTED_PHYSICAL,XZ,y,-0.0625,x,0.5625,z,-0.0625,0.1,0.16914428091320938,0.06914428091320937,0.1,2.2
2014,1.0,20dB_nominal_difference,real,dressed_linear_chi,REJECTED_PHYSICAL,XZ,y,-0.0625,x,0.6875,z,-0.0625,0.1,0.14538407580952534,0.04538407580952533,0.1,2.2
2014,1.0,20dB_nominal_difference,real,dressed_linear_chi,REJECTED_PHYSICAL,XZ,y,-0.0625,x,-0.6875,z,0.0625,0.1,0.12431685884864628,0.024316858848646275,0.1,2.2
2014,1.0,20dB_nominal_difference,real,dressed_linear_chi,REJECTED_PHYSICAL,XZ,y,-0.0625,x,-0.5625,z,0.0625,0.1,0.14118488460533807,0.04118488460533806,0.1,2.2
2014,1.0,20dB_nominal_difference,real,dressed_linear_chi,REJECTED_PHYSICAL,XZ,y,-0.0625,x,-0.4375,z,0.0625,0.1,0.15812825703528866,0.05812825703528865,0.1,2.2
2014,1.0,20dB_nominal_difference,real,dressed_linear_chi,REJECTED_PHYSICAL,XZ,y,-0.0625,x,-0.3125,z,0.0625,0.9,0.1740848753048863,-0.7259151246951137,0.1,2.2
2014,1.0,20dB_nominal_difference,real,dressed_linear_chi,REJECTED_PHYSICAL,XZ,y,-0.0625,x,-0.1875,z,0.0625,0.9,0.18798659371690687,-0.7120134062830932,0.1,2.2
2014,1.0,20dB_nominal_difference,real,dressed_linear_chi,REJECTED_PHYSICAL,XZ,y,-0.0625,x,-0.0625,z,0.0625,0.1,0.1984352938562206,0.0984352938562206,0.1,2.2
2014,1.0,20dB_nominal_difference,real,dressed_linear_chi,REJECTED_PHYSICAL,XZ,y,-0.0625,x,0.0625,z,0.0625,0.1,0.2039401399826467,0.1039401399826467,0.1,2.2
2014,1.0,20dB_nominal_difference,real,dressed_linear_chi,REJECTED_PHYSICAL,XZ,y,-0.0625,x,0.1875,z,0.0625,0.1,0.2032120820456197,0.10321208204561969,0.1,2.2
2014,1.0,20dB_nominal_difference,real,dressed_linear_chi,REJECTED_PHYSICAL,XZ,y,-0.0625,x,0.3125,z,0.0625,0.1,0.19546805152364238,0.09546805152364238,0.1,2.2
2014,1.0,20dB_nominal_difference,real,dressed_linear_chi,REJECTED_PHYSICAL,XZ,y,-0.0625,x,0.4375,z,0.0625,0.1,0.18069717401722363,0.08069717401722362,0.1,2.2
2014,1.0,20dB_nominal_difference,real,dressed_linear_chi,REJECTED_PHYSICAL,XZ,y,-0.0625,x,0.5625,z,0.0625,0.1,0.15984706500470217,0.05984706500470216,0.1,2.2
2014,1.0,20dB_nominal_difference,real,dressed_linear_chi,REJECTED_PHYSICAL,XZ,y,-0.0625,x,0.6875,z,0.0625,0.1,0.13605041260929363,0.03605041260929362,0.1,2.2
2014,1.0,20dB_nominal_difference,real,dressed_linear_chi,REJECTED_PHYSICAL,XZ,y,-0.0625,x,-0.6875,z,0.1875,0.1,0.12320793512704845,0.02320793512704844,0.1,2.2
2014,1.0,20dB_nominal_difference,real,dressed_linear_chi,REJECTED_PHYSICAL,XZ,y,-0.0625,x,-0.5625,z,0.1875,0.1,0.13795694760143035,0.03795694760143034,0.1,2.2
2014,1.0,20dB_nominal_difference,real,dressed_linear_chi,REJECTED_PHYSICAL,XZ,y,-0.0625,x,-0.4375,z,0.1875,0.1,0.15230659654751405,0.052306596547514045,0.1,2.2
2014,1.0,20dB_nominal_difference,real,dressed_linear_chi,REJECTED_PHYSICAL,XZ,y,-0.0625,x,-0.3125,z,0.1875,0.9,0.1653770245199978,-0.7346229754800022,0.1,2.2
2014,1.0,20dB_nominal_difference,real,dressed_linear_chi,REJECTED_PHYSICAL,XZ,y,-0.0625,x,-0.1875,z,0.1875,0.1,0.17645865031146857,0.07645865031146856,0.1,2.2
2014,1.0,20dB_nominal_difference,real,dressed_linear_chi,REJECTED_PHYSICAL,XZ,y,-0.0625,x,-0.0625,z,0.1875,0.1,0.18448802912516135,0.08448802912516135,0.1,2.2
2014,1.0,20dB_nominal_difference,real,dressed_linear_chi,REJECTED_PHYSICAL,XZ,y,-0.0625,x,0.0625,z,0.1875,0.1,0.1882373241328845,0.08823732413288449,0.1,2.2
2014,1.0,20dB_nominal_difference,real,dressed_linear_chi,REJECTED_PHYSICAL,XZ,y,-0.0625,x,0.1875,z,0.1875,0.1,0.18656606899503947,0.08656606899503946,0.1,2.2
2014,1.0,20dB_nominal_difference,real,dressed_linear_chi,REJECTED_PHYSICAL,XZ,y,-0.0625,x,0.3125,z,0.1875,0.1,0.17869973051300814,0.07869973051300813,0.1,2.2
2014,1.0,20dB_nominal_difference,real,dressed_linear_chi,REJECTED_PHYSICAL,XZ,y,-0.0625,x,0.4375,z,0.1875,0.1,0.16448819788337182,0.06448819788337182,0.1,2.2
2014,1.0,20dB_nominal_difference,real,dressed_linear_chi,REJECTED_PHYSICAL,XZ,y,-0.0625,x,0.5625,z,0.1875,0.1,0.14459203584066221,0.04459203584066221,0.1,2.2
2014,1.0,20dB_nominal_difference,real,dressed_linear_chi,REJECTED_PHYSICAL,XZ,y,-0.0625,x,0.6875,z,0.1875,0.1,0.12197915561869987,0.02197915561869987,0.1,2.2
2014,1.0,20dB_nominal_difference,real,dressed_linear_chi,REJECTED_PHYSICAL,XZ,y,-0.0625,x,-0.6875,z,0.3125,0.1,0.1193162559072272,0.0193162559072272,0.1,2.2
2014,1.0,20dB_nominal_difference,real,dressed_linear_chi,REJECTED_PHYSICAL,XZ,y,-0.0625,x,-0.5625,z,0.3125,0.1,0.1310400790119124,0.031040079011912386,0.1,2.2
2014,1.0,20dB_nominal_difference,real,dressed_linear_chi,REJECTED_PHYSICAL,XZ,y,-0.0625,x,-0.4375,z,0.3125,0.1,0.14200109673018088,0.042001096730180876,0.1,2.2
2014,1.0,20dB_nominal_difference,real,dressed_linear_chi,REJECTED_PHYSICAL,XZ,y,-0.0625,x,-0.3125,z,0.3125,0.1,0.15153874212265275,0.05153874212265275,0.1,2.2
2014,1.0,20dB_nominal_difference,real,dressed_linear_chi,REJECTED_PHYSICAL,XZ,y,-0.0625,x,-0.1875,z,0.3125,0.1,0.1593078582627489,0.0593078582627489,0.1,2.2
2014,1.0,20dB_nominal_difference,real,dressed_linear_chi,REJECTED_PHYSICAL,XZ,y,-0.0625,x,-0.0625,z,0.3125,0.1,0.1646052450845933,0.06460524508459328,0.1,2.2
2014,1.0,20dB_nominal_difference,real,dressed_linear_chi,REJECTED_PHYSICAL,XZ,y,-0.0625,x,0.0625,z,0.3125,0.1,0.1665068697477961,0.0665068697477961,0.1,2.2
2014,1.0,20dB_nominal_difference,real,dressed_linear_chi,REJECTED_PHYSICAL,XZ,y,-0.0625,x,0.1875,z,0.3125,0.1,0.16406084176245983,0.06406084176245982,0.1,2.2
2014,1.0,20dB_nominal_difference,real,dressed_linear_chi,REJECTED_PHYSICAL,XZ,y,-0.0625,x,0.3125,z,0.3125,0.1,0.1565298893222795,0.05652988932227948,0.1,2.2
2014,1.0,20dB_nominal_difference,real,dressed_linear_chi,REJECTED_PHYSICAL,XZ,y,-0.0625,x,0.4375,z,0.3125,0.1,0.14363969821334216,0.043639698213342154,0.1,2.2
2014,1.0,20dB_nominal_difference,real,dressed_linear_chi,REJECTED_PHYSICAL,XZ,y,-0.0625,x,0.5625,z,0.3125,0.1,0.12574992720909348,0.02574992720909347,0.1,2.2
2014,1.0,20dB_nominal_difference,real,dressed_linear_chi,REJECTED_PHYSICAL,XZ,y,-0.0625,x,0.6875,z,0.3125,0.1,0.10546374071765703,0.005463740717657026,0.1,2.2
2014,1.0,20dB_nominal_difference,real,dressed_linear_chi,REJECTED_PHYSICAL,XZ,y,-0.0625,x,-0.6875,z,0.4375,0.1,0.11310480346485405,0.013104803464854042,0.1,2.2
2014,1.0,20dB_nominal_difference,real,dressed_linear_chi,REJECTED_PHYSICAL,XZ,y,-0.0625,x,-0.5625,z,0.4375,0.1,0.12117863579001957,0.021178635790019565,0.1,2.2
2014,1.0,20dB_nominal_difference,real,dressed_linear_chi,REJECTED_PHYSICAL,XZ,y,-0.0625,x,-0.4375,z,0.4375,0.1,0.12837706270979887,0.028377062709798867,0.1,2.2
2014,1.0,20dB_nominal_difference,real,dressed_linear_chi,REJECTED_PHYSICAL,XZ,y,-0.0625,x,-0.3125,z,0.4375,0.1,0.13419268325165928,0.03419268325165928,0.1,2.2
2014,1.0,20dB_nominal_difference,real,dressed_linear_chi,REJECTED_PHYSICAL,XZ,y,-0.0625,x,-0.1875,z,0.4375,0.1,0.13857081720117823,0.03857081720117822,0.1,2.2
2014,1.0,20dB_nominal_difference,real,dressed_linear_chi,REJECTED_PHYSICAL,XZ,y,-0.0625,x,-0.0625,z,0.4375,0.1,0.14116828036464185,0.041168280364641846,0.1,2.2
2014,1.0,20dB_nominal_difference,real,dressed_linear_chi,REJECTED_PHYSICAL,XZ,y,-0.0625,x,0.0625,z,0.4375,0.1,0.14139086455850433,0.041390864558504326,0.1,2.2
2014,1.0,20dB_nominal_difference,real,dressed_linear_chi,REJECTED_PHYSICAL,XZ,y,-0.0625,x,0.1875,z,0.4375,0.1,0.13849535951056105,0.038495359510561045,0.1,2.2
2014,1.0,20dB_nominal_difference,real,dressed_linear_chi,REJECTED_PHYSICAL,XZ,y,-0.0625,x,0.3125,z,0.4375,0.1,0.13178869566639217,0.03178869566639217,0.1,2.2
2014,1.0,20dB_nominal_difference,real,dressed_linear_chi,REJECTED_PHYSICAL,XZ,y,-0.0625,x,0.4375,z,0.4375,0.1,0.12089378889360111,0.020893788893601106,0.1,2.2
2014,1.0,20dB_nominal_difference,real,dressed_linear_chi,REJECTED_PHYSICAL,XZ,y,-0.0625,x,0.5625,z,0.4375,0.1,0.10596768253389574,0.005967682533895735,0.1,2.2
2014,1.0,20dB_nominal_difference,real,dressed_linear_chi,REJECTED_PHYSICAL,XZ,y,-0.0625,x,0.6875,z,0.4375,0.1,0.08921916702403726,-0.010780832975962745,0.1,2.2
2014,1.0,20dB_nominal_difference,real,dressed_linear_chi,REJECTED_PHYSICAL,XZ,y,-0.0625,x,-0.6875,z,0.5625,0.1,0.10481561410779718,0.00481561410779717,0.1,2.2
2014,1.0,20dB_nominal_difference,real,dressed_linear_chi,REJECTED_PHYSICAL,XZ,y,-0.0625,x,-0.5625,z,0.5625,0.1,0.10889771640561961,0.008897716405619607,0.1,2.2
2014,1.0,20dB_nominal_difference,real,dressed_linear_chi,REJECTED_PHYSICAL,XZ,y,-0.0625,x,-0.4375,z,0.5625,0.1,0.11260263600899173,0.012602636008991724,0.1,2.2
2014,1.0,20dB_nominal_difference,real,dressed_linear_chi,REJECTED_PHYSICAL,XZ,y,-0.0625,x,-0.3125,z,0.5625,0.1,0.11505582954140425,0.015055829541404248,0.1,2.2
2014,1.0,20dB_nominal_difference,real,dressed_linear_chi,REJECTED_PHYSICAL,XZ,y,-0.0625,x,-0.1875,z,0.5625,0.1,0.1163850624035619,0.016385062403561898,0.1,2.2
2014,1.0,20dB_nominal_difference,real,dressed_linear_chi,REJECTED_PHYSICAL,XZ,y,-0.0625,x,-0.0625,z,0.5625,0.1,0.11664109340061798,0.01664109340061798,0.1,2.2
2014,1.0,20dB_nominal_difference,real,dressed_linear_chi,REJECTED_PHYSICAL,XZ,y,-0.0625,x,0.0625,z,0.5625,0.1,0.11559556526217298,0.01559556526217297,0.1,2.2
2014,1.0,20dB_nominal_difference,real,dressed_linear_chi,REJECTED_PHYSICAL,XZ,y,-0.0625,x,0.1875,z,0.5625,0.1,0.11271947819538271,0.012719478195382702,0.1,2.2
2014,1.0,20dB_nominal_difference,real,dressed_linear_chi,REJECTED_PHYSICAL,XZ,y,-0.0625,x,0.3125,z,0.5625,0.1,0.10732860488648115,0.007328604886481141,0.1,2.2
2014,1.0,20dB_nominal_difference,real,dressed_linear_chi,REJECTED_PHYSICAL,XZ,y,-0.0625,x,0.4375,z,0.5625,0.1,0.09889171597191405,-0.0011082840280859513,0.1,2.2
2014,1.0,20dB_nominal_difference,real,dressed_linear_chi,REJECTED_PHYSICAL,XZ,y,-0.0625,x,0.5625,z,0.5625,0.1,0.08750782175147453,-0.01249217824852547,0.1,2.2
2014,1.0,20dB_nominal_difference,real,dressed_linear_chi,REJECTED_PHYSICAL,XZ,y,-0.0625,x,0.6875,z,0.5625,0.1,0.07571062896157875,-0.024289371038421256,0.1,2.2
2014,1.0,20dB_nominal_difference,real,dressed_linear_chi,REJECTED_PHYSICAL,XZ,y,-0.0625,x,-0.6875,z,0.6875,0.1,0.09177286855715433,-0.008227131442845675,0.1,2.2
2014,1.0,20dB_nominal_difference,real,dressed_linear_chi,REJECTED_PHYSICAL,XZ,y,-0.0625,x,-0.5625,z,0.6875,0.1,0.09290624141380803,-0.0070937585861919755,0.1,2.2
2014,1.0,20dB_nominal_difference,real,dressed_linear_chi,REJECTED_PHYSICAL,XZ,y,-0.0625,x,-0.4375,z,0.6875,0.1,0.09415306152814096,-0.005846938471859048,0.1,2.2
2014,1.0,20dB_nominal_difference,real,dressed_linear_chi,REJECTED_PHYSICAL,XZ,y,-0.0625,x,-0.3125,z,0.6875,0.1,0.09373819815767988,-0.006261801842320128,0.1,2.2
2014,1.0,20dB_nominal_difference,real,dressed_linear_chi,REJECTED_PHYSICAL,XZ,y,-0.0625,x,-0.1875,z,0.6875,0.1,0.0923391180548912,-0.007660881945108805,0.1,2.2
2014,1.0,20dB_nominal_difference,real,dressed_linear_chi,REJECTED_PHYSICAL,XZ,y,-0.0625,x,-0.0625,z,0.6875,0.1,0.0905910993882818,-0.009408900611718202,0.1,2.2
2014,1.0,20dB_nominal_difference,real,dressed_linear_chi,REJECTED_PHYSICAL,XZ,y,-0.0625,x,0.0625,z,0.6875,0.1,0.0887190521209813,-0.011280947879018705,0.1,2.2
2014,1.0,20dB_nominal_difference,real,dressed_linear_chi,REJECTED_PHYSICAL,XZ,y,-0.0625,x,0.1875,z,0.6875,0.1,0.0864297308021715,-0.0135702691978285,0.1,2.2
2014,1.0,20dB_nominal_difference,real,dressed_linear_chi,REJECTED_PHYSICAL,XZ,y,-0.0625,x,0.3125,z,0.6875,0.1,0.08298536008121196,-0.017014639918788044,0.1,2.2
2014,1.0,20dB_nominal_difference,real,dressed_linear_chi,REJECTED_PHYSICAL,XZ,y,-0.0625,x,0.4375,z,0.6875,0.1,0.07747006278844264,-0.02252993721155737,0.1,2.2
2014,1.0,20dB_nominal_difference,real,dressed_linear_chi,REJECTED_PHYSICAL,XZ,y,-0.0625,x,0.5625,z,0.6875,0.1,0.06941167441928461,-0.030588325580715392,0.1,2.2
2014,1.0,20dB_nominal_difference,real,dressed_linear_chi,REJECTED_PHYSICAL,XZ,y,-0.0625,x,0.6875,z,0.6875,0.1,0.0628667909684357,-0.03713320903156431,0.1,2.2
2014,1.0,20dB_nominal_difference,real,dressed_linear_chi,REJECTED_PHYSICAL,YZ,x,-0.0625,y,-0.6875,z,-0.6875,0.1,0.10450030117909072,0.004500301179090713,0.1,2.2
2014,1.0,20dB_nominal_difference,real,dressed_linear_chi,REJECTED_PHYSICAL,YZ,x,-0.0625,y,-0.5625,z,-0.6875,0.1,0.10595425350369272,0.005954253503692719,0.1,2.2
2014,1.0,20dB_nominal_difference,real,dressed_linear_chi,REJECTED_PHYSICAL,YZ,x,-0.0625,y,-0.4375,z,-0.6875,0.1,0.11109041755793879,0.011090417557938784,0.1,2.2
2014,1.0,20dB_nominal_difference,real,dressed_linear_chi,REJECTED_PHYSICAL,YZ,x,-0.0625,y,-0.3125,z,-0.6875,0.1,0.11280307641359216,0.012803076413592157,0.1,2.2
2014,1.0,20dB_nominal_difference,real,dressed_linear_chi,REJECTED_PHYSICAL,YZ,x,-0.0625,y,-0.1875,z,-0.6875,0.1,0.11051421085378378,0.010514210853783776,0.1,2.2
2014,1.0,20dB_nominal_difference,real,dressed_linear_chi,REJECTED_PHYSICAL,YZ,x,-0.0625,y,-0.0625,z,-0.6875,0.1,0.10490365719374203,0.004903657193742028,0.1,2.2
2014,1.0,20dB_nominal_difference,real,dressed_linear_chi,REJECTED_PHYSICAL,YZ,x,-0.0625,y,0.0625,z,-0.6875,0.1,0.09717826683899927,-0.0028217331610007335,0.1,2.2
2014,1.0,20dB_nominal_difference,real,dressed_linear_chi,REJECTED_PHYSICAL,YZ,x,-0.0625,y,0.1875,z,-0.6875,0.1,0.0886994797614391,-0.011300520238560902,0.1,2.2
2014,1.0,20dB_nominal_difference,real,dressed_linear_chi,REJECTED_PHYSICAL,YZ,x,-0.0625,y,0.3125,z,-0.6875,0.1,0.08073296315460429,-0.019267036845395713,0.1,2.2
2014,1.0,20dB_nominal_difference,real,dressed_linear_chi,REJECTED_PHYSICAL,YZ,x,-0.0625,y,0.4375,z,-0.6875,0.1,0.07432644240766437,-0.02567355759233564,0.1,2.2
2014,1.0,20dB_nominal_difference,real,dressed_linear_chi,REJECTED_PHYSICAL,YZ,x,-0.0625,y,0.5625,z,-0.6875,0.1,0.07046724468860369,-0.02953275531139632,0.1,2.2
2014,1.0,20dB_nominal_difference,real,dressed_linear_chi,REJECTED_PHYSICAL,YZ,x,-0.0625,y,0.6875,z,-0.6875,0.1,0.07320356912158892,-0.02679643087841109,0.1,2.2
2014,1.0,20dB_nominal_difference,real,dressed_linear_chi,REJECTED_PHYSICAL,YZ,x,-0.0625,y,-0.6875,z,-0.5625,0.1,0.11893065305857661,0.018930653058576608,0.1,2.2
2014,1.0,20dB_nominal_difference,real,dressed_linear_chi,REJECTED_PHYSICAL,YZ,x,-0.0625,y,-0.5625,z,-0.5625,0.1,0.1287045413452921,0.0287045413452921,0.1,2.2
2014,1.0,20dB_nominal_difference,real,dressed_linear_chi,REJECTED_PHYSICAL,YZ,x,-0.0625,y,-0.4375,z,-0.5625,0.1,0.13785700927043634,0.03785700927043634,0.1,2.2
2014,1.0,20dB_nominal_difference,real,dressed_linear_chi,REJECTED_PHYSICAL,YZ,x,-0.0625,y,-0.3125,z,-0.5625,0.1,0.14295483728204472,0.04295483728204472,0.1,2.2
2014,1.0,20dB_nominal_difference,real,dressed_linear_chi,REJECTED_PHYSICAL,YZ,x,-0.0625,y,-0.1875,z,-0.5625,0.1,0.14336508654456154,0.04336508654456153,0.1,2.2
2014,1.0,20dB_nominal_difference,real,dressed_linear_chi,REJECTED_PHYSICAL,YZ,x,-0.0625,y,-0.0625,z,-0.5625,0.1,0.13931762561956085,0.03931762561956084,0.1,2.2
2014,1.0,20dB_nominal_difference,real,dressed_linear_chi,REJECTED_PHYSICAL,YZ,x,-0.0625,y,0.0625,z,-0.5625,0.1,0.13164021852466937,0.03164021852466936,0.1,2.2
2014,1.0,20dB_nominal_difference,real,dressed_linear_chi,REJECTED_PHYSICAL,YZ,x,-0.0625,y,0.1875,z,-0.5625,0.1,0.12149484545059623,0.021494845450596226,0.1,2.2
2014,1.0,20dB_nominal_difference,real,dressed_linear_chi,REJECTED_PHYSICAL,YZ,x,-0.0625,y,0.3125,z,-0.5625,0.1,0.11018361910366961,0.010183619103669606,0.1,2.2
2014,1.0,20dB_nominal_difference,real,dressed_linear_chi,REJECTED_PHYSICAL,YZ,x,-0.0625,y,0.4375,z,-0.5625,0.1,0.09906712164906491,-0.0009328783509350985,0.1,2.2
2014,1.0,20dB_nominal_difference,real,dressed_linear_chi,REJECTED_PHYSICAL,YZ,x,-0.0625,y,0.5625,z,-0.5625,0.1,0.08966283099547624,-0.010337169004523764,0.1,2.2
2014,1.0,20dB_nominal_difference,real,dressed_linear_chi,REJECTED_PHYSICAL,YZ,x,-0.0625,y,0.6875,z,-0.5625,0.1,0.08502649413010842,-0.014973505869891587,0.1,2.2
2014,1.0,20dB_nominal_difference,real,dressed_linear_chi,REJECTED_PHYSICAL,YZ,x,-0.0625,y,-0.6875,z,-0.4375,0.1,0.1262664899861498,0.026266489986149805,0.1,2.2
2014,1.0,20dB_nominal_difference,real,dressed_linear_chi,REJECTED_PHYSICAL,YZ,x,-0.0625,y,-0.5625,z,-0.4375,0.1,0.14269875245161326,0.04269875245161325,0.1,2.2
2014,1.0,20dB_nominal_difference,real,dressed_linear_chi,REJECTED_PHYSICAL,YZ,x,-0.0625,y,-0.4375,z,-0.4375,0.1,0.15690851198597622,0.05690851198597621,0.1,2.2
2014,1.0,20dB_nominal_difference,real,dressed_linear_chi,REJECTED_PHYSICAL,YZ,x,-0.0625,y,-0.3125,z,-0.4375,0.1,0.1658948967846588,0.06589489678465879,0.1,2.2
2014,1.0,20dB_nominal_difference,real,dressed_linear_chi,REJECTED_PHYSICAL,YZ,x,-0.0625,y,-0.1875,z,-0.4375,0.1,0.16923177523526295,0.06923177523526294,0.1,2.2
2014,1.0,20dB_nominal_difference,real,dressed_linear_chi,REJECTED_PHYSICAL,YZ,x,-0.0625,y,-0.0625,z,-0.4375,0.1,0.16697109557717282,0.06697109557717282,0.1,2.2
2014,1.0,20dB_nominal_difference,real,dressed_linear_chi,REJECTED_PHYSICAL,YZ,x,-0.0625,y,0.0625,z,-0.4375,0.1,0.15968578932932653,0.05968578932932653,0.1,2.2
2014,1.0,20dB_nominal_difference,real,dressed_linear_chi,REJECTED_PHYSICAL,YZ,x,-0.0625,y,0.1875,z,-0.4375,0.1,0.14835583802219454,0.048355838022194536,0.1,2.2
2014,1.0,20dB_nominal_difference,real,dressed_linear_chi,REJECTED_PHYSICAL,YZ,x,-0.0625,y,0.3125,z,-0.4375,0.1,0.13422931512367997,0.034229315123679965,0.1,2.2
2014,1.0,20dB_nominal_difference,real,dressed_linear_chi,REJECTED_PHYSICAL,YZ,x,-0.0625,y,0.4375,z,-0.4375,0.1,0.11870523562894567,0.01870523562894566,0.1,2.2
2014,1.0,20dB_nominal_difference,real,dressed_linear_chi,REJECTED_PHYSICAL,YZ,x,-0.0625,y,0.5625,z,-0.4375,0.1,0.10320074572913428,0.0032007457291342717,0.1,2.2
2014,1.0,20dB_nominal_difference,real,dressed_linear_chi,REJECTED_PHYSICAL,YZ,x,-0.0625,y,0.6875,z,-0.4375,0.1,0.09034939968603789,-0.009650600313962115,0.1,2.2
2014,1.0,20dB_nominal_difference,real,dressed_linear_chi,REJECTED_PHYSICAL,YZ,x,-0.0625,y,-0.6875,z,-0.3125,0.1,0.129335109004755,0.029335109004755,0.1,2.2
2014,1.0,20dB_nominal_difference,real,dressed_linear_chi,REJECTED_PHYSICAL,YZ,x,-0.0625,y,-0.5625,z,-0.3125,0.1,0.15043855446522827,0.05043855446522827,0.1,2.2
2014,1.0,20dB_nominal_difference,real,dressed_linear_chi,REJECTED_PHYSICAL,YZ,x,-0.0625,y,-0.4375,z,-0.3125,0.1,0.16921993138156077,0.06921993138156077,0.1,2.2
2014,1.0,20dB_nominal_difference,real,dressed_linear_chi,REJECTED_PHYSICAL,YZ,x,-0.0625,y,-0.3125,z,-0.3125,0.1,0.1821417624132751,0.08214176241327509,0.1,2.2
2014,1.0,20dB_nominal_difference,real,dressed_linear_chi,REJECTED_PHYSICAL,YZ,x,-0.0625,y,-0.1875,z,-0.3125,0.1,0.1885780925138491,0.0885780925138491,0.1,2.2
2014,1.0,20dB_nominal_difference,real,dressed_linear_chi,REJECTED_PHYSICAL,YZ,x,-0.0625,y,-0.0625,z,-0.3125,0.1,0.18836949860552843,0.08836949860552842,0.1,2.2
2014,1.0,20dB_nominal_difference,real,dressed_linear_chi,REJECTED_PHYSICAL,YZ,x,-0.0625,y,0.0625,z,-0.3125,0.1,0.18186310994795624,0.08186310994795623,0.1,2.2
2014,1.0,20dB_nominal_difference,real,dressed_linear_chi,REJECTED_PHYSICAL,YZ,x,-0.0625,y,0.1875,z,-0.3125,0.1,0.16985927746541563,0.06985927746541562,0.1,2.2
2014,1.0,20dB_nominal_difference,real,dressed_linear_chi,REJECTED_PHYSICAL,YZ,x,-0.0625,y,0.3125,z,-0.3125,0.1,0.15350621809998746,0.05350621809998746,0.1,2.2
2014,1.0,20dB_nominal_difference,real,dressed_linear_chi,REJECTED_PHYSICAL,YZ,x,-0.0625,y,0.4375,z,-0.3125,0.1,0.1341700616398528,0.03417006163985278,0.1,2.2
2014,1.0,20dB_nominal_difference,real,dressed_linear_chi,REJECTED_PHYSICAL,YZ,x,-0.0625,y,0.5625,z,-0.3125,0.1,0.11327132299864598,0.013271322998645974,0.1,2.2
2014,1.0,20dB_nominal_difference,real,dressed_linear_chi,REJECTED_PHYSICAL,YZ,x,-0.0625,y,0.6875,z,-0.3125,0.1,0.09381566184678547,-0.006184338153214536,0.1,2.2
2014,1.0,20dB_nominal_difference,real,dressed_linear_chi,REJECTED_PHYSICAL,YZ,x,-0.0625,y,-0.6875,z,-0.1875,0.1,0.12759138854321814,0.02759138854321813,0.1,2.2
2014,1.0,20dB_nominal_difference,real,dressed_linear_chi,REJECTED_PHYSICAL,YZ,x,-0.0625,y,-0.5625,z,-0.1875,0.1,0.15174641004679823,0.051746410046798225,0.1,2.2
2014,1.0,20dB_nominal_difference,real,dressed_linear_chi,REJECTED_PHYSICAL,YZ,x,-0.0625,y,-0.4375,z,-0.1875,0.1,0.17390419221968623,0.07390419221968622,0.1,2.2
2014,1.0,20dB_nominal_difference,real,dressed_linear_chi,REJECTED_PHYSICAL,YZ,x,-0.0625,y,-0.3125,z,-0.1875,2.2,0.19008388505796653,-2.0099161149420337,0.1,2.2
2014,1.0,20dB_nominal_difference,real,dressed_linear_chi,REJECTED_PHYSICAL,YZ,x,-0.0625,y,-0.1875,z,-0.1875,0.1,0.19931667573748363,0.09931667573748362,0.1,2.2
2014,1.0,20dB_nominal_difference,real,dressed_linear_chi,REJECTED_PHYSICAL,YZ,x,-0.0625,y,-0.0625,z,-0.1875,0.1,0.20118074178759449,0.10118074178759448,0.1,2.2
2014,1.0,20dB_nominal_difference,real,dressed_linear_chi,REJECTED_PHYSICAL,YZ,x,-0.0625,y,0.0625,z,-0.1875,0.1,0.19579847828593488,0.09579847828593488,0.1,2.2
2014,1.0,20dB_nominal_difference,real,dressed_linear_chi,REJECTED_PHYSICAL,YZ,x,-0.0625,y,0.1875,z,-0.1875,0.1,0.18379197844109696,0.08379197844109695,0.1,2.2
2014,1.0,20dB_nominal_difference,real,dressed_linear_chi,REJECTED_PHYSICAL,YZ,x,-0.0625,y,0.3125,z,-0.1875,0.1,0.16619625582616526,0.06619625582616526,0.1,2.2
2014,1.0,20dB_nominal_difference,real,dressed_linear_chi,REJECTED_PHYSICAL,YZ,x,-0.0625,y,0.4375,z,-0.1875,0.1,0.144345459671389,0.044345459671389004,0.1,2.2
2014,1.0,20dB_nominal_difference,real,dressed_linear_chi,REJECTED_PHYSICAL,YZ,x,-0.0625,y,0.5625,z,-0.1875,0.1,0.11974874653835485,0.019748746538354844,0.1,2.2
2014,1.0,20dB_nominal_difference,real,dressed_linear_chi,REJECTED_PHYSICAL,YZ,x,-0.0625,y,0.6875,z,-0.1875,0.1,0.09581395551675671,-0.0041860444832432925,0.1,2.2
2014,1.0,20dB_nominal_difference,real,dressed_linear_chi,REJECTED_PHYSICAL,YZ,x,-0.0625,y,-0.6875,z,-0.0625,0.1,0.12151283620033274,0.02151283620033273,0.1,2.2
2014,1.0,20dB_nominal_difference,real,dressed_linear_chi,REJECTED_PHYSICAL,YZ,x,-0.0625,y,-0.5625,z,-0.0625,0.1,0.14707919080684018,0.04707919080684017,0.1,2.2
2014,1.0,20dB_nominal_difference,real,dressed_linear_chi,REJECTED_PHYSICAL,YZ,x,-0.0625,y,-0.4375,z,-0.0625,0.1,0.17109951330959156,0.07109951330959155,0.1,2.2
2014,1.0,20dB_nominal_difference,real,dressed_linear_chi,REJECTED_PHYSICAL,YZ,x,-0.0625,y,-0.3125,z,-0.0625,0.1,0.1894070078005194,0.08940700780051938,0.1,2.2
2014,1.0,20dB_nominal_difference,real,dressed_linear_chi,REJECTED_PHYSICAL,YZ,x,-0.0625,y,-0.1875,z,-0.0625,0.1,0.2007400235197333,0.1007400235197333,0.1,2.2
2014,1.0,20dB_nominal_difference,real,dressed_linear_chi,REJECTED_PHYSICAL,YZ,x,-0.0625,y,-0.0625,z,-0.0625,0.1,0.2044371309121224,0.1044371309121224,0.1,2.2
2014,1.0,20dB_nominal_difference,real,dressed_linear_chi,REJECTED_PHYSICAL,YZ,x,-0.0625,y,0.0625,z,-0.0625,0.1,0.2004191520844469,0.1004191520844469,0.1,2.2
2014,1.0,20dB_nominal_difference,real,dressed_linear_chi,REJECTED_PHYSICAL,YZ,x,-0.0625,y,0.1875,z,-0.0625,0.1,0.1891444880135354,0.08914448801353539,0.1,2.2
2014,1.0,20dB_nominal_difference,real,dressed_linear_chi,REJECTED_PHYSICAL,YZ,x,-0.0625,y,0.3125,z,-0.0625,0.1,0.17153383661410482,0.07153383661410481,0.1,2.2
2014,1.0,20dB_nominal_difference,real,dressed_linear_chi,REJECTED_PHYSICAL,YZ,x,-0.0625,y,0.4375,z,-0.0625,0.1,0.14887681211087753,0.04887681211087752,0.1,2.2
2014,1.0,20dB_nominal_difference,real,dressed_linear_chi,REJECTED_PHYSICAL,YZ,x,-0.0625,y,0.5625,z,-0.0625,0.1,0.12274225701352727,0.022742257013527264,0.1,2.2
2014,1.0,20dB_nominal_difference,real,dressed_linear_chi,REJECTED_PHYSICAL,YZ,x,-0.0625,y,0.6875,z,-0.0625,0.1,0.09672365912374306,-0.0032763408762569446,0.1,2.2
2014,1.0,20dB_nominal_difference,real,dressed_linear_chi,REJECTED_PHYSICAL,YZ,x,-0.0625,y,-0.6875,z,0.0625,0.1,0.11254893822882531,0.012548938228825302,0.1,2.2
2014,1.0,20dB_nominal_difference,real,dressed_linear_chi,REJECTED_PHYSICAL,YZ,x,-0.0625,y,-0.5625,z,0.0625,0.1,0.13776268094935357,0.03776268094935356,0.1,2.2
2014,1.0,20dB_nominal_difference,real,dressed_linear_chi,REJECTED_PHYSICAL,YZ,x,-0.0625,y,-0.4375,z,0.0625,0.1,0.16193143033645918,0.061931430336459176,0.1,2.2
2014,1.0,20dB_nominal_difference,real,dressed_linear_chi,REJECTED_PHYSICAL,YZ,x,-0.0625,y,-0.3125,z,0.0625,0.1,0.1809497827525714,0.08094978275257139,0.1,2.2
2014,1.0,20dB_nominal_difference,real,dressed_linear_chi,REJECTED_PHYSICAL,YZ,x,-0.0625,y,-0.1875,z,0.0625,0.1,0.19339081019302062,0.09339081019302062,0.1,2.2
2014,1.0,20dB_nominal_difference,real,dressed_linear_chi,REJECTED_PHYSICAL,YZ,x,-0.0625,y,-0.0625,z,0.0625,0.1,0.1984352938562206,0.0984352938562206,0.1,2.2
2014,1.0,20dB_nominal_difference,real,dressed_linear_chi,REJECTED_PHYSICAL,YZ,x,-0.0625,y,0.0625,z,0.0625,0.1,0.19585893915542804,0.09585893915542804,0.1,2.2
2014,1.0,20dB_nominal_difference,real,dressed_linear_chi,REJECTED_PHYSICAL,YZ,x,-0.0625,y,0.1875,z,0.0625,0.1,0.1859898597769565,0.0859898597769565,0.1,2.2
2014,1.0,20dB_nominal_difference,real,dressed_linear_chi,REJECTED_PHYSICAL,YZ,x,-0.0625,y,0.3125,z,0.0625,0.1,0.1696389190724541,0.06963891907245409,0.1,2.2
2014,1.0,20dB_nominal_difference,real,dressed_linear_chi,REJECTED_PHYSICAL,YZ,x,-0.0625,y,0.4375,z,0.0625,0.1,0.14801727988686023,0.04801727988686022,0.1,2.2
2014,1.0,20dB_nominal_difference,real,dressed_linear_chi,REJECTED_PHYSICAL,YZ,x,-0.0625,y,0.5625,z,0.0625,0.1,0.12266271909305479,0.022662719093054784,0.1,2.2
2014,1.0,20dB_nominal_difference,real,dressed_linear_chi,REJECTED_PHYSICAL,YZ,x,-0.0625,y,0.6875,z,0.0625,0.1,0.09707110053265229,-0.0029288994673477148,0.1,2.2
2014,1.0,20dB_nominal_difference,real,dressed_linear_chi,REJECTED_PHYSICAL,YZ,x,-0.0625,y,-0.6875,z,0.1875,0.1,0.10275550035821972,0.002755500358219712,0.1,2.2
2014,1.0,20dB_nominal_difference,real,dressed_linear_chi,REJECTED_PHYSICAL,YZ,x,-0.0625,y,-0.5625,z,0.1875,0.1,0.12578007782988168,0.025780077829881676,0.1,2.2
2014,1.0,20dB_nominal_difference,real,dressed_linear_chi,REJECTED_PHYSICAL,YZ,x,-0.0625,y,-0.4375,z,0.1875,0.1,0.14828707791820453,0.048287077918204524,0.1,2.2
2014,1.0,20dB_nominal_difference,real,dressed_linear_chi,REJECTED_PHYSICAL,YZ,x,-0.0625,y,-0.3125,z,0.1875,0.1,0.16644188598057752,0.06644188598057751,0.1,2.2
2014,1.0,20dB_nominal_difference,real,dressed_linear_chi,REJECTED_PHYSICAL,YZ,x,-0.0625,y,-0.1875,z,0.1875,0.1,0.1787985086699339,0.0787985086699339,0.1,2.2
2014,1.0,20dB_nominal_difference,real,dressed_linear_chi,REJECTED_PHYSICAL,YZ,x,-0.0625,y,-0.0625,z,0.1875,0.1,0.18448802912516135,0.08448802912516135,0.1,2.2
2014,1.0,20dB_nominal_difference,real,dressed_linear_chi,REJECTED_PHYSICAL,YZ,x,-0.0625,y,0.0625,z,0.1875,0.1,0.18322187372108206,0.08322187372108206,0.1,2.2
2014,1.0,20dB_nominal_difference,real,dressed_linear_chi,REJECTED_PHYSICAL,YZ,x,-0.0625,y,0.1875,z,0.1875,0.1,0.17525084542232916,0.07525084542232915,0.1,2.2
2014,1.0,20dB_nominal_difference,real,dressed_linear_chi,REJECTED_PHYSICAL,YZ,x,-0.0625,y,0.3125,z,0.1875,0.1,0.16129265600988218,0.06129265600988218,0.1,2.2
2014,1.0,20dB_nominal_difference,real,dressed_linear_chi,REJECTED_PHYSICAL,YZ,x,-0.0625,y,0.4375,z,0.1875,0.1,0.1424456052553059,0.042445605255305885,0.1,2.2
2014,1.0,20dB_nominal_difference,real,dressed_linear_chi,REJECTED_PHYSICAL,YZ,x,-0.0625,y,0.5625,z,0.1875,0.1,0.12010891088360875,0.02010891088360875,0.1,2.2
2014,1.0,20dB_nominal_difference,real,dressed_linear_chi,REJECTED_PHYSICAL,YZ,x,-0.0625,y,0.6875,z,0.1875,0.1,0.09738748622329534,-0.0026125137767046697,0.1,2.2
2014,1.0,20dB_nominal_difference,real,dressed_linear_chi,REJECTED_PHYSICAL,YZ,x,-0.0625,y,-0.6875,z,0.3125,0.1,0.09434259494153346,-0.005657405058466541,0.1,2.2
2014,1.0,20dB_nominal_difference,real,dressed_linear_chi,REJECTED_PHYSICAL,YZ,x,-0.0625,y,-0.5625,z,0.3125,0.1,0.11337542851034156,0.013375428510341555,0.1,2.2
2014,1.0,20dB_nominal_difference,real,dressed_linear_chi,REJECTED_PHYSICAL,YZ,x,-0.0625,y,-0.4375,z,0.3125,0.1,0.13244661638166505,0.032446616381665044,0.1,2.2
2014,1.0,20dB_nominal_difference,real,dressed_linear_chi,REJECTED_PHYSICAL,YZ,x,-0.0625,y,-0.3125,z,0.3125,0.1,0.14814986767533236,0.04814986767533236,0.1,2.2
2014,1.0,20dB_nominal_difference,real,dressed_linear_chi,REJECTED_PHYSICAL,YZ,x,-0.0625,y,-0.1875,z,0.3125,0.1,0.1591406224257135,0.059140622425713496,0.1,2.2
2014,1.0,20dB_nominal_difference,real,dressed_linear_chi,REJECTED_PHYSICAL,YZ,x,-0.0625,y,-0.0625,z,0.3125,0.1,0.1646052450845933,0.06460524508459328,0.1,2.2
2014,1.0,20dB_nominal_difference,real,dressed_linear_chi,REJECTED_PHYSICAL,YZ,x,-0.0625,y,0.0625,z,0.3125,0.1,0.1642844074076409,0.06428440740764088,0.1,2.2
2014,1.0,20dB_nominal_difference,real,dressed_linear_chi,REJECTED_PHYSICAL,YZ,x,-0.0625,y,0.1875,z,0.3125,0.1,0.15842346575408753,0.05842346575408752,0.1,2.2
2014,1.0,20dB_nominal_difference,real,dressed_linear_chi,REJECTED_PHYSICAL,YZ,x,-0.0625,y,0.3125,z,0.3125,0.1,0.1476861336624064,0.0476861336624064,0.1,2.2
2014,1.0,20dB_nominal_difference,real,dressed_linear_chi,REJECTED_PHYSICAL,YZ,x,-0.0625,y,0.4375,z,0.3125,0.1,0.1330504890765222,0.033050489076522194,0.1,2.2
2014,1.0,20dB_nominal_difference,real,dressed_linear_chi,REJECTED_PHYSICAL,YZ,x,-0.0625,y,0.5625,z,0.3125,0.1,0.1156932131746602,0.0156932131746602,0.1,2.2
2014,1.0,20dB_nominal_difference,real,dressed_linear_chi,REJECTED_PHYSICAL,YZ,x,-0.0625,y,0.6875,z,0.3125,0.1,0.09804873693854702,-0.0019512630614529902,0.1,2.2
2014,1.0,20dB_nominal_difference,real,dressed_linear_chi,REJECTED_PHYSICAL,YZ,x,-0.0625,y,-0.6875,z,0.4375,0.1,0.08923183102633427,-0.01076816897366574,0.1,2.2
2014,1.0,20dB_nominal_difference,real,dressed_linear_chi,REJECTED_PHYSICAL,YZ,x,-0.0625,y,-0.5625,z,0.4375,0.1,0.10258554895382115,0.00258554895382114,0.1,2.2
2014,1.0,20dB_nominal_difference,real,dressed_linear_chi,REJECTED_PHYSICAL,YZ,x,-0.0625,y,-0.4375,z,0.4375,0.1,0.11665940913978355,0.016659409139783546,0.1,2.2
2014,1.0,20dB_nominal_difference,real,dressed_linear_chi,REJECTED_PHYSICAL,YZ,x,-0.0625,y,-0.3125,z,0.4375,0.1,0.12849835063814652,0.028498350638146513,0.1,2.2
2014,1.0,20dB_nominal_difference,real,dressed_linear_chi,REJECTED_PHYSICAL,YZ,x,-0.0625,y,-0.1875,z,0.4375,0.1,0.1368921273162837,0.03689212731628369,0.1,2.2
2014,1.0,20dB_nominal_difference,real,dressed_linear_chi,REJECTED_PHYSICAL,YZ,x,-0.0625,y,-0.0625,z,0.4375,0.1,0.14116828036464185,0.041168280364641846,0.1,2.2
2014,1.0,20dB_nominal_difference,real,dressed_linear_chi,REJECTED_PHYSICAL,YZ,x,-0.0625,y,0.0625,z,0.4375,0.1,0.14119902894689418,0.04119902894689417,0.1,2.2
2014,1.0,20dB_nominal_difference,real,dressed_linear_chi,REJECTED_PHYSICAL,YZ,x,-0.0625,y,0.1875,z,0.4375,0.1,0.13731318170139156,0.03731318170139156,0.1,2.2
2014,1.0,20dB_nominal_difference,real,dressed_linear_chi,REJECTED_PHYSICAL,YZ,x,-0.0625,y,0.3125,z,0.4375,0.1,0.13018574066770333,0.030185740667703326,0.1,2.2
2014,1.0,20dB_nominal_difference,real,dressed_linear_chi,REJECTED_PHYSICAL,YZ,x,-0.0625,y,0.4375,z,0.4375,0.1,0.12071905439732138,0.02071905439732137,0.1,2.2
2014,1.0,20dB_nominal_difference,real,dressed_linear_chi,REJECTED_PHYSICAL,YZ,x,-0.0625,y,0.5625,z,0.4375,0.1,0.1098743318989763,0.009874331898976296,0.1,2.2
2014,1.0,20dB_nominal_difference,real,dressed_linear_chi,REJECTED_PHYSICAL,YZ,x,-0.0625,y,0.6875,z,0.4375,0.1,0.09920157843189815,-0.0007984215681018508,0.1,2.2
2014,1.0,20dB_nominal_difference,real,dressed_linear_chi,REJECTED_PHYSICAL,YZ,x,-0.0625,y,-0.6875,z,0.5625,0.1,0.08862071887188891,-0.011379281128111096,0.1,2.2
2014,1.0,20dB_nominal_difference,real,dressed_linear_chi,REJECTED_PHYSICAL,YZ,x,-0.0625,y,-0.5625,z,0.5625,0.1,0.09470003881050552,-0.0052999611894944815,0.1,2.2
2014,1.0,20dB_nominal_difference,real,dressed_linear_chi,REJECTED_PHYSICAL,YZ,x,-0.0625,y,-0.4375,z,0.5625,0.1,0.10275693901226352,0.0027569390122635096,0.1,2.2
2014,1.0,20dB_nominal_difference,real,dressed_linear_chi,REJECTED_PHYSICAL,YZ,x,-0.0625,y,-0.3125,z,0.5625,0.1,0.10974822814810868,0.009748228148108676,0.1,2.2
2014,1.0,20dB_nominal_difference,real,dressed_linear_chi,REJECTED_PHYSICAL,YZ,x,-0.0625,y,-0.1875,z,0.5625,0.1,0.11451917310053482,0.014519173100534813,0.1,2.2
2014,1.0,20dB_nominal_difference,real,dressed_linear_chi,REJECTED_PHYSICAL,YZ,x,-0.0625,y,-0.0625,z,0.5625,0.1,0.11664109340061798,0.01664109340061798,0.1,2.2
2014,1.0,20dB_nominal_difference,real,dressed_linear_chi,REJECTED_PHYSICAL,YZ,x,-0.0625,y,0.0625,z,0.5625,0.1,0.1162393530553462,0.016239353055346198,0.1,2.2
2014,1.0,20dB_nominal_difference,real,dressed_linear_chi,REJECTED_PHYSICAL,YZ,x,-0.0625,y,0.1875,z,0.5625,0.1,0.11382626727807593,0.013826267278075927,0.1,2.2
2014,1.0,20dB_nominal_difference,real,dressed_linear_chi,REJECTED_PHYSICAL,YZ,x,-0.0625,y,0.3125,z,0.5625,0.1,0.1101632636758072,0.010163263675807194,0.1,2.2
2014,1.0,20dB_nominal_difference,real,dressed_linear_chi,REJECTED_PHYSICAL,YZ,x,-0.0625,y,0.4375,z,0.5625,0.1,0.1061594451986309,0.006159445198630889,0.1,2.2
2014,1.0,20dB_nominal_difference,real,dressed_linear_chi,REJECTED_PHYSICAL,YZ,x,-0.0625,y,0.5625,z,0.5625,0.1,0.10275662699204338,0.002756626992043376,0.1,2.2
2014,1.0,20dB_nominal_difference,real,dressed_linear_chi,REJECTED_PHYSICAL,YZ,x,-0.0625,y,0.6875,z,0.5625,0.1,0.10082948338002277,0.0008294833800227691,0.1,2.2
2014,1.0,20dB_nominal_difference,real,dressed_linear_chi,REJECTED_PHYSICAL,YZ,x,-0.0625,y,-0.6875,z,0.6875,0.1,0.09044601323889995,-0.009553986761100058,0.1,2.2
2014,1.0,20dB_nominal_difference,real,dressed_linear_chi,REJECTED_PHYSICAL,YZ,x,-0.0625,y,-0.5625,z,0.6875,0.1,0.08824487649789452,-0.011755123502105488,0.1,2.2
2014,1.0,20dB_nominal_difference,real,dressed_linear_chi,REJECTED_PHYSICAL,YZ,x,-0.0625,y,-0.4375,z,0.6875,0.1,0.09016833299940852,-0.009831667000591487,0.1,2.2
2014,1.0,20dB_nominal_difference,real,dressed_linear_chi,REJECTED_PHYSICAL,YZ,x,-0.0625,y,-0.3125,z,0.6875,0.1,0.09158788703175931,-0.008412112968240695,0.1,2.2
2014,1.0,20dB_nominal_difference,real,dressed_linear_chi,REJECTED_PHYSICAL,YZ,x,-0.0625,y,-0.1875,z,0.6875,0.1,0.0917045493993743,-0.008295450600625712,0.1,2.2
2014,1.0,20dB_nominal_difference,real,dressed_linear_chi,REJECTED_PHYSICAL,YZ,x,-0.0625,y,-0.0625,z,0.6875,0.1,0.0905910993882818,-0.009408900611718202,0.1,2.2
2014,1.0,20dB_nominal_difference,real,dressed_linear_chi,REJECTED_PHYSICAL,YZ,x,-0.0625,y,0.0625,z,0.6875,0.1,0.08879722564050022,-0.01120277435949979,0.1,2.2
2014,1.0,20dB_nominal_difference,real,dressed_linear_chi,REJECTED_PHYSICAL,YZ,x,-0.0625,y,0.1875,z,0.6875,0.1,0.08712576740477596,-0.01287423259522405,0.1,2.2
2014,1.0,20dB_nominal_difference,real,dressed_linear_chi,REJECTED_PHYSICAL,YZ,x,-0.0625,y,0.3125,z,0.6875,0.1,0.08646964169398406,-0.013530358306015941,0.1,2.2
2014,1.0,20dB_nominal_difference,real,dressed_linear_chi,REJECTED_PHYSICAL,YZ,x,-0.0625,y,0.4375,z,0.6875,0.1,0.08773449023805151,-0.012265509761948498,0.1,2.2
2014,1.0,20dB_nominal_difference,real,dressed_linear_chi,REJECTED_PHYSICAL,YZ,x,-0.0625,y,0.5625,z,0.6875,0.1,0.09195925354243356,-0.008040746457566444,0.1,2.2
2014,1.0,20dB_nominal_difference,real,dressed_linear_chi,REJECTED_PHYSICAL,YZ,x,-0.0625,y,0.6875,z,0.6875,0.1,0.10134124536633748,0.001341245366337479,0.1,2.2
2014,1.0,20dB_nominal_difference,real,linear_a_exact_conversion,OK,XY,z,-0.0625,x,-0.6875,y,-0.6875,0.1,0.102844752139595,0.0028447521395949943,0.1,2.2
2014,1.0,20dB_nominal_difference,real,linear_a_exact_conversion,OK,XY,z,-0.0625,x,-0.5625,y,-0.6875,0.1,0.10654016160891229,0.006540161608912284,0.1,2.2
2014,1.0,20dB_nominal_difference,real,linear_a_exact_conversion,OK,XY,z,-0.0625,x,-0.4375,y,-0.6875,0.1,0.11019846291329502,0.010198462913295014,0.1,2.2
2014,1.0,20dB_nominal_difference,real,linear_a_exact_conversion,OK,XY,z,-0.0625,x,-0.3125,y,-0.6875,0.1,0.1143846372670191,0.014384637267019093,0.1,2.2
2014,1.0,20dB_nominal_difference,real,linear_a_exact_conversion,OK,XY,z,-0.0625,x,-0.1875,y,-0.6875,0.1,0.11851738220609442,0.018517382206094418,0.1,2.2
2014,1.0,20dB_nominal_difference,real,linear_a_exact_conversion,OK,XY,z,-0.0625,x,-0.0625,y,-0.6875,0.1,0.12166309649231555,0.021663096492315542,0.1,2.2
2014,1.0,20dB_nominal_difference,real,linear_a_exact_conversion,OK,XY,z,-0.0625,x,0.0625,y,-0.6875,0.1,0.12275100626798889,0.022751006267988885,0.1,2.2
2014,1.0,20dB_nominal_difference,real,linear_a_exact_conversion,OK,XY,z,-0.0625,x,0.1875,y,-0.6875,0.1,0.1207691139253309,0.0207691139253309,0.1,2.2
2014,1.0,20dB_nominal_difference,real,linear_a_exact_conversion,OK,XY,z,-0.0625,x,0.3125,y,-0.6875,0.1,0.11494364988237817,0.01494364988237816,0.1,2.2
2014,1.0,20dB_nominal_difference,real,linear_a_exact_conversion,OK,XY,z,-0.0625,x,0.4375,y,-0.6875,0.1,0.1048118972636568,0.0048118972636568,0.1,2.2
2014,1.0,20dB_nominal_difference,real,linear_a_exact_conversion,OK,XY,z,-0.0625,x,0.5625,y,-0.6875,0.1,0.08990193932540326,-0.010098060674596746,0.1,2.2
2014,1.0,20dB_nominal_difference,real,linear_a_exact_conversion,OK,XY,z,-0.0625,x,0.6875,y,-0.6875,0.1,0.06732609712420116,-0.03267390287579884,0.1,2.2
2014,1.0,20dB_nominal_difference,real,linear_a_exact_conversion,OK,XY,z,-0.0625,x,-0.6875,y,-0.5625,0.1,0.11126069068855662,0.011260690688556618,0.1,2.2
2014,1.0,20dB_nominal_difference,real,linear_a_exact_conversion,OK,XY,z,-0.0625,x,-0.5625,y,-0.5625,0.1,0.11962865122601893,0.019628651226018923,0.1,2.2
2014,1.0,20dB_nominal_difference,real,linear_a_exact_conversion,OK,XY,z,-0.0625,x,-0.4375,y,-0.5625,0.1,0.12800448011230672,0.028004480112306718,0.1,2.2
2014,1.0,20dB_nominal_difference,real,linear_a_exact_conversion,OK,XY,z,-0.0625,x,-0.3125,y,-0.5625,0.1,0.1360591950717835,0.036059195071783484,0.1,2.2
2014,1.0,20dB_nominal_difference,real,linear_a_exact_conversion,OK,XY,z,-0.0625,x,-0.1875,y,-0.5625,0.1,0.14302680181127916,0.04302680181127916,0.1,2.2
2014,1.0,20dB_nominal_difference,real,linear_a_exact_conversion,OK,XY,z,-0.0625,x,-0.0625,y,-0.5625,0.1,0.14780443065919882,0.047804430659198816,0.1,2.2
2014,1.0,20dB_nominal_difference,real,linear_a_exact_conversion,OK,XY,z,-0.0625,x,0.0625,y,-0.5625,0.1,0.14917875600757655,0.04917875600757654,0.1,2.2
2014,1.0,20dB_nominal_difference,real,linear_a_exact_conversion,OK,XY,z,-0.0625,x,0.1875,y,-0.5625,0.1,0.14608402456025385,0.046084024560253845,0.1,2.2
2014,1.0,20dB_nominal_difference,real,linear_a_exact_conversion,OK,XY,z,-0.0625,x,0.3125,y,-0.5625,0.1,0.13784602292706596,0.03784602292706596,0.1,2.2
2014,1.0,20dB_nominal_difference,real,linear_a_exact_conversion,OK,XY,z,-0.0625,x,0.4375,y,-0.5625,0.1,0.12434891290978933,0.024348912909789328,0.1,2.2
2014,1.0,20dB_nominal_difference,real,linear_a_exact_conversion,OK,XY,z,-0.0625,x,0.5625,y,-0.5625,0.1,0.10613997979518071,0.006139979795180703,0.1,2.2
2014,1.0,20dB_nominal_difference,real,linear_a_exact_conversion,OK,XY,z,-0.0625,x,0.6875,y,-0.5625,0.1,0.08512683460449201,-0.014873165395507995,0.1,2.2
2014,1.0,20dB_nominal_difference,real,linear_a_exact_conversion,OK,XY,z,-0.0625,x,-0.6875,y,-0.4375,0.1,0.11914365956451929,0.019143659564519286,0.1,2.2
2014,1.0,20dB_nominal_difference,real,linear_a_exact_conversion,OK,XY,z,-0.0625,x,-0.5625,y,-0.4375,0.1,0.1315670926413557,0.03156709264135568,0.1,2.2
2014,1.0,20dB_nominal_difference,real,linear_a_exact_conversion,OK,XY,z,-0.0625,x,-0.4375,y,-0.4375,0.1,0.14411001504541082,0.044110015045410816,0.1,2.2
2014,1.0,20dB_nominal_difference,real,linear_a_exact_conversion,OK,XY,z,-0.0625,x,-0.3125,y,-0.4375,0.1,0.15593285159300382,0.05593285159300382,0.1,2.2
2014,1.0,20dB_nominal_difference,real,linear_a_exact_conversion,OK,XY,z,-0.0625,x,-0.1875,y,-0.4375,0.1,0.16594223485502163,0.06594223485502163,0.1,2.2
2014,1.0,20dB_nominal_difference,real,linear_a_exact_conversion,OK,XY,z,-0.0625,x,-0.0625,y,-0.4375,0.1,0.1727684432289153,0.07276844322891529,0.1,2.2
2014,1.0,20dB_nominal_difference,real,linear_a_exact_conversion,OK,XY,z,-0.0625,x,0.0625,y,-0.4375,0.1,0.1749929774563408,0.07499297745634079,0.1,2.2
2014,1.0,20dB_nominal_difference,real,linear_a_exact_conversion,OK,XY,z,-0.0625,x,0.1875,y,-0.4375,0.1,0.17146650659747306,0.07146650659747306,0.1,2.2
2014,1.0,20dB_nominal_difference,real,linear_a_exact_conversion,OK,XY,z,-0.0625,x,0.3125,y,-0.4375,0.1,0.16163863354903646,0.06163863354903645,0.1,2.2
2014,1.0,20dB_nominal_difference,real,linear_a_exact_conversion,OK,XY,z,-0.0625,x,0.4375,y,-0.4375,0.1,0.1458364396750321,0.04583643967503209,0.1,2.2
2014,1.0,20dB_nominal_difference,real,linear_a_exact_conversion,OK,XY,z,-0.0625,x,0.5625,y,-0.4375,0.1,0.12551628234542536,0.025516282345425356,0.1,2.2
2014,1.0,20dB_nominal_difference,real,linear_a_exact_conversion,OK,XY,z,-0.0625,x,0.6875,y,-0.4375,0.1,0.10375190655775608,0.0037519065577560767,0.1,2.2
2014,1.0,20dB_nominal_difference,real,linear_a_exact_conversion,OK,XY,z,-0.0625,x,-0.6875,y,-0.3125,0.1,0.12385241981035157,0.023852419810351563,0.1,2.2
2014,1.0,20dB_nominal_difference,real,linear_a_exact_conversion,OK,XY,z,-0.0625,x,-0.5625,y,-0.3125,0.1,0.139475030020106,0.039475030020105994,0.1,2.2
2014,1.0,20dB_nominal_difference,real,linear_a_exact_conversion,OK,XY,z,-0.0625,x,-0.4375,y,-0.3125,0.1,0.15530396823331047,0.05530396823331046,0.1,2.2
2014,1.0,20dB_nominal_difference,real,linear_a_exact_conversion,OK,XY,z,-0.0625,x,-0.3125,y,-0.3125,0.1,0.17027041510668242,0.07027041510668242,0.1,2.2
2014,1.0,20dB_nominal_difference,real,linear_a_exact_conversion,OK,XY,z,-0.0625,x,-0.1875,y,-0.3125,0.1,0.1830593486739868,0.08305934867398679,0.1,2.2
2014,1.0,20dB_nominal_difference,real,linear_a_exact_conversion,OK,XY,z,-0.0625,x,-0.0625,y,-0.3125,0.1,0.19205931848073615,0.09205931848073615,0.1,2.2
2014,1.0,20dB_nominal_difference,real,linear_a_exact_conversion,OK,XY,z,-0.0625,x,0.0625,y,-0.3125,2.2,0.19563997077478412,-2.004360029225216,0.1,2.2
2014,1.0,20dB_nominal_difference,real,linear_a_exact_conversion,OK,XY,z,-0.0625,x,0.1875,y,-0.3125,0.1,0.1925325260402974,0.09253252604029741,0.1,2.2
2014,1.0,20dB_nominal_difference,real,linear_a_exact_conversion,OK,XY,z,-0.0625,x,0.3125,y,-0.3125,0.1,0.18222603519316216,0.08222603519316216,0.1,2.2
2014,1.0,20dB_nominal_difference,real,linear_a_exact_conversion,OK,XY,z,-0.0625,x,0.4375,y,-0.3125,0.1,0.16527858162451076,0.06527858162451075,0.1,2.2
2014,1.0,20dB_nominal_difference,real,linear_a_exact_conversion,OK,XY,z,-0.0625,x,0.5625,y,-0.3125,0.1,0.1434724350928364,0.04347243509283638,0.1,2.2
2014,1.0,20dB_nominal_difference,real,linear_a_exact_conversion,OK,XY,z,-0.0625,x,0.6875,y,-0.3125,0.1,0.12015486761415858,0.020154867614158578,0.1,2.2
2014,1.0,20dB_nominal_difference,real,linear_a_exact_conversion,OK,XY,z,-0.0625,x,-0.6875,y,-0.1875,0.1,0.12487631935493956,0.024876319354939558,0.1,2.2
2014,1.0,20dB_nominal_difference,real,linear_a_exact_conversion,OK,XY,z,-0.0625,x,-0.5625,y,-0.1875,0.1,0.14246614432645235,0.04246614432645235,0.1,2.2
2014,1.0,20dB_nominal_difference,real,linear_a_exact_conversion,OK,XY,z,-0.0625,x,-0.4375,y,-0.1875,0.1,0.16050137301596382,0.06050137301596381,0.1,2.2
2014,1.0,20dB_nominal_difference,real,linear_a_exact_conversion,OK,XY,z,-0.0625,x,-0.3125,y,-0.1875,0.9,0.17779993526656507,-0.722200064733435,0.1,2.2
2014,1.0,20dB_nominal_difference,real,linear_a_exact_conversion,OK,XY,z,-0.0625,x,-0.1875,y,-0.1875,0.9,0.19293153197592353,-0.7070684680240765,0.1,2.2
2014,1.0,20dB_nominal_difference,real,linear_a_exact_conversion,OK,XY,z,-0.0625,x,-0.0625,y,-0.1875,0.1,0.20411289101842442,0.10411289101842441,0.1,2.2
2014,1.0,20dB_nominal_difference,real,linear_a_exact_conversion,OK,XY,z,-0.0625,x,0.0625,y,-0.1875,0.1,0.20952322122986505,0.10952322122986505,0.1,2.2
2014,1.0,20dB_nominal_difference,real,linear_a_exact_conversion,OK,XY,z,-0.0625,x,0.1875,y,-0.1875,0.1,0.2077303798875381,0.10773037988753809,0.1,2.2
2014,1.0,20dB_nominal_difference,real,linear_a_exact_conversion,OK,XY,z,-0.0625,x,0.3125,y,-0.1875,0.1,0.19812778348156157,0.09812778348156156,0.1,2.2
2014,1.0,20dB_nominal_difference,real,linear_a_exact_conversion,OK,XY,z,-0.0625,x,0.4375,y,-0.1875,0.1,0.1812487712456926,0.0812487712456926,0.1,2.2
2014,1.0,20dB_nominal_difference,real,linear_a_exact_conversion,OK,XY,z,-0.0625,x,0.5625,y,-0.1875,0.1,0.1588480947193286,0.058848094719328586,0.1,2.2
2014,1.0,20dB_nominal_difference,real,linear_a_exact_conversion,OK,XY,z,-0.0625,x,0.6875,y,-0.1875,0.1,0.13437712548097946,0.03437712548097946,0.1,2.2
2014,1.0,20dB_nominal_difference,real,linear_a_exact_conversion,OK,XY,z,-0.0625,x,-0.6875,y,-0.0625,0.1,0.12229787187158539,0.022297871871585384,0.1,2.2
2014,1.0,20dB_nominal_difference,real,linear_a_exact_conversion,OK,XY,z,-0.0625,x,-0.5625,y,-0.0625,0.1,0.14047969542447689,0.04047969542447688,0.1,2.2
2014,1.0,20dB_nominal_difference,real,linear_a_exact_conversion,OK,XY,z,-0.0625,x,-0.4375,y,-0.0625,0.1,0.15949037346012224,0.05949037346012223,0.1,2.2
2014,1.0,20dB_nominal_difference,real,linear_a_exact_conversion,OK,XY,z,-0.0625,x,-0.3125,y,-0.0625,0.9,0.178128540396709,-0.721871459603291,0.1,2.2
2014,1.0,20dB_nominal_difference,real,linear_a_exact_conversion,OK,XY,z,-0.0625,x,-0.1875,y,-0.0625,0.9,0.194939011479157,-0.705060988520843,0.1,2.2
2014,1.0,20dB_nominal_difference,real,linear_a_exact_conversion,OK,XY,z,-0.0625,x,-0.0625,y,-0.0625,0.1,0.208055470185222,0.10805547018522199,0.1,2.2
2014,1.0,20dB_nominal_difference,real,linear_a_exact_conversion,OK,XY,z,-0.0625,x,0.0625,y,-0.0625,0.1,0.2155237328333346,0.11552373283333459,0.1,2.2
2014,1.0,20dB_nominal_difference,real,linear_a_exact_conversion,OK,XY,z,-0.0625,x,0.1875,y,-0.0625,0.1,0.21574138523219635,0.11574138523219635,0.1,2.2
2014,1.0,20dB_nominal_difference,real,linear_a_exact_conversion,OK,XY,z,-0.0625,x,0.3125,y,-0.0625,0.1,0.20790958899763493,0.10790958899763492,0.1,2.2
2014,1.0,20dB_nominal_difference,real,linear_a_exact_conversion,OK,XY,z,-0.0625,x,0.4375,y,-0.0625,0.1,0.1923531493565837,0.0923531493565837,0.1,2.2
2014,1.0,20dB_nominal_difference,real,linear_a_exact_conversion,OK,XY,z,-0.0625,x,0.5625,y,-0.0625,0.1,0.1705926906101618,0.0705926906101618,0.1,2.2
2014,1.0,20dB_nominal_difference,real,linear_a_exact_conversion,OK,XY,z,-0.0625,x,0.6875,y,-0.0625,0.1,0.14603284447290435,0.046032844472904344,0.1,2.2
2014,1.0,20dB_nominal_difference,real,linear_a_exact_conversion,OK,XY,z,-0.0625,x,-0.6875,y,0.0625,0.1,0.11658200000161577,0.016582000001615763,0.1,2.2
2014,1.0,20dB_nominal_difference,real,linear_a_exact_conversion,OK,XY,z,-0.0625,x,-0.5625,y,0.0625,0.1,0.13406566490335534,0.03406566490335533,0.1,2.2
2014,1.0,20dB_nominal_difference,real,linear_a_exact_conversion,OK,XY,z,-0.0625,x,-0.4375,y,0.0625,0.1,0.15281532010390086,0.05281532010390086,0.1,2.2
2014,1.0,20dB_nominal_difference,real,linear_a_exact_conversion,OK,XY,z,-0.0625,x,-0.3125,y,0.0625,0.1,0.17168844421812157,0.07168844421812157,0.1,2.2
2014,1.0,20dB_nominal_difference,real,linear_a_exact_conversion,OK,XY,z,-0.0625,x,-0.1875,y,0.0625,0.1,0.18928170732984653,0.08928170732984653,0.1,2.2
2014,1.0,20dB_nominal_difference,real,linear_a_exact_conversion,OK,XY,z,-0.0625,x,-0.0625,y,0.0625,0.1,0.20374582508407596,0.10374582508407595,0.1,2.2
2014,1.0,20dB_nominal_difference,real,linear_a_exact_conversion,OK,XY,z,-0.0625,x,0.0625,y,0.0625,0.1,0.2130916683167371,0.11309166831673709,0.1,2.2
2014,1.0,20dB_nominal_difference,real,linear_a_exact_conversion,OK,XY,z,-0.0625,x,0.1875,y,0.0625,0.1,0.21560705752923745,0.11560705752923744,0.1,2.2
2014,1.0,20dB_nominal_difference,real,linear_a_exact_conversion,OK,XY,z,-0.0625,x,0.3125,y,0.0625,1.5500000000000003,0.21029210395700923,-1.3397078960429911,0.1,2.2
2014,1.0,20dB_nominal_difference,real,linear_a_exact_conversion,OK,XY,z,-0.0625,x,0.4375,y,0.0625,0.1,0.19718015077240678,0.09718015077240677,0.1,2.2
2014,1.0,20dB_nominal_difference,real,linear_a_exact_conversion,OK,XY,z,-0.0625,x,0.5625,y,0.0625,0.1,0.17743418865496957,0.07743418865496957,0.1,2.2
2014,1.0,20dB_nominal_difference,real,linear_a_exact_conversion,OK,XY,z,-0.0625,x,0.6875,y,0.0625,0.1,0.15420762082559666,0.05420762082559666,0.1,2.2
2014,1.0,20dB_nominal_difference,real,linear_a_exact_conversion,OK,XY,z,-0.0625,x,-0.6875,y,0.1875,0.1,0.1084296283501317,0.008429628350131696,0.1,2.2
2014,1.0,20dB_nominal_difference,real,linear_a_exact_conversion,OK,XY,z,-0.0625,x,-0.5625,y,0.1875,0.1,0.12418307693928639,0.024183076939286383,0.1,2.2
2014,1.0,20dB_nominal_difference,real,linear_a_exact_conversion,OK,XY,z,-0.0625,x,-0.4375,y,0.1875,0.1,0.14157790493999228,0.04157790493999228,0.1,2.2
2014,1.0,20dB_nominal_difference,real,linear_a_exact_conversion,OK,XY,z,-0.0625,x,-0.3125,y,0.1875,0.1,0.15957208646523963,0.05957208646523962,0.1,2.2
2014,1.0,20dB_nominal_difference,real,linear_a_exact_conversion,OK,XY,z,-0.0625,x,-0.1875,y,0.1875,0.1,0.17686900372073136,0.07686900372073135,0.1,2.2
2014,1.0,20dB_nominal_difference,real,linear_a_exact_conversion,OK,XY,z,-0.0625,x,-0.0625,y,0.1875,0.1,0.19174014963541208,0.09174014963541208,0.1,2.2
2014,1.0,20dB_nominal_difference,real,linear_a_exact_conversion,OK,XY,z,-0.0625,x,0.0625,y,0.1875,0.1,0.2022967821640235,0.10229678216402349,0.1,2.2
2014,1.0,20dB_nominal_difference,real,linear_a_exact_conversion,OK,XY,z,-0.0625,x,0.1875,y,0.1875,1.5500000000000003,0.20684919644635102,-1.3431508035536492,0.1,2.2
2014,1.0,20dB_nominal_difference,real,linear_a_exact_conversion,OK,XY,z,-0.0625,x,0.3125,y,0.1875,1.5500000000000003,0.20428771479778646,-1.3457122852022139,0.1,2.2
2014,1.0,20dB_nominal_difference,real,linear_a_exact_conversion,OK,XY,z,-0.0625,x,0.4375,y,0.1875,1.5500000000000003,0.19438033957954257,-1.3556196604204578,0.1,2.2
2014,1.0,20dB_nominal_difference,real,linear_a_exact_conversion,OK,XY,z,-0.0625,x,0.5625,y,0.1875,0.1,0.1778930908123925,0.07789309081239248,0.1,2.2
2014,1.0,20dB_nominal_difference,real,linear_a_exact_conversion,OK,XY,z,-0.0625,x,0.6875,y,0.1875,0.1,0.15752191397755905,0.05752191397755904,0.1,2.2
2014,1.0,20dB_nominal_difference,real,linear_a_exact_conversion,OK,XY,z,-0.0625,x,-0.6875,y,0.3125,0.1,0.09866480967221847,-0.001335190327781538,0.1,2.2
2014,1.0,20dB_nominal_difference,real,linear_a_exact_conversion,OK,XY,z,-0.0625,x,-0.5625,y,0.3125,0.1,0.11201725034824729,0.012017250348247285,0.1,2.2
2014,1.0,20dB_nominal_difference,real,linear_a_exact_conversion,OK,XY,z,-0.0625,x,-0.4375,y,0.3125,0.1,0.12721763403339417,0.027217634033394167,0.1,2.2
2014,1.0,20dB_nominal_difference,real,linear_a_exact_conversion,OK,XY,z,-0.0625,x,-0.3125,y,0.3125,0.1,0.14331009612344583,0.04331009612344583,0.1,2.2
2014,1.0,20dB_nominal_difference,real,linear_a_exact_conversion,OK,XY,z,-0.0625,x,-0.1875,y,0.3125,0.1,0.15913235070054535,0.059132350700545344,0.1,2.2
2014,1.0,20dB_nominal_difference,real,linear_a_exact_conversion,OK,XY,z,-0.0625,x,-0.0625,y,0.3125,0.1,0.17317856654679162,0.07317856654679161,0.1,2.2
2014,1.0,20dB_nominal_difference,real,linear_a_exact_conversion,OK,XY,z,-0.0625,x,0.0625,y,0.3125,0.1,0.18381900807668813,0.08381900807668813,0.1,2.2
2014,1.0,20dB_nominal_difference,real,linear_a_exact_conversion,OK,XY,z,-0.0625,x,0.1875,y,0.3125,0.1,0.1895712818084852,0.0895712818084852,0.1,2.2
2014,1.0,20dB_nominal_difference,real,linear_a_exact_conversion,OK,XY,z,-0.0625,x,0.3125,y,0.3125,1.5500000000000003,0.18938838948772677,-1.3606116105122734,0.1,2.2
2014,1.0,20dB_nominal_difference,real,linear_a_exact_conversion,OK,XY,z,-0.0625,x,0.4375,y,0.3125,0.1,0.1828951468060227,0.0828951468060227,0.1,2.2
2014,1.0,20dB_nominal_difference,real,linear_a_exact_conversion,OK,XY,z,-0.0625,x,0.5625,y,0.3125,0.1,0.17051068372014686,0.07051068372014685,0.1,2.2
2014,1.0,20dB_nominal_difference,real,linear_a_exact_conversion,OK,XY,z,-0.0625,x,0.6875,y,0.3125,0.1,0.15433210001747039,0.05433210001747038,0.1,2.2
2014,1.0,20dB_nominal_difference,real,linear_a_exact_conversion,OK,XY,z,-0.0625,x,-0.6875,y,0.4375,0.1,0.0881528398880456,-0.0118471601119544,0.1,2.2
2014,1.0,20dB_nominal_difference,real,linear_a_exact_conversion,OK,XY,z,-0.0625,x,-0.5625,y,0.4375,0.1,0.09882859225708306,-0.0011714077429169495,0.1,2.2
2014,1.0,20dB_nominal_difference,real,linear_a_exact_conversion,OK,XY,z,-0.0625,x,-0.4375,y,0.4375,0.1,0.11131027721653619,0.011310277216536185,0.1,2.2
2014,1.0,20dB_nominal_difference,real,linear_a_exact_conversion,OK,XY,z,-0.0625,x,-0.3125,y,0.4375,0.1,0.12464113029447128,0.024641130294471278,0.1,2.2
2014,1.0,20dB_nominal_difference,real,linear_a_exact_conversion,OK,XY,z,-0.0625,x,-0.1875,y,0.4375,0.1,0.13780557447929317,0.03780557447929317,0.1,2.2
2014,1.0,20dB_nominal_difference,real,linear_a_exact_conversion,OK,XY,z,-0.0625,x,-0.0625,y,0.4375,0.1,0.1496226520477657,0.0496226520477657,0.1,2.2
2014,1.0,20dB_nominal_difference,real,linear_a_exact_conversion,OK,XY,z,-0.0625,x,0.0625,y,0.4375,0.1,0.15888652350382462,0.05888652350382462,0.1,2.2
2014,1.0,20dB_nominal_difference,real,linear_a_exact_conversion,OK,XY,z,-0.0625,x,0.1875,y,0.4375,0.1,0.1645279136661082,0.06452791366610819,0.1,2.2
2014,1.0,20dB_nominal_difference,real,linear_a_exact_conversion,OK,XY,z,-0.0625,x,0.3125,y,0.4375,0.1,0.16577811618951716,0.06577811618951715,0.1,2.2
2014,1.0,20dB_nominal_difference,real,linear_a_exact_conversion,OK,XY,z,-0.0625,x,0.4375,y,0.4375,0.1,0.16229892274069788,0.06229892274069787,0.1,2.2
2014,1.0,20dB_nominal_difference,real,linear_a_exact_conversion,OK,XY,z,-0.0625,x,0.5625,y,0.4375,0.1,0.15426235354877693,0.054262353548776926,0.1,2.2
2014,1.0,20dB_nominal_difference,real,linear_a_exact_conversion,OK,XY,z,-0.0625,x,0.6875,y,0.4375,0.1,0.1430931492299177,0.04309314922991769,0.1,2.2
2014,1.0,20dB_nominal_difference,real,linear_a_exact_conversion,OK,XY,z,-0.0625,x,-0.6875,y,0.5625,0.1,0.07775775798938284,-0.02224224201061717,0.1,2.2
2014,1.0,20dB_nominal_difference,real,linear_a_exact_conversion,OK,XY,z,-0.0625,x,-0.5625,y,0.5625,0.1,0.08585324325726526,-0.014146756742734745,0.1,2.2
2014,1.0,20dB_nominal_difference,real,linear_a_exact_conversion,OK,XY,z,-0.0625,x,-0.4375,y,0.5625,0.1,0.09540411342555781,-0.004595886574442196,0.1,2.2
2014,1.0,20dB_nominal_difference,real,linear_a_exact_conversion,OK,XY,z,-0.0625,x,-0.3125,y,0.5625,0.1,0.10530497107167405,0.005304971071674047,0.1,2.2
2014,1.0,20dB_nominal_difference,real,linear_a_exact_conversion,OK,XY,z,-0.0625,x,-0.1875,y,0.5625,0.1,0.11471818850527593,0.014718188505275925,0.1,2.2
2014,1.0,20dB_nominal_difference,real,linear_a_exact_conversion,OK,XY,z,-0.0625,x,-0.0625,y,0.5625,0.1,0.12288856624481925,0.022888566244819247,0.1,2.2
2014,1.0,20dB_nominal_difference,real,linear_a_exact_conversion,OK,XY,z,-0.0625,x,0.0625,y,0.5625,0.1,0.1291848503957694,0.0291848503957694,0.1,2.2
2014,1.0,20dB_nominal_difference,real,linear_a_exact_conversion,OK,XY,z,-0.0625,x,0.1875,y,0.5625,0.1,0.13314513484702784,0.03314513484702783,0.1,2.2
2014,1.0,20dB_nominal_difference,real,linear_a_exact_conversion,OK,XY,z,-0.0625,x,0.3125,y,0.5625,0.1,0.1345018554600303,0.03450185546003029,0.1,2.2
2014,1.0,20dB_nominal_difference,real,linear_a_exact_conversion,OK,XY,z,-0.0625,x,0.4375,y,0.5625,0.1,0.1331657725152663,0.033165772515266284,0.1,2.2
2014,1.0,20dB_nominal_difference,real,linear_a_exact_conversion,OK,XY,z,-0.0625,x,0.5625,y,0.5625,0.1,0.12915336482870224,0.029153364828702233,0.1,2.2
2014,1.0,20dB_nominal_difference,real,linear_a_exact_conversion,OK,XY,z,-0.0625,x,0.6875,y,0.5625,0.1,0.12294875932849297,0.022948759328492968,0.1,2.2
2014,1.0,20dB_nominal_difference,real,linear_a_exact_conversion,OK,XY,z,-0.0625,x,-0.6875,y,0.6875,0.1,0.06876957583770159,-0.031230424162298417,0.1,2.2
2014,1.0,20dB_nominal_difference,real,linear_a_exact_conversion,OK,XY,z,-0.0625,x,-0.5625,y,0.6875,0.1,0.07486613748180404,-0.025133862518195965,0.1,2.2
2014,1.0,20dB_nominal_difference,real,linear_a_exact_conversion,OK,XY,z,-0.0625,x,-0.4375,y,0.6875,0.1,0.08177781286514622,-0.01822218713485378,0.1,2.2
2014,1.0,20dB_nominal_difference,real,linear_a_exact_conversion,OK,XY,z,-0.0625,x,-0.3125,y,0.6875,0.1,0.08810627940465285,-0.011893720595347157,0.1,2.2
2014,1.0,20dB_nominal_difference,real,linear_a_exact_conversion,OK,XY,z,-0.0625,x,-0.1875,y,0.6875,0.1,0.0931844044922414,-0.006815595507758607,0.1,2.2
2014,1.0,20dB_nominal_difference,real,linear_a_exact_conversion,OK,XY,z,-0.0625,x,-0.0625,y,0.6875,0.1,0.09671948017413273,-0.003280519825867273,0.1,2.2
2014,1.0,20dB_nominal_difference,real,linear_a_exact_conversion,OK,XY,z,-0.0625,x,0.0625,y,0.6875,0.1,0.09874242113541548,-0.0012575788645845243,0.1,2.2
2014,1.0,20dB_nominal_difference,real,linear_a_exact_conversion,OK,XY,z,-0.0625,x,0.1875,y,0.6875,0.1,0.09953734287667679,-0.00046265712332321796,0.1,2.2
2014,1.0,20dB_nominal_difference,real,linear_a_exact_conversion,OK,XY,z,-0.0625,x,0.3125,y,0.6875,0.1,0.09953495841781772,-0.00046504158218228786,0.1,2.2
2014,1.0,20dB_nominal_difference,real,linear_a_exact_conversion,OK,XY,z,-0.0625,x,0.4375,y,0.6875,0.1,0.09917088936347812,-0.0008291106365218848,0.1,2.2
2014,1.0,20dB_nominal_difference,real,linear_a_exact_conversion,OK,XY,z,-0.0625,x,0.5625,y,0.6875,0.1,0.0986565420594121,-0.0013434579405879055,0.1,2.2
2014,1.0,20dB_nominal_difference,real,linear_a_exact_conversion,OK,XY,z,-0.0625,x,0.6875,y,0.6875,0.1,0.0968381611138633,-0.003161838886136706,0.1,2.2
2014,1.0,20dB_nominal_difference,real,linear_a_exact_conversion,OK,XZ,y,-0.0625,x,-0.6875,z,-0.6875,0.1,0.0550223630033206,-0.04497763699667941,0.1,2.2
2014,1.0,20dB_nominal_difference,real,linear_a_exact_conversion,OK,XZ,y,-0.0625,x,-0.5625,z,-0.6875,0.1,0.06144845218345683,-0.03855154781654318,0.1,2.2
2014,1.0,20dB_nominal_difference,real,linear_a_exact_conversion,OK,XZ,y,-0.0625,x,-0.4375,z,-0.6875,0.1,0.07196635380911995,-0.028033646190880057,0.1,2.2
2014,1.0,20dB_nominal_difference,real,linear_a_exact_conversion,OK,XZ,y,-0.0625,x,-0.3125,z,-0.6875,0.1,0.08396703816617201,-0.01603296183382799,0.1,2.2
2014,1.0,20dB_nominal_difference,real,linear_a_exact_conversion,OK,XZ,y,-0.0625,x,-0.1875,z,-0.6875,0.1,0.09554662426936258,-0.004453375730637421,0.1,2.2
2014,1.0,20dB_nominal_difference,real,linear_a_exact_conversion,OK,XZ,y,-0.0625,x,-0.0625,z,-0.6875,0.1,0.10489209012955195,0.00489209012955194,0.1,2.2
2014,1.0,20dB_nominal_difference,real,linear_a_exact_conversion,OK,XZ,y,-0.0625,x,0.0625,z,-0.6875,0.1,0.11056719306275689,0.010567193062756886,0.1,2.2
2014,1.0,20dB_nominal_difference,real,linear_a_exact_conversion,OK,XZ,y,-0.0625,x,0.1875,z,-0.6875,0.1,0.11186182510153346,0.011861825101533455,0.1,2.2
2014,1.0,20dB_nominal_difference,real,linear_a_exact_conversion,OK,XZ,y,-0.0625,x,0.3125,z,-0.6875,0.1,0.10906961192404631,0.009069611924046303,0.1,2.2
2014,1.0,20dB_nominal_difference,real,linear_a_exact_conversion,OK,XZ,y,-0.0625,x,0.4375,z,-0.6875,0.1,0.10366928348464526,0.00366928348464525,0.1,2.2
2014,1.0,20dB_nominal_difference,real,linear_a_exact_conversion,OK,XZ,y,-0.0625,x,0.5625,z,-0.6875,0.1,0.0986985889008005,-0.001301411099199512,0.1,2.2
2014,1.0,20dB_nominal_difference,real,linear_a_exact_conversion,OK,XZ,y,-0.0625,x,0.6875,z,-0.6875,0.1,0.1021289002921125,0.00212890029211249,0.1,2.2
2014,1.0,20dB_nominal_difference,real,linear_a_exact_conversion,OK,XZ,y,-0.0625,x,-0.6875,z,-0.5625,0.1,0.07593602851999591,-0.024063971480004095,0.1,2.2
2014,1.0,20dB_nominal_difference,real,linear_a_exact_conversion,OK,XZ,y,-0.0625,x,-0.5625,z,-0.5625,0.1,0.08567494887523917,-0.014325051124760832,0.1,2.2
2014,1.0,20dB_nominal_difference,real,linear_a_exact_conversion,OK,XZ,y,-0.0625,x,-0.4375,z,-0.5625,0.1,0.09894023564352795,-0.001059764356472051,0.1,2.2
2014,1.0,20dB_nominal_difference,real,linear_a_exact_conversion,OK,XZ,y,-0.0625,x,-0.3125,z,-0.5625,0.1,0.11378853747205726,0.013788537472057258,0.1,2.2
2014,1.0,20dB_nominal_difference,real,linear_a_exact_conversion,OK,XZ,y,-0.0625,x,-0.1875,z,-0.5625,0.1,0.12811743919714713,0.028117439197147126,0.1,2.2
2014,1.0,20dB_nominal_difference,real,linear_a_exact_conversion,OK,XZ,y,-0.0625,x,-0.0625,z,-0.5625,0.1,0.13982116538658487,0.03982116538658487,0.1,2.2
2014,1.0,20dB_nominal_difference,real,linear_a_exact_conversion,OK,XZ,y,-0.0625,x,0.0625,z,-0.5625,0.1,0.14713330621440032,0.04713330621440032,0.1,2.2
2014,1.0,20dB_nominal_difference,real,linear_a_exact_conversion,OK,XZ,y,-0.0625,x,0.1875,z,-0.5625,0.1,0.14903945628273307,0.04903945628273307,0.1,2.2
2014,1.0,20dB_nominal_difference,real,linear_a_exact_conversion,OK,XZ,y,-0.0625,x,0.3125,z,-0.5625,0.1,0.14563020336710322,0.04563020336710322,0.1,2.2
2014,1.0,20dB_nominal_difference,real,linear_a_exact_conversion,OK,XZ,y,-0.0625,x,0.4375,z,-0.5625,0.1,0.13829076620394262,0.03829076620394262,0.1,2.2
2014,1.0,20dB_nominal_difference,real,linear_a_exact_conversion,OK,XZ,y,-0.0625,x,0.5625,z,-0.5625,0.1,0.12965582504565648,0.029655825045656475,0.1,2.2
2014,1.0,20dB_nominal_difference,real,linear_a_exact_conversion,OK,XZ,y,-0.0625,x,0.6875,z,-0.5625,0.1,0.12300674969243514,0.02300674969243513,0.1,2.2
2014,1.0,20dB_nominal_difference,real,linear_a_exact_conversion,OK,XZ,y,-0.0625,x,-0.6875,z,-0.4375,0.1,0.09271652363413618,-0.007283476365863822,0.1,2.2
2014,1.0,20dB_nominal_difference,real,linear_a_exact_conversion,OK,XZ,y,-0.0625,x,-0.5625,z,-0.4375,0.1,0.10595805879011744,0.005958058790117432,0.1,2.2
2014,1.0,20dB_nominal_difference,real,linear_a_exact_conversion,OK,XZ,y,-0.0625,x,-0.4375,z,-0.4375,0.1,0.12186183858456305,0.021861838584563045,0.1,2.2
2014,1.0,20dB_nominal_difference,real,linear_a_exact_conversion,OK,XZ,y,-0.0625,x,-0.3125,z,-0.4375,0.1,0.1389358270990747,0.0389358270990747,0.1,2.2
2014,1.0,20dB_nominal_difference,real,linear_a_exact_conversion,OK,XZ,y,-0.0625,x,-0.1875,z,-0.4375,0.1,0.15519191299675758,0.055191912996757575,0.1,2.2
2014,1.0,20dB_nominal_difference,real,linear_a_exact_conversion,OK,XZ,y,-0.0625,x,-0.0625,z,-0.4375,0.1,0.16843628534382182,0.06843628534382182,0.1,2.2
2014,1.0,20dB_nominal_difference,real,linear_a_exact_conversion,OK,XZ,y,-0.0625,x,0.0625,z,-0.4375,0.1,0.1766993645925969,0.07669936459259691,0.1,2.2
2014,1.0,20dB_nominal_difference,real,linear_a_exact_conversion,OK,XZ,y,-0.0625,x,0.1875,z,-0.4375,0.1,0.17869895309216602,0.07869895309216601,0.1,2.2
2014,1.0,20dB_nominal_difference,real,linear_a_exact_conversion,OK,XZ,y,-0.0625,x,0.3125,z,-0.4375,0.1,0.1742270188128867,0.07422701881288671,0.1,2.2
2014,1.0,20dB_nominal_difference,real,linear_a_exact_conversion,OK,XZ,y,-0.0625,x,0.4375,z,-0.4375,0.1,0.1642986452630765,0.06429864526307649,0.1,2.2
2014,1.0,20dB_nominal_difference,real,linear_a_exact_conversion,OK,XZ,y,-0.0625,x,0.5625,z,-0.4375,0.1,0.1508862290228447,0.0508862290228447,0.1,2.2
2014,1.0,20dB_nominal_difference,real,linear_a_exact_conversion,OK,XZ,y,-0.0625,x,0.6875,z,-0.4375,0.1,0.1364055771711809,0.0364055771711809,0.1,2.2
2014,1.0,20dB_nominal_difference,real,linear_a_exact_conversion,OK,XZ,y,-0.0625,x,-0.6875,z,-0.3125,0.1,0.10638351925264194,0.006383519252641939,0.1,2.2
2014,1.0,20dB_nominal_difference,real,linear_a_exact_conversion,OK,XZ,y,-0.0625,x,-0.5625,z,-0.3125,0.1,0.12244917244190678,0.02244917244190678,0.1,2.2
2014,1.0,20dB_nominal_difference,real,linear_a_exact_conversion,OK,XZ,y,-0.0625,x,-0.4375,z,-0.3125,0.1,0.14053394248487694,0.040533942484876934,0.1,2.2
2014,1.0,20dB_nominal_difference,real,linear_a_exact_conversion,OK,XZ,y,-0.0625,x,-0.3125,z,-0.3125,0.1,0.15927469045733536,0.059274690457335355,0.1,2.2
2014,1.0,20dB_nominal_difference,real,linear_a_exact_conversion,OK,XZ,y,-0.0625,x,-0.1875,z,-0.3125,0.1,0.17681036330631603,0.07681036330631602,0.1,2.2
2014,1.0,20dB_nominal_difference,real,linear_a_exact_conversion,OK,XZ,y,-0.0625,x,-0.0625,z,-0.3125,0.1,0.19095527504244178,0.09095527504244177,0.1,2.2
2014,1.0,20dB_nominal_difference,real,linear_a_exact_conversion,OK,XZ,y,-0.0625,x,0.0625,z,-0.3125,0.1,0.19962525490610136,0.09962525490610136,0.1,2.2
2014,1.0,20dB_nominal_difference,real,linear_a_exact_conversion,OK,XZ,y,-0.0625,x,0.1875,z,-0.3125,0.1,0.20132229944641547,0.10132229944641546,0.1,2.2
2014,1.0,20dB_nominal_difference,real,linear_a_exact_conversion,OK,XZ,y,-0.0625,x,0.3125,z,-0.3125,0.1,0.19555612362751806,0.09555612362751806,0.1,2.2
2014,1.0,20dB_nominal_difference,real,linear_a_exact_conversion,OK,XZ,y,-0.0625,x,0.4375,z,-0.3125,0.1,0.1830361149542368,0.0830361149542368,0.1,2.2
2014,1.0,20dB_nominal_difference,real,linear_a_exact_conversion,OK,XZ,y,-0.0625,x,0.5625,z,-0.3125,0.1,0.16551056582345997,0.06551056582345996,0.1,2.2
2014,1.0,20dB_nominal_difference,real,linear_a_exact_conversion,OK,XZ,y,-0.0625,x,0.6875,z,-0.3125,0.1,0.14572994715502904,0.04572994715502904,0.1,2.2
2014,1.0,20dB_nominal_difference,real,linear_a_exact_conversion,OK,XZ,y,-0.0625,x,-0.6875,z,-0.1875,0.1,0.11631730183336239,0.016317301833362385,0.1,2.2
2014,1.0,20dB_nominal_difference,real,linear_a_exact_conversion,OK,XZ,y,-0.0625,x,-0.5625,z,-0.1875,0.1,0.13410709385792033,0.03410709385792032,0.1,2.2
2014,1.0,20dB_nominal_difference,real,linear_a_exact_conversion,OK,XZ,y,-0.0625,x,-0.4375,z,-0.1875,0.1,0.15332161327328445,0.05332161327328444,0.1,2.2
2014,1.0,20dB_nominal_difference,real,linear_a_exact_conversion,OK,XZ,y,-0.0625,x,-0.3125,z,-0.1875,0.1,0.17266960393423353,0.07266960393423352,0.1,2.2
2014,1.0,20dB_nominal_difference,real,linear_a_exact_conversion,OK,XZ,y,-0.0625,x,-0.1875,z,-0.1875,0.1,0.1904540943890584,0.09045409438905838,0.1,2.2
2014,1.0,20dB_nominal_difference,real,linear_a_exact_conversion,OK,XZ,y,-0.0625,x,-0.0625,z,-0.1875,0.1,0.2045942635636281,0.10459426356362808,0.1,2.2
2014,1.0,20dB_nominal_difference,real,linear_a_exact_conversion,OK,XZ,y,-0.0625,x,0.0625,z,-0.1875,0.1,0.21300654147168682,0.11300654147168682,0.1,2.2
2014,1.0,20dB_nominal_difference,real,linear_a_exact_conversion,OK,XZ,y,-0.0625,x,0.1875,z,-0.1875,0.1,0.21407980958312897,0.11407980958312897,0.1,2.2
2014,1.0,20dB_nominal_difference,real,linear_a_exact_conversion,OK,XZ,y,-0.0625,x,0.3125,z,-0.1875,0.1,0.2071249662033382,0.1071249662033382,0.1,2.2
2014,1.0,20dB_nominal_difference,real,linear_a_exact_conversion,OK,XZ,y,-0.0625,x,0.4375,z,-0.1875,0.1,0.19264188276330527,0.09264188276330526,0.1,2.2
2014,1.0,20dB_nominal_difference,real,linear_a_exact_conversion,OK,XZ,y,-0.0625,x,0.5625,z,-0.1875,0.1,0.17229487947962957,0.07229487947962956,0.1,2.2
2014,1.0,20dB_nominal_difference,real,linear_a_exact_conversion,OK,XZ,y,-0.0625,x,0.6875,z,-0.1875,0.1,0.14924015594920784,0.04924015594920783,0.1,2.2
2014,1.0,20dB_nominal_difference,real,linear_a_exact_conversion,OK,XZ,y,-0.0625,x,-0.6875,z,-0.0625,0.1,0.12229787187158539,0.022297871871585384,0.1,2.2
2014,1.0,20dB_nominal_difference,real,linear_a_exact_conversion,OK,XZ,y,-0.0625,x,-0.5625,z,-0.0625,0.1,0.14047969542447689,0.04047969542447688,0.1,2.2
2014,1.0,20dB_nominal_difference,real,linear_a_exact_conversion,OK,XZ,y,-0.0625,x,-0.4375,z,-0.0625,0.1,0.15949037346012224,0.05949037346012223,0.1,2.2
2014,1.0,20dB_nominal_difference,real,linear_a_exact_conversion,OK,XZ,y,-0.0625,x,-0.3125,z,-0.0625,0.9,0.178128540396709,-0.721871459603291,0.1,2.2
2014,1.0,20dB_nominal_difference,real,linear_a_exact_conversion,OK,XZ,y,-0.0625,x,-0.1875,z,-0.0625,0.9,0.194939011479157,-0.705060988520843,0.1,2.2
2014,1.0,20dB_nominal_difference,real,linear_a_exact_conversion,OK,XZ,y,-0.0625,x,-0.0625,z,-0.0625,0.1,0.208055470185222,0.10805547018522199,0.1,2.2
2014,1.0,20dB_nominal_difference,real,linear_a_exact_conversion,OK,XZ,y,-0.0625,x,0.0625,z,-0.0625,0.1,0.2155237328333346,0.11552373283333459,0.1,2.2
2014,1.0,20dB_nominal_difference,real,linear_a_exact_conversion,OK,XZ,y,-0.0625,x,0.1875,z,-0.0625,0.1,0.21574138523219635,0.11574138523219635,0.1,2.2
2014,1.0,20dB_nominal_difference,real,linear_a_exact_conversion,OK,XZ,y,-0.0625,x,0.3125,z,-0.0625,0.1,0.20790958899763493,0.10790958899763492,0.1,2.2
2014,1.0,20dB_nominal_difference,real,linear_a_exact_conversion,OK,XZ,y,-0.0625,x,0.4375,z,-0.0625,0.1,0.1923531493565837,0.0923531493565837,0.1,2.2
2014,1.0,20dB_nominal_difference,real,linear_a_exact_conversion,OK,XZ,y,-0.0625,x,0.5625,z,-0.0625,0.1,0.1705926906101618,0.0705926906101618,0.1,2.2
2014,1.0,20dB_nominal_difference,real,linear_a_exact_conversion,OK,XZ,y,-0.0625,x,0.6875,z,-0.0625,0.1,0.14603284447290435,0.046032844472904344,0.1,2.2
2014,1.0,20dB_nominal_difference,real,linear_a_exact_conversion,OK,XZ,y,-0.0625,x,-0.6875,z,0.0625,0.1,0.12450836320834047,0.02450836320834046,0.1,2.2
2014,1.0,20dB_nominal_difference,real,linear_a_exact_conversion,OK,XZ,y,-0.0625,x,-0.5625,z,0.0625,0.1,0.1417120231906834,0.0417120231906834,0.1,2.2
2014,1.0,20dB_nominal_difference,real,linear_a_exact_conversion,OK,XZ,y,-0.0625,x,-0.4375,z,0.0625,0.1,0.15915969360316998,0.05915969360316997,0.1,2.2
2014,1.0,20dB_nominal_difference,real,linear_a_exact_conversion,OK,XZ,y,-0.0625,x,-0.3125,z,0.0625,0.9,0.17577941217954055,-0.7242205878204595,0.1,2.2
2014,1.0,20dB_nominal_difference,real,linear_a_exact_conversion,OK,XZ,y,-0.0625,x,-0.1875,z,0.0625,0.9,0.1904401359609298,-0.7095598640390702,0.1,2.2
2014,1.0,20dB_nominal_difference,real,linear_a_exact_conversion,OK,XZ,y,-0.0625,x,-0.0625,z,0.0625,0.1,0.2015920898675938,0.1015920898675938,0.1,2.2
2014,1.0,20dB_nominal_difference,real,linear_a_exact_conversion,OK,XZ,y,-0.0625,x,0.0625,z,0.0625,0.1,0.2075280843346708,0.10752808433467079,0.1,2.2
2014,1.0,20dB_nominal_difference,real,linear_a_exact_conversion,OK,XZ,y,-0.0625,x,0.1875,z,0.0625,0.1,0.20676601173931394,0.10676601173931394,0.1,2.2
2014,1.0,20dB_nominal_difference,real,linear_a_exact_conversion,OK,XZ,y,-0.0625,x,0.3125,z,0.0625,0.1,0.19847015601477938,0.09847015601477938,0.1,2.2
2014,1.0,20dB_nominal_difference,real,linear_a_exact_conversion,OK,XZ,y,-0.0625,x,0.4375,z,0.0625,0.1,0.18278659921938678,0.08278659921938678,0.1,2.2
2014,1.0,20dB_nominal_difference,real,linear_a_exact_conversion,OK,XZ,y,-0.0625,x,0.5625,z,0.0625,0.1,0.16097529422384824,0.06097529422384823,0.1,2.2
2014,1.0,20dB_nominal_difference,real,linear_a_exact_conversion,OK,XZ,y,-0.0625,x,0.6875,z,0.0625,0.1,0.13647151044702177,0.036471510447021765,0.1,2.2
2014,1.0,20dB_nominal_difference,real,linear_a_exact_conversion,OK,XZ,y,-0.0625,x,-0.6875,z,0.1875,0.1,0.12337998352120935,0.023379983521209347,0.1,2.2
2014,1.0,20dB_nominal_difference,real,linear_a_exact_conversion,OK,XZ,y,-0.0625,x,-0.5625,z,0.1875,0.1,0.13838955557151048,0.03838955557151047,0.1,2.2
2014,1.0,20dB_nominal_difference,real,linear_a_exact_conversion,OK,XZ,y,-0.0625,x,-0.4375,z,0.1875,0.1,0.1531084727763523,0.053108472776352306,0.1,2.2
2014,1.0,20dB_nominal_difference,real,linear_a_exact_conversion,OK,XZ,y,-0.0625,x,-0.3125,z,0.1875,0.9,0.16664303309607362,-0.7333569669039264,0.1,2.2
2014,1.0,20dB_nominal_difference,real,linear_a_exact_conversion,OK,XZ,y,-0.0625,x,-0.1875,z,0.1875,0.1,0.1782428924748187,0.07824289247481869,0.1,2.2
2014,1.0,20dB_nominal_difference,real,linear_a_exact_conversion,OK,XZ,y,-0.0625,x,-0.0625,z,0.1875,0.1,0.18674451222706237,0.08674451222706236,0.1,2.2
2014,1.0,20dB_nominal_difference,real,linear_a_exact_conversion,OK,XZ,y,-0.0625,x,0.0625,z,0.1875,0.1,0.19077172636605377,0.09077172636605377,0.1,2.2
2014,1.0,20dB_nominal_difference,real,linear_a_exact_conversion,OK,XZ,y,-0.0625,x,0.1875,z,0.1875,0.1,0.18904530261306024,0.08904530261306023,0.1,2.2
2014,1.0,20dB_nominal_difference,real,linear_a_exact_conversion,OK,XZ,y,-0.0625,x,0.3125,z,0.1875,0.1,0.18074759172083663,0.08074759172083662,0.1,2.2
2014,1.0,20dB_nominal_difference,real,linear_a_exact_conversion,OK,XZ,y,-0.0625,x,0.4375,z,0.1875,0.1,0.16584177426530508,0.06584177426530508,0.1,2.2
2014,1.0,20dB_nominal_difference,real,linear_a_exact_conversion,OK,XZ,y,-0.0625,x,0.5625,z,0.1875,0.1,0.14523070484599748,0.04523070484599748,0.1,2.2
2014,1.0,20dB_nominal_difference,real,linear_a_exact_conversion,OK,XZ,y,-0.0625,x,0.6875,z,0.1875,0.1,0.12213555593665595,0.02213555593665595,0.1,2.2
2014,1.0,20dB_nominal_difference,real,linear_a_exact_conversion,OK,XZ,y,-0.0625,x,-0.6875,z,0.3125,0.1,0.11943282109775039,0.01943282109775038,0.1,2.2
2014,1.0,20dB_nominal_difference,real,linear_a_exact_conversion,OK,XZ,y,-0.0625,x,-0.5625,z,0.3125,0.1,0.13131871218147897,0.03131871218147897,0.1,2.2
2014,1.0,20dB_nominal_difference,real,linear_a_exact_conversion,OK,XZ,y,-0.0625,x,-0.4375,z,0.3125,0.1,0.1424972945847696,0.042497294584769585,0.1,2.2
2014,1.0,20dB_nominal_difference,real,linear_a_exact_conversion,OK,XZ,y,-0.0625,x,-0.3125,z,0.3125,0.1,0.15229173430804382,0.05229173430804382,0.1,2.2
2014,1.0,20dB_nominal_difference,real,linear_a_exact_conversion,OK,XZ,y,-0.0625,x,-0.1875,z,0.3125,0.1,0.16033536472177656,0.06033536472177656,0.1,2.2
2014,1.0,20dB_nominal_difference,real,linear_a_exact_conversion,OK,XZ,y,-0.0625,x,-0.0625,z,0.3125,0.1,0.1658737877010981,0.06587378770109809,0.1,2.2
2014,1.0,20dB_nominal_difference,real,linear_a_exact_conversion,OK,XZ,y,-0.0625,x,0.0625,z,0.3125,0.1,0.16790321986543408,0.06790321986543407,0.1,2.2
2014,1.0,20dB_nominal_difference,real,linear_a_exact_conversion,OK,XZ,y,-0.0625,x,0.1875,z,0.3125,0.1,0.16539263344809738,0.06539263344809737,0.1,2.2
2014,1.0,20dB_nominal_difference,real,linear_a_exact_conversion,OK,XZ,y,-0.0625,x,0.3125,z,0.3125,0.1,0.15757889615047327,0.05757889615047326,0.1,2.2
2014,1.0,20dB_nominal_difference,real,linear_a_exact_conversion,OK,XZ,y,-0.0625,x,0.4375,z,0.3125,0.1,0.14426087594825196,0.044260875948251954,0.1,2.2
2014,1.0,20dB_nominal_difference,real,linear_a_exact_conversion,OK,XZ,y,-0.0625,x,0.5625,z,0.3125,0.1,0.12596378459726565,0.025963784597265643,0.1,2.2
2014,1.0,20dB_nominal_difference,real,linear_a_exact_conversion,OK,XZ,y,-0.0625,x,0.6875,z,0.3125,0.1,0.10547061014070971,0.0054706101407097085,0.1,2.2
2014,1.0,20dB_nominal_difference,real,linear_a_exact_conversion,OK,XZ,y,-0.0625,x,-0.6875,z,0.4375,0.1,0.11315701117359639,0.013157011173596384,0.1,2.2
2014,1.0,20dB_nominal_difference,real,linear_a_exact_conversion,OK,XZ,y,-0.0625,x,-0.5625,z,0.4375,0.1,0.12130629388395632,0.021306293883956315,0.1,2.2
2014,1.0,20dB_nominal_difference,real,linear_a_exact_conversion,OK,XZ,y,-0.0625,x,-0.4375,z,0.4375,0.1,0.1286015698664632,0.0286015698664632,0.1,2.2
2014,1.0,20dB_nominal_difference,real,linear_a_exact_conversion,OK,XZ,y,-0.0625,x,-0.3125,z,0.4375,0.1,0.13451823524204096,0.03451823524204095,0.1,2.2
2014,1.0,20dB_nominal_difference,real,linear_a_exact_conversion,OK,XZ,y,-0.0625,x,-0.1875,z,0.4375,0.1,0.13899208551033215,0.03899208551033215,0.1,2.2
2014,1.0,20dB_nominal_difference,real,linear_a_exact_conversion,OK,XZ,y,-0.0625,x,-0.0625,z,0.4375,0.1,0.1416638098898693,0.041663809889869285,0.1,2.2
2014,1.0,20dB_nominal_difference,real,linear_a_exact_conversion,OK,XZ,y,-0.0625,x,0.0625,z,0.4375,0.1,0.14191193397188978,0.041911933971889775,0.1,2.2
2014,1.0,20dB_nominal_difference,real,linear_a_exact_conversion,OK,XZ,y,-0.0625,x,0.1875,z,0.4375,0.1,0.13896303109520436,0.038963031095204353,0.1,2.2
2014,1.0,20dB_nominal_difference,real,linear_a_exact_conversion,OK,XZ,y,-0.0625,x,0.3125,z,0.4375,0.1,0.13211562406718258,0.032115624067182574,0.1,2.2
2014,1.0,20dB_nominal_difference,real,linear_a_exact_conversion,OK,XZ,y,-0.0625,x,0.4375,z,0.4375,0.1,0.12103539737067372,0.02103539737067371,0.1,2.2
2014,1.0,20dB_nominal_difference,real,linear_a_exact_conversion,OK,XZ,y,-0.0625,x,0.5625,z,0.4375,0.1,0.10597846651036802,0.0059784665103680135,0.1,2.2
2014,1.0,20dB_nominal_difference,real,linear_a_exact_conversion,OK,XZ,y,-0.0625,x,0.6875,z,0.4375,0.1,0.0892559379030881,-0.010744062096911908,0.1,2.2
2014,1.0,20dB_nominal_difference,real,linear_a_exact_conversion,OK,XZ,y,-0.0625,x,-0.6875,z,0.5625,0.1,0.10482272203216646,0.004822722032166452,0.1,2.2
2014,1.0,20dB_nominal_difference,real,linear_a_exact_conversion,OK,XZ,y,-0.0625,x,-0.5625,z,0.5625,0.1,0.10892292092581142,0.008922920925811414,0.1,2.2
2014,1.0,20dB_nominal_difference,real,linear_a_exact_conversion,OK,XZ,y,-0.0625,x,-0.4375,z,0.5625,0.1,0.11265302303394899,0.012653023033948982,0.1,2.2
2014,1.0,20dB_nominal_difference,real,linear_a_exact_conversion,OK,XZ,y,-0.0625,x,-0.3125,z,0.5625,0.1,0.1151263807148373,0.015126380714837295,0.1,2.2
2014,1.0,20dB_nominal_difference,real,linear_a_exact_conversion,OK,XZ,y,-0.0625,x,-0.1875,z,0.5625,0.1,0.1164664408002897,0.016466440800289694,0.1,2.2
2014,1.0,20dB_nominal_difference,real,linear_a_exact_conversion,OK,XZ,y,-0.0625,x,-0.0625,z,0.5625,0.1,0.1167234003555108,0.0167234003555108,0.1,2.2
2014,1.0,20dB_nominal_difference,real,linear_a_exact_conversion,OK,XZ,y,-0.0625,x,0.0625,z,0.5625,0.1,0.11566795317642573,0.01566795317642572,0.1,2.2
2014,1.0,20dB_nominal_difference,real,linear_a_exact_conversion,OK,XZ,y,-0.0625,x,0.1875,z,0.5625,0.1,0.11276891780994773,0.012768917809947725,0.1,2.2
2014,1.0,20dB_nominal_difference,real,linear_a_exact_conversion,OK,XZ,y,-0.0625,x,0.3125,z,0.5625,0.1,0.10734577621431421,0.007345776214314204,0.1,2.2
2014,1.0,20dB_nominal_difference,real,linear_a_exact_conversion,OK,XZ,y,-0.0625,x,0.4375,z,0.5625,0.1,0.09889135268090007,-0.0011086473190999313,0.1,2.2
2014,1.0,20dB_nominal_difference,real,linear_a_exact_conversion,OK,XZ,y,-0.0625,x,0.5625,z,0.5625,0.1,0.08755533048536306,-0.01244466951463695,0.1,2.2
2014,1.0,20dB_nominal_difference,real,linear_a_exact_conversion,OK,XZ,y,-0.0625,x,0.6875,z,0.5625,0.1,0.07589674105210993,-0.024103258947890074,0.1,2.2
2014,1.0,20dB_nominal_difference,real,linear_a_exact_conversion,OK,XZ,y,-0.0625,x,-0.6875,z,0.6875,0.1,0.09178324523580043,-0.008216754764199571,0.1,2.2
2014,1.0,20dB_nominal_difference,real,linear_a_exact_conversion,OK,XZ,y,-0.0625,x,-0.5625,z,0.6875,0.1,0.09287909538961527,-0.00712090461038474,0.1,2.2
2014,1.0,20dB_nominal_difference,real,linear_a_exact_conversion,OK,XZ,y,-0.0625,x,-0.4375,z,0.6875,0.1,0.09411023233481824,-0.005889767665181761,0.1,2.2
2014,1.0,20dB_nominal_difference,real,linear_a_exact_conversion,OK,XZ,y,-0.0625,x,-0.3125,z,0.6875,0.1,0.09370189643232298,-0.00629810356767703,0.1,2.2
2014,1.0,20dB_nominal_difference,real,linear_a_exact_conversion,OK,XZ,y,-0.0625,x,-0.1875,z,0.6875,0.1,0.09232289934471115,-0.007677100655288857,0.1,2.2
2014,1.0,20dB_nominal_difference,real,linear_a_exact_conversion,OK,XZ,y,-0.0625,x,-0.0625,z,0.6875,0.1,0.09059942189678108,-0.009400578103218926,0.1,2.2
2014,1.0,20dB_nominal_difference,real,linear_a_exact_conversion,OK,XZ,y,-0.0625,x,0.0625,z,0.6875,0.1,0.0887503434519438,-0.011249656548056208,0.1,2.2
2014,1.0,20dB_nominal_difference,real,linear_a_exact_conversion,OK,XZ,y,-0.0625,x,0.1875,z,0.6875,0.1,0.08648433299093788,-0.013515667009062121,0.1,2.2
2014,1.0,20dB_nominal_difference,real,linear_a_exact_conversion,OK,XZ,y,-0.0625,x,0.3125,z,0.6875,0.1,0.08307504399263632,-0.016924956007363684,0.1,2.2
2014,1.0,20dB_nominal_difference,real,linear_a_exact_conversion,OK,XZ,y,-0.0625,x,0.4375,z,0.6875,0.1,0.07762856561159677,-0.022371434388403236,0.1,2.2
2014,1.0,20dB_nominal_difference,real,linear_a_exact_conversion,OK,XZ,y,-0.0625,x,0.5625,z,0.6875,0.1,0.06970406371211874,-0.03029593628788127,0.1,2.2
2014,1.0,20dB_nominal_difference,real,linear_a_exact_conversion,OK,XZ,y,-0.0625,x,0.6875,z,0.6875,0.1,0.06329069719765958,-0.03670930280234043,0.1,2.2
2014,1.0,20dB_nominal_difference,real,linear_a_exact_conversion,OK,YZ,x,-0.0625,y,-0.6875,z,-0.6875,0.1,0.10450478034573603,0.004504780345736023,0.1,2.2
2014,1.0,20dB_nominal_difference,real,linear_a_exact_conversion,OK,YZ,x,-0.0625,y,-0.5625,z,-0.6875,0.1,0.10595869410227,0.0059586941022699985,0.1,2.2
2014,1.0,20dB_nominal_difference,real,linear_a_exact_conversion,OK,YZ,x,-0.0625,y,-0.4375,z,-0.6875,0.1,0.11112731942460057,0.01112731942460056,0.1,2.2
2014,1.0,20dB_nominal_difference,real,linear_a_exact_conversion,OK,YZ,x,-0.0625,y,-0.3125,z,-0.6875,0.1,0.1128561616484675,0.012856161648467493,0.1,2.2
2014,1.0,20dB_nominal_difference,real,linear_a_exact_conversion,OK,YZ,x,-0.0625,y,-0.1875,z,-0.6875,0.1,0.11054485500683064,0.010544855006830639,0.1,2.2
2014,1.0,20dB_nominal_difference,real,linear_a_exact_conversion,OK,YZ,x,-0.0625,y,-0.0625,z,-0.6875,0.1,0.10489209012955195,0.00489209012955194,0.1,2.2
2014,1.0,20dB_nominal_difference,real,linear_a_exact_conversion,OK,YZ,x,-0.0625,y,0.0625,z,-0.6875,0.1,0.09714194725506667,-0.002858052744933337,0.1,2.2
2014,1.0,20dB_nominal_difference,real,linear_a_exact_conversion,OK,YZ,x,-0.0625,y,0.1875,z,-0.6875,0.1,0.08868260139073791,-0.011317398609262092,0.1,2.2
2014,1.0,20dB_nominal_difference,real,linear_a_exact_conversion,OK,YZ,x,-0.0625,y,0.3125,z,-0.6875,0.1,0.08078121545129452,-0.019218784548705486,0.1,2.2
2014,1.0,20dB_nominal_difference,real,linear_a_exact_conversion,OK,YZ,x,-0.0625,y,0.4375,z,-0.6875,0.1,0.0744637468208263,-0.025536253179173712,0.1,2.2
2014,1.0,20dB_nominal_difference,real,linear_a_exact_conversion,OK,YZ,x,-0.0625,y,0.5625,z,-0.6875,0.1,0.07067933655658266,-0.02932066344341734,0.1,2.2
2014,1.0,20dB_nominal_difference,real,linear_a_exact_conversion,OK,YZ,x,-0.0625,y,0.6875,z,-0.6875,0.1,0.07337412729493752,-0.02662587270506249,0.1,2.2
2014,1.0,20dB_nominal_difference,real,linear_a_exact_conversion,OK,YZ,x,-0.0625,y,-0.6875,z,-0.5625,0.1,0.11902577312204062,0.01902577312204061,0.1,2.2
2014,1.0,20dB_nominal_difference,real,linear_a_exact_conversion,OK,YZ,x,-0.0625,y,-0.5625,z,-0.5625,0.1,0.1289330265060964,0.028933026506096388,0.1,2.2
2014,1.0,20dB_nominal_difference,real,linear_a_exact_conversion,OK,YZ,x,-0.0625,y,-0.4375,z,-0.5625,0.1,0.138287114730832,0.03828711473083199,0.1,2.2
2014,1.0,20dB_nominal_difference,real,linear_a_exact_conversion,OK,YZ,x,-0.0625,y,-0.3125,z,-0.5625,0.1,0.14353365289507794,0.043533652895077934,0.1,2.2
2014,1.0,20dB_nominal_difference,real,linear_a_exact_conversion,OK,YZ,x,-0.0625,y,-0.1875,z,-0.5625,0.1,0.14397000789517203,0.043970007895172025,0.1,2.2
2014,1.0,20dB_nominal_difference,real,linear_a_exact_conversion,OK,YZ,x,-0.0625,y,-0.0625,z,-0.5625,0.1,0.13982116538658487,0.03982116538658487,0.1,2.2
2014,1.0,20dB_nominal_difference,real,linear_a_exact_conversion,OK,YZ,x,-0.0625,y,0.0625,z,-0.5625,0.1,0.13196605931914396,0.03196605931914395,0.1,2.2
2014,1.0,20dB_nominal_difference,real,linear_a_exact_conversion,OK,YZ,x,-0.0625,y,0.1875,z,-0.5625,0.1,0.1216397799879645,0.0216397799879645,0.1,2.2
2014,1.0,20dB_nominal_difference,real,linear_a_exact_conversion,OK,YZ,x,-0.0625,y,0.3125,z,-0.5625,0.1,0.11020524101096649,0.010205241010966482,0.1,2.2
2014,1.0,20dB_nominal_difference,real,linear_a_exact_conversion,OK,YZ,x,-0.0625,y,0.4375,z,-0.5625,0.1,0.09905059114438973,-0.0009494088556102759,0.1,2.2
2014,1.0,20dB_nominal_difference,real,linear_a_exact_conversion,OK,YZ,x,-0.0625,y,0.5625,z,-0.5625,0.1,0.0896803002296526,-0.010319699770347412,0.1,2.2
2014,1.0,20dB_nominal_difference,real,linear_a_exact_conversion,OK,YZ,x,-0.0625,y,0.6875,z,-0.5625,0.1,0.08508755044606064,-0.014912449553939361,0.1,2.2
2014,1.0,20dB_nominal_difference,real,linear_a_exact_conversion,OK,YZ,x,-0.0625,y,-0.6875,z,-0.4375,0.1,0.12645982917338808,0.026459829173388072,0.1,2.2
2014,1.0,20dB_nominal_difference,real,linear_a_exact_conversion,OK,YZ,x,-0.0625,y,-0.5625,z,-0.4375,0.1,0.1432386058846654,0.04323860588466538,0.1,2.2
2014,1.0,20dB_nominal_difference,real,linear_a_exact_conversion,OK,YZ,x,-0.0625,y,-0.4375,z,-0.4375,0.1,0.15791382177646893,0.05791382177646892,0.1,2.2
2014,1.0,20dB_nominal_difference,real,linear_a_exact_conversion,OK,YZ,x,-0.0625,y,-0.3125,z,-0.4375,0.1,0.16727867074044608,0.06727867074044608,0.1,2.2
2014,1.0,20dB_nominal_difference,real,linear_a_exact_conversion,OK,YZ,x,-0.0625,y,-0.1875,z,-0.4375,0.1,0.17078362524294807,0.07078362524294807,0.1,2.2
2014,1.0,20dB_nominal_difference,real,linear_a_exact_conversion,OK,YZ,x,-0.0625,y,-0.0625,z,-0.4375,0.1,0.16843628534382182,0.06843628534382182,0.1,2.2
2014,1.0,20dB_nominal_difference,real,linear_a_exact_conversion,OK,YZ,x,-0.0625,y,0.0625,z,-0.4375,0.1,0.16085397113480318,0.060853971134803175,0.1,2.2
2014,1.0,20dB_nominal_difference,real,linear_a_exact_conversion,OK,YZ,x,-0.0625,y,0.1875,z,-0.4375,0.1,0.14912201854749355,0.04912201854749354,0.1,2.2
2014,1.0,20dB_nominal_difference,real,linear_a_exact_conversion,OK,YZ,x,-0.0625,y,0.3125,z,-0.4375,0.1,0.13461041554653266,0.03461041554653266,0.1,2.2
2014,1.0,20dB_nominal_difference,real,linear_a_exact_conversion,OK,YZ,x,-0.0625,y,0.4375,z,-0.4375,0.1,0.11881550749800983,0.018815507498009823,0.1,2.2
2014,1.0,20dB_nominal_difference,real,linear_a_exact_conversion,OK,YZ,x,-0.0625,y,0.5625,z,-0.4375,0.1,0.10320044093461289,0.003200440934612886,0.1,2.2
2014,1.0,20dB_nominal_difference,real,linear_a_exact_conversion,OK,YZ,x,-0.0625,y,0.6875,z,-0.4375,0.1,0.09037799443285424,-0.009622005567145764,0.1,2.2
2014,1.0,20dB_nominal_difference,real,linear_a_exact_conversion,OK,YZ,x,-0.0625,y,-0.6875,z,-0.3125,0.1,0.12959518464459932,0.029595184644599315,0.1,2.2
2014,1.0,20dB_nominal_difference,real,linear_a_exact_conversion,OK,YZ,x,-0.0625,y,-0.5625,z,-0.3125,0.1,0.151232717148912,0.051232717148912005,0.1,2.2
2014,1.0,20dB_nominal_difference,real,linear_a_exact_conversion,OK,YZ,x,-0.0625,y,-0.4375,z,-0.3125,0.1,0.1707602616059757,0.0707602616059757,0.1,2.2
2014,1.0,20dB_nominal_difference,real,linear_a_exact_conversion,OK,YZ,x,-0.0625,y,-0.3125,z,-0.3125,0.1,0.18434612083554458,0.08434612083554457,0.1,2.2
2014,1.0,20dB_nominal_difference,real,linear_a_exact_conversion,OK,YZ,x,-0.0625,y,-0.1875,z,-0.3125,0.1,0.1911651718910579,0.09116517189105788,0.1,2.2
2014,1.0,20dB_nominal_difference,real,linear_a_exact_conversion,OK,YZ,x,-0.0625,y,-0.0625,z,-0.3125,0.1,0.19095527504244178,0.09095527504244177,0.1,2.2
2014,1.0,20dB_nominal_difference,real,linear_a_exact_conversion,OK,YZ,x,-0.0625,y,0.0625,z,-0.3125,0.1,0.1840824035571729,0.08408240355717289,0.1,2.2
2014,1.0,20dB_nominal_difference,real,linear_a_exact_conversion,OK,YZ,x,-0.0625,y,0.1875,z,-0.3125,0.1,0.1714697515203376,0.0714697515203376,0.1,2.2
2014,1.0,20dB_nominal_difference,real,linear_a_exact_conversion,OK,YZ,x,-0.0625,y,0.3125,z,-0.3125,0.1,0.154443950261412,0.054443950261411994,0.1,2.2
2014,1.0,20dB_nominal_difference,real,linear_a_exact_conversion,OK,YZ,x,-0.0625,y,0.4375,z,-0.3125,0.1,0.13454713158369122,0.034547131583691215,0.1,2.2
2014,1.0,20dB_nominal_difference,real,linear_a_exact_conversion,OK,YZ,x,-0.0625,y,0.5625,z,-0.3125,0.1,0.11332532597258223,0.013325325972582222,0.1,2.2
2014,1.0,20dB_nominal_difference,real,linear_a_exact_conversion,OK,YZ,x,-0.0625,y,0.6875,z,-0.3125,0.1,0.0938272333892469,-0.006172766610753111,0.1,2.2
2014,1.0,20dB_nominal_difference,real,linear_a_exact_conversion,OK,YZ,x,-0.0625,y,-0.6875,z,-0.1875,0.1,0.12783351541194535,0.027833515411945342,0.1,2.2
2014,1.0,20dB_nominal_difference,real,linear_a_exact_conversion,OK,YZ,x,-0.0625,y,-0.5625,z,-0.1875,0.1,0.15261084565077962,0.052610845650779614,0.1,2.2
2014,1.0,20dB_nominal_difference,real,linear_a_exact_conversion,OK,YZ,x,-0.0625,y,-0.4375,z,-0.1875,0.1,0.17569808332069733,0.07569808332069733,0.1,2.2
2014,1.0,20dB_nominal_difference,real,linear_a_exact_conversion,OK,YZ,x,-0.0625,y,-0.3125,z,-0.1875,2.2,0.19277474497361813,-2.0072252550263823,0.1,2.2
2014,1.0,20dB_nominal_difference,real,linear_a_exact_conversion,OK,YZ,x,-0.0625,y,-0.1875,z,-0.1875,0.1,0.2026030600761074,0.1026030600761074,0.1,2.2
2014,1.0,20dB_nominal_difference,real,linear_a_exact_conversion,OK,YZ,x,-0.0625,y,-0.0625,z,-0.1875,0.1,0.2045942635636281,0.10459426356362808,0.1,2.2
2014,1.0,20dB_nominal_difference,real,linear_a_exact_conversion,OK,YZ,x,-0.0625,y,0.0625,z,-0.1875,0.1,0.1988493994976256,0.09884939949762558,0.1,2.2
2014,1.0,20dB_nominal_difference,real,linear_a_exact_conversion,OK,YZ,x,-0.0625,y,0.1875,z,-0.1875,0.1,0.18611038601667307,0.08611038601667306,0.1,2.2
2014,1.0,20dB_nominal_difference,real,linear_a_exact_conversion,OK,YZ,x,-0.0625,y,0.3125,z,-0.1875,0.1,0.1676270638871046,0.0676270638871046,0.1,2.2
2014,1.0,20dB_nominal_difference,real,linear_a_exact_conversion,OK,YZ,x,-0.0625,y,0.4375,z,-0.1875,0.1,0.14497540928184952,0.04497540928184951,0.1,2.2
2014,1.0,20dB_nominal_difference,real,linear_a_exact_conversion,OK,YZ,x,-0.0625,y,0.5625,z,-0.1875,0.1,0.11986674510807153,0.01986674510807153,0.1,2.2
2014,1.0,20dB_nominal_difference,real,linear_a_exact_conversion,OK,YZ,x,-0.0625,y,0.6875,z,-0.1875,0.1,0.09581699515766406,-0.004183004842335941,0.1,2.2
2014,1.0,20dB_nominal_difference,real,linear_a_exact_conversion,OK,YZ,x,-0.0625,y,-0.6875,z,-0.0625,0.1,0.12166309649231555,0.021663096492315542,0.1,2.2
2014,1.0,20dB_nominal_difference,real,linear_a_exact_conversion,OK,YZ,x,-0.0625,y,-0.5625,z,-0.0625,0.1,0.14780443065919882,0.047804430659198816,0.1,2.2
2014,1.0,20dB_nominal_difference,real,linear_a_exact_conversion,OK,YZ,x,-0.0625,y,-0.4375,z,-0.0625,0.1,0.1727684432289153,0.07276844322891529,0.1,2.2
2014,1.0,20dB_nominal_difference,real,linear_a_exact_conversion,OK,YZ,x,-0.0625,y,-0.3125,z,-0.0625,0.1,0.19205931848073615,0.09205931848073615,0.1,2.2
2014,1.0,20dB_nominal_difference,real,linear_a_exact_conversion,OK,YZ,x,-0.0625,y,-0.1875,z,-0.0625,0.1,0.20411289101842442,0.10411289101842441,0.1,2.2
2014,1.0,20dB_nominal_difference,real,linear_a_exact_conversion,OK,YZ,x,-0.0625,y,-0.0625,z,-0.0625,0.1,0.208055470185222,0.10805547018522199,0.1,2.2
2014,1.0,20dB_nominal_difference,real,linear_a_exact_conversion,OK,YZ,x,-0.0625,y,0.0625,z,-0.0625,0.1,0.20374582508407596,0.10374582508407595,0.1,2.2
2014,1.0,20dB_nominal_difference,real,linear_a_exact_conversion,OK,YZ,x,-0.0625,y,0.1875,z,-0.0625,0.1,0.19174014963541208,0.09174014963541208,0.1,2.2
2014,1.0,20dB_nominal_difference,real,linear_a_exact_conversion,OK,YZ,x,-0.0625,y,0.3125,z,-0.0625,0.1,0.17317856654679162,0.07317856654679161,0.1,2.2
2014,1.0,20dB_nominal_difference,real,linear_a_exact_conversion,OK,YZ,x,-0.0625,y,0.4375,z,-0.0625,0.1,0.1496226520477657,0.0496226520477657,0.1,2.2
2014,1.0,20dB_nominal_difference,real,linear_a_exact_conversion,OK,YZ,x,-0.0625,y,0.5625,z,-0.0625,0.1,0.12288856624481925,0.022888566244819247,0.1,2.2
2014,1.0,20dB_nominal_difference,real,linear_a_exact_conversion,OK,YZ,x,-0.0625,y,0.6875,z,-0.0625,0.1,0.09671948017413273,-0.003280519825867273,0.1,2.2
2014,1.0,20dB_nominal_difference,real,linear_a_exact_conversion,OK,YZ,x,-0.0625,y,-0.6875,z,0.0625,0.1,0.11259884284581652,0.012598842845816513,0.1,2.2
2014,1.0,20dB_nominal_difference,real,linear_a_exact_conversion,OK,YZ,x,-0.0625,y,-0.5625,z,0.0625,0.1,0.1382266779773976,0.038226677977397594,0.1,2.2
2014,1.0,20dB_nominal_difference,real,linear_a_exact_conversion,OK,YZ,x,-0.0625,y,-0.4375,z,0.0625,0.1,0.16318413694698763,0.06318413694698763,0.1,2.2
2014,1.0,20dB_nominal_difference,real,linear_a_exact_conversion,OK,YZ,x,-0.0625,y,-0.3125,z,0.0625,0.1,0.18309428941371364,0.08309428941371363,0.1,2.2
2014,1.0,20dB_nominal_difference,real,linear_a_exact_conversion,OK,YZ,x,-0.0625,y,-0.1875,z,0.0625,0.1,0.19624336480066454,0.09624336480066453,0.1,2.2
2014,1.0,20dB_nominal_difference,real,linear_a_exact_conversion,OK,YZ,x,-0.0625,y,-0.0625,z,0.0625,0.1,0.2015920898675938,0.1015920898675938,0.1,2.2
2014,1.0,20dB_nominal_difference,real,linear_a_exact_conversion,OK,YZ,x,-0.0625,y,0.0625,z,0.0625,0.1,0.19882913847704234,0.09882913847704233,0.1,2.2
2014,1.0,20dB_nominal_difference,real,linear_a_exact_conversion,OK,YZ,x,-0.0625,y,0.1875,z,0.0625,0.1,0.18834830937133704,0.08834830937133703,0.1,2.2
2014,1.0,20dB_nominal_difference,real,linear_a_exact_conversion,OK,YZ,x,-0.0625,y,0.3125,z,0.0625,0.1,0.17115149132627422,0.07115149132627421,0.1,2.2
2014,1.0,20dB_nominal_difference,real,linear_a_exact_conversion,OK,YZ,x,-0.0625,y,0.4375,z,0.0625,0.1,0.14870500313989113,0.04870500313989112,0.1,2.2
2014,1.0,20dB_nominal_difference,real,linear_a_exact_conversion,OK,YZ,x,-0.0625,y,0.5625,z,0.0625,0.1,0.12279075252944334,0.022790752529443334,0.1,2.2
2014,1.0,20dB_nominal_difference,real,linear_a_exact_conversion,OK,YZ,x,-0.0625,y,0.6875,z,0.0625,0.1,0.09705921018647108,-0.002940789813528924,0.1,2.2
2014,1.0,20dB_nominal_difference,real,linear_a_exact_conversion,OK,YZ,x,-0.0625,y,-0.6875,z,0.1875,0.1,0.1027564713420482,0.0027564713420481918,0.1,2.2
2014,1.0,20dB_nominal_difference,real,linear_a_exact_conversion,OK,YZ,x,-0.0625,y,-0.5625,z,0.1875,0.1,0.1259914687448642,0.025991468744864188,0.1,2.2
2014,1.0,20dB_nominal_difference,real,linear_a_exact_conversion,OK,YZ,x,-0.0625,y,-0.4375,z,0.1875,0.1,0.14902992459392006,0.049029924593920055,0.1,2.2
2014,1.0,20dB_nominal_difference,real,linear_a_exact_conversion,OK,YZ,x,-0.0625,y,-0.3125,z,0.1875,0.1,0.16784841317874064,0.06784841317874063,0.1,2.2
2014,1.0,20dB_nominal_difference,real,linear_a_exact_conversion,OK,YZ,x,-0.0625,y,-0.1875,z,0.1875,0.1,0.1807722323967749,0.08077223239677489,0.1,2.2
2014,1.0,20dB_nominal_difference,real,linear_a_exact_conversion,OK,YZ,x,-0.0625,y,-0.0625,z,0.1875,0.1,0.18674451222706237,0.08674451222706236,0.1,2.2
2014,1.0,20dB_nominal_difference,real,linear_a_exact_conversion,OK,YZ,x,-0.0625,y,0.0625,z,0.1875,0.1,0.18538930389836358,0.08538930389836358,0.1,2.2
2014,1.0,20dB_nominal_difference,real,linear_a_exact_conversion,OK,YZ,x,-0.0625,y,0.1875,z,0.1875,0.1,0.17699278031358318,0.07699278031358317,0.1,2.2
2014,1.0,20dB_nominal_difference,real,linear_a_exact_conversion,OK,YZ,x,-0.0625,y,0.3125,z,0.1875,0.1,0.16241322557062976,0.062413225570629755,0.1,2.2
2014,1.0,20dB_nominal_difference,real,linear_a_exact_conversion,OK,YZ,x,-0.0625,y,0.4375,z,0.1875,0.1,0.1429473668019676,0.04294736680196759,0.1,2.2
2014,1.0,20dB_nominal_difference,real,linear_a_exact_conversion,OK,YZ,x,-0.0625,y,0.5625,z,0.1875,0.1,0.12018961859648035,0.020189618596480344,0.1,2.2
2014,1.0,20dB_nominal_difference,real,linear_a_exact_conversion,OK,YZ,x,-0.0625,y,0.6875,z,0.1875,0.1,0.09736927367838072,-0.0026307263216192867,0.1,2.2
2014,1.0,20dB_nominal_difference,real,linear_a_exact_conversion,OK,YZ,x,-0.0625,y,-0.6875,z,0.3125,0.1,0.09435283679175742,-0.0056471632082425866,0.1,2.2
2014,1.0,20dB_nominal_difference,real,linear_a_exact_conversion,OK,YZ,x,-0.0625,y,-0.5625,z,0.3125,0.1,0.11343083581130448,0.01343083581130447,0.1,2.2
2014,1.0,20dB_nominal_difference,real,linear_a_exact_conversion,OK,YZ,x,-0.0625,y,-0.4375,z,0.3125,0.1,0.1327714036968765,0.032771403696876505,0.1,2.2
2014,1.0,20dB_nominal_difference,real,linear_a_exact_conversion,OK,YZ,x,-0.0625,y,-0.3125,z,0.3125,0.1,0.14886278896243035,0.04886278896243035,0.1,2.2
2014,1.0,20dB_nominal_difference,real,linear_a_exact_conversion,OK,YZ,x,-0.0625,y,-0.1875,z,0.3125,0.1,0.1602113422444939,0.0602113422444939,0.1,2.2
2014,1.0,20dB_nominal_difference,real,linear_a_exact_conversion,OK,YZ,x,-0.0625,y,-0.0625,z,0.3125,0.1,0.1658737877010981,0.06587378770109809,0.1,2.2
2014,1.0,20dB_nominal_difference,real,linear_a_exact_conversion,OK,YZ,x,-0.0625,y,0.0625,z,0.3125,0.1,0.16552504602621784,0.06552504602621784,0.1,2.2
2014,1.0,20dB_nominal_difference,real,linear_a_exact_conversion,OK,YZ,x,-0.0625,y,0.1875,z,0.3125,0.1,0.15942604283858233,0.05942604283858233,0.1,2.2
2014,1.0,20dB_nominal_difference,real,linear_a_exact_conversion,OK,YZ,x,-0.0625,y,0.3125,z,0.3125,0.1,0.14832610084089728,0.04832610084089728,0.1,2.2
2014,1.0,20dB_nominal_difference,real,linear_a_exact_conversion,OK,YZ,x,-0.0625,y,0.4375,z,0.3125,0.1,0.1333266725262961,0.03332667252629609,0.1,2.2
2014,1.0,20dB_nominal_difference,real,linear_a_exact_conversion,OK,YZ,x,-0.0625,y,0.5625,z,0.3125,0.1,0.11572477970640009,0.015724779706400085,0.1,2.2
2014,1.0,20dB_nominal_difference,real,linear_a_exact_conversion,OK,YZ,x,-0.0625,y,0.6875,z,0.3125,0.1,0.09802791434419998,-0.001972085655800024,0.1,2.2
2014,1.0,20dB_nominal_difference,real,linear_a_exact_conversion,OK,YZ,x,-0.0625,y,-0.6875,z,0.4375,0.1,0.08926667473730852,-0.010733325262691482,0.1,2.2
2014,1.0,20dB_nominal_difference,real,linear_a_exact_conversion,OK,YZ,x,-0.0625,y,-0.5625,z,0.4375,0.1,0.10258757450887622,0.002587574508876214,0.1,2.2
2014,1.0,20dB_nominal_difference,real,linear_a_exact_conversion,OK,YZ,x,-0.0625,y,-0.4375,z,0.4375,0.1,0.11674443228771014,0.016744432287710137,0.1,2.2
2014,1.0,20dB_nominal_difference,real,linear_a_exact_conversion,OK,YZ,x,-0.0625,y,-0.3125,z,0.4375,0.1,0.12874119322627264,0.028741193226272638,0.1,2.2
2014,1.0,20dB_nominal_difference,real,linear_a_exact_conversion,OK,YZ,x,-0.0625,y,-0.1875,z,0.4375,0.1,0.13729420019806426,0.03729420019806426,0.1,2.2
2014,1.0,20dB_nominal_difference,real,linear_a_exact_conversion,OK,YZ,x,-0.0625,y,-0.0625,z,0.4375,0.1,0.1416638098898693,0.041663809889869285,0.1,2.2
2014,1.0,20dB_nominal_difference,real,linear_a_exact_conversion,OK,YZ,x,-0.0625,y,0.0625,z,0.4375,0.1,0.1416879857581584,0.04168798575815841,0.1,2.2
2014,1.0,20dB_nominal_difference,real,linear_a_exact_conversion,OK,YZ,x,-0.0625,y,0.1875,z,0.4375,0.1,0.13770323511080326,0.03770323511080326,0.1,2.2
2014,1.0,20dB_nominal_difference,real,linear_a_exact_conversion,OK,YZ,x,-0.0625,y,0.3125,z,0.4375,0.1,0.13042580944907153,0.030425809449071528,0.1,2.2
2014,1.0,20dB_nominal_difference,real,linear_a_exact_conversion,OK,YZ,x,-0.0625,y,0.4375,z,0.4375,0.1,0.12081348062454603,0.02081348062454602,0.1,2.2
2014,1.0,20dB_nominal_difference,real,linear_a_exact_conversion,OK,YZ,x,-0.0625,y,0.5625,z,0.4375,0.1,0.10987546657517716,0.009875466575177155,0.1,2.2
2014,1.0,20dB_nominal_difference,real,linear_a_exact_conversion,OK,YZ,x,-0.0625,y,0.6875,z,0.4375,0.1,0.09918332901238341,-0.0008166709876165912,0.1,2.2
2014,1.0,20dB_nominal_difference,real,linear_a_exact_conversion,OK,YZ,x,-0.0625,y,-0.6875,z,0.5625,0.1,0.08864618946612998,-0.011353810533870023,0.1,2.2
2014,1.0,20dB_nominal_difference,real,linear_a_exact_conversion,OK,YZ,x,-0.0625,y,-0.5625,z,0.5625,0.1,0.09469735307470628,-0.005302646925293725,0.1,2.2
2014,1.0,20dB_nominal_difference,real,linear_a_exact_conversion,OK,YZ,x,-0.0625,y,-0.4375,z,0.5625,0.1,0.10275800471153726,0.002758004711537254,0.1,2.2
2014,1.0,20dB_nominal_difference,real,linear_a_exact_conversion,OK,YZ,x,-0.0625,y,-0.3125,z,0.5625,0.1,0.10977838330477686,0.009778383304776858,0.1,2.2
2014,1.0,20dB_nominal_difference,real,linear_a_exact_conversion,OK,YZ,x,-0.0625,y,-0.1875,z,0.5625,0.1,0.1145831521604472,0.0145831521604472,0.1,2.2
2014,1.0,20dB_nominal_difference,real,linear_a_exact_conversion,OK,YZ,x,-0.0625,y,-0.0625,z,0.5625,0.1,0.1167234003555108,0.0167234003555108,0.1,2.2
2014,1.0,20dB_nominal_difference,real,linear_a_exact_conversion,OK,YZ,x,-0.0625,y,0.0625,z,0.5625,0.1,0.11631650163379993,0.016316501633799926,0.1,2.2
2014,1.0,20dB_nominal_difference,real,linear_a_exact_conversion,OK,YZ,x,-0.0625,y,0.1875,z,0.5625,0.1,0.11388050461797852,0.013880504617978517,0.1,2.2
2014,1.0,20dB_nominal_difference,real,linear_a_exact_conversion,OK,YZ,x,-0.0625,y,0.3125,z,0.5625,0.1,0.11018987539129543,0.010189875391295428,0.1,2.2
2014,1.0,20dB_nominal_difference,real,linear_a_exact_conversion,OK,YZ,x,-0.0625,y,0.4375,z,0.5625,0.1,0.10616524016764095,0.006165240167640945,0.1,2.2
2014,1.0,20dB_nominal_difference,real,linear_a_exact_conversion,OK,YZ,x,-0.0625,y,0.5625,z,0.5625,0.1,0.10275224400349667,0.002752244003496662,0.1,2.2
2014,1.0,20dB_nominal_difference,real,linear_a_exact_conversion,OK,YZ,x,-0.0625,y,0.6875,z,0.5625,0.1,0.10081940386055833,0.0008194038605583293,0.1,2.2
2014,1.0,20dB_nominal_difference,real,linear_a_exact_conversion,OK,YZ,x,-0.0625,y,-0.6875,z,0.6875,0.1,0.09040166049127812,-0.009598339508721881,0.1,2.2
2014,1.0,20dB_nominal_difference,real,linear_a_exact_conversion,OK,YZ,x,-0.0625,y,-0.5625,z,0.6875,0.1,0.08823328950902097,-0.011766710490979035,0.1,2.2
2014,1.0,20dB_nominal_difference,real,linear_a_exact_conversion,OK,YZ,x,-0.0625,y,-0.4375,z,0.6875,0.1,0.09016774359514305,-0.009832256404856951,0.1,2.2
2014,1.0,20dB_nominal_difference,real,linear_a_exact_conversion,OK,YZ,x,-0.0625,y,-0.3125,z,0.6875,0.1,0.0915896332108864,-0.00841036678911361,0.1,2.2
2014,1.0,20dB_nominal_difference,real,linear_a_exact_conversion,OK,YZ,x,-0.0625,y,-0.1875,z,0.6875,0.1,0.09170837267848589,-0.008291627321514117,0.1,2.2
2014,1.0,20dB_nominal_difference,real,linear_a_exact_conversion,OK,YZ,x,-0.0625,y,-0.0625,z,0.6875,0.1,0.09059942189678108,-0.009400578103218926,0.1,2.2
2014,1.0,20dB_nominal_difference,real,linear_a_exact_conversion,OK,YZ,x,-0.0625,y,0.0625,z,0.6875,0.1,0.08881365690698959,-0.01118634309301042,0.1,2.2
2014,1.0,20dB_nominal_difference,real,linear_a_exact_conversion,OK,YZ,x,-0.0625,y,0.1875,z,0.6875,0.1,0.08715272055662486,-0.012847279443375145,0.1,2.2
2014,1.0,20dB_nominal_difference,real,linear_a_exact_conversion,OK,YZ,x,-0.0625,y,0.3125,z,0.6875,0.1,0.08650441245675614,-0.01349558754324387,0.1,2.2
2014,1.0,20dB_nominal_difference,real,linear_a_exact_conversion,OK,YZ,x,-0.0625,y,0.4375,z,0.6875,0.1,0.08776650857360668,-0.012233491426393323,0.1,2.2
2014,1.0,20dB_nominal_difference,real,linear_a_exact_conversion,OK,YZ,x,-0.0625,y,0.5625,z,0.6875,0.1,0.09197382044022331,-0.008026179559776692,0.1,2.2
2014,1.0,20dB_nominal_difference,real,linear_a_exact_conversion,OK,YZ,x,-0.0625,y,0.6875,z,0.6875,0.1,0.10134160172252749,0.0013416017225274801,0.1,2.2
2014,1.0,20dB_nominal_difference,real,vanilla_IBS2,REJECTED_PHYSICAL,XY,z,-0.0625,x,-0.6875,y,-0.6875,0.1,0.10091530047632626,0.0009153004763262501,0.1,2.2
2014,1.0,20dB_nominal_difference,real,vanilla_IBS2,REJECTED_PHYSICAL,XY,z,-0.0625,x,-0.5625,y,-0.6875,0.1,0.10516622805163892,0.00516622805163891,0.1,2.2
2014,1.0,20dB_nominal_difference,real,vanilla_IBS2,REJECTED_PHYSICAL,XY,z,-0.0625,x,-0.4375,y,-0.6875,0.1,0.10930984911021908,0.009309849110219079,0.1,2.2
2014,1.0,20dB_nominal_difference,real,vanilla_IBS2,REJECTED_PHYSICAL,XY,z,-0.0625,x,-0.3125,y,-0.6875,0.1,0.11374026628647448,0.01374026628647447,0.1,2.2
2014,1.0,20dB_nominal_difference,real,vanilla_IBS2,REJECTED_PHYSICAL,XY,z,-0.0625,x,-0.1875,y,-0.6875,0.1,0.1179538223703702,0.0179538223703702,0.1,2.2
2014,1.0,20dB_nominal_difference,real,vanilla_IBS2,REJECTED_PHYSICAL,XY,z,-0.0625,x,-0.0625,y,-0.6875,0.1,0.12108180679034937,0.021081806790349364,0.1,2.2
2014,1.0,20dB_nominal_difference,real,vanilla_IBS2,REJECTED_PHYSICAL,XY,z,-0.0625,x,0.0625,y,-0.6875,0.1,0.12211928723040817,0.022119287230408166,0.1,2.2
2014,1.0,20dB_nominal_difference,real,vanilla_IBS2,REJECTED_PHYSICAL,XY,z,-0.0625,x,0.1875,y,-0.6875,0.1,0.12011631792469613,0.02011631792469612,0.1,2.2
2014,1.0,20dB_nominal_difference,real,vanilla_IBS2,REJECTED_PHYSICAL,XY,z,-0.0625,x,0.3125,y,-0.6875,0.1,0.11434288349079087,0.014342883490790867,0.1,2.2
2014,1.0,20dB_nominal_difference,real,vanilla_IBS2,REJECTED_PHYSICAL,XY,z,-0.0625,x,0.4375,y,-0.6875,0.1,0.10435780179827615,0.004357801798276148,0.1,2.2
2014,1.0,20dB_nominal_difference,real,vanilla_IBS2,REJECTED_PHYSICAL,XY,z,-0.0625,x,0.5625,y,-0.6875,0.1,0.0897169682755984,-0.010283031724401606,0.1,2.2
2014,1.0,20dB_nominal_difference,real,vanilla_IBS2,REJECTED_PHYSICAL,XY,z,-0.0625,x,0.6875,y,-0.6875,0.1,0.06751292105147727,-0.032487078948522735,0.1,2.2
2014,1.0,20dB_nominal_difference,real,vanilla_IBS2,REJECTED_PHYSICAL,XY,z,-0.0625,x,-0.6875,y,-0.5625,0.1,0.10979253745924163,0.009792537459241621,0.1,2.2
2014,1.0,20dB_nominal_difference,real,vanilla_IBS2,REJECTED_PHYSICAL,XY,z,-0.0625,x,-0.5625,y,-0.5625,0.1,0.11811931756535422,0.018119317565354218,0.1,2.2
2014,1.0,20dB_nominal_difference,real,vanilla_IBS2,REJECTED_PHYSICAL,XY,z,-0.0625,x,-0.4375,y,-0.5625,0.1,0.12682211252629094,0.026822112526290937,0.1,2.2
2014,1.0,20dB_nominal_difference,real,vanilla_IBS2,REJECTED_PHYSICAL,XY,z,-0.0625,x,-0.3125,y,-0.5625,0.1,0.13515618988594222,0.03515618988594221,0.1,2.2
2014,1.0,20dB_nominal_difference,real,vanilla_IBS2,REJECTED_PHYSICAL,XY,z,-0.0625,x,-0.1875,y,-0.5625,0.1,0.14232601402860487,0.042326014028604864,0.1,2.2
2014,1.0,20dB_nominal_difference,real,vanilla_IBS2,REJECTED_PHYSICAL,XY,z,-0.0625,x,-0.0625,y,-0.5625,0.1,0.14726229005898767,0.04726229005898766,0.1,2.2
2014,1.0,20dB_nominal_difference,real,vanilla_IBS2,REJECTED_PHYSICAL,XY,z,-0.0625,x,0.0625,y,-0.5625,0.1,0.1488069434306646,0.04880694343066461,0.1,2.2
2014,1.0,20dB_nominal_difference,real,vanilla_IBS2,REJECTED_PHYSICAL,XY,z,-0.0625,x,0.1875,y,-0.5625,0.1,0.14593468499924728,0.04593468499924727,0.1,2.2
2014,1.0,20dB_nominal_difference,real,vanilla_IBS2,REJECTED_PHYSICAL,XY,z,-0.0625,x,0.3125,y,-0.5625,0.1,0.13795982916419194,0.03795982916419194,0.1,2.2
2014,1.0,20dB_nominal_difference,real,vanilla_IBS2,REJECTED_PHYSICAL,XY,z,-0.0625,x,0.4375,y,-0.5625,0.1,0.12468702731366836,0.024687027313668355,0.1,2.2
2014,1.0,20dB_nominal_difference,real,vanilla_IBS2,REJECTED_PHYSICAL,XY,z,-0.0625,x,0.5625,y,-0.5625,0.1,0.10652646113524812,0.0065264611352481156,0.1,2.2
2014,1.0,20dB_nominal_difference,real,vanilla_IBS2,REJECTED_PHYSICAL,XY,z,-0.0625,x,0.6875,y,-0.5625,0.1,0.0851433257045883,-0.01485667429541171,0.1,2.2
2014,1.0,20dB_nominal_difference,real,vanilla_IBS2,REJECTED_PHYSICAL,XY,z,-0.0625,x,-0.6875,y,-0.4375,0.1,0.11776436767876347,0.017764367678763465,0.1,2.2
2014,1.0,20dB_nominal_difference,real,vanilla_IBS2,REJECTED_PHYSICAL,XY,z,-0.0625,x,-0.5625,y,-0.4375,0.1,0.13002143384056056,0.030021433840560552,0.1,2.2
2014,1.0,20dB_nominal_difference,real,vanilla_IBS2,REJECTED_PHYSICAL,XY,z,-0.0625,x,-0.4375,y,-0.4375,0.1,0.14270704703254644,0.042707047032546436,0.1,2.2
2014,1.0,20dB_nominal_difference,real,vanilla_IBS2,REJECTED_PHYSICAL,XY,z,-0.0625,x,-0.3125,y,-0.4375,0.1,0.15468137343974409,0.05468137343974408,0.1,2.2
2014,1.0,20dB_nominal_difference,real,vanilla_IBS2,REJECTED_PHYSICAL,XY,z,-0.0625,x,-0.1875,y,-0.4375,0.1,0.1648312995741492,0.06483129957414918,0.1,2.2
2014,1.0,20dB_nominal_difference,real,vanilla_IBS2,REJECTED_PHYSICAL,XY,z,-0.0625,x,-0.0625,y,-0.4375,0.1,0.17183262822982892,0.07183262822982892,0.1,2.2
2014,1.0,20dB_nominal_difference,real,vanilla_IBS2,REJECTED_PHYSICAL,XY,z,-0.0625,x,0.0625,y,-0.4375,0.1,0.17433790667409055,0.07433790667409054,0.1,2.2
2014,1.0,20dB_nominal_difference,real,vanilla_IBS2,REJECTED_PHYSICAL,XY,z,-0.0625,x,0.1875,y,-0.4375,0.1,0.17123116073805333,0.07123116073805333,0.1,2.2
2014,1.0,20dB_nominal_difference,real,vanilla_IBS2,REJECTED_PHYSICAL,XY,z,-0.0625,x,0.3125,y,-0.4375,0.1,0.16189435286011522,0.061894352860115215,0.1,2.2
2014,1.0,20dB_nominal_difference,real,vanilla_IBS2,REJECTED_PHYSICAL,XY,z,-0.0625,x,0.4375,y,-0.4375,0.1,0.1464659086591057,0.04646590865910569,0.1,2.2
2014,1.0,20dB_nominal_difference,real,vanilla_IBS2,REJECTED_PHYSICAL,XY,z,-0.0625,x,0.5625,y,-0.4375,0.1,0.126149393993267,0.02614939399326699,0.1,2.2
2014,1.0,20dB_nominal_difference,real,vanilla_IBS2,REJECTED_PHYSICAL,XY,z,-0.0625,x,0.6875,y,-0.4375,0.1,0.1038410637956206,0.003841063795620589,0.1,2.2
2014,1.0,20dB_nominal_difference,real,vanilla_IBS2,REJECTED_PHYSICAL,XY,z,-0.0625,x,-0.6875,y,-0.3125,0.1,0.12259108398376904,0.022591083983769036,0.1,2.2
2014,1.0,20dB_nominal_difference,real,vanilla_IBS2,REJECTED_PHYSICAL,XY,z,-0.0625,x,-0.5625,y,-0.3125,0.1,0.13797756134131803,0.03797756134131802,0.1,2.2
2014,1.0,20dB_nominal_difference,real,vanilla_IBS2,REJECTED_PHYSICAL,XY,z,-0.0625,x,-0.4375,y,-0.3125,0.1,0.1537878999063616,0.0537878999063616,0.1,2.2
2014,1.0,20dB_nominal_difference,real,vanilla_IBS2,REJECTED_PHYSICAL,XY,z,-0.0625,x,-0.3125,y,-0.3125,0.1,0.1687248804202091,0.0687248804202091,0.1,2.2
2014,1.0,20dB_nominal_difference,real,vanilla_IBS2,REJECTED_PHYSICAL,XY,z,-0.0625,x,-0.1875,y,-0.3125,0.1,0.1814940802032198,0.0814940802032198,0.1,2.2
2014,1.0,20dB_nominal_difference,real,vanilla_IBS2,REJECTED_PHYSICAL,XY,z,-0.0625,x,-0.0625,y,-0.3125,0.1,0.1905667892422757,0.09056678924227571,0.1,2.2
2014,1.0,20dB_nominal_difference,real,vanilla_IBS2,REJECTED_PHYSICAL,XY,z,-0.0625,x,0.0625,y,-0.3125,2.2,0.19442009019873407,-2.0055799098012663,0.1,2.2
2014,1.0,20dB_nominal_difference,real,vanilla_IBS2,REJECTED_PHYSICAL,XY,z,-0.0625,x,0.1875,y,-0.3125,0.1,0.19183349418087406,0.09183349418087405,0.1,2.2
2014,1.0,20dB_nominal_difference,real,vanilla_IBS2,REJECTED_PHYSICAL,XY,z,-0.0625,x,0.3125,y,-0.3125,0.1,0.18219809611085008,0.08219809611085008,0.1,2.2
2014,1.0,20dB_nominal_difference,real,vanilla_IBS2,REJECTED_PHYSICAL,XY,z,-0.0625,x,0.4375,y,-0.3125,0.1,0.16580728833912356,0.06580728833912355,0.1,2.2
2014,1.0,20dB_nominal_difference,real,vanilla_IBS2,REJECTED_PHYSICAL,XY,z,-0.0625,x,0.5625,y,-0.3125,0.1,0.14411491255787234,0.04411491255787234,0.1,2.2
2014,1.0,20dB_nominal_difference,real,vanilla_IBS2,REJECTED_PHYSICAL,XY,z,-0.0625,x,0.6875,y,-0.3125,0.1,0.12031607111205067,0.020316071112050665,0.1,2.2
2014,1.0,20dB_nominal_difference,real,vanilla_IBS2,REJECTED_PHYSICAL,XY,z,-0.0625,x,-0.6875,y,-0.1875,0.1,0.12381492390395976,0.023814923903959756,0.1,2.2
2014,1.0,20dB_nominal_difference,real,vanilla_IBS2,REJECTED_PHYSICAL,XY,z,-0.0625,x,-0.5625,y,-0.1875,0.1,0.14112281857514428,0.04112281857514427,0.1,2.2
2014,1.0,20dB_nominal_difference,real,vanilla_IBS2,REJECTED_PHYSICAL,XY,z,-0.0625,x,-0.4375,y,-0.1875,0.1,0.1590166831821304,0.05901668318213041,0.1,2.2
2014,1.0,20dB_nominal_difference,real,vanilla_IBS2,REJECTED_PHYSICAL,XY,z,-0.0625,x,-0.3125,y,-0.1875,0.9,0.1761202369454246,-0.7238797630545755,0.1,2.2
2014,1.0,20dB_nominal_difference,real,vanilla_IBS2,REJECTED_PHYSICAL,XY,z,-0.0625,x,-0.1875,y,-0.1875,0.9,0.19104728691772296,-0.708952713082277,0.1,2.2
2014,1.0,20dB_nominal_difference,real,vanilla_IBS2,REJECTED_PHYSICAL,XY,z,-0.0625,x,-0.0625,y,-0.1875,0.1,0.20212958106827628,0.10212958106827627,0.1,2.2
2014,1.0,20dB_nominal_difference,real,vanilla_IBS2,REJECTED_PHYSICAL,XY,z,-0.0625,x,0.0625,y,-0.1875,0.1,0.2076955242128236,0.1076955242128236,0.1,2.2
2014,1.0,20dB_nominal_difference,real,vanilla_IBS2,REJECTED_PHYSICAL,XY,z,-0.0625,x,0.1875,y,-0.1875,0.1,0.2063986761016471,0.1063986761016471,0.1,2.2
2014,1.0,20dB_nominal_difference,real,vanilla_IBS2,REJECTED_PHYSICAL,XY,z,-0.0625,x,0.3125,y,-0.1875,0.1,0.19754611215578682,0.09754611215578682,0.1,2.2
2014,1.0,20dB_nominal_difference,real,vanilla_IBS2,REJECTED_PHYSICAL,XY,z,-0.0625,x,0.4375,y,-0.1875,0.1,0.18138102571630954,0.08138102571630954,0.1,2.2
2014,1.0,20dB_nominal_difference,real,vanilla_IBS2,REJECTED_PHYSICAL,XY,z,-0.0625,x,0.5625,y,-0.1875,0.1,0.1592793284406924,0.05927932844069239,0.1,2.2
2014,1.0,20dB_nominal_difference,real,vanilla_IBS2,REJECTED_PHYSICAL,XY,z,-0.0625,x,0.6875,y,-0.1875,0.1,0.1345140648917264,0.0345140648917264,0.1,2.2
2014,1.0,20dB_nominal_difference,real,vanilla_IBS2,REJECTED_PHYSICAL,XY,z,-0.0625,x,-0.6875,y,-0.0625,0.1,0.12148573940019074,0.02148573940019073,0.1,2.2
2014,1.0,20dB_nominal_difference,real,vanilla_IBS2,REJECTED_PHYSICAL,XY,z,-0.0625,x,-0.5625,y,-0.0625,0.1,0.13937208469366946,0.03937208469366946,0.1,2.2
2014,1.0,20dB_nominal_difference,real,vanilla_IBS2,REJECTED_PHYSICAL,XY,z,-0.0625,x,-0.4375,y,-0.0625,0.1,0.15817618663577895,0.05817618663577895,0.1,2.2
2014,1.0,20dB_nominal_difference,real,vanilla_IBS2,REJECTED_PHYSICAL,XY,z,-0.0625,x,-0.3125,y,-0.0625,0.9,0.17651683371458687,-0.7234831662854131,0.1,2.2
2014,1.0,20dB_nominal_difference,real,vanilla_IBS2,REJECTED_PHYSICAL,XY,z,-0.0625,x,-0.1875,y,-0.0625,0.9,0.19297980218971428,-0.7070201978102857,0.1,2.2
2014,1.0,20dB_nominal_difference,real,vanilla_IBS2,REJECTED_PHYSICAL,XY,z,-0.0625,x,-0.0625,y,-0.0625,0.1,0.20582181725232165,0.10582181725232165,0.1,2.2
2014,1.0,20dB_nominal_difference,real,vanilla_IBS2,REJECTED_PHYSICAL,XY,z,-0.0625,x,0.0625,y,-0.0625,0.1,0.2132650633541562,0.1132650633541562,0.1,2.2
2014,1.0,20dB_nominal_difference,real,vanilla_IBS2,REJECTED_PHYSICAL,XY,z,-0.0625,x,0.1875,y,-0.0625,0.1,0.21383760992580647,0.11383760992580647,0.1,2.2
2014,1.0,20dB_nominal_difference,real,vanilla_IBS2,REJECTED_PHYSICAL,XY,z,-0.0625,x,0.3125,y,-0.0625,0.1,0.20670213013004962,0.10670213013004962,0.1,2.2
2014,1.0,20dB_nominal_difference,real,vanilla_IBS2,REJECTED_PHYSICAL,XY,z,-0.0625,x,0.4375,y,-0.0625,0.1,0.19192196257062608,0.09192196257062607,0.1,2.2
2014,1.0,20dB_nominal_difference,real,vanilla_IBS2,REJECTED_PHYSICAL,XY,z,-0.0625,x,0.5625,y,-0.0625,0.1,0.17062744580146533,0.07062744580146532,0.1,2.2
2014,1.0,20dB_nominal_difference,real,vanilla_IBS2,REJECTED_PHYSICAL,XY,z,-0.0625,x,0.6875,y,-0.0625,0.1,0.14600907184603254,0.046009071846032534,0.1,2.2
2014,1.0,20dB_nominal_difference,real,vanilla_IBS2,REJECTED_PHYSICAL,XY,z,-0.0625,x,-0.6875,y,0.0625,0.1,0.11603354991711948,0.016033549917119472,0.1,2.2
2014,1.0,20dB_nominal_difference,real,vanilla_IBS2,REJECTED_PHYSICAL,XY,z,-0.0625,x,-0.5625,y,0.0625,0.1,0.13323012767431977,0.033230127674319765,0.1,2.2
2014,1.0,20dB_nominal_difference,real,vanilla_IBS2,REJECTED_PHYSICAL,XY,z,-0.0625,x,-0.4375,y,0.0625,0.1,0.15176117656639623,0.05176117656639623,0.1,2.2
2014,1.0,20dB_nominal_difference,real,vanilla_IBS2,REJECTED_PHYSICAL,XY,z,-0.0625,x,-0.3125,y,0.0625,0.1,0.1703128960808633,0.0703128960808633,0.1,2.2
2014,1.0,20dB_nominal_difference,real,vanilla_IBS2,REJECTED_PHYSICAL,XY,z,-0.0625,x,-0.1875,y,0.0625,0.1,0.18749958304821607,0.08749958304821606,0.1,2.2
2014,1.0,20dB_nominal_difference,real,vanilla_IBS2,REJECTED_PHYSICAL,XY,z,-0.0625,x,-0.0625,y,0.0625,0.1,0.20157398723816705,0.10157398723816705,0.1,2.2
2014,1.0,20dB_nominal_difference,real,vanilla_IBS2,REJECTED_PHYSICAL,XY,z,-0.0625,x,0.0625,y,0.0625,0.1,0.2107203404704982,0.1107203404704982,0.1,2.2
2014,1.0,20dB_nominal_difference,real,vanilla_IBS2,REJECTED_PHYSICAL,XY,z,-0.0625,x,0.1875,y,0.0625,0.1,0.21338540432119601,0.11338540432119601,0.1,2.2
2014,1.0,20dB_nominal_difference,real,vanilla_IBS2,REJECTED_PHYSICAL,XY,z,-0.0625,x,0.3125,y,0.0625,1.5500000000000003,0.20859086314870456,-1.3414091368512957,0.1,2.2
2014,1.0,20dB_nominal_difference,real,vanilla_IBS2,REJECTED_PHYSICAL,XY,z,-0.0625,x,0.4375,y,0.0625,0.1,0.1961794141644838,0.0961794141644838,0.1,2.2
2014,1.0,20dB_nominal_difference,real,vanilla_IBS2,REJECTED_PHYSICAL,XY,z,-0.0625,x,0.5625,y,0.0625,0.1,0.17696572874930375,0.07696572874930374,0.1,2.2
2014,1.0,20dB_nominal_difference,real,vanilla_IBS2,REJECTED_PHYSICAL,XY,z,-0.0625,x,0.6875,y,0.0625,0.1,0.15388817332422133,0.05388817332422133,0.1,2.2
2014,1.0,20dB_nominal_difference,real,vanilla_IBS2,REJECTED_PHYSICAL,XY,z,-0.0625,x,-0.6875,y,0.1875,0.1,0.10814767908275015,0.008147679082750145,0.1,2.2
2014,1.0,20dB_nominal_difference,real,vanilla_IBS2,REJECTED_PHYSICAL,XY,z,-0.0625,x,-0.5625,y,0.1875,0.1,0.12361952344929311,0.023619523449293106,0.1,2.2
2014,1.0,20dB_nominal_difference,real,vanilla_IBS2,REJECTED_PHYSICAL,XY,z,-0.0625,x,-0.4375,y,0.1875,0.1,0.14080895596031726,0.04080895596031725,0.1,2.2
2014,1.0,20dB_nominal_difference,real,vanilla_IBS2,REJECTED_PHYSICAL,XY,z,-0.0625,x,-0.3125,y,0.1875,0.1,0.15851821097091875,0.05851821097091875,0.1,2.2
2014,1.0,20dB_nominal_difference,real,vanilla_IBS2,REJECTED_PHYSICAL,XY,z,-0.0625,x,-0.1875,y,0.1875,0.1,0.17543938665033215,0.07543938665033215,0.1,2.2
2014,1.0,20dB_nominal_difference,real,vanilla_IBS2,REJECTED_PHYSICAL,XY,z,-0.0625,x,-0.0625,y,0.1875,0.1,0.18990415439829966,0.08990415439829966,0.1,2.2
2014,1.0,20dB_nominal_difference,real,vanilla_IBS2,REJECTED_PHYSICAL,XY,z,-0.0625,x,0.0625,y,0.1875,0.1,0.200160038218274,0.10016003821827399,0.1,2.2
2014,1.0,20dB_nominal_difference,real,vanilla_IBS2,REJECTED_PHYSICAL,XY,z,-0.0625,x,0.1875,y,0.1875,1.5500000000000003,0.2046688553929421,-1.3453311446070582,0.1,2.2
2014,1.0,20dB_nominal_difference,real,vanilla_IBS2,REJECTED_PHYSICAL,XY,z,-0.0625,x,0.3125,y,0.1875,1.5500000000000003,0.2023837925952061,-1.3476162074047942,0.1,2.2
2014,1.0,20dB_nominal_difference,real,vanilla_IBS2,REJECTED_PHYSICAL,XY,z,-0.0625,x,0.4375,y,0.1875,1.5500000000000003,0.1929674756644488,-1.3570325243355514,0.1,2.2
2014,1.0,20dB_nominal_difference,real,vanilla_IBS2,REJECTED_PHYSICAL,XY,z,-0.0625,x,0.5625,y,0.1875,0.1,0.17692876361955195,0.07692876361955195,0.1,2.2
2014,1.0,20dB_nominal_difference,real,vanilla_IBS2,REJECTED_PHYSICAL,XY,z,-0.0625,x,0.6875,y,0.1875,0.1,0.1568114487490869,0.05681144874908689,0.1,2.2
2014,1.0,20dB_nominal_difference,real,vanilla_IBS2,REJECTED_PHYSICAL,XY,z,-0.0625,x,-0.6875,y,0.3125,0.1,0.09866673363961843,-0.0013332663603815714,0.1,2.2
2014,1.0,20dB_nominal_difference,real,vanilla_IBS2,REJECTED_PHYSICAL,XY,z,-0.0625,x,-0.5625,y,0.3125,0.1,0.11171412798404183,0.011714127984041825,0.1,2.2
2014,1.0,20dB_nominal_difference,real,vanilla_IBS2,REJECTED_PHYSICAL,XY,z,-0.0625,x,-0.4375,y,0.3125,0.1,0.1267110566844888,0.026711056684488782,0.1,2.2
2014,1.0,20dB_nominal_difference,real,vanilla_IBS2,REJECTED_PHYSICAL,XY,z,-0.0625,x,-0.3125,y,0.3125,0.1,0.1425764635903179,0.04257646359031789,0.1,2.2
2014,1.0,20dB_nominal_difference,real,vanilla_IBS2,REJECTED_PHYSICAL,XY,z,-0.0625,x,-0.1875,y,0.3125,0.1,0.15811563840036838,0.058115638400368375,0.1,2.2
2014,1.0,20dB_nominal_difference,real,vanilla_IBS2,REJECTED_PHYSICAL,XY,z,-0.0625,x,-0.0625,y,0.3125,0.1,0.17183499936054042,0.07183499936054041,0.1,2.2
2014,1.0,20dB_nominal_difference,real,vanilla_IBS2,REJECTED_PHYSICAL,XY,z,-0.0625,x,0.0625,y,0.3125,0.1,0.1821797084089722,0.08217970840897221,0.1,2.2
2014,1.0,20dB_nominal_difference,real,vanilla_IBS2,REJECTED_PHYSICAL,XY,z,-0.0625,x,0.1875,y,0.3125,0.1,0.18777154816404534,0.08777154816404534,0.1,2.2
2014,1.0,20dB_nominal_difference,real,vanilla_IBS2,REJECTED_PHYSICAL,XY,z,-0.0625,x,0.3125,y,0.3125,1.5500000000000003,0.18762685279174746,-1.3623731472082528,0.1,2.2
2014,1.0,20dB_nominal_difference,real,vanilla_IBS2,REJECTED_PHYSICAL,XY,z,-0.0625,x,0.4375,y,0.3125,0.1,0.18133190788939257,0.08133190788939257,0.1,2.2
2014,1.0,20dB_nominal_difference,real,vanilla_IBS2,REJECTED_PHYSICAL,XY,z,-0.0625,x,0.5625,y,0.3125,0.1,0.16916431505401142,0.06916431505401141,0.1,2.2
2014,1.0,20dB_nominal_difference,real,vanilla_IBS2,REJECTED_PHYSICAL,XY,z,-0.0625,x,0.6875,y,0.3125,0.1,0.1531984675908715,0.05319846759087149,0.1,2.2
2014,1.0,20dB_nominal_difference,real,vanilla_IBS2,REJECTED_PHYSICAL,XY,z,-0.0625,x,-0.6875,y,0.4375,0.1,0.08850058328689334,-0.01149941671310667,0.1,2.2
2014,1.0,20dB_nominal_difference,real,vanilla_IBS2,REJECTED_PHYSICAL,XY,z,-0.0625,x,-0.5625,y,0.4375,0.1,0.09879133816331533,-0.0012086618366846796,0.1,2.2
2014,1.0,20dB_nominal_difference,real,vanilla_IBS2,REJECTED_PHYSICAL,XY,z,-0.0625,x,-0.4375,y,0.4375,0.1,0.1110296234854244,0.011029623485424397,0.1,2.2
2014,1.0,20dB_nominal_difference,real,vanilla_IBS2,REJECTED_PHYSICAL,XY,z,-0.0625,x,-0.3125,y,0.4375,0.1,0.12417405603912403,0.024174056039124023,0.1,2.2
2014,1.0,20dB_nominal_difference,real,vanilla_IBS2,REJECTED_PHYSICAL,XY,z,-0.0625,x,-0.1875,y,0.4375,0.1,0.13716265868720545,0.037162658687205447,0.1,2.2
2014,1.0,20dB_nominal_difference,real,vanilla_IBS2,REJECTED_PHYSICAL,XY,z,-0.0625,x,-0.0625,y,0.4375,0.1,0.14878469598663452,0.04878469598663451,0.1,2.2
2014,1.0,20dB_nominal_difference,real,vanilla_IBS2,REJECTED_PHYSICAL,XY,z,-0.0625,x,0.0625,y,0.4375,0.1,0.15784256538094785,0.05784256538094784,0.1,2.2
2014,1.0,20dB_nominal_difference,real,vanilla_IBS2,REJECTED_PHYSICAL,XY,z,-0.0625,x,0.1875,y,0.4375,0.1,0.1632990896235066,0.06329908962350658,0.1,2.2
2014,1.0,20dB_nominal_difference,real,vanilla_IBS2,REJECTED_PHYSICAL,XY,z,-0.0625,x,0.3125,y,0.4375,0.1,0.16440798979157367,0.06440798979157367,0.1,2.2
2014,1.0,20dB_nominal_difference,real,vanilla_IBS2,REJECTED_PHYSICAL,XY,z,-0.0625,x,0.4375,y,0.4375,0.1,0.160818268993255,0.06081826899325499,0.1,2.2
2014,1.0,20dB_nominal_difference,real,vanilla_IBS2,REJECTED_PHYSICAL,XY,z,-0.0625,x,0.5625,y,0.4375,0.1,0.152666225949021,0.052666225949020984,0.1,2.2
2014,1.0,20dB_nominal_difference,real,vanilla_IBS2,REJECTED_PHYSICAL,XY,z,-0.0625,x,0.6875,y,0.4375,0.1,0.1415366565124881,0.041536656512488085,0.1,2.2
2014,1.0,20dB_nominal_difference,real,vanilla_IBS2,REJECTED_PHYSICAL,XY,z,-0.0625,x,-0.6875,y,0.5625,0.1,0.07859914144463469,-0.021400858555365318,0.1,2.2
2014,1.0,20dB_nominal_difference,real,vanilla_IBS2,REJECTED_PHYSICAL,XY,z,-0.0625,x,-0.5625,y,0.5625,0.1,0.08611345387877736,-0.013886546121222643,0.1,2.2
2014,1.0,20dB_nominal_difference,real,vanilla_IBS2,REJECTED_PHYSICAL,XY,z,-0.0625,x,-0.4375,y,0.5625,0.1,0.09533226524148566,-0.004667734758514341,0.1,2.2
2014,1.0,20dB_nominal_difference,real,vanilla_IBS2,REJECTED_PHYSICAL,XY,z,-0.0625,x,-0.3125,y,0.5625,0.1,0.1050555071292474,0.005055507129247391,0.1,2.2
2014,1.0,20dB_nominal_difference,real,vanilla_IBS2,REJECTED_PHYSICAL,XY,z,-0.0625,x,-0.1875,y,0.5625,0.1,0.11436933897482975,0.01436933897482974,0.1,2.2
2014,1.0,20dB_nominal_difference,real,vanilla_IBS2,REJECTED_PHYSICAL,XY,z,-0.0625,x,-0.0625,y,0.5625,0.1,0.12245818188380568,0.022458181883805675,0.1,2.2
2014,1.0,20dB_nominal_difference,real,vanilla_IBS2,REJECTED_PHYSICAL,XY,z,-0.0625,x,0.0625,y,0.5625,0.1,0.12864764247913252,0.028647642479132512,0.1,2.2
2014,1.0,20dB_nominal_difference,real,vanilla_IBS2,REJECTED_PHYSICAL,XY,z,-0.0625,x,0.1875,y,0.5625,0.1,0.1324404495486125,0.0324404495486125,0.1,2.2
2014,1.0,20dB_nominal_difference,real,vanilla_IBS2,REJECTED_PHYSICAL,XY,z,-0.0625,x,0.3125,y,0.5625,0.1,0.133533928406113,0.033533928406112995,0.1,2.2
2014,1.0,20dB_nominal_difference,real,vanilla_IBS2,REJECTED_PHYSICAL,XY,z,-0.0625,x,0.4375,y,0.5625,0.1,0.13180810468506632,0.03180810468506631,0.1,2.2
2014,1.0,20dB_nominal_difference,real,vanilla_IBS2,REJECTED_PHYSICAL,XY,z,-0.0625,x,0.5625,y,0.5625,0.1,0.1272907184853977,0.027290718485397686,0.1,2.2
2014,1.0,20dB_nominal_difference,real,vanilla_IBS2,REJECTED_PHYSICAL,XY,z,-0.0625,x,0.6875,y,0.5625,0.1,0.12083657635579521,0.02083657635579521,0.1,2.2
2014,1.0,20dB_nominal_difference,real,vanilla_IBS2,REJECTED_PHYSICAL,XY,z,-0.0625,x,-0.6875,y,0.6875,0.1,0.07022465110377014,-0.02977534889622986,0.1,2.2
2014,1.0,20dB_nominal_difference,real,vanilla_IBS2,REJECTED_PHYSICAL,XY,z,-0.0625,x,-0.5625,y,0.6875,0.1,0.075322569660418,-0.024677430339582,0.1,2.2
2014,1.0,20dB_nominal_difference,real,vanilla_IBS2,REJECTED_PHYSICAL,XY,z,-0.0625,x,-0.4375,y,0.6875,0.1,0.0818351587303976,-0.01816484126960241,0.1,2.2
2014,1.0,20dB_nominal_difference,real,vanilla_IBS2,REJECTED_PHYSICAL,XY,z,-0.0625,x,-0.3125,y,0.6875,0.1,0.08797625695663557,-0.01202374304336444,0.1,2.2
2014,1.0,20dB_nominal_difference,real,vanilla_IBS2,REJECTED_PHYSICAL,XY,z,-0.0625,x,-0.1875,y,0.6875,0.1,0.09296439836358628,-0.00703560163641373,0.1,2.2
2014,1.0,20dB_nominal_difference,real,vanilla_IBS2,REJECTED_PHYSICAL,XY,z,-0.0625,x,-0.0625,y,0.6875,0.1,0.09643812732616625,-0.0035618726738337603,0.1,2.2
2014,1.0,20dB_nominal_difference,real,vanilla_IBS2,REJECTED_PHYSICAL,XY,z,-0.0625,x,0.0625,y,0.6875,0.1,0.0983645460347421,-0.0016354539652579103,0.1,2.2
2014,1.0,20dB_nominal_difference,real,vanilla_IBS2,REJECTED_PHYSICAL,XY,z,-0.0625,x,0.1875,y,0.6875,0.1,0.09896098875705801,-0.0010390112429419923,0.1,2.2
2014,1.0,20dB_nominal_difference,real,vanilla_IBS2,REJECTED_PHYSICAL,XY,z,-0.0625,x,0.3125,y,0.6875,0.1,0.09859321697273105,-0.0014067830272689597,0.1,2.2
2014,1.0,20dB_nominal_difference,real,vanilla_IBS2,REJECTED_PHYSICAL,XY,z,-0.0625,x,0.4375,y,0.6875,0.1,0.09763728909553104,-0.002362710904468962,0.1,2.2
2014,1.0,20dB_nominal_difference,real,vanilla_IBS2,REJECTED_PHYSICAL,XY,z,-0.0625,x,0.5625,y,0.6875,0.1,0.09623705089021989,-0.003762949109780117,0.1,2.2
2014,1.0,20dB_nominal_difference,real,vanilla_IBS2,REJECTED_PHYSICAL,XY,z,-0.0625,x,0.6875,y,0.6875,0.1,0.09339313658256689,-0.00660686341743312,0.1,2.2
2014,1.0,20dB_nominal_difference,real,vanilla_IBS2,REJECTED_PHYSICAL,XZ,y,-0.0625,x,-0.6875,z,-0.6875,0.1,0.05672741353049323,-0.043272586469506776,0.1,2.2
2014,1.0,20dB_nominal_difference,real,vanilla_IBS2,REJECTED_PHYSICAL,XZ,y,-0.0625,x,-0.5625,z,-0.6875,0.1,0.061556328854583744,-0.03844367114541626,0.1,2.2
2014,1.0,20dB_nominal_difference,real,vanilla_IBS2,REJECTED_PHYSICAL,XZ,y,-0.0625,x,-0.4375,z,-0.6875,0.1,0.07151637410427839,-0.02848362589572162,0.1,2.2
2014,1.0,20dB_nominal_difference,real,vanilla_IBS2,REJECTED_PHYSICAL,XZ,y,-0.0625,x,-0.3125,z,-0.6875,0.1,0.08330141792741547,-0.01669858207258454,0.1,2.2
2014,1.0,20dB_nominal_difference,real,vanilla_IBS2,REJECTED_PHYSICAL,XZ,y,-0.0625,x,-0.1875,z,-0.6875,0.1,0.09480224923166727,-0.005197750768332732,0.1,2.2
2014,1.0,20dB_nominal_difference,real,vanilla_IBS2,REJECTED_PHYSICAL,XZ,y,-0.0625,x,-0.0625,z,-0.6875,0.1,0.10414556724531507,0.004145567245315063,0.1,2.2
2014,1.0,20dB_nominal_difference,real,vanilla_IBS2,REJECTED_PHYSICAL,XZ,y,-0.0625,x,0.0625,z,-0.6875,0.1,0.10989583946979048,0.009895839469790474,0.1,2.2
2014,1.0,20dB_nominal_difference,real,vanilla_IBS2,REJECTED_PHYSICAL,XZ,y,-0.0625,x,0.1875,z,-0.6875,0.1,0.11133681686232208,0.011336816862322074,0.1,2.2
2014,1.0,20dB_nominal_difference,real,vanilla_IBS2,REJECTED_PHYSICAL,XZ,y,-0.0625,x,0.3125,z,-0.6875,0.1,0.10871335526867136,0.008713355268671355,0.1,2.2
2014,1.0,20dB_nominal_difference,real,vanilla_IBS2,REJECTED_PHYSICAL,XZ,y,-0.0625,x,0.4375,z,-0.6875,0.1,0.1034442478376753,0.0034442478376752877,0.1,2.2
2014,1.0,20dB_nominal_difference,real,vanilla_IBS2,REJECTED_PHYSICAL,XZ,y,-0.0625,x,0.5625,z,-0.6875,0.1,0.0985921243308501,-0.001407875669149905,0.1,2.2
2014,1.0,20dB_nominal_difference,real,vanilla_IBS2,REJECTED_PHYSICAL,XZ,y,-0.0625,x,0.6875,z,-0.6875,0.1,0.10242867367783276,0.0024286736778327545,0.1,2.2
2014,1.0,20dB_nominal_difference,real,vanilla_IBS2,REJECTED_PHYSICAL,XZ,y,-0.0625,x,-0.6875,z,-0.5625,0.1,0.0769292340926697,-0.0230707659073303,0.1,2.2
2014,1.0,20dB_nominal_difference,real,vanilla_IBS2,REJECTED_PHYSICAL,XZ,y,-0.0625,x,-0.5625,z,-0.5625,0.1,0.08613639229664088,-0.013863607703359121,0.1,2.2
2014,1.0,20dB_nominal_difference,real,vanilla_IBS2,REJECTED_PHYSICAL,XZ,y,-0.0625,x,-0.4375,z,-0.5625,0.1,0.09908398869979335,-0.0009160113002066594,0.1,2.2
2014,1.0,20dB_nominal_difference,real,vanilla_IBS2,REJECTED_PHYSICAL,XZ,y,-0.0625,x,-0.3125,z,-0.5625,0.1,0.11374940195507705,0.01374940195507704,0.1,2.2
2014,1.0,20dB_nominal_difference,real,vanilla_IBS2,REJECTED_PHYSICAL,XZ,y,-0.0625,x,-0.1875,z,-0.5625,0.1,0.1279599687094165,0.0279599687094165,0.1,2.2
2014,1.0,20dB_nominal_difference,real,vanilla_IBS2,REJECTED_PHYSICAL,XZ,y,-0.0625,x,-0.0625,z,-0.5625,0.1,0.13961536612742104,0.03961536612742103,0.1,2.2
2014,1.0,20dB_nominal_difference,real,vanilla_IBS2,REJECTED_PHYSICAL,XZ,y,-0.0625,x,0.0625,z,-0.5625,0.1,0.1470040083809479,0.0470040083809479,0.1,2.2
2014,1.0,20dB_nominal_difference,real,vanilla_IBS2,REJECTED_PHYSICAL,XZ,y,-0.0625,x,0.1875,z,-0.5625,0.1,0.1491330634093016,0.0491330634093016,0.1,2.2
2014,1.0,20dB_nominal_difference,real,vanilla_IBS2,REJECTED_PHYSICAL,XZ,y,-0.0625,x,0.3125,z,-0.5625,0.1,0.14601793032406693,0.046017930324066925,0.1,2.2
2014,1.0,20dB_nominal_difference,real,vanilla_IBS2,REJECTED_PHYSICAL,XZ,y,-0.0625,x,0.4375,z,-0.5625,0.1,0.13889348005842606,0.03889348005842605,0.1,2.2
2014,1.0,20dB_nominal_difference,real,vanilla_IBS2,REJECTED_PHYSICAL,XZ,y,-0.0625,x,0.5625,z,-0.5625,0.1,0.13028079727708586,0.030280797277085852,0.1,2.2
2014,1.0,20dB_nominal_difference,real,vanilla_IBS2,REJECTED_PHYSICAL,XZ,y,-0.0625,x,0.6875,z,-0.5625,0.1,0.1235460374509663,0.023546037450966298,0.1,2.2
2014,1.0,20dB_nominal_difference,real,vanilla_IBS2,REJECTED_PHYSICAL,XZ,y,-0.0625,x,-0.6875,z,-0.4375,0.1,0.09295004434594288,-0.0070499556540571245,0.1,2.2
2014,1.0,20dB_nominal_difference,real,vanilla_IBS2,REJECTED_PHYSICAL,XZ,y,-0.0625,x,-0.5625,z,-0.4375,0.1,0.10605302907378866,0.006053029073788657,0.1,2.2
2014,1.0,20dB_nominal_difference,real,vanilla_IBS2,REJECTED_PHYSICAL,XZ,y,-0.0625,x,-0.4375,z,-0.4375,0.1,0.12182250179323183,0.02182250179323182,0.1,2.2
2014,1.0,20dB_nominal_difference,real,vanilla_IBS2,REJECTED_PHYSICAL,XZ,y,-0.0625,x,-0.3125,z,-0.4375,0.1,0.13871959610416695,0.03871959610416695,0.1,2.2
2014,1.0,20dB_nominal_difference,real,vanilla_IBS2,REJECTED_PHYSICAL,XZ,y,-0.0625,x,-0.1875,z,-0.4375,0.1,0.15478435160385295,0.05478435160385295,0.1,2.2
2014,1.0,20dB_nominal_difference,real,vanilla_IBS2,REJECTED_PHYSICAL,XZ,y,-0.0625,x,-0.0625,z,-0.4375,0.1,0.1679028648487677,0.0679028648487677,0.1,2.2
2014,1.0,20dB_nominal_difference,real,vanilla_IBS2,REJECTED_PHYSICAL,XZ,y,-0.0625,x,0.0625,z,-0.4375,0.1,0.17622158387355139,0.07622158387355138,0.1,2.2
2014,1.0,20dB_nominal_difference,real,vanilla_IBS2,REJECTED_PHYSICAL,XZ,y,-0.0625,x,0.1875,z,-0.4375,0.1,0.1785188784316088,0.07851887843160879,0.1,2.2
2014,1.0,20dB_nominal_difference,real,vanilla_IBS2,REJECTED_PHYSICAL,XZ,y,-0.0625,x,0.3125,z,-0.4375,0.1,0.17450459612159624,0.07450459612159624,0.1,2.2
2014,1.0,20dB_nominal_difference,real,vanilla_IBS2,REJECTED_PHYSICAL,XZ,y,-0.0625,x,0.4375,z,-0.4375,0.1,0.16497336357756917,0.06497336357756917,0.1,2.2
2014,1.0,20dB_nominal_difference,real,vanilla_IBS2,REJECTED_PHYSICAL,XZ,y,-0.0625,x,0.5625,z,-0.4375,0.1,0.15166010897123725,0.05166010897123724,0.1,2.2
2014,1.0,20dB_nominal_difference,real,vanilla_IBS2,REJECTED_PHYSICAL,XZ,y,-0.0625,x,0.6875,z,-0.4375,0.1,0.13696380768871935,0.03696380768871935,0.1,2.2
2014,1.0,20dB_nominal_difference,real,vanilla_IBS2,REJECTED_PHYSICAL,XZ,y,-0.0625,x,-0.6875,z,-0.3125,0.1,0.10611776509801221,0.006117765098012207,0.1,2.2
2014,1.0,20dB_nominal_difference,real,vanilla_IBS2,REJECTED_PHYSICAL,XZ,y,-0.0625,x,-0.5625,z,-0.3125,0.1,0.12208145363774633,0.02208145363774633,0.1,2.2
2014,1.0,20dB_nominal_difference,real,vanilla_IBS2,REJECTED_PHYSICAL,XZ,y,-0.0625,x,-0.4375,z,-0.3125,0.1,0.140052897163141,0.040052897163141005,0.1,2.2
2014,1.0,20dB_nominal_difference,real,vanilla_IBS2,REJECTED_PHYSICAL,XZ,y,-0.0625,x,-0.3125,z,-0.3125,0.1,0.15855966414513475,0.05855966414513475,0.1,2.2
2014,1.0,20dB_nominal_difference,real,vanilla_IBS2,REJECTED_PHYSICAL,XZ,y,-0.0625,x,-0.1875,z,-0.3125,0.1,0.17579766740511066,0.07579766740511065,0.1,2.2
2014,1.0,20dB_nominal_difference,real,vanilla_IBS2,REJECTED_PHYSICAL,XZ,y,-0.0625,x,-0.0625,z,-0.3125,0.1,0.18970917536085782,0.08970917536085782,0.1,2.2
2014,1.0,20dB_nominal_difference,real,vanilla_IBS2,REJECTED_PHYSICAL,XZ,y,-0.0625,x,0.0625,z,-0.3125,0.1,0.19837844295947388,0.09837844295947387,0.1,2.2
2014,1.0,20dB_nominal_difference,real,vanilla_IBS2,REJECTED_PHYSICAL,XZ,y,-0.0625,x,0.1875,z,-0.3125,0.1,0.20041147895169253,0.10041147895169253,0.1,2.2
2014,1.0,20dB_nominal_difference,real,vanilla_IBS2,REJECTED_PHYSICAL,XZ,y,-0.0625,x,0.3125,z,-0.3125,0.1,0.19524714582686828,0.09524714582686827,0.1,2.2
2014,1.0,20dB_nominal_difference,real,vanilla_IBS2,REJECTED_PHYSICAL,XZ,y,-0.0625,x,0.4375,z,-0.3125,0.1,0.18333116764509427,0.08333116764509427,0.1,2.2
2014,1.0,20dB_nominal_difference,real,vanilla_IBS2,REJECTED_PHYSICAL,XZ,y,-0.0625,x,0.5625,z,-0.3125,0.1,0.16607936251181388,0.06607936251181387,0.1,2.2
2014,1.0,20dB_nominal_difference,real,vanilla_IBS2,REJECTED_PHYSICAL,XZ,y,-0.0625,x,0.6875,z,-0.3125,0.1,0.14614029907179266,0.04614029907179265,0.1,2.2
2014,1.0,20dB_nominal_difference,real,vanilla_IBS2,REJECTED_PHYSICAL,XZ,y,-0.0625,x,-0.6875,z,-0.1875,0.1,0.11571730354453183,0.015717303544531824,0.1,2.2
2014,1.0,20dB_nominal_difference,real,vanilla_IBS2,REJECTED_PHYSICAL,XZ,y,-0.0625,x,-0.5625,z,-0.1875,0.1,0.13331170367169579,0.03331170367169578,0.1,2.2
2014,1.0,20dB_nominal_difference,real,vanilla_IBS2,REJECTED_PHYSICAL,XZ,y,-0.0625,x,-0.4375,z,-0.1875,0.1,0.1523586331412684,0.0523586331412684,0.1,2.2
2014,1.0,20dB_nominal_difference,real,vanilla_IBS2,REJECTED_PHYSICAL,XZ,y,-0.0625,x,-0.3125,z,-0.1875,0.1,0.17141058548942917,0.07141058548942916,0.1,2.2
2014,1.0,20dB_nominal_difference,real,vanilla_IBS2,REJECTED_PHYSICAL,XZ,y,-0.0625,x,-0.1875,z,-0.1875,0.1,0.18882635679219648,0.08882635679219647,0.1,2.2
2014,1.0,20dB_nominal_difference,real,vanilla_IBS2,REJECTED_PHYSICAL,XZ,y,-0.0625,x,-0.0625,z,-0.1875,0.1,0.2026663256444266,0.1026663256444266,0.1,2.2
2014,1.0,20dB_nominal_difference,real,vanilla_IBS2,REJECTED_PHYSICAL,XZ,y,-0.0625,x,0.0625,z,-0.1875,0.1,0.21103801359314123,0.11103801359314122,0.1,2.2
2014,1.0,20dB_nominal_difference,real,vanilla_IBS2,REJECTED_PHYSICAL,XZ,y,-0.0625,x,0.1875,z,-0.1875,0.1,0.21246181121668956,0.11246181121668955,0.1,2.2
2014,1.0,20dB_nominal_difference,real,vanilla_IBS2,REJECTED_PHYSICAL,XZ,y,-0.0625,x,0.3125,z,-0.1875,0.1,0.20619581711747054,0.10619581711747053,0.1,2.2
2014,1.0,20dB_nominal_difference,real,vanilla_IBS2,REJECTED_PHYSICAL,XZ,y,-0.0625,x,0.4375,z,-0.1875,0.1,0.19246320717225662,0.09246320717225662,0.1,2.2
2014,1.0,20dB_nominal_difference,real,vanilla_IBS2,REJECTED_PHYSICAL,XZ,y,-0.0625,x,0.5625,z,-0.1875,0.1,0.17254244308212482,0.07254244308212482,0.1,2.2
2014,1.0,20dB_nominal_difference,real,vanilla_IBS2,REJECTED_PHYSICAL,XZ,y,-0.0625,x,0.6875,z,-0.1875,0.1,0.1494171242767213,0.04941712427672129,0.1,2.2
2014,1.0,20dB_nominal_difference,real,vanilla_IBS2,REJECTED_PHYSICAL,XZ,y,-0.0625,x,-0.6875,z,-0.0625,0.1,0.12148573940019074,0.02148573940019073,0.1,2.2
2014,1.0,20dB_nominal_difference,real,vanilla_IBS2,REJECTED_PHYSICAL,XZ,y,-0.0625,x,-0.5625,z,-0.0625,0.1,0.13937208469366946,0.03937208469366946,0.1,2.2
2014,1.0,20dB_nominal_difference,real,vanilla_IBS2,REJECTED_PHYSICAL,XZ,y,-0.0625,x,-0.4375,z,-0.0625,0.1,0.15817618663577895,0.05817618663577895,0.1,2.2
2014,1.0,20dB_nominal_difference,real,vanilla_IBS2,REJECTED_PHYSICAL,XZ,y,-0.0625,x,-0.3125,z,-0.0625,0.9,0.17651683371458687,-0.7234831662854131,0.1,2.2
2014,1.0,20dB_nominal_difference,real,vanilla_IBS2,REJECTED_PHYSICAL,XZ,y,-0.0625,x,-0.1875,z,-0.0625,0.9,0.19297980218971428,-0.7070201978102857,0.1,2.2
2014,1.0,20dB_nominal_difference,real,vanilla_IBS2,REJECTED_PHYSICAL,XZ,y,-0.0625,x,-0.0625,z,-0.0625,0.1,0.20582181725232165,0.10582181725232165,0.1,2.2
2014,1.0,20dB_nominal_difference,real,vanilla_IBS2,REJECTED_PHYSICAL,XZ,y,-0.0625,x,0.0625,z,-0.0625,0.1,0.2132650633541562,0.1132650633541562,0.1,2.2
2014,1.0,20dB_nominal_difference,real,vanilla_IBS2,REJECTED_PHYSICAL,XZ,y,-0.0625,x,0.1875,z,-0.0625,0.1,0.21383760992580647,0.11383760992580647,0.1,2.2
2014,1.0,20dB_nominal_difference,real,vanilla_IBS2,REJECTED_PHYSICAL,XZ,y,-0.0625,x,0.3125,z,-0.0625,0.1,0.20670213013004962,0.10670213013004962,0.1,2.2
2014,1.0,20dB_nominal_difference,real,vanilla_IBS2,REJECTED_PHYSICAL,XZ,y,-0.0625,x,0.4375,z,-0.0625,0.1,0.19192196257062608,0.09192196257062607,0.1,2.2
2014,1.0,20dB_nominal_difference,real,vanilla_IBS2,REJECTED_PHYSICAL,XZ,y,-0.0625,x,0.5625,z,-0.0625,0.1,0.17062744580146533,0.07062744580146532,0.1,2.2
2014,1.0,20dB_nominal_difference,real,vanilla_IBS2,REJECTED_PHYSICAL,XZ,y,-0.0625,x,0.6875,z,-0.0625,0.1,0.14600907184603254,0.046009071846032534,0.1,2.2
2014,1.0,20dB_nominal_difference,real,vanilla_IBS2,REJECTED_PHYSICAL,XZ,y,-0.0625,x,-0.6875,z,0.0625,0.1,0.1235932724793747,0.02359327247937469,0.1,2.2
2014,1.0,20dB_nominal_difference,real,vanilla_IBS2,REJECTED_PHYSICAL,XZ,y,-0.0625,x,-0.5625,z,0.0625,0.1,0.14045146224209493,0.04045146224209492,0.1,2.2
2014,1.0,20dB_nominal_difference,real,vanilla_IBS2,REJECTED_PHYSICAL,XZ,y,-0.0625,x,-0.4375,z,0.0625,0.1,0.1577067173524207,0.057706717352420694,0.1,2.2
2014,1.0,20dB_nominal_difference,real,vanilla_IBS2,REJECTED_PHYSICAL,XZ,y,-0.0625,x,-0.3125,z,0.0625,0.9,0.17410472701975022,-0.7258952729802498,0.1,2.2
2014,1.0,20dB_nominal_difference,real,vanilla_IBS2,REJECTED_PHYSICAL,XZ,y,-0.0625,x,-0.1875,z,0.0625,0.9,0.1885348614079233,-0.7114651385920767,0.1,2.2
2014,1.0,20dB_nominal_difference,real,vanilla_IBS2,REJECTED_PHYSICAL,XZ,y,-0.0625,x,-0.0625,z,0.0625,0.1,0.19953063125338893,0.09953063125338893,0.1,2.2
2014,1.0,20dB_nominal_difference,real,vanilla_IBS2,REJECTED_PHYSICAL,XZ,y,-0.0625,x,0.0625,z,0.0625,0.1,0.2055151907625783,0.10551519076257829,0.1,2.2
2014,1.0,20dB_nominal_difference,real,vanilla_IBS2,REJECTED_PHYSICAL,XZ,y,-0.0625,x,0.1875,z,0.0625,0.1,0.2051076643093421,0.1051076643093421,0.1,2.2
2014,1.0,20dB_nominal_difference,real,vanilla_IBS2,REJECTED_PHYSICAL,XZ,y,-0.0625,x,0.3125,z,0.0625,0.1,0.19743940502549306,0.09743940502549306,0.1,2.2
2014,1.0,20dB_nominal_difference,real,vanilla_IBS2,REJECTED_PHYSICAL,XZ,y,-0.0625,x,0.4375,z,0.0625,0.1,0.1824312672608282,0.0824312672608282,0.1,2.2
2014,1.0,20dB_nominal_difference,real,vanilla_IBS2,REJECTED_PHYSICAL,XZ,y,-0.0625,x,0.5625,z,0.0625,0.1,0.16099149170287919,0.06099149170287918,0.1,2.2
2014,1.0,20dB_nominal_difference,real,vanilla_IBS2,REJECTED_PHYSICAL,XZ,y,-0.0625,x,0.6875,z,0.0625,0.1,0.1363351696381133,0.036335169638113285,0.1,2.2
2014,1.0,20dB_nominal_difference,real,vanilla_IBS2,REJECTED_PHYSICAL,XZ,y,-0.0625,x,-0.6875,z,0.1875,0.1,0.1224808468096858,0.02248084680968579,0.1,2.2
2014,1.0,20dB_nominal_difference,real,vanilla_IBS2,REJECTED_PHYSICAL,XZ,y,-0.0625,x,-0.5625,z,0.1875,0.1,0.13715001607142427,0.03715001607142426,0.1,2.2
2014,1.0,20dB_nominal_difference,real,vanilla_IBS2,REJECTED_PHYSICAL,XZ,y,-0.0625,x,-0.4375,z,0.1875,0.1,0.15172846795145872,0.05172846795145872,0.1,2.2
2014,1.0,20dB_nominal_difference,real,vanilla_IBS2,REJECTED_PHYSICAL,XZ,y,-0.0625,x,-0.3125,z,0.1875,0.9,0.16515729525461756,-0.7348427047453825,0.1,2.2
2014,1.0,20dB_nominal_difference,real,vanilla_IBS2,REJECTED_PHYSICAL,XZ,y,-0.0625,x,-0.1875,z,0.1875,0.1,0.1766877533735809,0.07668775337358089,0.1,2.2
2014,1.0,20dB_nominal_difference,real,vanilla_IBS2,REJECTED_PHYSICAL,XZ,y,-0.0625,x,-0.0625,z,0.1875,0.1,0.1851926463914092,0.0851926463914092,0.1,2.2
2014,1.0,20dB_nominal_difference,real,vanilla_IBS2,REJECTED_PHYSICAL,XZ,y,-0.0625,x,0.0625,z,0.1875,0.1,0.18936522390797428,0.08936522390797427,0.1,2.2
2014,1.0,20dB_nominal_difference,real,vanilla_IBS2,REJECTED_PHYSICAL,XZ,y,-0.0625,x,0.1875,z,0.1875,0.1,0.18798188469396554,0.08798188469396553,0.1,2.2
2014,1.0,20dB_nominal_difference,real,vanilla_IBS2,REJECTED_PHYSICAL,XZ,y,-0.0625,x,0.3125,z,0.1875,0.1,0.1801905645951309,0.08019056459513088,0.1,2.2
2014,1.0,20dB_nominal_difference,real,vanilla_IBS2,REJECTED_PHYSICAL,XZ,y,-0.0625,x,0.4375,z,0.1875,0.1,0.16577678470501261,0.06577678470501261,0.1,2.2
2014,1.0,20dB_nominal_difference,real,vanilla_IBS2,REJECTED_PHYSICAL,XZ,y,-0.0625,x,0.5625,z,0.1875,0.1,0.1453568001849177,0.045356800184917695,0.1,2.2
2014,1.0,20dB_nominal_difference,real,vanilla_IBS2,REJECTED_PHYSICAL,XZ,y,-0.0625,x,0.6875,z,0.1875,0.1,0.12195363653535543,0.021953636535355425,0.1,2.2
2014,1.0,20dB_nominal_difference,real,vanilla_IBS2,REJECTED_PHYSICAL,XZ,y,-0.0625,x,-0.6875,z,0.3125,0.1,0.1187005636909288,0.01870056369092879,0.1,2.2
2014,1.0,20dB_nominal_difference,real,vanilla_IBS2,REJECTED_PHYSICAL,XZ,y,-0.0625,x,-0.5625,z,0.3125,0.1,0.1302764966526983,0.030276496652698298,0.1,2.2
2014,1.0,20dB_nominal_difference,real,vanilla_IBS2,REJECTED_PHYSICAL,XZ,y,-0.0625,x,-0.4375,z,0.3125,0.1,0.14135905169764834,0.041359051697648336,0.1,2.2
2014,1.0,20dB_nominal_difference,real,vanilla_IBS2,REJECTED_PHYSICAL,XZ,y,-0.0625,x,-0.3125,z,0.3125,0.1,0.15114119393577233,0.05114119393577232,0.1,2.2
2014,1.0,20dB_nominal_difference,real,vanilla_IBS2,REJECTED_PHYSICAL,XZ,y,-0.0625,x,-0.1875,z,0.3125,0.1,0.15924593025690953,0.059245930256909524,0.1,2.2
2014,1.0,20dB_nominal_difference,real,vanilla_IBS2,REJECTED_PHYSICAL,XZ,y,-0.0625,x,-0.0625,z,0.3125,0.1,0.16491492361990046,0.06491492361990045,0.1,2.2
2014,1.0,20dB_nominal_difference,real,vanilla_IBS2,REJECTED_PHYSICAL,XZ,y,-0.0625,x,0.0625,z,0.3125,0.1,0.1671574465613661,0.0671574465613661,0.1,2.2
2014,1.0,20dB_nominal_difference,real,vanilla_IBS2,REJECTED_PHYSICAL,XZ,y,-0.0625,x,0.1875,z,0.3125,0.1,0.1649535791886553,0.0649535791886553,0.1,2.2
2014,1.0,20dB_nominal_difference,real,vanilla_IBS2,REJECTED_PHYSICAL,XZ,y,-0.0625,x,0.3125,z,0.3125,0.1,0.1575044416368485,0.05750444163684851,0.1,2.2
2014,1.0,20dB_nominal_difference,real,vanilla_IBS2,REJECTED_PHYSICAL,XZ,y,-0.0625,x,0.4375,z,0.3125,0.1,0.14448364231663133,0.04448364231663132,0.1,2.2
2014,1.0,20dB_nominal_difference,real,vanilla_IBS2,REJECTED_PHYSICAL,XZ,y,-0.0625,x,0.5625,z,0.3125,0.1,0.1262049440630711,0.026204944063071084,0.1,2.2
2014,1.0,20dB_nominal_difference,real,vanilla_IBS2,REJECTED_PHYSICAL,XZ,y,-0.0625,x,0.6875,z,0.3125,0.1,0.10528506110636965,0.005285061106369643,0.1,2.2
2014,1.0,20dB_nominal_difference,real,vanilla_IBS2,REJECTED_PHYSICAL,XZ,y,-0.0625,x,-0.6875,z,0.4375,0.1,0.11279362435224408,0.01279362435224407,0.1,2.2
2014,1.0,20dB_nominal_difference,real,vanilla_IBS2,REJECTED_PHYSICAL,XZ,y,-0.0625,x,-0.5625,z,0.4375,0.1,0.12064083313544699,0.020640833135446984,0.1,2.2
2014,1.0,20dB_nominal_difference,real,vanilla_IBS2,REJECTED_PHYSICAL,XZ,y,-0.0625,x,-0.4375,z,0.4375,0.1,0.12783150399288548,0.027831503992885476,0.1,2.2
2014,1.0,20dB_nominal_difference,real,vanilla_IBS2,REJECTED_PHYSICAL,XZ,y,-0.0625,x,-0.3125,z,0.4375,0.1,0.13375512454887567,0.033755124548875665,0.1,2.2
2014,1.0,20dB_nominal_difference,real,vanilla_IBS2,REJECTED_PHYSICAL,XZ,y,-0.0625,x,-0.1875,z,0.4375,0.1,0.1383297616742789,0.0383297616742789,0.1,2.2
2014,1.0,20dB_nominal_difference,real,vanilla_IBS2,REJECTED_PHYSICAL,XZ,y,-0.0625,x,-0.0625,z,0.4375,0.1,0.14116714807283182,0.04116714807283181,0.1,2.2
2014,1.0,20dB_nominal_difference,real,vanilla_IBS2,REJECTED_PHYSICAL,XZ,y,-0.0625,x,0.0625,z,0.4375,0.1,0.1416226513399375,0.041622651339937505,0.1,2.2
2014,1.0,20dB_nominal_difference,real,vanilla_IBS2,REJECTED_PHYSICAL,XZ,y,-0.0625,x,0.1875,z,0.4375,0.1,0.13890582999152828,0.03890582999152828,0.1,2.2
2014,1.0,20dB_nominal_difference,real,vanilla_IBS2,REJECTED_PHYSICAL,XZ,y,-0.0625,x,0.3125,z,0.4375,0.1,0.1322866219715304,0.0322866219715304,0.1,2.2
2014,1.0,20dB_nominal_difference,real,vanilla_IBS2,REJECTED_PHYSICAL,XZ,y,-0.0625,x,0.4375,z,0.4375,0.1,0.1213631076550825,0.021363107655082494,0.1,2.2
2014,1.0,20dB_nominal_difference,real,vanilla_IBS2,REJECTED_PHYSICAL,XZ,y,-0.0625,x,0.5625,z,0.4375,0.1,0.1062646826362245,0.006264682636224497,0.1,2.2
2014,1.0,20dB_nominal_difference,real,vanilla_IBS2,REJECTED_PHYSICAL,XZ,y,-0.0625,x,0.6875,z,0.4375,0.1,0.08916796375949029,-0.010832036240509713,0.1,2.2
2014,1.0,20dB_nominal_difference,real,vanilla_IBS2,REJECTED_PHYSICAL,XZ,y,-0.0625,x,-0.6875,z,0.5625,0.1,0.10509448495925723,0.0050944849592572256,0.1,2.2
2014,1.0,20dB_nominal_difference,real,vanilla_IBS2,REJECTED_PHYSICAL,XZ,y,-0.0625,x,-0.5625,z,0.5625,0.1,0.10881559538976784,0.008815595389767839,0.1,2.2
2014,1.0,20dB_nominal_difference,real,vanilla_IBS2,REJECTED_PHYSICAL,XZ,y,-0.0625,x,-0.4375,z,0.5625,0.1,0.1123616781682633,0.012361678168263293,0.1,2.2
2014,1.0,20dB_nominal_difference,real,vanilla_IBS2,REJECTED_PHYSICAL,XZ,y,-0.0625,x,-0.3125,z,0.5625,0.1,0.11477195912062453,0.014771959120624525,0.1,2.2
2014,1.0,20dB_nominal_difference,real,vanilla_IBS2,REJECTED_PHYSICAL,XZ,y,-0.0625,x,-0.1875,z,0.5625,0.1,0.1161389395693107,0.0161389395693107,0.1,2.2
2014,1.0,20dB_nominal_difference,real,vanilla_IBS2,REJECTED_PHYSICAL,XZ,y,-0.0625,x,-0.0625,z,0.5625,0.1,0.11647868287404589,0.016478682874045886,0.1,2.2
2014,1.0,20dB_nominal_difference,real,vanilla_IBS2,REJECTED_PHYSICAL,XZ,y,-0.0625,x,0.0625,z,0.5625,0.1,0.11553127005700284,0.015531270057002833,0.1,2.2
2014,1.0,20dB_nominal_difference,real,vanilla_IBS2,REJECTED_PHYSICAL,XZ,y,-0.0625,x,0.1875,z,0.5625,0.1,0.11274384021620618,0.01274384021620617,0.1,2.2
2014,1.0,20dB_nominal_difference,real,vanilla_IBS2,REJECTED_PHYSICAL,XZ,y,-0.0625,x,0.3125,z,0.5625,0.1,0.10742419754135206,0.007424197541352054,0.1,2.2
2014,1.0,20dB_nominal_difference,real,vanilla_IBS2,REJECTED_PHYSICAL,XZ,y,-0.0625,x,0.4375,z,0.5625,0.1,0.09905927156690232,-0.0009407284330976845,0.1,2.2
2014,1.0,20dB_nominal_difference,real,vanilla_IBS2,REJECTED_PHYSICAL,XZ,y,-0.0625,x,0.5625,z,0.5625,0.1,0.08779319432221529,-0.012206805677784718,0.1,2.2
2014,1.0,20dB_nominal_difference,real,vanilla_IBS2,REJECTED_PHYSICAL,XZ,y,-0.0625,x,0.6875,z,0.5625,0.1,0.07616964529774248,-0.023830354702257528,0.1,2.2
2014,1.0,20dB_nominal_difference,real,vanilla_IBS2,REJECTED_PHYSICAL,XZ,y,-0.0625,x,-0.6875,z,0.6875,0.1,0.09293078863494857,-0.007069211365051439,0.1,2.2
2014,1.0,20dB_nominal_difference,real,vanilla_IBS2,REJECTED_PHYSICAL,XZ,y,-0.0625,x,-0.5625,z,0.6875,0.1,0.09341569735790722,-0.006584302642092782,0.1,2.2
2014,1.0,20dB_nominal_difference,real,vanilla_IBS2,REJECTED_PHYSICAL,XZ,y,-0.0625,x,-0.4375,z,0.6875,0.1,0.09434003925855801,-0.005659960741441997,0.1,2.2
2014,1.0,20dB_nominal_difference,real,vanilla_IBS2,REJECTED_PHYSICAL,XZ,y,-0.0625,x,-0.3125,z,0.6875,0.1,0.09370879854435772,-0.006291201455642284,0.1,2.2
2014,1.0,20dB_nominal_difference,real,vanilla_IBS2,REJECTED_PHYSICAL,XZ,y,-0.0625,x,-0.1875,z,0.6875,0.1,0.09215459000529816,-0.007845409994701846,0.1,2.2
2014,1.0,20dB_nominal_difference,real,vanilla_IBS2,REJECTED_PHYSICAL,XZ,y,-0.0625,x,-0.0625,z,0.6875,0.1,0.09029410910756647,-0.009705890892433539,0.1,2.2
2014,1.0,20dB_nominal_difference,real,vanilla_IBS2,REJECTED_PHYSICAL,XZ,y,-0.0625,x,0.0625,z,0.6875,0.1,0.08834230877941261,-0.011657691220587393,0.1,2.2
2014,1.0,20dB_nominal_difference,real,vanilla_IBS2,REJECTED_PHYSICAL,XZ,y,-0.0625,x,0.1875,z,0.6875,0.1,0.08600458059298947,-0.013995419407010531,0.1,2.2
2014,1.0,20dB_nominal_difference,real,vanilla_IBS2,REJECTED_PHYSICAL,XZ,y,-0.0625,x,0.3125,z,0.6875,0.1,0.08255831579917244,-0.017441684200827562,0.1,2.2
2014,1.0,20dB_nominal_difference,real,vanilla_IBS2,REJECTED_PHYSICAL,XZ,y,-0.0625,x,0.4375,z,0.6875,0.1,0.07713863228610408,-0.022861367713895922,0.1,2.2
2014,1.0,20dB_nominal_difference,real,vanilla_IBS2,REJECTED_PHYSICAL,XZ,y,-0.0625,x,0.5625,z,0.6875,0.1,0.06941788486114334,-0.03058211513885667,0.1,2.2
2014,1.0,20dB_nominal_difference,real,vanilla_IBS2,REJECTED_PHYSICAL,XZ,y,-0.0625,x,0.6875,z,0.6875,0.1,0.06397250013911829,-0.03602749986088172,0.1,2.2
2014,1.0,20dB_nominal_difference,real,vanilla_IBS2,REJECTED_PHYSICAL,YZ,x,-0.0625,y,-0.6875,z,-0.6875,0.1,0.10477678005271178,0.004776780052711774,0.1,2.2
2014,1.0,20dB_nominal_difference,real,vanilla_IBS2,REJECTED_PHYSICAL,YZ,x,-0.0625,y,-0.5625,z,-0.6875,0.1,0.10529743318619554,0.005297433186195535,0.1,2.2
2014,1.0,20dB_nominal_difference,real,vanilla_IBS2,REJECTED_PHYSICAL,YZ,x,-0.0625,y,-0.4375,z,-0.6875,0.1,0.11004472474030241,0.010044724740302408,0.1,2.2
2014,1.0,20dB_nominal_difference,real,vanilla_IBS2,REJECTED_PHYSICAL,YZ,x,-0.0625,y,-0.3125,z,-0.6875,0.1,0.11168738568301965,0.01168738568301965,0.1,2.2
2014,1.0,20dB_nominal_difference,real,vanilla_IBS2,REJECTED_PHYSICAL,YZ,x,-0.0625,y,-0.1875,z,-0.6875,0.1,0.10953072177027563,0.009530721770275627,0.1,2.2
2014,1.0,20dB_nominal_difference,real,vanilla_IBS2,REJECTED_PHYSICAL,YZ,x,-0.0625,y,-0.0625,z,-0.6875,0.1,0.10414556724531507,0.004145567245315063,0.1,2.2
2014,1.0,20dB_nominal_difference,real,vanilla_IBS2,REJECTED_PHYSICAL,YZ,x,-0.0625,y,0.0625,z,-0.6875,0.1,0.09664903597394194,-0.0033509640260580703,0.1,2.2
2014,1.0,20dB_nominal_difference,real,vanilla_IBS2,REJECTED_PHYSICAL,YZ,x,-0.0625,y,0.1875,z,-0.6875,0.1,0.08834943646533597,-0.011650563534664038,0.1,2.2
2014,1.0,20dB_nominal_difference,real,vanilla_IBS2,REJECTED_PHYSICAL,YZ,x,-0.0625,y,0.3125,z,-0.6875,0.1,0.08051076321899647,-0.019489236781003533,0.1,2.2
2014,1.0,20dB_nominal_difference,real,vanilla_IBS2,REJECTED_PHYSICAL,YZ,x,-0.0625,y,0.4375,z,-0.6875,0.1,0.07424440491610826,-0.025755595083891747,0.1,2.2
2014,1.0,20dB_nominal_difference,real,vanilla_IBS2,REJECTED_PHYSICAL,YZ,x,-0.0625,y,0.5625,z,-0.6875,0.1,0.07069625484409114,-0.02930374515590886,0.1,2.2
2014,1.0,20dB_nominal_difference,real,vanilla_IBS2,REJECTED_PHYSICAL,YZ,x,-0.0625,y,0.6875,z,-0.6875,0.1,0.07419605701399315,-0.025803942986006856,0.1,2.2
2014,1.0,20dB_nominal_difference,real,vanilla_IBS2,REJECTED_PHYSICAL,YZ,x,-0.0625,y,-0.6875,z,-0.5625,0.1,0.11941300496002857,0.019413004960028568,0.1,2.2
2014,1.0,20dB_nominal_difference,real,vanilla_IBS2,REJECTED_PHYSICAL,YZ,x,-0.0625,y,-0.5625,z,-0.5625,0.1,0.12863526485197171,0.02863526485197171,0.1,2.2
2014,1.0,20dB_nominal_difference,real,vanilla_IBS2,REJECTED_PHYSICAL,YZ,x,-0.0625,y,-0.4375,z,-0.5625,0.1,0.13762655552421674,0.03762655552421673,0.1,2.2
2014,1.0,20dB_nominal_difference,real,vanilla_IBS2,REJECTED_PHYSICAL,YZ,x,-0.0625,y,-0.3125,z,-0.5625,0.1,0.14281434725275394,0.04281434725275393,0.1,2.2
2014,1.0,20dB_nominal_difference,real,vanilla_IBS2,REJECTED_PHYSICAL,YZ,x,-0.0625,y,-0.1875,z,-0.5625,0.1,0.14343762258293927,0.04343762258293926,0.1,2.2
2014,1.0,20dB_nominal_difference,real,vanilla_IBS2,REJECTED_PHYSICAL,YZ,x,-0.0625,y,-0.0625,z,-0.5625,0.1,0.13961536612742104,0.03961536612742103,0.1,2.2
2014,1.0,20dB_nominal_difference,real,vanilla_IBS2,REJECTED_PHYSICAL,YZ,x,-0.0625,y,0.0625,z,-0.5625,0.1,0.13209629750157997,0.03209629750157997,0.1,2.2
2014,1.0,20dB_nominal_difference,real,vanilla_IBS2,REJECTED_PHYSICAL,YZ,x,-0.0625,y,0.1875,z,-0.5625,0.1,0.12200811210008486,0.022008112100084853,0.1,2.2
2014,1.0,20dB_nominal_difference,real,vanilla_IBS2,REJECTED_PHYSICAL,YZ,x,-0.0625,y,0.3125,z,-0.5625,0.1,0.11066931021713124,0.010669310217131231,0.1,2.2
2014,1.0,20dB_nominal_difference,real,vanilla_IBS2,REJECTED_PHYSICAL,YZ,x,-0.0625,y,0.4375,z,-0.5625,0.1,0.099501143975315,-0.0004988560246850099,0.1,2.2
2014,1.0,20dB_nominal_difference,real,vanilla_IBS2,REJECTED_PHYSICAL,YZ,x,-0.0625,y,0.5625,z,-0.5625,0.1,0.09008982803059276,-0.009910171969407244,0.1,2.2
2014,1.0,20dB_nominal_difference,real,vanilla_IBS2,REJECTED_PHYSICAL,YZ,x,-0.0625,y,0.6875,z,-0.5625,0.1,0.08534940342765505,-0.014650596572344951,0.1,2.2
2014,1.0,20dB_nominal_difference,real,vanilla_IBS2,REJECTED_PHYSICAL,YZ,x,-0.0625,y,-0.6875,z,-0.4375,0.1,0.126597592476598,0.026597592476597987,0.1,2.2
2014,1.0,20dB_nominal_difference,real,vanilla_IBS2,REJECTED_PHYSICAL,YZ,x,-0.0625,y,-0.5625,z,-0.4375,0.1,0.1428736241859518,0.04287362418595178,0.1,2.2
2014,1.0,20dB_nominal_difference,real,vanilla_IBS2,REJECTED_PHYSICAL,YZ,x,-0.0625,y,-0.4375,z,-0.4375,0.1,0.1571605709815708,0.05716057098157079,0.1,2.2
2014,1.0,20dB_nominal_difference,real,vanilla_IBS2,REJECTED_PHYSICAL,YZ,x,-0.0625,y,-0.3125,z,-0.4375,0.1,0.16637041626413895,0.06637041626413895,0.1,2.2
2014,1.0,20dB_nominal_difference,real,vanilla_IBS2,REJECTED_PHYSICAL,YZ,x,-0.0625,y,-0.1875,z,-0.4375,0.1,0.16996659402578407,0.06996659402578406,0.1,2.2
2014,1.0,20dB_nominal_difference,real,vanilla_IBS2,REJECTED_PHYSICAL,YZ,x,-0.0625,y,-0.0625,z,-0.4375,0.1,0.1679028648487677,0.0679028648487677,0.1,2.2
2014,1.0,20dB_nominal_difference,real,vanilla_IBS2,REJECTED_PHYSICAL,YZ,x,-0.0625,y,0.0625,z,-0.4375,0.1,0.16068984898859917,0.060689848988599165,0.1,2.2
2014,1.0,20dB_nominal_difference,real,vanilla_IBS2,REJECTED_PHYSICAL,YZ,x,-0.0625,y,0.1875,z,-0.4375,0.1,0.14929209155968745,0.049292091559687445,0.1,2.2
2014,1.0,20dB_nominal_difference,real,vanilla_IBS2,REJECTED_PHYSICAL,YZ,x,-0.0625,y,0.3125,z,-0.4375,0.1,0.1349879924023852,0.034987992402385204,0.1,2.2
2014,1.0,20dB_nominal_difference,real,vanilla_IBS2,REJECTED_PHYSICAL,YZ,x,-0.0625,y,0.4375,z,-0.4375,0.1,0.1192360240633904,0.019236024063390395,0.1,2.2
2014,1.0,20dB_nominal_difference,real,vanilla_IBS2,REJECTED_PHYSICAL,YZ,x,-0.0625,y,0.5625,z,-0.4375,0.1,0.10350442604864513,0.0035044260486451206,0.1,2.2
2014,1.0,20dB_nominal_difference,real,vanilla_IBS2,REJECTED_PHYSICAL,YZ,x,-0.0625,y,0.6875,z,-0.4375,0.1,0.09033002155600377,-0.009669978443996238,0.1,2.2
2014,1.0,20dB_nominal_difference,real,vanilla_IBS2,REJECTED_PHYSICAL,YZ,x,-0.0625,y,-0.6875,z,-0.3125,0.1,0.129416764059892,0.029416764059891992,0.1,2.2
2014,1.0,20dB_nominal_difference,real,vanilla_IBS2,REJECTED_PHYSICAL,YZ,x,-0.0625,y,-0.5625,z,-0.3125,0.1,0.15070200295242528,0.050702002952425274,0.1,2.2
2014,1.0,20dB_nominal_difference,real,vanilla_IBS2,REJECTED_PHYSICAL,YZ,x,-0.0625,y,-0.4375,z,-0.3125,0.1,0.16978290976078209,0.06978290976078208,0.1,2.2
2014,1.0,20dB_nominal_difference,real,vanilla_IBS2,REJECTED_PHYSICAL,YZ,x,-0.0625,y,-0.3125,z,-0.3125,0.1,0.1830456310966851,0.08304563109668509,0.1,2.2
2014,1.0,20dB_nominal_difference,real,vanilla_IBS2,REJECTED_PHYSICAL,YZ,x,-0.0625,y,-0.1875,z,-0.3125,0.1,0.18976743600396279,0.08976743600396278,0.1,2.2
2014,1.0,20dB_nominal_difference,real,vanilla_IBS2,REJECTED_PHYSICAL,YZ,x,-0.0625,y,-0.0625,z,-0.3125,0.1,0.18970917536085782,0.08970917536085782,0.1,2.2
2014,1.0,20dB_nominal_difference,real,vanilla_IBS2,REJECTED_PHYSICAL,YZ,x,-0.0625,y,0.0625,z,-0.3125,0.1,0.1831773900450312,0.08317739004503119,0.1,2.2
2014,1.0,20dB_nominal_difference,real,vanilla_IBS2,REJECTED_PHYSICAL,YZ,x,-0.0625,y,0.1875,z,-0.3125,0.1,0.17097982594673744,0.07097982594673743,0.1,2.2
2014,1.0,20dB_nominal_difference,real,vanilla_IBS2,REJECTED_PHYSICAL,YZ,x,-0.0625,y,0.3125,z,-0.3125,0.1,0.15431584517417363,0.05431584517417362,0.1,2.2
2014,1.0,20dB_nominal_difference,real,vanilla_IBS2,REJECTED_PHYSICAL,YZ,x,-0.0625,y,0.4375,z,-0.3125,0.1,0.13462995675636139,0.03462995675636138,0.1,2.2
2014,1.0,20dB_nominal_difference,real,vanilla_IBS2,REJECTED_PHYSICAL,YZ,x,-0.0625,y,0.5625,z,-0.3125,0.1,0.11342454245338118,0.013424542453381177,0.1,2.2
2014,1.0,20dB_nominal_difference,real,vanilla_IBS2,REJECTED_PHYSICAL,YZ,x,-0.0625,y,0.6875,z,-0.3125,0.1,0.09366496828796318,-0.006335031712036823,0.1,2.2
2014,1.0,20dB_nominal_difference,real,vanilla_IBS2,REJECTED_PHYSICAL,YZ,x,-0.0625,y,-0.6875,z,-0.1875,0.1,0.12739711705724582,0.027397117057245818,0.1,2.2
2014,1.0,20dB_nominal_difference,real,vanilla_IBS2,REJECTED_PHYSICAL,YZ,x,-0.0625,y,-0.5625,z,-0.1875,0.1,0.1519943909289491,0.051994390928949086,0.1,2.2
2014,1.0,20dB_nominal_difference,real,vanilla_IBS2,REJECTED_PHYSICAL,YZ,x,-0.0625,y,-0.4375,z,-0.1875,0.1,0.1746154760257597,0.07461547602575969,0.1,2.2
2014,1.0,20dB_nominal_difference,real,vanilla_IBS2,REJECTED_PHYSICAL,YZ,x,-0.0625,y,-0.3125,z,-0.1875,2.2,0.19120895793763668,-2.0087910420623634,0.1,2.2
2014,1.0,20dB_nominal_difference,real,vanilla_IBS2,REJECTED_PHYSICAL,YZ,x,-0.0625,y,-0.1875,z,-0.1875,0.1,0.20071963288073752,0.10071963288073751,0.1,2.2
2014,1.0,20dB_nominal_difference,real,vanilla_IBS2,REJECTED_PHYSICAL,YZ,x,-0.0625,y,-0.0625,z,-0.1875,0.1,0.2026663256444266,0.1026663256444266,0.1,2.2
2014,1.0,20dB_nominal_difference,real,vanilla_IBS2,REJECTED_PHYSICAL,YZ,x,-0.0625,y,0.0625,z,-0.1875,0.1,0.19715566548498312,0.09715566548498311,0.1,2.2
2014,1.0,20dB_nominal_difference,real,vanilla_IBS2,REJECTED_PHYSICAL,YZ,x,-0.0625,y,0.1875,z,-0.1875,0.1,0.18484327644911758,0.08484327644911757,0.1,2.2
2014,1.0,20dB_nominal_difference,real,vanilla_IBS2,REJECTED_PHYSICAL,YZ,x,-0.0625,y,0.3125,z,-0.1875,0.1,0.16684109145257547,0.06684109145257547,0.1,2.2
2014,1.0,20dB_nominal_difference,real,vanilla_IBS2,REJECTED_PHYSICAL,YZ,x,-0.0625,y,0.4375,z,-0.1875,0.1,0.14458831016743795,0.044588310167437945,0.1,2.2
2014,1.0,20dB_nominal_difference,real,vanilla_IBS2,REJECTED_PHYSICAL,YZ,x,-0.0625,y,0.5625,z,-0.1875,0.1,0.11970867656440488,0.01970867656440488,0.1,2.2
2014,1.0,20dB_nominal_difference,real,vanilla_IBS2,REJECTED_PHYSICAL,YZ,x,-0.0625,y,0.6875,z,-0.1875,0.1,0.09559383186129555,-0.004406168138704453,0.1,2.2
2014,1.0,20dB_nominal_difference,real,vanilla_IBS2,REJECTED_PHYSICAL,YZ,x,-0.0625,y,-0.6875,z,-0.0625,0.1,0.12108180679034937,0.021081806790349364,0.1,2.2
2014,1.0,20dB_nominal_difference,real,vanilla_IBS2,REJECTED_PHYSICAL,YZ,x,-0.0625,y,-0.5625,z,-0.0625,0.1,0.14726229005898767,0.04726229005898766,0.1,2.2
2014,1.0,20dB_nominal_difference,real,vanilla_IBS2,REJECTED_PHYSICAL,YZ,x,-0.0625,y,-0.4375,z,-0.0625,0.1,0.17183262822982892,0.07183262822982892,0.1,2.2
2014,1.0,20dB_nominal_difference,real,vanilla_IBS2,REJECTED_PHYSICAL,YZ,x,-0.0625,y,-0.3125,z,-0.0625,0.1,0.1905667892422757,0.09056678924227571,0.1,2.2
2014,1.0,20dB_nominal_difference,real,vanilla_IBS2,REJECTED_PHYSICAL,YZ,x,-0.0625,y,-0.1875,z,-0.0625,0.1,0.20212958106827628,0.10212958106827627,0.1,2.2
2014,1.0,20dB_nominal_difference,real,vanilla_IBS2,REJECTED_PHYSICAL,YZ,x,-0.0625,y,-0.0625,z,-0.0625,0.1,0.20582181725232165,0.10582181725232165,0.1,2.2
2014,1.0,20dB_nominal_difference,real,vanilla_IBS2,REJECTED_PHYSICAL,YZ,x,-0.0625,y,0.0625,z,-0.0625,0.1,0.20157398723816705,0.10157398723816705,0.1,2.2
2014,1.0,20dB_nominal_difference,real,vanilla_IBS2,REJECTED_PHYSICAL,YZ,x,-0.0625,y,0.1875,z,-0.0625,0.1,0.18990415439829966,0.08990415439829966,0.1,2.2
2014,1.0,20dB_nominal_difference,real,vanilla_IBS2,REJECTED_PHYSICAL,YZ,x,-0.0625,y,0.3125,z,-0.0625,0.1,0.17183499936054042,0.07183499936054041,0.1,2.2
2014,1.0,20dB_nominal_difference,real,vanilla_IBS2,REJECTED_PHYSICAL,YZ,x,-0.0625,y,0.4375,z,-0.0625,0.1,0.14878469598663452,0.04878469598663451,0.1,2.2
2014,1.0,20dB_nominal_difference,real,vanilla_IBS2,REJECTED_PHYSICAL,YZ,x,-0.0625,y,0.5625,z,-0.0625,0.1,0.12245818188380568,0.022458181883805675,0.1,2.2
2014,1.0,20dB_nominal_difference,real,vanilla_IBS2,REJECTED_PHYSICAL,YZ,x,-0.0625,y,0.6875,z,-0.0625,0.1,0.09643812732616625,-0.0035618726738337603,0.1,2.2
2014,1.0,20dB_nominal_difference,real,vanilla_IBS2,REJECTED_PHYSICAL,YZ,x,-0.0625,y,-0.6875,z,0.0625,0.1,0.11198077504604634,0.011980775046046332,0.1,2.2
2014,1.0,20dB_nominal_difference,real,vanilla_IBS2,REJECTED_PHYSICAL,YZ,x,-0.0625,y,-0.5625,z,0.0625,0.1,0.13788703587528162,0.03788703587528161,0.1,2.2
2014,1.0,20dB_nominal_difference,real,vanilla_IBS2,REJECTED_PHYSICAL,YZ,x,-0.0625,y,-0.4375,z,0.0625,0.1,0.16261104095375456,0.06261104095375455,0.1,2.2
2014,1.0,20dB_nominal_difference,real,vanilla_IBS2,REJECTED_PHYSICAL,YZ,x,-0.0625,y,-0.3125,z,0.0625,0.1,0.1820066668584112,0.08200666685841118,0.1,2.2
2014,1.0,20dB_nominal_difference,real,vanilla_IBS2,REJECTED_PHYSICAL,YZ,x,-0.0625,y,-0.1875,z,0.0625,0.1,0.19459149370801032,0.09459149370801032,0.1,2.2
2014,1.0,20dB_nominal_difference,real,vanilla_IBS2,REJECTED_PHYSICAL,YZ,x,-0.0625,y,-0.0625,z,0.0625,0.1,0.19953063125338893,0.09953063125338893,0.1,2.2
2014,1.0,20dB_nominal_difference,real,vanilla_IBS2,REJECTED_PHYSICAL,YZ,x,-0.0625,y,0.0625,z,0.0625,0.1,0.19663279055062016,0.09663279055062016,0.1,2.2
2014,1.0,20dB_nominal_difference,real,vanilla_IBS2,REJECTED_PHYSICAL,YZ,x,-0.0625,y,0.1875,z,0.0625,0.1,0.18630821303289397,0.08630821303289396,0.1,2.2
2014,1.0,20dB_nominal_difference,real,vanilla_IBS2,REJECTED_PHYSICAL,YZ,x,-0.0625,y,0.3125,z,0.0625,0.1,0.1694894839951666,0.0694894839951666,0.1,2.2
2014,1.0,20dB_nominal_difference,real,vanilla_IBS2,REJECTED_PHYSICAL,YZ,x,-0.0625,y,0.4375,z,0.0625,0.1,0.14753167087218944,0.04753167087218943,0.1,2.2
2014,1.0,20dB_nominal_difference,real,vanilla_IBS2,REJECTED_PHYSICAL,YZ,x,-0.0625,y,0.5625,z,0.0625,0.1,0.12211767503379739,0.022117675033797385,0.1,2.2
2014,1.0,20dB_nominal_difference,real,vanilla_IBS2,REJECTED_PHYSICAL,YZ,x,-0.0625,y,0.6875,z,0.0625,0.1,0.09672915680886315,-0.003270843191136852,0.1,2.2
2014,1.0,20dB_nominal_difference,real,vanilla_IBS2,REJECTED_PHYSICAL,YZ,x,-0.0625,y,-0.6875,z,0.1875,0.1,0.10219708802199284,0.002197088021992838,0.1,2.2
2014,1.0,20dB_nominal_difference,real,vanilla_IBS2,REJECTED_PHYSICAL,YZ,x,-0.0625,y,-0.5625,z,0.1875,0.1,0.12590073620842893,0.02590073620842892,0.1,2.2
2014,1.0,20dB_nominal_difference,real,vanilla_IBS2,REJECTED_PHYSICAL,YZ,x,-0.0625,y,-0.4375,z,0.1875,0.1,0.14889141861877464,0.048891418618774635,0.1,2.2
2014,1.0,20dB_nominal_difference,real,vanilla_IBS2,REJECTED_PHYSICAL,YZ,x,-0.0625,y,-0.3125,z,0.1875,0.1,0.16732043629018822,0.06732043629018822,0.1,2.2
2014,1.0,20dB_nominal_difference,real,vanilla_IBS2,REJECTED_PHYSICAL,YZ,x,-0.0625,y,-0.1875,z,0.1875,0.1,0.17970902631182817,0.07970902631182816,0.1,2.2
2014,1.0,20dB_nominal_difference,real,vanilla_IBS2,REJECTED_PHYSICAL,YZ,x,-0.0625,y,-0.0625,z,0.1875,0.1,0.1851926463914092,0.0851926463914092,0.1,2.2
2014,1.0,20dB_nominal_difference,real,vanilla_IBS2,REJECTED_PHYSICAL,YZ,x,-0.0625,y,0.0625,z,0.1875,0.1,0.18353390177908613,0.08353390177908612,0.1,2.2
2014,1.0,20dB_nominal_difference,real,vanilla_IBS2,REJECTED_PHYSICAL,YZ,x,-0.0625,y,0.1875,z,0.1875,0.1,0.17508161449475368,0.07508161449475367,0.1,2.2
2014,1.0,20dB_nominal_difference,real,vanilla_IBS2,REJECTED_PHYSICAL,YZ,x,-0.0625,y,0.3125,z,0.1875,0.1,0.16068713135322815,0.060687131353228146,0.1,2.2
2014,1.0,20dB_nominal_difference,real,vanilla_IBS2,REJECTED_PHYSICAL,YZ,x,-0.0625,y,0.4375,z,0.1875,0.1,0.14159834314619352,0.04159834314619351,0.1,2.2
2014,1.0,20dB_nominal_difference,real,vanilla_IBS2,REJECTED_PHYSICAL,YZ,x,-0.0625,y,0.5625,z,0.1875,0.1,0.11935703894813054,0.01935703894813054,0.1,2.2
2014,1.0,20dB_nominal_difference,real,vanilla_IBS2,REJECTED_PHYSICAL,YZ,x,-0.0625,y,0.6875,z,0.1875,0.1,0.09704544762428273,-0.002954552375717276,0.1,2.2
2014,1.0,20dB_nominal_difference,real,vanilla_IBS2,REJECTED_PHYSICAL,YZ,x,-0.0625,y,-0.6875,z,0.3125,0.1,0.09396929521422508,-0.006030704785774929,0.1,2.2
2014,1.0,20dB_nominal_difference,real,vanilla_IBS2,REJECTED_PHYSICAL,YZ,x,-0.0625,y,-0.5625,z,0.3125,0.1,0.1135790388386705,0.013579038838670496,0.1,2.2
2014,1.0,20dB_nominal_difference,real,vanilla_IBS2,REJECTED_PHYSICAL,YZ,x,-0.0625,y,-0.4375,z,0.3125,0.1,0.13299462085459485,0.03299462085459484,0.1,2.2
2014,1.0,20dB_nominal_difference,real,vanilla_IBS2,REJECTED_PHYSICAL,YZ,x,-0.0625,y,-0.3125,z,0.3125,0.1,0.14883280309197622,0.04883280309197621,0.1,2.2
2014,1.0,20dB_nominal_difference,real,vanilla_IBS2,REJECTED_PHYSICAL,YZ,x,-0.0625,y,-0.1875,z,0.3125,0.1,0.15973845373729706,0.059738453737297054,0.1,2.2
2014,1.0,20dB_nominal_difference,real,vanilla_IBS2,REJECTED_PHYSICAL,YZ,x,-0.0625,y,-0.0625,z,0.3125,0.1,0.16491492361990046,0.06491492361990045,0.1,2.2
2014,1.0,20dB_nominal_difference,real,vanilla_IBS2,REJECTED_PHYSICAL,YZ,x,-0.0625,y,0.0625,z,0.3125,0.1,0.16416375176523867,0.06416375176523867,0.1,2.2
2014,1.0,20dB_nominal_difference,real,vanilla_IBS2,REJECTED_PHYSICAL,YZ,x,-0.0625,y,0.1875,z,0.3125,0.1,0.15783602227731183,0.05783602227731183,0.1,2.2
2014,1.0,20dB_nominal_difference,real,vanilla_IBS2,REJECTED_PHYSICAL,YZ,x,-0.0625,y,0.3125,z,0.3125,0.1,0.14673284630909672,0.046732846309096715,0.1,2.2
2014,1.0,20dB_nominal_difference,real,vanilla_IBS2,REJECTED_PHYSICAL,YZ,x,-0.0625,y,0.4375,z,0.3125,0.1,0.13197865124306962,0.03197865124306962,0.1,2.2
2014,1.0,20dB_nominal_difference,real,vanilla_IBS2,REJECTED_PHYSICAL,YZ,x,-0.0625,y,0.5625,z,0.3125,0.1,0.11487948691189537,0.014879486911895362,0.1,2.2
2014,1.0,20dB_nominal_difference,real,vanilla_IBS2,REJECTED_PHYSICAL,YZ,x,-0.0625,y,0.6875,z,0.3125,0.1,0.09783201631018693,-0.00216798368981308,0.1,2.2
2014,1.0,20dB_nominal_difference,real,vanilla_IBS2,REJECTED_PHYSICAL,YZ,x,-0.0625,y,-0.6875,z,0.4375,0.1,0.08922999467010595,-0.010770005329894056,0.1,2.2
2014,1.0,20dB_nominal_difference,real,vanilla_IBS2,REJECTED_PHYSICAL,YZ,x,-0.0625,y,-0.5625,z,0.4375,0.1,0.10295848633195712,0.002958486331957111,0.1,2.2
2014,1.0,20dB_nominal_difference,real,vanilla_IBS2,REJECTED_PHYSICAL,YZ,x,-0.0625,y,-0.4375,z,0.4375,0.1,0.11717962474371597,0.017179624743715968,0.1,2.2
2014,1.0,20dB_nominal_difference,real,vanilla_IBS2,REJECTED_PHYSICAL,YZ,x,-0.0625,y,-0.3125,z,0.4375,0.1,0.12900575031031855,0.029005750310318545,0.1,2.2
2014,1.0,20dB_nominal_difference,real,vanilla_IBS2,REJECTED_PHYSICAL,YZ,x,-0.0625,y,-0.1875,z,0.4375,0.1,0.13722112571980674,0.037221125719806736,0.1,2.2
2014,1.0,20dB_nominal_difference,real,vanilla_IBS2,REJECTED_PHYSICAL,YZ,x,-0.0625,y,-0.0625,z,0.4375,0.1,0.14116714807283182,0.04116714807283181,0.1,2.2
2014,1.0,20dB_nominal_difference,real,vanilla_IBS2,REJECTED_PHYSICAL,YZ,x,-0.0625,y,0.0625,z,0.4375,0.1,0.14077590277688606,0.04077590277688606,0.1,2.2
2014,1.0,20dB_nominal_difference,real,vanilla_IBS2,REJECTED_PHYSICAL,YZ,x,-0.0625,y,0.1875,z,0.4375,0.1,0.13648185531408177,0.03648185531408177,0.1,2.2
2014,1.0,20dB_nominal_difference,real,vanilla_IBS2,REJECTED_PHYSICAL,YZ,x,-0.0625,y,0.3125,z,0.4375,0.1,0.1290950588946846,0.029095058894684583,0.1,2.2
2014,1.0,20dB_nominal_difference,real,vanilla_IBS2,REJECTED_PHYSICAL,YZ,x,-0.0625,y,0.4375,z,0.4375,0.1,0.11965563713767186,0.01965563713767185,0.1,2.2
2014,1.0,20dB_nominal_difference,real,vanilla_IBS2,REJECTED_PHYSICAL,YZ,x,-0.0625,y,0.5625,z,0.4375,0.1,0.10923286538409976,0.009232865384099759,0.1,2.2
2014,1.0,20dB_nominal_difference,real,vanilla_IBS2,REJECTED_PHYSICAL,YZ,x,-0.0625,y,0.6875,z,0.4375,0.1,0.09930908910033073,-0.0006909108996692725,0.1,2.2
2014,1.0,20dB_nominal_difference,real,vanilla_IBS2,REJECTED_PHYSICAL,YZ,x,-0.0625,y,-0.6875,z,0.5625,0.1,0.08918165398206407,-0.010818346017935937,0.1,2.2
2014,1.0,20dB_nominal_difference,real,vanilla_IBS2,REJECTED_PHYSICAL,YZ,x,-0.0625,y,-0.5625,z,0.5625,0.1,0.09526365501561106,-0.004736344984388949,0.1,2.2
2014,1.0,20dB_nominal_difference,real,vanilla_IBS2,REJECTED_PHYSICAL,YZ,x,-0.0625,y,-0.4375,z,0.5625,0.1,0.10323681159069589,0.003236811590695887,0.1,2.2
2014,1.0,20dB_nominal_difference,real,vanilla_IBS2,REJECTED_PHYSICAL,YZ,x,-0.0625,y,-0.3125,z,0.5625,0.1,0.11010733542597073,0.010107335425970726,0.1,2.2
2014,1.0,20dB_nominal_difference,real,vanilla_IBS2,REJECTED_PHYSICAL,YZ,x,-0.0625,y,-0.1875,z,0.5625,0.1,0.11466715785242643,0.014667157852426421,0.1,2.2
2014,1.0,20dB_nominal_difference,real,vanilla_IBS2,REJECTED_PHYSICAL,YZ,x,-0.0625,y,-0.0625,z,0.5625,0.1,0.11647868287404589,0.016478682874045886,0.1,2.2
2014,1.0,20dB_nominal_difference,real,vanilla_IBS2,REJECTED_PHYSICAL,YZ,x,-0.0625,y,0.0625,z,0.5625,0.1,0.11571793498126608,0.01571793498126607,0.1,2.2
2014,1.0,20dB_nominal_difference,real,vanilla_IBS2,REJECTED_PHYSICAL,YZ,x,-0.0625,y,0.1875,z,0.5625,0.1,0.11299786821528975,0.01299786821528974,0.1,2.2
2014,1.0,20dB_nominal_difference,real,vanilla_IBS2,REJECTED_PHYSICAL,YZ,x,-0.0625,y,0.3125,z,0.5625,0.1,0.10921023516439785,0.00921023516439784,0.1,2.2
2014,1.0,20dB_nominal_difference,real,vanilla_IBS2,REJECTED_PHYSICAL,YZ,x,-0.0625,y,0.4375,z,0.5625,0.1,0.10539568462380976,0.005395684623809752,0.1,2.2
2014,1.0,20dB_nominal_difference,real,vanilla_IBS2,REJECTED_PHYSICAL,YZ,x,-0.0625,y,0.5625,z,0.5625,0.1,0.10258846312083637,0.002588463120836368,0.1,2.2
2014,1.0,20dB_nominal_difference,real,vanilla_IBS2,REJECTED_PHYSICAL,YZ,x,-0.0625,y,0.6875,z,0.5625,0.1,0.10153973196999452,0.0015397319699945178,0.1,2.2
2014,1.0,20dB_nominal_difference,real,vanilla_IBS2,REJECTED_PHYSICAL,YZ,x,-0.0625,y,-0.6875,z,0.6875,0.1,0.09157267486124232,-0.008427325138757685,0.1,2.2
2014,1.0,20dB_nominal_difference,real,vanilla_IBS2,REJECTED_PHYSICAL,YZ,x,-0.0625,y,-0.5625,z,0.6875,0.1,0.08863966639318677,-0.011360333606813239,0.1,2.2
2014,1.0,20dB_nominal_difference,real,vanilla_IBS2,REJECTED_PHYSICAL,YZ,x,-0.0625,y,-0.4375,z,0.6875,0.1,0.09033143390922856,-0.00966856609077145,0.1,2.2
2014,1.0,20dB_nominal_difference,real,vanilla_IBS2,REJECTED_PHYSICAL,YZ,x,-0.0625,y,-0.3125,z,0.6875,0.1,0.09163426143856099,-0.008365738561439018,0.1,2.2
2014,1.0,20dB_nominal_difference,real,vanilla_IBS2,REJECTED_PHYSICAL,YZ,x,-0.0625,y,-0.1875,z,0.6875,0.1,0.09160760029392995,-0.008392399706070058,0.1,2.2
2014,1.0,20dB_nominal_difference,real,vanilla_IBS2,REJECTED_PHYSICAL,YZ,x,-0.0625,y,-0.0625,z,0.6875,0.1,0.09029410910756647,-0.009705890892433539,0.1,2.2
2014,1.0,20dB_nominal_difference,real,vanilla_IBS2,REJECTED_PHYSICAL,YZ,x,-0.0625,y,0.0625,z,0.6875,0.1,0.08828424402548861,-0.011715755974511396,0.1,2.2
2014,1.0,20dB_nominal_difference,real,vanilla_IBS2,REJECTED_PHYSICAL,YZ,x,-0.0625,y,0.1875,z,0.6875,0.1,0.08647182318416387,-0.013528176815836138,0.1,2.2
2014,1.0,20dB_nominal_difference,real,vanilla_IBS2,REJECTED_PHYSICAL,YZ,x,-0.0625,y,0.3125,z,0.6875,0.1,0.08587054693864492,-0.014129453061355088,0.1,2.2
2014,1.0,20dB_nominal_difference,real,vanilla_IBS2,REJECTED_PHYSICAL,YZ,x,-0.0625,y,0.4375,z,0.6875,0.1,0.08751475756603795,-0.012485242433962054,0.1,2.2
2014,1.0,20dB_nominal_difference,real,vanilla_IBS2,REJECTED_PHYSICAL,YZ,x,-0.0625,y,0.5625,z,0.6875,0.1,0.0925578989204201,-0.007442101079579905,0.1,2.2
2014,1.0,20dB_nominal_difference,real,vanilla_IBS2,REJECTED_PHYSICAL,YZ,x,-0.0625,y,0.6875,z,0.6875,0.1,0.10312516391729205,0.003125163917292048,0.1,2.2
2014,1.0,20dB_nominal_difference,real,A23_compressed_feedback,OK,XY,z,-0.0625,x,-0.6875,y,-0.6875,0.1,0.10235191880746698,0.0023519188074669767,0.1,2.2
2014,1.0,20dB_nominal_difference,real,A23_compressed_feedback,OK,XY,z,-0.0625,x,-0.5625,y,-0.6875,0.1,0.10599688092714907,0.005996880927149062,0.1,2.2
2014,1.0,20dB_nominal_difference,real,A23_compressed_feedback,OK,XY,z,-0.0625,x,-0.4375,y,-0.6875,0.1,0.10980533254492512,0.009805332544925119,0.1,2.2
2014,1.0,20dB_nominal_difference,real,A23_compressed_feedback,OK,XY,z,-0.0625,x,-0.3125,y,-0.6875,0.1,0.11419464702629978,0.014194647026299773,0.1,2.2
2014,1.0,20dB_nominal_difference,real,A23_compressed_feedback,OK,XY,z,-0.0625,x,-0.1875,y,-0.6875,0.1,0.11859296914177606,0.01859296914177605,0.1,2.2
2014,1.0,20dB_nominal_difference,real,A23_compressed_feedback,OK,XY,z,-0.0625,x,-0.0625,y,-0.6875,0.1,0.12207343137277982,0.02207343137277981,0.1,2.2
2014,1.0,20dB_nominal_difference,real,A23_compressed_feedback,OK,XY,z,-0.0625,x,0.0625,y,-0.6875,0.1,0.12355852277260769,0.023558522772607685,0.1,2.2
2014,1.0,20dB_nominal_difference,real,A23_compressed_feedback,OK,XY,z,-0.0625,x,0.1875,y,-0.6875,0.1,0.12200395696014674,0.02200395696014673,0.1,2.2
2014,1.0,20dB_nominal_difference,real,A23_compressed_feedback,OK,XY,z,-0.0625,x,0.3125,y,-0.6875,0.1,0.11656651951388215,0.016566519513882147,0.1,2.2
2014,1.0,20dB_nominal_difference,real,A23_compressed_feedback,OK,XY,z,-0.0625,x,0.4375,y,-0.6875,0.1,0.10668512972682753,0.006685129726827527,0.1,2.2
2014,1.0,20dB_nominal_difference,real,A23_compressed_feedback,OK,XY,z,-0.0625,x,0.5625,y,-0.6875,0.1,0.09182816344417774,-0.008171836555822265,0.1,2.2
2014,1.0,20dB_nominal_difference,real,A23_compressed_feedback,OK,XY,z,-0.0625,x,0.6875,y,-0.6875,0.1,0.06959046577564323,-0.03040953422435677,0.1,2.2
2014,1.0,20dB_nominal_difference,real,A23_compressed_feedback,OK,XY,z,-0.0625,x,-0.6875,y,-0.5625,0.1,0.11114638666171858,0.011146386661718577,0.1,2.2
2014,1.0,20dB_nominal_difference,real,A23_compressed_feedback,OK,XY,z,-0.0625,x,-0.5625,y,-0.5625,0.1,0.11917455311410508,0.01917455311410507,0.1,2.2
2014,1.0,20dB_nominal_difference,real,A23_compressed_feedback,OK,XY,z,-0.0625,x,-0.4375,y,-0.5625,0.1,0.12744646902970408,0.027446469029704074,0.1,2.2
2014,1.0,20dB_nominal_difference,real,A23_compressed_feedback,OK,XY,z,-0.0625,x,-0.3125,y,-0.5625,0.1,0.13549017863175172,0.03549017863175172,0.1,2.2
2014,1.0,20dB_nominal_difference,real,A23_compressed_feedback,OK,XY,z,-0.0625,x,-0.1875,y,-0.5625,0.1,0.14254639424342472,0.04254639424342471,0.1,2.2
2014,1.0,20dB_nominal_difference,real,A23_compressed_feedback,OK,XY,z,-0.0625,x,-0.0625,y,-0.5625,0.1,0.14754075526416777,0.04754075526416776,0.1,2.2
2014,1.0,20dB_nominal_difference,real,A23_compressed_feedback,OK,XY,z,-0.0625,x,0.0625,y,-0.5625,0.1,0.14928361114020633,0.049283611140206324,0.1,2.2
2014,1.0,20dB_nominal_difference,real,A23_compressed_feedback,OK,XY,z,-0.0625,x,0.1875,y,-0.5625,0.1,0.1466951173492683,0.04669511734926829,0.1,2.2
2014,1.0,20dB_nominal_difference,real,A23_compressed_feedback,OK,XY,z,-0.0625,x,0.3125,y,-0.5625,0.1,0.13902178652774613,0.03902178652774613,0.1,2.2
2014,1.0,20dB_nominal_difference,real,A23_compressed_feedback,OK,XY,z,-0.0625,x,0.4375,y,-0.5625,0.1,0.12601311822794534,0.02601311822794533,0.1,2.2
2014,1.0,20dB_nominal_difference,real,A23_compressed_feedback,OK,XY,z,-0.0625,x,0.5625,y,-0.5625,0.1,0.10810226774997843,0.008102267749978423,0.1,2.2
2014,1.0,20dB_nominal_difference,real,A23_compressed_feedback,OK,XY,z,-0.0625,x,0.6875,y,-0.5625,0.1,0.08736577226013056,-0.012634227739869441,0.1,2.2
2014,1.0,20dB_nominal_difference,real,A23_compressed_feedback,OK,XY,z,-0.0625,x,-0.6875,y,-0.4375,0.1,0.11915711667146534,0.01915711667146533,0.1,2.2
2014,1.0,20dB_nominal_difference,real,A23_compressed_feedback,OK,XY,z,-0.0625,x,-0.5625,y,-0.4375,0.1,0.13112058200449134,0.03112058200449133,0.1,2.2
2014,1.0,20dB_nominal_difference,real,A23_compressed_feedback,OK,XY,z,-0.0625,x,-0.4375,y,-0.4375,0.1,0.1433414934345797,0.043341493434579687,0.1,2.2
2014,1.0,20dB_nominal_difference,real,A23_compressed_feedback,OK,XY,z,-0.0625,x,-0.3125,y,-0.4375,0.1,0.1548853898903047,0.0548853898903047,0.1,2.2
2014,1.0,20dB_nominal_difference,real,A23_compressed_feedback,OK,XY,z,-0.0625,x,-0.1875,y,-0.4375,0.1,0.16470374679597033,0.06470374679597032,0.1,2.2
2014,1.0,20dB_nominal_difference,real,A23_compressed_feedback,OK,XY,z,-0.0625,x,-0.0625,y,-0.4375,0.1,0.17150857124777516,0.07150857124777515,0.1,2.2
2014,1.0,20dB_nominal_difference,real,A23_compressed_feedback,OK,XY,z,-0.0625,x,0.0625,y,-0.4375,0.1,0.17396471424591844,0.07396471424591844,0.1,2.2
2014,1.0,20dB_nominal_difference,real,A23_compressed_feedback,OK,XY,z,-0.0625,x,0.1875,y,-0.4375,0.1,0.17094753914506897,0.07094753914506896,0.1,2.2
2014,1.0,20dB_nominal_difference,real,A23_compressed_feedback,OK,XY,z,-0.0625,x,0.3125,y,-0.4375,0.1,0.1618173530142682,0.06181735301426819,0.1,2.2
2014,1.0,20dB_nominal_difference,real,A23_compressed_feedback,OK,XY,z,-0.0625,x,0.4375,y,-0.4375,0.1,0.1466952434195195,0.0466952434195195,0.1,2.2
2014,1.0,20dB_nominal_difference,real,A23_compressed_feedback,OK,XY,z,-0.0625,x,0.5625,y,-0.4375,0.1,0.126794555135904,0.026794555135904008,0.1,2.2
2014,1.0,20dB_nominal_difference,real,A23_compressed_feedback,OK,XY,z,-0.0625,x,0.6875,y,-0.4375,0.1,0.10521281367231299,0.00521281367231298,0.1,2.2
2014,1.0,20dB_nominal_difference,real,A23_compressed_feedback,OK,XY,z,-0.0625,x,-0.6875,y,-0.3125,0.1,0.12390912679379529,0.023909126793795282,0.1,2.2
2014,1.0,20dB_nominal_difference,real,A23_compressed_feedback,OK,XY,z,-0.0625,x,-0.5625,y,-0.3125,0.1,0.13903817858753925,0.039038178587539246,0.1,2.2
2014,1.0,20dB_nominal_difference,real,A23_compressed_feedback,OK,XY,z,-0.0625,x,-0.4375,y,-0.3125,0.1,0.15439851227111545,0.054398512271115446,0.1,2.2
2014,1.0,20dB_nominal_difference,real,A23_compressed_feedback,OK,XY,z,-0.0625,x,-0.3125,y,-0.3125,0.1,0.16884844726589668,0.06884844726589667,0.1,2.2
2014,1.0,20dB_nominal_difference,real,A23_compressed_feedback,OK,XY,z,-0.0625,x,-0.1875,y,-0.3125,0.1,0.18115497164277522,0.08115497164277521,0.1,2.2
2014,1.0,20dB_nominal_difference,real,A23_compressed_feedback,OK,XY,z,-0.0625,x,-0.0625,y,-0.3125,0.1,0.18984837957047201,0.08984837957047201,0.1,2.2
2014,1.0,20dB_nominal_difference,real,A23_compressed_feedback,OK,XY,z,-0.0625,x,0.0625,y,-0.3125,2.2,0.19345347782154504,-2.0065465221784553,0.1,2.2
2014,1.0,20dB_nominal_difference,real,A23_compressed_feedback,OK,XY,z,-0.0625,x,0.1875,y,-0.3125,0.1,0.1907814757145972,0.09078147571459719,0.1,2.2
2014,1.0,20dB_nominal_difference,real,A23_compressed_feedback,OK,XY,z,-0.0625,x,0.3125,y,-0.3125,0.1,0.18123940011500828,0.08123940011500827,0.1,2.2
2014,1.0,20dB_nominal_difference,real,A23_compressed_feedback,OK,XY,z,-0.0625,x,0.4375,y,-0.3125,0.1,0.16512507759581962,0.06512507759581962,0.1,2.2
2014,1.0,20dB_nominal_difference,real,A23_compressed_feedback,OK,XY,z,-0.0625,x,0.5625,y,-0.3125,0.1,0.1438858756220035,0.043885875622003495,0.1,2.2
2014,1.0,20dB_nominal_difference,real,A23_compressed_feedback,OK,XY,z,-0.0625,x,0.6875,y,-0.3125,0.1,0.12085988098117903,0.020859880981179024,0.1,2.2
2014,1.0,20dB_nominal_difference,real,A23_compressed_feedback,OK,XY,z,-0.0625,x,-0.6875,y,-0.1875,0.1,0.12490798903548103,0.024907989035481026,0.1,2.2
2014,1.0,20dB_nominal_difference,real,A23_compressed_feedback,OK,XY,z,-0.0625,x,-0.5625,y,-0.1875,0.1,0.14207722801625866,0.042077228016258655,0.1,2.2
2014,1.0,20dB_nominal_difference,real,A23_compressed_feedback,OK,XY,z,-0.0625,x,-0.4375,y,-0.1875,0.1,0.15960262804053166,0.05960262804053165,0.1,2.2
2014,1.0,20dB_nominal_difference,real,A23_compressed_feedback,OK,XY,z,-0.0625,x,-0.3125,y,-0.1875,0.9,0.17623502681805153,-0.7237649731819484,0.1,2.2
2014,1.0,20dB_nominal_difference,real,A23_compressed_feedback,OK,XY,z,-0.0625,x,-0.1875,y,-0.1875,0.9,0.1906437693871081,-0.709356230612892,0.1,2.2
2014,1.0,20dB_nominal_difference,real,A23_compressed_feedback,OK,XY,z,-0.0625,x,-0.0625,y,-0.1875,0.1,0.2012326992888977,0.10123269928889769,0.1,2.2
2014,1.0,20dB_nominal_difference,real,A23_compressed_feedback,OK,XY,z,-0.0625,x,0.0625,y,-0.1875,0.1,0.20640438072013995,0.10640438072013994,0.1,2.2
2014,1.0,20dB_nominal_difference,real,A23_compressed_feedback,OK,XY,z,-0.0625,x,0.1875,y,-0.1875,0.1,0.2048768531795405,0.10487685317954049,0.1,2.2
2014,1.0,20dB_nominal_difference,real,A23_compressed_feedback,OK,XY,z,-0.0625,x,0.3125,y,-0.1875,0.1,0.19600438157392586,0.09600438157392585,0.1,2.2
2014,1.0,20dB_nominal_difference,real,A23_compressed_feedback,OK,XY,z,-0.0625,x,0.4375,y,-0.1875,0.1,0.18005524123802114,0.08005524123802113,0.1,2.2
2014,1.0,20dB_nominal_difference,real,A23_compressed_feedback,OK,XY,z,-0.0625,x,0.5625,y,-0.1875,0.1,0.1584025288966223,0.058402528896622286,0.1,2.2
2014,1.0,20dB_nominal_difference,real,A23_compressed_feedback,OK,XY,z,-0.0625,x,0.6875,y,-0.1875,0.1,0.1344700402689088,0.03447004026890879,0.1,2.2
2014,1.0,20dB_nominal_difference,real,A23_compressed_feedback,OK,XY,z,-0.0625,x,-0.6875,y,-0.0625,0.1,0.12225408874492011,0.022254088744920103,0.1,2.2
2014,1.0,20dB_nominal_difference,real,A23_compressed_feedback,OK,XY,z,-0.0625,x,-0.5625,y,-0.0625,0.1,0.1401851479871505,0.040185147987150505,0.1,2.2
2014,1.0,20dB_nominal_difference,real,A23_compressed_feedback,OK,XY,z,-0.0625,x,-0.4375,y,-0.0625,0.1,0.15875864801432013,0.058758648014320125,0.1,2.2
2014,1.0,20dB_nominal_difference,real,A23_compressed_feedback,OK,XY,z,-0.0625,x,-0.3125,y,-0.0625,0.9,0.17670278844232917,-0.7232972115576708,0.1,2.2
2014,1.0,20dB_nominal_difference,real,A23_compressed_feedback,OK,XY,z,-0.0625,x,-0.1875,y,-0.0625,0.9,0.19265516065800814,-0.7073448393419919,0.1,2.2
2014,1.0,20dB_nominal_difference,real,A23_compressed_feedback,OK,XY,z,-0.0625,x,-0.0625,y,-0.0625,0.1,0.20495316037250014,0.10495316037250013,0.1,2.2
2014,1.0,20dB_nominal_difference,real,A23_compressed_feedback,OK,XY,z,-0.0625,x,0.0625,y,-0.0625,0.1,0.21191209636402147,0.11191209636402147,0.1,2.2
2014,1.0,20dB_nominal_difference,real,A23_compressed_feedback,OK,XY,z,-0.0625,x,0.1875,y,-0.0625,0.1,0.21214964590499974,0.11214964590499973,0.1,2.2
2014,1.0,20dB_nominal_difference,real,A23_compressed_feedback,OK,XY,z,-0.0625,x,0.3125,y,-0.0625,0.1,0.20490149128477808,0.10490149128477808,0.1,2.2
2014,1.0,20dB_nominal_difference,real,A23_compressed_feedback,OK,XY,z,-0.0625,x,0.4375,y,-0.0625,0.1,0.19027693624742253,0.09027693624742253,0.1,2.2
2014,1.0,20dB_nominal_difference,real,A23_compressed_feedback,OK,XY,z,-0.0625,x,0.5625,y,-0.0625,0.1,0.1694167610755964,0.06941676107559638,0.1,2.2
2014,1.0,20dB_nominal_difference,real,A23_compressed_feedback,OK,XY,z,-0.0625,x,0.6875,y,-0.0625,0.1,0.14569414279022508,0.04569414279022507,0.1,2.2
2014,1.0,20dB_nominal_difference,real,A23_compressed_feedback,OK,XY,z,-0.0625,x,-0.6875,y,0.0625,0.1,0.11646301214813928,0.016463012148139278,0.1,2.2
2014,1.0,20dB_nominal_difference,real,A23_compressed_feedback,OK,XY,z,-0.0625,x,-0.5625,y,0.0625,0.1,0.13391375061586072,0.033913750615860716,0.1,2.2
2014,1.0,20dB_nominal_difference,real,A23_compressed_feedback,OK,XY,z,-0.0625,x,-0.4375,y,0.0625,0.1,0.1523785632372363,0.0523785632372363,0.1,2.2
2014,1.0,20dB_nominal_difference,real,A23_compressed_feedback,OK,XY,z,-0.0625,x,-0.3125,y,0.0625,0.1,0.17064421155654186,0.07064421155654185,0.1,2.2
2014,1.0,20dB_nominal_difference,real,A23_compressed_feedback,OK,XY,z,-0.0625,x,-0.1875,y,0.0625,0.1,0.18737527114256963,0.08737527114256963,0.1,2.2
2014,1.0,20dB_nominal_difference,real,A23_compressed_feedback,OK,XY,z,-0.0625,x,-0.0625,y,0.0625,0.1,0.20091055300833122,0.10091055300833121,0.1,2.2
2014,1.0,20dB_nominal_difference,real,A23_compressed_feedback,OK,XY,z,-0.0625,x,0.0625,y,0.0625,0.1,0.20953923741082892,0.10953923741082891,0.1,2.2
2014,1.0,20dB_nominal_difference,real,A23_compressed_feedback,OK,XY,z,-0.0625,x,0.1875,y,0.0625,0.1,0.21181445139087696,0.11181445139087695,0.1,2.2
2014,1.0,20dB_nominal_difference,real,A23_compressed_feedback,OK,XY,z,-0.0625,x,0.3125,y,0.0625,1.5500000000000003,0.20684991785617565,-1.3431500821438247,0.1,2.2
2014,1.0,20dB_nominal_difference,real,A23_compressed_feedback,OK,XY,z,-0.0625,x,0.4375,y,0.0625,0.1,0.19455198141496152,0.09455198141496152,0.1,2.2
2014,1.0,20dB_nominal_difference,real,A23_compressed_feedback,OK,XY,z,-0.0625,x,0.5625,y,0.0625,0.1,0.17575873167066602,0.07575873167066602,0.1,2.2
2014,1.0,20dB_nominal_difference,real,A23_compressed_feedback,OK,XY,z,-0.0625,x,0.6875,y,0.0625,0.1,0.15362949094118625,0.05362949094118624,0.1,2.2
2014,1.0,20dB_nominal_difference,real,A23_compressed_feedback,OK,XY,z,-0.0625,x,-0.6875,y,0.1875,0.1,0.10831552820087241,0.008315528200872405,0.1,2.2
2014,1.0,20dB_nominal_difference,real,A23_compressed_feedback,OK,XY,z,-0.0625,x,-0.5625,y,0.1875,0.1,0.12423143614988463,0.024231436149884628,0.1,2.2
2014,1.0,20dB_nominal_difference,real,A23_compressed_feedback,OK,XY,z,-0.0625,x,-0.4375,y,0.1875,0.1,0.1415064326973554,0.041506432697355405,0.1,2.2
2014,1.0,20dB_nominal_difference,real,A23_compressed_feedback,OK,XY,z,-0.0625,x,-0.3125,y,0.1875,0.1,0.1590461784064104,0.05904617840641038,0.1,2.2
2014,1.0,20dB_nominal_difference,real,A23_compressed_feedback,OK,XY,z,-0.0625,x,-0.1875,y,0.1875,0.1,0.17559411579712178,0.07559411579712177,0.1,2.2
2014,1.0,20dB_nominal_difference,real,A23_compressed_feedback,OK,XY,z,-0.0625,x,-0.0625,y,0.1875,0.1,0.18956977409602446,0.08956977409602446,0.1,2.2
2014,1.0,20dB_nominal_difference,real,A23_compressed_feedback,OK,XY,z,-0.0625,x,0.0625,y,0.1875,0.1,0.19932909002516974,0.09932909002516974,0.1,2.2
2014,1.0,20dB_nominal_difference,real,A23_compressed_feedback,OK,XY,z,-0.0625,x,0.1875,y,0.1875,1.5500000000000003,0.20344675219014693,-1.3465532478098534,0.1,2.2
2014,1.0,20dB_nominal_difference,real,A23_compressed_feedback,OK,XY,z,-0.0625,x,0.3125,y,0.1875,1.5500000000000003,0.20097800291375578,-1.3490219970862445,0.1,2.2
2014,1.0,20dB_nominal_difference,real,A23_compressed_feedback,OK,XY,z,-0.0625,x,0.4375,y,0.1875,1.5500000000000003,0.19166099888612514,-1.3583390011138752,0.1,2.2
2014,1.0,20dB_nominal_difference,real,A23_compressed_feedback,OK,XY,z,-0.0625,x,0.5625,y,0.1875,0.1,0.176036767854463,0.076036767854463,0.1,2.2
2014,1.0,20dB_nominal_difference,real,A23_compressed_feedback,OK,XY,z,-0.0625,x,0.6875,y,0.1875,0.1,0.15690489700967855,0.056904897009678546,0.1,2.2
2014,1.0,20dB_nominal_difference,real,A23_compressed_feedback,OK,XY,z,-0.0625,x,-0.6875,y,0.3125,0.1,0.09872767279179835,-0.001272327208201654,0.1,2.2
2014,1.0,20dB_nominal_difference,real,A23_compressed_feedback,OK,XY,z,-0.0625,x,-0.5625,y,0.3125,0.1,0.11234297360598151,0.012342973605981508,0.1,2.2
2014,1.0,20dB_nominal_difference,real,A23_compressed_feedback,OK,XY,z,-0.0625,x,-0.4375,y,0.3125,0.1,0.12752232536535477,0.02752232536535476,0.1,2.2
2014,1.0,20dB_nominal_difference,real,A23_compressed_feedback,OK,XY,z,-0.0625,x,-0.3125,y,0.3125,0.1,0.14330867821908477,0.04330867821908477,0.1,2.2
2014,1.0,20dB_nominal_difference,real,A23_compressed_feedback,OK,XY,z,-0.0625,x,-0.1875,y,0.3125,0.1,0.15856332669542428,0.05856332669542427,0.1,2.2
2014,1.0,20dB_nominal_difference,real,A23_compressed_feedback,OK,XY,z,-0.0625,x,-0.0625,y,0.3125,0.1,0.17187713871132934,0.07187713871132934,0.1,2.2
2014,1.0,20dB_nominal_difference,real,A23_compressed_feedback,OK,XY,z,-0.0625,x,0.0625,y,0.3125,0.1,0.1817962910752436,0.08179629107524358,0.1,2.2
2014,1.0,20dB_nominal_difference,real,A23_compressed_feedback,OK,XY,z,-0.0625,x,0.1875,y,0.3125,0.1,0.18704877101392747,0.08704877101392747,0.1,2.2
2014,1.0,20dB_nominal_difference,real,A23_compressed_feedback,OK,XY,z,-0.0625,x,0.3125,y,0.3125,1.5500000000000003,0.18675141219767938,-1.3632485878023208,0.1,2.2
2014,1.0,20dB_nominal_difference,real,A23_compressed_feedback,OK,XY,z,-0.0625,x,0.4375,y,0.3125,0.1,0.1805720456788271,0.08057204567882709,0.1,2.2
2014,1.0,20dB_nominal_difference,real,A23_compressed_feedback,OK,XY,z,-0.0625,x,0.5625,y,0.3125,0.1,0.16882911516425092,0.06882911516425091,0.1,2.2
2014,1.0,20dB_nominal_difference,real,A23_compressed_feedback,OK,XY,z,-0.0625,x,0.6875,y,0.3125,0.1,0.15388122833864953,0.05388122833864953,0.1,2.2
2014,1.0,20dB_nominal_difference,real,A23_compressed_feedback,OK,XY,z,-0.0625,x,-0.6875,y,0.4375,0.1,0.088665272788584,-0.011334727211416012,0.1,2.2
2014,1.0,20dB_nominal_difference,real,A23_compressed_feedback,OK,XY,z,-0.0625,x,-0.5625,y,0.4375,0.1,0.09953485131123907,-0.00046514868876093574,0.1,2.2
2014,1.0,20dB_nominal_difference,real,A23_compressed_feedback,OK,XY,z,-0.0625,x,-0.4375,y,0.4375,0.1,0.11195289053694231,0.011952890536942304,0.1,2.2
2014,1.0,20dB_nominal_difference,real,A23_compressed_feedback,OK,XY,z,-0.0625,x,-0.3125,y,0.4375,0.1,0.1250516127446903,0.025051612744690283,0.1,2.2
2014,1.0,20dB_nominal_difference,real,A23_compressed_feedback,OK,XY,z,-0.0625,x,-0.1875,y,0.4375,0.1,0.1378319753813783,0.03783197538137831,0.1,2.2
2014,1.0,20dB_nominal_difference,real,A23_compressed_feedback,OK,XY,z,-0.0625,x,-0.0625,y,0.4375,0.1,0.1491553236076687,0.049155323607668694,0.1,2.2
2014,1.0,20dB_nominal_difference,real,A23_compressed_feedback,OK,XY,z,-0.0625,x,0.0625,y,0.4375,0.1,0.15790343412692068,0.05790343412692067,0.1,2.2
2014,1.0,20dB_nominal_difference,real,A23_compressed_feedback,OK,XY,z,-0.0625,x,0.1875,y,0.4375,0.1,0.16312171994534252,0.06312171994534252,0.1,2.2
2014,1.0,20dB_nominal_difference,real,A23_compressed_feedback,OK,XY,z,-0.0625,x,0.3125,y,0.4375,0.1,0.16414708502006292,0.06414708502006292,0.1,2.2
2014,1.0,20dB_nominal_difference,real,A23_compressed_feedback,OK,XY,z,-0.0625,x,0.4375,y,0.4375,0.1,0.16071007403530488,0.06071007403530487,0.1,2.2
2014,1.0,20dB_nominal_difference,real,A23_compressed_feedback,OK,XY,z,-0.0625,x,0.5625,y,0.4375,0.1,0.15301216802097684,0.05301216802097683,0.1,2.2
2014,1.0,20dB_nominal_difference,real,A23_compressed_feedback,OK,XY,z,-0.0625,x,0.6875,y,0.4375,0.1,0.14296593075506026,0.04296593075506025,0.1,2.2
2014,1.0,20dB_nominal_difference,real,A23_compressed_feedback,OK,XY,z,-0.0625,x,-0.6875,y,0.5625,0.1,0.07913652995303534,-0.020863470046964663,0.1,2.2
2014,1.0,20dB_nominal_difference,real,A23_compressed_feedback,OK,XY,z,-0.0625,x,-0.5625,y,0.5625,0.1,0.08705525630299162,-0.01294474369700839,0.1,2.2
2014,1.0,20dB_nominal_difference,real,A23_compressed_feedback,OK,XY,z,-0.0625,x,-0.4375,y,0.5625,0.1,0.09629931633233971,-0.0037006836676602983,0.1,2.2
2014,1.0,20dB_nominal_difference,real,A23_compressed_feedback,OK,XY,z,-0.0625,x,-0.3125,y,0.5625,0.1,0.10592915556386645,0.005929155563866445,0.1,2.2
2014,1.0,20dB_nominal_difference,real,A23_compressed_feedback,OK,XY,z,-0.0625,x,-0.1875,y,0.5625,0.1,0.11508692922893309,0.01508692922893308,0.1,2.2
2014,1.0,20dB_nominal_difference,real,A23_compressed_feedback,OK,XY,z,-0.0625,x,-0.0625,y,0.5625,0.1,0.12300106719777132,0.023001067197771313,0.1,2.2
2014,1.0,20dB_nominal_difference,real,A23_compressed_feedback,OK,XY,z,-0.0625,x,0.0625,y,0.5625,0.1,0.12903811861399467,0.029038118613994662,0.1,2.2
2014,1.0,20dB_nominal_difference,real,A23_compressed_feedback,OK,XY,z,-0.0625,x,0.1875,y,0.5625,0.1,0.13273947520437035,0.032739475204370344,0.1,2.2
2014,1.0,20dB_nominal_difference,real,A23_compressed_feedback,OK,XY,z,-0.0625,x,0.3125,y,0.5625,0.1,0.13384476934390427,0.03384476934390426,0.1,2.2
2014,1.0,20dB_nominal_difference,real,A23_compressed_feedback,OK,XY,z,-0.0625,x,0.4375,y,0.5625,0.1,0.13229732564622768,0.03229732564622767,0.1,2.2
2014,1.0,20dB_nominal_difference,real,A23_compressed_feedback,OK,XY,z,-0.0625,x,0.5625,y,0.5625,0.1,0.12824294140644776,0.028242941406447758,0.1,2.2
2014,1.0,20dB_nominal_difference,real,A23_compressed_feedback,OK,XY,z,-0.0625,x,0.6875,y,0.5625,0.1,0.12304688974547351,0.023046889745473503,0.1,2.2
2014,1.0,20dB_nominal_difference,real,A23_compressed_feedback,OK,XY,z,-0.0625,x,-0.6875,y,0.6875,0.1,0.07158272213544256,-0.028417277864557444,0.1,2.2
2014,1.0,20dB_nominal_difference,real,A23_compressed_feedback,OK,XY,z,-0.0625,x,-0.5625,y,0.6875,0.1,0.07643881395384669,-0.023561186046153315,0.1,2.2
2014,1.0,20dB_nominal_difference,real,A23_compressed_feedback,OK,XY,z,-0.0625,x,-0.4375,y,0.6875,0.1,0.08263983217677953,-0.017360167823220474,0.1,2.2
2014,1.0,20dB_nominal_difference,real,A23_compressed_feedback,OK,XY,z,-0.0625,x,-0.3125,y,0.6875,0.1,0.08856351017262064,-0.011436489827379367,0.1,2.2
2014,1.0,20dB_nominal_difference,real,A23_compressed_feedback,OK,XY,z,-0.0625,x,-0.1875,y,0.6875,0.1,0.09342324044950566,-0.006576759550494346,0.1,2.2
2014,1.0,20dB_nominal_difference,real,A23_compressed_feedback,OK,XY,z,-0.0625,x,-0.0625,y,0.6875,0.1,0.09685596148232696,-0.003144038517673045,0.1,2.2
2014,1.0,20dB_nominal_difference,real,A23_compressed_feedback,OK,XY,z,-0.0625,x,0.0625,y,0.6875,0.1,0.09881777242957762,-0.001182227570422384,0.1,2.2
2014,1.0,20dB_nominal_difference,real,A23_compressed_feedback,OK,XY,z,-0.0625,x,0.1875,y,0.6875,0.1,0.09950279455213017,-0.000497205447869839,0.1,2.2
2014,1.0,20dB_nominal_difference,real,A23_compressed_feedback,OK,XY,z,-0.0625,x,0.3125,y,0.6875,0.1,0.09924951435021505,-0.0007504856497849571,0.1,2.2
2014,1.0,20dB_nominal_difference,real,A23_compressed_feedback,OK,XY,z,-0.0625,x,0.4375,y,0.6875,0.1,0.09842735522262416,-0.0015726447773758423,0.1,2.2
2014,1.0,20dB_nominal_difference,real,A23_compressed_feedback,OK,XY,z,-0.0625,x,0.5625,y,0.6875,0.1,0.09727647020563207,-0.002723529794367935,0.1,2.2
2014,1.0,20dB_nominal_difference,real,A23_compressed_feedback,OK,XY,z,-0.0625,x,0.6875,y,0.6875,0.1,0.0958032337922746,-0.004196766207725411,0.1,2.2
2014,1.0,20dB_nominal_difference,real,A23_compressed_feedback,OK,XZ,y,-0.0625,x,-0.6875,z,-0.6875,0.1,0.05340061123790637,-0.04659938876209364,0.1,2.2
2014,1.0,20dB_nominal_difference,real,A23_compressed_feedback,OK,XZ,y,-0.0625,x,-0.5625,z,-0.6875,0.1,0.060178718991209676,-0.03982128100879033,0.1,2.2
2014,1.0,20dB_nominal_difference,real,A23_compressed_feedback,OK,XZ,y,-0.0625,x,-0.4375,z,-0.6875,0.1,0.07080269985334854,-0.029197300146651464,0.1,2.2
2014,1.0,20dB_nominal_difference,real,A23_compressed_feedback,OK,XZ,y,-0.0625,x,-0.3125,z,-0.6875,0.1,0.08283548428361501,-0.017164515716384998,0.1,2.2
2014,1.0,20dB_nominal_difference,real,A23_compressed_feedback,OK,XZ,y,-0.0625,x,-0.1875,z,-0.6875,0.1,0.09441537909613361,-0.005584620903866397,0.1,2.2
2014,1.0,20dB_nominal_difference,real,A23_compressed_feedback,OK,XZ,y,-0.0625,x,-0.0625,z,-0.6875,0.1,0.10379832347090268,0.0037983234709026703,0.1,2.2
2014,1.0,20dB_nominal_difference,real,A23_compressed_feedback,OK,XZ,y,-0.0625,x,0.0625,z,-0.6875,0.1,0.10961879032110607,0.00961879032110606,0.1,2.2
2014,1.0,20dB_nominal_difference,real,A23_compressed_feedback,OK,XZ,y,-0.0625,x,0.1875,z,-0.6875,0.1,0.111181396180633,0.011181396180632991,0.1,2.2
2014,1.0,20dB_nominal_difference,real,A23_compressed_feedback,OK,XZ,y,-0.0625,x,0.3125,z,-0.6875,0.1,0.10870700274306284,0.008707002743062839,0.1,2.2
2014,1.0,20dB_nominal_difference,real,A23_compressed_feedback,OK,XZ,y,-0.0625,x,0.4375,z,-0.6875,0.1,0.10355157544289773,0.0035515754428977198,0.1,2.2
2014,1.0,20dB_nominal_difference,real,A23_compressed_feedback,OK,XZ,y,-0.0625,x,0.5625,z,-0.6875,0.1,0.0986797873051773,-0.0013202126948227005,0.1,2.2
2014,1.0,20dB_nominal_difference,real,A23_compressed_feedback,OK,XZ,y,-0.0625,x,0.6875,z,-0.6875,0.1,0.10216312603686463,0.002163126036864624,0.1,2.2
2014,1.0,20dB_nominal_difference,real,A23_compressed_feedback,OK,XZ,y,-0.0625,x,-0.6875,z,-0.5625,0.1,0.07472090279863806,-0.02527909720136194,0.1,2.2
2014,1.0,20dB_nominal_difference,real,A23_compressed_feedback,OK,XZ,y,-0.0625,x,-0.5625,z,-0.5625,0.1,0.08502389531867378,-0.014976104681326222,0.1,2.2
2014,1.0,20dB_nominal_difference,real,A23_compressed_feedback,OK,XZ,y,-0.0625,x,-0.4375,z,-0.5625,0.1,0.09851680960178526,-0.0014831903982147482,0.1,2.2
2014,1.0,20dB_nominal_difference,real,A23_compressed_feedback,OK,XZ,y,-0.0625,x,-0.3125,z,-0.5625,0.1,0.1133608520878982,0.013360852087898195,0.1,2.2
2014,1.0,20dB_nominal_difference,real,A23_compressed_feedback,OK,XZ,y,-0.0625,x,-0.1875,z,-0.5625,0.1,0.12753313115532336,0.027533131155323354,0.1,2.2
2014,1.0,20dB_nominal_difference,real,A23_compressed_feedback,OK,XZ,y,-0.0625,x,-0.0625,z,-0.5625,0.1,0.13906931274182047,0.03906931274182046,0.1,2.2
2014,1.0,20dB_nominal_difference,real,A23_compressed_feedback,OK,XZ,y,-0.0625,x,0.0625,z,-0.5625,0.1,0.14635692291557842,0.046356922915578413,0.1,2.2
2014,1.0,20dB_nominal_difference,real,A23_compressed_feedback,OK,XZ,y,-0.0625,x,0.1875,z,-0.5625,0.1,0.14845761474820063,0.04845761474820062,0.1,2.2
2014,1.0,20dB_nominal_difference,real,A23_compressed_feedback,OK,XZ,y,-0.0625,x,0.3125,z,-0.5625,0.1,0.1453932368840353,0.04539323688403529,0.1,2.2
2014,1.0,20dB_nominal_difference,real,A23_compressed_feedback,OK,XZ,y,-0.0625,x,0.4375,z,-0.5625,0.1,0.13835648484102092,0.038356484841020916,0.1,2.2
2014,1.0,20dB_nominal_difference,real,A23_compressed_feedback,OK,XZ,y,-0.0625,x,0.5625,z,-0.5625,0.1,0.12977565542581307,0.029775655425813063,0.1,2.2
2014,1.0,20dB_nominal_difference,real,A23_compressed_feedback,OK,XZ,y,-0.0625,x,0.6875,z,-0.5625,0.1,0.12294444987686265,0.022944449876862644,0.1,2.2
2014,1.0,20dB_nominal_difference,real,A23_compressed_feedback,OK,XZ,y,-0.0625,x,-0.6875,z,-0.4375,0.1,0.09185376573538631,-0.008146234264613694,0.1,2.2
2014,1.0,20dB_nominal_difference,real,A23_compressed_feedback,OK,XZ,y,-0.0625,x,-0.5625,z,-0.4375,0.1,0.10560552200238242,0.005605522002382415,0.1,2.2
2014,1.0,20dB_nominal_difference,real,A23_compressed_feedback,OK,XZ,y,-0.0625,x,-0.4375,z,-0.4375,0.1,0.12166055946776608,0.021660559467766072,0.1,2.2
2014,1.0,20dB_nominal_difference,real,A23_compressed_feedback,OK,XZ,y,-0.0625,x,-0.3125,z,-0.4375,0.1,0.13857876025965446,0.038578760259654454,0.1,2.2
2014,1.0,20dB_nominal_difference,real,A23_compressed_feedback,OK,XZ,y,-0.0625,x,-0.1875,z,-0.4375,0.1,0.1544662597480287,0.054466259748028684,0.1,2.2
2014,1.0,20dB_nominal_difference,real,A23_compressed_feedback,OK,XZ,y,-0.0625,x,-0.0625,z,-0.4375,0.1,0.16732029363621947,0.06732029363621947,0.1,2.2
2014,1.0,20dB_nominal_difference,real,A23_compressed_feedback,OK,XZ,y,-0.0625,x,0.0625,z,-0.4375,0.1,0.17539214415463245,0.07539214415463244,0.1,2.2
2014,1.0,20dB_nominal_difference,real,A23_compressed_feedback,OK,XZ,y,-0.0625,x,0.1875,z,-0.4375,0.1,0.1775341860620977,0.07753418606209769,0.1,2.2
2014,1.0,20dB_nominal_difference,real,A23_compressed_feedback,OK,XZ,y,-0.0625,x,0.3125,z,-0.4375,0.1,0.17348777236369428,0.07348777236369428,0.1,2.2
2014,1.0,20dB_nominal_difference,real,A23_compressed_feedback,OK,XZ,y,-0.0625,x,0.4375,z,-0.4375,0.1,0.16403245344584672,0.06403245344584671,0.1,2.2
2014,1.0,20dB_nominal_difference,real,A23_compressed_feedback,OK,XZ,y,-0.0625,x,0.5625,z,-0.4375,0.1,0.15084611817707316,0.05084611817707316,0.1,2.2
2014,1.0,20dB_nominal_difference,real,A23_compressed_feedback,OK,XZ,y,-0.0625,x,0.6875,z,-0.4375,0.1,0.13637112564810872,0.03637112564810871,0.1,2.2
2014,1.0,20dB_nominal_difference,real,A23_compressed_feedback,OK,XZ,y,-0.0625,x,-0.6875,z,-0.3125,0.1,0.10584628448109504,0.005846284481095032,0.1,2.2
2014,1.0,20dB_nominal_difference,real,A23_compressed_feedback,OK,XZ,y,-0.0625,x,-0.5625,z,-0.3125,0.1,0.12220652561400787,0.022206525614007863,0.1,2.2
2014,1.0,20dB_nominal_difference,real,A23_compressed_feedback,OK,XZ,y,-0.0625,x,-0.4375,z,-0.3125,0.1,0.14023550413648914,0.04023550413648913,0.1,2.2
2014,1.0,20dB_nominal_difference,real,A23_compressed_feedback,OK,XZ,y,-0.0625,x,-0.3125,z,-0.3125,0.1,0.158583033813273,0.05858303381327298,0.1,2.2
2014,1.0,20dB_nominal_difference,real,A23_compressed_feedback,OK,XZ,y,-0.0625,x,-0.1875,z,-0.3125,0.1,0.17549392828034271,0.07549392828034271,0.1,2.2
2014,1.0,20dB_nominal_difference,real,A23_compressed_feedback,OK,XZ,y,-0.0625,x,-0.0625,z,-0.3125,0.1,0.18900646900657614,0.08900646900657613,0.1,2.2
2014,1.0,20dB_nominal_difference,real,A23_compressed_feedback,OK,XZ,y,-0.0625,x,0.0625,z,-0.3125,0.1,0.19730897309684337,0.09730897309684336,0.1,2.2
2014,1.0,20dB_nominal_difference,real,A23_compressed_feedback,OK,XZ,y,-0.0625,x,0.1875,z,-0.3125,0.1,0.19909293159028418,0.09909293159028418,0.1,2.2
2014,1.0,20dB_nominal_difference,real,A23_compressed_feedback,OK,XZ,y,-0.0625,x,0.3125,z,-0.3125,0.1,0.19384866685922764,0.09384866685922763,0.1,2.2
2014,1.0,20dB_nominal_difference,real,A23_compressed_feedback,OK,XZ,y,-0.0625,x,0.4375,z,-0.3125,0.1,0.18203235625293387,0.08203235625293387,0.1,2.2
2014,1.0,20dB_nominal_difference,real,A23_compressed_feedback,OK,XZ,y,-0.0625,x,0.5625,z,-0.3125,0.1,0.16503132739103377,0.06503132739103376,0.1,2.2
2014,1.0,20dB_nominal_difference,real,A23_compressed_feedback,OK,XZ,y,-0.0625,x,0.6875,z,-0.3125,0.1,0.14560120217776717,0.04560120217776717,0.1,2.2
2014,1.0,20dB_nominal_difference,real,A23_compressed_feedback,OK,XZ,y,-0.0625,x,-0.6875,z,-0.1875,0.1,0.11606002290313171,0.0160600229031317,0.1,2.2
2014,1.0,20dB_nominal_difference,real,A23_compressed_feedback,OK,XZ,y,-0.0625,x,-0.5625,z,-0.1875,0.1,0.1338615868193746,0.033861586819374595,0.1,2.2
2014,1.0,20dB_nominal_difference,real,A23_compressed_feedback,OK,XZ,y,-0.0625,x,-0.4375,z,-0.1875,0.1,0.15279449294915298,0.05279449294915298,0.1,2.2
2014,1.0,20dB_nominal_difference,real,A23_compressed_feedback,OK,XZ,y,-0.0625,x,-0.3125,z,-0.1875,0.1,0.17154009778243662,0.07154009778243661,0.1,2.2
2014,1.0,20dB_nominal_difference,real,A23_compressed_feedback,OK,XZ,y,-0.0625,x,-0.1875,z,-0.1875,0.1,0.18850894811467755,0.08850894811467755,0.1,2.2
2014,1.0,20dB_nominal_difference,real,A23_compressed_feedback,OK,XZ,y,-0.0625,x,-0.0625,z,-0.1875,0.1,0.20185051327057235,0.10185051327057235,0.1,2.2
2014,1.0,20dB_nominal_difference,real,A23_compressed_feedback,OK,XZ,y,-0.0625,x,0.0625,z,-0.1875,0.1,0.20977321374818622,0.10977321374818622,0.1,2.2
2014,1.0,20dB_nominal_difference,real,A23_compressed_feedback,OK,XZ,y,-0.0625,x,0.1875,z,-0.1875,0.1,0.2108882602303866,0.11088826023038659,0.1,2.2
2014,1.0,20dB_nominal_difference,real,A23_compressed_feedback,OK,XZ,y,-0.0625,x,0.3125,z,-0.1875,0.1,0.2045191970961598,0.10451919709615978,0.1,2.2
2014,1.0,20dB_nominal_difference,real,A23_compressed_feedback,OK,XZ,y,-0.0625,x,0.4375,z,-0.1875,0.1,0.19091984234714984,0.09091984234714984,0.1,2.2
2014,1.0,20dB_nominal_difference,real,A23_compressed_feedback,OK,XZ,y,-0.0625,x,0.5625,z,-0.1875,0.1,0.17136060940417808,0.07136060940417807,0.1,2.2
2014,1.0,20dB_nominal_difference,real,A23_compressed_feedback,OK,XZ,y,-0.0625,x,0.6875,z,-0.1875,0.1,0.14897590222501278,0.048975902225012774,0.1,2.2
2014,1.0,20dB_nominal_difference,real,A23_compressed_feedback,OK,XZ,y,-0.0625,x,-0.6875,z,-0.0625,0.1,0.12225408874492011,0.022254088744920103,0.1,2.2
2014,1.0,20dB_nominal_difference,real,A23_compressed_feedback,OK,XZ,y,-0.0625,x,-0.5625,z,-0.0625,0.1,0.1401851479871505,0.040185147987150505,0.1,2.2
2014,1.0,20dB_nominal_difference,real,A23_compressed_feedback,OK,XZ,y,-0.0625,x,-0.4375,z,-0.0625,0.1,0.15875864801432013,0.058758648014320125,0.1,2.2
2014,1.0,20dB_nominal_difference,real,A23_compressed_feedback,OK,XZ,y,-0.0625,x,-0.3125,z,-0.0625,0.9,0.17670278844232917,-0.7232972115576708,0.1,2.2
2014,1.0,20dB_nominal_difference,real,A23_compressed_feedback,OK,XZ,y,-0.0625,x,-0.1875,z,-0.0625,0.9,0.19265516065800814,-0.7073448393419919,0.1,2.2
2014,1.0,20dB_nominal_difference,real,A23_compressed_feedback,OK,XZ,y,-0.0625,x,-0.0625,z,-0.0625,0.1,0.20495316037250014,0.10495316037250013,0.1,2.2
2014,1.0,20dB_nominal_difference,real,A23_compressed_feedback,OK,XZ,y,-0.0625,x,0.0625,z,-0.0625,0.1,0.21191209636402147,0.11191209636402147,0.1,2.2
2014,1.0,20dB_nominal_difference,real,A23_compressed_feedback,OK,XZ,y,-0.0625,x,0.1875,z,-0.0625,0.1,0.21214964590499974,0.11214964590499973,0.1,2.2
2014,1.0,20dB_nominal_difference,real,A23_compressed_feedback,OK,XZ,y,-0.0625,x,0.3125,z,-0.0625,0.1,0.20490149128477808,0.10490149128477808,0.1,2.2
2014,1.0,20dB_nominal_difference,real,A23_compressed_feedback,OK,XZ,y,-0.0625,x,0.4375,z,-0.0625,0.1,0.19027693624742253,0.09027693624742253,0.1,2.2
2014,1.0,20dB_nominal_difference,real,A23_compressed_feedback,OK,XZ,y,-0.0625,x,0.5625,z,-0.0625,0.1,0.1694167610755964,0.06941676107559638,0.1,2.2
2014,1.0,20dB_nominal_difference,real,A23_compressed_feedback,OK,XZ,y,-0.0625,x,0.6875,z,-0.0625,0.1,0.14569414279022508,0.04569414279022507,0.1,2.2
2014,1.0,20dB_nominal_difference,real,A23_compressed_feedback,OK,XZ,y,-0.0625,x,-0.6875,z,0.0625,0.1,0.12458639382626152,0.024586393826261516,0.1,2.2
2014,1.0,20dB_nominal_difference,real,A23_compressed_feedback,OK,XZ,y,-0.0625,x,-0.5625,z,0.0625,0.1,0.14135251074439992,0.04135251074439991,0.1,2.2
2014,1.0,20dB_nominal_difference,real,A23_compressed_feedback,OK,XZ,y,-0.0625,x,-0.4375,z,0.0625,0.1,0.1583179800956045,0.05831798009560449,0.1,2.2
2014,1.0,20dB_nominal_difference,real,A23_compressed_feedback,OK,XZ,y,-0.0625,x,-0.3125,z,0.0625,0.9,0.17429815339341417,-0.7257018466065859,0.1,2.2
2014,1.0,20dB_nominal_difference,real,A23_compressed_feedback,OK,XZ,y,-0.0625,x,-0.1875,z,0.0625,0.9,0.18822474203480827,-0.7117752579651917,0.1,2.2
2014,1.0,20dB_nominal_difference,real,A23_compressed_feedback,OK,XZ,y,-0.0625,x,-0.0625,z,0.0625,0.1,0.1986958837418411,0.0986958837418411,0.1,2.2
2014,1.0,20dB_nominal_difference,real,A23_compressed_feedback,OK,XZ,y,-0.0625,x,0.0625,z,0.0625,0.1,0.20421246236792462,0.10421246236792461,0.1,2.2
2014,1.0,20dB_nominal_difference,real,A23_compressed_feedback,OK,XZ,y,-0.0625,x,0.1875,z,0.0625,0.1,0.20347423646446952,0.10347423646446952,0.1,2.2
2014,1.0,20dB_nominal_difference,real,A23_compressed_feedback,OK,XZ,y,-0.0625,x,0.3125,z,0.0625,0.1,0.1956863070599797,0.09568630705997969,0.1,2.2
2014,1.0,20dB_nominal_difference,real,A23_compressed_feedback,OK,XZ,y,-0.0625,x,0.4375,z,0.0625,0.1,0.18082694180358067,0.08082694180358066,0.1,2.2
2014,1.0,20dB_nominal_difference,real,A23_compressed_feedback,OK,XZ,y,-0.0625,x,0.5625,z,0.0625,0.1,0.15983538111739934,0.05983538111739933,0.1,2.2
2014,1.0,20dB_nominal_difference,real,A23_compressed_feedback,OK,XZ,y,-0.0625,x,0.6875,z,0.0625,0.1,0.13613041542602283,0.03613041542602283,0.1,2.2
2014,1.0,20dB_nominal_difference,real,A23_compressed_feedback,OK,XZ,y,-0.0625,x,-0.6875,z,0.1875,0.1,0.12347952929619402,0.023479529296194013,0.1,2.2
2014,1.0,20dB_nominal_difference,real,A23_compressed_feedback,OK,XZ,y,-0.0625,x,-0.5625,z,0.1875,0.1,0.13795418885032043,0.037954188850320425,0.1,2.2
2014,1.0,20dB_nominal_difference,real,A23_compressed_feedback,OK,XZ,y,-0.0625,x,-0.4375,z,0.1875,0.1,0.1522459253130101,0.05224592531301009,0.1,2.2
2014,1.0,20dB_nominal_difference,real,A23_compressed_feedback,OK,XZ,y,-0.0625,x,-0.3125,z,0.1875,0.9,0.16531117027574732,-0.7346888297242526,0.1,2.2
2014,1.0,20dB_nominal_difference,real,A23_compressed_feedback,OK,XZ,y,-0.0625,x,-0.1875,z,0.1875,0.1,0.17642276767108372,0.07642276767108372,0.1,2.2
2014,1.0,20dB_nominal_difference,real,A23_compressed_feedback,OK,XZ,y,-0.0625,x,-0.0625,z,0.1875,0.1,0.18449181907545376,0.08449181907545375,0.1,2.2
2014,1.0,20dB_nominal_difference,real,A23_compressed_feedback,OK,XZ,y,-0.0625,x,0.0625,z,0.1875,0.1,0.18826467867137253,0.08826467867137253,0.1,2.2
2014,1.0,20dB_nominal_difference,real,A23_compressed_feedback,OK,XZ,y,-0.0625,x,0.1875,z,0.1875,0.1,0.1865808406582744,0.0865808406582744,0.1,2.2
2014,1.0,20dB_nominal_difference,real,A23_compressed_feedback,OK,XZ,y,-0.0625,x,0.3125,z,0.1875,0.1,0.17865516842488943,0.07865516842488943,0.1,2.2
2014,1.0,20dB_nominal_difference,real,A23_compressed_feedback,OK,XZ,y,-0.0625,x,0.4375,z,0.1875,0.1,0.16433759660439068,0.06433759660439067,0.1,2.2
2014,1.0,20dB_nominal_difference,real,A23_compressed_feedback,OK,XZ,y,-0.0625,x,0.5625,z,0.1875,0.1,0.14429909808604854,0.04429909808604854,0.1,2.2
2014,1.0,20dB_nominal_difference,real,A23_compressed_feedback,OK,XZ,y,-0.0625,x,0.6875,z,0.1875,0.1,0.1217794137303484,0.02177941373034839,0.1,2.2
2014,1.0,20dB_nominal_difference,real,A23_compressed_feedback,OK,XZ,y,-0.0625,x,-0.6875,z,0.3125,0.1,0.11948483384228771,0.019484833842287705,0.1,2.2
2014,1.0,20dB_nominal_difference,real,A23_compressed_feedback,OK,XZ,y,-0.0625,x,-0.5625,z,0.3125,0.1,0.13080479614012236,0.030804796140122354,0.1,2.2
2014,1.0,20dB_nominal_difference,real,A23_compressed_feedback,OK,XZ,y,-0.0625,x,-0.4375,z,0.3125,0.1,0.14166946609217018,0.041669466092170176,0.1,2.2
2014,1.0,20dB_nominal_difference,real,A23_compressed_feedback,OK,XZ,y,-0.0625,x,-0.3125,z,0.3125,0.1,0.15122124291844707,0.05122124291844707,0.1,2.2
2014,1.0,20dB_nominal_difference,real,A23_compressed_feedback,OK,XZ,y,-0.0625,x,-0.1875,z,0.3125,0.1,0.1590709683771252,0.059070968377125194,0.1,2.2
2014,1.0,20dB_nominal_difference,real,A23_compressed_feedback,OK,XZ,y,-0.0625,x,-0.0625,z,0.3125,0.1,0.16446124429738193,0.06446124429738193,0.1,2.2
2014,1.0,20dB_nominal_difference,real,A23_compressed_feedback,OK,XZ,y,-0.0625,x,0.0625,z,0.3125,0.1,0.16642100792717457,0.06642100792717456,0.1,2.2
2014,1.0,20dB_nominal_difference,real,A23_compressed_feedback,OK,XZ,y,-0.0625,x,0.1875,z,0.3125,0.1,0.1639678389677718,0.0639678389677718,0.1,2.2
2014,1.0,20dB_nominal_difference,real,A23_compressed_feedback,OK,XZ,y,-0.0625,x,0.3125,z,0.3125,0.1,0.15635447342927242,0.05635447342927241,0.1,2.2
2014,1.0,20dB_nominal_difference,real,A23_compressed_feedback,OK,XZ,y,-0.0625,x,0.4375,z,0.3125,0.1,0.14331789296877645,0.043317892968776445,0.1,2.2
2014,1.0,20dB_nominal_difference,real,A23_compressed_feedback,OK,XZ,y,-0.0625,x,0.5625,z,0.3125,0.1,0.12524931935680134,0.02524931935680133,0.1,2.2
2014,1.0,20dB_nominal_difference,real,A23_compressed_feedback,OK,XZ,y,-0.0625,x,0.6875,z,0.3125,0.1,0.10499376682469042,0.00499376682469041,0.1,2.2
2014,1.0,20dB_nominal_difference,real,A23_compressed_feedback,OK,XZ,y,-0.0625,x,-0.6875,z,0.4375,0.1,0.11317130923373761,0.013171309233737605,0.1,2.2
2014,1.0,20dB_nominal_difference,real,A23_compressed_feedback,OK,XZ,y,-0.0625,x,-0.5625,z,0.4375,0.1,0.12073876175003251,0.020738761750032503,0.1,2.2
2014,1.0,20dB_nominal_difference,real,A23_compressed_feedback,OK,XZ,y,-0.0625,x,-0.4375,z,0.4375,0.1,0.12784930085465027,0.02784930085465026,0.1,2.2
2014,1.0,20dB_nominal_difference,real,A23_compressed_feedback,OK,XZ,y,-0.0625,x,-0.3125,z,0.4375,0.1,0.1337576485353337,0.033757648535333695,0.1,2.2
2014,1.0,20dB_nominal_difference,real,A23_compressed_feedback,OK,XZ,y,-0.0625,x,-0.1875,z,0.4375,0.1,0.13831829539146467,0.03831829539146467,0.1,2.2
2014,1.0,20dB_nominal_difference,real,A23_compressed_feedback,OK,XZ,y,-0.0625,x,-0.0625,z,0.4375,0.1,0.14109684357401037,0.04109684357401036,0.1,2.2
2014,1.0,20dB_nominal_difference,real,A23_compressed_feedback,OK,XZ,y,-0.0625,x,0.0625,z,0.4375,0.1,0.14142941321778044,0.04142941321778043,0.1,2.2
2014,1.0,20dB_nominal_difference,real,A23_compressed_feedback,OK,XZ,y,-0.0625,x,0.1875,z,0.4375,0.1,0.13853251055127078,0.03853251055127077,0.1,2.2
2014,1.0,20dB_nominal_difference,real,A23_compressed_feedback,OK,XZ,y,-0.0625,x,0.3125,z,0.4375,0.1,0.13170436996922386,0.03170436996922385,0.1,2.2
2014,1.0,20dB_nominal_difference,real,A23_compressed_feedback,OK,XZ,y,-0.0625,x,0.4375,z,0.4375,0.1,0.12059034805169744,0.020590348051697432,0.1,2.2
2014,1.0,20dB_nominal_difference,real,A23_compressed_feedback,OK,XZ,y,-0.0625,x,0.5625,z,0.4375,0.1,0.1054009500664296,0.0054009500664295995,0.1,2.2
2014,1.0,20dB_nominal_difference,real,A23_compressed_feedback,OK,XZ,y,-0.0625,x,0.6875,z,0.4375,0.1,0.08855122935461185,-0.011448770645388157,0.1,2.2
2014,1.0,20dB_nominal_difference,real,A23_compressed_feedback,OK,XZ,y,-0.0625,x,-0.6875,z,0.5625,0.1,0.10491239335441942,0.0049123933544194115,0.1,2.2
2014,1.0,20dB_nominal_difference,real,A23_compressed_feedback,OK,XZ,y,-0.0625,x,-0.5625,z,0.5625,0.1,0.10835258731327424,0.008352587313274235,0.1,2.2
2014,1.0,20dB_nominal_difference,real,A23_compressed_feedback,OK,XZ,y,-0.0625,x,-0.4375,z,0.5625,0.1,0.1120440750885967,0.0120440750885967,0.1,2.2
2014,1.0,20dB_nominal_difference,real,A23_compressed_feedback,OK,XZ,y,-0.0625,x,-0.3125,z,0.5625,0.1,0.11474436791322955,0.014744367913229542,0.1,2.2
2014,1.0,20dB_nominal_difference,real,A23_compressed_feedback,OK,XZ,y,-0.0625,x,-0.1875,z,0.5625,0.1,0.11641061106001531,0.016410611060015304,0.1,2.2
2014,1.0,20dB_nominal_difference,real,A23_compressed_feedback,OK,XZ,y,-0.0625,x,-0.0625,z,0.5625,0.1,0.11696359615219681,0.016963596152196808,0.1,2.2
2014,1.0,20dB_nominal_difference,real,A23_compressed_feedback,OK,XZ,y,-0.0625,x,0.0625,z,0.5625,0.1,0.11608716182591834,0.016087161825918336,0.1,2.2
2014,1.0,20dB_nominal_difference,real,A23_compressed_feedback,OK,XZ,y,-0.0625,x,0.1875,z,0.5625,0.1,0.11320672661760882,0.013206726617608813,0.1,2.2
2014,1.0,20dB_nominal_difference,real,A23_compressed_feedback,OK,XZ,y,-0.0625,x,0.3125,z,0.5625,0.1,0.1076332758951795,0.007633275895179495,0.1,2.2
2014,1.0,20dB_nominal_difference,real,A23_compressed_feedback,OK,XZ,y,-0.0625,x,0.4375,z,0.5625,0.1,0.09886786974843928,-0.0011321302515607257,0.1,2.2
2014,1.0,20dB_nominal_difference,real,A23_compressed_feedback,OK,XZ,y,-0.0625,x,0.5625,z,0.5625,0.1,0.08707776276792235,-0.012922237232077652,0.1,2.2
2014,1.0,20dB_nominal_difference,real,A23_compressed_feedback,OK,XZ,y,-0.0625,x,0.6875,z,0.5625,0.1,0.07496754511258102,-0.02503245488741898,0.1,2.2
2014,1.0,20dB_nominal_difference,real,A23_compressed_feedback,OK,XZ,y,-0.0625,x,-0.6875,z,0.6875,0.1,0.09192966582186815,-0.008070334178131855,0.1,2.2
2014,1.0,20dB_nominal_difference,real,A23_compressed_feedback,OK,XZ,y,-0.0625,x,-0.5625,z,0.6875,0.1,0.09225010999175264,-0.00774989000824737,0.1,2.2
2014,1.0,20dB_nominal_difference,real,A23_compressed_feedback,OK,XZ,y,-0.0625,x,-0.4375,z,0.6875,0.1,0.09369479481831897,-0.0063052051816810395,0.1,2.2
2014,1.0,20dB_nominal_difference,real,A23_compressed_feedback,OK,XZ,y,-0.0625,x,-0.3125,z,0.6875,0.1,0.09375141764274926,-0.006248582357250745,0.1,2.2
2014,1.0,20dB_nominal_difference,real,A23_compressed_feedback,OK,XZ,y,-0.0625,x,-0.1875,z,0.6875,0.1,0.09286807203555894,-0.007131927964441065,0.1,2.2
2014,1.0,20dB_nominal_difference,real,A23_compressed_feedback,OK,XZ,y,-0.0625,x,-0.0625,z,0.6875,0.1,0.09153361261797521,-0.008466387382024793,0.1,2.2
2014,1.0,20dB_nominal_difference,real,A23_compressed_feedback,OK,XZ,y,-0.0625,x,0.0625,z,0.6875,0.1,0.08987972759802981,-0.010120272401970193,0.1,2.2
2014,1.0,20dB_nominal_difference,real,A23_compressed_feedback,OK,XZ,y,-0.0625,x,0.1875,z,0.6875,0.1,0.08756980531185363,-0.012430194688146379,0.1,2.2
2014,1.0,20dB_nominal_difference,real,A23_compressed_feedback,OK,XZ,y,-0.0625,x,0.3125,z,0.6875,0.1,0.083869555889453,-0.01613044411054701,0.1,2.2
2014,1.0,20dB_nominal_difference,real,A23_compressed_feedback,OK,XZ,y,-0.0625,x,0.4375,z,0.6875,0.1,0.07790482318347954,-0.02209517681652047,0.1,2.2
2014,1.0,20dB_nominal_difference,real,A23_compressed_feedback,OK,XZ,y,-0.0625,x,0.5625,z,0.6875,0.1,0.06926550577265386,-0.030734494227346143,0.1,2.2
2014,1.0,20dB_nominal_difference,real,A23_compressed_feedback,OK,XZ,y,-0.0625,x,0.6875,z,0.6875,0.1,0.06207110710609604,-0.037928892893903964,0.1,2.2
2014,1.0,20dB_nominal_difference,real,A23_compressed_feedback,OK,YZ,x,-0.0625,y,-0.6875,z,-0.6875,0.1,0.10320387415950218,0.003203874159502171,0.1,2.2
2014,1.0,20dB_nominal_difference,real,A23_compressed_feedback,OK,YZ,x,-0.0625,y,-0.5625,z,-0.6875,0.1,0.10463224767143667,0.004632247671436662,0.1,2.2
2014,1.0,20dB_nominal_difference,real,A23_compressed_feedback,OK,YZ,x,-0.0625,y,-0.4375,z,-0.6875,0.1,0.1095505303064055,0.0095505303064055,0.1,2.2
2014,1.0,20dB_nominal_difference,real,A23_compressed_feedback,OK,YZ,x,-0.0625,y,-0.3125,z,-0.6875,0.1,0.1111997443021322,0.011199744302132192,0.1,2.2
2014,1.0,20dB_nominal_difference,real,A23_compressed_feedback,OK,YZ,x,-0.0625,y,-0.1875,z,-0.6875,0.1,0.10906417646892125,0.009064176468921242,0.1,2.2
2014,1.0,20dB_nominal_difference,real,A23_compressed_feedback,OK,YZ,x,-0.0625,y,-0.0625,z,-0.6875,0.1,0.10379832347090268,0.0037983234709026703,0.1,2.2
2014,1.0,20dB_nominal_difference,real,A23_compressed_feedback,OK,YZ,x,-0.0625,y,0.0625,z,-0.6875,0.1,0.09653126861829048,-0.0034687313817095278,0.1,2.2
2014,1.0,20dB_nominal_difference,real,A23_compressed_feedback,OK,YZ,x,-0.0625,y,0.1875,z,-0.6875,0.1,0.0885146031648262,-0.0114853968351738,0.1,2.2
2014,1.0,20dB_nominal_difference,real,A23_compressed_feedback,OK,YZ,x,-0.0625,y,0.3125,z,-0.6875,0.1,0.08088972104034947,-0.019110278959650534,0.1,2.2
2014,1.0,20dB_nominal_difference,real,A23_compressed_feedback,OK,YZ,x,-0.0625,y,0.4375,z,-0.6875,0.1,0.07458185787458861,-0.025418142125411394,0.1,2.2
2014,1.0,20dB_nominal_difference,real,A23_compressed_feedback,OK,YZ,x,-0.0625,y,0.5625,z,-0.6875,0.1,0.0704720351182564,-0.029527964881743612,0.1,2.2
2014,1.0,20dB_nominal_difference,real,A23_compressed_feedback,OK,YZ,x,-0.0625,y,0.6875,z,-0.6875,0.1,0.07249184457016256,-0.02750815542983745,0.1,2.2
2014,1.0,20dB_nominal_difference,real,A23_compressed_feedback,OK,YZ,x,-0.0625,y,-0.6875,z,-0.5625,0.1,0.11872941160328318,0.018729411603283175,0.1,2.2
2014,1.0,20dB_nominal_difference,real,A23_compressed_feedback,OK,YZ,x,-0.0625,y,-0.5625,z,-0.5625,0.1,0.12819787607442465,0.028197876074424644,0.1,2.2
2014,1.0,20dB_nominal_difference,real,A23_compressed_feedback,OK,YZ,x,-0.0625,y,-0.4375,z,-0.5625,0.1,0.1371591172418236,0.03715911724182361,0.1,2.2
2014,1.0,20dB_nominal_difference,real,A23_compressed_feedback,OK,YZ,x,-0.0625,y,-0.3125,z,-0.5625,0.1,0.14224374426968484,0.04224374426968483,0.1,2.2
2014,1.0,20dB_nominal_difference,real,A23_compressed_feedback,OK,YZ,x,-0.0625,y,-0.1875,z,-0.5625,0.1,0.14281725119918234,0.04281725119918234,0.1,2.2
2014,1.0,20dB_nominal_difference,real,A23_compressed_feedback,OK,YZ,x,-0.0625,y,-0.0625,z,-0.5625,0.1,0.13906931274182047,0.03906931274182046,0.1,2.2
2014,1.0,20dB_nominal_difference,real,A23_compressed_feedback,OK,YZ,x,-0.0625,y,0.0625,z,-0.5625,0.1,0.13175514991239273,0.03175514991239273,0.1,2.2
2014,1.0,20dB_nominal_difference,real,A23_compressed_feedback,OK,YZ,x,-0.0625,y,0.1875,z,-0.5625,0.1,0.12194479781365065,0.02194479781365065,0.1,2.2
2014,1.0,20dB_nominal_difference,real,A23_compressed_feedback,OK,YZ,x,-0.0625,y,0.3125,z,-0.5625,0.1,0.11084100603719307,0.010841006037193068,0.1,2.2
2014,1.0,20dB_nominal_difference,real,A23_compressed_feedback,OK,YZ,x,-0.0625,y,0.4375,z,-0.5625,0.1,0.09970612875983764,-0.0002938712401623633,0.1,2.2
2014,1.0,20dB_nominal_difference,real,A23_compressed_feedback,OK,YZ,x,-0.0625,y,0.5625,z,-0.5625,0.1,0.08996238420292005,-0.010037615797079957,0.1,2.2
2014,1.0,20dB_nominal_difference,real,A23_compressed_feedback,OK,YZ,x,-0.0625,y,0.6875,z,-0.5625,0.1,0.08452172559636795,-0.015478274403632059,0.1,2.2
2014,1.0,20dB_nominal_difference,real,A23_compressed_feedback,OK,YZ,x,-0.0625,y,-0.6875,z,-0.4375,0.1,0.12678288019700032,0.026782880197000314,0.1,2.2
2014,1.0,20dB_nominal_difference,real,A23_compressed_feedback,OK,YZ,x,-0.0625,y,-0.5625,z,-0.4375,0.1,0.1428689236293358,0.04286892362933578,0.1,2.2
2014,1.0,20dB_nominal_difference,real,A23_compressed_feedback,OK,YZ,x,-0.0625,y,-0.4375,z,-0.4375,0.1,0.1568873180364337,0.05688731803643368,0.1,2.2
2014,1.0,20dB_nominal_difference,real,A23_compressed_feedback,OK,YZ,x,-0.0625,y,-0.3125,z,-0.4375,0.1,0.16587210638949093,0.06587210638949093,0.1,2.2
2014,1.0,20dB_nominal_difference,real,A23_compressed_feedback,OK,YZ,x,-0.0625,y,-0.1875,z,-0.4375,0.1,0.1693508135415855,0.06935081354158548,0.1,2.2
2014,1.0,20dB_nominal_difference,real,A23_compressed_feedback,OK,YZ,x,-0.0625,y,-0.0625,z,-0.4375,0.1,0.16732029363621947,0.06732029363621947,0.1,2.2
2014,1.0,20dB_nominal_difference,real,A23_compressed_feedback,OK,YZ,x,-0.0625,y,0.0625,z,-0.4375,0.1,0.16028810901155666,0.06028810901155665,0.1,2.2
2014,1.0,20dB_nominal_difference,real,A23_compressed_feedback,OK,YZ,x,-0.0625,y,0.1875,z,-0.4375,0.1,0.1491637695237255,0.0491637695237255,0.1,2.2
2014,1.0,20dB_nominal_difference,real,A23_compressed_feedback,OK,YZ,x,-0.0625,y,0.3125,z,-0.4375,0.1,0.13512492043415159,0.03512492043415158,0.1,2.2
2014,1.0,20dB_nominal_difference,real,A23_compressed_feedback,OK,YZ,x,-0.0625,y,0.4375,z,-0.4375,0.1,0.11950276084964594,0.01950276084964593,0.1,2.2
2014,1.0,20dB_nominal_difference,real,A23_compressed_feedback,OK,YZ,x,-0.0625,y,0.5625,z,-0.4375,0.1,0.10365015246191134,0.0036501524619113324,0.1,2.2
2014,1.0,20dB_nominal_difference,real,A23_compressed_feedback,OK,YZ,x,-0.0625,y,0.6875,z,-0.4375,0.1,0.09007630526607503,-0.009923694733924973,0.1,2.2
2014,1.0,20dB_nominal_difference,real,A23_compressed_feedback,OK,YZ,x,-0.0625,y,-0.6875,z,-0.3125,0.1,0.13012401484946018,0.030124014849460173,0.1,2.2
2014,1.0,20dB_nominal_difference,real,A23_compressed_feedback,OK,YZ,x,-0.0625,y,-0.5625,z,-0.3125,0.1,0.1509509010033568,0.05095090100335681,0.1,2.2
2014,1.0,20dB_nominal_difference,real,A23_compressed_feedback,OK,YZ,x,-0.0625,y,-0.4375,z,-0.3125,0.1,0.169574710968261,0.06957471096826098,0.1,2.2
2014,1.0,20dB_nominal_difference,real,A23_compressed_feedback,OK,YZ,x,-0.0625,y,-0.3125,z,-0.3125,0.1,0.18250486460559062,0.08250486460559062,0.1,2.2
2014,1.0,20dB_nominal_difference,real,A23_compressed_feedback,OK,YZ,x,-0.0625,y,-0.1875,z,-0.3125,0.1,0.18905497290884693,0.08905497290884692,0.1,2.2
2014,1.0,20dB_nominal_difference,real,A23_compressed_feedback,OK,YZ,x,-0.0625,y,-0.0625,z,-0.3125,0.1,0.18900646900657614,0.08900646900657613,0.1,2.2
2014,1.0,20dB_nominal_difference,real,A23_compressed_feedback,OK,YZ,x,-0.0625,y,0.0625,z,-0.3125,0.1,0.1826523113471486,0.0826523113471486,0.1,2.2
2014,1.0,20dB_nominal_difference,real,A23_compressed_feedback,OK,YZ,x,-0.0625,y,0.1875,z,-0.3125,0.1,0.17074609287617737,0.07074609287617736,0.1,2.2
2014,1.0,20dB_nominal_difference,real,A23_compressed_feedback,OK,YZ,x,-0.0625,y,0.3125,z,-0.3125,0.1,0.1543968847013325,0.0543968847013325,0.1,2.2
2014,1.0,20dB_nominal_difference,real,A23_compressed_feedback,OK,YZ,x,-0.0625,y,0.4375,z,-0.3125,0.1,0.13493730807905582,0.03493730807905582,0.1,2.2
2014,1.0,20dB_nominal_difference,real,A23_compressed_feedback,OK,YZ,x,-0.0625,y,0.5625,z,-0.3125,0.1,0.11375857235516289,0.013758572355162882,0.1,2.2
2014,1.0,20dB_nominal_difference,real,A23_compressed_feedback,OK,YZ,x,-0.0625,y,0.6875,z,-0.3125,0.1,0.09373959730188687,-0.006260402698113135,0.1,2.2
2014,1.0,20dB_nominal_difference,real,A23_compressed_feedback,OK,YZ,x,-0.0625,y,-0.6875,z,-0.1875,0.1,0.12834911098298082,0.02834911098298082,0.1,2.2
2014,1.0,20dB_nominal_difference,real,A23_compressed_feedback,OK,YZ,x,-0.0625,y,-0.5625,z,-0.1875,0.1,0.15232334677151294,0.05232334677151293,0.1,2.2
2014,1.0,20dB_nominal_difference,real,A23_compressed_feedback,OK,YZ,x,-0.0625,y,-0.4375,z,-0.1875,0.1,0.17437693066887738,0.07437693066887738,0.1,2.2
2014,1.0,20dB_nominal_difference,real,A23_compressed_feedback,OK,YZ,x,-0.0625,y,-0.3125,z,-0.1875,2.2,0.19057858669261146,-2.009421413307389,0.1,2.2
2014,1.0,20dB_nominal_difference,real,A23_compressed_feedback,OK,YZ,x,-0.0625,y,-0.1875,z,-0.1875,0.1,0.1998953173833654,0.0998953173833654,0.1,2.2
2014,1.0,20dB_nominal_difference,real,A23_compressed_feedback,OK,YZ,x,-0.0625,y,-0.0625,z,-0.1875,0.1,0.20185051327057235,0.10185051327057235,0.1,2.2
2014,1.0,20dB_nominal_difference,real,A23_compressed_feedback,OK,YZ,x,-0.0625,y,0.0625,z,-0.1875,0.1,0.19652828475835715,0.09652828475835715,0.1,2.2
2014,1.0,20dB_nominal_difference,real,A23_compressed_feedback,OK,YZ,x,-0.0625,y,0.1875,z,-0.1875,0.1,0.18453014140086113,0.08453014140086113,0.1,2.2
2014,1.0,20dB_nominal_difference,real,A23_compressed_feedback,OK,YZ,x,-0.0625,y,0.3125,z,-0.1875,0.1,0.16688454243879075,0.06688454243879075,0.1,2.2
2014,1.0,20dB_nominal_difference,real,A23_compressed_feedback,OK,YZ,x,-0.0625,y,0.4375,z,-0.1875,0.1,0.14492643805440963,0.04492643805440963,0.1,2.2
2014,1.0,20dB_nominal_difference,real,A23_compressed_feedback,OK,YZ,x,-0.0625,y,0.5625,z,-0.1875,0.1,0.12016648105890503,0.02016648105890502,0.1,2.2
2014,1.0,20dB_nominal_difference,real,A23_compressed_feedback,OK,YZ,x,-0.0625,y,0.6875,z,-0.1875,0.1,0.09587231119356848,-0.004127688806431523,0.1,2.2
2014,1.0,20dB_nominal_difference,real,A23_compressed_feedback,OK,YZ,x,-0.0625,y,-0.6875,z,-0.0625,0.1,0.12207343137277982,0.02207343137277981,0.1,2.2
2014,1.0,20dB_nominal_difference,real,A23_compressed_feedback,OK,YZ,x,-0.0625,y,-0.5625,z,-0.0625,0.1,0.14754075526416777,0.04754075526416776,0.1,2.2
2014,1.0,20dB_nominal_difference,real,A23_compressed_feedback,OK,YZ,x,-0.0625,y,-0.4375,z,-0.0625,0.1,0.17150857124777516,0.07150857124777515,0.1,2.2
2014,1.0,20dB_nominal_difference,real,A23_compressed_feedback,OK,YZ,x,-0.0625,y,-0.3125,z,-0.0625,0.1,0.18984837957047201,0.08984837957047201,0.1,2.2
2014,1.0,20dB_nominal_difference,real,A23_compressed_feedback,OK,YZ,x,-0.0625,y,-0.1875,z,-0.0625,0.1,0.2012326992888977,0.10123269928889769,0.1,2.2
2014,1.0,20dB_nominal_difference,real,A23_compressed_feedback,OK,YZ,x,-0.0625,y,-0.0625,z,-0.0625,0.1,0.20495316037250014,0.10495316037250013,0.1,2.2
2014,1.0,20dB_nominal_difference,real,A23_compressed_feedback,OK,YZ,x,-0.0625,y,0.0625,z,-0.0625,0.1,0.20091055300833122,0.10091055300833121,0.1,2.2
2014,1.0,20dB_nominal_difference,real,A23_compressed_feedback,OK,YZ,x,-0.0625,y,0.1875,z,-0.0625,0.1,0.18956977409602446,0.08956977409602446,0.1,2.2
2014,1.0,20dB_nominal_difference,real,A23_compressed_feedback,OK,YZ,x,-0.0625,y,0.3125,z,-0.0625,0.1,0.17187713871132934,0.07187713871132934,0.1,2.2
2014,1.0,20dB_nominal_difference,real,A23_compressed_feedback,OK,YZ,x,-0.0625,y,0.4375,z,-0.0625,0.1,0.1491553236076687,0.049155323607668694,0.1,2.2
2014,1.0,20dB_nominal_difference,real,A23_compressed_feedback,OK,YZ,x,-0.0625,y,0.5625,z,-0.0625,0.1,0.12300106719777132,0.023001067197771313,0.1,2.2
2014,1.0,20dB_nominal_difference,real,A23_compressed_feedback,OK,YZ,x,-0.0625,y,0.6875,z,-0.0625,0.1,0.09685596148232696,-0.003144038517673045,0.1,2.2
2014,1.0,20dB_nominal_difference,real,A23_compressed_feedback,OK,YZ,x,-0.0625,y,-0.6875,z,0.0625,0.1,0.11286717283717397,0.012867172837173965,0.1,2.2
2014,1.0,20dB_nominal_difference,real,A23_compressed_feedback,OK,YZ,x,-0.0625,y,-0.5625,z,0.0625,0.1,0.1380315983080586,0.038031598308058606,0.1,2.2
2014,1.0,20dB_nominal_difference,real,A23_compressed_feedback,OK,YZ,x,-0.0625,y,-0.4375,z,0.0625,0.1,0.16218550215372324,0.06218550215372323,0.1,2.2
2014,1.0,20dB_nominal_difference,real,A23_compressed_feedback,OK,YZ,x,-0.0625,y,-0.3125,z,0.0625,0.1,0.1812377065605216,0.0812377065605216,0.1,2.2
2014,1.0,20dB_nominal_difference,real,A23_compressed_feedback,OK,YZ,x,-0.0625,y,-0.1875,z,0.0625,0.1,0.19369388913667285,0.09369388913667284,0.1,2.2
2014,1.0,20dB_nominal_difference,real,A23_compressed_feedback,OK,YZ,x,-0.0625,y,-0.0625,z,0.0625,0.1,0.1986958837418411,0.0986958837418411,0.1,2.2
2014,1.0,20dB_nominal_difference,real,A23_compressed_feedback,OK,YZ,x,-0.0625,y,0.0625,z,0.0625,0.1,0.19601720085909552,0.09601720085909551,0.1,2.2
2014,1.0,20dB_nominal_difference,real,A23_compressed_feedback,OK,YZ,x,-0.0625,y,0.1875,z,0.0625,0.1,0.18601836260278815,0.08601836260278814,0.1,2.2
2014,1.0,20dB_nominal_difference,real,A23_compressed_feedback,OK,YZ,x,-0.0625,y,0.3125,z,0.0625,0.1,0.16956613644986324,0.06956613644986323,0.1,2.2
2014,1.0,20dB_nominal_difference,real,A23_compressed_feedback,OK,YZ,x,-0.0625,y,0.4375,z,0.0625,0.1,0.1479344365795498,0.047934436579549794,0.1,2.2
2014,1.0,20dB_nominal_difference,real,A23_compressed_feedback,OK,YZ,x,-0.0625,y,0.5625,z,0.0625,0.1,0.12271231164178087,0.022712311641780863,0.1,2.2
2014,1.0,20dB_nominal_difference,real,A23_compressed_feedback,OK,YZ,x,-0.0625,y,0.6875,z,0.0625,0.1,0.09724187535643405,-0.0027581246435659512,0.1,2.2
2014,1.0,20dB_nominal_difference,real,A23_compressed_feedback,OK,YZ,x,-0.0625,y,-0.6875,z,0.1875,0.1,0.10288307051805741,0.002883070518057404,0.1,2.2
2014,1.0,20dB_nominal_difference,real,A23_compressed_feedback,OK,YZ,x,-0.0625,y,-0.5625,z,0.1875,0.1,0.12587183987992973,0.02587183987992972,0.1,2.2
2014,1.0,20dB_nominal_difference,real,A23_compressed_feedback,OK,YZ,x,-0.0625,y,-0.4375,z,0.1875,0.1,0.14838518062644673,0.04838518062644673,0.1,2.2
2014,1.0,20dB_nominal_difference,real,A23_compressed_feedback,OK,YZ,x,-0.0625,y,-0.3125,z,0.1875,0.1,0.16656814738106027,0.06656814738106026,0.1,2.2
2014,1.0,20dB_nominal_difference,real,A23_compressed_feedback,OK,YZ,x,-0.0625,y,-0.1875,z,0.1875,0.1,0.17890450471468416,0.07890450471468416,0.1,2.2
2014,1.0,20dB_nominal_difference,real,A23_compressed_feedback,OK,YZ,x,-0.0625,y,-0.0625,z,0.1875,0.1,0.18449181907545376,0.08449181907545375,0.1,2.2
2014,1.0,20dB_nominal_difference,real,A23_compressed_feedback,OK,YZ,x,-0.0625,y,0.0625,z,0.1875,0.1,0.18305418130504092,0.08305418130504091,0.1,2.2
2014,1.0,20dB_nominal_difference,real,A23_compressed_feedback,OK,YZ,x,-0.0625,y,0.1875,z,0.1875,0.1,0.17489763304874545,0.07489763304874544,0.1,2.2
2014,1.0,20dB_nominal_difference,real,A23_compressed_feedback,OK,YZ,x,-0.0625,y,0.3125,z,0.1875,0.1,0.16082313907175205,0.06082313907175205,0.1,2.2
2014,1.0,20dB_nominal_difference,real,A23_compressed_feedback,OK,YZ,x,-0.0625,y,0.4375,z,0.1875,0.1,0.14201901852349771,0.04201901852349771,0.1,2.2
2014,1.0,20dB_nominal_difference,real,A23_compressed_feedback,OK,YZ,x,-0.0625,y,0.5625,z,0.1875,0.1,0.1199577228876802,0.01995772288768019,0.1,2.2
2014,1.0,20dB_nominal_difference,real,A23_compressed_feedback,OK,YZ,x,-0.0625,y,0.6875,z,0.1875,0.1,0.09760315669634206,-0.0023968433036579417,0.1,2.2
2014,1.0,20dB_nominal_difference,real,A23_compressed_feedback,OK,YZ,x,-0.0625,y,-0.6875,z,0.3125,0.1,0.09440043324255484,-0.005599566757445162,0.1,2.2
2014,1.0,20dB_nominal_difference,real,A23_compressed_feedback,OK,YZ,x,-0.0625,y,-0.5625,z,0.3125,0.1,0.11337801310461791,0.013378013104617906,0.1,2.2
2014,1.0,20dB_nominal_difference,real,A23_compressed_feedback,OK,YZ,x,-0.0625,y,-0.4375,z,0.3125,0.1,0.13246633504089275,0.032466335040892746,0.1,2.2
2014,1.0,20dB_nominal_difference,real,A23_compressed_feedback,OK,YZ,x,-0.0625,y,-0.3125,z,0.3125,0.1,0.1481956752522708,0.04819567525227078,0.1,2.2
2014,1.0,20dB_nominal_difference,real,A23_compressed_feedback,OK,YZ,x,-0.0625,y,-0.1875,z,0.3125,0.1,0.15914317353282026,0.05914317353282025,0.1,2.2
2014,1.0,20dB_nominal_difference,real,A23_compressed_feedback,OK,YZ,x,-0.0625,y,-0.0625,z,0.3125,0.1,0.16446124429738193,0.06446124429738193,0.1,2.2
2014,1.0,20dB_nominal_difference,real,A23_compressed_feedback,OK,YZ,x,-0.0625,y,0.0625,z,0.3125,0.1,0.16391286870603472,0.06391286870603471,0.1,2.2
2014,1.0,20dB_nominal_difference,real,A23_compressed_feedback,OK,YZ,x,-0.0625,y,0.1875,z,0.3125,0.1,0.15781688335171123,0.05781688335171123,0.1,2.2
2014,1.0,20dB_nominal_difference,real,A23_compressed_feedback,OK,YZ,x,-0.0625,y,0.3125,z,0.3125,0.1,0.14694387303558504,0.04694387303558503,0.1,2.2
2014,1.0,20dB_nominal_difference,real,A23_compressed_feedback,OK,YZ,x,-0.0625,y,0.4375,z,0.3125,0.1,0.1323871605025144,0.03238716050251439,0.1,2.2
2014,1.0,20dB_nominal_difference,real,A23_compressed_feedback,OK,YZ,x,-0.0625,y,0.5625,z,0.3125,0.1,0.11541941783120103,0.01541941783120103,0.1,2.2
2014,1.0,20dB_nominal_difference,real,A23_compressed_feedback,OK,YZ,x,-0.0625,y,0.6875,z,0.3125,0.1,0.09836477832669392,-0.0016352216733060837,0.1,2.2
2014,1.0,20dB_nominal_difference,real,A23_compressed_feedback,OK,YZ,x,-0.0625,y,-0.6875,z,0.4375,0.1,0.08937797524391054,-0.010622024756089463,0.1,2.2
2014,1.0,20dB_nominal_difference,real,A23_compressed_feedback,OK,YZ,x,-0.0625,y,-0.5625,z,0.4375,0.1,0.10262487370250921,0.0026248737025092034,0.1,2.2
2014,1.0,20dB_nominal_difference,real,A23_compressed_feedback,OK,YZ,x,-0.0625,y,-0.4375,z,0.4375,0.1,0.1167322605946951,0.016732260594695098,0.1,2.2
2014,1.0,20dB_nominal_difference,real,A23_compressed_feedback,OK,YZ,x,-0.0625,y,-0.3125,z,0.4375,0.1,0.12862194996607185,0.02862194996607184,0.1,2.2
2014,1.0,20dB_nominal_difference,real,A23_compressed_feedback,OK,YZ,x,-0.0625,y,-0.1875,z,0.4375,0.1,0.13698212136911483,0.03698212136911483,0.1,2.2
2014,1.0,20dB_nominal_difference,real,A23_compressed_feedback,OK,YZ,x,-0.0625,y,-0.0625,z,0.4375,0.1,0.14109684357401037,0.04109684357401036,0.1,2.2
2014,1.0,20dB_nominal_difference,real,A23_compressed_feedback,OK,YZ,x,-0.0625,y,0.0625,z,0.4375,0.1,0.14086417961425798,0.04086417961425798,0.1,2.2
2014,1.0,20dB_nominal_difference,real,A23_compressed_feedback,OK,YZ,x,-0.0625,y,0.1875,z,0.4375,0.1,0.13669934102723139,0.03669934102723138,0.1,2.2
2014,1.0,20dB_nominal_difference,real,A23_compressed_feedback,OK,YZ,x,-0.0625,y,0.3125,z,0.4375,0.1,0.1294031728354541,0.0294031728354541,0.1,2.2
2014,1.0,20dB_nominal_difference,real,A23_compressed_feedback,OK,YZ,x,-0.0625,y,0.4375,z,0.4375,0.1,0.12001603576875408,0.020016035768754076,0.1,2.2
2014,1.0,20dB_nominal_difference,real,A23_compressed_feedback,OK,YZ,x,-0.0625,y,0.5625,z,0.4375,0.1,0.10962128111364555,0.009621281113645547,0.1,2.2
2014,1.0,20dB_nominal_difference,real,A23_compressed_feedback,OK,YZ,x,-0.0625,y,0.6875,z,0.4375,0.1,0.09971373985769823,-0.000286260142301778,0.1,2.2
2014,1.0,20dB_nominal_difference,real,A23_compressed_feedback,OK,YZ,x,-0.0625,y,-0.6875,z,0.5625,0.1,0.08899583874387797,-0.011004161256122039,0.1,2.2
2014,1.0,20dB_nominal_difference,real,A23_compressed_feedback,OK,YZ,x,-0.0625,y,-0.5625,z,0.5625,0.1,0.09487338496086158,-0.00512661503913843,0.1,2.2
2014,1.0,20dB_nominal_difference,real,A23_compressed_feedback,OK,YZ,x,-0.0625,y,-0.4375,z,0.5625,0.1,0.10303161221628795,0.003031612216287949,0.1,2.2
2014,1.0,20dB_nominal_difference,real,A23_compressed_feedback,OK,YZ,x,-0.0625,y,-0.3125,z,0.5625,0.1,0.1101665373433727,0.010166537343372695,0.1,2.2
2014,1.0,20dB_nominal_difference,real,A23_compressed_feedback,OK,YZ,x,-0.0625,y,-0.1875,z,0.5625,0.1,0.11497281906403488,0.014972819064034873,0.1,2.2
2014,1.0,20dB_nominal_difference,real,A23_compressed_feedback,OK,YZ,x,-0.0625,y,-0.0625,z,0.5625,0.1,0.11696359615219681,0.016963596152196808,0.1,2.2
2014,1.0,20dB_nominal_difference,real,A23_compressed_feedback,OK,YZ,x,-0.0625,y,0.0625,z,0.5625,0.1,0.1162903829866868,0.016290382986686794,0.1,2.2
2014,1.0,20dB_nominal_difference,real,A23_compressed_feedback,OK,YZ,x,-0.0625,y,0.1875,z,0.5625,0.1,0.11355998292135483,0.013559982921354824,0.1,2.2
2014,1.0,20dB_nominal_difference,real,A23_compressed_feedback,OK,YZ,x,-0.0625,y,0.3125,z,0.5625,0.1,0.1096724111651942,0.009672411165194197,0.1,2.2
2014,1.0,20dB_nominal_difference,real,A23_compressed_feedback,OK,YZ,x,-0.0625,y,0.4375,z,0.5625,0.1,0.1056912597603154,0.005691259760315398,0.1,2.2
2014,1.0,20dB_nominal_difference,real,A23_compressed_feedback,OK,YZ,x,-0.0625,y,0.5625,z,0.5625,0.1,0.10270647554369464,0.002706475543694631,0.1,2.2
2014,1.0,20dB_nominal_difference,real,A23_compressed_feedback,OK,YZ,x,-0.0625,y,0.6875,z,0.5625,0.1,0.10163314291480281,0.001633142914802807,0.1,2.2
2014,1.0,20dB_nominal_difference,real,A23_compressed_feedback,OK,YZ,x,-0.0625,y,-0.6875,z,0.6875,0.1,0.09072767893004298,-0.009272321069957026,0.1,2.2
2014,1.0,20dB_nominal_difference,real,A23_compressed_feedback,OK,YZ,x,-0.0625,y,-0.5625,z,0.6875,0.1,0.0883278281943877,-0.011672171805612308,0.1,2.2
2014,1.0,20dB_nominal_difference,real,A23_compressed_feedback,OK,YZ,x,-0.0625,y,-0.4375,z,0.6875,0.1,0.09061162214161844,-0.009388377858381564,0.1,2.2
2014,1.0,20dB_nominal_difference,real,A23_compressed_feedback,OK,YZ,x,-0.0625,y,-0.3125,z,0.6875,0.1,0.0923886276274378,-0.0076113723725622084,0.1,2.2
2014,1.0,20dB_nominal_difference,real,A23_compressed_feedback,OK,YZ,x,-0.0625,y,-0.1875,z,0.6875,0.1,0.09269048479098427,-0.007309515209015738,0.1,2.2
2014,1.0,20dB_nominal_difference,real,A23_compressed_feedback,OK,YZ,x,-0.0625,y,-0.0625,z,0.6875,0.1,0.09153361261797521,-0.008466387382024793,0.1,2.2
2014,1.0,20dB_nominal_difference,real,A23_compressed_feedback,OK,YZ,x,-0.0625,y,0.0625,z,0.6875,0.1,0.0894974329328246,-0.010502567067175408,0.1,2.2
2014,1.0,20dB_nominal_difference,real,A23_compressed_feedback,OK,YZ,x,-0.0625,y,0.1875,z,0.6875,0.1,0.08748356072772061,-0.012516439272279398,0.1,2.2
2014,1.0,20dB_nominal_difference,real,A23_compressed_feedback,OK,YZ,x,-0.0625,y,0.3125,z,0.6875,0.1,0.08652790753411556,-0.013472092465884447,0.1,2.2
2014,1.0,20dB_nominal_difference,real,A23_compressed_feedback,OK,YZ,x,-0.0625,y,0.4375,z,0.6875,0.1,0.0876927781792506,-0.012307221820749406,0.1,2.2
2014,1.0,20dB_nominal_difference,real,A23_compressed_feedback,OK,YZ,x,-0.0625,y,0.5625,z,0.6875,0.1,0.09216075500127359,-0.007839244998726416,0.1,2.2
2014,1.0,20dB_nominal_difference,real,A23_compressed_feedback,OK,YZ,x,-0.0625,y,0.6875,z,0.6875,0.1,0.10225030605058189,0.0022503060505818795,0.1,2.2
2014,1.0,20dB_nominal_difference,imag,truth_OFFLINE,OFFLINE_TRUTH,XY,z,-0.0625,x,-0.6875,y,-0.6875,0.04,0.04,0.0,0.04,0.1385
2014,1.0,20dB_nominal_difference,imag,truth_OFFLINE,OFFLINE_TRUTH,XY,z,-0.0625,x,-0.5625,y,-0.6875,0.04,0.04,0.0,0.04,0.1385
2014,1.0,20dB_nominal_difference,imag,truth_OFFLINE,OFFLINE_TRUTH,XY,z,-0.0625,x,-0.4375,y,-0.6875,0.04,0.04,0.0,0.04,0.1385
2014,1.0,20dB_nominal_difference,imag,truth_OFFLINE,OFFLINE_TRUTH,XY,z,-0.0625,x,-0.3125,y,-0.6875,0.04,0.04,0.0,0.04,0.1385
2014,1.0,20dB_nominal_difference,imag,truth_OFFLINE,OFFLINE_TRUTH,XY,z,-0.0625,x,-0.1875,y,-0.6875,0.04,0.04,0.0,0.04,0.1385
2014,1.0,20dB_nominal_difference,imag,truth_OFFLINE,OFFLINE_TRUTH,XY,z,-0.0625,x,-0.0625,y,-0.6875,0.04,0.04,0.0,0.04,0.1385
2014,1.0,20dB_nominal_difference,imag,truth_OFFLINE,OFFLINE_TRUTH,XY,z,-0.0625,x,0.0625,y,-0.6875,0.04,0.04,0.0,0.04,0.1385
2014,1.0,20dB_nominal_difference,imag,truth_OFFLINE,OFFLINE_TRUTH,XY,z,-0.0625,x,0.1875,y,-0.6875,0.04,0.04,0.0,0.04,0.1385
2014,1.0,20dB_nominal_difference,imag,truth_OFFLINE,OFFLINE_TRUTH,XY,z,-0.0625,x,0.3125,y,-0.6875,0.04,0.04,0.0,0.04,0.1385
2014,1.0,20dB_nominal_difference,imag,truth_OFFLINE,OFFLINE_TRUTH,XY,z,-0.0625,x,0.4375,y,-0.6875,0.04,0.04,0.0,0.04,0.1385
2014,1.0,20dB_nominal_difference,imag,truth_OFFLINE,OFFLINE_TRUTH,XY,z,-0.0625,x,0.5625,y,-0.6875,0.04,0.04,0.0,0.04,0.1385
2014,1.0,20dB_nominal_difference,imag,truth_OFFLINE,OFFLINE_TRUTH,XY,z,-0.0625,x,0.6875,y,-0.6875,0.04,0.04,0.0,0.04,0.1385
2014,1.0,20dB_nominal_difference,imag,truth_OFFLINE,OFFLINE_TRUTH,XY,z,-0.0625,x,-0.6875,y,-0.5625,0.04,0.04,0.0,0.04,0.1385
2014,1.0,20dB_nominal_difference,imag,truth_OFFLINE,OFFLINE_TRUTH,XY,z,-0.0625,x,-0.5625,y,-0.5625,0.04,0.04,0.0,0.04,0.1385
2014,1.0,20dB_nominal_difference,imag,truth_OFFLINE,OFFLINE_TRUTH,XY,z,-0.0625,x,-0.4375,y,-0.5625,0.04,0.04,0.0,0.04,0.1385
2014,1.0,20dB_nominal_difference,imag,truth_OFFLINE,OFFLINE_TRUTH,XY,z,-0.0625,x,-0.3125,y,-0.5625,0.04,0.04,0.0,0.04,0.1385
2014,1.0,20dB_nominal_difference,imag,truth_OFFLINE,OFFLINE_TRUTH,XY,z,-0.0625,x,-0.1875,y,-0.5625,0.04,0.04,0.0,0.04,0.1385
2014,1.0,20dB_nominal_difference,imag,truth_OFFLINE,OFFLINE_TRUTH,XY,z,-0.0625,x,-0.0625,y,-0.5625,0.04,0.04,0.0,0.04,0.1385
2014,1.0,20dB_nominal_difference,imag,truth_OFFLINE,OFFLINE_TRUTH,XY,z,-0.0625,x,0.0625,y,-0.5625,0.04,0.04,0.0,0.04,0.1385
2014,1.0,20dB_nominal_difference,imag,truth_OFFLINE,OFFLINE_TRUTH,XY,z,-0.0625,x,0.1875,y,-0.5625,0.04,0.04,0.0,0.04,0.1385
2014,1.0,20dB_nominal_difference,imag,truth_OFFLINE,OFFLINE_TRUTH,XY,z,-0.0625,x,0.3125,y,-0.5625,0.04,0.04,0.0,0.04,0.1385
2014,1.0,20dB_nominal_difference,imag,truth_OFFLINE,OFFLINE_TRUTH,XY,z,-0.0625,x,0.4375,y,-0.5625,0.04,0.04,0.0,0.04,0.1385
2014,1.0,20dB_nominal_difference,imag,truth_OFFLINE,OFFLINE_TRUTH,XY,z,-0.0625,x,0.5625,y,-0.5625,0.04,0.04,0.0,0.04,0.1385
2014,1.0,20dB_nominal_difference,imag,truth_OFFLINE,OFFLINE_TRUTH,XY,z,-0.0625,x,0.6875,y,-0.5625,0.04,0.04,0.0,0.04,0.1385
2014,1.0,20dB_nominal_difference,imag,truth_OFFLINE,OFFLINE_TRUTH,XY,z,-0.0625,x,-0.6875,y,-0.4375,0.04,0.04,0.0,0.04,0.1385
2014,1.0,20dB_nominal_difference,imag,truth_OFFLINE,OFFLINE_TRUTH,XY,z,-0.0625,x,-0.5625,y,-0.4375,0.04,0.04,0.0,0.04,0.1385
2014,1.0,20dB_nominal_difference,imag,truth_OFFLINE,OFFLINE_TRUTH,XY,z,-0.0625,x,-0.4375,y,-0.4375,0.04,0.04,0.0,0.04,0.1385
2014,1.0,20dB_nominal_difference,imag,truth_OFFLINE,OFFLINE_TRUTH,XY,z,-0.0625,x,-0.3125,y,-0.4375,0.04,0.04,0.0,0.04,0.1385
2014,1.0,20dB_nominal_difference,imag,truth_OFFLINE,OFFLINE_TRUTH,XY,z,-0.0625,x,-0.1875,y,-0.4375,0.04,0.04,0.0,0.04,0.1385
2014,1.0,20dB_nominal_difference,imag,truth_OFFLINE,OFFLINE_TRUTH,XY,z,-0.0625,x,-0.0625,y,-0.4375,0.04,0.04,0.0,0.04,0.1385
2014,1.0,20dB_nominal_difference,imag,truth_OFFLINE,OFFLINE_TRUTH,XY,z,-0.0625,x,0.0625,y,-0.4375,0.04,0.04,0.0,0.04,0.1385
2014,1.0,20dB_nominal_difference,imag,truth_OFFLINE,OFFLINE_TRUTH,XY,z,-0.0625,x,0.1875,y,-0.4375,0.04,0.04,0.0,0.04,0.1385
2014,1.0,20dB_nominal_difference,imag,truth_OFFLINE,OFFLINE_TRUTH,XY,z,-0.0625,x,0.3125,y,-0.4375,0.04,0.04,0.0,0.04,0.1385
2014,1.0,20dB_nominal_difference,imag,truth_OFFLINE,OFFLINE_TRUTH,XY,z,-0.0625,x,0.4375,y,-0.4375,0.04,0.04,0.0,0.04,0.1385
2014,1.0,20dB_nominal_difference,imag,truth_OFFLINE,OFFLINE_TRUTH,XY,z,-0.0625,x,0.5625,y,-0.4375,0.04,0.04,0.0,0.04,0.1385
2014,1.0,20dB_nominal_difference,imag,truth_OFFLINE,OFFLINE_TRUTH,XY,z,-0.0625,x,0.6875,y,-0.4375,0.04,0.04,0.0,0.04,0.1385
2014,1.0,20dB_nominal_difference,imag,truth_OFFLINE,OFFLINE_TRUTH,XY,z,-0.0625,x,-0.6875,y,-0.3125,0.04,0.04,0.0,0.04,0.1385
2014,1.0,20dB_nominal_difference,imag,truth_OFFLINE,OFFLINE_TRUTH,XY,z,-0.0625,x,-0.5625,y,-0.3125,0.04,0.04,0.0,0.04,0.1385
2014,1.0,20dB_nominal_difference,imag,truth_OFFLINE,OFFLINE_TRUTH,XY,z,-0.0625,x,-0.4375,y,-0.3125,0.04,0.04,0.0,0.04,0.1385
2014,1.0,20dB_nominal_difference,imag,truth_OFFLINE,OFFLINE_TRUTH,XY,z,-0.0625,x,-0.3125,y,-0.3125,0.04,0.04,0.0,0.04,0.1385
2014,1.0,20dB_nominal_difference,imag,truth_OFFLINE,OFFLINE_TRUTH,XY,z,-0.0625,x,-0.1875,y,-0.3125,0.04,0.04,0.0,0.04,0.1385
2014,1.0,20dB_nominal_difference,imag,truth_OFFLINE,OFFLINE_TRUTH,XY,z,-0.0625,x,-0.0625,y,-0.3125,0.04,0.04,0.0,0.04,0.1385
2014,1.0,20dB_nominal_difference,imag,truth_OFFLINE,OFFLINE_TRUTH,XY,z,-0.0625,x,0.0625,y,-0.3125,0.1385,0.1385,0.0,0.04,0.1385
2014,1.0,20dB_nominal_difference,imag,truth_OFFLINE,OFFLINE_TRUTH,XY,z,-0.0625,x,0.1875,y,-0.3125,0.04,0.04,0.0,0.04,0.1385
2014,1.0,20dB_nominal_difference,imag,truth_OFFLINE,OFFLINE_TRUTH,XY,z,-0.0625,x,0.3125,y,-0.3125,0.04,0.04,0.0,0.04,0.1385
2014,1.0,20dB_nominal_difference,imag,truth_OFFLINE,OFFLINE_TRUTH,XY,z,-0.0625,x,0.4375,y,-0.3125,0.04,0.04,0.0,0.04,0.1385
2014,1.0,20dB_nominal_difference,imag,truth_OFFLINE,OFFLINE_TRUTH,XY,z,-0.0625,x,0.5625,y,-0.3125,0.04,0.04,0.0,0.04,0.1385
2014,1.0,20dB_nominal_difference,imag,truth_OFFLINE,OFFLINE_TRUTH,XY,z,-0.0625,x,0.6875,y,-0.3125,0.04,0.04,0.0,0.04,0.1385
2014,1.0,20dB_nominal_difference,imag,truth_OFFLINE,OFFLINE_TRUTH,XY,z,-0.0625,x,-0.6875,y,-0.1875,0.04,0.04,0.0,0.04,0.1385
2014,1.0,20dB_nominal_difference,imag,truth_OFFLINE,OFFLINE_TRUTH,XY,z,-0.0625,x,-0.5625,y,-0.1875,0.04,0.04,0.0,0.04,0.1385
2014,1.0,20dB_nominal_difference,imag,truth_OFFLINE,OFFLINE_TRUTH,XY,z,-0.0625,x,-0.4375,y,-0.1875,0.04,0.04,0.0,0.04,0.1385
2014,1.0,20dB_nominal_difference,imag,truth_OFFLINE,OFFLINE_TRUTH,XY,z,-0.0625,x,-0.3125,y,-0.1875,0.093,0.093,0.0,0.04,0.1385
2014,1.0,20dB_nominal_difference,imag,truth_OFFLINE,OFFLINE_TRUTH,XY,z,-0.0625,x,-0.1875,y,-0.1875,0.093,0.093,0.0,0.04,0.1385
2014,1.0,20dB_nominal_difference,imag,truth_OFFLINE,OFFLINE_TRUTH,XY,z,-0.0625,x,-0.0625,y,-0.1875,0.04,0.04,0.0,0.04,0.1385
2014,1.0,20dB_nominal_difference,imag,truth_OFFLINE,OFFLINE_TRUTH,XY,z,-0.0625,x,0.0625,y,-0.1875,0.04,0.04,0.0,0.04,0.1385
2014,1.0,20dB_nominal_difference,imag,truth_OFFLINE,OFFLINE_TRUTH,XY,z,-0.0625,x,0.1875,y,-0.1875,0.04,0.04,0.0,0.04,0.1385
2014,1.0,20dB_nominal_difference,imag,truth_OFFLINE,OFFLINE_TRUTH,XY,z,-0.0625,x,0.3125,y,-0.1875,0.04,0.04,0.0,0.04,0.1385
2014,1.0,20dB_nominal_difference,imag,truth_OFFLINE,OFFLINE_TRUTH,XY,z,-0.0625,x,0.4375,y,-0.1875,0.04,0.04,0.0,0.04,0.1385
2014,1.0,20dB_nominal_difference,imag,truth_OFFLINE,OFFLINE_TRUTH,XY,z,-0.0625,x,0.5625,y,-0.1875,0.04,0.04,0.0,0.04,0.1385
2014,1.0,20dB_nominal_difference,imag,truth_OFFLINE,OFFLINE_TRUTH,XY,z,-0.0625,x,0.6875,y,-0.1875,0.04,0.04,0.0,0.04,0.1385
2014,1.0,20dB_nominal_difference,imag,truth_OFFLINE,OFFLINE_TRUTH,XY,z,-0.0625,x,-0.6875,y,-0.0625,0.04,0.04,0.0,0.04,0.1385
2014,1.0,20dB_nominal_difference,imag,truth_OFFLINE,OFFLINE_TRUTH,XY,z,-0.0625,x,-0.5625,y,-0.0625,0.04,0.04,0.0,0.04,0.1385
2014,1.0,20dB_nominal_difference,imag,truth_OFFLINE,OFFLINE_TRUTH,XY,z,-0.0625,x,-0.4375,y,-0.0625,0.04,0.04,0.0,0.04,0.1385
2014,1.0,20dB_nominal_difference,imag,truth_OFFLINE,OFFLINE_TRUTH,XY,z,-0.0625,x,-0.3125,y,-0.0625,0.093,0.093,0.0,0.04,0.1385
2014,1.0,20dB_nominal_difference,imag,truth_OFFLINE,OFFLINE_TRUTH,XY,z,-0.0625,x,-0.1875,y,-0.0625,0.093,0.093,0.0,0.04,0.1385
2014,1.0,20dB_nominal_difference,imag,truth_OFFLINE,OFFLINE_TRUTH,XY,z,-0.0625,x,-0.0625,y,-0.0625,0.04,0.04,0.0,0.04,0.1385
2014,1.0,20dB_nominal_difference,imag,truth_OFFLINE,OFFLINE_TRUTH,XY,z,-0.0625,x,0.0625,y,-0.0625,0.04,0.04,0.0,0.04,0.1385
2014,1.0,20dB_nominal_difference,imag,truth_OFFLINE,OFFLINE_TRUTH,XY,z,-0.0625,x,0.1875,y,-0.0625,0.04,0.04,0.0,0.04,0.1385
2014,1.0,20dB_nominal_difference,imag,truth_OFFLINE,OFFLINE_TRUTH,XY,z,-0.0625,x,0.3125,y,-0.0625,0.04,0.04,0.0,0.04,0.1385
2014,1.0,20dB_nominal_difference,imag,truth_OFFLINE,OFFLINE_TRUTH,XY,z,-0.0625,x,0.4375,y,-0.0625,0.04,0.04,0.0,0.04,0.1385
2014,1.0,20dB_nominal_difference,imag,truth_OFFLINE,OFFLINE_TRUTH,XY,z,-0.0625,x,0.5625,y,-0.0625,0.04,0.04,0.0,0.04,0.1385
2014,1.0,20dB_nominal_difference,imag,truth_OFFLINE,OFFLINE_TRUTH,XY,z,-0.0625,x,0.6875,y,-0.0625,0.04,0.04,0.0,0.04,0.1385
2014,1.0,20dB_nominal_difference,imag,truth_OFFLINE,OFFLINE_TRUTH,XY,z,-0.0625,x,-0.6875,y,0.0625,0.04,0.04,0.0,0.04,0.1385
2014,1.0,20dB_nominal_difference,imag,truth_OFFLINE,OFFLINE_TRUTH,XY,z,-0.0625,x,-0.5625,y,0.0625,0.04,0.04,0.0,0.04,0.1385
2014,1.0,20dB_nominal_difference,imag,truth_OFFLINE,OFFLINE_TRUTH,XY,z,-0.0625,x,-0.4375,y,0.0625,0.04,0.04,0.0,0.04,0.1385
2014,1.0,20dB_nominal_difference,imag,truth_OFFLINE,OFFLINE_TRUTH,XY,z,-0.0625,x,-0.3125,y,0.0625,0.04,0.04,0.0,0.04,0.1385
2014,1.0,20dB_nominal_difference,imag,truth_OFFLINE,OFFLINE_TRUTH,XY,z,-0.0625,x,-0.1875,y,0.0625,0.04,0.04,0.0,0.04,0.1385
2014,1.0,20dB_nominal_difference,imag,truth_OFFLINE,OFFLINE_TRUTH,XY,z,-0.0625,x,-0.0625,y,0.0625,0.04,0.04,0.0,0.04,0.1385
2014,1.0,20dB_nominal_difference,imag,truth_OFFLINE,OFFLINE_TRUTH,XY,z,-0.0625,x,0.0625,y,0.0625,0.04,0.04,0.0,0.04,0.1385
2014,1.0,20dB_nominal_difference,imag,truth_OFFLINE,OFFLINE_TRUTH,XY,z,-0.0625,x,0.1875,y,0.0625,0.04,0.04,0.0,0.04,0.1385
2014,1.0,20dB_nominal_difference,imag,truth_OFFLINE,OFFLINE_TRUTH,XY,z,-0.0625,x,0.3125,y,0.0625,0.11575000000000002,0.11575000000000002,0.0,0.04,0.1385
2014,1.0,20dB_nominal_difference,imag,truth_OFFLINE,OFFLINE_TRUTH,XY,z,-0.0625,x,0.4375,y,0.0625,0.04,0.04,0.0,0.04,0.1385
2014,1.0,20dB_nominal_difference,imag,truth_OFFLINE,OFFLINE_TRUTH,XY,z,-0.0625,x,0.5625,y,0.0625,0.04,0.04,0.0,0.04,0.1385
2014,1.0,20dB_nominal_difference,imag,truth_OFFLINE,OFFLINE_TRUTH,XY,z,-0.0625,x,0.6875,y,0.0625,0.04,0.04,0.0,0.04,0.1385
2014,1.0,20dB_nominal_difference,imag,truth_OFFLINE,OFFLINE_TRUTH,XY,z,-0.0625,x,-0.6875,y,0.1875,0.04,0.04,0.0,0.04,0.1385
2014,1.0,20dB_nominal_difference,imag,truth_OFFLINE,OFFLINE_TRUTH,XY,z,-0.0625,x,-0.5625,y,0.1875,0.04,0.04,0.0,0.04,0.1385
2014,1.0,20dB_nominal_difference,imag,truth_OFFLINE,OFFLINE_TRUTH,XY,z,-0.0625,x,-0.4375,y,0.1875,0.04,0.04,0.0,0.04,0.1385
2014,1.0,20dB_nominal_difference,imag,truth_OFFLINE,OFFLINE_TRUTH,XY,z,-0.0625,x,-0.3125,y,0.1875,0.04,0.04,0.0,0.04,0.1385
2014,1.0,20dB_nominal_difference,imag,truth_OFFLINE,OFFLINE_TRUTH,XY,z,-0.0625,x,-0.1875,y,0.1875,0.04,0.04,0.0,0.04,0.1385
2014,1.0,20dB_nominal_difference,imag,truth_OFFLINE,OFFLINE_TRUTH,XY,z,-0.0625,x,-0.0625,y,0.1875,0.04,0.04,0.0,0.04,0.1385
2014,1.0,20dB_nominal_difference,imag,truth_OFFLINE,OFFLINE_TRUTH,XY,z,-0.0625,x,0.0625,y,0.1875,0.04,0.04,0.0,0.04,0.1385
2014,1.0,20dB_nominal_difference,imag,truth_OFFLINE,OFFLINE_TRUTH,XY,z,-0.0625,x,0.1875,y,0.1875,0.11575000000000002,0.11575000000000002,0.0,0.04,0.1385
2014,1.0,20dB_nominal_difference,imag,truth_OFFLINE,OFFLINE_TRUTH,XY,z,-0.0625,x,0.3125,y,0.1875,0.11575000000000002,0.11575000000000002,0.0,0.04,0.1385
2014,1.0,20dB_nominal_difference,imag,truth_OFFLINE,OFFLINE_TRUTH,XY,z,-0.0625,x,0.4375,y,0.1875,0.11575000000000002,0.11575000000000002,0.0,0.04,0.1385
2014,1.0,20dB_nominal_difference,imag,truth_OFFLINE,OFFLINE_TRUTH,XY,z,-0.0625,x,0.5625,y,0.1875,0.04,0.04,0.0,0.04,0.1385
2014,1.0,20dB_nominal_difference,imag,truth_OFFLINE,OFFLINE_TRUTH,XY,z,-0.0625,x,0.6875,y,0.1875,0.04,0.04,0.0,0.04,0.1385
2014,1.0,20dB_nominal_difference,imag,truth_OFFLINE,OFFLINE_TRUTH,XY,z,-0.0625,x,-0.6875,y,0.3125,0.04,0.04,0.0,0.04,0.1385
2014,1.0,20dB_nominal_difference,imag,truth_OFFLINE,OFFLINE_TRUTH,XY,z,-0.0625,x,-0.5625,y,0.3125,0.04,0.04,0.0,0.04,0.1385
2014,1.0,20dB_nominal_difference,imag,truth_OFFLINE,OFFLINE_TRUTH,XY,z,-0.0625,x,-0.4375,y,0.3125,0.04,0.04,0.0,0.04,0.1385
2014,1.0,20dB_nominal_difference,imag,truth_OFFLINE,OFFLINE_TRUTH,XY,z,-0.0625,x,-0.3125,y,0.3125,0.04,0.04,0.0,0.04,0.1385
2014,1.0,20dB_nominal_difference,imag,truth_OFFLINE,OFFLINE_TRUTH,XY,z,-0.0625,x,-0.1875,y,0.3125,0.04,0.04,0.0,0.04,0.1385
2014,1.0,20dB_nominal_difference,imag,truth_OFFLINE,OFFLINE_TRUTH,XY,z,-0.0625,x,-0.0625,y,0.3125,0.04,0.04,0.0,0.04,0.1385
2014,1.0,20dB_nominal_difference,imag,truth_OFFLINE,OFFLINE_TRUTH,XY,z,-0.0625,x,0.0625,y,0.3125,0.04,0.04,0.0,0.04,0.1385
2014,1.0,20dB_nominal_difference,imag,truth_OFFLINE,OFFLINE_TRUTH,XY,z,-0.0625,x,0.1875,y,0.3125,0.04,0.04,0.0,0.04,0.1385
2014,1.0,20dB_nominal_difference,imag,truth_OFFLINE,OFFLINE_TRUTH,XY,z,-0.0625,x,0.3125,y,0.3125,0.11575000000000002,0.11575000000000002,0.0,0.04,0.1385
2014,1.0,20dB_nominal_difference,imag,truth_OFFLINE,OFFLINE_TRUTH,XY,z,-0.0625,x,0.4375,y,0.3125,0.04,0.04,0.0,0.04,0.1385
2014,1.0,20dB_nominal_difference,imag,truth_OFFLINE,OFFLINE_TRUTH,XY,z,-0.0625,x,0.5625,y,0.3125,0.04,0.04,0.0,0.04,0.1385
2014,1.0,20dB_nominal_difference,imag,truth_OFFLINE,OFFLINE_TRUTH,XY,z,-0.0625,x,0.6875,y,0.3125,0.04,0.04,0.0,0.04,0.1385
2014,1.0,20dB_nominal_difference,imag,truth_OFFLINE,OFFLINE_TRUTH,XY,z,-0.0625,x,-0.6875,y,0.4375,0.04,0.04,0.0,0.04,0.1385
2014,1.0,20dB_nominal_difference,imag,truth_OFFLINE,OFFLINE_TRUTH,XY,z,-0.0625,x,-0.5625,y,0.4375,0.04,0.04,0.0,0.04,0.1385
2014,1.0,20dB_nominal_difference,imag,truth_OFFLINE,OFFLINE_TRUTH,XY,z,-0.0625,x,-0.4375,y,0.4375,0.04,0.04,0.0,0.04,0.1385
2014,1.0,20dB_nominal_difference,imag,truth_OFFLINE,OFFLINE_TRUTH,XY,z,-0.0625,x,-0.3125,y,0.4375,0.04,0.04,0.0,0.04,0.1385
2014,1.0,20dB_nominal_difference,imag,truth_OFFLINE,OFFLINE_TRUTH,XY,z,-0.0625,x,-0.1875,y,0.4375,0.04,0.04,0.0,0.04,0.1385
2014,1.0,20dB_nominal_difference,imag,truth_OFFLINE,OFFLINE_TRUTH,XY,z,-0.0625,x,-0.0625,y,0.4375,0.04,0.04,0.0,0.04,0.1385
2014,1.0,20dB_nominal_difference,imag,truth_OFFLINE,OFFLINE_TRUTH,XY,z,-0.0625,x,0.0625,y,0.4375,0.04,0.04,0.0,0.04,0.1385
2014,1.0,20dB_nominal_difference,imag,truth_OFFLINE,OFFLINE_TRUTH,XY,z,-0.0625,x,0.1875,y,0.4375,0.04,0.04,0.0,0.04,0.1385
2014,1.0,20dB_nominal_difference,imag,truth_OFFLINE,OFFLINE_TRUTH,XY,z,-0.0625,x,0.3125,y,0.4375,0.04,0.04,0.0,0.04,0.1385
2014,1.0,20dB_nominal_difference,imag,truth_OFFLINE,OFFLINE_TRUTH,XY,z,-0.0625,x,0.4375,y,0.4375,0.04,0.04,0.0,0.04,0.1385
2014,1.0,20dB_nominal_difference,imag,truth_OFFLINE,OFFLINE_TRUTH,XY,z,-0.0625,x,0.5625,y,0.4375,0.04,0.04,0.0,0.04,0.1385
2014,1.0,20dB_nominal_difference,imag,truth_OFFLINE,OFFLINE_TRUTH,XY,z,-0.0625,x,0.6875,y,0.4375,0.04,0.04,0.0,0.04,0.1385
2014,1.0,20dB_nominal_difference,imag,truth_OFFLINE,OFFLINE_TRUTH,XY,z,-0.0625,x,-0.6875,y,0.5625,0.04,0.04,0.0,0.04,0.1385
2014,1.0,20dB_nominal_difference,imag,truth_OFFLINE,OFFLINE_TRUTH,XY,z,-0.0625,x,-0.5625,y,0.5625,0.04,0.04,0.0,0.04,0.1385
2014,1.0,20dB_nominal_difference,imag,truth_OFFLINE,OFFLINE_TRUTH,XY,z,-0.0625,x,-0.4375,y,0.5625,0.04,0.04,0.0,0.04,0.1385
2014,1.0,20dB_nominal_difference,imag,truth_OFFLINE,OFFLINE_TRUTH,XY,z,-0.0625,x,-0.3125,y,0.5625,0.04,0.04,0.0,0.04,0.1385
2014,1.0,20dB_nominal_difference,imag,truth_OFFLINE,OFFLINE_TRUTH,XY,z,-0.0625,x,-0.1875,y,0.5625,0.04,0.04,0.0,0.04,0.1385
2014,1.0,20dB_nominal_difference,imag,truth_OFFLINE,OFFLINE_TRUTH,XY,z,-0.0625,x,-0.0625,y,0.5625,0.04,0.04,0.0,0.04,0.1385
2014,1.0,20dB_nominal_difference,imag,truth_OFFLINE,OFFLINE_TRUTH,XY,z,-0.0625,x,0.0625,y,0.5625,0.04,0.04,0.0,0.04,0.1385
2014,1.0,20dB_nominal_difference,imag,truth_OFFLINE,OFFLINE_TRUTH,XY,z,-0.0625,x,0.1875,y,0.5625,0.04,0.04,0.0,0.04,0.1385
2014,1.0,20dB_nominal_difference,imag,truth_OFFLINE,OFFLINE_TRUTH,XY,z,-0.0625,x,0.3125,y,0.5625,0.04,0.04,0.0,0.04,0.1385
2014,1.0,20dB_nominal_difference,imag,truth_OFFLINE,OFFLINE_TRUTH,XY,z,-0.0625,x,0.4375,y,0.5625,0.04,0.04,0.0,0.04,0.1385
2014,1.0,20dB_nominal_difference,imag,truth_OFFLINE,OFFLINE_TRUTH,XY,z,-0.0625,x,0.5625,y,0.5625,0.04,0.04,0.0,0.04,0.1385
2014,1.0,20dB_nominal_difference,imag,truth_OFFLINE,OFFLINE_TRUTH,XY,z,-0.0625,x,0.6875,y,0.5625,0.04,0.04,0.0,0.04,0.1385
2014,1.0,20dB_nominal_difference,imag,truth_OFFLINE,OFFLINE_TRUTH,XY,z,-0.0625,x,-0.6875,y,0.6875,0.04,0.04,0.0,0.04,0.1385
2014,1.0,20dB_nominal_difference,imag,truth_OFFLINE,OFFLINE_TRUTH,XY,z,-0.0625,x,-0.5625,y,0.6875,0.04,0.04,0.0,0.04,0.1385
2014,1.0,20dB_nominal_difference,imag,truth_OFFLINE,OFFLINE_TRUTH,XY,z,-0.0625,x,-0.4375,y,0.6875,0.04,0.04,0.0,0.04,0.1385
2014,1.0,20dB_nominal_difference,imag,truth_OFFLINE,OFFLINE_TRUTH,XY,z,-0.0625,x,-0.3125,y,0.6875,0.04,0.04,0.0,0.04,0.1385
2014,1.0,20dB_nominal_difference,imag,truth_OFFLINE,OFFLINE_TRUTH,XY,z,-0.0625,x,-0.1875,y,0.6875,0.04,0.04,0.0,0.04,0.1385
2014,1.0,20dB_nominal_difference,imag,truth_OFFLINE,OFFLINE_TRUTH,XY,z,-0.0625,x,-0.0625,y,0.6875,0.04,0.04,0.0,0.04,0.1385
2014,1.0,20dB_nominal_difference,imag,truth_OFFLINE,OFFLINE_TRUTH,XY,z,-0.0625,x,0.0625,y,0.6875,0.04,0.04,0.0,0.04,0.1385
2014,1.0,20dB_nominal_difference,imag,truth_OFFLINE,OFFLINE_TRUTH,XY,z,-0.0625,x,0.1875,y,0.6875,0.04,0.04,0.0,0.04,0.1385
2014,1.0,20dB_nominal_difference,imag,truth_OFFLINE,OFFLINE_TRUTH,XY,z,-0.0625,x,0.3125,y,0.6875,0.04,0.04,0.0,0.04,0.1385
2014,1.0,20dB_nominal_difference,imag,truth_OFFLINE,OFFLINE_TRUTH,XY,z,-0.0625,x,0.4375,y,0.6875,0.04,0.04,0.0,0.04,0.1385
2014,1.0,20dB_nominal_difference,imag,truth_OFFLINE,OFFLINE_TRUTH,XY,z,-0.0625,x,0.5625,y,0.6875,0.04,0.04,0.0,0.04,0.1385
2014,1.0,20dB_nominal_difference,imag,truth_OFFLINE,OFFLINE_TRUTH,XY,z,-0.0625,x,0.6875,y,0.6875,0.04,0.04,0.0,0.04,0.1385
2014,1.0,20dB_nominal_difference,imag,truth_OFFLINE,OFFLINE_TRUTH,XZ,y,-0.0625,x,-0.6875,z,-0.6875,0.04,0.04,0.0,0.04,0.1385
2014,1.0,20dB_nominal_difference,imag,truth_OFFLINE,OFFLINE_TRUTH,XZ,y,-0.0625,x,-0.5625,z,-0.6875,0.04,0.04,0.0,0.04,0.1385
2014,1.0,20dB_nominal_difference,imag,truth_OFFLINE,OFFLINE_TRUTH,XZ,y,-0.0625,x,-0.4375,z,-0.6875,0.04,0.04,0.0,0.04,0.1385
2014,1.0,20dB_nominal_difference,imag,truth_OFFLINE,OFFLINE_TRUTH,XZ,y,-0.0625,x,-0.3125,z,-0.6875,0.04,0.04,0.0,0.04,0.1385
2014,1.0,20dB_nominal_difference,imag,truth_OFFLINE,OFFLINE_TRUTH,XZ,y,-0.0625,x,-0.1875,z,-0.6875,0.04,0.04,0.0,0.04,0.1385
2014,1.0,20dB_nominal_difference,imag,truth_OFFLINE,OFFLINE_TRUTH,XZ,y,-0.0625,x,-0.0625,z,-0.6875,0.04,0.04,0.0,0.04,0.1385
2014,1.0,20dB_nominal_difference,imag,truth_OFFLINE,OFFLINE_TRUTH,XZ,y,-0.0625,x,0.0625,z,-0.6875,0.04,0.04,0.0,0.04,0.1385
2014,1.0,20dB_nominal_difference,imag,truth_OFFLINE,OFFLINE_TRUTH,XZ,y,-0.0625,x,0.1875,z,-0.6875,0.04,0.04,0.0,0.04,0.1385
2014,1.0,20dB_nominal_difference,imag,truth_OFFLINE,OFFLINE_TRUTH,XZ,y,-0.0625,x,0.3125,z,-0.6875,0.04,0.04,0.0,0.04,0.1385
2014,1.0,20dB_nominal_difference,imag,truth_OFFLINE,OFFLINE_TRUTH,XZ,y,-0.0625,x,0.4375,z,-0.6875,0.04,0.04,0.0,0.04,0.1385
2014,1.0,20dB_nominal_difference,imag,truth_OFFLINE,OFFLINE_TRUTH,XZ,y,-0.0625,x,0.5625,z,-0.6875,0.04,0.04,0.0,0.04,0.1385
2014,1.0,20dB_nominal_difference,imag,truth_OFFLINE,OFFLINE_TRUTH,XZ,y,-0.0625,x,0.6875,z,-0.6875,0.04,0.04,0.0,0.04,0.1385
2014,1.0,20dB_nominal_difference,imag,truth_OFFLINE,OFFLINE_TRUTH,XZ,y,-0.0625,x,-0.6875,z,-0.5625,0.04,0.04,0.0,0.04,0.1385
2014,1.0,20dB_nominal_difference,imag,truth_OFFLINE,OFFLINE_TRUTH,XZ,y,-0.0625,x,-0.5625,z,-0.5625,0.04,0.04,0.0,0.04,0.1385
2014,1.0,20dB_nominal_difference,imag,truth_OFFLINE,OFFLINE_TRUTH,XZ,y,-0.0625,x,-0.4375,z,-0.5625,0.04,0.04,0.0,0.04,0.1385
2014,1.0,20dB_nominal_difference,imag,truth_OFFLINE,OFFLINE_TRUTH,XZ,y,-0.0625,x,-0.3125,z,-0.5625,0.04,0.04,0.0,0.04,0.1385
2014,1.0,20dB_nominal_difference,imag,truth_OFFLINE,OFFLINE_TRUTH,XZ,y,-0.0625,x,-0.1875,z,-0.5625,0.04,0.04,0.0,0.04,0.1385
2014,1.0,20dB_nominal_difference,imag,truth_OFFLINE,OFFLINE_TRUTH,XZ,y,-0.0625,x,-0.0625,z,-0.5625,0.04,0.04,0.0,0.04,0.1385
2014,1.0,20dB_nominal_difference,imag,truth_OFFLINE,OFFLINE_TRUTH,XZ,y,-0.0625,x,0.0625,z,-0.5625,0.04,0.04,0.0,0.04,0.1385
2014,1.0,20dB_nominal_difference,imag,truth_OFFLINE,OFFLINE_TRUTH,XZ,y,-0.0625,x,0.1875,z,-0.5625,0.04,0.04,0.0,0.04,0.1385
2014,1.0,20dB_nominal_difference,imag,truth_OFFLINE,OFFLINE_TRUTH,XZ,y,-0.0625,x,0.3125,z,-0.5625,0.04,0.04,0.0,0.04,0.1385
2014,1.0,20dB_nominal_difference,imag,truth_OFFLINE,OFFLINE_TRUTH,XZ,y,-0.0625,x,0.4375,z,-0.5625,0.04,0.04,0.0,0.04,0.1385
2014,1.0,20dB_nominal_difference,imag,truth_OFFLINE,OFFLINE_TRUTH,XZ,y,-0.0625,x,0.5625,z,-0.5625,0.04,0.04,0.0,0.04,0.1385
2014,1.0,20dB_nominal_difference,imag,truth_OFFLINE,OFFLINE_TRUTH,XZ,y,-0.0625,x,0.6875,z,-0.5625,0.04,0.04,0.0,0.04,0.1385
2014,1.0,20dB_nominal_difference,imag,truth_OFFLINE,OFFLINE_TRUTH,XZ,y,-0.0625,x,-0.6875,z,-0.4375,0.04,0.04,0.0,0.04,0.1385
2014,1.0,20dB_nominal_difference,imag,truth_OFFLINE,OFFLINE_TRUTH,XZ,y,-0.0625,x,-0.5625,z,-0.4375,0.04,0.04,0.0,0.04,0.1385
2014,1.0,20dB_nominal_difference,imag,truth_OFFLINE,OFFLINE_TRUTH,XZ,y,-0.0625,x,-0.4375,z,-0.4375,0.04,0.04,0.0,0.04,0.1385
2014,1.0,20dB_nominal_difference,imag,truth_OFFLINE,OFFLINE_TRUTH,XZ,y,-0.0625,x,-0.3125,z,-0.4375,0.04,0.04,0.0,0.04,0.1385
2014,1.0,20dB_nominal_difference,imag,truth_OFFLINE,OFFLINE_TRUTH,XZ,y,-0.0625,x,-0.1875,z,-0.4375,0.04,0.04,0.0,0.04,0.1385
2014,1.0,20dB_nominal_difference,imag,truth_OFFLINE,OFFLINE_TRUTH,XZ,y,-0.0625,x,-0.0625,z,-0.4375,0.04,0.04,0.0,0.04,0.1385
2014,1.0,20dB_nominal_difference,imag,truth_OFFLINE,OFFLINE_TRUTH,XZ,y,-0.0625,x,0.0625,z,-0.4375,0.04,0.04,0.0,0.04,0.1385
2014,1.0,20dB_nominal_difference,imag,truth_OFFLINE,OFFLINE_TRUTH,XZ,y,-0.0625,x,0.1875,z,-0.4375,0.04,0.04,0.0,0.04,0.1385
2014,1.0,20dB_nominal_difference,imag,truth_OFFLINE,OFFLINE_TRUTH,XZ,y,-0.0625,x,0.3125,z,-0.4375,0.04,0.04,0.0,0.04,0.1385
2014,1.0,20dB_nominal_difference,imag,truth_OFFLINE,OFFLINE_TRUTH,XZ,y,-0.0625,x,0.4375,z,-0.4375,0.04,0.04,0.0,0.04,0.1385
2014,1.0,20dB_nominal_difference,imag,truth_OFFLINE,OFFLINE_TRUTH,XZ,y,-0.0625,x,0.5625,z,-0.4375,0.04,0.04,0.0,0.04,0.1385
2014,1.0,20dB_nominal_difference,imag,truth_OFFLINE,OFFLINE_TRUTH,XZ,y,-0.0625,x,0.6875,z,-0.4375,0.04,0.04,0.0,0.04,0.1385
2014,1.0,20dB_nominal_difference,imag,truth_OFFLINE,OFFLINE_TRUTH,XZ,y,-0.0625,x,-0.6875,z,-0.3125,0.04,0.04,0.0,0.04,0.1385
2014,1.0,20dB_nominal_difference,imag,truth_OFFLINE,OFFLINE_TRUTH,XZ,y,-0.0625,x,-0.5625,z,-0.3125,0.04,0.04,0.0,0.04,0.1385
2014,1.0,20dB_nominal_difference,imag,truth_OFFLINE,OFFLINE_TRUTH,XZ,y,-0.0625,x,-0.4375,z,-0.3125,0.04,0.04,0.0,0.04,0.1385
2014,1.0,20dB_nominal_difference,imag,truth_OFFLINE,OFFLINE_TRUTH,XZ,y,-0.0625,x,-0.3125,z,-0.3125,0.04,0.04,0.0,0.04,0.1385
2014,1.0,20dB_nominal_difference,imag,truth_OFFLINE,OFFLINE_TRUTH,XZ,y,-0.0625,x,-0.1875,z,-0.3125,0.04,0.04,0.0,0.04,0.1385
2014,1.0,20dB_nominal_difference,imag,truth_OFFLINE,OFFLINE_TRUTH,XZ,y,-0.0625,x,-0.0625,z,-0.3125,0.04,0.04,0.0,0.04,0.1385
2014,1.0,20dB_nominal_difference,imag,truth_OFFLINE,OFFLINE_TRUTH,XZ,y,-0.0625,x,0.0625,z,-0.3125,0.04,0.04,0.0,0.04,0.1385
2014,1.0,20dB_nominal_difference,imag,truth_OFFLINE,OFFLINE_TRUTH,XZ,y,-0.0625,x,0.1875,z,-0.3125,0.04,0.04,0.0,0.04,0.1385
2014,1.0,20dB_nominal_difference,imag,truth_OFFLINE,OFFLINE_TRUTH,XZ,y,-0.0625,x,0.3125,z,-0.3125,0.04,0.04,0.0,0.04,0.1385
2014,1.0,20dB_nominal_difference,imag,truth_OFFLINE,OFFLINE_TRUTH,XZ,y,-0.0625,x,0.4375,z,-0.3125,0.04,0.04,0.0,0.04,0.1385
2014,1.0,20dB_nominal_difference,imag,truth_OFFLINE,OFFLINE_TRUTH,XZ,y,-0.0625,x,0.5625,z,-0.3125,0.04,0.04,0.0,0.04,0.1385
2014,1.0,20dB_nominal_difference,imag,truth_OFFLINE,OFFLINE_TRUTH,XZ,y,-0.0625,x,0.6875,z,-0.3125,0.04,0.04,0.0,0.04,0.1385
2014,1.0,20dB_nominal_difference,imag,truth_OFFLINE,OFFLINE_TRUTH,XZ,y,-0.0625,x,-0.6875,z,-0.1875,0.04,0.04,0.0,0.04,0.1385
2014,1.0,20dB_nominal_difference,imag,truth_OFFLINE,OFFLINE_TRUTH,XZ,y,-0.0625,x,-0.5625,z,-0.1875,0.04,0.04,0.0,0.04,0.1385
2014,1.0,20dB_nominal_difference,imag,truth_OFFLINE,OFFLINE_TRUTH,XZ,y,-0.0625,x,-0.4375,z,-0.1875,0.04,0.04,0.0,0.04,0.1385
2014,1.0,20dB_nominal_difference,imag,truth_OFFLINE,OFFLINE_TRUTH,XZ,y,-0.0625,x,-0.3125,z,-0.1875,0.04,0.04,0.0,0.04,0.1385
2014,1.0,20dB_nominal_difference,imag,truth_OFFLINE,OFFLINE_TRUTH,XZ,y,-0.0625,x,-0.1875,z,-0.1875,0.04,0.04,0.0,0.04,0.1385
2014,1.0,20dB_nominal_difference,imag,truth_OFFLINE,OFFLINE_TRUTH,XZ,y,-0.0625,x,-0.0625,z,-0.1875,0.04,0.04,0.0,0.04,0.1385
2014,1.0,20dB_nominal_difference,imag,truth_OFFLINE,OFFLINE_TRUTH,XZ,y,-0.0625,x,0.0625,z,-0.1875,0.04,0.04,0.0,0.04,0.1385
2014,1.0,20dB_nominal_difference,imag,truth_OFFLINE,OFFLINE_TRUTH,XZ,y,-0.0625,x,0.1875,z,-0.1875,0.04,0.04,0.0,0.04,0.1385
2014,1.0,20dB_nominal_difference,imag,truth_OFFLINE,OFFLINE_TRUTH,XZ,y,-0.0625,x,0.3125,z,-0.1875,0.04,0.04,0.0,0.04,0.1385
2014,1.0,20dB_nominal_difference,imag,truth_OFFLINE,OFFLINE_TRUTH,XZ,y,-0.0625,x,0.4375,z,-0.1875,0.04,0.04,0.0,0.04,0.1385
2014,1.0,20dB_nominal_difference,imag,truth_OFFLINE,OFFLINE_TRUTH,XZ,y,-0.0625,x,0.5625,z,-0.1875,0.04,0.04,0.0,0.04,0.1385
2014,1.0,20dB_nominal_difference,imag,truth_OFFLINE,OFFLINE_TRUTH,XZ,y,-0.0625,x,0.6875,z,-0.1875,0.04,0.04,0.0,0.04,0.1385
2014,1.0,20dB_nominal_difference,imag,truth_OFFLINE,OFFLINE_TRUTH,XZ,y,-0.0625,x,-0.6875,z,-0.0625,0.04,0.04,0.0,0.04,0.1385
2014,1.0,20dB_nominal_difference,imag,truth_OFFLINE,OFFLINE_TRUTH,XZ,y,-0.0625,x,-0.5625,z,-0.0625,0.04,0.04,0.0,0.04,0.1385
2014,1.0,20dB_nominal_difference,imag,truth_OFFLINE,OFFLINE_TRUTH,XZ,y,-0.0625,x,-0.4375,z,-0.0625,0.04,0.04,0.0,0.04,0.1385
2014,1.0,20dB_nominal_difference,imag,truth_OFFLINE,OFFLINE_TRUTH,XZ,y,-0.0625,x,-0.3125,z,-0.0625,0.093,0.093,0.0,0.04,0.1385
2014,1.0,20dB_nominal_difference,imag,truth_OFFLINE,OFFLINE_TRUTH,XZ,y,-0.0625,x,-0.1875,z,-0.0625,0.093,0.093,0.0,0.04,0.1385
2014,1.0,20dB_nominal_difference,imag,truth_OFFLINE,OFFLINE_TRUTH,XZ,y,-0.0625,x,-0.0625,z,-0.0625,0.04,0.04,0.0,0.04,0.1385
2014,1.0,20dB_nominal_difference,imag,truth_OFFLINE,OFFLINE_TRUTH,XZ,y,-0.0625,x,0.0625,z,-0.0625,0.04,0.04,0.0,0.04,0.1385
2014,1.0,20dB_nominal_difference,imag,truth_OFFLINE,OFFLINE_TRUTH,XZ,y,-0.0625,x,0.1875,z,-0.0625,0.04,0.04,0.0,0.04,0.1385
2014,1.0,20dB_nominal_difference,imag,truth_OFFLINE,OFFLINE_TRUTH,XZ,y,-0.0625,x,0.3125,z,-0.0625,0.04,0.04,0.0,0.04,0.1385
2014,1.0,20dB_nominal_difference,imag,truth_OFFLINE,OFFLINE_TRUTH,XZ,y,-0.0625,x,0.4375,z,-0.0625,0.04,0.04,0.0,0.04,0.1385
2014,1.0,20dB_nominal_difference,imag,truth_OFFLINE,OFFLINE_TRUTH,XZ,y,-0.0625,x,0.5625,z,-0.0625,0.04,0.04,0.0,0.04,0.1385
2014,1.0,20dB_nominal_difference,imag,truth_OFFLINE,OFFLINE_TRUTH,XZ,y,-0.0625,x,0.6875,z,-0.0625,0.04,0.04,0.0,0.04,0.1385
2014,1.0,20dB_nominal_difference,imag,truth_OFFLINE,OFFLINE_TRUTH,XZ,y,-0.0625,x,-0.6875,z,0.0625,0.04,0.04,0.0,0.04,0.1385
2014,1.0,20dB_nominal_difference,imag,truth_OFFLINE,OFFLINE_TRUTH,XZ,y,-0.0625,x,-0.5625,z,0.0625,0.04,0.04,0.0,0.04,0.1385
2014,1.0,20dB_nominal_difference,imag,truth_OFFLINE,OFFLINE_TRUTH,XZ,y,-0.0625,x,-0.4375,z,0.0625,0.04,0.04,0.0,0.04,0.1385
2014,1.0,20dB_nominal_difference,imag,truth_OFFLINE,OFFLINE_TRUTH,XZ,y,-0.0625,x,-0.3125,z,0.0625,0.093,0.093,0.0,0.04,0.1385
2014,1.0,20dB_nominal_difference,imag,truth_OFFLINE,OFFLINE_TRUTH,XZ,y,-0.0625,x,-0.1875,z,0.0625,0.093,0.093,0.0,0.04,0.1385
2014,1.0,20dB_nominal_difference,imag,truth_OFFLINE,OFFLINE_TRUTH,XZ,y,-0.0625,x,-0.0625,z,0.0625,0.04,0.04,0.0,0.04,0.1385
2014,1.0,20dB_nominal_difference,imag,truth_OFFLINE,OFFLINE_TRUTH,XZ,y,-0.0625,x,0.0625,z,0.0625,0.04,0.04,0.0,0.04,0.1385
2014,1.0,20dB_nominal_difference,imag,truth_OFFLINE,OFFLINE_TRUTH,XZ,y,-0.0625,x,0.1875,z,0.0625,0.04,0.04,0.0,0.04,0.1385
2014,1.0,20dB_nominal_difference,imag,truth_OFFLINE,OFFLINE_TRUTH,XZ,y,-0.0625,x,0.3125,z,0.0625,0.04,0.04,0.0,0.04,0.1385
2014,1.0,20dB_nominal_difference,imag,truth_OFFLINE,OFFLINE_TRUTH,XZ,y,-0.0625,x,0.4375,z,0.0625,0.04,0.04,0.0,0.04,0.1385
2014,1.0,20dB_nominal_difference,imag,truth_OFFLINE,OFFLINE_TRUTH,XZ,y,-0.0625,x,0.5625,z,0.0625,0.04,0.04,0.0,0.04,0.1385
2014,1.0,20dB_nominal_difference,imag,truth_OFFLINE,OFFLINE_TRUTH,XZ,y,-0.0625,x,0.6875,z,0.0625,0.04,0.04,0.0,0.04,0.1385
2014,1.0,20dB_nominal_difference,imag,truth_OFFLINE,OFFLINE_TRUTH,XZ,y,-0.0625,x,-0.6875,z,0.1875,0.04,0.04,0.0,0.04,0.1385
2014,1.0,20dB_nominal_difference,imag,truth_OFFLINE,OFFLINE_TRUTH,XZ,y,-0.0625,x,-0.5625,z,0.1875,0.04,0.04,0.0,0.04,0.1385
2014,1.0,20dB_nominal_difference,imag,truth_OFFLINE,OFFLINE_TRUTH,XZ,y,-0.0625,x,-0.4375,z,0.1875,0.04,0.04,0.0,0.04,0.1385
2014,1.0,20dB_nominal_difference,imag,truth_OFFLINE,OFFLINE_TRUTH,XZ,y,-0.0625,x,-0.3125,z,0.1875,0.093,0.093,0.0,0.04,0.1385
2014,1.0,20dB_nominal_difference,imag,truth_OFFLINE,OFFLINE_TRUTH,XZ,y,-0.0625,x,-0.1875,z,0.1875,0.04,0.04,0.0,0.04,0.1385
2014,1.0,20dB_nominal_difference,imag,truth_OFFLINE,OFFLINE_TRUTH,XZ,y,-0.0625,x,-0.0625,z,0.1875,0.04,0.04,0.0,0.04,0.1385
2014,1.0,20dB_nominal_difference,imag,truth_OFFLINE,OFFLINE_TRUTH,XZ,y,-0.0625,x,0.0625,z,0.1875,0.04,0.04,0.0,0.04,0.1385
2014,1.0,20dB_nominal_difference,imag,truth_OFFLINE,OFFLINE_TRUTH,XZ,y,-0.0625,x,0.1875,z,0.1875,0.04,0.04,0.0,0.04,0.1385
2014,1.0,20dB_nominal_difference,imag,truth_OFFLINE,OFFLINE_TRUTH,XZ,y,-0.0625,x,0.3125,z,0.1875,0.04,0.04,0.0,0.04,0.1385
2014,1.0,20dB_nominal_difference,imag,truth_OFFLINE,OFFLINE_TRUTH,XZ,y,-0.0625,x,0.4375,z,0.1875,0.04,0.04,0.0,0.04,0.1385
2014,1.0,20dB_nominal_difference,imag,truth_OFFLINE,OFFLINE_TRUTH,XZ,y,-0.0625,x,0.5625,z,0.1875,0.04,0.04,0.0,0.04,0.1385
2014,1.0,20dB_nominal_difference,imag,truth_OFFLINE,OFFLINE_TRUTH,XZ,y,-0.0625,x,0.6875,z,0.1875,0.04,0.04,0.0,0.04,0.1385
2014,1.0,20dB_nominal_difference,imag,truth_OFFLINE,OFFLINE_TRUTH,XZ,y,-0.0625,x,-0.6875,z,0.3125,0.04,0.04,0.0,0.04,0.1385
2014,1.0,20dB_nominal_difference,imag,truth_OFFLINE,OFFLINE_TRUTH,XZ,y,-0.0625,x,-0.5625,z,0.3125,0.04,0.04,0.0,0.04,0.1385
2014,1.0,20dB_nominal_difference,imag,truth_OFFLINE,OFFLINE_TRUTH,XZ,y,-0.0625,x,-0.4375,z,0.3125,0.04,0.04,0.0,0.04,0.1385
2014,1.0,20dB_nominal_difference,imag,truth_OFFLINE,OFFLINE_TRUTH,XZ,y,-0.0625,x,-0.3125,z,0.3125,0.04,0.04,0.0,0.04,0.1385
2014,1.0,20dB_nominal_difference,imag,truth_OFFLINE,OFFLINE_TRUTH,XZ,y,-0.0625,x,-0.1875,z,0.3125,0.04,0.04,0.0,0.04,0.1385
2014,1.0,20dB_nominal_difference,imag,truth_OFFLINE,OFFLINE_TRUTH,XZ,y,-0.0625,x,-0.0625,z,0.3125,0.04,0.04,0.0,0.04,0.1385
2014,1.0,20dB_nominal_difference,imag,truth_OFFLINE,OFFLINE_TRUTH,XZ,y,-0.0625,x,0.0625,z,0.3125,0.04,0.04,0.0,0.04,0.1385
2014,1.0,20dB_nominal_difference,imag,truth_OFFLINE,OFFLINE_TRUTH,XZ,y,-0.0625,x,0.1875,z,0.3125,0.04,0.04,0.0,0.04,0.1385
2014,1.0,20dB_nominal_difference,imag,truth_OFFLINE,OFFLINE_TRUTH,XZ,y,-0.0625,x,0.3125,z,0.3125,0.04,0.04,0.0,0.04,0.1385
2014,1.0,20dB_nominal_difference,imag,truth_OFFLINE,OFFLINE_TRUTH,XZ,y,-0.0625,x,0.4375,z,0.3125,0.04,0.04,0.0,0.04,0.1385
2014,1.0,20dB_nominal_difference,imag,truth_OFFLINE,OFFLINE_TRUTH,XZ,y,-0.0625,x,0.5625,z,0.3125,0.04,0.04,0.0,0.04,0.1385
2014,1.0,20dB_nominal_difference,imag,truth_OFFLINE,OFFLINE_TRUTH,XZ,y,-0.0625,x,0.6875,z,0.3125,0.04,0.04,0.0,0.04,0.1385
2014,1.0,20dB_nominal_difference,imag,truth_OFFLINE,OFFLINE_TRUTH,XZ,y,-0.0625,x,-0.6875,z,0.4375,0.04,0.04,0.0,0.04,0.1385
2014,1.0,20dB_nominal_difference,imag,truth_OFFLINE,OFFLINE_TRUTH,XZ,y,-0.0625,x,-0.5625,z,0.4375,0.04,0.04,0.0,0.04,0.1385
2014,1.0,20dB_nominal_difference,imag,truth_OFFLINE,OFFLINE_TRUTH,XZ,y,-0.0625,x,-0.4375,z,0.4375,0.04,0.04,0.0,0.04,0.1385
2014,1.0,20dB_nominal_difference,imag,truth_OFFLINE,OFFLINE_TRUTH,XZ,y,-0.0625,x,-0.3125,z,0.4375,0.04,0.04,0.0,0.04,0.1385
2014,1.0,20dB_nominal_difference,imag,truth_OFFLINE,OFFLINE_TRUTH,XZ,y,-0.0625,x,-0.1875,z,0.4375,0.04,0.04,0.0,0.04,0.1385
2014,1.0,20dB_nominal_difference,imag,truth_OFFLINE,OFFLINE_TRUTH,XZ,y,-0.0625,x,-0.0625,z,0.4375,0.04,0.04,0.0,0.04,0.1385
2014,1.0,20dB_nominal_difference,imag,truth_OFFLINE,OFFLINE_TRUTH,XZ,y,-0.0625,x,0.0625,z,0.4375,0.04,0.04,0.0,0.04,0.1385
2014,1.0,20dB_nominal_difference,imag,truth_OFFLINE,OFFLINE_TRUTH,XZ,y,-0.0625,x,0.1875,z,0.4375,0.04,0.04,0.0,0.04,0.1385
2014,1.0,20dB_nominal_difference,imag,truth_OFFLINE,OFFLINE_TRUTH,XZ,y,-0.0625,x,0.3125,z,0.4375,0.04,0.04,0.0,0.04,0.1385
2014,1.0,20dB_nominal_difference,imag,truth_OFFLINE,OFFLINE_TRUTH,XZ,y,-0.0625,x,0.4375,z,0.4375,0.04,0.04,0.0,0.04,0.1385
2014,1.0,20dB_nominal_difference,imag,truth_OFFLINE,OFFLINE_TRUTH,XZ,y,-0.0625,x,0.5625,z,0.4375,0.04,0.04,0.0,0.04,0.1385
2014,1.0,20dB_nominal_difference,imag,truth_OFFLINE,OFFLINE_TRUTH,XZ,y,-0.0625,x,0.6875,z,0.4375,0.04,0.04,0.0,0.04,0.1385
2014,1.0,20dB_nominal_difference,imag,truth_OFFLINE,OFFLINE_TRUTH,XZ,y,-0.0625,x,-0.6875,z,0.5625,0.04,0.04,0.0,0.04,0.1385
2014,1.0,20dB_nominal_difference,imag,truth_OFFLINE,OFFLINE_TRUTH,XZ,y,-0.0625,x,-0.5625,z,0.5625,0.04,0.04,0.0,0.04,0.1385
2014,1.0,20dB_nominal_difference,imag,truth_OFFLINE,OFFLINE_TRUTH,XZ,y,-0.0625,x,-0.4375,z,0.5625,0.04,0.04,0.0,0.04,0.1385
2014,1.0,20dB_nominal_difference,imag,truth_OFFLINE,OFFLINE_TRUTH,XZ,y,-0.0625,x,-0.3125,z,0.5625,0.04,0.04,0.0,0.04,0.1385
2014,1.0,20dB_nominal_difference,imag,truth_OFFLINE,OFFLINE_TRUTH,XZ,y,-0.0625,x,-0.1875,z,0.5625,0.04,0.04,0.0,0.04,0.1385
2014,1.0,20dB_nominal_difference,imag,truth_OFFLINE,OFFLINE_TRUTH,XZ,y,-0.0625,x,-0.0625,z,0.5625,0.04,0.04,0.0,0.04,0.1385
2014,1.0,20dB_nominal_difference,imag,truth_OFFLINE,OFFLINE_TRUTH,XZ,y,-0.0625,x,0.0625,z,0.5625,0.04,0.04,0.0,0.04,0.1385
2014,1.0,20dB_nominal_difference,imag,truth_OFFLINE,OFFLINE_TRUTH,XZ,y,-0.0625,x,0.1875,z,0.5625,0.04,0.04,0.0,0.04,0.1385
2014,1.0,20dB_nominal_difference,imag,truth_OFFLINE,OFFLINE_TRUTH,XZ,y,-0.0625,x,0.3125,z,0.5625,0.04,0.04,0.0,0.04,0.1385
2014,1.0,20dB_nominal_difference,imag,truth_OFFLINE,OFFLINE_TRUTH,XZ,y,-0.0625,x,0.4375,z,0.5625,0.04,0.04,0.0,0.04,0.1385
2014,1.0,20dB_nominal_difference,imag,truth_OFFLINE,OFFLINE_TRUTH,XZ,y,-0.0625,x,0.5625,z,0.5625,0.04,0.04,0.0,0.04,0.1385
2014,1.0,20dB_nominal_difference,imag,truth_OFFLINE,OFFLINE_TRUTH,XZ,y,-0.0625,x,0.6875,z,0.5625,0.04,0.04,0.0,0.04,0.1385
2014,1.0,20dB_nominal_difference,imag,truth_OFFLINE,OFFLINE_TRUTH,XZ,y,-0.0625,x,-0.6875,z,0.6875,0.04,0.04,0.0,0.04,0.1385
2014,1.0,20dB_nominal_difference,imag,truth_OFFLINE,OFFLINE_TRUTH,XZ,y,-0.0625,x,-0.5625,z,0.6875,0.04,0.04,0.0,0.04,0.1385
2014,1.0,20dB_nominal_difference,imag,truth_OFFLINE,OFFLINE_TRUTH,XZ,y,-0.0625,x,-0.4375,z,0.6875,0.04,0.04,0.0,0.04,0.1385
2014,1.0,20dB_nominal_difference,imag,truth_OFFLINE,OFFLINE_TRUTH,XZ,y,-0.0625,x,-0.3125,z,0.6875,0.04,0.04,0.0,0.04,0.1385
2014,1.0,20dB_nominal_difference,imag,truth_OFFLINE,OFFLINE_TRUTH,XZ,y,-0.0625,x,-0.1875,z,0.6875,0.04,0.04,0.0,0.04,0.1385
2014,1.0,20dB_nominal_difference,imag,truth_OFFLINE,OFFLINE_TRUTH,XZ,y,-0.0625,x,-0.0625,z,0.6875,0.04,0.04,0.0,0.04,0.1385
2014,1.0,20dB_nominal_difference,imag,truth_OFFLINE,OFFLINE_TRUTH,XZ,y,-0.0625,x,0.0625,z,0.6875,0.04,0.04,0.0,0.04,0.1385
2014,1.0,20dB_nominal_difference,imag,truth_OFFLINE,OFFLINE_TRUTH,XZ,y,-0.0625,x,0.1875,z,0.6875,0.04,0.04,0.0,0.04,0.1385
2014,1.0,20dB_nominal_difference,imag,truth_OFFLINE,OFFLINE_TRUTH,XZ,y,-0.0625,x,0.3125,z,0.6875,0.04,0.04,0.0,0.04,0.1385
2014,1.0,20dB_nominal_difference,imag,truth_OFFLINE,OFFLINE_TRUTH,XZ,y,-0.0625,x,0.4375,z,0.6875,0.04,0.04,0.0,0.04,0.1385
2014,1.0,20dB_nominal_difference,imag,truth_OFFLINE,OFFLINE_TRUTH,XZ,y,-0.0625,x,0.5625,z,0.6875,0.04,0.04,0.0,0.04,0.1385
2014,1.0,20dB_nominal_difference,imag,truth_OFFLINE,OFFLINE_TRUTH,XZ,y,-0.0625,x,0.6875,z,0.6875,0.04,0.04,0.0,0.04,0.1385
2014,1.0,20dB_nominal_difference,imag,truth_OFFLINE,OFFLINE_TRUTH,YZ,x,-0.0625,y,-0.6875,z,-0.6875,0.04,0.04,0.0,0.04,0.1385
2014,1.0,20dB_nominal_difference,imag,truth_OFFLINE,OFFLINE_TRUTH,YZ,x,-0.0625,y,-0.5625,z,-0.6875,0.04,0.04,0.0,0.04,0.1385
2014,1.0,20dB_nominal_difference,imag,truth_OFFLINE,OFFLINE_TRUTH,YZ,x,-0.0625,y,-0.4375,z,-0.6875,0.04,0.04,0.0,0.04,0.1385
2014,1.0,20dB_nominal_difference,imag,truth_OFFLINE,OFFLINE_TRUTH,YZ,x,-0.0625,y,-0.3125,z,-0.6875,0.04,0.04,0.0,0.04,0.1385
2014,1.0,20dB_nominal_difference,imag,truth_OFFLINE,OFFLINE_TRUTH,YZ,x,-0.0625,y,-0.1875,z,-0.6875,0.04,0.04,0.0,0.04,0.1385
2014,1.0,20dB_nominal_difference,imag,truth_OFFLINE,OFFLINE_TRUTH,YZ,x,-0.0625,y,-0.0625,z,-0.6875,0.04,0.04,0.0,0.04,0.1385
2014,1.0,20dB_nominal_difference,imag,truth_OFFLINE,OFFLINE_TRUTH,YZ,x,-0.0625,y,0.0625,z,-0.6875,0.04,0.04,0.0,0.04,0.1385
2014,1.0,20dB_nominal_difference,imag,truth_OFFLINE,OFFLINE_TRUTH,YZ,x,-0.0625,y,0.1875,z,-0.6875,0.04,0.04,0.0,0.04,0.1385
2014,1.0,20dB_nominal_difference,imag,truth_OFFLINE,OFFLINE_TRUTH,YZ,x,-0.0625,y,0.3125,z,-0.6875,0.04,0.04,0.0,0.04,0.1385
2014,1.0,20dB_nominal_difference,imag,truth_OFFLINE,OFFLINE_TRUTH,YZ,x,-0.0625,y,0.4375,z,-0.6875,0.04,0.04,0.0,0.04,0.1385
2014,1.0,20dB_nominal_difference,imag,truth_OFFLINE,OFFLINE_TRUTH,YZ,x,-0.0625,y,0.5625,z,-0.6875,0.04,0.04,0.0,0.04,0.1385
2014,1.0,20dB_nominal_difference,imag,truth_OFFLINE,OFFLINE_TRUTH,YZ,x,-0.0625,y,0.6875,z,-0.6875,0.04,0.04,0.0,0.04,0.1385
2014,1.0,20dB_nominal_difference,imag,truth_OFFLINE,OFFLINE_TRUTH,YZ,x,-0.0625,y,-0.6875,z,-0.5625,0.04,0.04,0.0,0.04,0.1385
2014,1.0,20dB_nominal_difference,imag,truth_OFFLINE,OFFLINE_TRUTH,YZ,x,-0.0625,y,-0.5625,z,-0.5625,0.04,0.04,0.0,0.04,0.1385
2014,1.0,20dB_nominal_difference,imag,truth_OFFLINE,OFFLINE_TRUTH,YZ,x,-0.0625,y,-0.4375,z,-0.5625,0.04,0.04,0.0,0.04,0.1385
2014,1.0,20dB_nominal_difference,imag,truth_OFFLINE,OFFLINE_TRUTH,YZ,x,-0.0625,y,-0.3125,z,-0.5625,0.04,0.04,0.0,0.04,0.1385
2014,1.0,20dB_nominal_difference,imag,truth_OFFLINE,OFFLINE_TRUTH,YZ,x,-0.0625,y,-0.1875,z,-0.5625,0.04,0.04,0.0,0.04,0.1385
2014,1.0,20dB_nominal_difference,imag,truth_OFFLINE,OFFLINE_TRUTH,YZ,x,-0.0625,y,-0.0625,z,-0.5625,0.04,0.04,0.0,0.04,0.1385
2014,1.0,20dB_nominal_difference,imag,truth_OFFLINE,OFFLINE_TRUTH,YZ,x,-0.0625,y,0.0625,z,-0.5625,0.04,0.04,0.0,0.04,0.1385
2014,1.0,20dB_nominal_difference,imag,truth_OFFLINE,OFFLINE_TRUTH,YZ,x,-0.0625,y,0.1875,z,-0.5625,0.04,0.04,0.0,0.04,0.1385
2014,1.0,20dB_nominal_difference,imag,truth_OFFLINE,OFFLINE_TRUTH,YZ,x,-0.0625,y,0.3125,z,-0.5625,0.04,0.04,0.0,0.04,0.1385
2014,1.0,20dB_nominal_difference,imag,truth_OFFLINE,OFFLINE_TRUTH,YZ,x,-0.0625,y,0.4375,z,-0.5625,0.04,0.04,0.0,0.04,0.1385
2014,1.0,20dB_nominal_difference,imag,truth_OFFLINE,OFFLINE_TRUTH,YZ,x,-0.0625,y,0.5625,z,-0.5625,0.04,0.04,0.0,0.04,0.1385
2014,1.0,20dB_nominal_difference,imag,truth_OFFLINE,OFFLINE_TRUTH,YZ,x,-0.0625,y,0.6875,z,-0.5625,0.04,0.04,0.0,0.04,0.1385
2014,1.0,20dB_nominal_difference,imag,truth_OFFLINE,OFFLINE_TRUTH,YZ,x,-0.0625,y,-0.6875,z,-0.4375,0.04,0.04,0.0,0.04,0.1385
2014,1.0,20dB_nominal_difference,imag,truth_OFFLINE,OFFLINE_TRUTH,YZ,x,-0.0625,y,-0.5625,z,-0.4375,0.04,0.04,0.0,0.04,0.1385
2014,1.0,20dB_nominal_difference,imag,truth_OFFLINE,OFFLINE_TRUTH,YZ,x,-0.0625,y,-0.4375,z,-0.4375,0.04,0.04,0.0,0.04,0.1385
2014,1.0,20dB_nominal_difference,imag,truth_OFFLINE,OFFLINE_TRUTH,YZ,x,-0.0625,y,-0.3125,z,-0.4375,0.04,0.04,0.0,0.04,0.1385
2014,1.0,20dB_nominal_difference,imag,truth_OFFLINE,OFFLINE_TRUTH,YZ,x,-0.0625,y,-0.1875,z,-0.4375,0.04,0.04,0.0,0.04,0.1385
2014,1.0,20dB_nominal_difference,imag,truth_OFFLINE,OFFLINE_TRUTH,YZ,x,-0.0625,y,-0.0625,z,-0.4375,0.04,0.04,0.0,0.04,0.1385
2014,1.0,20dB_nominal_difference,imag,truth_OFFLINE,OFFLINE_TRUTH,YZ,x,-0.0625,y,0.0625,z,-0.4375,0.04,0.04,0.0,0.04,0.1385
2014,1.0,20dB_nominal_difference,imag,truth_OFFLINE,OFFLINE_TRUTH,YZ,x,-0.0625,y,0.1875,z,-0.4375,0.04,0.04,0.0,0.04,0.1385
2014,1.0,20dB_nominal_difference,imag,truth_OFFLINE,OFFLINE_TRUTH,YZ,x,-0.0625,y,0.3125,z,-0.4375,0.04,0.04,0.0,0.04,0.1385
2014,1.0,20dB_nominal_difference,imag,truth_OFFLINE,OFFLINE_TRUTH,YZ,x,-0.0625,y,0.4375,z,-0.4375,0.04,0.04,0.0,0.04,0.1385
2014,1.0,20dB_nominal_difference,imag,truth_OFFLINE,OFFLINE_TRUTH,YZ,x,-0.0625,y,0.5625,z,-0.4375,0.04,0.04,0.0,0.04,0.1385
2014,1.0,20dB_nominal_difference,imag,truth_OFFLINE,OFFLINE_TRUTH,YZ,x,-0.0625,y,0.6875,z,-0.4375,0.04,0.04,0.0,0.04,0.1385
2014,1.0,20dB_nominal_difference,imag,truth_OFFLINE,OFFLINE_TRUTH,YZ,x,-0.0625,y,-0.6875,z,-0.3125,0.04,0.04,0.0,0.04,0.1385
2014,1.0,20dB_nominal_difference,imag,truth_OFFLINE,OFFLINE_TRUTH,YZ,x,-0.0625,y,-0.5625,z,-0.3125,0.04,0.04,0.0,0.04,0.1385
2014,1.0,20dB_nominal_difference,imag,truth_OFFLINE,OFFLINE_TRUTH,YZ,x,-0.0625,y,-0.4375,z,-0.3125,0.04,0.04,0.0,0.04,0.1385
2014,1.0,20dB_nominal_difference,imag,truth_OFFLINE,OFFLINE_TRUTH,YZ,x,-0.0625,y,-0.3125,z,-0.3125,0.04,0.04,0.0,0.04,0.1385
2014,1.0,20dB_nominal_difference,imag,truth_OFFLINE,OFFLINE_TRUTH,YZ,x,-0.0625,y,-0.1875,z,-0.3125,0.04,0.04,0.0,0.04,0.1385
2014,1.0,20dB_nominal_difference,imag,truth_OFFLINE,OFFLINE_TRUTH,YZ,x,-0.0625,y,-0.0625,z,-0.3125,0.04,0.04,0.0,0.04,0.1385
2014,1.0,20dB_nominal_difference,imag,truth_OFFLINE,OFFLINE_TRUTH,YZ,x,-0.0625,y,0.0625,z,-0.3125,0.04,0.04,0.0,0.04,0.1385
2014,1.0,20dB_nominal_difference,imag,truth_OFFLINE,OFFLINE_TRUTH,YZ,x,-0.0625,y,0.1875,z,-0.3125,0.04,0.04,0.0,0.04,0.1385
2014,1.0,20dB_nominal_difference,imag,truth_OFFLINE,OFFLINE_TRUTH,YZ,x,-0.0625,y,0.3125,z,-0.3125,0.04,0.04,0.0,0.04,0.1385
2014,1.0,20dB_nominal_difference,imag,truth_OFFLINE,OFFLINE_TRUTH,YZ,x,-0.0625,y,0.4375,z,-0.3125,0.04,0.04,0.0,0.04,0.1385
2014,1.0,20dB_nominal_difference,imag,truth_OFFLINE,OFFLINE_TRUTH,YZ,x,-0.0625,y,0.5625,z,-0.3125,0.04,0.04,0.0,0.04,0.1385
2014,1.0,20dB_nominal_difference,imag,truth_OFFLINE,OFFLINE_TRUTH,YZ,x,-0.0625,y,0.6875,z,-0.3125,0.04,0.04,0.0,0.04,0.1385
2014,1.0,20dB_nominal_difference,imag,truth_OFFLINE,OFFLINE_TRUTH,YZ,x,-0.0625,y,-0.6875,z,-0.1875,0.04,0.04,0.0,0.04,0.1385
2014,1.0,20dB_nominal_difference,imag,truth_OFFLINE,OFFLINE_TRUTH,YZ,x,-0.0625,y,-0.5625,z,-0.1875,0.04,0.04,0.0,0.04,0.1385
2014,1.0,20dB_nominal_difference,imag,truth_OFFLINE,OFFLINE_TRUTH,YZ,x,-0.0625,y,-0.4375,z,-0.1875,0.04,0.04,0.0,0.04,0.1385
2014,1.0,20dB_nominal_difference,imag,truth_OFFLINE,OFFLINE_TRUTH,YZ,x,-0.0625,y,-0.3125,z,-0.1875,0.1385,0.1385,0.0,0.04,0.1385
2014,1.0,20dB_nominal_difference,imag,truth_OFFLINE,OFFLINE_TRUTH,YZ,x,-0.0625,y,-0.1875,z,-0.1875,0.04,0.04,0.0,0.04,0.1385
2014,1.0,20dB_nominal_difference,imag,truth_OFFLINE,OFFLINE_TRUTH,YZ,x,-0.0625,y,-0.0625,z,-0.1875,0.04,0.04,0.0,0.04,0.1385
2014,1.0,20dB_nominal_difference,imag,truth_OFFLINE,OFFLINE_TRUTH,YZ,x,-0.0625,y,0.0625,z,-0.1875,0.04,0.04,0.0,0.04,0.1385
2014,1.0,20dB_nominal_difference,imag,truth_OFFLINE,OFFLINE_TRUTH,YZ,x,-0.0625,y,0.1875,z,-0.1875,0.04,0.04,0.0,0.04,0.1385
2014,1.0,20dB_nominal_difference,imag,truth_OFFLINE,OFFLINE_TRUTH,YZ,x,-0.0625,y,0.3125,z,-0.1875,0.04,0.04,0.0,0.04,0.1385
2014,1.0,20dB_nominal_difference,imag,truth_OFFLINE,OFFLINE_TRUTH,YZ,x,-0.0625,y,0.4375,z,-0.1875,0.04,0.04,0.0,0.04,0.1385
2014,1.0,20dB_nominal_difference,imag,truth_OFFLINE,OFFLINE_TRUTH,YZ,x,-0.0625,y,0.5625,z,-0.1875,0.04,0.04,0.0,0.04,0.1385
2014,1.0,20dB_nominal_difference,imag,truth_OFFLINE,OFFLINE_TRUTH,YZ,x,-0.0625,y,0.6875,z,-0.1875,0.04,0.04,0.0,0.04,0.1385
2014,1.0,20dB_nominal_difference,imag,truth_OFFLINE,OFFLINE_TRUTH,YZ,x,-0.0625,y,-0.6875,z,-0.0625,0.04,0.04,0.0,0.04,0.1385
2014,1.0,20dB_nominal_difference,imag,truth_OFFLINE,OFFLINE_TRUTH,YZ,x,-0.0625,y,-0.5625,z,-0.0625,0.04,0.04,0.0,0.04,0.1385
2014,1.0,20dB_nominal_difference,imag,truth_OFFLINE,OFFLINE_TRUTH,YZ,x,-0.0625,y,-0.4375,z,-0.0625,0.04,0.04,0.0,0.04,0.1385
2014,1.0,20dB_nominal_difference,imag,truth_OFFLINE,OFFLINE_TRUTH,YZ,x,-0.0625,y,-0.3125,z,-0.0625,0.04,0.04,0.0,0.04,0.1385
2014,1.0,20dB_nominal_difference,imag,truth_OFFLINE,OFFLINE_TRUTH,YZ,x,-0.0625,y,-0.1875,z,-0.0625,0.04,0.04,0.0,0.04,0.1385
2014,1.0,20dB_nominal_difference,imag,truth_OFFLINE,OFFLINE_TRUTH,YZ,x,-0.0625,y,-0.0625,z,-0.0625,0.04,0.04,0.0,0.04,0.1385
2014,1.0,20dB_nominal_difference,imag,truth_OFFLINE,OFFLINE_TRUTH,YZ,x,-0.0625,y,0.0625,z,-0.0625,0.04,0.04,0.0,0.04,0.1385
2014,1.0,20dB_nominal_difference,imag,truth_OFFLINE,OFFLINE_TRUTH,YZ,x,-0.0625,y,0.1875,z,-0.0625,0.04,0.04,0.0,0.04,0.1385
2014,1.0,20dB_nominal_difference,imag,truth_OFFLINE,OFFLINE_TRUTH,YZ,x,-0.0625,y,0.3125,z,-0.0625,0.04,0.04,0.0,0.04,0.1385
2014,1.0,20dB_nominal_difference,imag,truth_OFFLINE,OFFLINE_TRUTH,YZ,x,-0.0625,y,0.4375,z,-0.0625,0.04,0.04,0.0,0.04,0.1385
2014,1.0,20dB_nominal_difference,imag,truth_OFFLINE,OFFLINE_TRUTH,YZ,x,-0.0625,y,0.5625,z,-0.0625,0.04,0.04,0.0,0.04,0.1385
2014,1.0,20dB_nominal_difference,imag,truth_OFFLINE,OFFLINE_TRUTH,YZ,x,-0.0625,y,0.6875,z,-0.0625,0.04,0.04,0.0,0.04,0.1385
2014,1.0,20dB_nominal_difference,imag,truth_OFFLINE,OFFLINE_TRUTH,YZ,x,-0.0625,y,-0.6875,z,0.0625,0.04,0.04,0.0,0.04,0.1385
2014,1.0,20dB_nominal_difference,imag,truth_OFFLINE,OFFLINE_TRUTH,YZ,x,-0.0625,y,-0.5625,z,0.0625,0.04,0.04,0.0,0.04,0.1385
2014,1.0,20dB_nominal_difference,imag,truth_OFFLINE,OFFLINE_TRUTH,YZ,x,-0.0625,y,-0.4375,z,0.0625,0.04,0.04,0.0,0.04,0.1385
2014,1.0,20dB_nominal_difference,imag,truth_OFFLINE,OFFLINE_TRUTH,YZ,x,-0.0625,y,-0.3125,z,0.0625,0.04,0.04,0.0,0.04,0.1385
2014,1.0,20dB_nominal_difference,imag,truth_OFFLINE,OFFLINE_TRUTH,YZ,x,-0.0625,y,-0.1875,z,0.0625,0.04,0.04,0.0,0.04,0.1385
2014,1.0,20dB_nominal_difference,imag,truth_OFFLINE,OFFLINE_TRUTH,YZ,x,-0.0625,y,-0.0625,z,0.0625,0.04,0.04,0.0,0.04,0.1385
2014,1.0,20dB_nominal_difference,imag,truth_OFFLINE,OFFLINE_TRUTH,YZ,x,-0.0625,y,0.0625,z,0.0625,0.04,0.04,0.0,0.04,0.1385
2014,1.0,20dB_nominal_difference,imag,truth_OFFLINE,OFFLINE_TRUTH,YZ,x,-0.0625,y,0.1875,z,0.0625,0.04,0.04,0.0,0.04,0.1385
2014,1.0,20dB_nominal_difference,imag,truth_OFFLINE,OFFLINE_TRUTH,YZ,x,-0.0625,y,0.3125,z,0.0625,0.04,0.04,0.0,0.04,0.1385
2014,1.0,20dB_nominal_difference,imag,truth_OFFLINE,OFFLINE_TRUTH,YZ,x,-0.0625,y,0.4375,z,0.0625,0.04,0.04,0.0,0.04,0.1385
2014,1.0,20dB_nominal_difference,imag,truth_OFFLINE,OFFLINE_TRUTH,YZ,x,-0.0625,y,0.5625,z,0.0625,0.04,0.04,0.0,0.04,0.1385
2014,1.0,20dB_nominal_difference,imag,truth_OFFLINE,OFFLINE_TRUTH,YZ,x,-0.0625,y,0.6875,z,0.0625,0.04,0.04,0.0,0.04,0.1385
2014,1.0,20dB_nominal_difference,imag,truth_OFFLINE,OFFLINE_TRUTH,YZ,x,-0.0625,y,-0.6875,z,0.1875,0.04,0.04,0.0,0.04,0.1385
2014,1.0,20dB_nominal_difference,imag,truth_OFFLINE,OFFLINE_TRUTH,YZ,x,-0.0625,y,-0.5625,z,0.1875,0.04,0.04,0.0,0.04,0.1385
2014,1.0,20dB_nominal_difference,imag,truth_OFFLINE,OFFLINE_TRUTH,YZ,x,-0.0625,y,-0.4375,z,0.1875,0.04,0.04,0.0,0.04,0.1385
2014,1.0,20dB_nominal_difference,imag,truth_OFFLINE,OFFLINE_TRUTH,YZ,x,-0.0625,y,-0.3125,z,0.1875,0.04,0.04,0.0,0.04,0.1385
2014,1.0,20dB_nominal_difference,imag,truth_OFFLINE,OFFLINE_TRUTH,YZ,x,-0.0625,y,-0.1875,z,0.1875,0.04,0.04,0.0,0.04,0.1385
2014,1.0,20dB_nominal_difference,imag,truth_OFFLINE,OFFLINE_TRUTH,YZ,x,-0.0625,y,-0.0625,z,0.1875,0.04,0.04,0.0,0.04,0.1385
2014,1.0,20dB_nominal_difference,imag,truth_OFFLINE,OFFLINE_TRUTH,YZ,x,-0.0625,y,0.0625,z,0.1875,0.04,0.04,0.0,0.04,0.1385
2014,1.0,20dB_nominal_difference,imag,truth_OFFLINE,OFFLINE_TRUTH,YZ,x,-0.0625,y,0.1875,z,0.1875,0.04,0.04,0.0,0.04,0.1385
2014,1.0,20dB_nominal_difference,imag,truth_OFFLINE,OFFLINE_TRUTH,YZ,x,-0.0625,y,0.3125,z,0.1875,0.04,0.04,0.0,0.04,0.1385
2014,1.0,20dB_nominal_difference,imag,truth_OFFLINE,OFFLINE_TRUTH,YZ,x,-0.0625,y,0.4375,z,0.1875,0.04,0.04,0.0,0.04,0.1385
2014,1.0,20dB_nominal_difference,imag,truth_OFFLINE,OFFLINE_TRUTH,YZ,x,-0.0625,y,0.5625,z,0.1875,0.04,0.04,0.0,0.04,0.1385
2014,1.0,20dB_nominal_difference,imag,truth_OFFLINE,OFFLINE_TRUTH,YZ,x,-0.0625,y,0.6875,z,0.1875,0.04,0.04,0.0,0.04,0.1385
2014,1.0,20dB_nominal_difference,imag,truth_OFFLINE,OFFLINE_TRUTH,YZ,x,-0.0625,y,-0.6875,z,0.3125,0.04,0.04,0.0,0.04,0.1385
2014,1.0,20dB_nominal_difference,imag,truth_OFFLINE,OFFLINE_TRUTH,YZ,x,-0.0625,y,-0.5625,z,0.3125,0.04,0.04,0.0,0.04,0.1385
2014,1.0,20dB_nominal_difference,imag,truth_OFFLINE,OFFLINE_TRUTH,YZ,x,-0.0625,y,-0.4375,z,0.3125,0.04,0.04,0.0,0.04,0.1385
2014,1.0,20dB_nominal_difference,imag,truth_OFFLINE,OFFLINE_TRUTH,YZ,x,-0.0625,y,-0.3125,z,0.3125,0.04,0.04,0.0,0.04,0.1385
2014,1.0,20dB_nominal_difference,imag,truth_OFFLINE,OFFLINE_TRUTH,YZ,x,-0.0625,y,-0.1875,z,0.3125,0.04,0.04,0.0,0.04,0.1385
2014,1.0,20dB_nominal_difference,imag,truth_OFFLINE,OFFLINE_TRUTH,YZ,x,-0.0625,y,-0.0625,z,0.3125,0.04,0.04,0.0,0.04,0.1385
2014,1.0,20dB_nominal_difference,imag,truth_OFFLINE,OFFLINE_TRUTH,YZ,x,-0.0625,y,0.0625,z,0.3125,0.04,0.04,0.0,0.04,0.1385
2014,1.0,20dB_nominal_difference,imag,truth_OFFLINE,OFFLINE_TRUTH,YZ,x,-0.0625,y,0.1875,z,0.3125,0.04,0.04,0.0,0.04,0.1385
2014,1.0,20dB_nominal_difference,imag,truth_OFFLINE,OFFLINE_TRUTH,YZ,x,-0.0625,y,0.3125,z,0.3125,0.04,0.04,0.0,0.04,0.1385
2014,1.0,20dB_nominal_difference,imag,truth_OFFLINE,OFFLINE_TRUTH,YZ,x,-0.0625,y,0.4375,z,0.3125,0.04,0.04,0.0,0.04,0.1385
2014,1.0,20dB_nominal_difference,imag,truth_OFFLINE,OFFLINE_TRUTH,YZ,x,-0.0625,y,0.5625,z,0.3125,0.04,0.04,0.0,0.04,0.1385
2014,1.0,20dB_nominal_difference,imag,truth_OFFLINE,OFFLINE_TRUTH,YZ,x,-0.0625,y,0.6875,z,0.3125,0.04,0.04,0.0,0.04,0.1385
2014,1.0,20dB_nominal_difference,imag,truth_OFFLINE,OFFLINE_TRUTH,YZ,x,-0.0625,y,-0.6875,z,0.4375,0.04,0.04,0.0,0.04,0.1385
2014,1.0,20dB_nominal_difference,imag,truth_OFFLINE,OFFLINE_TRUTH,YZ,x,-0.0625,y,-0.5625,z,0.4375,0.04,0.04,0.0,0.04,0.1385
2014,1.0,20dB_nominal_difference,imag,truth_OFFLINE,OFFLINE_TRUTH,YZ,x,-0.0625,y,-0.4375,z,0.4375,0.04,0.04,0.0,0.04,0.1385
2014,1.0,20dB_nominal_difference,imag,truth_OFFLINE,OFFLINE_TRUTH,YZ,x,-0.0625,y,-0.3125,z,0.4375,0.04,0.04,0.0,0.04,0.1385
2014,1.0,20dB_nominal_difference,imag,truth_OFFLINE,OFFLINE_TRUTH,YZ,x,-0.0625,y,-0.1875,z,0.4375,0.04,0.04,0.0,0.04,0.1385
2014,1.0,20dB_nominal_difference,imag,truth_OFFLINE,OFFLINE_TRUTH,YZ,x,-0.0625,y,-0.0625,z,0.4375,0.04,0.04,0.0,0.04,0.1385
2014,1.0,20dB_nominal_difference,imag,truth_OFFLINE,OFFLINE_TRUTH,YZ,x,-0.0625,y,0.0625,z,0.4375,0.04,0.04,0.0,0.04,0.1385
2014,1.0,20dB_nominal_difference,imag,truth_OFFLINE,OFFLINE_TRUTH,YZ,x,-0.0625,y,0.1875,z,0.4375,0.04,0.04,0.0,0.04,0.1385
2014,1.0,20dB_nominal_difference,imag,truth_OFFLINE,OFFLINE_TRUTH,YZ,x,-0.0625,y,0.3125,z,0.4375,0.04,0.04,0.0,0.04,0.1385
2014,1.0,20dB_nominal_difference,imag,truth_OFFLINE,OFFLINE_TRUTH,YZ,x,-0.0625,y,0.4375,z,0.4375,0.04,0.04,0.0,0.04,0.1385
2014,1.0,20dB_nominal_difference,imag,truth_OFFLINE,OFFLINE_TRUTH,YZ,x,-0.0625,y,0.5625,z,0.4375,0.04,0.04,0.0,0.04,0.1385
2014,1.0,20dB_nominal_difference,imag,truth_OFFLINE,OFFLINE_TRUTH,YZ,x,-0.0625,y,0.6875,z,0.4375,0.04,0.04,0.0,0.04,0.1385
2014,1.0,20dB_nominal_difference,imag,truth_OFFLINE,OFFLINE_TRUTH,YZ,x,-0.0625,y,-0.6875,z,0.5625,0.04,0.04,0.0,0.04,0.1385
2014,1.0,20dB_nominal_difference,imag,truth_OFFLINE,OFFLINE_TRUTH,YZ,x,-0.0625,y,-0.5625,z,0.5625,0.04,0.04,0.0,0.04,0.1385
2014,1.0,20dB_nominal_difference,imag,truth_OFFLINE,OFFLINE_TRUTH,YZ,x,-0.0625,y,-0.4375,z,0.5625,0.04,0.04,0.0,0.04,0.1385
2014,1.0,20dB_nominal_difference,imag,truth_OFFLINE,OFFLINE_TRUTH,YZ,x,-0.0625,y,-0.3125,z,0.5625,0.04,0.04,0.0,0.04,0.1385
2014,1.0,20dB_nominal_difference,imag,truth_OFFLINE,OFFLINE_TRUTH,YZ,x,-0.0625,y,-0.1875,z,0.5625,0.04,0.04,0.0,0.04,0.1385
2014,1.0,20dB_nominal_difference,imag,truth_OFFLINE,OFFLINE_TRUTH,YZ,x,-0.0625,y,-0.0625,z,0.5625,0.04,0.04,0.0,0.04,0.1385
2014,1.0,20dB_nominal_difference,imag,truth_OFFLINE,OFFLINE_TRUTH,YZ,x,-0.0625,y,0.0625,z,0.5625,0.04,0.04,0.0,0.04,0.1385
2014,1.0,20dB_nominal_difference,imag,truth_OFFLINE,OFFLINE_TRUTH,YZ,x,-0.0625,y,0.1875,z,0.5625,0.04,0.04,0.0,0.04,0.1385
2014,1.0,20dB_nominal_difference,imag,truth_OFFLINE,OFFLINE_TRUTH,YZ,x,-0.0625,y,0.3125,z,0.5625,0.04,0.04,0.0,0.04,0.1385
2014,1.0,20dB_nominal_difference,imag,truth_OFFLINE,OFFLINE_TRUTH,YZ,x,-0.0625,y,0.4375,z,0.5625,0.04,0.04,0.0,0.04,0.1385
2014,1.0,20dB_nominal_difference,imag,truth_OFFLINE,OFFLINE_TRUTH,YZ,x,-0.0625,y,0.5625,z,0.5625,0.04,0.04,0.0,0.04,0.1385
2014,1.0,20dB_nominal_difference,imag,truth_OFFLINE,OFFLINE_TRUTH,YZ,x,-0.0625,y,0.6875,z,0.5625,0.04,0.04,0.0,0.04,0.1385
2014,1.0,20dB_nominal_difference,imag,truth_OFFLINE,OFFLINE_TRUTH,YZ,x,-0.0625,y,-0.6875,z,0.6875,0.04,0.04,0.0,0.04,0.1385
2014,1.0,20dB_nominal_difference,imag,truth_OFFLINE,OFFLINE_TRUTH,YZ,x,-0.0625,y,-0.5625,z,0.6875,0.04,0.04,0.0,0.04,0.1385
2014,1.0,20dB_nominal_difference,imag,truth_OFFLINE,OFFLINE_TRUTH,YZ,x,-0.0625,y,-0.4375,z,0.6875,0.04,0.04,0.0,0.04,0.1385
2014,1.0,20dB_nominal_difference,imag,truth_OFFLINE,OFFLINE_TRUTH,YZ,x,-0.0625,y,-0.3125,z,0.6875,0.04,0.04,0.0,0.04,0.1385
2014,1.0,20dB_nominal_difference,imag,truth_OFFLINE,OFFLINE_TRUTH,YZ,x,-0.0625,y,-0.1875,z,0.6875,0.04,0.04,0.0,0.04,0.1385
2014,1.0,20dB_nominal_difference,imag,truth_OFFLINE,OFFLINE_TRUTH,YZ,x,-0.0625,y,-0.0625,z,0.6875,0.04,0.04,0.0,0.04,0.1385
2014,1.0,20dB_nominal_difference,imag,truth_OFFLINE,OFFLINE_TRUTH,YZ,x,-0.0625,y,0.0625,z,0.6875,0.04,0.04,0.0,0.04,0.1385
2014,1.0,20dB_nominal_difference,imag,truth_OFFLINE,OFFLINE_TRUTH,YZ,x,-0.0625,y,0.1875,z,0.6875,0.04,0.04,0.0,0.04,0.1385
2014,1.0,20dB_nominal_difference,imag,truth_OFFLINE,OFFLINE_TRUTH,YZ,x,-0.0625,y,0.3125,z,0.6875,0.04,0.04,0.0,0.04,0.1385
2014,1.0,20dB_nominal_difference,imag,truth_OFFLINE,OFFLINE_TRUTH,YZ,x,-0.0625,y,0.4375,z,0.6875,0.04,0.04,0.0,0.04,0.1385
2014,1.0,20dB_nominal_difference,imag,truth_OFFLINE,OFFLINE_TRUTH,YZ,x,-0.0625,y,0.5625,z,0.6875,0.04,0.04,0.0,0.04,0.1385
2014,1.0,20dB_nominal_difference,imag,truth_OFFLINE,OFFLINE_TRUTH,YZ,x,-0.0625,y,0.6875,z,0.6875,0.04,0.04,0.0,0.04,0.1385
2014,1.0,20dB_nominal_difference,imag,dressed_linear_chi,REJECTED_PHYSICAL,XY,z,-0.0625,x,-0.6875,y,-0.6875,0.04,0.04863059748562919,0.008630597485629186,0.04,0.1385
2014,1.0,20dB_nominal_difference,imag,dressed_linear_chi,REJECTED_PHYSICAL,XY,z,-0.0625,x,-0.5625,y,-0.6875,0.04,0.045601460718219494,0.005601460718219493,0.04,0.1385
2014,1.0,20dB_nominal_difference,imag,dressed_linear_chi,REJECTED_PHYSICAL,XY,z,-0.0625,x,-0.4375,y,-0.6875,0.04,0.04385840264754923,0.0038584026475492264,0.04,0.1385
2014,1.0,20dB_nominal_difference,imag,dressed_linear_chi,REJECTED_PHYSICAL,XY,z,-0.0625,x,-0.3125,y,-0.6875,0.04,0.04211582402320504,0.0021158240232050374,0.04,0.1385
2014,1.0,20dB_nominal_difference,imag,dressed_linear_chi,REJECTED_PHYSICAL,XY,z,-0.0625,x,-0.1875,y,-0.6875,0.04,0.040963190915307236,0.0009631909153072354,0.04,0.1385
2014,1.0,20dB_nominal_difference,imag,dressed_linear_chi,REJECTED_PHYSICAL,XY,z,-0.0625,x,-0.0625,y,-0.6875,0.04,0.04080621602581565,0.0008062160258156467,0.04,0.1385
2014,1.0,20dB_nominal_difference,imag,dressed_linear_chi,REJECTED_PHYSICAL,XY,z,-0.0625,x,0.0625,y,-0.6875,0.04,0.04162163540351358,0.00162163540351358,0.04,0.1385
2014,1.0,20dB_nominal_difference,imag,dressed_linear_chi,REJECTED_PHYSICAL,XY,z,-0.0625,x,0.1875,y,-0.6875,0.04,0.042904578432218156,0.002904578432218155,0.04,0.1385
2014,1.0,20dB_nominal_difference,imag,dressed_linear_chi,REJECTED_PHYSICAL,XY,z,-0.0625,x,0.3125,y,-0.6875,0.04,0.04373624867551106,0.0037362486755110613,0.04,0.1385
2014,1.0,20dB_nominal_difference,imag,dressed_linear_chi,REJECTED_PHYSICAL,XY,z,-0.0625,x,0.4375,y,-0.6875,0.04,0.042984597365052765,0.0029845973650527644,0.04,0.1385
2014,1.0,20dB_nominal_difference,imag,dressed_linear_chi,REJECTED_PHYSICAL,XY,z,-0.0625,x,0.5625,y,-0.6875,0.04,0.03972934117203109,-0.0002706588279689087,0.04,0.1385
2014,1.0,20dB_nominal_difference,imag,dressed_linear_chi,REJECTED_PHYSICAL,XY,z,-0.0625,x,0.6875,y,-0.6875,0.04,0.03502293371212052,-0.004977066287879479,0.04,0.1385
2014,1.0,20dB_nominal_difference,imag,dressed_linear_chi,REJECTED_PHYSICAL,XY,z,-0.0625,x,-0.6875,y,-0.5625,0.04,0.04928751076003007,0.009287510760030072,0.04,0.1385
2014,1.0,20dB_nominal_difference,imag,dressed_linear_chi,REJECTED_PHYSICAL,XY,z,-0.0625,x,-0.5625,y,-0.5625,0.04,0.04474257116062133,0.00474257116062133,0.04,0.1385
2014,1.0,20dB_nominal_difference,imag,dressed_linear_chi,REJECTED_PHYSICAL,XY,z,-0.0625,x,-0.4375,y,-0.5625,0.04,0.04188144093112451,0.001881440931124509,0.04,0.1385
2014,1.0,20dB_nominal_difference,imag,dressed_linear_chi,REJECTED_PHYSICAL,XY,z,-0.0625,x,-0.3125,y,-0.5625,0.04,0.040406611518267195,0.0004066115182671942,0.04,0.1385
2014,1.0,20dB_nominal_difference,imag,dressed_linear_chi,REJECTED_PHYSICAL,XY,z,-0.0625,x,-0.1875,y,-0.5625,0.04,0.04051686799922269,0.000516867999222688,0.04,0.1385
2014,1.0,20dB_nominal_difference,imag,dressed_linear_chi,REJECTED_PHYSICAL,XY,z,-0.0625,x,-0.0625,y,-0.5625,0.04,0.04223506693860371,0.0022350669386037095,0.04,0.1385
2014,1.0,20dB_nominal_difference,imag,dressed_linear_chi,REJECTED_PHYSICAL,XY,z,-0.0625,x,0.0625,y,-0.5625,0.04,0.04513297381697515,0.005132973816975146,0.04,0.1385
2014,1.0,20dB_nominal_difference,imag,dressed_linear_chi,REJECTED_PHYSICAL,XY,z,-0.0625,x,0.1875,y,-0.5625,0.04,0.04825257237646366,0.008252572376463659,0.04,0.1385
2014,1.0,20dB_nominal_difference,imag,dressed_linear_chi,REJECTED_PHYSICAL,XY,z,-0.0625,x,0.3125,y,-0.5625,0.04,0.050175980003429446,0.010175980003429445,0.04,0.1385
2014,1.0,20dB_nominal_difference,imag,dressed_linear_chi,REJECTED_PHYSICAL,XY,z,-0.0625,x,0.4375,y,-0.5625,0.04,0.049216813907282574,0.009216813907282573,0.04,0.1385
2014,1.0,20dB_nominal_difference,imag,dressed_linear_chi,REJECTED_PHYSICAL,XY,z,-0.0625,x,0.5625,y,-0.5625,0.04,0.04367017833240217,0.0036701783324021714,0.04,0.1385
2014,1.0,20dB_nominal_difference,imag,dressed_linear_chi,REJECTED_PHYSICAL,XY,z,-0.0625,x,0.6875,y,-0.5625,0.04,0.03276640843099705,-0.007233591569002953,0.04,0.1385
2014,1.0,20dB_nominal_difference,imag,dressed_linear_chi,REJECTED_PHYSICAL,XY,z,-0.0625,x,-0.6875,y,-0.4375,0.04,0.04452654199014173,0.0045265419901417275,0.04,0.1385
2014,1.0,20dB_nominal_difference,imag,dressed_linear_chi,REJECTED_PHYSICAL,XY,z,-0.0625,x,-0.5625,y,-0.4375,0.04,0.040238783715732335,0.00023878371573233387,0.04,0.1385
2014,1.0,20dB_nominal_difference,imag,dressed_linear_chi,REJECTED_PHYSICAL,XY,z,-0.0625,x,-0.4375,y,-0.4375,0.04,0.03712812374432276,-0.0028718762556772387,0.04,0.1385
2014,1.0,20dB_nominal_difference,imag,dressed_linear_chi,REJECTED_PHYSICAL,XY,z,-0.0625,x,-0.3125,y,-0.4375,0.04,0.03599320979086997,-0.004006790209130029,0.04,0.1385
2014,1.0,20dB_nominal_difference,imag,dressed_linear_chi,REJECTED_PHYSICAL,XY,z,-0.0625,x,-0.1875,y,-0.4375,0.04,0.03722558689297739,-0.0027744131070226094,0.04,0.1385
2014,1.0,20dB_nominal_difference,imag,dressed_linear_chi,REJECTED_PHYSICAL,XY,z,-0.0625,x,-0.0625,y,-0.4375,0.04,0.04071118818533847,0.0007111881853384683,0.04,0.1385
2014,1.0,20dB_nominal_difference,imag,dressed_linear_chi,REJECTED_PHYSICAL,XY,z,-0.0625,x,0.0625,y,-0.4375,0.04,0.04572911217385758,0.005729112173857583,0.04,0.1385
2014,1.0,20dB_nominal_difference,imag,dressed_linear_chi,REJECTED_PHYSICAL,XY,z,-0.0625,x,0.1875,y,-0.4375,0.04,0.050923747402815946,0.010923747402815945,0.04,0.1385
2014,1.0,20dB_nominal_difference,imag,dressed_linear_chi,REJECTED_PHYSICAL,XY,z,-0.0625,x,0.3125,y,-0.4375,0.04,0.054399382501020124,0.014399382501020123,0.04,0.1385
2014,1.0,20dB_nominal_difference,imag,dressed_linear_chi,REJECTED_PHYSICAL,XY,z,-0.0625,x,0.4375,y,-0.4375,0.04,0.053925027066924563,0.013925027066924563,0.04,0.1385
2014,1.0,20dB_nominal_difference,imag,dressed_linear_chi,REJECTED_PHYSICAL,XY,z,-0.0625,x,0.5625,y,-0.4375,0.04,0.04720300487837477,0.007203004878374768,0.04,0.1385
2014,1.0,20dB_nominal_difference,imag,dressed_linear_chi,REJECTED_PHYSICAL,XY,z,-0.0625,x,0.6875,y,-0.4375,0.04,0.03343668615139873,-0.006563313848601274,0.04,0.1385
2014,1.0,20dB_nominal_difference,imag,dressed_linear_chi,REJECTED_PHYSICAL,XY,z,-0.0625,x,-0.6875,y,-0.3125,0.04,0.04057148286774245,0.0005714828677424524,0.04,0.1385
2014,1.0,20dB_nominal_difference,imag,dressed_linear_chi,REJECTED_PHYSICAL,XY,z,-0.0625,x,-0.5625,y,-0.3125,0.04,0.03612466103313333,-0.003875338966866669,0.04,0.1385
2014,1.0,20dB_nominal_difference,imag,dressed_linear_chi,REJECTED_PHYSICAL,XY,z,-0.0625,x,-0.4375,y,-0.3125,0.04,0.032765265110607136,-0.0072347348893928645,0.04,0.1385
2014,1.0,20dB_nominal_difference,imag,dressed_linear_chi,REJECTED_PHYSICAL,XY,z,-0.0625,x,-0.3125,y,-0.3125,0.04,0.03177970708691942,-0.00822029291308058,0.04,0.1385
2014,1.0,20dB_nominal_difference,imag,dressed_linear_chi,REJECTED_PHYSICAL,XY,z,-0.0625,x,-0.1875,y,-0.3125,0.04,0.03373552138448344,-0.006264478615516558,0.04,0.1385
2014,1.0,20dB_nominal_difference,imag,dressed_linear_chi,REJECTED_PHYSICAL,XY,z,-0.0625,x,-0.0625,y,-0.3125,0.04,0.038514762206078,-0.001485237793921998,0.04,0.1385
2014,1.0,20dB_nominal_difference,imag,dressed_linear_chi,REJECTED_PHYSICAL,XY,z,-0.0625,x,0.0625,y,-0.3125,0.1385,0.0452437946930019,-0.0932562053069981,0.04,0.1385
2014,1.0,20dB_nominal_difference,imag,dressed_linear_chi,REJECTED_PHYSICAL,XY,z,-0.0625,x,0.1875,y,-0.3125,0.04,0.05230195487759921,0.012301954877599212,0.04,0.1385
2014,1.0,20dB_nominal_difference,imag,dressed_linear_chi,REJECTED_PHYSICAL,XY,z,-0.0625,x,0.3125,y,-0.3125,0.04,0.05744879394419538,0.01744879394419538,0.04,0.1385
2014,1.0,20dB_nominal_difference,imag,dressed_linear_chi,REJECTED_PHYSICAL,XY,z,-0.0625,x,0.4375,y,-0.3125,0.04,0.058070888613853414,0.018070888613853413,0.04,0.1385
2014,1.0,20dB_nominal_difference,imag,dressed_linear_chi,REJECTED_PHYSICAL,XY,z,-0.0625,x,0.5625,y,-0.3125,0.04,0.05153766215008875,0.011537662150088751,0.04,0.1385
2014,1.0,20dB_nominal_difference,imag,dressed_linear_chi,REJECTED_PHYSICAL,XY,z,-0.0625,x,0.6875,y,-0.3125,0.04,0.03715127866494822,-0.0028487213350517834,0.04,0.1385
2014,1.0,20dB_nominal_difference,imag,dressed_linear_chi,REJECTED_PHYSICAL,XY,z,-0.0625,x,-0.6875,y,-0.1875,0.04,0.039169618546738456,-0.0008303814532615444,0.04,0.1385
2014,1.0,20dB_nominal_difference,imag,dressed_linear_chi,REJECTED_PHYSICAL,XY,z,-0.0625,x,-0.5625,y,-0.1875,0.04,0.033992752919777235,-0.006007247080222766,0.04,0.1385
2014,1.0,20dB_nominal_difference,imag,dressed_linear_chi,REJECTED_PHYSICAL,XY,z,-0.0625,x,-0.4375,y,-0.1875,0.04,0.029916962726911512,-0.010083037273088489,0.04,0.1385
2014,1.0,20dB_nominal_difference,imag,dressed_linear_chi,REJECTED_PHYSICAL,XY,z,-0.0625,x,-0.3125,y,-0.1875,0.093,0.0285673336336316,-0.06443266636636841,0.04,0.1385
2014,1.0,20dB_nominal_difference,imag,dressed_linear_chi,REJECTED_PHYSICAL,XY,z,-0.0625,x,-0.1875,y,-0.1875,0.093,0.030624578068758544,-0.06237542193124146,0.04,0.1385
2014,1.0,20dB_nominal_difference,imag,dressed_linear_chi,REJECTED_PHYSICAL,XY,z,-0.0625,x,-0.0625,y,-0.1875,0.04,0.03602517630647812,-0.003974823693521881,0.04,0.1385
2014,1.0,20dB_nominal_difference,imag,dressed_linear_chi,REJECTED_PHYSICAL,XY,z,-0.0625,x,0.0625,y,-0.1875,0.04,0.043860087981814365,0.003860087981814364,0.04,0.1385
2014,1.0,20dB_nominal_difference,imag,dressed_linear_chi,REJECTED_PHYSICAL,XY,z,-0.0625,x,0.1875,y,-0.1875,0.04,0.05238779981832329,0.012387799818323289,0.04,0.1385
2014,1.0,20dB_nominal_difference,imag,dressed_linear_chi,REJECTED_PHYSICAL,XY,z,-0.0625,x,0.3125,y,-0.1875,0.04,0.059181951059091124,0.019181951059091124,0.04,0.1385
2014,1.0,20dB_nominal_difference,imag,dressed_linear_chi,REJECTED_PHYSICAL,XY,z,-0.0625,x,0.4375,y,-0.1875,0.04,0.06141179808977919,0.021411798089779187,0.04,0.1385
2014,1.0,20dB_nominal_difference,imag,dressed_linear_chi,REJECTED_PHYSICAL,XY,z,-0.0625,x,0.5625,y,-0.1875,0.04,0.056247915076061236,0.016247915076061235,0.04,0.1385
2014,1.0,20dB_nominal_difference,imag,dressed_linear_chi,REJECTED_PHYSICAL,XY,z,-0.0625,x,0.6875,y,-0.1875,0.04,0.04294451028756742,0.0029445102875674187,0.04,0.1385
2014,1.0,20dB_nominal_difference,imag,dressed_linear_chi,REJECTED_PHYSICAL,XY,z,-0.0625,x,-0.6875,y,-0.0625,0.04,0.04074374654529336,0.0007437465452933625,0.04,0.1385
2014,1.0,20dB_nominal_difference,imag,dressed_linear_chi,REJECTED_PHYSICAL,XY,z,-0.0625,x,-0.5625,y,-0.0625,0.04,0.03442579786472616,-0.005574202135273841,0.04,0.1385
2014,1.0,20dB_nominal_difference,imag,dressed_linear_chi,REJECTED_PHYSICAL,XY,z,-0.0625,x,-0.4375,y,-0.0625,0.04,0.029156812144260365,-0.010843187855739636,0.04,0.1385
2014,1.0,20dB_nominal_difference,imag,dressed_linear_chi,REJECTED_PHYSICAL,XY,z,-0.0625,x,-0.3125,y,-0.0625,0.093,0.02687059260573156,-0.06612940739426844,0.04,0.1385
2014,1.0,20dB_nominal_difference,imag,dressed_linear_chi,REJECTED_PHYSICAL,XY,z,-0.0625,x,-0.1875,y,-0.0625,0.093,0.028347263621925994,-0.064652736378074,0.04,0.1385
2014,1.0,20dB_nominal_difference,imag,dressed_linear_chi,REJECTED_PHYSICAL,XY,z,-0.0625,x,-0.0625,y,-0.0625,0.04,0.03361642924506073,-0.006383570754939269,0.04,0.1385
2014,1.0,20dB_nominal_difference,imag,dressed_linear_chi,REJECTED_PHYSICAL,XY,z,-0.0625,x,0.0625,y,-0.0625,0.04,0.0418254630026805,0.001825463002680501,0.04,0.1385
2014,1.0,20dB_nominal_difference,imag,dressed_linear_chi,REJECTED_PHYSICAL,XY,z,-0.0625,x,0.1875,y,-0.0625,0.04,0.05124301033607358,0.011243010336073576,0.04,0.1385
2014,1.0,20dB_nominal_difference,imag,dressed_linear_chi,REJECTED_PHYSICAL,XY,z,-0.0625,x,0.3125,y,-0.0625,0.04,0.05941031137716808,0.01941031137716808,0.04,0.1385
2014,1.0,20dB_nominal_difference,imag,dressed_linear_chi,REJECTED_PHYSICAL,XY,z,-0.0625,x,0.4375,y,-0.0625,0.04,0.06343217046716476,0.02343217046716476,0.04,0.1385
2014,1.0,20dB_nominal_difference,imag,dressed_linear_chi,REJECTED_PHYSICAL,XY,z,-0.0625,x,0.5625,y,-0.0625,0.04,0.060392964356318635,0.020392964356318634,0.04,0.1385
2014,1.0,20dB_nominal_difference,imag,dressed_linear_chi,REJECTED_PHYSICAL,XY,z,-0.0625,x,0.6875,y,-0.0625,0.04,0.049397253727188305,0.009397253727188304,0.04,0.1385
2014,1.0,20dB_nominal_difference,imag,dressed_linear_chi,REJECTED_PHYSICAL,XY,z,-0.0625,x,-0.6875,y,0.0625,0.04,0.0447185855712214,0.004718585571221401,0.04,0.1385
2014,1.0,20dB_nominal_difference,imag,dressed_linear_chi,REJECTED_PHYSICAL,XY,z,-0.0625,x,-0.5625,y,0.0625,0.04,0.037112578433376016,-0.002887421566623985,0.04,0.1385
2014,1.0,20dB_nominal_difference,imag,dressed_linear_chi,REJECTED_PHYSICAL,XY,z,-0.0625,x,-0.4375,y,0.0625,0.04,0.030403665095759834,-0.009596334904240167,0.04,0.1385
2014,1.0,20dB_nominal_difference,imag,dressed_linear_chi,REJECTED_PHYSICAL,XY,z,-0.0625,x,-0.3125,y,0.0625,0.04,0.026788587566130586,-0.013211412433869415,0.04,0.1385
2014,1.0,20dB_nominal_difference,imag,dressed_linear_chi,REJECTED_PHYSICAL,XY,z,-0.0625,x,-0.1875,y,0.0625,0.04,0.027140577221184216,-0.012859422778815785,0.04,0.1385
2014,1.0,20dB_nominal_difference,imag,dressed_linear_chi,REJECTED_PHYSICAL,XY,z,-0.0625,x,-0.0625,y,0.0625,0.04,0.031599762155543845,-0.008400237844456156,0.04,0.1385
2014,1.0,20dB_nominal_difference,imag,dressed_linear_chi,REJECTED_PHYSICAL,XY,z,-0.0625,x,0.0625,y,0.0625,0.04,0.03942975847530574,-0.0005702415246942594,0.04,0.1385
2014,1.0,20dB_nominal_difference,imag,dressed_linear_chi,REJECTED_PHYSICAL,XY,z,-0.0625,x,0.1875,y,0.0625,0.04,0.04901328437019881,0.009013284370198812,0.04,0.1385
2014,1.0,20dB_nominal_difference,imag,dressed_linear_chi,REJECTED_PHYSICAL,XY,z,-0.0625,x,0.3125,y,0.0625,0.11575000000000002,0.05799550085748638,-0.05775449914251364,0.04,0.1385
2014,1.0,20dB_nominal_difference,imag,dressed_linear_chi,REJECTED_PHYSICAL,XY,z,-0.0625,x,0.4375,y,0.0625,0.04,0.06356408745778339,0.023564087457783385,0.04,0.1385
2014,1.0,20dB_nominal_difference,imag,dressed_linear_chi,REJECTED_PHYSICAL,XY,z,-0.0625,x,0.5625,y,0.0625,0.04,0.06284943942936566,0.02284943942936566,0.04,0.1385
2014,1.0,20dB_nominal_difference,imag,dressed_linear_chi,REJECTED_PHYSICAL,XY,z,-0.0625,x,0.6875,y,0.0625,0.04,0.054783254820612956,0.014783254820612955,0.04,0.1385
2014,1.0,20dB_nominal_difference,imag,dressed_linear_chi,REJECTED_PHYSICAL,XY,z,-0.0625,x,-0.6875,y,0.1875,0.04,0.04979541933067816,0.009795419330678158,0.04,0.1385
2014,1.0,20dB_nominal_difference,imag,dressed_linear_chi,REJECTED_PHYSICAL,XY,z,-0.0625,x,-0.5625,y,0.1875,0.04,0.04107167488471448,0.001071674884714477,0.04,0.1385
2014,1.0,20dB_nominal_difference,imag,dressed_linear_chi,REJECTED_PHYSICAL,XY,z,-0.0625,x,-0.4375,y,0.1875,0.04,0.033028199215625005,-0.006971800784374996,0.04,0.1385
2014,1.0,20dB_nominal_difference,imag,dressed_linear_chi,REJECTED_PHYSICAL,XY,z,-0.0625,x,-0.3125,y,0.1875,0.04,0.028035936449702224,-0.011964063550297777,0.04,0.1385
2014,1.0,20dB_nominal_difference,imag,dressed_linear_chi,REJECTED_PHYSICAL,XY,z,-0.0625,x,-0.1875,y,0.1875,0.04,0.0270246036533884,-0.0129753963466116,0.04,0.1385
2014,1.0,20dB_nominal_difference,imag,dressed_linear_chi,REJECTED_PHYSICAL,XY,z,-0.0625,x,-0.0625,y,0.1875,0.04,0.03021986707447671,-0.00978013292552329,0.04,0.1385
2014,1.0,20dB_nominal_difference,imag,dressed_linear_chi,REJECTED_PHYSICAL,XY,z,-0.0625,x,0.0625,y,0.1875,0.04,0.03701713200160341,-0.0029828679983965878,0.04,0.1385
2014,1.0,20dB_nominal_difference,imag,dressed_linear_chi,REJECTED_PHYSICAL,XY,z,-0.0625,x,0.1875,y,0.1875,0.11575000000000002,0.04598099161405499,-0.06976900838594502,0.04,0.1385
2014,1.0,20dB_nominal_difference,imag,dressed_linear_chi,REJECTED_PHYSICAL,XY,z,-0.0625,x,0.3125,y,0.1875,0.11575000000000002,0.05497422248891581,-0.06077577751108421,0.04,0.1385
2014,1.0,20dB_nominal_difference,imag,dressed_linear_chi,REJECTED_PHYSICAL,XY,z,-0.0625,x,0.4375,y,0.1875,0.11575000000000002,0.06140808705993006,-0.05434191294006996,0.04,0.1385
2014,1.0,20dB_nominal_difference,imag,dressed_linear_chi,REJECTED_PHYSICAL,XY,z,-0.0625,x,0.5625,y,0.1875,0.04,0.06260601640021712,0.022606016400217123,0.04,0.1385
2014,1.0,20dB_nominal_difference,imag,dressed_linear_chi,REJECTED_PHYSICAL,XY,z,-0.0625,x,0.6875,y,0.1875,0.04,0.057371506239528684,0.017371506239528683,0.04,0.1385
2014,1.0,20dB_nominal_difference,imag,dressed_linear_chi,REJECTED_PHYSICAL,XY,z,-0.0625,x,-0.6875,y,0.3125,0.04,0.054314048423579224,0.014314048423579223,0.04,0.1385
2014,1.0,20dB_nominal_difference,imag,dressed_linear_chi,REJECTED_PHYSICAL,XY,z,-0.0625,x,-0.5625,y,0.3125,0.04,0.04495717933250701,0.004957179332507007,0.04,0.1385
2014,1.0,20dB_nominal_difference,imag,dressed_linear_chi,REJECTED_PHYSICAL,XY,z,-0.0625,x,-0.4375,y,0.3125,0.04,0.036070435613898374,-0.003929564386101626,0.04,0.1385
2014,1.0,20dB_nominal_difference,imag,dressed_linear_chi,REJECTED_PHYSICAL,XY,z,-0.0625,x,-0.3125,y,0.3125,0.04,0.030080234481039525,-0.009919765518960476,0.04,0.1385
2014,1.0,20dB_nominal_difference,imag,dressed_linear_chi,REJECTED_PHYSICAL,XY,z,-0.0625,x,-0.1875,y,0.3125,0.04,0.02788052408954137,-0.01211947591045863,0.04,0.1385
2014,1.0,20dB_nominal_difference,imag,dressed_linear_chi,REJECTED_PHYSICAL,XY,z,-0.0625,x,-0.0625,y,0.3125,0.04,0.02969563979272146,-0.01030436020727854,0.04,0.1385
2014,1.0,20dB_nominal_difference,imag,dressed_linear_chi,REJECTED_PHYSICAL,XY,z,-0.0625,x,0.0625,y,0.3125,0.04,0.03501497870470196,-0.004985021295298042,0.04,0.1385
2014,1.0,20dB_nominal_difference,imag,dressed_linear_chi,REJECTED_PHYSICAL,XY,z,-0.0625,x,0.1875,y,0.3125,0.04,0.042613278551388974,0.002613278551388973,0.04,0.1385
2014,1.0,20dB_nominal_difference,imag,dressed_linear_chi,REJECTED_PHYSICAL,XY,z,-0.0625,x,0.3125,y,0.3125,0.11575000000000002,0.050661231458998514,-0.06508876854100151,0.04,0.1385
2014,1.0,20dB_nominal_difference,imag,dressed_linear_chi,REJECTED_PHYSICAL,XY,z,-0.0625,x,0.4375,y,0.3125,0.04,0.056924273280120126,0.016924273280120125,0.04,0.1385
2014,1.0,20dB_nominal_difference,imag,dressed_linear_chi,REJECTED_PHYSICAL,XY,z,-0.0625,x,0.5625,y,0.3125,0.04,0.05905781740448607,0.019057817404486067,0.04,0.1385
2014,1.0,20dB_nominal_difference,imag,dressed_linear_chi,REJECTED_PHYSICAL,XY,z,-0.0625,x,0.6875,y,0.3125,0.04,0.05580903661867521,0.015809036618675207,0.04,0.1385
2014,1.0,20dB_nominal_difference,imag,dressed_linear_chi,REJECTED_PHYSICAL,XY,z,-0.0625,x,-0.6875,y,0.4375,0.04,0.056682532338489966,0.016682532338489965,0.04,0.1385
2014,1.0,20dB_nominal_difference,imag,dressed_linear_chi,REJECTED_PHYSICAL,XY,z,-0.0625,x,-0.5625,y,0.4375,0.04,0.04739967204063613,0.007399672040636129,0.04,0.1385
2014,1.0,20dB_nominal_difference,imag,dressed_linear_chi,REJECTED_PHYSICAL,XY,z,-0.0625,x,-0.4375,y,0.4375,0.04,0.03849716793236035,-0.0015028320676396534,0.04,0.1385
2014,1.0,20dB_nominal_difference,imag,dressed_linear_chi,REJECTED_PHYSICAL,XY,z,-0.0625,x,-0.3125,y,0.4375,0.04,0.0323249872680148,-0.0076750127319852035,0.04,0.1385
2014,1.0,20dB_nominal_difference,imag,dressed_linear_chi,REJECTED_PHYSICAL,XY,z,-0.0625,x,-0.1875,y,0.4375,0.04,0.029561096925512245,-0.010438903074487756,0.04,0.1385
2014,1.0,20dB_nominal_difference,imag,dressed_linear_chi,REJECTED_PHYSICAL,XY,z,-0.0625,x,-0.0625,y,0.4375,0.04,0.03026970928555106,-0.00973029071444894,0.04,0.1385
2014,1.0,20dB_nominal_difference,imag,dressed_linear_chi,REJECTED_PHYSICAL,XY,z,-0.0625,x,0.0625,y,0.4375,0.04,0.03394533964392583,-0.0060546603560741735,0.04,0.1385
2014,1.0,20dB_nominal_difference,imag,dressed_linear_chi,REJECTED_PHYSICAL,XY,z,-0.0625,x,0.1875,y,0.4375,0.04,0.03956552380469122,-0.0004344761953087792,0.04,0.1385
2014,1.0,20dB_nominal_difference,imag,dressed_linear_chi,REJECTED_PHYSICAL,XY,z,-0.0625,x,0.3125,y,0.4375,0.04,0.045681665694916905,0.005681665694916904,0.04,0.1385
2014,1.0,20dB_nominal_difference,imag,dressed_linear_chi,REJECTED_PHYSICAL,XY,z,-0.0625,x,0.4375,y,0.4375,0.04,0.05054462339622327,0.010544623396223272,0.04,0.1385
2014,1.0,20dB_nominal_difference,imag,dressed_linear_chi,REJECTED_PHYSICAL,XY,z,-0.0625,x,0.5625,y,0.4375,0.04,0.05226343900909139,0.012263439009091388,0.04,0.1385
2014,1.0,20dB_nominal_difference,imag,dressed_linear_chi,REJECTED_PHYSICAL,XY,z,-0.0625,x,0.6875,y,0.4375,0.04,0.04952750476647312,0.00952750476647312,0.04,0.1385
2014,1.0,20dB_nominal_difference,imag,dressed_linear_chi,REJECTED_PHYSICAL,XY,z,-0.0625,x,-0.6875,y,0.5625,0.04,0.05586605763798524,0.015866057637985237,0.04,0.1385
2014,1.0,20dB_nominal_difference,imag,dressed_linear_chi,REJECTED_PHYSICAL,XY,z,-0.0625,x,-0.5625,y,0.5625,0.04,0.04729831138093003,0.007298311380930032,0.04,0.1385
2014,1.0,20dB_nominal_difference,imag,dressed_linear_chi,REJECTED_PHYSICAL,XY,z,-0.0625,x,-0.4375,y,0.5625,0.04,0.03943104831270133,-0.0005689516872986675,0.04,0.1385
2014,1.0,20dB_nominal_difference,imag,dressed_linear_chi,REJECTED_PHYSICAL,XY,z,-0.0625,x,-0.3125,y,0.5625,0.04,0.034280636045708496,-0.005719363954291505,0.04,0.1385
2014,1.0,20dB_nominal_difference,imag,dressed_linear_chi,REJECTED_PHYSICAL,XY,z,-0.0625,x,-0.1875,y,0.5625,0.04,0.0319809466351978,-0.0080190533648022,0.04,0.1385
2014,1.0,20dB_nominal_difference,imag,dressed_linear_chi,REJECTED_PHYSICAL,XY,z,-0.0625,x,-0.0625,y,0.5625,0.04,0.03222267598527577,-0.007777324014724231,0.04,0.1385
2014,1.0,20dB_nominal_difference,imag,dressed_linear_chi,REJECTED_PHYSICAL,XY,z,-0.0625,x,0.0625,y,0.5625,0.04,0.03438457980279673,-0.0056154201972032705,0.04,0.1385
2014,1.0,20dB_nominal_difference,imag,dressed_linear_chi,REJECTED_PHYSICAL,XY,z,-0.0625,x,0.1875,y,0.5625,0.04,0.037610970711751304,-0.0023890292882486966,0.04,0.1385
2014,1.0,20dB_nominal_difference,imag,dressed_linear_chi,REJECTED_PHYSICAL,XY,z,-0.0625,x,0.3125,y,0.5625,0.04,0.040892337143315305,0.0008923371433153041,0.04,0.1385
2014,1.0,20dB_nominal_difference,imag,dressed_linear_chi,REJECTED_PHYSICAL,XY,z,-0.0625,x,0.4375,y,0.5625,0.04,0.043128909186329875,0.0031289091863298743,0.04,0.1385
2014,1.0,20dB_nominal_difference,imag,dressed_linear_chi,REJECTED_PHYSICAL,XY,z,-0.0625,x,0.5625,y,0.5625,0.04,0.043092514263125596,0.0030925142631255953,0.04,0.1385
2014,1.0,20dB_nominal_difference,imag,dressed_linear_chi,REJECTED_PHYSICAL,XY,z,-0.0625,x,0.6875,y,0.5625,0.04,0.03922936637808652,-0.0007706336219134788,0.04,0.1385
2014,1.0,20dB_nominal_difference,imag,dressed_linear_chi,REJECTED_PHYSICAL,XY,z,-0.0625,x,-0.6875,y,0.6875,0.04,0.05158607194797954,0.011586071947979538,0.04,0.1385
2014,1.0,20dB_nominal_difference,imag,dressed_linear_chi,REJECTED_PHYSICAL,XY,z,-0.0625,x,-0.5625,y,0.6875,0.04,0.04302622302713942,0.003026223027139417,0.04,0.1385
2014,1.0,20dB_nominal_difference,imag,dressed_linear_chi,REJECTED_PHYSICAL,XY,z,-0.0625,x,-0.4375,y,0.6875,0.04,0.03734095185905402,-0.0026590481409459812,0.04,0.1385
2014,1.0,20dB_nominal_difference,imag,dressed_linear_chi,REJECTED_PHYSICAL,XY,z,-0.0625,x,-0.3125,y,0.6875,0.04,0.03468552093209416,-0.005314479067905838,0.04,0.1385
2014,1.0,20dB_nominal_difference,imag,dressed_linear_chi,REJECTED_PHYSICAL,XY,z,-0.0625,x,-0.1875,y,0.6875,0.04,0.034225738910334556,-0.0057742610896654445,0.04,0.1385
2014,1.0,20dB_nominal_difference,imag,dressed_linear_chi,REJECTED_PHYSICAL,XY,z,-0.0625,x,-0.0625,y,0.6875,0.04,0.03507545094656864,-0.004924549053431364,0.04,0.1385
2014,1.0,20dB_nominal_difference,imag,dressed_linear_chi,REJECTED_PHYSICAL,XY,z,-0.0625,x,0.0625,y,0.6875,0.04,0.03635233339538894,-0.0036476666046110634,0.04,0.1385
2014,1.0,20dB_nominal_difference,imag,dressed_linear_chi,REJECTED_PHYSICAL,XY,z,-0.0625,x,0.1875,y,0.6875,0.04,0.03727377211541087,-0.002726227884589129,0.04,0.1385
2014,1.0,20dB_nominal_difference,imag,dressed_linear_chi,REJECTED_PHYSICAL,XY,z,-0.0625,x,0.3125,y,0.6875,0.04,0.03725555914596822,-0.0027444408540317836,0.04,0.1385
2014,1.0,20dB_nominal_difference,imag,dressed_linear_chi,REJECTED_PHYSICAL,XY,z,-0.0625,x,0.4375,y,0.6875,0.04,0.03598754428355886,-0.004012455716441141,0.04,0.1385
2014,1.0,20dB_nominal_difference,imag,dressed_linear_chi,REJECTED_PHYSICAL,XY,z,-0.0625,x,0.5625,y,0.6875,0.04,0.033438166076337164,-0.006561833923662837,0.04,0.1385
2014,1.0,20dB_nominal_difference,imag,dressed_linear_chi,REJECTED_PHYSICAL,XY,z,-0.0625,x,0.6875,y,0.6875,0.04,0.02882787598255774,-0.011172124017442261,0.04,0.1385
2014,1.0,20dB_nominal_difference,imag,dressed_linear_chi,REJECTED_PHYSICAL,XZ,y,-0.0625,x,-0.6875,z,-0.6875,0.04,0.03418173812775244,-0.005818261872247564,0.04,0.1385
2014,1.0,20dB_nominal_difference,imag,dressed_linear_chi,REJECTED_PHYSICAL,XZ,y,-0.0625,x,-0.5625,z,-0.6875,0.04,0.03402356530595778,-0.005976434694042222,0.04,0.1385
2014,1.0,20dB_nominal_difference,imag,dressed_linear_chi,REJECTED_PHYSICAL,XZ,y,-0.0625,x,-0.4375,z,-0.6875,0.04,0.030003440254711647,-0.009996559745288354,0.04,0.1385
2014,1.0,20dB_nominal_difference,imag,dressed_linear_chi,REJECTED_PHYSICAL,XZ,y,-0.0625,x,-0.3125,z,-0.6875,0.04,0.027966308550004825,-0.012033691449995176,0.04,0.1385
2014,1.0,20dB_nominal_difference,imag,dressed_linear_chi,REJECTED_PHYSICAL,XZ,y,-0.0625,x,-0.1875,z,-0.6875,0.04,0.028845927717591046,-0.011154072282408955,0.04,0.1385
2014,1.0,20dB_nominal_difference,imag,dressed_linear_chi,REJECTED_PHYSICAL,XZ,y,-0.0625,x,-0.0625,z,-0.6875,0.04,0.03235001479932754,-0.007649985200672463,0.04,0.1385
2014,1.0,20dB_nominal_difference,imag,dressed_linear_chi,REJECTED_PHYSICAL,XZ,y,-0.0625,x,0.0625,z,-0.6875,0.04,0.03732538481789267,-0.0026746151821073275,0.04,0.1385
2014,1.0,20dB_nominal_difference,imag,dressed_linear_chi,REJECTED_PHYSICAL,XZ,y,-0.0625,x,0.1875,z,-0.6875,0.04,0.042049589834458286,0.0020495898344582847,0.04,0.1385
2014,1.0,20dB_nominal_difference,imag,dressed_linear_chi,REJECTED_PHYSICAL,XZ,y,-0.0625,x,0.3125,z,-0.6875,0.04,0.04462645015547077,0.004626450155470772,0.04,0.1385
2014,1.0,20dB_nominal_difference,imag,dressed_linear_chi,REJECTED_PHYSICAL,XZ,y,-0.0625,x,0.4375,z,-0.6875,0.04,0.043519432893043136,0.0035194328930431354,0.04,0.1385
2014,1.0,20dB_nominal_difference,imag,dressed_linear_chi,REJECTED_PHYSICAL,XZ,y,-0.0625,x,0.5625,z,-0.6875,0.04,0.03840656085210278,-0.0015934391478972243,0.04,0.1385
2014,1.0,20dB_nominal_difference,imag,dressed_linear_chi,REJECTED_PHYSICAL,XZ,y,-0.0625,x,0.6875,z,-0.6875,0.04,0.03250499991094853,-0.007495000089051469,0.04,0.1385
2014,1.0,20dB_nominal_difference,imag,dressed_linear_chi,REJECTED_PHYSICAL,XZ,y,-0.0625,x,-0.6875,z,-0.5625,0.04,0.037554656557154543,-0.0024453434428454573,0.04,0.1385
2014,1.0,20dB_nominal_difference,imag,dressed_linear_chi,REJECTED_PHYSICAL,XZ,y,-0.0625,x,-0.5625,z,-0.5625,0.04,0.03731028042045653,-0.002689719579543469,0.04,0.1385
2014,1.0,20dB_nominal_difference,imag,dressed_linear_chi,REJECTED_PHYSICAL,XZ,y,-0.0625,x,-0.4375,z,-0.5625,0.04,0.03516689759239572,-0.0048331024076042825,0.04,0.1385
2014,1.0,20dB_nominal_difference,imag,dressed_linear_chi,REJECTED_PHYSICAL,XZ,y,-0.0625,x,-0.3125,z,-0.5625,0.04,0.03476249962562141,-0.00523750037437859,0.04,0.1385
2014,1.0,20dB_nominal_difference,imag,dressed_linear_chi,REJECTED_PHYSICAL,XZ,y,-0.0625,x,-0.1875,z,-0.5625,0.04,0.037298581934417645,-0.002701418065582356,0.04,0.1385
2014,1.0,20dB_nominal_difference,imag,dressed_linear_chi,REJECTED_PHYSICAL,XZ,y,-0.0625,x,-0.0625,z,-0.5625,0.04,0.042744844541536944,0.0027448445415369435,0.04,0.1385
2014,1.0,20dB_nominal_difference,imag,dressed_linear_chi,REJECTED_PHYSICAL,XZ,y,-0.0625,x,0.0625,z,-0.5625,0.04,0.05004450968992361,0.010044509689923611,0.04,0.1385
2014,1.0,20dB_nominal_difference,imag,dressed_linear_chi,REJECTED_PHYSICAL,XZ,y,-0.0625,x,0.1875,z,-0.5625,0.04,0.057389392219777416,0.017389392219777415,0.04,0.1385
2014,1.0,20dB_nominal_difference,imag,dressed_linear_chi,REJECTED_PHYSICAL,XZ,y,-0.0625,x,0.3125,z,-0.5625,0.04,0.06260401919637161,0.02260401919637161,0.04,0.1385
2014,1.0,20dB_nominal_difference,imag,dressed_linear_chi,REJECTED_PHYSICAL,XZ,y,-0.0625,x,0.4375,z,-0.5625,0.04,0.0636242877777977,0.023624287777797702,0.04,0.1385
2014,1.0,20dB_nominal_difference,imag,dressed_linear_chi,REJECTED_PHYSICAL,XZ,y,-0.0625,x,0.5625,z,-0.5625,0.04,0.05895424499347285,0.018954244993472848,0.04,0.1385
2014,1.0,20dB_nominal_difference,imag,dressed_linear_chi,REJECTED_PHYSICAL,XZ,y,-0.0625,x,0.6875,z,-0.5625,0.04,0.0475517180684501,0.007551718068450099,0.04,0.1385
2014,1.0,20dB_nominal_difference,imag,dressed_linear_chi,REJECTED_PHYSICAL,XZ,y,-0.0625,x,-0.6875,z,-0.4375,0.04,0.04170139560406102,0.0017013956040610179,0.04,0.1385
2014,1.0,20dB_nominal_difference,imag,dressed_linear_chi,REJECTED_PHYSICAL,XZ,y,-0.0625,x,-0.5625,z,-0.4375,0.04,0.03993513504848343,-6.486495151657168e-05,0.04,0.1385
2014,1.0,20dB_nominal_difference,imag,dressed_linear_chi,REJECTED_PHYSICAL,XZ,y,-0.0625,x,-0.4375,z,-0.4375,0.04,0.03777868541555598,-0.002221314584444023,0.04,0.1385
2014,1.0,20dB_nominal_difference,imag,dressed_linear_chi,REJECTED_PHYSICAL,XZ,y,-0.0625,x,-0.3125,z,-0.4375,0.04,0.037811903656670684,-0.002188096343329317,0.04,0.1385
2014,1.0,20dB_nominal_difference,imag,dressed_linear_chi,REJECTED_PHYSICAL,XZ,y,-0.0625,x,-0.1875,z,-0.4375,0.04,0.04098400823626435,0.0009840082362643499,0.04,0.1385
2014,1.0,20dB_nominal_difference,imag,dressed_linear_chi,REJECTED_PHYSICAL,XZ,y,-0.0625,x,-0.0625,z,-0.4375,0.04,0.047305307708423915,0.007305307708423914,0.04,0.1385
2014,1.0,20dB_nominal_difference,imag,dressed_linear_chi,REJECTED_PHYSICAL,XZ,y,-0.0625,x,0.0625,z,-0.4375,0.04,0.055772622600085565,0.015772622600085565,0.04,0.1385
2014,1.0,20dB_nominal_difference,imag,dressed_linear_chi,REJECTED_PHYSICAL,XZ,y,-0.0625,x,0.1875,z,-0.4375,0.04,0.06453217631957556,0.024532176319575556,0.04,0.1385
2014,1.0,20dB_nominal_difference,imag,dressed_linear_chi,REJECTED_PHYSICAL,XZ,y,-0.0625,x,0.3125,z,-0.4375,0.04,0.07119569612963488,0.031195696129634874,0.04,0.1385
2014,1.0,20dB_nominal_difference,imag,dressed_linear_chi,REJECTED_PHYSICAL,XZ,y,-0.0625,x,0.4375,z,-0.4375,0.04,0.07323779563879898,0.03323779563879898,0.04,0.1385
2014,1.0,20dB_nominal_difference,imag,dressed_linear_chi,REJECTED_PHYSICAL,XZ,y,-0.0625,x,0.5625,z,-0.4375,0.04,0.06833462342474435,0.028334623424744347,0.04,0.1385
2014,1.0,20dB_nominal_difference,imag,dressed_linear_chi,REJECTED_PHYSICAL,XZ,y,-0.0625,x,0.6875,z,-0.4375,0.04,0.05501064041139657,0.015010640411396568,0.04,0.1385
2014,1.0,20dB_nominal_difference,imag,dressed_linear_chi,REJECTED_PHYSICAL,XZ,y,-0.0625,x,-0.6875,z,-0.3125,0.04,0.043044452126879004,0.0030444521268790034,0.04,0.1385
2014,1.0,20dB_nominal_difference,imag,dressed_linear_chi,REJECTED_PHYSICAL,XZ,y,-0.0625,x,-0.5625,z,-0.3125,0.04,0.03973007406296379,-0.00026992593703620976,0.04,0.1385
2014,1.0,20dB_nominal_difference,imag,dressed_linear_chi,REJECTED_PHYSICAL,XZ,y,-0.0625,x,-0.4375,z,-0.3125,0.04,0.036710467825093185,-0.003289532174906816,0.04,0.1385
2014,1.0,20dB_nominal_difference,imag,dressed_linear_chi,REJECTED_PHYSICAL,XZ,y,-0.0625,x,-0.3125,z,-0.3125,0.04,0.03631741685256587,-0.0036825831474341306,0.04,0.1385
2014,1.0,20dB_nominal_difference,imag,dressed_linear_chi,REJECTED_PHYSICAL,XZ,y,-0.0625,x,-0.1875,z,-0.3125,0.04,0.03937931481828559,-0.0006206851817144102,0.04,0.1385
2014,1.0,20dB_nominal_difference,imag,dressed_linear_chi,REJECTED_PHYSICAL,XZ,y,-0.0625,x,-0.0625,z,-0.3125,0.04,0.04589066700212765,0.0058906670021276475,0.04,0.1385
2014,1.0,20dB_nominal_difference,imag,dressed_linear_chi,REJECTED_PHYSICAL,XZ,y,-0.0625,x,0.0625,z,-0.3125,0.04,0.05486830483910965,0.014868304839109649,0.04,0.1385
2014,1.0,20dB_nominal_difference,imag,dressed_linear_chi,REJECTED_PHYSICAL,XZ,y,-0.0625,x,0.1875,z,-0.3125,0.04,0.06443125173043941,0.02443125173043941,0.04,0.1385
2014,1.0,20dB_nominal_difference,imag,dressed_linear_chi,REJECTED_PHYSICAL,XZ,y,-0.0625,x,0.3125,z,-0.3125,0.04,0.07205195404329895,0.03205195404329895,0.04,0.1385
2014,1.0,20dB_nominal_difference,imag,dressed_linear_chi,REJECTED_PHYSICAL,XZ,y,-0.0625,x,0.4375,z,-0.3125,0.04,0.07491662132309654,0.03491662132309654,0.04,0.1385
2014,1.0,20dB_nominal_difference,imag,dressed_linear_chi,REJECTED_PHYSICAL,XZ,y,-0.0625,x,0.5625,z,-0.3125,0.04,0.07032152113164802,0.030321521131648023,0.04,0.1385
2014,1.0,20dB_nominal_difference,imag,dressed_linear_chi,REJECTED_PHYSICAL,XZ,y,-0.0625,x,0.6875,z,-0.3125,0.04,0.057031337887496494,0.017031337887496494,0.04,0.1385
2014,1.0,20dB_nominal_difference,imag,dressed_linear_chi,REJECTED_PHYSICAL,XZ,y,-0.0625,x,-0.6875,z,-0.1875,0.04,0.04240055815443534,0.0024005581544353366,0.04,0.1385
2014,1.0,20dB_nominal_difference,imag,dressed_linear_chi,REJECTED_PHYSICAL,XZ,y,-0.0625,x,-0.5625,z,-0.1875,0.04,0.037507430453332366,-0.002492569546667635,0.04,0.1385
2014,1.0,20dB_nominal_difference,imag,dressed_linear_chi,REJECTED_PHYSICAL,XZ,y,-0.0625,x,-0.4375,z,-0.1875,0.04,0.03332933580610239,-0.006670664193897613,0.04,0.1385
2014,1.0,20dB_nominal_difference,imag,dressed_linear_chi,REJECTED_PHYSICAL,XZ,y,-0.0625,x,-0.3125,z,-0.1875,0.04,0.03204038140500798,-0.007959618594992023,0.04,0.1385
2014,1.0,20dB_nominal_difference,imag,dressed_linear_chi,REJECTED_PHYSICAL,XZ,y,-0.0625,x,-0.1875,z,-0.1875,0.04,0.034445954185954177,-0.005554045814045824,0.04,0.1385
2014,1.0,20dB_nominal_difference,imag,dressed_linear_chi,REJECTED_PHYSICAL,XZ,y,-0.0625,x,-0.0625,z,-0.1875,0.04,0.04054783041288311,0.0005478304128831088,0.04,0.1385
2014,1.0,20dB_nominal_difference,imag,dressed_linear_chi,REJECTED_PHYSICAL,XZ,y,-0.0625,x,0.0625,z,-0.1875,0.04,0.0494050203589306,0.0094050203589306,0.04,0.1385
2014,1.0,20dB_nominal_difference,imag,dressed_linear_chi,REJECTED_PHYSICAL,XZ,y,-0.0625,x,0.1875,z,-0.1875,0.04,0.059169525684768486,0.019169525684768485,0.04,0.1385
2014,1.0,20dB_nominal_difference,imag,dressed_linear_chi,REJECTED_PHYSICAL,XZ,y,-0.0625,x,0.3125,z,-0.1875,0.04,0.0672867756744781,0.027286775674478105,0.04,0.1385
2014,1.0,20dB_nominal_difference,imag,dressed_linear_chi,REJECTED_PHYSICAL,XZ,y,-0.0625,x,0.4375,z,-0.1875,0.04,0.07082900788700353,0.030829007887003525,0.04,0.1385
2014,1.0,20dB_nominal_difference,imag,dressed_linear_chi,REJECTED_PHYSICAL,XZ,y,-0.0625,x,0.5625,z,-0.1875,0.04,0.06692738775937866,0.02692738775937866,0.04,0.1385
2014,1.0,20dB_nominal_difference,imag,dressed_linear_chi,REJECTED_PHYSICAL,XZ,y,-0.0625,x,0.6875,z,-0.1875,0.04,0.054570638174021135,0.014570638174021135,0.04,0.1385
2014,1.0,20dB_nominal_difference,imag,dressed_linear_chi,REJECTED_PHYSICAL,XZ,y,-0.0625,x,-0.6875,z,-0.0625,0.04,0.04074374654529336,0.0007437465452933625,0.04,0.1385
2014,1.0,20dB_nominal_difference,imag,dressed_linear_chi,REJECTED_PHYSICAL,XZ,y,-0.0625,x,-0.5625,z,-0.0625,0.04,0.03442579786472616,-0.005574202135273841,0.04,0.1385
2014,1.0,20dB_nominal_difference,imag,dressed_linear_chi,REJECTED_PHYSICAL,XZ,y,-0.0625,x,-0.4375,z,-0.0625,0.04,0.029156812144260365,-0.010843187855739636,0.04,0.1385
2014,1.0,20dB_nominal_difference,imag,dressed_linear_chi,REJECTED_PHYSICAL,XZ,y,-0.0625,x,-0.3125,z,-0.0625,0.093,0.02687059260573156,-0.06612940739426844,0.04,0.1385
2014,1.0,20dB_nominal_difference,imag,dressed_linear_chi,REJECTED_PHYSICAL,XZ,y,-0.0625,x,-0.1875,z,-0.0625,0.093,0.028347263621925994,-0.064652736378074,0.04,0.1385
2014,1.0,20dB_nominal_difference,imag,dressed_linear_chi,REJECTED_PHYSICAL,XZ,y,-0.0625,x,-0.0625,z,-0.0625,0.04,0.03361642924506073,-0.006383570754939269,0.04,0.1385
2014,1.0,20dB_nominal_difference,imag,dressed_linear_chi,REJECTED_PHYSICAL,XZ,y,-0.0625,x,0.0625,z,-0.0625,0.04,0.0418254630026805,0.001825463002680501,0.04,0.1385
2014,1.0,20dB_nominal_difference,imag,dressed_linear_chi,REJECTED_PHYSICAL,XZ,y,-0.0625,x,0.1875,z,-0.0625,0.04,0.05124301033607358,0.011243010336073576,0.04,0.1385
2014,1.0,20dB_nominal_difference,imag,dressed_linear_chi,REJECTED_PHYSICAL,XZ,y,-0.0625,x,0.3125,z,-0.0625,0.04,0.05941031137716808,0.01941031137716808,0.04,0.1385
2014,1.0,20dB_nominal_difference,imag,dressed_linear_chi,REJECTED_PHYSICAL,XZ,y,-0.0625,x,0.4375,z,-0.0625,0.04,0.06343217046716476,0.02343217046716476,0.04,0.1385
2014,1.0,20dB_nominal_difference,imag,dressed_linear_chi,REJECTED_PHYSICAL,XZ,y,-0.0625,x,0.5625,z,-0.0625,0.04,0.060392964356318635,0.020392964356318634,0.04,0.1385
2014,1.0,20dB_nominal_difference,imag,dressed_linear_chi,REJECTED_PHYSICAL,XZ,y,-0.0625,x,0.6875,z,-0.0625,0.04,0.049397253727188305,0.009397253727188304,0.04,0.1385
2014,1.0,20dB_nominal_difference,imag,dressed_linear_chi,REJECTED_PHYSICAL,XZ,y,-0.0625,x,-0.6875,z,0.0625,0.04,0.03886531411635311,-0.0011346858836468882,0.04,0.1385
2014,1.0,20dB_nominal_difference,imag,dressed_linear_chi,REJECTED_PHYSICAL,XZ,y,-0.0625,x,-0.5625,z,0.0625,0.04,0.031597221318419855,-0.008402778681580146,0.04,0.1385
2014,1.0,20dB_nominal_difference,imag,dressed_linear_chi,REJECTED_PHYSICAL,XZ,y,-0.0625,x,-0.4375,z,0.0625,0.04,0.025640579477370272,-0.014359420522629729,0.04,0.1385
2014,1.0,20dB_nominal_difference,imag,dressed_linear_chi,REJECTED_PHYSICAL,XZ,y,-0.0625,x,-0.3125,z,0.0625,0.093,0.022582101504293847,-0.07041789849570615,0.04,0.1385
2014,1.0,20dB_nominal_difference,imag,dressed_linear_chi,REJECTED_PHYSICAL,XZ,y,-0.0625,x,-0.1875,z,0.0625,0.093,0.02312453012278847,-0.06987546987721152,0.04,0.1385
2014,1.0,20dB_nominal_difference,imag,dressed_linear_chi,REJECTED_PHYSICAL,XZ,y,-0.0625,x,-0.0625,z,0.0625,0.04,0.02733208495916578,-0.01266791504083422,0.04,0.1385
2014,1.0,20dB_nominal_difference,imag,dressed_linear_chi,REJECTED_PHYSICAL,XZ,y,-0.0625,x,0.0625,z,0.0625,0.04,0.034493173060403434,-0.005506826939596567,0.04,0.1385
2014,1.0,20dB_nominal_difference,imag,dressed_linear_chi,REJECTED_PHYSICAL,XZ,y,-0.0625,x,0.1875,z,0.0625,0.04,0.04308611018399948,0.0030861101839994784,0.04,0.1385
2014,1.0,20dB_nominal_difference,imag,dressed_linear_chi,REJECTED_PHYSICAL,XZ,y,-0.0625,x,0.3125,z,0.0625,0.04,0.050873349655839936,0.010873349655839935,0.04,0.1385
2014,1.0,20dB_nominal_difference,imag,dressed_linear_chi,REJECTED_PHYSICAL,XZ,y,-0.0625,x,0.4375,z,0.0625,0.04,0.055129068158453726,0.015129068158453725,0.04,0.1385
2014,1.0,20dB_nominal_difference,imag,dressed_linear_chi,REJECTED_PHYSICAL,XZ,y,-0.0625,x,0.5625,z,0.0625,0.04,0.052996011643647936,0.012996011643647935,0.04,0.1385
2014,1.0,20dB_nominal_difference,imag,dressed_linear_chi,REJECTED_PHYSICAL,XZ,y,-0.0625,x,0.6875,z,0.0625,0.04,0.04358534774550771,0.003585347745507707,0.04,0.1385
2014,1.0,20dB_nominal_difference,imag,dressed_linear_chi,REJECTED_PHYSICAL,XZ,y,-0.0625,x,-0.6875,z,0.1875,0.04,0.03733559468964111,-0.002664405310358893,0.04,0.1385
2014,1.0,20dB_nominal_difference,imag,dressed_linear_chi,REJECTED_PHYSICAL,XZ,y,-0.0625,x,-0.5625,z,0.1875,0.04,0.029937406101335703,-0.010062593898664297,0.04,0.1385
2014,1.0,20dB_nominal_difference,imag,dressed_linear_chi,REJECTED_PHYSICAL,XZ,y,-0.0625,x,-0.4375,z,0.1875,0.04,0.023993976549824762,-0.01600602345017524,0.04,0.1385
2014,1.0,20dB_nominal_difference,imag,dressed_linear_chi,REJECTED_PHYSICAL,XZ,y,-0.0625,x,-0.3125,z,0.1875,0.093,0.020642171180288427,-0.07235782881971158,0.04,0.1385
2014,1.0,20dB_nominal_difference,imag,dressed_linear_chi,REJECTED_PHYSICAL,XZ,y,-0.0625,x,-0.1875,z,0.1875,0.04,0.020447269230887133,-0.019552730769112868,0.04,0.1385
2014,1.0,20dB_nominal_difference,imag,dressed_linear_chi,REJECTED_PHYSICAL,XZ,y,-0.0625,x,-0.0625,z,0.1875,0.04,0.023516798649030203,-0.016483201350969798,0.04,0.1385
2014,1.0,20dB_nominal_difference,imag,dressed_linear_chi,REJECTED_PHYSICAL,XZ,y,-0.0625,x,0.0625,z,0.1875,0.04,0.02933714915945911,-0.010662850840540892,0.04,0.1385
2014,1.0,20dB_nominal_difference,imag,dressed_linear_chi,REJECTED_PHYSICAL,XZ,y,-0.0625,x,0.1875,z,0.1875,0.04,0.03669084686261729,-0.0033091531373827116,0.04,0.1385
2014,1.0,20dB_nominal_difference,imag,dressed_linear_chi,REJECTED_PHYSICAL,XZ,y,-0.0625,x,0.3125,z,0.1875,0.04,0.043686477531600224,0.0036864775316002227,0.04,0.1385
2014,1.0,20dB_nominal_difference,imag,dressed_linear_chi,REJECTED_PHYSICAL,XZ,y,-0.0625,x,0.4375,z,0.1875,0.04,0.04790879572748564,0.007908795727485637,0.04,0.1385
2014,1.0,20dB_nominal_difference,imag,dressed_linear_chi,REJECTED_PHYSICAL,XZ,y,-0.0625,x,0.5625,z,0.1875,0.04,0.046683934726103965,0.006683934726103964,0.04,0.1385
2014,1.0,20dB_nominal_difference,imag,dressed_linear_chi,REJECTED_PHYSICAL,XZ,y,-0.0625,x,0.6875,z,0.1875,0.04,0.039048329780754974,-0.0009516702192450266,0.04,0.1385
2014,1.0,20dB_nominal_difference,imag,dressed_linear_chi,REJECTED_PHYSICAL,XZ,y,-0.0625,x,-0.6875,z,0.3125,0.04,0.03657430150211996,-0.0034256984978800406,0.04,0.1385
2014,1.0,20dB_nominal_difference,imag,dressed_linear_chi,REJECTED_PHYSICAL,XZ,y,-0.0625,x,-0.5625,z,0.3125,0.04,0.030167205448638212,-0.009832794551361788,0.04,0.1385
2014,1.0,20dB_nominal_difference,imag,dressed_linear_chi,REJECTED_PHYSICAL,XZ,y,-0.0625,x,-0.4375,z,0.3125,0.04,0.025145029975577632,-0.014854970024422369,0.04,0.1385
2014,1.0,20dB_nominal_difference,imag,dressed_linear_chi,REJECTED_PHYSICAL,XZ,y,-0.0625,x,-0.3125,z,0.3125,0.04,0.022106120980357583,-0.017893879019642418,0.04,0.1385
2014,1.0,20dB_nominal_difference,imag,dressed_linear_chi,REJECTED_PHYSICAL,XZ,y,-0.0625,x,-0.1875,z,0.3125,0.04,0.021455729482967038,-0.018544270517032963,0.04,0.1385
2014,1.0,20dB_nominal_difference,imag,dressed_linear_chi,REJECTED_PHYSICAL,XZ,y,-0.0625,x,-0.0625,z,0.3125,0.04,0.023378438777814196,-0.016621561222185804,0.04,0.1385
2014,1.0,20dB_nominal_difference,imag,dressed_linear_chi,REJECTED_PHYSICAL,XZ,y,-0.0625,x,0.0625,z,0.3125,0.04,0.02762091788871062,-0.01237908211128938,0.04,0.1385
2014,1.0,20dB_nominal_difference,imag,dressed_linear_chi,REJECTED_PHYSICAL,XZ,y,-0.0625,x,0.1875,z,0.3125,0.04,0.03335722885622254,-0.006642771143777461,0.04,0.1385
2014,1.0,20dB_nominal_difference,imag,dressed_linear_chi,REJECTED_PHYSICAL,XZ,y,-0.0625,x,0.3125,z,0.3125,0.04,0.03915717215557641,-0.0008428278444235909,0.04,0.1385
2014,1.0,20dB_nominal_difference,imag,dressed_linear_chi,REJECTED_PHYSICAL,XZ,y,-0.0625,x,0.4375,z,0.3125,0.04,0.0430615069793199,0.0030615069793199015,0.04,0.1385
2014,1.0,20dB_nominal_difference,imag,dressed_linear_chi,REJECTED_PHYSICAL,XZ,y,-0.0625,x,0.5625,z,0.3125,0.04,0.04274368710542143,0.00274368710542143,0.04,0.1385
2014,1.0,20dB_nominal_difference,imag,dressed_linear_chi,REJECTED_PHYSICAL,XZ,y,-0.0625,x,0.6875,z,0.3125,0.04,0.03715672180197036,-0.002843278198029639,0.04,0.1385
2014,1.0,20dB_nominal_difference,imag,dressed_linear_chi,REJECTED_PHYSICAL,XZ,y,-0.0625,x,-0.6875,z,0.4375,0.04,0.0369617001292635,-0.003038299870736498,0.04,0.1385
2014,1.0,20dB_nominal_difference,imag,dressed_linear_chi,REJECTED_PHYSICAL,XZ,y,-0.0625,x,-0.5625,z,0.4375,0.04,0.03292411131201068,-0.007075888687989321,0.04,0.1385
2014,1.0,20dB_nominal_difference,imag,dressed_linear_chi,REJECTED_PHYSICAL,XZ,y,-0.0625,x,-0.4375,z,0.4375,0.04,0.029776458968981935,-0.010223541031018066,0.04,0.1385
2014,1.0,20dB_nominal_difference,imag,dressed_linear_chi,REJECTED_PHYSICAL,XZ,y,-0.0625,x,-0.3125,z,0.4375,0.04,0.027586064224451288,-0.012413935775548713,0.04,0.1385
2014,1.0,20dB_nominal_difference,imag,dressed_linear_chi,REJECTED_PHYSICAL,XZ,y,-0.0625,x,-0.1875,z,0.4375,0.04,0.02669046182421536,-0.01330953817578464,0.04,0.1385
2014,1.0,20dB_nominal_difference,imag,dressed_linear_chi,REJECTED_PHYSICAL,XZ,y,-0.0625,x,-0.0625,z,0.4375,0.04,0.02742282112910443,-0.012577178870895572,0.04,0.1385
2014,1.0,20dB_nominal_difference,imag,dressed_linear_chi,REJECTED_PHYSICAL,XZ,y,-0.0625,x,0.0625,z,0.4375,0.04,0.029847678557313052,-0.010152321442686948,0.04,0.1385
2014,1.0,20dB_nominal_difference,imag,dressed_linear_chi,REJECTED_PHYSICAL,XZ,y,-0.0625,x,0.1875,z,0.4375,0.04,0.033596457485810687,-0.006403542514189314,0.04,0.1385
2014,1.0,20dB_nominal_difference,imag,dressed_linear_chi,REJECTED_PHYSICAL,XZ,y,-0.0625,x,0.3125,z,0.4375,0.04,0.03778633078758055,-0.0022136692124194515,0.04,0.1385
2014,1.0,20dB_nominal_difference,imag,dressed_linear_chi,REJECTED_PHYSICAL,XZ,y,-0.0625,x,0.4375,z,0.4375,0.04,0.04103999123435299,0.0010399912343529924,0.04,0.1385
2014,1.0,20dB_nominal_difference,imag,dressed_linear_chi,REJECTED_PHYSICAL,XZ,y,-0.0625,x,0.5625,z,0.4375,0.04,0.041587797119581965,0.0015877971195819643,0.04,0.1385
2014,1.0,20dB_nominal_difference,imag,dressed_linear_chi,REJECTED_PHYSICAL,XZ,y,-0.0625,x,0.6875,z,0.4375,0.04,0.03847326314176502,-0.0015267368582349838,0.04,0.1385
2014,1.0,20dB_nominal_difference,imag,dressed_linear_chi,REJECTED_PHYSICAL,XZ,y,-0.0625,x,-0.6875,z,0.5625,0.04,0.03898444622246626,-0.0010155537775337412,0.04,0.1385
2014,1.0,20dB_nominal_difference,imag,dressed_linear_chi,REJECTED_PHYSICAL,XZ,y,-0.0625,x,-0.5625,z,0.5625,0.04,0.03901677687022657,-0.0009832231297734334,0.04,0.1385
2014,1.0,20dB_nominal_difference,imag,dressed_linear_chi,REJECTED_PHYSICAL,XZ,y,-0.0625,x,-0.4375,z,0.5625,0.04,0.03839379366639175,-0.001606206333608251,0.04,0.1385
2014,1.0,20dB_nominal_difference,imag,dressed_linear_chi,REJECTED_PHYSICAL,XZ,y,-0.0625,x,-0.3125,z,0.5625,0.04,0.03723922832161071,-0.0027607716783892913,0.04,0.1385
2014,1.0,20dB_nominal_difference,imag,dressed_linear_chi,REJECTED_PHYSICAL,XZ,y,-0.0625,x,-0.1875,z,0.5625,0.04,0.03608526674788248,-0.003914733252117518,0.04,0.1385
2014,1.0,20dB_nominal_difference,imag,dressed_linear_chi,REJECTED_PHYSICAL,XZ,y,-0.0625,x,-0.0625,z,0.5625,0.04,0.03546892794021622,-0.004531072059783779,0.04,0.1385
2014,1.0,20dB_nominal_difference,imag,dressed_linear_chi,REJECTED_PHYSICAL,XZ,y,-0.0625,x,0.0625,z,0.5625,0.04,0.035794138418236796,-0.004205861581763205,0.04,0.1385
2014,1.0,20dB_nominal_difference,imag,dressed_linear_chi,REJECTED_PHYSICAL,XZ,y,-0.0625,x,0.1875,z,0.5625,0.04,0.03718150586491534,-0.0028184941350846635,0.04,0.1385
2014,1.0,20dB_nominal_difference,imag,dressed_linear_chi,REJECTED_PHYSICAL,XZ,y,-0.0625,x,0.3125,z,0.5625,0.04,0.039337094169175496,-0.0006629058308245048,0.04,0.1385
2014,1.0,20dB_nominal_difference,imag,dressed_linear_chi,REJECTED_PHYSICAL,XZ,y,-0.0625,x,0.4375,z,0.5625,0.04,0.041518314965755546,0.0015183149657555448,0.04,0.1385
2014,1.0,20dB_nominal_difference,imag,dressed_linear_chi,REJECTED_PHYSICAL,XZ,y,-0.0625,x,0.5625,z,0.5625,0.04,0.0426814875829689,0.0026814875829688986,0.04,0.1385
2014,1.0,20dB_nominal_difference,imag,dressed_linear_chi,REJECTED_PHYSICAL,XZ,y,-0.0625,x,0.6875,z,0.5625,0.04,0.042568306119837904,0.002568306119837903,0.04,0.1385
2014,1.0,20dB_nominal_difference,imag,dressed_linear_chi,REJECTED_PHYSICAL,XZ,y,-0.0625,x,-0.6875,z,0.6875,0.04,0.045842922753649755,0.005842922753649754,0.04,0.1385
2014,1.0,20dB_nominal_difference,imag,dressed_linear_chi,REJECTED_PHYSICAL,XZ,y,-0.0625,x,-0.5625,z,0.6875,0.04,0.05152330289970565,0.01152330289970565,0.04,0.1385
2014,1.0,20dB_nominal_difference,imag,dressed_linear_chi,REJECTED_PHYSICAL,XZ,y,-0.0625,x,-0.4375,z,0.6875,0.04,0.05286652419741868,0.012866524197418676,0.04,0.1385
2014,1.0,20dB_nominal_difference,imag,dressed_linear_chi,REJECTED_PHYSICAL,XZ,y,-0.0625,x,-0.3125,z,0.6875,0.04,0.052257525664532935,0.012257525664532934,0.04,0.1385
2014,1.0,20dB_nominal_difference,imag,dressed_linear_chi,REJECTED_PHYSICAL,XZ,y,-0.0625,x,-0.1875,z,0.6875,0.04,0.05035393745638957,0.010353937456389573,0.04,0.1385
2014,1.0,20dB_nominal_difference,imag,dressed_linear_chi,REJECTED_PHYSICAL,XZ,y,-0.0625,x,-0.0625,z,0.6875,0.04,0.04779576306416157,0.007795763064161569,0.04,0.1385
2014,1.0,20dB_nominal_difference,imag,dressed_linear_chi,REJECTED_PHYSICAL,XZ,y,-0.0625,x,0.0625,z,0.6875,0.04,0.04531617081370549,0.005316170813705487,0.04,0.1385
2014,1.0,20dB_nominal_difference,imag,dressed_linear_chi,REJECTED_PHYSICAL,XZ,y,-0.0625,x,0.1875,z,0.6875,0.04,0.043570126284140094,0.0035701262841400933,0.04,0.1385
2014,1.0,20dB_nominal_difference,imag,dressed_linear_chi,REJECTED_PHYSICAL,XZ,y,-0.0625,x,0.3125,z,0.6875,0.04,0.04291207608302228,0.002912076083022276,0.04,0.1385
2014,1.0,20dB_nominal_difference,imag,dressed_linear_chi,REJECTED_PHYSICAL,XZ,y,-0.0625,x,0.4375,z,0.6875,0.04,0.04324096272769116,0.0032409627276911573,0.04,0.1385
2014,1.0,20dB_nominal_difference,imag,dressed_linear_chi,REJECTED_PHYSICAL,XZ,y,-0.0625,x,0.5625,z,0.6875,0.04,0.04408220775810607,0.004082207758106068,0.04,0.1385
2014,1.0,20dB_nominal_difference,imag,dressed_linear_chi,REJECTED_PHYSICAL,XZ,y,-0.0625,x,0.6875,z,0.6875,0.04,0.046518316416850884,0.006518316416850883,0.04,0.1385
2014,1.0,20dB_nominal_difference,imag,dressed_linear_chi,REJECTED_PHYSICAL,YZ,x,-0.0625,y,-0.6875,z,-0.6875,0.04,0.04259285241990363,0.0025928524199036324,0.04,0.1385
2014,1.0,20dB_nominal_difference,imag,dressed_linear_chi,REJECTED_PHYSICAL,YZ,x,-0.0625,y,-0.5625,z,-0.6875,0.04,0.04474245896754677,0.00474245896754677,0.04,0.1385
2014,1.0,20dB_nominal_difference,imag,dressed_linear_chi,REJECTED_PHYSICAL,YZ,x,-0.0625,y,-0.4375,z,-0.6875,0.04,0.04316127978810923,0.0031612797881092267,0.04,0.1385
2014,1.0,20dB_nominal_difference,imag,dressed_linear_chi,REJECTED_PHYSICAL,YZ,x,-0.0625,y,-0.3125,z,-0.6875,0.04,0.04000921154212588,9.211542125880934e-06,0.04,0.1385
2014,1.0,20dB_nominal_difference,imag,dressed_linear_chi,REJECTED_PHYSICAL,YZ,x,-0.0625,y,-0.1875,z,-0.6875,0.04,0.03618965354732534,-0.003810346452674661,0.04,0.1385
2014,1.0,20dB_nominal_difference,imag,dressed_linear_chi,REJECTED_PHYSICAL,YZ,x,-0.0625,y,-0.0625,z,-0.6875,0.04,0.03235001479932754,-0.007649985200672463,0.04,0.1385
2014,1.0,20dB_nominal_difference,imag,dressed_linear_chi,REJECTED_PHYSICAL,YZ,x,-0.0625,y,0.0625,z,-0.6875,0.04,0.028960554089881782,-0.011039445910118219,0.04,0.1385
2014,1.0,20dB_nominal_difference,imag,dressed_linear_chi,REJECTED_PHYSICAL,YZ,x,-0.0625,y,0.1875,z,-0.6875,0.04,0.026351032242460423,-0.013648967757539578,0.04,0.1385
2014,1.0,20dB_nominal_difference,imag,dressed_linear_chi,REJECTED_PHYSICAL,YZ,x,-0.0625,y,0.3125,z,-0.6875,0.04,0.02475343106951323,-0.01524656893048677,0.04,0.1385
2014,1.0,20dB_nominal_difference,imag,dressed_linear_chi,REJECTED_PHYSICAL,YZ,x,-0.0625,y,0.4375,z,-0.6875,0.04,0.024313622098466346,-0.015686377901533655,0.04,0.1385
2014,1.0,20dB_nominal_difference,imag,dressed_linear_chi,REJECTED_PHYSICAL,YZ,x,-0.0625,y,0.5625,z,-0.6875,0.04,0.02496998901559169,-0.015030010984408312,0.04,0.1385
2014,1.0,20dB_nominal_difference,imag,dressed_linear_chi,REJECTED_PHYSICAL,YZ,x,-0.0625,y,0.6875,z,-0.6875,0.04,0.02587727741623124,-0.01412272258376876,0.04,0.1385
2014,1.0,20dB_nominal_difference,imag,dressed_linear_chi,REJECTED_PHYSICAL,YZ,x,-0.0625,y,-0.6875,z,-0.5625,0.04,0.04832196076458581,0.008321960764585808,0.04,0.1385
2014,1.0,20dB_nominal_difference,imag,dressed_linear_chi,REJECTED_PHYSICAL,YZ,x,-0.0625,y,-0.5625,z,-0.5625,0.04,0.05139269542523592,0.011392695425235917,0.04,0.1385
2014,1.0,20dB_nominal_difference,imag,dressed_linear_chi,REJECTED_PHYSICAL,YZ,x,-0.0625,y,-0.4375,z,-0.5625,0.04,0.05122448430249798,0.011224484302497978,0.04,0.1385
2014,1.0,20dB_nominal_difference,imag,dressed_linear_chi,REJECTED_PHYSICAL,YZ,x,-0.0625,y,-0.3125,z,-0.5625,0.04,0.04923623996286114,0.009236239962861138,0.04,0.1385
2014,1.0,20dB_nominal_difference,imag,dressed_linear_chi,REJECTED_PHYSICAL,YZ,x,-0.0625,y,-0.1875,z,-0.5625,0.04,0.046199993985337674,0.006199993985337673,0.04,0.1385
2014,1.0,20dB_nominal_difference,imag,dressed_linear_chi,REJECTED_PHYSICAL,YZ,x,-0.0625,y,-0.0625,z,-0.5625,0.04,0.042744844541536944,0.0027448445415369435,0.04,0.1385
2014,1.0,20dB_nominal_difference,imag,dressed_linear_chi,REJECTED_PHYSICAL,YZ,x,-0.0625,y,0.0625,z,-0.5625,0.04,0.03935023803746666,-0.0006497619625333434,0.04,0.1385
2014,1.0,20dB_nominal_difference,imag,dressed_linear_chi,REJECTED_PHYSICAL,YZ,x,-0.0625,y,0.1875,z,-0.5625,0.04,0.036375019607852145,-0.0036249803921478557,0.04,0.1385
2014,1.0,20dB_nominal_difference,imag,dressed_linear_chi,REJECTED_PHYSICAL,YZ,x,-0.0625,y,0.3125,z,-0.5625,0.04,0.03410052581643696,-0.0058994741835630415,0.04,0.1385
2014,1.0,20dB_nominal_difference,imag,dressed_linear_chi,REJECTED_PHYSICAL,YZ,x,-0.0625,y,0.4375,z,-0.5625,0.04,0.03276231479148827,-0.007237685208511729,0.04,0.1385
2014,1.0,20dB_nominal_difference,imag,dressed_linear_chi,REJECTED_PHYSICAL,YZ,x,-0.0625,y,0.5625,z,-0.5625,0.04,0.03256922172793154,-0.007430778272068464,0.04,0.1385
2014,1.0,20dB_nominal_difference,imag,dressed_linear_chi,REJECTED_PHYSICAL,YZ,x,-0.0625,y,0.6875,z,-0.5625,0.04,0.033909206586609134,-0.006090793413390867,0.04,0.1385
2014,1.0,20dB_nominal_difference,imag,dressed_linear_chi,REJECTED_PHYSICAL,YZ,x,-0.0625,y,-0.6875,z,-0.4375,0.04,0.05010052057174933,0.01010052057174933,0.04,0.1385
2014,1.0,20dB_nominal_difference,imag,dressed_linear_chi,REJECTED_PHYSICAL,YZ,x,-0.0625,y,-0.5625,z,-0.4375,0.04,0.05361499303348306,0.013614993033483062,0.04,0.1385
2014,1.0,20dB_nominal_difference,imag,dressed_linear_chi,REJECTED_PHYSICAL,YZ,x,-0.0625,y,-0.4375,z,-0.4375,0.04,0.05401828541339359,0.014018285413393589,0.04,0.1385
2014,1.0,20dB_nominal_difference,imag,dressed_linear_chi,REJECTED_PHYSICAL,YZ,x,-0.0625,y,-0.3125,z,-0.4375,0.04,0.05274014722526999,0.01274014722526999,0.04,0.1385
2014,1.0,20dB_nominal_difference,imag,dressed_linear_chi,REJECTED_PHYSICAL,YZ,x,-0.0625,y,-0.1875,z,-0.4375,0.04,0.05032372011484794,0.010323720114847938,0.04,0.1385
2014,1.0,20dB_nominal_difference,imag,dressed_linear_chi,REJECTED_PHYSICAL,YZ,x,-0.0625,y,-0.0625,z,-0.4375,0.04,0.047305307708423915,0.007305307708423914,0.04,0.1385
2014,1.0,20dB_nominal_difference,imag,dressed_linear_chi,REJECTED_PHYSICAL,YZ,x,-0.0625,y,0.0625,z,-0.4375,0.04,0.044133494389676134,0.004133494389676133,0.04,0.1385
2014,1.0,20dB_nominal_difference,imag,dressed_linear_chi,REJECTED_PHYSICAL,YZ,x,-0.0625,y,0.1875,z,-0.4375,0.04,0.041170542742976525,0.0011705427429765242,0.04,0.1385
2014,1.0,20dB_nominal_difference,imag,dressed_linear_chi,REJECTED_PHYSICAL,YZ,x,-0.0625,y,0.3125,z,-0.4375,0.04,0.03873094512946295,-0.0012690548705370508,0.04,0.1385
2014,1.0,20dB_nominal_difference,imag,dressed_linear_chi,REJECTED_PHYSICAL,YZ,x,-0.0625,y,0.4375,z,-0.4375,0.04,0.03712586770302918,-0.0028741322969708175,0.04,0.1385
2014,1.0,20dB_nominal_difference,imag,dressed_linear_chi,REJECTED_PHYSICAL,YZ,x,-0.0625,y,0.5625,z,-0.4375,0.04,0.03670706327353225,-0.0032929367264677503,0.04,0.1385
2014,1.0,20dB_nominal_difference,imag,dressed_linear_chi,REJECTED_PHYSICAL,YZ,x,-0.0625,y,0.6875,z,-0.4375,0.04,0.0377925632698753,-0.002207436730124704,0.04,0.1385
2014,1.0,20dB_nominal_difference,imag,dressed_linear_chi,REJECTED_PHYSICAL,YZ,x,-0.0625,y,-0.6875,z,-0.3125,0.04,0.04824599688356272,0.008245996883562721,0.04,0.1385
2014,1.0,20dB_nominal_difference,imag,dressed_linear_chi,REJECTED_PHYSICAL,YZ,x,-0.0625,y,-0.5625,z,-0.3125,0.04,0.05164815703148497,0.011648157031484967,0.04,0.1385
2014,1.0,20dB_nominal_difference,imag,dressed_linear_chi,REJECTED_PHYSICAL,YZ,x,-0.0625,y,-0.4375,z,-0.3125,0.04,0.051904505914091764,0.011904505914091763,0.04,0.1385
2014,1.0,20dB_nominal_difference,imag,dressed_linear_chi,REJECTED_PHYSICAL,YZ,x,-0.0625,y,-0.3125,z,-0.3125,0.04,0.050740256920253086,0.010740256920253086,0.04,0.1385
2014,1.0,20dB_nominal_difference,imag,dressed_linear_chi,REJECTED_PHYSICAL,YZ,x,-0.0625,y,-0.1875,z,-0.3125,0.04,0.0485831773680095,0.008583177368009502,0.04,0.1385
2014,1.0,20dB_nominal_difference,imag,dressed_linear_chi,REJECTED_PHYSICAL,YZ,x,-0.0625,y,-0.0625,z,-0.3125,0.04,0.04589066700212765,0.0058906670021276475,0.04,0.1385
2014,1.0,20dB_nominal_difference,imag,dressed_linear_chi,REJECTED_PHYSICAL,YZ,x,-0.0625,y,0.0625,z,-0.3125,0.04,0.04306921004627948,0.003069210046279476,0.04,0.1385
2014,1.0,20dB_nominal_difference,imag,dressed_linear_chi,REJECTED_PHYSICAL,YZ,x,-0.0625,y,0.1875,z,-0.3125,0.04,0.04046256195932002,0.0004625619593200195,0.04,0.1385
2014,1.0,20dB_nominal_difference,imag,dressed_linear_chi,REJECTED_PHYSICAL,YZ,x,-0.0625,y,0.3125,z,-0.3125,0.04,0.03838420574450699,-0.0016157942554930124,0.04,0.1385
2014,1.0,20dB_nominal_difference,imag,dressed_linear_chi,REJECTED_PHYSICAL,YZ,x,-0.0625,y,0.4375,z,-0.3125,0.04,0.0371590317850676,-0.0028409682149323975,0.04,0.1385
2014,1.0,20dB_nominal_difference,imag,dressed_linear_chi,REJECTED_PHYSICAL,YZ,x,-0.0625,y,0.5625,z,-0.3125,0.04,0.03714404037013902,-0.002855959629860981,0.04,0.1385
2014,1.0,20dB_nominal_difference,imag,dressed_linear_chi,REJECTED_PHYSICAL,YZ,x,-0.0625,y,0.6875,z,-0.3125,0.04,0.038384567447288,-0.0016154325527120011,0.04,0.1385
2014,1.0,20dB_nominal_difference,imag,dressed_linear_chi,REJECTED_PHYSICAL,YZ,x,-0.0625,y,-0.6875,z,-0.1875,0.04,0.0445542391640802,0.004554239164080202,0.04,0.1385
2014,1.0,20dB_nominal_difference,imag,dressed_linear_chi,REJECTED_PHYSICAL,YZ,x,-0.0625,y,-0.5625,z,-0.1875,0.04,0.047217338724882575,0.007217338724882574,0.04,0.1385
2014,1.0,20dB_nominal_difference,imag,dressed_linear_chi,REJECTED_PHYSICAL,YZ,x,-0.0625,y,-0.4375,z,-0.1875,0.04,0.04677148904669162,0.006771489046691621,0.04,0.1385
2014,1.0,20dB_nominal_difference,imag,dressed_linear_chi,REJECTED_PHYSICAL,YZ,x,-0.0625,y,-0.3125,z,-0.1875,0.1385,0.04525038657066705,-0.09324961342933297,0.04,0.1385
2014,1.0,20dB_nominal_difference,imag,dressed_linear_chi,REJECTED_PHYSICAL,YZ,x,-0.0625,y,-0.1875,z,-0.1875,0.04,0.043040229303833485,0.0030402293038334846,0.04,0.1385
2014,1.0,20dB_nominal_difference,imag,dressed_linear_chi,REJECTED_PHYSICAL,YZ,x,-0.0625,y,-0.0625,z,-0.1875,0.04,0.04054783041288311,0.0005478304128831088,0.04,0.1385
2014,1.0,20dB_nominal_difference,imag,dressed_linear_chi,REJECTED_PHYSICAL,YZ,x,-0.0625,y,0.0625,z,-0.1875,0.04,0.038134028006671226,-0.0018659719933287744,0.04,0.1385
2014,1.0,20dB_nominal_difference,imag,dressed_linear_chi,REJECTED_PHYSICAL,YZ,x,-0.0625,y,0.1875,z,-0.1875,0.04,0.03610253473561321,-0.003897465264386793,0.04,0.1385
2014,1.0,20dB_nominal_difference,imag,dressed_linear_chi,REJECTED_PHYSICAL,YZ,x,-0.0625,y,0.3125,z,-0.1875,0.04,0.03473237602214209,-0.005267623977857912,0.04,0.1385
2014,1.0,20dB_nominal_difference,imag,dressed_linear_chi,REJECTED_PHYSICAL,YZ,x,-0.0625,y,0.4375,z,-0.1875,0.04,0.034318656374016654,-0.005681343625983347,0.04,0.1385
2014,1.0,20dB_nominal_difference,imag,dressed_linear_chi,REJECTED_PHYSICAL,YZ,x,-0.0625,y,0.5625,z,-0.1875,0.04,0.035181776066909115,-0.004818223933090886,0.04,0.1385
2014,1.0,20dB_nominal_difference,imag,dressed_linear_chi,REJECTED_PHYSICAL,YZ,x,-0.0625,y,0.6875,z,-0.1875,0.04,0.03708785920414989,-0.0029121407958501086,0.04,0.1385
2014,1.0,20dB_nominal_difference,imag,dressed_linear_chi,REJECTED_PHYSICAL,YZ,x,-0.0625,y,-0.6875,z,-0.0625,0.04,0.04080621602581565,0.0008062160258156467,0.04,0.1385
2014,1.0,20dB_nominal_difference,imag,dressed_linear_chi,REJECTED_PHYSICAL,YZ,x,-0.0625,y,-0.5625,z,-0.0625,0.04,0.04223506693860371,0.0022350669386037095,0.04,0.1385
2014,1.0,20dB_nominal_difference,imag,dressed_linear_chi,REJECTED_PHYSICAL,YZ,x,-0.0625,y,-0.4375,z,-0.0625,0.04,0.04071118818533847,0.0007111881853384683,0.04,0.1385
2014,1.0,20dB_nominal_difference,imag,dressed_linear_chi,REJECTED_PHYSICAL,YZ,x,-0.0625,y,-0.3125,z,-0.0625,0.04,0.038514762206078,-0.001485237793921998,0.04,0.1385
2014,1.0,20dB_nominal_difference,imag,dressed_linear_chi,REJECTED_PHYSICAL,YZ,x,-0.0625,y,-0.1875,z,-0.0625,0.04,0.03602517630647812,-0.003974823693521881,0.04,0.1385
2014,1.0,20dB_nominal_difference,imag,dressed_linear_chi,REJECTED_PHYSICAL,YZ,x,-0.0625,y,-0.0625,z,-0.0625,0.04,0.03361642924506073,-0.006383570754939269,0.04,0.1385
2014,1.0,20dB_nominal_difference,imag,dressed_linear_chi,REJECTED_PHYSICAL,YZ,x,-0.0625,y,0.0625,z,-0.0625,0.04,0.031599762155543845,-0.008400237844456156,0.04,0.1385
2014,1.0,20dB_nominal_difference,imag,dressed_linear_chi,REJECTED_PHYSICAL,YZ,x,-0.0625,y,0.1875,z,-0.0625,0.04,0.03021986707447671,-0.00978013292552329,0.04,0.1385
2014,1.0,20dB_nominal_difference,imag,dressed_linear_chi,REJECTED_PHYSICAL,YZ,x,-0.0625,y,0.3125,z,-0.0625,0.04,0.02969563979272146,-0.01030436020727854,0.04,0.1385
2014,1.0,20dB_nominal_difference,imag,dressed_linear_chi,REJECTED_PHYSICAL,YZ,x,-0.0625,y,0.4375,z,-0.0625,0.04,0.03026970928555106,-0.00973029071444894,0.04,0.1385
2014,1.0,20dB_nominal_difference,imag,dressed_linear_chi,REJECTED_PHYSICAL,YZ,x,-0.0625,y,0.5625,z,-0.0625,0.04,0.03222267598527577,-0.007777324014724231,0.04,0.1385
2014,1.0,20dB_nominal_difference,imag,dressed_linear_chi,REJECTED_PHYSICAL,YZ,x,-0.0625,y,0.6875,z,-0.0625,0.04,0.03507545094656864,-0.004924549053431364,0.04,0.1385
2014,1.0,20dB_nominal_difference,imag,dressed_linear_chi,REJECTED_PHYSICAL,YZ,x,-0.0625,y,-0.6875,z,0.0625,0.04,0.038355793285683414,-0.0016442067143165873,0.04,0.1385
2014,1.0,20dB_nominal_difference,imag,dressed_linear_chi,REJECTED_PHYSICAL,YZ,x,-0.0625,y,-0.5625,z,0.0625,0.04,0.03833403398989384,-0.0016659660101061638,0.04,0.1385
2014,1.0,20dB_nominal_difference,imag,dressed_linear_chi,REJECTED_PHYSICAL,YZ,x,-0.0625,y,-0.4375,z,0.0625,0.04,0.03560498595503479,-0.004395014044965208,0.04,0.1385
2014,1.0,20dB_nominal_difference,imag,dressed_linear_chi,REJECTED_PHYSICAL,YZ,x,-0.0625,y,-0.3125,z,0.0625,0.04,0.032607387992952104,-0.007392612007047897,0.04,0.1385
2014,1.0,20dB_nominal_difference,imag,dressed_linear_chi,REJECTED_PHYSICAL,YZ,x,-0.0625,y,-0.1875,z,0.0625,0.04,0.029733548993445217,-0.010266451006554784,0.04,0.1385
2014,1.0,20dB_nominal_difference,imag,dressed_linear_chi,REJECTED_PHYSICAL,YZ,x,-0.0625,y,-0.0625,z,0.0625,0.04,0.02733208495916578,-0.01266791504083422,0.04,0.1385
2014,1.0,20dB_nominal_difference,imag,dressed_linear_chi,REJECTED_PHYSICAL,YZ,x,-0.0625,y,0.0625,z,0.0625,0.04,0.025656286906953003,-0.014343713093046998,0.04,0.1385
2014,1.0,20dB_nominal_difference,imag,dressed_linear_chi,REJECTED_PHYSICAL,YZ,x,-0.0625,y,0.1875,z,0.0625,0.04,0.024873145266947644,-0.015126854733052357,0.04,0.1385
2014,1.0,20dB_nominal_difference,imag,dressed_linear_chi,REJECTED_PHYSICAL,YZ,x,-0.0625,y,0.3125,z,0.0625,0.04,0.025120654037662345,-0.014879345962337656,0.04,0.1385
2014,1.0,20dB_nominal_difference,imag,dressed_linear_chi,REJECTED_PHYSICAL,YZ,x,-0.0625,y,0.4375,z,0.0625,0.04,0.026576155751857636,-0.013423844248142365,0.04,0.1385
2014,1.0,20dB_nominal_difference,imag,dressed_linear_chi,REJECTED_PHYSICAL,YZ,x,-0.0625,y,0.5625,z,0.0625,0.04,0.029488847652106916,-0.010511152347893085,0.04,0.1385
2014,1.0,20dB_nominal_difference,imag,dressed_linear_chi,REJECTED_PHYSICAL,YZ,x,-0.0625,y,0.6875,z,0.0625,0.04,0.03320437914284112,-0.006795620857158881,0.04,0.1385
2014,1.0,20dB_nominal_difference,imag,dressed_linear_chi,REJECTED_PHYSICAL,YZ,x,-0.0625,y,-0.6875,z,0.1875,0.04,0.03790245516209398,-0.002097544837906022,0.04,0.1385
2014,1.0,20dB_nominal_difference,imag,dressed_linear_chi,REJECTED_PHYSICAL,YZ,x,-0.0625,y,-0.5625,z,0.1875,0.04,0.03658499575454493,-0.003415004245455072,0.04,0.1385
2014,1.0,20dB_nominal_difference,imag,dressed_linear_chi,REJECTED_PHYSICAL,YZ,x,-0.0625,y,-0.4375,z,0.1875,0.04,0.032819607709640666,-0.0071803922903593345,0.04,0.1385
2014,1.0,20dB_nominal_difference,imag,dressed_linear_chi,REJECTED_PHYSICAL,YZ,x,-0.0625,y,-0.3125,z,0.1875,0.04,0.029119558022940133,-0.010880441977059868,0.04,0.1385
2014,1.0,20dB_nominal_difference,imag,dressed_linear_chi,REJECTED_PHYSICAL,YZ,x,-0.0625,y,-0.1875,z,0.1875,0.04,0.02591054321025082,-0.01408945678974918,0.04,0.1385
2014,1.0,20dB_nominal_difference,imag,dressed_linear_chi,REJECTED_PHYSICAL,YZ,x,-0.0625,y,-0.0625,z,0.1875,0.04,0.023516798649030203,-0.016483201350969798,0.04,0.1385
2014,1.0,20dB_nominal_difference,imag,dressed_linear_chi,REJECTED_PHYSICAL,YZ,x,-0.0625,y,0.0625,z,0.1875,0.04,0.02211888947656978,-0.01788111052343022,0.04,0.1385
2014,1.0,20dB_nominal_difference,imag,dressed_linear_chi,REJECTED_PHYSICAL,YZ,x,-0.0625,y,0.1875,z,0.1875,0.04,0.02178469127363362,-0.01821530872636638,0.04,0.1385
2014,1.0,20dB_nominal_difference,imag,dressed_linear_chi,REJECTED_PHYSICAL,YZ,x,-0.0625,y,0.3125,z,0.1875,0.04,0.02255060046530273,-0.01744939953469727,0.04,0.1385
2014,1.0,20dB_nominal_difference,imag,dressed_linear_chi,REJECTED_PHYSICAL,YZ,x,-0.0625,y,0.4375,z,0.1875,0.04,0.02451567297849333,-0.01548432702150667,0.04,0.1385
2014,1.0,20dB_nominal_difference,imag,dressed_linear_chi,REJECTED_PHYSICAL,YZ,x,-0.0625,y,0.5625,z,0.1875,0.04,0.02790457426819761,-0.01209542573180239,0.04,0.1385
2014,1.0,20dB_nominal_difference,imag,dressed_linear_chi,REJECTED_PHYSICAL,YZ,x,-0.0625,y,0.6875,z,0.1875,0.04,0.03199392306143548,-0.008006076938564519,0.04,0.1385
2014,1.0,20dB_nominal_difference,imag,dressed_linear_chi,REJECTED_PHYSICAL,YZ,x,-0.0625,y,-0.6875,z,0.3125,0.04,0.039466711743326,-0.0005332882566740013,0.04,0.1385
2014,1.0,20dB_nominal_difference,imag,dressed_linear_chi,REJECTED_PHYSICAL,YZ,x,-0.0625,y,-0.5625,z,0.3125,0.04,0.037409106776071406,-0.0025908932239285948,0.04,0.1385
2014,1.0,20dB_nominal_difference,imag,dressed_linear_chi,REJECTED_PHYSICAL,YZ,x,-0.0625,y,-0.4375,z,0.3125,0.04,0.03305849856824963,-0.006941501431750374,0.04,0.1385
2014,1.0,20dB_nominal_difference,imag,dressed_linear_chi,REJECTED_PHYSICAL,YZ,x,-0.0625,y,-0.3125,z,0.3125,0.04,0.028975088129326865,-0.011024911870673136,0.04,0.1385
2014,1.0,20dB_nominal_difference,imag,dressed_linear_chi,REJECTED_PHYSICAL,YZ,x,-0.0625,y,-0.1875,z,0.3125,0.04,0.025651398977400187,-0.014348601022599813,0.04,0.1385
2014,1.0,20dB_nominal_difference,imag,dressed_linear_chi,REJECTED_PHYSICAL,YZ,x,-0.0625,y,-0.0625,z,0.3125,0.04,0.023378438777814196,-0.016621561222185804,0.04,0.1385
2014,1.0,20dB_nominal_difference,imag,dressed_linear_chi,REJECTED_PHYSICAL,YZ,x,-0.0625,y,0.0625,z,0.3125,0.04,0.022238240324452253,-0.017761759675547748,0.04,0.1385
2014,1.0,20dB_nominal_difference,imag,dressed_linear_chi,REJECTED_PHYSICAL,YZ,x,-0.0625,y,0.1875,z,0.3125,0.04,0.022173369568730308,-0.017826630431269693,0.04,0.1385
2014,1.0,20dB_nominal_difference,imag,dressed_linear_chi,REJECTED_PHYSICAL,YZ,x,-0.0625,y,0.3125,z,0.3125,0.04,0.023096316056090332,-0.01690368394390967,0.04,0.1385
2014,1.0,20dB_nominal_difference,imag,dressed_linear_chi,REJECTED_PHYSICAL,YZ,x,-0.0625,y,0.4375,z,0.3125,0.04,0.025007735376792135,-0.014992264623207865,0.04,0.1385
2014,1.0,20dB_nominal_difference,imag,dressed_linear_chi,REJECTED_PHYSICAL,YZ,x,-0.0625,y,0.5625,z,0.3125,0.04,0.028096647882812756,-0.011903352117187245,0.04,0.1385
2014,1.0,20dB_nominal_difference,imag,dressed_linear_chi,REJECTED_PHYSICAL,YZ,x,-0.0625,y,0.6875,z,0.3125,0.04,0.03169329239529499,-0.008306707604705012,0.04,0.1385
2014,1.0,20dB_nominal_difference,imag,dressed_linear_chi,REJECTED_PHYSICAL,YZ,x,-0.0625,y,-0.6875,z,0.4375,0.04,0.04259514476466615,0.0025951447646661505,0.04,0.1385
2014,1.0,20dB_nominal_difference,imag,dressed_linear_chi,REJECTED_PHYSICAL,YZ,x,-0.0625,y,-0.5625,z,0.4375,0.04,0.04068030715232028,0.0006803071523202794,0.04,0.1385
2014,1.0,20dB_nominal_difference,imag,dressed_linear_chi,REJECTED_PHYSICAL,YZ,x,-0.0625,y,-0.4375,z,0.4375,0.04,0.0363535841409873,-0.0036464158590127013,0.04,0.1385
2014,1.0,20dB_nominal_difference,imag,dressed_linear_chi,REJECTED_PHYSICAL,YZ,x,-0.0625,y,-0.3125,z,0.4375,0.04,0.03236926338787322,-0.007630736612126779,0.04,0.1385
2014,1.0,20dB_nominal_difference,imag,dressed_linear_chi,REJECTED_PHYSICAL,YZ,x,-0.0625,y,-0.1875,z,0.4375,0.04,0.02932084628288887,-0.010679153717111131,0.04,0.1385
2014,1.0,20dB_nominal_difference,imag,dressed_linear_chi,REJECTED_PHYSICAL,YZ,x,-0.0625,y,-0.0625,z,0.4375,0.04,0.02742282112910443,-0.012577178870895572,0.04,0.1385
2014,1.0,20dB_nominal_difference,imag,dressed_linear_chi,REJECTED_PHYSICAL,YZ,x,-0.0625,y,0.0625,z,0.4375,0.04,0.026612964691785,-0.013387035308215,0.04,0.1385
2014,1.0,20dB_nominal_difference,imag,dressed_linear_chi,REJECTED_PHYSICAL,YZ,x,-0.0625,y,0.1875,z,0.4375,0.04,0.026678260836952107,-0.013321739163047894,0.04,0.1385
2014,1.0,20dB_nominal_difference,imag,dressed_linear_chi,REJECTED_PHYSICAL,YZ,x,-0.0625,y,0.3125,z,0.4375,0.04,0.027389040662329098,-0.012610959337670903,0.04,0.1385
2014,1.0,20dB_nominal_difference,imag,dressed_linear_chi,REJECTED_PHYSICAL,YZ,x,-0.0625,y,0.4375,z,0.4375,0.04,0.028624448012611353,-0.011375551987388648,0.04,0.1385
2014,1.0,20dB_nominal_difference,imag,dressed_linear_chi,REJECTED_PHYSICAL,YZ,x,-0.0625,y,0.5625,z,0.4375,0.04,0.030485252478225672,-0.009514747521774329,0.04,0.1385
2014,1.0,20dB_nominal_difference,imag,dressed_linear_chi,REJECTED_PHYSICAL,YZ,x,-0.0625,y,0.6875,z,0.4375,0.04,0.03241992118044939,-0.007580078819550612,0.04,0.1385
2014,1.0,20dB_nominal_difference,imag,dressed_linear_chi,REJECTED_PHYSICAL,YZ,x,-0.0625,y,-0.6875,z,0.5625,0.04,0.046940412423380935,0.0069404124233809344,0.04,0.1385
2014,1.0,20dB_nominal_difference,imag,dressed_linear_chi,REJECTED_PHYSICAL,YZ,x,-0.0625,y,-0.5625,z,0.5625,0.04,0.045965407094880395,0.005965407094880394,0.04,0.1385
2014,1.0,20dB_nominal_difference,imag,dressed_linear_chi,REJECTED_PHYSICAL,YZ,x,-0.0625,y,-0.4375,z,0.5625,0.04,0.04211423107869639,0.002114231078696391,0.04,0.1385
2014,1.0,20dB_nominal_difference,imag,dressed_linear_chi,REJECTED_PHYSICAL,YZ,x,-0.0625,y,-0.3125,z,0.5625,0.04,0.03879633042850876,-0.0012036695714912407,0.04,0.1385
2014,1.0,20dB_nominal_difference,imag,dressed_linear_chi,REJECTED_PHYSICAL,YZ,x,-0.0625,y,-0.1875,z,0.5625,0.04,0.036578143310254774,-0.003421856689745227,0.04,0.1385
2014,1.0,20dB_nominal_difference,imag,dressed_linear_chi,REJECTED_PHYSICAL,YZ,x,-0.0625,y,-0.0625,z,0.5625,0.04,0.03546892794021622,-0.004531072059783779,0.04,0.1385
2014,1.0,20dB_nominal_difference,imag,dressed_linear_chi,REJECTED_PHYSICAL,YZ,x,-0.0625,y,0.0625,z,0.5625,0.04,0.035194129668522936,-0.004805870331477065,0.04,0.1385
2014,1.0,20dB_nominal_difference,imag,dressed_linear_chi,REJECTED_PHYSICAL,YZ,x,-0.0625,y,0.1875,z,0.5625,0.04,0.035356178475376865,-0.004643821524623136,0.04,0.1385
2014,1.0,20dB_nominal_difference,imag,dressed_linear_chi,REJECTED_PHYSICAL,YZ,x,-0.0625,y,0.3125,z,0.5625,0.04,0.035580168329108805,-0.004419831670891196,0.04,0.1385
2014,1.0,20dB_nominal_difference,imag,dressed_linear_chi,REJECTED_PHYSICAL,YZ,x,-0.0625,y,0.4375,z,0.5625,0.04,0.035629289967874116,-0.004370710032125885,0.04,0.1385
2014,1.0,20dB_nominal_difference,imag,dressed_linear_chi,REJECTED_PHYSICAL,YZ,x,-0.0625,y,0.5625,z,0.5625,0.04,0.03544411555017339,-0.00455588444982661,0.04,0.1385
2014,1.0,20dB_nominal_difference,imag,dressed_linear_chi,REJECTED_PHYSICAL,YZ,x,-0.0625,y,0.6875,z,0.5625,0.04,0.03436307199767895,-0.0056369280023210525,0.04,0.1385
2014,1.0,20dB_nominal_difference,imag,dressed_linear_chi,REJECTED_PHYSICAL,YZ,x,-0.0625,y,-0.6875,z,0.6875,0.04,0.05504040415080319,0.01504040415080319,0.04,0.1385
2014,1.0,20dB_nominal_difference,imag,dressed_linear_chi,REJECTED_PHYSICAL,YZ,x,-0.0625,y,-0.5625,z,0.6875,0.04,0.05307084020270638,0.01307084020270638,0.04,0.1385
2014,1.0,20dB_nominal_difference,imag,dressed_linear_chi,REJECTED_PHYSICAL,YZ,x,-0.0625,y,-0.4375,z,0.6875,0.04,0.04980612899933927,0.009806128999339268,0.04,0.1385
2014,1.0,20dB_nominal_difference,imag,dressed_linear_chi,REJECTED_PHYSICAL,YZ,x,-0.0625,y,-0.3125,z,0.6875,0.04,0.047976857961793906,0.007976857961793905,0.04,0.1385
2014,1.0,20dB_nominal_difference,imag,dressed_linear_chi,REJECTED_PHYSICAL,YZ,x,-0.0625,y,-0.1875,z,0.6875,0.04,0.04743905847492057,0.0074390584749205665,0.04,0.1385
2014,1.0,20dB_nominal_difference,imag,dressed_linear_chi,REJECTED_PHYSICAL,YZ,x,-0.0625,y,-0.0625,z,0.6875,0.04,0.04779576306416157,0.007795763064161569,0.04,0.1385
2014,1.0,20dB_nominal_difference,imag,dressed_linear_chi,REJECTED_PHYSICAL,YZ,x,-0.0625,y,0.0625,z,0.6875,0.04,0.04848480179622627,0.008484801796226273,0.04,0.1385
2014,1.0,20dB_nominal_difference,imag,dressed_linear_chi,REJECTED_PHYSICAL,YZ,x,-0.0625,y,0.1875,z,0.6875,0.04,0.048887966000819946,0.008887966000819945,0.04,0.1385
2014,1.0,20dB_nominal_difference,imag,dressed_linear_chi,REJECTED_PHYSICAL,YZ,x,-0.0625,y,0.3125,z,0.6875,0.04,0.04848064337049326,0.008480643370493257,0.04,0.1385
2014,1.0,20dB_nominal_difference,imag,dressed_linear_chi,REJECTED_PHYSICAL,YZ,x,-0.0625,y,0.4375,z,0.6875,0.04,0.04696799524709142,0.006967995247091421,0.04,0.1385
2014,1.0,20dB_nominal_difference,imag,dressed_linear_chi,REJECTED_PHYSICAL,YZ,x,-0.0625,y,0.5625,z,0.6875,0.04,0.04429094098537369,0.004290940985373692,0.04,0.1385
2014,1.0,20dB_nominal_difference,imag,dressed_linear_chi,REJECTED_PHYSICAL,YZ,x,-0.0625,y,0.6875,z,0.6875,0.04,0.03918729547362022,-0.0008127045263797775,0.04,0.1385
2014,1.0,20dB_nominal_difference,imag,linear_a_exact_conversion,OK,XY,z,-0.0625,x,-0.6875,y,-0.6875,0.04,0.048646836034884504,0.008646836034884503,0.04,0.1385
2014,1.0,20dB_nominal_difference,imag,linear_a_exact_conversion,OK,XY,z,-0.0625,x,-0.5625,y,-0.6875,0.04,0.04562507754315252,0.005625077543152522,0.04,0.1385
2014,1.0,20dB_nominal_difference,imag,linear_a_exact_conversion,OK,XY,z,-0.0625,x,-0.4375,y,-0.6875,0.04,0.043883391562684046,0.003883391562684045,0.04,0.1385
2014,1.0,20dB_nominal_difference,imag,linear_a_exact_conversion,OK,XY,z,-0.0625,x,-0.3125,y,-0.6875,0.04,0.0421345022425354,0.002134502242535398,0.04,0.1385
2014,1.0,20dB_nominal_difference,imag,linear_a_exact_conversion,OK,XY,z,-0.0625,x,-0.1875,y,-0.6875,0.04,0.04097304122271505,0.0009730412227150487,0.04,0.1385
2014,1.0,20dB_nominal_difference,imag,linear_a_exact_conversion,OK,XY,z,-0.0625,x,-0.0625,y,-0.6875,0.04,0.04081520677009145,0.0008152067700914478,0.04,0.1385
2014,1.0,20dB_nominal_difference,imag,linear_a_exact_conversion,OK,XY,z,-0.0625,x,0.0625,y,-0.6875,0.04,0.04164297749217878,0.0016429774921787807,0.04,0.1385
2014,1.0,20dB_nominal_difference,imag,linear_a_exact_conversion,OK,XY,z,-0.0625,x,0.1875,y,-0.6875,0.04,0.04294153400630666,0.002941534006306659,0.04,0.1385
2014,1.0,20dB_nominal_difference,imag,linear_a_exact_conversion,OK,XY,z,-0.0625,x,0.3125,y,-0.6875,0.04,0.04377132049835385,0.003771320498353846,0.04,0.1385
2014,1.0,20dB_nominal_difference,imag,linear_a_exact_conversion,OK,XY,z,-0.0625,x,0.4375,y,-0.6875,0.04,0.04299380041125805,0.0029938004112580463,0.04,0.1385
2014,1.0,20dB_nominal_difference,imag,linear_a_exact_conversion,OK,XY,z,-0.0625,x,0.5625,y,-0.6875,0.04,0.03973059808158065,-0.00026940191841934996,0.04,0.1385
2014,1.0,20dB_nominal_difference,imag,linear_a_exact_conversion,OK,XY,z,-0.0625,x,0.6875,y,-0.6875,0.04,0.03512211191404289,-0.004877888085957113,0.04,0.1385
2014,1.0,20dB_nominal_difference,imag,linear_a_exact_conversion,OK,XY,z,-0.0625,x,-0.6875,y,-0.5625,0.04,0.04935497562647234,0.00935497562647234,0.04,0.1385
2014,1.0,20dB_nominal_difference,imag,linear_a_exact_conversion,OK,XY,z,-0.0625,x,-0.5625,y,-0.5625,0.04,0.0448010258398008,0.004801025839800799,0.04,0.1385
2014,1.0,20dB_nominal_difference,imag,linear_a_exact_conversion,OK,XY,z,-0.0625,x,-0.4375,y,-0.5625,0.04,0.04191172534927462,0.0019117253492746192,0.04,0.1385
2014,1.0,20dB_nominal_difference,imag,linear_a_exact_conversion,OK,XY,z,-0.0625,x,-0.3125,y,-0.5625,0.04,0.04040970447728044,0.0004097044772804412,0.04,0.1385
2014,1.0,20dB_nominal_difference,imag,linear_a_exact_conversion,OK,XY,z,-0.0625,x,-0.1875,y,-0.5625,0.04,0.04052217256041065,0.0005221725604106497,0.04,0.1385
2014,1.0,20dB_nominal_difference,imag,linear_a_exact_conversion,OK,XY,z,-0.0625,x,-0.0625,y,-0.5625,0.04,0.042293257833402216,0.0022932578334022152,0.04,0.1385
2014,1.0,20dB_nominal_difference,imag,linear_a_exact_conversion,OK,XY,z,-0.0625,x,0.0625,y,-0.5625,0.04,0.04528529152773536,0.00528529152773536,0.04,0.1385
2014,1.0,20dB_nominal_difference,imag,linear_a_exact_conversion,OK,XY,z,-0.0625,x,0.1875,y,-0.5625,0.04,0.04848961394424656,0.008489613944246556,0.04,0.1385
2014,1.0,20dB_nominal_difference,imag,linear_a_exact_conversion,OK,XY,z,-0.0625,x,0.3125,y,-0.5625,0.04,0.05041945813996361,0.01041945813996361,0.04,0.1385
2014,1.0,20dB_nominal_difference,imag,linear_a_exact_conversion,OK,XY,z,-0.0625,x,0.4375,y,-0.5625,0.04,0.049359712064138486,0.009359712064138485,0.04,0.1385
2014,1.0,20dB_nominal_difference,imag,linear_a_exact_conversion,OK,XY,z,-0.0625,x,0.5625,y,-0.5625,0.04,0.0436846135515408,0.0036846135515408024,0.04,0.1385
2014,1.0,20dB_nominal_difference,imag,linear_a_exact_conversion,OK,XY,z,-0.0625,x,0.6875,y,-0.5625,0.04,0.03283476414983993,-0.007165235850160073,0.04,0.1385
2014,1.0,20dB_nominal_difference,imag,linear_a_exact_conversion,OK,XY,z,-0.0625,x,-0.6875,y,-0.4375,0.04,0.04458090951248208,0.004580909512482079,0.04,0.1385
2014,1.0,20dB_nominal_difference,imag,linear_a_exact_conversion,OK,XY,z,-0.0625,x,-0.5625,y,-0.4375,0.04,0.04023875051044343,0.0002387505104434265,0.04,0.1385
2014,1.0,20dB_nominal_difference,imag,linear_a_exact_conversion,OK,XY,z,-0.0625,x,-0.4375,y,-0.4375,0.04,0.03703626412536284,-0.0029637358746371634,0.04,0.1385
2014,1.0,20dB_nominal_difference,imag,linear_a_exact_conversion,OK,XY,z,-0.0625,x,-0.3125,y,-0.4375,0.04,0.0358319757122809,-0.004168024287719098,0.04,0.1385
2014,1.0,20dB_nominal_difference,imag,linear_a_exact_conversion,OK,XY,z,-0.0625,x,-0.1875,y,-0.4375,0.04,0.03708489099281421,-0.0029151090071857927,0.04,0.1385
2014,1.0,20dB_nominal_difference,imag,linear_a_exact_conversion,OK,XY,z,-0.0625,x,-0.0625,y,-0.4375,0.04,0.040718817801478235,0.0007188178014782345,0.04,0.1385
2014,1.0,20dB_nominal_difference,imag,linear_a_exact_conversion,OK,XY,z,-0.0625,x,0.0625,y,-0.4375,0.04,0.04598200465800077,0.005982004658000771,0.04,0.1385
2014,1.0,20dB_nominal_difference,imag,linear_a_exact_conversion,OK,XY,z,-0.0625,x,0.1875,y,-0.4375,0.04,0.05140862026369862,0.01140862026369862,0.04,0.1385
2014,1.0,20dB_nominal_difference,imag,linear_a_exact_conversion,OK,XY,z,-0.0625,x,0.3125,y,-0.4375,0.04,0.05496015968397652,0.014960159683976522,0.04,0.1385
2014,1.0,20dB_nominal_difference,imag,linear_a_exact_conversion,OK,XY,z,-0.0625,x,0.4375,y,-0.4375,0.04,0.054330646612779664,0.014330646612779663,0.04,0.1385
2014,1.0,20dB_nominal_difference,imag,linear_a_exact_conversion,OK,XY,z,-0.0625,x,0.5625,y,-0.4375,0.04,0.047319123925777785,0.007319123925777785,0.04,0.1385
2014,1.0,20dB_nominal_difference,imag,linear_a_exact_conversion,OK,XY,z,-0.0625,x,0.6875,y,-0.4375,0.04,0.033420906742816295,-0.006579093257183706,0.04,0.1385
2014,1.0,20dB_nominal_difference,imag,linear_a_exact_conversion,OK,XY,z,-0.0625,x,-0.6875,y,-0.3125,0.04,0.040577501516419895,0.0005775015164198941,0.04,0.1385
2014,1.0,20dB_nominal_difference,imag,linear_a_exact_conversion,OK,XY,z,-0.0625,x,-0.5625,y,-0.3125,0.04,0.036017732748485506,-0.003982267251514494,0.04,0.1385
2014,1.0,20dB_nominal_difference,imag,linear_a_exact_conversion,OK,XY,z,-0.0625,x,-0.4375,y,-0.3125,0.04,0.03249000080708345,-0.007509999192916554,0.04,0.1385
2014,1.0,20dB_nominal_difference,imag,linear_a_exact_conversion,OK,XY,z,-0.0625,x,-0.3125,y,-0.3125,0.04,0.0313787841562556,-0.008621215843744402,0.04,0.1385
2014,1.0,20dB_nominal_difference,imag,linear_a_exact_conversion,OK,XY,z,-0.0625,x,-0.1875,y,-0.3125,0.04,0.033361510249795306,-0.006638489750204694,0.04,0.1385
2014,1.0,20dB_nominal_difference,imag,linear_a_exact_conversion,OK,XY,z,-0.0625,x,-0.0625,y,-0.3125,0.04,0.03838342507241238,-0.0016165749275876204,0.04,0.1385
2014,1.0,20dB_nominal_difference,imag,linear_a_exact_conversion,OK,XY,z,-0.0625,x,0.0625,y,-0.3125,0.1385,0.04552725811629665,-0.09297274188370336,0.04,0.1385
2014,1.0,20dB_nominal_difference,imag,linear_a_exact_conversion,OK,XY,z,-0.0625,x,0.1875,y,-0.3125,0.04,0.05300583724921628,0.013005837249216279,0.04,0.1385
2014,1.0,20dB_nominal_difference,imag,linear_a_exact_conversion,OK,XY,z,-0.0625,x,0.3125,y,-0.3125,0.04,0.05835522547888892,0.018355225478888917,0.04,0.1385
2014,1.0,20dB_nominal_difference,imag,linear_a_exact_conversion,OK,XY,z,-0.0625,x,0.4375,y,-0.3125,0.04,0.058821020674442316,0.018821020674442315,0.04,0.1385
2014,1.0,20dB_nominal_difference,imag,linear_a_exact_conversion,OK,XY,z,-0.0625,x,0.5625,y,-0.3125,0.04,0.05185494465157052,0.011854944651570519,0.04,0.1385
2014,1.0,20dB_nominal_difference,imag,linear_a_exact_conversion,OK,XY,z,-0.0625,x,0.6875,y,-0.3125,0.04,0.03711215627822183,-0.002887843721778173,0.04,0.1385
2014,1.0,20dB_nominal_difference,imag,linear_a_exact_conversion,OK,XY,z,-0.0625,x,-0.6875,y,-0.1875,0.04,0.039153188975430415,-0.0008468110245695853,0.04,0.1385
2014,1.0,20dB_nominal_difference,imag,linear_a_exact_conversion,OK,XY,z,-0.0625,x,-0.5625,y,-0.1875,0.04,0.033818329746983324,-0.006181670253016677,0.04,0.1385
2014,1.0,20dB_nominal_difference,imag,linear_a_exact_conversion,OK,XY,z,-0.0625,x,-0.4375,y,-0.1875,0.04,0.029501952283644647,-0.010498047716355353,0.04,0.1385
2014,1.0,20dB_nominal_difference,imag,linear_a_exact_conversion,OK,XY,z,-0.0625,x,-0.3125,y,-0.1875,0.093,0.027957004744726857,-0.06504299525527314,0.04,0.1385
2014,1.0,20dB_nominal_difference,imag,linear_a_exact_conversion,OK,XY,z,-0.0625,x,-0.1875,y,-0.1875,0.093,0.030011864557195896,-0.0629881354428041,0.04,0.1385
2014,1.0,20dB_nominal_difference,imag,linear_a_exact_conversion,OK,XY,z,-0.0625,x,-0.0625,y,-0.1875,0.04,0.03570031694205338,-0.004299683057946618,0.04,0.1385
2014,1.0,20dB_nominal_difference,imag,linear_a_exact_conversion,OK,XY,z,-0.0625,x,0.0625,y,-0.1875,0.04,0.04407844973736988,0.004078449737369878,0.04,0.1385
2014,1.0,20dB_nominal_difference,imag,linear_a_exact_conversion,OK,XY,z,-0.0625,x,0.1875,y,-0.1875,0.04,0.05320723038136908,0.013207230381369083,0.04,0.1385
2014,1.0,20dB_nominal_difference,imag,linear_a_exact_conversion,OK,XY,z,-0.0625,x,0.3125,y,-0.1875,0.04,0.06037035913110297,0.020370359131102966,0.04,0.1385
2014,1.0,20dB_nominal_difference,imag,linear_a_exact_conversion,OK,XY,z,-0.0625,x,0.4375,y,-0.1875,0.04,0.0625194152972654,0.0225194152972654,0.04,0.1385
2014,1.0,20dB_nominal_difference,imag,linear_a_exact_conversion,OK,XY,z,-0.0625,x,0.5625,y,-0.1875,0.04,0.05685518743928036,0.016855187439280356,0.04,0.1385
2014,1.0,20dB_nominal_difference,imag,linear_a_exact_conversion,OK,XY,z,-0.0625,x,0.6875,y,-0.1875,0.04,0.04300437350527505,0.0030043735052750487,0.04,0.1385
2014,1.0,20dB_nominal_difference,imag,linear_a_exact_conversion,OK,XY,z,-0.0625,x,-0.6875,y,-0.0625,0.04,0.040752029757819476,0.0007520297578194751,0.04,0.1385
2014,1.0,20dB_nominal_difference,imag,linear_a_exact_conversion,OK,XY,z,-0.0625,x,-0.5625,y,-0.0625,0.04,0.03427134895476036,-0.00572865104523964,0.04,0.1385
2014,1.0,20dB_nominal_difference,imag,linear_a_exact_conversion,OK,XY,z,-0.0625,x,-0.4375,y,-0.0625,0.04,0.028719705218623715,-0.011280294781376286,0.04,0.1385
2014,1.0,20dB_nominal_difference,imag,linear_a_exact_conversion,OK,XY,z,-0.0625,x,-0.3125,y,-0.0625,0.093,0.026171059990968085,-0.06682894000903192,0.04,0.1385
2014,1.0,20dB_nominal_difference,imag,linear_a_exact_conversion,OK,XY,z,-0.0625,x,-0.1875,y,-0.0625,0.093,0.02757873459528609,-0.06542126540471391,0.04,0.1385
2014,1.0,20dB_nominal_difference,imag,linear_a_exact_conversion,OK,XY,z,-0.0625,x,-0.0625,y,-0.0625,0.04,0.03310627515914263,-0.006893724840857374,0.04,0.1385
2014,1.0,20dB_nominal_difference,imag,linear_a_exact_conversion,OK,XY,z,-0.0625,x,0.0625,y,-0.0625,0.04,0.04189814282206324,0.0018981428220632424,0.04,0.1385
2014,1.0,20dB_nominal_difference,imag,linear_a_exact_conversion,OK,XY,z,-0.0625,x,0.1875,y,-0.0625,0.04,0.05203267082822311,0.01203267082822311,0.04,0.1385
2014,1.0,20dB_nominal_difference,imag,linear_a_exact_conversion,OK,XY,z,-0.0625,x,0.3125,y,-0.0625,0.04,0.06073006967487705,0.020730069674877047,0.04,0.1385
2014,1.0,20dB_nominal_difference,imag,linear_a_exact_conversion,OK,XY,z,-0.0625,x,0.4375,y,-0.0625,0.04,0.06481088455785908,0.024810884557859077,0.04,0.1385
2014,1.0,20dB_nominal_difference,imag,linear_a_exact_conversion,OK,XY,z,-0.0625,x,0.5625,y,-0.0625,0.04,0.06131050261628836,0.021310502616288363,0.04,0.1385
2014,1.0,20dB_nominal_difference,imag,linear_a_exact_conversion,OK,XY,z,-0.0625,x,0.6875,y,-0.0625,0.04,0.04966841130100156,0.009668411301001559,0.04,0.1385
2014,1.0,20dB_nominal_difference,imag,linear_a_exact_conversion,OK,XY,z,-0.0625,x,-0.6875,y,0.0625,0.04,0.04476795219779012,0.0047679521977901165,0.04,0.1385
2014,1.0,20dB_nominal_difference,imag,linear_a_exact_conversion,OK,XY,z,-0.0625,x,-0.5625,y,0.0625,0.04,0.0370430936609588,-0.0029569063390412,0.04,0.1385
2014,1.0,20dB_nominal_difference,imag,linear_a_exact_conversion,OK,XY,z,-0.0625,x,-0.4375,y,0.0625,0.04,0.03006054795438531,-0.00993945204561469,0.04,0.1385
2014,1.0,20dB_nominal_difference,imag,linear_a_exact_conversion,OK,XY,z,-0.0625,x,-0.3125,y,0.0625,0.04,0.026145848374684238,-0.013854151625315763,0.04,0.1385
2014,1.0,20dB_nominal_difference,imag,linear_a_exact_conversion,OK,XY,z,-0.0625,x,-0.1875,y,0.0625,0.04,0.026350571203871673,-0.013649428796128328,0.04,0.1385
2014,1.0,20dB_nominal_difference,imag,linear_a_exact_conversion,OK,XY,z,-0.0625,x,-0.0625,y,0.0625,0.04,0.03097536458654451,-0.009024635413455492,0.04,0.1385
2014,1.0,20dB_nominal_difference,imag,linear_a_exact_conversion,OK,XY,z,-0.0625,x,0.0625,y,0.0625,0.04,0.039324254757089054,-0.0006757452429109467,0.04,0.1385
2014,1.0,20dB_nominal_difference,imag,linear_a_exact_conversion,OK,XY,z,-0.0625,x,0.1875,y,0.0625,0.04,0.04963241680114722,0.009632416801147216,0.04,0.1385
2014,1.0,20dB_nominal_difference,imag,linear_a_exact_conversion,OK,XY,z,-0.0625,x,0.3125,y,0.0625,0.11575000000000002,0.05924069589858331,-0.05650930410141671,0.04,0.1385
2014,1.0,20dB_nominal_difference,imag,linear_a_exact_conversion,OK,XY,z,-0.0625,x,0.4375,y,0.0625,0.04,0.06502193246996393,0.025021932469963933,0.04,0.1385
2014,1.0,20dB_nominal_difference,imag,linear_a_exact_conversion,OK,XY,z,-0.0625,x,0.5625,y,0.0625,0.04,0.06397926672815671,0.023979266728156708,0.04,0.1385
2014,1.0,20dB_nominal_difference,imag,linear_a_exact_conversion,OK,XY,z,-0.0625,x,0.6875,y,0.0625,0.04,0.05529159440341154,0.015291594403411539,0.04,0.1385
2014,1.0,20dB_nominal_difference,imag,linear_a_exact_conversion,OK,XY,z,-0.0625,x,-0.6875,y,0.1875,0.04,0.0498489734136589,0.009848973413658896,0.04,0.1385
2014,1.0,20dB_nominal_difference,imag,linear_a_exact_conversion,OK,XY,z,-0.0625,x,-0.5625,y,0.1875,0.04,0.04108557474625312,0.0010855747462531207,0.04,0.1385
2014,1.0,20dB_nominal_difference,imag,linear_a_exact_conversion,OK,XY,z,-0.0625,x,-0.4375,y,0.1875,0.04,0.03283164019586882,-0.0071683598041311775,0.04,0.1385
2014,1.0,20dB_nominal_difference,imag,linear_a_exact_conversion,OK,XY,z,-0.0625,x,-0.3125,y,0.1875,0.04,0.027554792509429493,-0.012445207490570508,0.04,0.1385
2014,1.0,20dB_nominal_difference,imag,linear_a_exact_conversion,OK,XY,z,-0.0625,x,-0.1875,y,0.1875,0.04,0.026344688783909245,-0.013655311216090756,0.04,0.1385
2014,1.0,20dB_nominal_difference,imag,linear_a_exact_conversion,OK,XY,z,-0.0625,x,-0.0625,y,0.1875,0.04,0.02959138176836887,-0.010408618231631132,0.04,0.1385
2014,1.0,20dB_nominal_difference,imag,linear_a_exact_conversion,OK,XY,z,-0.0625,x,0.0625,y,0.1875,0.04,0.036765437247919135,-0.003234562752080866,0.04,0.1385
2014,1.0,20dB_nominal_difference,imag,linear_a_exact_conversion,OK,XY,z,-0.0625,x,0.1875,y,0.1875,0.11575000000000002,0.04634413111799425,-0.06940586888200577,0.04,0.1385
2014,1.0,20dB_nominal_difference,imag,linear_a_exact_conversion,OK,XY,z,-0.0625,x,0.3125,y,0.1875,0.11575000000000002,0.055946235250813596,-0.059803764749186424,0.04,0.1385
2014,1.0,20dB_nominal_difference,imag,linear_a_exact_conversion,OK,XY,z,-0.0625,x,0.4375,y,0.1875,0.11575000000000002,0.06269059804758549,-0.05305940195241453,0.04,0.1385
2014,1.0,20dB_nominal_difference,imag,linear_a_exact_conversion,OK,XY,z,-0.0625,x,0.5625,y,0.1875,0.04,0.06372994374025082,0.023729943740250815,0.04,0.1385
2014,1.0,20dB_nominal_difference,imag,linear_a_exact_conversion,OK,XY,z,-0.0625,x,0.6875,y,0.1875,0.04,0.05800774809009353,0.018007748090093527,0.04,0.1385
2014,1.0,20dB_nominal_difference,imag,linear_a_exact_conversion,OK,XY,z,-0.0625,x,-0.6875,y,0.3125,0.04,0.05430303109329085,0.014303031093290848,0.04,0.1385
2014,1.0,20dB_nominal_difference,imag,linear_a_exact_conversion,OK,XY,z,-0.0625,x,-0.5625,y,0.3125,0.04,0.044995099508010145,0.004995099508010144,0.04,0.1385
2014,1.0,20dB_nominal_difference,imag,linear_a_exact_conversion,OK,XY,z,-0.0625,x,-0.4375,y,0.3125,0.04,0.035997558237562434,-0.004002441762437567,0.04,0.1385
2014,1.0,20dB_nominal_difference,imag,linear_a_exact_conversion,OK,XY,z,-0.0625,x,-0.3125,y,0.3125,0.04,0.02979230017003105,-0.010207699829968952,0.04,0.1385
2014,1.0,20dB_nominal_difference,imag,linear_a_exact_conversion,OK,XY,z,-0.0625,x,-0.1875,y,0.3125,0.04,0.027397123127080206,-0.012602876872919794,0.04,0.1385
2014,1.0,20dB_nominal_difference,imag,linear_a_exact_conversion,OK,XY,z,-0.0625,x,-0.0625,y,0.3125,0.04,0.029177477230582085,-0.010822522769417916,0.04,0.1385
2014,1.0,20dB_nominal_difference,imag,linear_a_exact_conversion,OK,XY,z,-0.0625,x,0.0625,y,0.3125,0.04,0.03470724112793152,-0.0052927588720684815,0.04,0.1385
2014,1.0,20dB_nominal_difference,imag,linear_a_exact_conversion,OK,XY,z,-0.0625,x,0.1875,y,0.3125,0.04,0.042726862945642874,0.002726862945642873,0.04,0.1385
2014,1.0,20dB_nominal_difference,imag,linear_a_exact_conversion,OK,XY,z,-0.0625,x,0.3125,y,0.3125,0.11575000000000002,0.051246033309423594,-0.06450396669057643,0.04,0.1385
2014,1.0,20dB_nominal_difference,imag,linear_a_exact_conversion,OK,XY,z,-0.0625,x,0.4375,y,0.3125,0.04,0.05780932821677127,0.017809328216771267,0.04,0.1385
2014,1.0,20dB_nominal_difference,imag,linear_a_exact_conversion,OK,XY,z,-0.0625,x,0.5625,y,0.3125,0.04,0.05991245910999284,0.01991245910999284,0.04,0.1385
2014,1.0,20dB_nominal_difference,imag,linear_a_exact_conversion,OK,XY,z,-0.0625,x,0.6875,y,0.3125,0.04,0.056355015795605076,0.016355015795605075,0.04,0.1385
2014,1.0,20dB_nominal_difference,imag,linear_a_exact_conversion,OK,XY,z,-0.0625,x,-0.6875,y,0.4375,0.04,0.056556451778601025,0.016556451778601024,0.04,0.1385
2014,1.0,20dB_nominal_difference,imag,linear_a_exact_conversion,OK,XY,z,-0.0625,x,-0.5625,y,0.4375,0.04,0.04739438776679348,0.007394387766793478,0.04,0.1385
2014,1.0,20dB_nominal_difference,imag,linear_a_exact_conversion,OK,XY,z,-0.0625,x,-0.4375,y,0.4375,0.04,0.03848556351117183,-0.0015144364888281733,0.04,0.1385
2014,1.0,20dB_nominal_difference,imag,linear_a_exact_conversion,OK,XY,z,-0.0625,x,-0.3125,y,0.4375,0.04,0.03219976095647495,-0.007800239043525052,0.04,0.1385
2014,1.0,20dB_nominal_difference,imag,linear_a_exact_conversion,OK,XY,z,-0.0625,x,-0.1875,y,0.4375,0.04,0.029298347079556232,-0.010701652920443769,0.04,0.1385
2014,1.0,20dB_nominal_difference,imag,linear_a_exact_conversion,OK,XY,z,-0.0625,x,-0.0625,y,0.4375,0.04,0.029943982587012686,-0.010056017412987315,0.04,0.1385
2014,1.0,20dB_nominal_difference,imag,linear_a_exact_conversion,OK,XY,z,-0.0625,x,0.0625,y,0.4375,0.04,0.0336962176052932,-0.006303782394706803,0.04,0.1385
2014,1.0,20dB_nominal_difference,imag,linear_a_exact_conversion,OK,XY,z,-0.0625,x,0.1875,y,0.4375,0.04,0.039526693803478986,-0.00047330619652101447,0.04,0.1385
2014,1.0,20dB_nominal_difference,imag,linear_a_exact_conversion,OK,XY,z,-0.0625,x,0.3125,y,0.4375,0.04,0.045904099992410685,0.005904099992410684,0.04,0.1385
2014,1.0,20dB_nominal_difference,imag,linear_a_exact_conversion,OK,XY,z,-0.0625,x,0.4375,y,0.4375,0.04,0.05095411922218925,0.010954119222189251,0.04,0.1385
2014,1.0,20dB_nominal_difference,imag,linear_a_exact_conversion,OK,XY,z,-0.0625,x,0.5625,y,0.4375,0.04,0.05268282443507017,0.01268282443507017,0.04,0.1385
2014,1.0,20dB_nominal_difference,imag,linear_a_exact_conversion,OK,XY,z,-0.0625,x,0.6875,y,0.4375,0.04,0.04978554260671976,0.009785542606719759,0.04,0.1385
2014,1.0,20dB_nominal_difference,imag,linear_a_exact_conversion,OK,XY,z,-0.0625,x,-0.6875,y,0.5625,0.04,0.055638454608477474,0.015638454608477473,0.04,0.1385
2014,1.0,20dB_nominal_difference,imag,linear_a_exact_conversion,OK,XY,z,-0.0625,x,-0.5625,y,0.5625,0.04,0.04723118182486567,0.007231181824865672,0.04,0.1385
2014,1.0,20dB_nominal_difference,imag,linear_a_exact_conversion,OK,XY,z,-0.0625,x,-0.4375,y,0.5625,0.04,0.03943263095671945,-0.0005673690432805509,0.04,0.1385
2014,1.0,20dB_nominal_difference,imag,linear_a_exact_conversion,OK,XY,z,-0.0625,x,-0.3125,y,0.5625,0.04,0.03426105185043329,-0.005738948149566714,0.04,0.1385
2014,1.0,20dB_nominal_difference,imag,linear_a_exact_conversion,OK,XY,z,-0.0625,x,-0.1875,y,0.5625,0.04,0.03190383073447437,-0.00809616926552563,0.04,0.1385
2014,1.0,20dB_nominal_difference,imag,linear_a_exact_conversion,OK,XY,z,-0.0625,x,-0.0625,y,0.5625,0.04,0.032105093450655674,-0.007894906549344327,0.04,0.1385
2014,1.0,20dB_nominal_difference,imag,linear_a_exact_conversion,OK,XY,z,-0.0625,x,0.0625,y,0.5625,0.04,0.03427430486845949,-0.0057256951315405105,0.04,0.1385
2014,1.0,20dB_nominal_difference,imag,linear_a_exact_conversion,OK,XY,z,-0.0625,x,0.1875,y,0.5625,0.04,0.037554224720130154,-0.0024457752798698468,0.04,0.1385
2014,1.0,20dB_nominal_difference,imag,linear_a_exact_conversion,OK,XY,z,-0.0625,x,0.3125,y,0.5625,0.04,0.0409064323457168,0.0009064323457168011,0.04,0.1385
2014,1.0,20dB_nominal_difference,imag,linear_a_exact_conversion,OK,XY,z,-0.0625,x,0.4375,y,0.5625,0.04,0.04319082257122154,0.0031908225712215382,0.04,0.1385
2014,1.0,20dB_nominal_difference,imag,linear_a_exact_conversion,OK,XY,z,-0.0625,x,0.5625,y,0.5625,0.04,0.043146794240614454,0.0031467942406144533,0.04,0.1385
2014,1.0,20dB_nominal_difference,imag,linear_a_exact_conversion,OK,XY,z,-0.0625,x,0.6875,y,0.5625,0.04,0.03921531957510445,-0.0007846804248955522,0.04,0.1385
2014,1.0,20dB_nominal_difference,imag,linear_a_exact_conversion,OK,XY,z,-0.0625,x,-0.6875,y,0.6875,0.04,0.05134985907546611,0.01134985907546611,0.04,0.1385
2014,1.0,20dB_nominal_difference,imag,linear_a_exact_conversion,OK,XY,z,-0.0625,x,-0.5625,y,0.6875,0.04,0.04297429060388252,0.002974290603882518,0.04,0.1385
2014,1.0,20dB_nominal_difference,imag,linear_a_exact_conversion,OK,XY,z,-0.0625,x,-0.4375,y,0.6875,0.04,0.03737050679101354,-0.0026294932089864637,0.04,0.1385
2014,1.0,20dB_nominal_difference,imag,linear_a_exact_conversion,OK,XY,z,-0.0625,x,-0.3125,y,0.6875,0.04,0.03472563895948248,-0.005274361040517518,0.04,0.1385
2014,1.0,20dB_nominal_difference,imag,linear_a_exact_conversion,OK,XY,z,-0.0625,x,-0.1875,y,0.6875,0.04,0.03425101095771934,-0.005748989042280661,0.04,0.1385
2014,1.0,20dB_nominal_difference,imag,linear_a_exact_conversion,OK,XY,z,-0.0625,x,-0.0625,y,0.6875,0.04,0.03508591991780951,-0.004914080082190492,0.04,0.1385
2014,1.0,20dB_nominal_difference,imag,linear_a_exact_conversion,OK,XY,z,-0.0625,x,0.0625,y,0.6875,0.04,0.03635534446827284,-0.003644655531727159,0.04,0.1385
2014,1.0,20dB_nominal_difference,imag,linear_a_exact_conversion,OK,XY,z,-0.0625,x,0.1875,y,0.6875,0.04,0.03727461915028813,-0.0027253808497118698,0.04,0.1385
2014,1.0,20dB_nominal_difference,imag,linear_a_exact_conversion,OK,XY,z,-0.0625,x,0.3125,y,0.6875,0.04,0.03725641627444651,-0.002743583725553493,0.04,0.1385
2014,1.0,20dB_nominal_difference,imag,linear_a_exact_conversion,OK,XY,z,-0.0625,x,0.4375,y,0.6875,0.04,0.035989759195548345,-0.004010240804451656,0.04,0.1385
2014,1.0,20dB_nominal_difference,imag,linear_a_exact_conversion,OK,XY,z,-0.0625,x,0.5625,y,0.6875,0.04,0.033444025341614655,-0.006555974658385345,0.04,0.1385
2014,1.0,20dB_nominal_difference,imag,linear_a_exact_conversion,OK,XY,z,-0.0625,x,0.6875,y,0.6875,0.04,0.028851071580661164,-0.011148928419338837,0.04,0.1385
2014,1.0,20dB_nominal_difference,imag,linear_a_exact_conversion,OK,XZ,y,-0.0625,x,-0.6875,z,-0.6875,0.04,0.034339467427245626,-0.0056605325727543745,0.04,0.1385
2014,1.0,20dB_nominal_difference,imag,linear_a_exact_conversion,OK,XZ,y,-0.0625,x,-0.5625,z,-0.6875,0.04,0.03416406977294998,-0.005835930227050021,0.04,0.1385
2014,1.0,20dB_nominal_difference,imag,linear_a_exact_conversion,OK,XZ,y,-0.0625,x,-0.4375,z,-0.6875,0.04,0.03017989429211219,-0.00982010570788781,0.04,0.1385
2014,1.0,20dB_nominal_difference,imag,linear_a_exact_conversion,OK,XZ,y,-0.0625,x,-0.3125,z,-0.6875,0.04,0.028089701078277053,-0.011910298921722948,0.04,0.1385
2014,1.0,20dB_nominal_difference,imag,linear_a_exact_conversion,OK,XZ,y,-0.0625,x,-0.1875,z,-0.6875,0.04,0.028878317492510647,-0.011121682507489353,0.04,0.1385
2014,1.0,20dB_nominal_difference,imag,linear_a_exact_conversion,OK,XZ,y,-0.0625,x,-0.0625,z,-0.6875,0.04,0.032325980396876744,-0.007674019603123257,0.04,0.1385
2014,1.0,20dB_nominal_difference,imag,linear_a_exact_conversion,OK,XZ,y,-0.0625,x,0.0625,z,-0.6875,0.04,0.03730660555113262,-0.0026933944488673825,0.04,0.1385
2014,1.0,20dB_nominal_difference,imag,linear_a_exact_conversion,OK,XZ,y,-0.0625,x,0.1875,z,-0.6875,0.04,0.04206462825902129,0.0020646282590212894,0.04,0.1385
2014,1.0,20dB_nominal_difference,imag,linear_a_exact_conversion,OK,XZ,y,-0.0625,x,0.3125,z,-0.6875,0.04,0.04465326455250372,0.0046532645525037206,0.04,0.1385
2014,1.0,20dB_nominal_difference,imag,linear_a_exact_conversion,OK,XZ,y,-0.0625,x,0.4375,z,-0.6875,0.04,0.04352776663957509,0.003527766639575089,0.04,0.1385
2014,1.0,20dB_nominal_difference,imag,linear_a_exact_conversion,OK,XZ,y,-0.0625,x,0.5625,z,-0.6875,0.04,0.03840790190318434,-0.0015920980968156598,0.04,0.1385
2014,1.0,20dB_nominal_difference,imag,linear_a_exact_conversion,OK,XZ,y,-0.0625,x,0.6875,z,-0.6875,0.04,0.03249491553261356,-0.007505084467386444,0.04,0.1385
2014,1.0,20dB_nominal_difference,imag,linear_a_exact_conversion,OK,XZ,y,-0.0625,x,-0.6875,z,-0.5625,0.04,0.037589633711291315,-0.002410366288708686,0.04,0.1385
2014,1.0,20dB_nominal_difference,imag,linear_a_exact_conversion,OK,XZ,y,-0.0625,x,-0.5625,z,-0.5625,0.04,0.03733409613610615,-0.0026659038638938495,0.04,0.1385
2014,1.0,20dB_nominal_difference,imag,linear_a_exact_conversion,OK,XZ,y,-0.0625,x,-0.4375,z,-0.5625,0.04,0.03517029881819171,-0.004829701181808289,0.04,0.1385
2014,1.0,20dB_nominal_difference,imag,linear_a_exact_conversion,OK,XZ,y,-0.0625,x,-0.3125,z,-0.5625,0.04,0.03471499622249483,-0.005285003777505168,0.04,0.1385
2014,1.0,20dB_nominal_difference,imag,linear_a_exact_conversion,OK,XZ,y,-0.0625,x,-0.1875,z,-0.5625,0.04,0.037245496758454365,-0.002754503241545636,0.04,0.1385
2014,1.0,20dB_nominal_difference,imag,linear_a_exact_conversion,OK,XZ,y,-0.0625,x,-0.0625,z,-0.5625,0.04,0.04280800910984454,0.0028080091098445364,0.04,0.1385
2014,1.0,20dB_nominal_difference,imag,linear_a_exact_conversion,OK,XZ,y,-0.0625,x,0.0625,z,-0.5625,0.04,0.0503418412389543,0.010341841238954298,0.04,0.1385
2014,1.0,20dB_nominal_difference,imag,linear_a_exact_conversion,OK,XZ,y,-0.0625,x,0.1875,z,-0.5625,0.04,0.0579339884065862,0.0179339884065862,0.04,0.1385
2014,1.0,20dB_nominal_difference,imag,linear_a_exact_conversion,OK,XZ,y,-0.0625,x,0.3125,z,-0.5625,0.04,0.06326771291165241,0.02326771291165241,0.04,0.1385
2014,1.0,20dB_nominal_difference,imag,linear_a_exact_conversion,OK,XZ,y,-0.0625,x,0.4375,z,-0.5625,0.04,0.06420832082415133,0.02420832082415133,0.04,0.1385
2014,1.0,20dB_nominal_difference,imag,linear_a_exact_conversion,OK,XZ,y,-0.0625,x,0.5625,z,-0.5625,0.04,0.05931671061370817,0.01931671061370817,0.04,0.1385
2014,1.0,20dB_nominal_difference,imag,linear_a_exact_conversion,OK,XZ,y,-0.0625,x,0.6875,z,-0.5625,0.04,0.04766191310682983,0.007661913106829829,0.04,0.1385
2014,1.0,20dB_nominal_difference,imag,linear_a_exact_conversion,OK,XZ,y,-0.0625,x,-0.6875,z,-0.4375,0.04,0.04169316480096798,0.0016931648009679764,0.04,0.1385
2014,1.0,20dB_nominal_difference,imag,linear_a_exact_conversion,OK,XZ,y,-0.0625,x,-0.5625,z,-0.4375,0.04,0.03993471027645445,-6.528972354555296e-05,0.04,0.1385
2014,1.0,20dB_nominal_difference,imag,linear_a_exact_conversion,OK,XZ,y,-0.0625,x,-0.4375,z,-0.4375,0.04,0.037744915117435274,-0.002255084882564727,0.04,0.1385
2014,1.0,20dB_nominal_difference,imag,linear_a_exact_conversion,OK,XZ,y,-0.0625,x,-0.3125,z,-0.4375,0.04,0.037749143530433876,-0.0022508564695661246,0.04,0.1385
2014,1.0,20dB_nominal_difference,imag,linear_a_exact_conversion,OK,XZ,y,-0.0625,x,-0.1875,z,-0.4375,0.04,0.041004314728771696,0.001004314728771695,0.04,0.1385
2014,1.0,20dB_nominal_difference,imag,linear_a_exact_conversion,OK,XZ,y,-0.0625,x,-0.0625,z,-0.4375,0.04,0.04760852268948456,0.007608522689484559,0.04,0.1385
2014,1.0,20dB_nominal_difference,imag,linear_a_exact_conversion,OK,XZ,y,-0.0625,x,0.0625,z,-0.4375,0.04,0.056535209017340445,0.016535209017340444,0.04,0.1385
2014,1.0,20dB_nominal_difference,imag,linear_a_exact_conversion,OK,XZ,y,-0.0625,x,0.1875,z,-0.4375,0.04,0.06576736172629664,0.025767361726296643,0.04,0.1385
2014,1.0,20dB_nominal_difference,imag,linear_a_exact_conversion,OK,XZ,y,-0.0625,x,0.3125,z,-0.4375,0.04,0.07268820598949956,0.03268820598949956,0.04,0.1385
2014,1.0,20dB_nominal_difference,imag,linear_a_exact_conversion,OK,XZ,y,-0.0625,x,0.4375,z,-0.4375,0.04,0.07461975655321819,0.03461975655321819,0.04,0.1385
2014,1.0,20dB_nominal_difference,imag,linear_a_exact_conversion,OK,XZ,y,-0.0625,x,0.5625,z,-0.4375,0.04,0.06926596407748745,0.029265964077487445,0.04,0.1385
2014,1.0,20dB_nominal_difference,imag,linear_a_exact_conversion,OK,XZ,y,-0.0625,x,0.6875,z,-0.4375,0.04,0.055360127903271855,0.015360127903271854,0.04,0.1385
2014,1.0,20dB_nominal_difference,imag,linear_a_exact_conversion,OK,XZ,y,-0.0625,x,-0.6875,z,-0.3125,0.04,0.04305684796232167,0.0030568479623216682,0.04,0.1385
2014,1.0,20dB_nominal_difference,imag,linear_a_exact_conversion,OK,XZ,y,-0.0625,x,-0.5625,z,-0.3125,0.04,0.03972366338198667,-0.00027633661801333004,0.04,0.1385
2014,1.0,20dB_nominal_difference,imag,linear_a_exact_conversion,OK,XZ,y,-0.0625,x,-0.4375,z,-0.3125,0.04,0.03661583794251241,-0.003384162057487594,0.04,0.1385
2014,1.0,20dB_nominal_difference,imag,linear_a_exact_conversion,OK,XZ,y,-0.0625,x,-0.3125,z,-0.3125,0.04,0.036157987735429956,-0.0038420122645700452,0.04,0.1385
2014,1.0,20dB_nominal_difference,imag,linear_a_exact_conversion,OK,XZ,y,-0.0625,x,-0.1875,z,-0.3125,0.04,0.039319053952932836,-0.0006809460470671644,0.04,0.1385
2014,1.0,20dB_nominal_difference,imag,linear_a_exact_conversion,OK,XZ,y,-0.0625,x,-0.0625,z,-0.3125,0.04,0.046200673971490934,0.006200673971490933,0.04,0.1385
2014,1.0,20dB_nominal_difference,imag,linear_a_exact_conversion,OK,XZ,y,-0.0625,x,0.0625,z,-0.3125,0.04,0.05579155689968278,0.015791556899682778,0.04,0.1385
2014,1.0,20dB_nominal_difference,imag,linear_a_exact_conversion,OK,XZ,y,-0.0625,x,0.1875,z,-0.3125,0.04,0.06600799703086851,0.026007997030868514,0.04,0.1385
2014,1.0,20dB_nominal_difference,imag,linear_a_exact_conversion,OK,XZ,y,-0.0625,x,0.3125,z,-0.3125,0.04,0.07402175321891134,0.03402175321891134,0.04,0.1385
2014,1.0,20dB_nominal_difference,imag,linear_a_exact_conversion,OK,XZ,y,-0.0625,x,0.4375,z,-0.3125,0.04,0.07678865732527929,0.036788657325279285,0.04,0.1385
2014,1.0,20dB_nominal_difference,imag,linear_a_exact_conversion,OK,XZ,y,-0.0625,x,0.5625,z,-0.3125,0.04,0.0716027937848214,0.0316027937848214,0.04,0.1385
2014,1.0,20dB_nominal_difference,imag,linear_a_exact_conversion,OK,XZ,y,-0.0625,x,0.6875,z,-0.3125,0.04,0.05752905722819961,0.017529057228199606,0.04,0.1385
2014,1.0,20dB_nominal_difference,imag,linear_a_exact_conversion,OK,XZ,y,-0.0625,x,-0.6875,z,-0.1875,0.04,0.04242460553061502,0.0024246055306150205,0.04,0.1385
2014,1.0,20dB_nominal_difference,imag,linear_a_exact_conversion,OK,XZ,y,-0.0625,x,-0.5625,z,-0.1875,0.04,0.037446578535127735,-0.002553421464872266,0.04,0.1385
2014,1.0,20dB_nominal_difference,imag,linear_a_exact_conversion,OK,XZ,y,-0.0625,x,-0.4375,z,-0.1875,0.04,0.033084085111957456,-0.0069159148880425445,0.04,0.1385
2014,1.0,20dB_nominal_difference,imag,linear_a_exact_conversion,OK,XZ,y,-0.0625,x,-0.3125,z,-0.1875,0.04,0.03163709751420898,-0.008362902485791024,0.04,0.1385
2014,1.0,20dB_nominal_difference,imag,linear_a_exact_conversion,OK,XZ,y,-0.0625,x,-0.1875,z,-0.1875,0.04,0.03407691309480021,-0.005923086905199791,0.04,0.1385
2014,1.0,20dB_nominal_difference,imag,linear_a_exact_conversion,OK,XZ,y,-0.0625,x,-0.0625,z,-0.1875,0.04,0.04053139814245352,0.0005313981424535166,0.04,0.1385
2014,1.0,20dB_nominal_difference,imag,linear_a_exact_conversion,OK,XZ,y,-0.0625,x,0.0625,z,-0.1875,0.04,0.05004053370676684,0.010040533706766837,0.04,0.1385
2014,1.0,20dB_nominal_difference,imag,linear_a_exact_conversion,OK,XZ,y,-0.0625,x,0.1875,z,-0.1875,0.04,0.06054442114487144,0.02054442114487144,0.04,0.1385
2014,1.0,20dB_nominal_difference,imag,linear_a_exact_conversion,OK,XZ,y,-0.0625,x,0.3125,z,-0.1875,0.04,0.06915419985345188,0.029154199853451877,0.04,0.1385
2014,1.0,20dB_nominal_difference,imag,linear_a_exact_conversion,OK,XZ,y,-0.0625,x,0.4375,z,-0.1875,0.04,0.07266445313523467,0.032664453135234674,0.04,0.1385
2014,1.0,20dB_nominal_difference,imag,linear_a_exact_conversion,OK,XZ,y,-0.0625,x,0.5625,z,-0.1875,0.04,0.06817767633276696,0.02817767633276696,0.04,0.1385
2014,1.0,20dB_nominal_difference,imag,linear_a_exact_conversion,OK,XZ,y,-0.0625,x,0.6875,z,-0.1875,0.04,0.05502650352665203,0.015026503526652031,0.04,0.1385
2014,1.0,20dB_nominal_difference,imag,linear_a_exact_conversion,OK,XZ,y,-0.0625,x,-0.6875,z,-0.0625,0.04,0.040752029757819476,0.0007520297578194751,0.04,0.1385
2014,1.0,20dB_nominal_difference,imag,linear_a_exact_conversion,OK,XZ,y,-0.0625,x,-0.5625,z,-0.0625,0.04,0.03427134895476036,-0.00572865104523964,0.04,0.1385
2014,1.0,20dB_nominal_difference,imag,linear_a_exact_conversion,OK,XZ,y,-0.0625,x,-0.4375,z,-0.0625,0.04,0.028719705218623715,-0.011280294781376286,0.04,0.1385
2014,1.0,20dB_nominal_difference,imag,linear_a_exact_conversion,OK,XZ,y,-0.0625,x,-0.3125,z,-0.0625,0.093,0.026171059990968085,-0.06682894000903192,0.04,0.1385
2014,1.0,20dB_nominal_difference,imag,linear_a_exact_conversion,OK,XZ,y,-0.0625,x,-0.1875,z,-0.0625,0.093,0.02757873459528609,-0.06542126540471391,0.04,0.1385
2014,1.0,20dB_nominal_difference,imag,linear_a_exact_conversion,OK,XZ,y,-0.0625,x,-0.0625,z,-0.0625,0.04,0.03310627515914263,-0.006893724840857374,0.04,0.1385
2014,1.0,20dB_nominal_difference,imag,linear_a_exact_conversion,OK,XZ,y,-0.0625,x,0.0625,z,-0.0625,0.04,0.04189814282206324,0.0018981428220632424,0.04,0.1385
2014,1.0,20dB_nominal_difference,imag,linear_a_exact_conversion,OK,XZ,y,-0.0625,x,0.1875,z,-0.0625,0.04,0.05203267082822311,0.01203267082822311,0.04,0.1385
2014,1.0,20dB_nominal_difference,imag,linear_a_exact_conversion,OK,XZ,y,-0.0625,x,0.3125,z,-0.0625,0.04,0.06073006967487705,0.020730069674877047,0.04,0.1385
2014,1.0,20dB_nominal_difference,imag,linear_a_exact_conversion,OK,XZ,y,-0.0625,x,0.4375,z,-0.0625,0.04,0.06481088455785908,0.024810884557859077,0.04,0.1385
2014,1.0,20dB_nominal_difference,imag,linear_a_exact_conversion,OK,XZ,y,-0.0625,x,0.5625,z,-0.0625,0.04,0.06131050261628836,0.021310502616288363,0.04,0.1385
2014,1.0,20dB_nominal_difference,imag,linear_a_exact_conversion,OK,XZ,y,-0.0625,x,0.6875,z,-0.0625,0.04,0.04966841130100156,0.009668411301001559,0.04,0.1385
2014,1.0,20dB_nominal_difference,imag,linear_a_exact_conversion,OK,XZ,y,-0.0625,x,-0.6875,z,0.0625,0.04,0.038844346240714075,-0.0011556537592859253,0.04,0.1385
2014,1.0,20dB_nominal_difference,imag,linear_a_exact_conversion,OK,XZ,y,-0.0625,x,-0.5625,z,0.0625,0.04,0.031361317252172824,-0.008638682747827177,0.04,0.1385
2014,1.0,20dB_nominal_difference,imag,linear_a_exact_conversion,OK,XZ,y,-0.0625,x,-0.4375,z,0.0625,0.04,0.02507081518273559,-0.01492918481726441,0.04,0.1385
2014,1.0,20dB_nominal_difference,imag,linear_a_exact_conversion,OK,XZ,y,-0.0625,x,-0.3125,z,0.0625,0.093,0.02169286283320857,-0.07130713716679143,0.04,0.1385
2014,1.0,20dB_nominal_difference,imag,linear_a_exact_conversion,OK,XZ,y,-0.0625,x,-0.1875,z,0.0625,0.093,0.02208618809127513,-0.07091381190872487,0.04,0.1385
2014,1.0,20dB_nominal_difference,imag,linear_a_exact_conversion,OK,XZ,y,-0.0625,x,-0.0625,z,0.0625,0.04,0.026437961603034663,-0.013562038396965338,0.04,0.1385
2014,1.0,20dB_nominal_difference,imag,linear_a_exact_conversion,OK,XZ,y,-0.0625,x,0.0625,z,0.0625,0.04,0.03404765050485451,-0.00595234949514549,0.04,0.1385
2014,1.0,20dB_nominal_difference,imag,linear_a_exact_conversion,OK,XZ,y,-0.0625,x,0.1875,z,0.0625,0.04,0.04324606404000037,0.003246064040000371,0.04,0.1385
2014,1.0,20dB_nominal_difference,imag,linear_a_exact_conversion,OK,XZ,y,-0.0625,x,0.3125,z,0.0625,0.04,0.05152779075082478,0.01152779075082478,0.04,0.1385
2014,1.0,20dB_nominal_difference,imag,linear_a_exact_conversion,OK,XZ,y,-0.0625,x,0.4375,z,0.0625,0.04,0.05591541091343207,0.01591541091343207,0.04,0.1385
2014,1.0,20dB_nominal_difference,imag,linear_a_exact_conversion,OK,XZ,y,-0.0625,x,0.5625,z,0.0625,0.04,0.05349489177592449,0.013494891775924486,0.04,0.1385
2014,1.0,20dB_nominal_difference,imag,linear_a_exact_conversion,OK,XZ,y,-0.0625,x,0.6875,z,0.0625,0.04,0.04366368856430084,0.0036636885643008404,0.04,0.1385
2014,1.0,20dB_nominal_difference,imag,linear_a_exact_conversion,OK,XZ,y,-0.0625,x,-0.6875,z,0.1875,0.04,0.03729259686321574,-0.0027074031367842616,0.04,0.1385
2014,1.0,20dB_nominal_difference,imag,linear_a_exact_conversion,OK,XZ,y,-0.0625,x,-0.5625,z,0.1875,0.04,0.029679806732312335,-0.010320193267687666,0.04,0.1385
2014,1.0,20dB_nominal_difference,imag,linear_a_exact_conversion,OK,XZ,y,-0.0625,x,-0.4375,z,0.1875,0.04,0.023427861896585536,-0.016572138103414465,0.04,0.1385
2014,1.0,20dB_nominal_difference,imag,linear_a_exact_conversion,OK,XZ,y,-0.0625,x,-0.3125,z,0.1875,0.093,0.019780211428324992,-0.073219788571675,0.04,0.1385
2014,1.0,20dB_nominal_difference,imag,linear_a_exact_conversion,OK,XZ,y,-0.0625,x,-0.1875,z,0.1875,0.04,0.019418827056954507,-0.020581172943045494,0.04,0.1385
2014,1.0,20dB_nominal_difference,imag,linear_a_exact_conversion,OK,XZ,y,-0.0625,x,-0.0625,z,0.1875,0.04,0.022545297965832236,-0.017454702034167765,0.04,0.1385
2014,1.0,20dB_nominal_difference,imag,linear_a_exact_conversion,OK,XZ,y,-0.0625,x,0.0625,z,0.1875,0.04,0.02866344305506877,-0.011336556944931232,0.04,0.1385
2014,1.0,20dB_nominal_difference,imag,linear_a_exact_conversion,OK,XZ,y,-0.0625,x,0.1875,z,0.1875,0.04,0.0364589537750486,-0.003541046224951404,0.04,0.1385
2014,1.0,20dB_nominal_difference,imag,linear_a_exact_conversion,OK,XZ,y,-0.0625,x,0.3125,z,0.1875,0.04,0.04384886118989306,0.0038488611898930616,0.04,0.1385
2014,1.0,20dB_nominal_difference,imag,linear_a_exact_conversion,OK,XZ,y,-0.0625,x,0.4375,z,0.1875,0.04,0.04822719931121898,0.008227199311218979,0.04,0.1385
2014,1.0,20dB_nominal_difference,imag,linear_a_exact_conversion,OK,XZ,y,-0.0625,x,0.5625,z,0.1875,0.04,0.04687050927014136,0.0068705092701413575,0.04,0.1385
2014,1.0,20dB_nominal_difference,imag,linear_a_exact_conversion,OK,XZ,y,-0.0625,x,0.6875,z,0.1875,0.04,0.039032278632938455,-0.0009677213670615456,0.04,0.1385
2014,1.0,20dB_nominal_difference,imag,linear_a_exact_conversion,OK,XZ,y,-0.0625,x,-0.6875,z,0.3125,0.04,0.03652941675481037,-0.003470583245189632,0.04,0.1385
2014,1.0,20dB_nominal_difference,imag,linear_a_exact_conversion,OK,XZ,y,-0.0625,x,-0.5625,z,0.3125,0.04,0.029963100797390372,-0.010036899202609629,0.04,0.1385
2014,1.0,20dB_nominal_difference,imag,linear_a_exact_conversion,OK,XZ,y,-0.0625,x,-0.4375,z,0.3125,0.04,0.02472685502245867,-0.015273144977541332,0.04,0.1385
2014,1.0,20dB_nominal_difference,imag,linear_a_exact_conversion,OK,XZ,y,-0.0625,x,-0.3125,z,0.3125,0.04,0.02148492929882274,-0.01851507070117726,0.04,0.1385
2014,1.0,20dB_nominal_difference,imag,linear_a_exact_conversion,OK,XZ,y,-0.0625,x,-0.1875,z,0.3125,0.04,0.020710019023206856,-0.019289980976793145,0.04,0.1385
2014,1.0,20dB_nominal_difference,imag,linear_a_exact_conversion,OK,XZ,y,-0.0625,x,-0.0625,z,0.3125,0.04,0.022644107825371396,-0.017355892174628604,0.04,0.1385
2014,1.0,20dB_nominal_difference,imag,linear_a_exact_conversion,OK,XZ,y,-0.0625,x,0.0625,z,0.3125,0.04,0.027050567043380984,-0.012949432956619017,0.04,0.1385
2014,1.0,20dB_nominal_difference,imag,linear_a_exact_conversion,OK,XZ,y,-0.0625,x,0.1875,z,0.3125,0.04,0.03305315730163873,-0.006946842698361273,0.04,0.1385
2014,1.0,20dB_nominal_difference,imag,linear_a_exact_conversion,OK,XZ,y,-0.0625,x,0.3125,z,0.3125,0.04,0.039109213355664016,-0.0008907866443359849,0.04,0.1385
2014,1.0,20dB_nominal_difference,imag,linear_a_exact_conversion,OK,XZ,y,-0.0625,x,0.4375,z,0.3125,0.04,0.04313991015975456,0.0031399101597545595,0.04,0.1385
2014,1.0,20dB_nominal_difference,imag,linear_a_exact_conversion,OK,XZ,y,-0.0625,x,0.5625,z,0.3125,0.04,0.042786538952667444,0.002786538952667443,0.04,0.1385
2014,1.0,20dB_nominal_difference,imag,linear_a_exact_conversion,OK,XZ,y,-0.0625,x,0.6875,z,0.3125,0.04,0.03714656983984037,-0.0028534301601596326,0.04,0.1385
2014,1.0,20dB_nominal_difference,imag,linear_a_exact_conversion,OK,XZ,y,-0.0625,x,-0.6875,z,0.4375,0.04,0.03693504889787114,-0.003064951102128864,0.04,0.1385
2014,1.0,20dB_nominal_difference,imag,linear_a_exact_conversion,OK,XZ,y,-0.0625,x,-0.5625,z,0.4375,0.04,0.03282450203242866,-0.0071754979675713385,0.04,0.1385
2014,1.0,20dB_nominal_difference,imag,linear_a_exact_conversion,OK,XZ,y,-0.0625,x,-0.4375,z,0.4375,0.04,0.029583342115346956,-0.010416657884653045,0.04,0.1385
2014,1.0,20dB_nominal_difference,imag,linear_a_exact_conversion,OK,XZ,y,-0.0625,x,-0.3125,z,0.4375,0.04,0.027302801480426638,-0.012697198519573363,0.04,0.1385
2014,1.0,20dB_nominal_difference,imag,linear_a_exact_conversion,OK,XZ,y,-0.0625,x,-0.1875,z,0.4375,0.04,0.026346724874278783,-0.013653275125721218,0.04,0.1385
2014,1.0,20dB_nominal_difference,imag,linear_a_exact_conversion,OK,XZ,y,-0.0625,x,-0.0625,z,0.4375,0.04,0.027074544867113613,-0.012925455132886388,0.04,0.1385
2014,1.0,20dB_nominal_difference,imag,linear_a_exact_conversion,OK,XZ,y,-0.0625,x,0.0625,z,0.4375,0.04,0.029563087698687044,-0.010436912301312957,0.04,0.1385
2014,1.0,20dB_nominal_difference,imag,linear_a_exact_conversion,OK,XZ,y,-0.0625,x,0.1875,z,0.4375,0.04,0.033427191993277705,-0.006572808006722296,0.04,0.1385
2014,1.0,20dB_nominal_difference,imag,linear_a_exact_conversion,OK,XZ,y,-0.0625,x,0.3125,z,0.4375,0.04,0.037735167392228056,-0.0022648326077719452,0.04,0.1385
2014,1.0,20dB_nominal_difference,imag,linear_a_exact_conversion,OK,XZ,y,-0.0625,x,0.4375,z,0.4375,0.04,0.04105197049689422,0.0010519704968942195,0.04,0.1385
2014,1.0,20dB_nominal_difference,imag,linear_a_exact_conversion,OK,XZ,y,-0.0625,x,0.5625,z,0.4375,0.04,0.04159376226752056,0.0015937622675205598,0.04,0.1385
2014,1.0,20dB_nominal_difference,imag,linear_a_exact_conversion,OK,XZ,y,-0.0625,x,0.6875,z,0.4375,0.04,0.038483266378715124,-0.001516733621284877,0.04,0.1385
2014,1.0,20dB_nominal_difference,imag,linear_a_exact_conversion,OK,XZ,y,-0.0625,x,-0.6875,z,0.5625,0.04,0.03898117480059719,-0.0010188251994028077,0.04,0.1385
2014,1.0,20dB_nominal_difference,imag,linear_a_exact_conversion,OK,XZ,y,-0.0625,x,-0.5625,z,0.5625,0.04,0.039010721428322445,-0.0009892785716775557,0.04,0.1385
2014,1.0,20dB_nominal_difference,imag,linear_a_exact_conversion,OK,XZ,y,-0.0625,x,-0.4375,z,0.5625,0.04,0.038379879861976156,-0.001620120138023845,0.04,0.1385
2014,1.0,20dB_nominal_difference,imag,linear_a_exact_conversion,OK,XZ,y,-0.0625,x,-0.3125,z,0.5625,0.04,0.037211132158265686,-0.0027888678417343146,0.04,0.1385
2014,1.0,20dB_nominal_difference,imag,linear_a_exact_conversion,OK,XZ,y,-0.0625,x,-0.1875,z,0.5625,0.04,0.036042308104159385,-0.003957691895840616,0.04,0.1385
2014,1.0,20dB_nominal_difference,imag,linear_a_exact_conversion,OK,XZ,y,-0.0625,x,-0.0625,z,0.5625,0.04,0.03541863078717994,-0.004581369212820062,0.04,0.1385
2014,1.0,20dB_nominal_difference,imag,linear_a_exact_conversion,OK,XZ,y,-0.0625,x,0.0625,z,0.5625,0.04,0.035750393701651166,-0.004249606298348835,0.04,0.1385
2014,1.0,20dB_nominal_difference,imag,linear_a_exact_conversion,OK,XZ,y,-0.0625,x,0.1875,z,0.5625,0.04,0.03715747637976167,-0.0028425236202383325,0.04,0.1385
2014,1.0,20dB_nominal_difference,imag,linear_a_exact_conversion,OK,XZ,y,-0.0625,x,0.3125,z,0.5625,0.04,0.039333685222093503,-0.0006663147779064973,0.04,0.1385
2014,1.0,20dB_nominal_difference,imag,linear_a_exact_conversion,OK,XZ,y,-0.0625,x,0.4375,z,0.5625,0.04,0.04151723510079951,0.0015172351007995064,0.04,0.1385
2014,1.0,20dB_nominal_difference,imag,linear_a_exact_conversion,OK,XZ,y,-0.0625,x,0.5625,z,0.5625,0.04,0.04265927932140806,0.0026592793214080604,0.04,0.1385
2014,1.0,20dB_nominal_difference,imag,linear_a_exact_conversion,OK,XZ,y,-0.0625,x,0.6875,z,0.5625,0.04,0.04252569776771097,0.0025256977677109715,0.04,0.1385
2014,1.0,20dB_nominal_difference,imag,linear_a_exact_conversion,OK,XZ,y,-0.0625,x,-0.6875,z,0.6875,0.04,0.04581185249721888,0.0058118524972188765,0.04,0.1385
2014,1.0,20dB_nominal_difference,imag,linear_a_exact_conversion,OK,XZ,y,-0.0625,x,-0.5625,z,0.6875,0.04,0.051470999205956006,0.011470999205956005,0.04,0.1385
2014,1.0,20dB_nominal_difference,imag,linear_a_exact_conversion,OK,XZ,y,-0.0625,x,-0.4375,z,0.6875,0.04,0.05281855698647398,0.01281855698647398,0.04,0.1385
2014,1.0,20dB_nominal_difference,imag,linear_a_exact_conversion,OK,XZ,y,-0.0625,x,-0.3125,z,0.6875,0.04,0.05220851776064847,0.01220851776064847,0.04,0.1385
2014,1.0,20dB_nominal_difference,imag,linear_a_exact_conversion,OK,XZ,y,-0.0625,x,-0.1875,z,0.6875,0.04,0.05030308257984296,0.010303082579842957,0.04,0.1385
2014,1.0,20dB_nominal_difference,imag,linear_a_exact_conversion,OK,XZ,y,-0.0625,x,-0.0625,z,0.6875,0.04,0.04774847751553228,0.00774847751553228,0.04,0.1385
2014,1.0,20dB_nominal_difference,imag,linear_a_exact_conversion,OK,XZ,y,-0.0625,x,0.0625,z,0.6875,0.04,0.04527719575357939,0.005277195753579392,0.04,0.1385
2014,1.0,20dB_nominal_difference,imag,linear_a_exact_conversion,OK,XZ,y,-0.0625,x,0.1875,z,0.6875,0.04,0.04353823612770284,0.0035382361277028415,0.04,0.1385
2014,1.0,20dB_nominal_difference,imag,linear_a_exact_conversion,OK,XZ,y,-0.0625,x,0.3125,z,0.6875,0.04,0.042879002215824566,0.002879002215824565,0.04,0.1385
2014,1.0,20dB_nominal_difference,imag,linear_a_exact_conversion,OK,XZ,y,-0.0625,x,0.4375,z,0.6875,0.04,0.04319194888880296,0.003191948888802962,0.04,0.1385
2014,1.0,20dB_nominal_difference,imag,linear_a_exact_conversion,OK,XZ,y,-0.0625,x,0.5625,z,0.6875,0.04,0.043998383048568145,0.003998383048568144,0.04,0.1385
2014,1.0,20dB_nominal_difference,imag,linear_a_exact_conversion,OK,XZ,y,-0.0625,x,0.6875,z,0.6875,0.04,0.04635847285148441,0.006358472851484408,0.04,0.1385
2014,1.0,20dB_nominal_difference,imag,linear_a_exact_conversion,OK,YZ,x,-0.0625,y,-0.6875,z,-0.6875,0.04,0.04260032662618959,0.0026003266261895863,0.04,0.1385
2014,1.0,20dB_nominal_difference,imag,linear_a_exact_conversion,OK,YZ,x,-0.0625,y,-0.5625,z,-0.6875,0.04,0.04476065076398085,0.004760650763980849,0.04,0.1385
2014,1.0,20dB_nominal_difference,imag,linear_a_exact_conversion,OK,YZ,x,-0.0625,y,-0.4375,z,-0.6875,0.04,0.04318345121047006,0.003183451210470062,0.04,0.1385
2014,1.0,20dB_nominal_difference,imag,linear_a_exact_conversion,OK,YZ,x,-0.0625,y,-0.3125,z,-0.6875,0.04,0.04000847200525239,8.472005252391224e-06,0.04,0.1385
2014,1.0,20dB_nominal_difference,imag,linear_a_exact_conversion,OK,YZ,x,-0.0625,y,-0.1875,z,-0.6875,0.04,0.03616320992044236,-0.003836790079557638,0.04,0.1385
2014,1.0,20dB_nominal_difference,imag,linear_a_exact_conversion,OK,YZ,x,-0.0625,y,-0.0625,z,-0.6875,0.04,0.032325980396876744,-0.007674019603123257,0.04,0.1385
2014,1.0,20dB_nominal_difference,imag,linear_a_exact_conversion,OK,YZ,x,-0.0625,y,0.0625,z,-0.6875,0.04,0.02898131771084113,-0.011018682289158872,0.04,0.1385
2014,1.0,20dB_nominal_difference,imag,linear_a_exact_conversion,OK,YZ,x,-0.0625,y,0.1875,z,-0.6875,0.04,0.026450512875052932,-0.013549487124947069,0.04,0.1385
2014,1.0,20dB_nominal_difference,imag,linear_a_exact_conversion,OK,YZ,x,-0.0625,y,0.3125,z,-0.6875,0.04,0.024940811671328656,-0.015059188328671345,0.04,0.1385
2014,1.0,20dB_nominal_difference,imag,linear_a_exact_conversion,OK,YZ,x,-0.0625,y,0.4375,z,-0.6875,0.04,0.02456853824510083,-0.015431461754899171,0.04,0.1385
2014,1.0,20dB_nominal_difference,imag,linear_a_exact_conversion,OK,YZ,x,-0.0625,y,0.5625,z,-0.6875,0.04,0.025249425861404665,-0.014750574138595336,0.04,0.1385
2014,1.0,20dB_nominal_difference,imag,linear_a_exact_conversion,OK,YZ,x,-0.0625,y,0.6875,z,-0.6875,0.04,0.026115981172328714,-0.013884018827671287,0.04,0.1385
2014,1.0,20dB_nominal_difference,imag,linear_a_exact_conversion,OK,YZ,x,-0.0625,y,-0.6875,z,-0.5625,0.04,0.048423016371737515,0.008423016371737514,0.04,0.1385
2014,1.0,20dB_nominal_difference,imag,linear_a_exact_conversion,OK,YZ,x,-0.0625,y,-0.5625,z,-0.5625,0.04,0.05160296733866164,0.01160296733866164,0.04,0.1385
2014,1.0,20dB_nominal_difference,imag,linear_a_exact_conversion,OK,YZ,x,-0.0625,y,-0.4375,z,-0.5625,0.04,0.051496930961410045,0.011496930961410044,0.04,0.1385
2014,1.0,20dB_nominal_difference,imag,linear_a_exact_conversion,OK,YZ,x,-0.0625,y,-0.3125,z,-0.5625,0.04,0.04948856281142214,0.009488562811422137,0.04,0.1385
2014,1.0,20dB_nominal_difference,imag,linear_a_exact_conversion,OK,YZ,x,-0.0625,y,-0.1875,z,-0.5625,0.04,0.04636775049305144,0.006367750493051438,0.04,0.1385
2014,1.0,20dB_nominal_difference,imag,linear_a_exact_conversion,OK,YZ,x,-0.0625,y,-0.0625,z,-0.5625,0.04,0.04280800910984454,0.0028080091098445364,0.04,0.1385
2014,1.0,20dB_nominal_difference,imag,linear_a_exact_conversion,OK,YZ,x,-0.0625,y,0.0625,z,-0.5625,0.04,0.039331728539609215,-0.000668271460390786,0.04,0.1385
2014,1.0,20dB_nominal_difference,imag,linear_a_exact_conversion,OK,YZ,x,-0.0625,y,0.1875,z,-0.5625,0.04,0.036321993288359326,-0.0036780067116406745,0.04,0.1385
2014,1.0,20dB_nominal_difference,imag,linear_a_exact_conversion,OK,YZ,x,-0.0625,y,0.3125,z,-0.5625,0.04,0.03406126443309696,-0.005938735566903039,0.04,0.1385
2014,1.0,20dB_nominal_difference,imag,linear_a_exact_conversion,OK,YZ,x,-0.0625,y,0.4375,z,-0.5625,0.04,0.03276696114548604,-0.007233038854513964,0.04,0.1385
2014,1.0,20dB_nominal_difference,imag,linear_a_exact_conversion,OK,YZ,x,-0.0625,y,0.5625,z,-0.5625,0.04,0.032618305932687386,-0.007381694067312615,0.04,0.1385
2014,1.0,20dB_nominal_difference,imag,linear_a_exact_conversion,OK,YZ,x,-0.0625,y,0.6875,z,-0.5625,0.04,0.03396671349425169,-0.00603328650574831,0.04,0.1385
2014,1.0,20dB_nominal_difference,imag,linear_a_exact_conversion,OK,YZ,x,-0.0625,y,-0.6875,z,-0.4375,0.04,0.05027079899204474,0.010270798992044743,0.04,0.1385
2014,1.0,20dB_nominal_difference,imag,linear_a_exact_conversion,OK,YZ,x,-0.0625,y,-0.5625,z,-0.4375,0.04,0.053989317235950435,0.013989317235950434,0.04,0.1385
2014,1.0,20dB_nominal_difference,imag,linear_a_exact_conversion,OK,YZ,x,-0.0625,y,-0.4375,z,-0.4375,0.04,0.054531549450516886,0.014531549450516885,0.04,0.1385
2014,1.0,20dB_nominal_difference,imag,linear_a_exact_conversion,OK,YZ,x,-0.0625,y,-0.3125,z,-0.4375,0.04,0.05327769829525271,0.013277698295252709,0.04,0.1385
2014,1.0,20dB_nominal_difference,imag,linear_a_exact_conversion,OK,YZ,x,-0.0625,y,-0.1875,z,-0.4375,0.04,0.050776356796448575,0.010776356796448575,0.04,0.1385
2014,1.0,20dB_nominal_difference,imag,linear_a_exact_conversion,OK,YZ,x,-0.0625,y,-0.0625,z,-0.4375,0.04,0.04760852268948456,0.007608522689484559,0.04,0.1385
2014,1.0,20dB_nominal_difference,imag,linear_a_exact_conversion,OK,YZ,x,-0.0625,y,0.0625,z,-0.4375,0.04,0.04427914078909838,0.004279140789098378,0.04,0.1385
2014,1.0,20dB_nominal_difference,imag,linear_a_exact_conversion,OK,YZ,x,-0.0625,y,0.1875,z,-0.4375,0.04,0.041196017299139485,0.0011960172991394846,0.04,0.1385
2014,1.0,20dB_nominal_difference,imag,linear_a_exact_conversion,OK,YZ,x,-0.0625,y,0.3125,z,-0.4375,0.04,0.03869654947473549,-0.00130345052526451,0.04,0.1385
2014,1.0,20dB_nominal_difference,imag,linear_a_exact_conversion,OK,YZ,x,-0.0625,y,0.4375,z,-0.4375,0.04,0.03708917085651298,-0.0029108291434870176,0.04,0.1385
2014,1.0,20dB_nominal_difference,imag,linear_a_exact_conversion,OK,YZ,x,-0.0625,y,0.5625,z,-0.4375,0.04,0.0367002612946279,-0.0032997387053720975,0.04,0.1385
2014,1.0,20dB_nominal_difference,imag,linear_a_exact_conversion,OK,YZ,x,-0.0625,y,0.6875,z,-0.4375,0.04,0.03780580790493619,-0.0021941920950638086,0.04,0.1385
2014,1.0,20dB_nominal_difference,imag,linear_a_exact_conversion,OK,YZ,x,-0.0625,y,-0.6875,z,-0.3125,0.04,0.04840023012529195,0.008400230125291952,0.04,0.1385
2014,1.0,20dB_nominal_difference,imag,linear_a_exact_conversion,OK,YZ,x,-0.0625,y,-0.5625,z,-0.3125,0.04,0.05202414508775545,0.012024145087755449,0.04,0.1385
2014,1.0,20dB_nominal_difference,imag,linear_a_exact_conversion,OK,YZ,x,-0.0625,y,-0.4375,z,-0.3125,0.04,0.05243021221851514,0.01243021221851514,0.04,0.1385
2014,1.0,20dB_nominal_difference,imag,linear_a_exact_conversion,OK,YZ,x,-0.0625,y,-0.3125,z,-0.3125,0.04,0.05129810730714343,0.01129810730714343,0.04,0.1385
2014,1.0,20dB_nominal_difference,imag,linear_a_exact_conversion,OK,YZ,x,-0.0625,y,-0.1875,z,-0.3125,0.04,0.049054713220258526,0.009054713220258526,0.04,0.1385
2014,1.0,20dB_nominal_difference,imag,linear_a_exact_conversion,OK,YZ,x,-0.0625,y,-0.0625,z,-0.3125,0.04,0.046200673971490934,0.006200673971490933,0.04,0.1385
2014,1.0,20dB_nominal_difference,imag,linear_a_exact_conversion,OK,YZ,x,-0.0625,y,0.0625,z,-0.3125,0.04,0.04320306603159399,0.0032030660315939888,0.04,0.1385
2014,1.0,20dB_nominal_difference,imag,linear_a_exact_conversion,OK,YZ,x,-0.0625,y,0.1875,z,-0.3125,0.04,0.04045891186999567,0.00045891186999567207,0.04,0.1385
2014,1.0,20dB_nominal_difference,imag,linear_a_exact_conversion,OK,YZ,x,-0.0625,y,0.3125,z,-0.3125,0.04,0.03831234225167028,-0.0016876577483297198,0.04,0.1385
2014,1.0,20dB_nominal_difference,imag,linear_a_exact_conversion,OK,YZ,x,-0.0625,y,0.4375,z,-0.3125,0.04,0.0370895169965307,-0.0029104830034692997,0.04,0.1385
2014,1.0,20dB_nominal_difference,imag,linear_a_exact_conversion,OK,YZ,x,-0.0625,y,0.5625,z,-0.3125,0.04,0.03711860164988906,-0.0028813983501109405,0.04,0.1385
2014,1.0,20dB_nominal_difference,imag,linear_a_exact_conversion,OK,YZ,x,-0.0625,y,0.6875,z,-0.3125,0.04,0.038390817236021446,-0.0016091827639785547,0.04,0.1385
2014,1.0,20dB_nominal_difference,imag,linear_a_exact_conversion,OK,YZ,x,-0.0625,y,-0.6875,z,-0.1875,0.04,0.04463265591445008,0.004632655914450078,0.04,0.1385
2014,1.0,20dB_nominal_difference,imag,linear_a_exact_conversion,OK,YZ,x,-0.0625,y,-0.5625,z,-0.1875,0.04,0.04745096744600654,0.00745096744600654,0.04,0.1385
2014,1.0,20dB_nominal_difference,imag,linear_a_exact_conversion,OK,YZ,x,-0.0625,y,-0.4375,z,-0.1875,0.04,0.04707812083663405,0.007078120836634047,0.04,0.1385
2014,1.0,20dB_nominal_difference,imag,linear_a_exact_conversion,OK,YZ,x,-0.0625,y,-0.3125,z,-0.1875,0.1385,0.045526930654559525,-0.09297306934544049,0.04,0.1385
2014,1.0,20dB_nominal_difference,imag,linear_a_exact_conversion,OK,YZ,x,-0.0625,y,-0.1875,z,-0.1875,0.04,0.04319283194644146,0.00319283194644146,0.04,0.1385
2014,1.0,20dB_nominal_difference,imag,linear_a_exact_conversion,OK,YZ,x,-0.0625,y,-0.0625,z,-0.1875,0.04,0.04053139814245352,0.0005313981424535166,0.04,0.1385
2014,1.0,20dB_nominal_difference,imag,linear_a_exact_conversion,OK,YZ,x,-0.0625,y,0.0625,z,-0.1875,0.04,0.03796492870171456,-0.0020350712982854374,0.04,0.1385
2014,1.0,20dB_nominal_difference,imag,linear_a_exact_conversion,OK,YZ,x,-0.0625,y,0.1875,z,-0.1875,0.04,0.03584650938053766,-0.004153490619462338,0.04,0.1385
2014,1.0,20dB_nominal_difference,imag,linear_a_exact_conversion,OK,YZ,x,-0.0625,y,0.3125,z,-0.1875,0.04,0.03447763235424705,-0.005522367645752951,0.04,0.1385
2014,1.0,20dB_nominal_difference,imag,linear_a_exact_conversion,OK,YZ,x,-0.0625,y,0.4375,z,-0.1875,0.04,0.03414279767374891,-0.0058572023262510875,0.04,0.1385
2014,1.0,20dB_nominal_difference,imag,linear_a_exact_conversion,OK,YZ,x,-0.0625,y,0.5625,z,-0.1875,0.04,0.035117989794412836,-0.0048820102055871645,0.04,0.1385
2014,1.0,20dB_nominal_difference,imag,linear_a_exact_conversion,OK,YZ,x,-0.0625,y,0.6875,z,-0.1875,0.04,0.03709566406249868,-0.0029043359375013206,0.04,0.1385
2014,1.0,20dB_nominal_difference,imag,linear_a_exact_conversion,OK,YZ,x,-0.0625,y,-0.6875,z,-0.0625,0.04,0.04081520677009145,0.0008152067700914478,0.04,0.1385
2014,1.0,20dB_nominal_difference,imag,linear_a_exact_conversion,OK,YZ,x,-0.0625,y,-0.5625,z,-0.0625,0.04,0.042293257833402216,0.0022932578334022152,0.04,0.1385
2014,1.0,20dB_nominal_difference,imag,linear_a_exact_conversion,OK,YZ,x,-0.0625,y,-0.4375,z,-0.0625,0.04,0.040718817801478235,0.0007188178014782345,0.04,0.1385
2014,1.0,20dB_nominal_difference,imag,linear_a_exact_conversion,OK,YZ,x,-0.0625,y,-0.3125,z,-0.0625,0.04,0.03838342507241238,-0.0016165749275876204,0.04,0.1385
2014,1.0,20dB_nominal_difference,imag,linear_a_exact_conversion,OK,YZ,x,-0.0625,y,-0.1875,z,-0.0625,0.04,0.03570031694205338,-0.004299683057946618,0.04,0.1385
2014,1.0,20dB_nominal_difference,imag,linear_a_exact_conversion,OK,YZ,x,-0.0625,y,-0.0625,z,-0.0625,0.04,0.03310627515914263,-0.006893724840857374,0.04,0.1385
2014,1.0,20dB_nominal_difference,imag,linear_a_exact_conversion,OK,YZ,x,-0.0625,y,0.0625,z,-0.0625,0.04,0.03097536458654451,-0.009024635413455492,0.04,0.1385
2014,1.0,20dB_nominal_difference,imag,linear_a_exact_conversion,OK,YZ,x,-0.0625,y,0.1875,z,-0.0625,0.04,0.02959138176836887,-0.010408618231631132,0.04,0.1385
2014,1.0,20dB_nominal_difference,imag,linear_a_exact_conversion,OK,YZ,x,-0.0625,y,0.3125,z,-0.0625,0.04,0.029177477230582085,-0.010822522769417916,0.04,0.1385
2014,1.0,20dB_nominal_difference,imag,linear_a_exact_conversion,OK,YZ,x,-0.0625,y,0.4375,z,-0.0625,0.04,0.029943982587012686,-0.010056017412987315,0.04,0.1385
2014,1.0,20dB_nominal_difference,imag,linear_a_exact_conversion,OK,YZ,x,-0.0625,y,0.5625,z,-0.0625,0.04,0.032105093450655674,-0.007894906549344327,0.04,0.1385
2014,1.0,20dB_nominal_difference,imag,linear_a_exact_conversion,OK,YZ,x,-0.0625,y,0.6875,z,-0.0625,0.04,0.03508591991780951,-0.004914080082190492,0.04,0.1385
2014,1.0,20dB_nominal_difference,imag,linear_a_exact_conversion,OK,YZ,x,-0.0625,y,-0.6875,z,0.0625,0.04,0.0383416337403199,-0.0016583662596800983,0.04,0.1385
2014,1.0,20dB_nominal_difference,imag,linear_a_exact_conversion,OK,YZ,x,-0.0625,y,-0.5625,z,0.0625,0.04,0.038285501485203814,-0.0017144985147961866,0.04,0.1385
2014,1.0,20dB_nominal_difference,imag,linear_a_exact_conversion,OK,YZ,x,-0.0625,y,-0.4375,z,0.0625,0.04,0.03540441698615035,-0.004595583013849651,0.04,0.1385
2014,1.0,20dB_nominal_difference,imag,linear_a_exact_conversion,OK,YZ,x,-0.0625,y,-0.3125,z,0.0625,0.04,0.03217198573730808,-0.007828014262691918,0.04,0.1385
2014,1.0,20dB_nominal_difference,imag,linear_a_exact_conversion,OK,YZ,x,-0.0625,y,-0.1875,z,0.0625,0.04,0.02904098607598587,-0.01095901392401413,0.04,0.1385
2014,1.0,20dB_nominal_difference,imag,linear_a_exact_conversion,OK,YZ,x,-0.0625,y,-0.0625,z,0.0625,0.04,0.026437961603034663,-0.013562038396965338,0.04,0.1385
2014,1.0,20dB_nominal_difference,imag,linear_a_exact_conversion,OK,YZ,x,-0.0625,y,0.0625,z,0.0625,0.04,0.0246797899115801,-0.0153202100884199,0.04,0.1385
2014,1.0,20dB_nominal_difference,imag,linear_a_exact_conversion,OK,YZ,x,-0.0625,y,0.1875,z,0.0625,0.04,0.023961025606723575,-0.016038974393276426,0.04,0.1385
2014,1.0,20dB_nominal_difference,imag,linear_a_exact_conversion,OK,YZ,x,-0.0625,y,0.3125,z,0.0625,0.04,0.02440566673828469,-0.015594333261715311,0.04,0.1385
2014,1.0,20dB_nominal_difference,imag,linear_a_exact_conversion,OK,YZ,x,-0.0625,y,0.4375,z,0.0625,0.04,0.02614003515208072,-0.013859964847919282,0.04,0.1385
2014,1.0,20dB_nominal_difference,imag,linear_a_exact_conversion,OK,YZ,x,-0.0625,y,0.5625,z,0.0625,0.04,0.02933161828514859,-0.010668381714851412,0.04,0.1385
2014,1.0,20dB_nominal_difference,imag,linear_a_exact_conversion,OK,YZ,x,-0.0625,y,0.6875,z,0.0625,0.04,0.03321741609791584,-0.006782583902084159,0.04,0.1385
2014,1.0,20dB_nominal_difference,imag,linear_a_exact_conversion,OK,YZ,x,-0.0625,y,-0.6875,z,0.1875,0.04,0.03789870739192529,-0.0021012926080747132,0.04,0.1385
2014,1.0,20dB_nominal_difference,imag,linear_a_exact_conversion,OK,YZ,x,-0.0625,y,-0.5625,z,0.1875,0.04,0.03652422135691971,-0.0034757786430802892,0.04,0.1385
2014,1.0,20dB_nominal_difference,imag,linear_a_exact_conversion,OK,YZ,x,-0.0625,y,-0.4375,z,0.1875,0.04,0.03257907575500281,-0.0074209242449971916,0.04,0.1385
2014,1.0,20dB_nominal_difference,imag,linear_a_exact_conversion,OK,YZ,x,-0.0625,y,-0.3125,z,0.1875,0.04,0.02861589158357803,-0.01138410841642197,0.04,0.1385
2014,1.0,20dB_nominal_difference,imag,linear_a_exact_conversion,OK,YZ,x,-0.0625,y,-0.1875,z,0.1875,0.04,0.02513537046791635,-0.014864629532083652,0.04,0.1385
2014,1.0,20dB_nominal_difference,imag,linear_a_exact_conversion,OK,YZ,x,-0.0625,y,-0.0625,z,0.1875,0.04,0.022545297965832236,-0.017454702034167765,0.04,0.1385
2014,1.0,20dB_nominal_difference,imag,linear_a_exact_conversion,OK,YZ,x,-0.0625,y,0.0625,z,0.1875,0.04,0.021085389125222717,-0.018914610874777284,0.04,0.1385
2014,1.0,20dB_nominal_difference,imag,linear_a_exact_conversion,OK,YZ,x,-0.0625,y,0.1875,z,0.1875,0.04,0.020840528686834753,-0.019159471313165248,0.04,0.1385
2014,1.0,20dB_nominal_difference,imag,linear_a_exact_conversion,OK,YZ,x,-0.0625,y,0.3125,z,0.1875,0.04,0.02182272863684773,-0.01817727136315227,0.04,0.1385
2014,1.0,20dB_nominal_difference,imag,linear_a_exact_conversion,OK,YZ,x,-0.0625,y,0.4375,z,0.1875,0.04,0.02407542745118805,-0.015924572548811952,0.04,0.1385
2014,1.0,20dB_nominal_difference,imag,linear_a_exact_conversion,OK,YZ,x,-0.0625,y,0.5625,z,0.1875,0.04,0.02774506822364445,-0.01225493177635555,0.04,0.1385
2014,1.0,20dB_nominal_difference,imag,linear_a_exact_conversion,OK,YZ,x,-0.0625,y,0.6875,z,0.1875,0.04,0.03200773155773704,-0.00799226844226296,0.04,0.1385
2014,1.0,20dB_nominal_difference,imag,linear_a_exact_conversion,OK,YZ,x,-0.0625,y,-0.6875,z,0.3125,0.04,0.03946849640408462,-0.0005315035959153822,0.04,0.1385
2014,1.0,20dB_nominal_difference,imag,linear_a_exact_conversion,OK,YZ,x,-0.0625,y,-0.5625,z,0.3125,0.04,0.03738575367639303,-0.0026142463236069682,0.04,0.1385
2014,1.0,20dB_nominal_difference,imag,linear_a_exact_conversion,OK,YZ,x,-0.0625,y,-0.4375,z,0.3125,0.04,0.032905892152186034,-0.007094107847813967,0.04,0.1385
2014,1.0,20dB_nominal_difference,imag,linear_a_exact_conversion,OK,YZ,x,-0.0625,y,-0.3125,z,0.3125,0.04,0.028613537549344602,-0.011386462450655398,0.04,0.1385
2014,1.0,20dB_nominal_difference,imag,linear_a_exact_conversion,OK,YZ,x,-0.0625,y,-0.1875,z,0.3125,0.04,0.025071509876898032,-0.014928490123101969,0.04,0.1385
2014,1.0,20dB_nominal_difference,imag,linear_a_exact_conversion,OK,YZ,x,-0.0625,y,-0.0625,z,0.3125,0.04,0.022644107825371396,-0.017355892174628604,0.04,0.1385
2014,1.0,20dB_nominal_difference,imag,linear_a_exact_conversion,OK,YZ,x,-0.0625,y,0.0625,z,0.3125,0.04,0.02145933339893415,-0.01854066660106585,0.04,0.1385
2014,1.0,20dB_nominal_difference,imag,linear_a_exact_conversion,OK,YZ,x,-0.0625,y,0.1875,z,0.3125,0.04,0.02146700713865088,-0.018532992861349122,0.04,0.1385
2014,1.0,20dB_nominal_difference,imag,linear_a_exact_conversion,OK,YZ,x,-0.0625,y,0.3125,z,0.3125,0.04,0.022554647129017495,-0.017445352870982506,0.04,0.1385
2014,1.0,20dB_nominal_difference,imag,linear_a_exact_conversion,OK,YZ,x,-0.0625,y,0.4375,z,0.3125,0.04,0.024678985970223506,-0.015321014029776495,0.04,0.1385
2014,1.0,20dB_nominal_difference,imag,linear_a_exact_conversion,OK,YZ,x,-0.0625,y,0.5625,z,0.3125,0.04,0.027974909069212964,-0.012025090930787036,0.04,0.1385
2014,1.0,20dB_nominal_difference,imag,linear_a_exact_conversion,OK,YZ,x,-0.0625,y,0.6875,z,0.3125,0.04,0.031704117374816584,-0.008295882625183416,0.04,0.1385
2014,1.0,20dB_nominal_difference,imag,linear_a_exact_conversion,OK,YZ,x,-0.0625,y,-0.6875,z,0.4375,0.04,0.042576675523578376,0.0025766755235783756,0.04,0.1385
2014,1.0,20dB_nominal_difference,imag,linear_a_exact_conversion,OK,YZ,x,-0.0625,y,-0.5625,z,0.4375,0.04,0.04068141233211265,0.0006814123321126492,0.04,0.1385
2014,1.0,20dB_nominal_difference,imag,linear_a_exact_conversion,OK,YZ,x,-0.0625,y,-0.4375,z,0.4375,0.04,0.03631277117262892,-0.003687228827371082,0.04,0.1385
2014,1.0,20dB_nominal_difference,imag,linear_a_exact_conversion,OK,YZ,x,-0.0625,y,-0.3125,z,0.4375,0.04,0.03222330612191762,-0.007776693878082379,0.04,0.1385
2014,1.0,20dB_nominal_difference,imag,linear_a_exact_conversion,OK,YZ,x,-0.0625,y,-0.1875,z,0.4375,0.04,0.029055973265228623,-0.010944026734771378,0.04,0.1385
2014,1.0,20dB_nominal_difference,imag,linear_a_exact_conversion,OK,YZ,x,-0.0625,y,-0.0625,z,0.4375,0.04,0.027074544867113613,-0.012925455132886388,0.04,0.1385
2014,1.0,20dB_nominal_difference,imag,linear_a_exact_conversion,OK,YZ,x,-0.0625,y,0.0625,z,0.4375,0.04,0.026242615547981813,-0.013757384452018188,0.04,0.1385
2014,1.0,20dB_nominal_difference,imag,linear_a_exact_conversion,OK,YZ,x,-0.0625,y,0.1875,z,0.4375,0.04,0.02634591625455836,-0.01365408374544164,0.04,0.1385
2014,1.0,20dB_nominal_difference,imag,linear_a_exact_conversion,OK,YZ,x,-0.0625,y,0.3125,z,0.4375,0.04,0.027136332138900224,-0.012863667861099777,0.04,0.1385
2014,1.0,20dB_nominal_difference,imag,linear_a_exact_conversion,OK,YZ,x,-0.0625,y,0.4375,z,0.4375,0.04,0.028469561240579498,-0.011530438759420503,0.04,0.1385
2014,1.0,20dB_nominal_difference,imag,linear_a_exact_conversion,OK,YZ,x,-0.0625,y,0.5625,z,0.4375,0.04,0.030424423454775442,-0.009575576545224559,0.04,0.1385
2014,1.0,20dB_nominal_difference,imag,linear_a_exact_conversion,OK,YZ,x,-0.0625,y,0.6875,z,0.4375,0.04,0.032424148714526084,-0.007575851285473917,0.04,0.1385
2014,1.0,20dB_nominal_difference,imag,linear_a_exact_conversion,OK,YZ,x,-0.0625,y,-0.6875,z,0.5625,0.04,0.04688931392058403,0.006889313920584027,0.04,0.1385
2014,1.0,20dB_nominal_difference,imag,linear_a_exact_conversion,OK,YZ,x,-0.0625,y,-0.5625,z,0.5625,0.04,0.04594507998135264,0.005945079981352637,0.04,0.1385
2014,1.0,20dB_nominal_difference,imag,linear_a_exact_conversion,OK,YZ,x,-0.0625,y,-0.4375,z,0.5625,0.04,0.04211797936589156,0.002117979365891559,0.04,0.1385
2014,1.0,20dB_nominal_difference,imag,linear_a_exact_conversion,OK,YZ,x,-0.0625,y,-0.3125,z,0.5625,0.04,0.038788261535220726,-0.0012117384647792745,0.04,0.1385
2014,1.0,20dB_nominal_difference,imag,linear_a_exact_conversion,OK,YZ,x,-0.0625,y,-0.1875,z,0.5625,0.04,0.03654488396520276,-0.0034551160347972426,0.04,0.1385
2014,1.0,20dB_nominal_difference,imag,linear_a_exact_conversion,OK,YZ,x,-0.0625,y,-0.0625,z,0.5625,0.04,0.03541863078717994,-0.004581369212820062,0.04,0.1385
2014,1.0,20dB_nominal_difference,imag,linear_a_exact_conversion,OK,YZ,x,-0.0625,y,0.0625,z,0.5625,0.04,0.03514220550977066,-0.004857794490229342,0.04,0.1385
2014,1.0,20dB_nominal_difference,imag,linear_a_exact_conversion,OK,YZ,x,-0.0625,y,0.1875,z,0.5625,0.04,0.03531365325589516,-0.004686346744104841,0.04,0.1385
2014,1.0,20dB_nominal_difference,imag,linear_a_exact_conversion,OK,YZ,x,-0.0625,y,0.3125,z,0.5625,0.04,0.03555064541082272,-0.004449354589177279,0.04,0.1385
2014,1.0,20dB_nominal_difference,imag,linear_a_exact_conversion,OK,YZ,x,-0.0625,y,0.4375,z,0.5625,0.04,0.03561178971829922,-0.004388210281700784,0.04,0.1385
2014,1.0,20dB_nominal_difference,imag,linear_a_exact_conversion,OK,YZ,x,-0.0625,y,0.5625,z,0.5625,0.04,0.03543607940071338,-0.004563920599286619,0.04,0.1385
2014,1.0,20dB_nominal_difference,imag,linear_a_exact_conversion,OK,YZ,x,-0.0625,y,0.6875,z,0.5625,0.04,0.03436022725778831,-0.005639772742211689,0.04,0.1385
2014,1.0,20dB_nominal_difference,imag,linear_a_exact_conversion,OK,YZ,x,-0.0625,y,-0.6875,z,0.6875,0.04,0.05494844387667391,0.014948443876673906,0.04,0.1385
2014,1.0,20dB_nominal_difference,imag,linear_a_exact_conversion,OK,YZ,x,-0.0625,y,-0.5625,z,0.6875,0.04,0.05297221353430824,0.01297221353430824,0.04,0.1385
2014,1.0,20dB_nominal_difference,imag,linear_a_exact_conversion,OK,YZ,x,-0.0625,y,-0.4375,z,0.6875,0.04,0.04974413202745995,0.009744132027459947,0.04,0.1385
2014,1.0,20dB_nominal_difference,imag,linear_a_exact_conversion,OK,YZ,x,-0.0625,y,-0.3125,z,0.6875,0.04,0.04793366092022591,0.007933660920225911,0.04,0.1385
2014,1.0,20dB_nominal_difference,imag,linear_a_exact_conversion,OK,YZ,x,-0.0625,y,-0.1875,z,0.6875,0.04,0.04739930214021505,0.007399302140215051,0.04,0.1385
2014,1.0,20dB_nominal_difference,imag,linear_a_exact_conversion,OK,YZ,x,-0.0625,y,-0.0625,z,0.6875,0.04,0.04774847751553228,0.00774847751553228,0.04,0.1385
2014,1.0,20dB_nominal_difference,imag,linear_a_exact_conversion,OK,YZ,x,-0.0625,y,0.0625,z,0.6875,0.04,0.048423491682813,0.008423491682812999,0.04,0.1385
2014,1.0,20dB_nominal_difference,imag,linear_a_exact_conversion,OK,YZ,x,-0.0625,y,0.1875,z,0.6875,0.04,0.04881411383615088,0.008814113836150876,0.04,0.1385
2014,1.0,20dB_nominal_difference,imag,linear_a_exact_conversion,OK,YZ,x,-0.0625,y,0.3125,z,0.6875,0.04,0.048406499556314465,0.008406499556314465,0.04,0.1385
2014,1.0,20dB_nominal_difference,imag,linear_a_exact_conversion,OK,YZ,x,-0.0625,y,0.4375,z,0.6875,0.04,0.04691265628223885,0.0069126562822388465,0.04,0.1385
2014,1.0,20dB_nominal_difference,imag,linear_a_exact_conversion,OK,YZ,x,-0.0625,y,0.5625,z,0.6875,0.04,0.04426853651817358,0.004268536518173577,0.04,0.1385
2014,1.0,20dB_nominal_difference,imag,linear_a_exact_conversion,OK,YZ,x,-0.0625,y,0.6875,z,0.6875,0.04,0.039186586364263906,-0.0008134136357360947,0.04,0.1385
2014,1.0,20dB_nominal_difference,imag,vanilla_IBS2,REJECTED_PHYSICAL,XY,z,-0.0625,x,-0.6875,y,-0.6875,0.04,0.04815149220185422,0.008151492201854217,0.04,0.1385
2014,1.0,20dB_nominal_difference,imag,vanilla_IBS2,REJECTED_PHYSICAL,XY,z,-0.0625,x,-0.5625,y,-0.6875,0.04,0.045181094361616804,0.005181094361616803,0.04,0.1385
2014,1.0,20dB_nominal_difference,imag,vanilla_IBS2,REJECTED_PHYSICAL,XY,z,-0.0625,x,-0.4375,y,-0.6875,0.04,0.04344653152826135,0.003446531528261347,0.04,0.1385
2014,1.0,20dB_nominal_difference,imag,vanilla_IBS2,REJECTED_PHYSICAL,XY,z,-0.0625,x,-0.3125,y,-0.6875,0.04,0.04173492926556624,0.0017349292655662388,0.04,0.1385
2014,1.0,20dB_nominal_difference,imag,vanilla_IBS2,REJECTED_PHYSICAL,XY,z,-0.0625,x,-0.1875,y,-0.6875,0.04,0.04061452684165222,0.0006145268416522173,0.04,0.1385
2014,1.0,20dB_nominal_difference,imag,vanilla_IBS2,REJECTED_PHYSICAL,XY,z,-0.0625,x,-0.0625,y,-0.6875,0.04,0.04047160599871311,0.00047160599871311215,0.04,0.1385
2014,1.0,20dB_nominal_difference,imag,vanilla_IBS2,REJECTED_PHYSICAL,XY,z,-0.0625,x,0.0625,y,-0.6875,0.04,0.041271260734932674,0.0012712607349326735,0.04,0.1385
2014,1.0,20dB_nominal_difference,imag,vanilla_IBS2,REJECTED_PHYSICAL,XY,z,-0.0625,x,0.1875,y,-0.6875,0.04,0.04250396692448205,0.0025039669244820498,0.04,0.1385
2014,1.0,20dB_nominal_difference,imag,vanilla_IBS2,REJECTED_PHYSICAL,XY,z,-0.0625,x,0.3125,y,-0.6875,0.04,0.043252691328166906,0.0032526913281669054,0.04,0.1385
2014,1.0,20dB_nominal_difference,imag,vanilla_IBS2,REJECTED_PHYSICAL,XY,z,-0.0625,x,0.4375,y,-0.6875,0.04,0.04239761361426367,0.0023976136142636675,0.04,0.1385
2014,1.0,20dB_nominal_difference,imag,vanilla_IBS2,REJECTED_PHYSICAL,XY,z,-0.0625,x,0.5625,y,-0.6875,0.04,0.03906198067434547,-0.0009380193256545294,0.04,0.1385
2014,1.0,20dB_nominal_difference,imag,vanilla_IBS2,REJECTED_PHYSICAL,XY,z,-0.0625,x,0.6875,y,-0.6875,0.04,0.03449784737845394,-0.005502152621546061,0.04,0.1385
2014,1.0,20dB_nominal_difference,imag,vanilla_IBS2,REJECTED_PHYSICAL,XY,z,-0.0625,x,-0.6875,y,-0.5625,0.04,0.04933949923897779,0.00933949923897779,0.04,0.1385
2014,1.0,20dB_nominal_difference,imag,vanilla_IBS2,REJECTED_PHYSICAL,XY,z,-0.0625,x,-0.5625,y,-0.5625,0.04,0.044394108857870145,0.004394108857870144,0.04,0.1385
2014,1.0,20dB_nominal_difference,imag,vanilla_IBS2,REJECTED_PHYSICAL,XY,z,-0.0625,x,-0.4375,y,-0.5625,0.04,0.04120957976514606,0.00120957976514606,0.04,0.1385
2014,1.0,20dB_nominal_difference,imag,vanilla_IBS2,REJECTED_PHYSICAL,XY,z,-0.0625,x,-0.3125,y,-0.5625,0.04,0.03952836518970295,-0.00047163481029705023,0.04,0.1385
2014,1.0,20dB_nominal_difference,imag,vanilla_IBS2,REJECTED_PHYSICAL,XY,z,-0.0625,x,-0.1875,y,-0.5625,0.04,0.039539513532640104,-0.00046048646735989684,0.04,0.1385
2014,1.0,20dB_nominal_difference,imag,vanilla_IBS2,REJECTED_PHYSICAL,XY,z,-0.0625,x,-0.0625,y,-0.5625,0.04,0.04125606592017908,0.0012560659201790794,0.04,0.1385
2014,1.0,20dB_nominal_difference,imag,vanilla_IBS2,REJECTED_PHYSICAL,XY,z,-0.0625,x,0.0625,y,-0.5625,0.04,0.04423599949952872,0.004235999499528721,0.04,0.1385
2014,1.0,20dB_nominal_difference,imag,vanilla_IBS2,REJECTED_PHYSICAL,XY,z,-0.0625,x,0.1875,y,-0.5625,0.04,0.04750052752610759,0.007500527526107588,0.04,0.1385
2014,1.0,20dB_nominal_difference,imag,vanilla_IBS2,REJECTED_PHYSICAL,XY,z,-0.0625,x,0.3125,y,-0.5625,0.04,0.04960317666058881,0.00960317666058881,0.04,0.1385
2014,1.0,20dB_nominal_difference,imag,vanilla_IBS2,REJECTED_PHYSICAL,XY,z,-0.0625,x,0.4375,y,-0.5625,0.04,0.048822400018356624,0.008822400018356623,0.04,0.1385
2014,1.0,20dB_nominal_difference,imag,vanilla_IBS2,REJECTED_PHYSICAL,XY,z,-0.0625,x,0.5625,y,-0.5625,0.04,0.04340870932873159,0.0034087093287315864,0.04,0.1385
2014,1.0,20dB_nominal_difference,imag,vanilla_IBS2,REJECTED_PHYSICAL,XY,z,-0.0625,x,0.6875,y,-0.5625,0.04,0.032576095630242045,-0.007423904369757955,0.04,0.1385
2014,1.0,20dB_nominal_difference,imag,vanilla_IBS2,REJECTED_PHYSICAL,XY,z,-0.0625,x,-0.6875,y,-0.4375,0.04,0.04498185164612786,0.004981851646127862,0.04,0.1385
2014,1.0,20dB_nominal_difference,imag,vanilla_IBS2,REJECTED_PHYSICAL,XY,z,-0.0625,x,-0.5625,y,-0.4375,0.04,0.03998570607004521,-1.4293929954792284e-05,0.04,0.1385
2014,1.0,20dB_nominal_difference,imag,vanilla_IBS2,REJECTED_PHYSICAL,XY,z,-0.0625,x,-0.4375,y,-0.4375,0.04,0.03626871680008488,-0.003731283199915121,0.04,0.1385
2014,1.0,20dB_nominal_difference,imag,vanilla_IBS2,REJECTED_PHYSICAL,XY,z,-0.0625,x,-0.3125,y,-0.4375,0.04,0.03471029488640976,-0.00528970511359024,0.04,0.1385
2014,1.0,20dB_nominal_difference,imag,vanilla_IBS2,REJECTED_PHYSICAL,XY,z,-0.0625,x,-0.1875,y,-0.4375,0.04,0.03570974144672072,-0.004290258553279282,0.04,0.1385
2014,1.0,20dB_nominal_difference,imag,vanilla_IBS2,REJECTED_PHYSICAL,XY,z,-0.0625,x,-0.0625,y,-0.4375,0.04,0.03915388746510127,-0.0008461125348987325,0.04,0.1385
2014,1.0,20dB_nominal_difference,imag,vanilla_IBS2,REJECTED_PHYSICAL,XY,z,-0.0625,x,0.0625,y,-0.4375,0.04,0.04430838958834875,0.0043083895883487475,0.04,0.1385
2014,1.0,20dB_nominal_difference,imag,vanilla_IBS2,REJECTED_PHYSICAL,XY,z,-0.0625,x,0.1875,y,-0.4375,0.04,0.04978479707145832,0.009784797071458316,0.04,0.1385
2014,1.0,20dB_nominal_difference,imag,vanilla_IBS2,REJECTED_PHYSICAL,XY,z,-0.0625,x,0.3125,y,-0.4375,0.04,0.053633342530971725,0.013633342530971725,0.04,0.1385
2014,1.0,20dB_nominal_difference,imag,vanilla_IBS2,REJECTED_PHYSICAL,XY,z,-0.0625,x,0.4375,y,-0.4375,0.04,0.053547363513395965,0.013547363513395964,0.04,0.1385
2014,1.0,20dB_nominal_difference,imag,vanilla_IBS2,REJECTED_PHYSICAL,XY,z,-0.0625,x,0.5625,y,-0.4375,0.04,0.04712816804055919,0.007128168040559192,0.04,0.1385
2014,1.0,20dB_nominal_difference,imag,vanilla_IBS2,REJECTED_PHYSICAL,XY,z,-0.0625,x,0.6875,y,-0.4375,0.04,0.033545913164794994,-0.006454086835205007,0.04,0.1385
2014,1.0,20dB_nominal_difference,imag,vanilla_IBS2,REJECTED_PHYSICAL,XY,z,-0.0625,x,-0.6875,y,-0.3125,0.04,0.04124066669822736,0.0012406666982273593,0.04,0.1385
2014,1.0,20dB_nominal_difference,imag,vanilla_IBS2,REJECTED_PHYSICAL,XY,z,-0.0625,x,-0.5625,y,-0.3125,0.04,0.03588189780152155,-0.0041181021984784474,0.04,0.1385
2014,1.0,20dB_nominal_difference,imag,vanilla_IBS2,REJECTED_PHYSICAL,XY,z,-0.0625,x,-0.4375,y,-0.3125,0.04,0.031704149005666225,-0.008295850994333775,0.04,0.1385
2014,1.0,20dB_nominal_difference,imag,vanilla_IBS2,REJECTED_PHYSICAL,XY,z,-0.0625,x,-0.3125,y,-0.3125,0.04,0.03011769602722944,-0.00988230397277056,0.04,0.1385
2014,1.0,20dB_nominal_difference,imag,vanilla_IBS2,REJECTED_PHYSICAL,XY,z,-0.0625,x,-0.1875,y,-0.3125,0.04,0.031718803962803806,-0.008281196037196195,0.04,0.1385
2014,1.0,20dB_nominal_difference,imag,vanilla_IBS2,REJECTED_PHYSICAL,XY,z,-0.0625,x,-0.0625,y,-0.3125,0.04,0.0364030061935316,-0.0035969938064683987,0.04,0.1385
2014,1.0,20dB_nominal_difference,imag,vanilla_IBS2,REJECTED_PHYSICAL,XY,z,-0.0625,x,0.0625,y,-0.3125,0.1385,0.04328633349860984,-0.09521366650139018,0.04,0.1385
2014,1.0,20dB_nominal_difference,imag,vanilla_IBS2,REJECTED_PHYSICAL,XY,z,-0.0625,x,0.1875,y,-0.3125,0.04,0.050708108956398906,0.010708108956398905,0.04,0.1385
2014,1.0,20dB_nominal_difference,imag,vanilla_IBS2,REJECTED_PHYSICAL,XY,z,-0.0625,x,0.3125,y,-0.3125,0.04,0.056356613730336624,0.016356613730336624,0.04,0.1385
2014,1.0,20dB_nominal_difference,imag,vanilla_IBS2,REJECTED_PHYSICAL,XY,z,-0.0625,x,0.4375,y,-0.3125,0.04,0.05751758894603636,0.01751758894603636,0.04,0.1385
2014,1.0,20dB_nominal_difference,imag,vanilla_IBS2,REJECTED_PHYSICAL,XY,z,-0.0625,x,0.5625,y,-0.3125,0.04,0.05143396041383888,0.01143396041383888,0.04,0.1385
2014,1.0,20dB_nominal_difference,imag,vanilla_IBS2,REJECTED_PHYSICAL,XY,z,-0.0625,x,0.6875,y,-0.3125,0.04,0.03738083024461216,-0.00261916975538784,0.04,0.1385
2014,1.0,20dB_nominal_difference,imag,vanilla_IBS2,REJECTED_PHYSICAL,XY,z,-0.0625,x,-0.6875,y,-0.1875,0.04,0.0399118632561262,-8.813674387379844e-05,0.04,0.1385
2014,1.0,20dB_nominal_difference,imag,vanilla_IBS2,REJECTED_PHYSICAL,XY,z,-0.0625,x,-0.5625,y,-0.1875,0.04,0.03369685597906654,-0.00630314402093346,0.04,0.1385
2014,1.0,20dB_nominal_difference,imag,vanilla_IBS2,REJECTED_PHYSICAL,XY,z,-0.0625,x,-0.4375,y,-0.1875,0.04,0.028661323513955218,-0.011338676486044783,0.04,0.1385
2014,1.0,20dB_nominal_difference,imag,vanilla_IBS2,REJECTED_PHYSICAL,XY,z,-0.0625,x,-0.3125,y,-0.1875,0.093,0.02658312002313949,-0.06641687997686051,0.04,0.1385
2014,1.0,20dB_nominal_difference,imag,vanilla_IBS2,REJECTED_PHYSICAL,XY,z,-0.0625,x,-0.1875,y,-0.1875,0.093,0.028187547664464678,-0.06481245233553531,0.04,0.1385
2014,1.0,20dB_nominal_difference,imag,vanilla_IBS2,REJECTED_PHYSICAL,XY,z,-0.0625,x,-0.0625,y,-0.1875,0.04,0.03343544465275866,-0.0065645553472413395,0.04,0.1385
2014,1.0,20dB_nominal_difference,imag,vanilla_IBS2,REJECTED_PHYSICAL,XY,z,-0.0625,x,0.0625,y,-0.1875,0.04,0.041411940312903156,0.0014119403129031552,0.04,0.1385
2014,1.0,20dB_nominal_difference,imag,vanilla_IBS2,REJECTED_PHYSICAL,XY,z,-0.0625,x,0.1875,y,-0.1875,0.04,0.050333130921738814,0.010333130921738813,0.04,0.1385
2014,1.0,20dB_nominal_difference,imag,vanilla_IBS2,REJECTED_PHYSICAL,XY,z,-0.0625,x,0.3125,y,-0.1875,0.04,0.057692988538225076,0.017692988538225075,0.04,0.1385
2014,1.0,20dB_nominal_difference,imag,vanilla_IBS2,REJECTED_PHYSICAL,XY,z,-0.0625,x,0.4375,y,-0.1875,0.04,0.060548331111429564,0.020548331111429563,0.04,0.1385
2014,1.0,20dB_nominal_difference,imag,vanilla_IBS2,REJECTED_PHYSICAL,XY,z,-0.0625,x,0.5625,y,-0.1875,0.04,0.05593365123810588,0.015933651238105882,0.04,0.1385
2014,1.0,20dB_nominal_difference,imag,vanilla_IBS2,REJECTED_PHYSICAL,XY,z,-0.0625,x,0.6875,y,-0.1875,0.04,0.04307905504045298,0.0030790550404529785,0.04,0.1385
2014,1.0,20dB_nominal_difference,imag,vanilla_IBS2,REJECTED_PHYSICAL,XY,z,-0.0625,x,-0.6875,y,-0.0625,0.04,0.0414833222319579,0.0014833222319578995,0.04,0.1385
2014,1.0,20dB_nominal_difference,imag,vanilla_IBS2,REJECTED_PHYSICAL,XY,z,-0.0625,x,-0.5625,y,-0.0625,0.04,0.034064653394719556,-0.005935346605280445,0.04,0.1385
2014,1.0,20dB_nominal_difference,imag,vanilla_IBS2,REJECTED_PHYSICAL,XY,z,-0.0625,x,-0.4375,y,-0.0625,0.04,0.027759566272185954,-0.012240433727814047,0.04,0.1385
2014,1.0,20dB_nominal_difference,imag,vanilla_IBS2,REJECTED_PHYSICAL,XY,z,-0.0625,x,-0.3125,y,-0.0625,0.093,0.02466814713259847,-0.06833185286740154,0.04,0.1385
2014,1.0,20dB_nominal_difference,imag,vanilla_IBS2,REJECTED_PHYSICAL,XY,z,-0.0625,x,-0.1875,y,-0.0625,0.093,0.02562350439529939,-0.0673764956047006,0.04,0.1385
2014,1.0,20dB_nominal_difference,imag,vanilla_IBS2,REJECTED_PHYSICAL,XY,z,-0.0625,x,-0.0625,y,-0.0625,0.04,0.030686528858528517,-0.009313471141471484,0.04,0.1385
2014,1.0,20dB_nominal_difference,imag,vanilla_IBS2,REJECTED_PHYSICAL,XY,z,-0.0625,x,0.0625,y,-0.0625,0.04,0.03900303743579288,-0.0009969625642071225,0.04,0.1385
2014,1.0,20dB_nominal_difference,imag,vanilla_IBS2,REJECTED_PHYSICAL,XY,z,-0.0625,x,0.1875,y,-0.0625,0.04,0.04880034313360087,0.008800343133600869,0.04,0.1385
2014,1.0,20dB_nominal_difference,imag,vanilla_IBS2,REJECTED_PHYSICAL,XY,z,-0.0625,x,0.3125,y,-0.0625,0.04,0.05753848092672117,0.017538480926721167,0.04,0.1385
2014,1.0,20dB_nominal_difference,imag,vanilla_IBS2,REJECTED_PHYSICAL,XY,z,-0.0625,x,0.4375,y,-0.0625,0.04,0.062207612066317954,0.022207612066317953,0.04,0.1385
2014,1.0,20dB_nominal_difference,imag,vanilla_IBS2,REJECTED_PHYSICAL,XY,z,-0.0625,x,0.5625,y,-0.0625,0.04,0.05975563359524953,0.019755633595249532,0.04,0.1385
2014,1.0,20dB_nominal_difference,imag,vanilla_IBS2,REJECTED_PHYSICAL,XY,z,-0.0625,x,0.6875,y,-0.0625,0.04,0.04926287242292256,0.009262872422922556,0.04,0.1385
2014,1.0,20dB_nominal_difference,imag,vanilla_IBS2,REJECTED_PHYSICAL,XY,z,-0.0625,x,-0.6875,y,0.0625,0.04,0.04545021652183556,0.005450216521835562,0.04,0.1385
2014,1.0,20dB_nominal_difference,imag,vanilla_IBS2,REJECTED_PHYSICAL,XY,z,-0.0625,x,-0.5625,y,0.0625,0.04,0.03673575241309365,-0.003264247586906348,0.04,0.1385
2014,1.0,20dB_nominal_difference,imag,vanilla_IBS2,REJECTED_PHYSICAL,XY,z,-0.0625,x,-0.4375,y,0.0625,0.04,0.02897429021416472,-0.01102570978583528,0.04,0.1385
2014,1.0,20dB_nominal_difference,imag,vanilla_IBS2,REJECTED_PHYSICAL,XY,z,-0.0625,x,-0.3125,y,0.0625,0.04,0.02452740026826673,-0.015472599731733271,0.04,0.1385
2014,1.0,20dB_nominal_difference,imag,vanilla_IBS2,REJECTED_PHYSICAL,XY,z,-0.0625,x,-0.1875,y,0.0625,0.04,0.024322545228357133,-0.015677454771642868,0.04,0.1385
2014,1.0,20dB_nominal_difference,imag,vanilla_IBS2,REJECTED_PHYSICAL,XY,z,-0.0625,x,-0.0625,y,0.0625,0.04,0.02853375197411249,-0.01146624802588751,0.04,0.1385
2014,1.0,20dB_nominal_difference,imag,vanilla_IBS2,REJECTED_PHYSICAL,XY,z,-0.0625,x,0.0625,y,0.0625,0.04,0.03642623993833901,-0.003573760061660991,0.04,0.1385
2014,1.0,20dB_nominal_difference,imag,vanilla_IBS2,REJECTED_PHYSICAL,XY,z,-0.0625,x,0.1875,y,0.0625,0.04,0.04634436354128533,0.006344363541285328,0.04,0.1385
2014,1.0,20dB_nominal_difference,imag,vanilla_IBS2,REJECTED_PHYSICAL,XY,z,-0.0625,x,0.3125,y,0.0625,0.11575000000000002,0.05585490592011312,-0.0598950940798869,0.04,0.1385
2014,1.0,20dB_nominal_difference,imag,vanilla_IBS2,REJECTED_PHYSICAL,XY,z,-0.0625,x,0.4375,y,0.0625,0.04,0.062034475715645715,0.022034475715645714,0.04,0.1385
2014,1.0,20dB_nominal_difference,imag,vanilla_IBS2,REJECTED_PHYSICAL,XY,z,-0.0625,x,0.5625,y,0.0625,0.04,0.06188235131072033,0.021882351310720326,0.04,0.1385
2014,1.0,20dB_nominal_difference,imag,vanilla_IBS2,REJECTED_PHYSICAL,XY,z,-0.0625,x,0.6875,y,0.0625,0.04,0.05430373240192617,0.014303732401926172,0.04,0.1385
2014,1.0,20dB_nominal_difference,imag,vanilla_IBS2,REJECTED_PHYSICAL,XY,z,-0.0625,x,-0.6875,y,0.1875,0.04,0.05057448679718489,0.010574486797184889,0.04,0.1385
2014,1.0,20dB_nominal_difference,imag,vanilla_IBS2,REJECTED_PHYSICAL,XY,z,-0.0625,x,-0.5625,y,0.1875,0.04,0.04078521570696994,0.0007852157069699398,0.04,0.1385
2014,1.0,20dB_nominal_difference,imag,vanilla_IBS2,REJECTED_PHYSICAL,XY,z,-0.0625,x,-0.4375,y,0.1875,0.04,0.031730097990705974,-0.008269902009294026,0.04,0.1385
2014,1.0,20dB_nominal_difference,imag,vanilla_IBS2,REJECTED_PHYSICAL,XY,z,-0.0625,x,-0.3125,y,0.1875,0.04,0.02592882361862518,-0.014071176381374822,0.04,0.1385
2014,1.0,20dB_nominal_difference,imag,vanilla_IBS2,REJECTED_PHYSICAL,XY,z,-0.0625,x,-0.1875,y,0.1875,0.04,0.02436065892696759,-0.01563934107303241,0.04,0.1385
2014,1.0,20dB_nominal_difference,imag,vanilla_IBS2,REJECTED_PHYSICAL,XY,z,-0.0625,x,-0.0625,y,0.1875,0.04,0.027284507824286347,-0.012715492175713654,0.04,0.1385
2014,1.0,20dB_nominal_difference,imag,vanilla_IBS2,REJECTED_PHYSICAL,XY,z,-0.0625,x,0.0625,y,0.1875,0.04,0.034099519694840784,-0.005900480305159217,0.04,0.1385
2014,1.0,20dB_nominal_difference,imag,vanilla_IBS2,REJECTED_PHYSICAL,XY,z,-0.0625,x,0.1875,y,0.1875,0.11575000000000002,0.043335784971128895,-0.07241421502887113,0.04,0.1385
2014,1.0,20dB_nominal_difference,imag,vanilla_IBS2,REJECTED_PHYSICAL,XY,z,-0.0625,x,0.3125,y,0.1875,0.11575000000000002,0.05278287017236688,-0.06296712982763314,0.04,0.1385
2014,1.0,20dB_nominal_difference,imag,vanilla_IBS2,REJECTED_PHYSICAL,XY,z,-0.0625,x,0.4375,y,0.1875,0.11575000000000002,0.059747554759603284,-0.056002445240396735,0.04,0.1385
2014,1.0,20dB_nominal_difference,imag,vanilla_IBS2,REJECTED_PHYSICAL,XY,z,-0.0625,x,0.5625,y,0.1875,0.04,0.061430485453312,0.021430485453311998,0.04,0.1385
2014,1.0,20dB_nominal_difference,imag,vanilla_IBS2,REJECTED_PHYSICAL,XY,z,-0.0625,x,0.6875,y,0.1875,0.04,0.05660421228505262,0.01660421228505262,0.04,0.1385
2014,1.0,20dB_nominal_difference,imag,vanilla_IBS2,REJECTED_PHYSICAL,XY,z,-0.0625,x,-0.6875,y,0.3125,0.04,0.05523051829874257,0.01523051829874257,0.04,0.1385
2014,1.0,20dB_nominal_difference,imag,vanilla_IBS2,REJECTED_PHYSICAL,XY,z,-0.0625,x,-0.5625,y,0.3125,0.04,0.04490487250440055,0.004904872504400547,0.04,0.1385
2014,1.0,20dB_nominal_difference,imag,vanilla_IBS2,REJECTED_PHYSICAL,XY,z,-0.0625,x,-0.4375,y,0.3125,0.04,0.03510684651319277,-0.004893153486807231,0.04,0.1385
2014,1.0,20dB_nominal_difference,imag,vanilla_IBS2,REJECTED_PHYSICAL,XY,z,-0.0625,x,-0.3125,y,0.3125,0.04,0.02838070492375567,-0.011619295076244332,0.04,0.1385
2014,1.0,20dB_nominal_difference,imag,vanilla_IBS2,REJECTED_PHYSICAL,XY,z,-0.0625,x,-0.1875,y,0.3125,0.04,0.02566188992494163,-0.01433811007505837,0.04,0.1385
2014,1.0,20dB_nominal_difference,imag,vanilla_IBS2,REJECTED_PHYSICAL,XY,z,-0.0625,x,-0.0625,y,0.3125,0.04,0.027206529977768148,-0.012793470022231853,0.04,0.1385
2014,1.0,20dB_nominal_difference,imag,vanilla_IBS2,REJECTED_PHYSICAL,XY,z,-0.0625,x,0.0625,y,0.3125,0.04,0.03250976348188995,-0.007490236518110052,0.04,0.1385
2014,1.0,20dB_nominal_difference,imag,vanilla_IBS2,REJECTED_PHYSICAL,XY,z,-0.0625,x,0.1875,y,0.3125,0.04,0.04031606555914856,0.0003160655591485581,0.04,0.1385
2014,1.0,20dB_nominal_difference,imag,vanilla_IBS2,REJECTED_PHYSICAL,XY,z,-0.0625,x,0.3125,y,0.3125,0.11575000000000002,0.048729150915802585,-0.06702084908419743,0.04,0.1385
2014,1.0,20dB_nominal_difference,imag,vanilla_IBS2,REJECTED_PHYSICAL,XY,z,-0.0625,x,0.4375,y,0.3125,0.04,0.05541798412883043,0.015417984128830428,0.04,0.1385
2014,1.0,20dB_nominal_difference,imag,vanilla_IBS2,REJECTED_PHYSICAL,XY,z,-0.0625,x,0.5625,y,0.3125,0.04,0.05792448827919609,0.017924488279196092,0.04,0.1385
2014,1.0,20dB_nominal_difference,imag,vanilla_IBS2,REJECTED_PHYSICAL,XY,z,-0.0625,x,0.6875,y,0.3125,0.04,0.05495773681718945,0.014957736817189447,0.04,0.1385
2014,1.0,20dB_nominal_difference,imag,vanilla_IBS2,REJECTED_PHYSICAL,XY,z,-0.0625,x,-0.6875,y,0.4375,0.04,0.05781986275171558,0.017819862751715577,0.04,0.1385
2014,1.0,20dB_nominal_difference,imag,vanilla_IBS2,REJECTED_PHYSICAL,XY,z,-0.0625,x,-0.5625,y,0.4375,0.04,0.04773640251990303,0.007736402519903027,0.04,0.1385
2014,1.0,20dB_nominal_difference,imag,vanilla_IBS2,REJECTED_PHYSICAL,XY,z,-0.0625,x,-0.4375,y,0.4375,0.04,0.03809093638784295,-0.0019090636121570498,0.04,0.1385
2014,1.0,20dB_nominal_difference,imag,vanilla_IBS2,REJECTED_PHYSICAL,XY,z,-0.0625,x,-0.3125,y,0.4375,0.04,0.03130714752580607,-0.008692852474193928,0.04,0.1385
2014,1.0,20dB_nominal_difference,imag,vanilla_IBS2,REJECTED_PHYSICAL,XY,z,-0.0625,x,-0.1875,y,0.4375,0.04,0.028100421490600103,-0.011899578509399898,0.04,0.1385
2014,1.0,20dB_nominal_difference,imag,vanilla_IBS2,REJECTED_PHYSICAL,XY,z,-0.0625,x,-0.0625,y,0.4375,0.04,0.028568577494115708,-0.011431422505884293,0.04,0.1385
2014,1.0,20dB_nominal_difference,imag,vanilla_IBS2,REJECTED_PHYSICAL,XY,z,-0.0625,x,0.0625,y,0.4375,0.04,0.032214487345663845,-0.007785512654336156,0.04,0.1385
2014,1.0,20dB_nominal_difference,imag,vanilla_IBS2,REJECTED_PHYSICAL,XY,z,-0.0625,x,0.1875,y,0.4375,0.04,0.03798931429069401,-0.002010685709305994,0.04,0.1385
2014,1.0,20dB_nominal_difference,imag,vanilla_IBS2,REJECTED_PHYSICAL,XY,z,-0.0625,x,0.3125,y,0.4375,0.04,0.04438384854264574,0.004383848542645737,0.04,0.1385
2014,1.0,20dB_nominal_difference,imag,vanilla_IBS2,REJECTED_PHYSICAL,XY,z,-0.0625,x,0.4375,y,0.4375,0.04,0.049561823471850674,0.009561823471850674,0.04,0.1385
2014,1.0,20dB_nominal_difference,imag,vanilla_IBS2,REJECTED_PHYSICAL,XY,z,-0.0625,x,0.5625,y,0.4375,0.04,0.05153000929527879,0.011530009295278788,0.04,0.1385
2014,1.0,20dB_nominal_difference,imag,vanilla_IBS2,REJECTED_PHYSICAL,XY,z,-0.0625,x,0.6875,y,0.4375,0.04,0.04893139643731926,0.008931396437319258,0.04,0.1385
2014,1.0,20dB_nominal_difference,imag,vanilla_IBS2,REJECTED_PHYSICAL,XY,z,-0.0625,x,-0.6875,y,0.5625,0.04,0.057244711168532886,0.017244711168532885,0.04,0.1385
2014,1.0,20dB_nominal_difference,imag,vanilla_IBS2,REJECTED_PHYSICAL,XY,z,-0.0625,x,-0.5625,y,0.5625,0.04,0.04817072955556337,0.008170729555563368,0.04,0.1385
2014,1.0,20dB_nominal_difference,imag,vanilla_IBS2,REJECTED_PHYSICAL,XY,z,-0.0625,x,-0.4375,y,0.5625,0.04,0.03980616215304288,-0.0001938378469571178,0.04,0.1385
2014,1.0,20dB_nominal_difference,imag,vanilla_IBS2,REJECTED_PHYSICAL,XY,z,-0.0625,x,-0.3125,y,0.5625,0.04,0.034214354124892946,-0.005785645875107055,0.04,0.1385
2014,1.0,20dB_nominal_difference,imag,vanilla_IBS2,REJECTED_PHYSICAL,XY,z,-0.0625,x,-0.1875,y,0.5625,0.04,0.031584538301563464,-0.008415461698436537,0.04,0.1385
2014,1.0,20dB_nominal_difference,imag,vanilla_IBS2,REJECTED_PHYSICAL,XY,z,-0.0625,x,-0.0625,y,0.5625,0.04,0.031648689598907286,-0.008351310401092715,0.04,0.1385
2014,1.0,20dB_nominal_difference,imag,vanilla_IBS2,REJECTED_PHYSICAL,XY,z,-0.0625,x,0.0625,y,0.5625,0.04,0.03379574790922787,-0.006204252090772133,0.04,0.1385
2014,1.0,20dB_nominal_difference,imag,vanilla_IBS2,REJECTED_PHYSICAL,XY,z,-0.0625,x,0.1875,y,0.5625,0.04,0.03714516952095416,-0.0028548304790458404,0.04,0.1385
2014,1.0,20dB_nominal_difference,imag,vanilla_IBS2,REJECTED_PHYSICAL,XY,z,-0.0625,x,0.3125,y,0.5625,0.04,0.04063144659983503,0.0006314465998350297,0.04,0.1385
2014,1.0,20dB_nominal_difference,imag,vanilla_IBS2,REJECTED_PHYSICAL,XY,z,-0.0625,x,0.4375,y,0.5625,0.04,0.04307803261006737,0.003078032610067366,0.04,0.1385
2014,1.0,20dB_nominal_difference,imag,vanilla_IBS2,REJECTED_PHYSICAL,XY,z,-0.0625,x,0.5625,y,0.5625,0.04,0.04317376044979175,0.00317376044979175,0.04,0.1385
2014,1.0,20dB_nominal_difference,imag,vanilla_IBS2,REJECTED_PHYSICAL,XY,z,-0.0625,x,0.6875,y,0.5625,0.04,0.03932809082450205,-0.0006719091754979478,0.04,0.1385
2014,1.0,20dB_nominal_difference,imag,vanilla_IBS2,REJECTED_PHYSICAL,XY,z,-0.0625,x,-0.6875,y,0.6875,0.04,0.05312905384747836,0.01312905384747836,0.04,0.1385
2014,1.0,20dB_nominal_difference,imag,vanilla_IBS2,REJECTED_PHYSICAL,XY,z,-0.0625,x,-0.5625,y,0.6875,0.04,0.044606435905405174,0.0046064359054051734,0.04,0.1385
2014,1.0,20dB_nominal_difference,imag,vanilla_IBS2,REJECTED_PHYSICAL,XY,z,-0.0625,x,-0.4375,y,0.6875,0.04,0.03869650847957603,-0.0013034915204239717,0.04,0.1385
2014,1.0,20dB_nominal_difference,imag,vanilla_IBS2,REJECTED_PHYSICAL,XY,z,-0.0625,x,-0.3125,y,0.6875,0.04,0.03577834041824379,-0.004221659581756208,0.04,0.1385
2014,1.0,20dB_nominal_difference,imag,vanilla_IBS2,REJECTED_PHYSICAL,XY,z,-0.0625,x,-0.1875,y,0.6875,0.04,0.035116877503898344,-0.0048831224961016564,0.04,0.1385
2014,1.0,20dB_nominal_difference,imag,vanilla_IBS2,REJECTED_PHYSICAL,XY,z,-0.0625,x,-0.0625,y,0.6875,0.04,0.03587354949590472,-0.004126450504095283,0.04,0.1385
2014,1.0,20dB_nominal_difference,imag,vanilla_IBS2,REJECTED_PHYSICAL,XY,z,-0.0625,x,0.0625,y,0.6875,0.04,0.0371742340057369,-0.0028257659942631033,0.04,0.1385
2014,1.0,20dB_nominal_difference,imag,vanilla_IBS2,REJECTED_PHYSICAL,XY,z,-0.0625,x,0.1875,y,0.6875,0.04,0.038209142553328315,-0.0017908574466716856,0.04,0.1385
2014,1.0,20dB_nominal_difference,imag,vanilla_IBS2,REJECTED_PHYSICAL,XY,z,-0.0625,x,0.3125,y,0.6875,0.04,0.03833846601995833,-0.0016615339800416726,0.04,0.1385
2014,1.0,20dB_nominal_difference,imag,vanilla_IBS2,REJECTED_PHYSICAL,XY,z,-0.0625,x,0.4375,y,0.6875,0.04,0.03718069507637445,-0.0028193049236255527,0.04,0.1385
2014,1.0,20dB_nominal_difference,imag,vanilla_IBS2,REJECTED_PHYSICAL,XY,z,-0.0625,x,0.5625,y,0.6875,0.04,0.03463963213204895,-0.005360367867951049,0.04,0.1385
2014,1.0,20dB_nominal_difference,imag,vanilla_IBS2,REJECTED_PHYSICAL,XY,z,-0.0625,x,0.6875,y,0.6875,0.04,0.029993381452638322,-0.010006618547361679,0.04,0.1385
2014,1.0,20dB_nominal_difference,imag,vanilla_IBS2,REJECTED_PHYSICAL,XZ,y,-0.0625,x,-0.6875,z,-0.6875,0.04,0.033155822296194674,-0.006844177703805326,0.04,0.1385
2014,1.0,20dB_nominal_difference,imag,vanilla_IBS2,REJECTED_PHYSICAL,XZ,y,-0.0625,x,-0.5625,z,-0.6875,0.04,0.033870454716342625,-0.0061295452836573755,0.04,0.1385
2014,1.0,20dB_nominal_difference,imag,vanilla_IBS2,REJECTED_PHYSICAL,XZ,y,-0.0625,x,-0.4375,z,-0.6875,0.04,0.030076347389222935,-0.009923652610777066,0.04,0.1385
2014,1.0,20dB_nominal_difference,imag,vanilla_IBS2,REJECTED_PHYSICAL,XZ,y,-0.0625,x,-0.3125,z,-0.6875,0.04,0.02803545814793796,-0.011964541852062041,0.04,0.1385
2014,1.0,20dB_nominal_difference,imag,vanilla_IBS2,REJECTED_PHYSICAL,XZ,y,-0.0625,x,-0.1875,z,-0.6875,0.04,0.028829583346256675,-0.011170416653743326,0.04,0.1385
2014,1.0,20dB_nominal_difference,imag,vanilla_IBS2,REJECTED_PHYSICAL,XZ,y,-0.0625,x,-0.0625,z,-0.6875,0.04,0.032235448900791275,-0.007764551099208726,0.04,0.1385
2014,1.0,20dB_nominal_difference,imag,vanilla_IBS2,REJECTED_PHYSICAL,XZ,y,-0.0625,x,0.0625,z,-0.6875,0.04,0.037122175011790805,-0.002877824988209196,0.04,0.1385
2014,1.0,20dB_nominal_difference,imag,vanilla_IBS2,REJECTED_PHYSICAL,XZ,y,-0.0625,x,0.1875,z,-0.6875,0.04,0.04174893362125265,0.0017489336212526477,0.04,0.1385
2014,1.0,20dB_nominal_difference,imag,vanilla_IBS2,REJECTED_PHYSICAL,XZ,y,-0.0625,x,0.3125,z,-0.6875,0.04,0.044162121026897594,0.004162121026897593,0.04,0.1385
2014,1.0,20dB_nominal_difference,imag,vanilla_IBS2,REJECTED_PHYSICAL,XZ,y,-0.0625,x,0.4375,z,-0.6875,0.04,0.04272972561166899,0.0027297256116689886,0.04,0.1385
2014,1.0,20dB_nominal_difference,imag,vanilla_IBS2,REJECTED_PHYSICAL,XZ,y,-0.0625,x,0.5625,z,-0.6875,0.04,0.03699754060770564,-0.0030024593922943627,0.04,0.1385
2014,1.0,20dB_nominal_difference,imag,vanilla_IBS2,REJECTED_PHYSICAL,XZ,y,-0.0625,x,0.6875,z,-0.6875,0.04,0.03037354619031265,-0.009626453809687352,0.04,0.1385
2014,1.0,20dB_nominal_difference,imag,vanilla_IBS2,REJECTED_PHYSICAL,XZ,y,-0.0625,x,-0.6875,z,-0.5625,0.04,0.037442216413668676,-0.0025577835863313247,0.04,0.1385
2014,1.0,20dB_nominal_difference,imag,vanilla_IBS2,REJECTED_PHYSICAL,XZ,y,-0.0625,x,-0.5625,z,-0.5625,0.04,0.037274477707056435,-0.0027255222929435663,0.04,0.1385
2014,1.0,20dB_nominal_difference,imag,vanilla_IBS2,REJECTED_PHYSICAL,XZ,y,-0.0625,x,-0.4375,z,-0.5625,0.04,0.03504290829737025,-0.00495709170262975,0.04,0.1385
2014,1.0,20dB_nominal_difference,imag,vanilla_IBS2,REJECTED_PHYSICAL,XZ,y,-0.0625,x,-0.3125,z,-0.5625,0.04,0.034460311446893266,-0.005539688553106735,0.04,0.1385
2014,1.0,20dB_nominal_difference,imag,vanilla_IBS2,REJECTED_PHYSICAL,XZ,y,-0.0625,x,-0.1875,z,-0.5625,0.04,0.03682370573741902,-0.003176294262580981,0.04,0.1385
2014,1.0,20dB_nominal_difference,imag,vanilla_IBS2,REJECTED_PHYSICAL,XZ,y,-0.0625,x,-0.0625,z,-0.5625,0.04,0.04216175752323549,0.00216175752323549,0.04,0.1385
2014,1.0,20dB_nominal_difference,imag,vanilla_IBS2,REJECTED_PHYSICAL,XZ,y,-0.0625,x,0.0625,z,-0.5625,0.04,0.049435052966229416,0.009435052966229415,0.04,0.1385
2014,1.0,20dB_nominal_difference,imag,vanilla_IBS2,REJECTED_PHYSICAL,XZ,y,-0.0625,x,0.1875,z,-0.5625,0.04,0.056813260832574,0.016813260832574,0.04,0.1385
2014,1.0,20dB_nominal_difference,imag,vanilla_IBS2,REJECTED_PHYSICAL,XZ,y,-0.0625,x,0.3125,z,-0.5625,0.04,0.062066975214019535,0.022066975214019534,0.04,0.1385
2014,1.0,20dB_nominal_difference,imag,vanilla_IBS2,REJECTED_PHYSICAL,XZ,y,-0.0625,x,0.4375,z,-0.5625,0.04,0.06306801549097593,0.02306801549097593,0.04,0.1385
2014,1.0,20dB_nominal_difference,imag,vanilla_IBS2,REJECTED_PHYSICAL,XZ,y,-0.0625,x,0.5625,z,-0.5625,0.04,0.058310235551137554,0.018310235551137553,0.04,0.1385
2014,1.0,20dB_nominal_difference,imag,vanilla_IBS2,REJECTED_PHYSICAL,XZ,y,-0.0625,x,0.6875,z,-0.5625,0.04,0.047149308090134345,0.0071493080901343445,0.04,0.1385
2014,1.0,20dB_nominal_difference,imag,vanilla_IBS2,REJECTED_PHYSICAL,XZ,y,-0.0625,x,-0.6875,z,-0.4375,0.04,0.04231525488619444,0.00231525488619444,0.04,0.1385
2014,1.0,20dB_nominal_difference,imag,vanilla_IBS2,REJECTED_PHYSICAL,XZ,y,-0.0625,x,-0.5625,z,-0.4375,0.04,0.04004499134529525,4.4991345295251894e-05,0.04,0.1385
2014,1.0,20dB_nominal_difference,imag,vanilla_IBS2,REJECTED_PHYSICAL,XZ,y,-0.0625,x,-0.4375,z,-0.4375,0.04,0.037409715916775,-0.0025902840832250015,0.04,0.1385
2014,1.0,20dB_nominal_difference,imag,vanilla_IBS2,REJECTED_PHYSICAL,XZ,y,-0.0625,x,-0.3125,z,-0.4375,0.04,0.03702394095864258,-0.0029760590413574206,0.04,0.1385
2014,1.0,20dB_nominal_difference,imag,vanilla_IBS2,REJECTED_PHYSICAL,XZ,y,-0.0625,x,-0.1875,z,-0.4375,0.04,0.039888860571120725,-0.00011113942887927553,0.04,0.1385
2014,1.0,20dB_nominal_difference,imag,vanilla_IBS2,REJECTED_PHYSICAL,XZ,y,-0.0625,x,-0.0625,z,-0.4375,0.04,0.04605628630061052,0.006056286300610517,0.04,0.1385
2014,1.0,20dB_nominal_difference,imag,vanilla_IBS2,REJECTED_PHYSICAL,XZ,y,-0.0625,x,0.0625,z,-0.4375,0.04,0.05453306686620518,0.014533066866205181,0.04,0.1385
2014,1.0,20dB_nominal_difference,imag,vanilla_IBS2,REJECTED_PHYSICAL,XZ,y,-0.0625,x,0.1875,z,-0.4375,0.04,0.06343960750146163,0.02343960750146163,0.04,0.1385
2014,1.0,20dB_nominal_difference,imag,vanilla_IBS2,REJECTED_PHYSICAL,XZ,y,-0.0625,x,0.3125,z,-0.4375,0.04,0.07033323765884932,0.030333237658849314,0.04,0.1385
2014,1.0,20dB_nominal_difference,imag,vanilla_IBS2,REJECTED_PHYSICAL,XZ,y,-0.0625,x,0.4375,z,-0.4375,0.04,0.07262657680581869,0.03262657680581869,0.04,0.1385
2014,1.0,20dB_nominal_difference,imag,vanilla_IBS2,REJECTED_PHYSICAL,XZ,y,-0.0625,x,0.5625,z,-0.4375,0.04,0.06796289733276882,0.02796289733276882,0.04,0.1385
2014,1.0,20dB_nominal_difference,imag,vanilla_IBS2,REJECTED_PHYSICAL,XZ,y,-0.0625,x,0.6875,z,-0.4375,0.04,0.0550511295271443,0.015051129527144297,0.04,0.1385
2014,1.0,20dB_nominal_difference,imag,vanilla_IBS2,REJECTED_PHYSICAL,XZ,y,-0.0625,x,-0.6875,z,-0.3125,0.04,0.044004819565930914,0.004004819565930913,0.04,0.1385
2014,1.0,20dB_nominal_difference,imag,vanilla_IBS2,REJECTED_PHYSICAL,XZ,y,-0.0625,x,-0.5625,z,-0.3125,0.04,0.03981842280994541,-0.00018157719005459233,0.04,0.1385
2014,1.0,20dB_nominal_difference,imag,vanilla_IBS2,REJECTED_PHYSICAL,XZ,y,-0.0625,x,-0.4375,z,-0.3125,0.04,0.03601420388169159,-0.0039857961183084115,0.04,0.1385
2014,1.0,20dB_nominal_difference,imag,vanilla_IBS2,REJECTED_PHYSICAL,XZ,y,-0.0625,x,-0.3125,z,-0.3125,0.04,0.03499634908840831,-0.005003650911591689,0.04,0.1385
2014,1.0,20dB_nominal_difference,imag,vanilla_IBS2,REJECTED_PHYSICAL,XZ,y,-0.0625,x,-0.1875,z,-0.3125,0.04,0.03763531864511895,-0.0023646813548810486,0.04,0.1385
2014,1.0,20dB_nominal_difference,imag,vanilla_IBS2,REJECTED_PHYSICAL,XZ,y,-0.0625,x,-0.0625,z,-0.3125,0.04,0.043956611869476594,0.003956611869476594,0.04,0.1385
2014,1.0,20dB_nominal_difference,imag,vanilla_IBS2,REJECTED_PHYSICAL,XZ,y,-0.0625,x,0.0625,z,-0.3125,0.04,0.05297974825114412,0.012979748251144119,0.04,0.1385
2014,1.0,20dB_nominal_difference,imag,vanilla_IBS2,REJECTED_PHYSICAL,XZ,y,-0.0625,x,0.1875,z,-0.3125,0.04,0.06279138729959498,0.022791387299594977,0.04,0.1385
2014,1.0,20dB_nominal_difference,imag,vanilla_IBS2,REJECTED_PHYSICAL,XZ,y,-0.0625,x,0.3125,z,-0.3125,0.04,0.07080024857382941,0.03080024857382941,0.04,0.1385
2014,1.0,20dB_nominal_difference,imag,vanilla_IBS2,REJECTED_PHYSICAL,XZ,y,-0.0625,x,0.4375,z,-0.3125,0.04,0.07411017145763993,0.03411017145763993,0.04,0.1385
2014,1.0,20dB_nominal_difference,imag,vanilla_IBS2,REJECTED_PHYSICAL,XZ,y,-0.0625,x,0.5625,z,-0.3125,0.04,0.06993213774542743,0.029932137745427433,0.04,0.1385
2014,1.0,20dB_nominal_difference,imag,vanilla_IBS2,REJECTED_PHYSICAL,XZ,y,-0.0625,x,0.6875,z,-0.3125,0.04,0.057097078555138986,0.017097078555138985,0.04,0.1385
2014,1.0,20dB_nominal_difference,imag,vanilla_IBS2,REJECTED_PHYSICAL,XZ,y,-0.0625,x,-0.6875,z,-0.1875,0.04,0.04336948856368224,0.0033694885636822366,0.04,0.1385
2014,1.0,20dB_nominal_difference,imag,vanilla_IBS2,REJECTED_PHYSICAL,XZ,y,-0.0625,x,-0.5625,z,-0.1875,0.04,0.037412009431443065,-0.002587990568556936,0.04,0.1385
2014,1.0,20dB_nominal_difference,imag,vanilla_IBS2,REJECTED_PHYSICAL,XZ,y,-0.0625,x,-0.4375,z,-0.1875,0.04,0.03226264467817633,-0.007737355321823673,0.04,0.1385
2014,1.0,20dB_nominal_difference,imag,vanilla_IBS2,REJECTED_PHYSICAL,XZ,y,-0.0625,x,-0.3125,z,-0.1875,0.04,0.030216251011272496,-0.009783748988727504,0.04,0.1385
2014,1.0,20dB_nominal_difference,imag,vanilla_IBS2,REJECTED_PHYSICAL,XZ,y,-0.0625,x,-0.1875,z,-0.1875,0.04,0.03212452372846153,-0.007875476271538472,0.04,0.1385
2014,1.0,20dB_nominal_difference,imag,vanilla_IBS2,REJECTED_PHYSICAL,XZ,y,-0.0625,x,-0.0625,z,-0.1875,0.04,0.03801792770962579,-0.001982072290374212,0.04,0.1385
2014,1.0,20dB_nominal_difference,imag,vanilla_IBS2,REJECTED_PHYSICAL,XZ,y,-0.0625,x,0.0625,z,-0.1875,0.04,0.04695398693149508,0.006953986931495078,0.04,0.1385
2014,1.0,20dB_nominal_difference,imag,vanilla_IBS2,REJECTED_PHYSICAL,XZ,y,-0.0625,x,0.1875,z,-0.1875,0.04,0.05704607994408806,0.017046079944088056,0.04,0.1385
2014,1.0,20dB_nominal_difference,imag,vanilla_IBS2,REJECTED_PHYSICAL,XZ,y,-0.0625,x,0.3125,z,-0.1875,0.04,0.06566483147428699,0.02566483147428699,0.04,0.1385
2014,1.0,20dB_nominal_difference,imag,vanilla_IBS2,REJECTED_PHYSICAL,XZ,y,-0.0625,x,0.4375,z,-0.1875,0.04,0.06977928834093829,0.029779288340938286,0.04,0.1385
2014,1.0,20dB_nominal_difference,imag,vanilla_IBS2,REJECTED_PHYSICAL,XZ,y,-0.0625,x,0.5625,z,-0.1875,0.04,0.066400003367081,0.026400003367081003,0.04,0.1385
2014,1.0,20dB_nominal_difference,imag,vanilla_IBS2,REJECTED_PHYSICAL,XZ,y,-0.0625,x,0.6875,z,-0.1875,0.04,0.05452339649107884,0.014523396491078838,0.04,0.1385
2014,1.0,20dB_nominal_difference,imag,vanilla_IBS2,REJECTED_PHYSICAL,XZ,y,-0.0625,x,-0.6875,z,-0.0625,0.04,0.0414833222319579,0.0014833222319578995,0.04,0.1385
2014,1.0,20dB_nominal_difference,imag,vanilla_IBS2,REJECTED_PHYSICAL,XZ,y,-0.0625,x,-0.5625,z,-0.0625,0.04,0.034064653394719556,-0.005935346605280445,0.04,0.1385
2014,1.0,20dB_nominal_difference,imag,vanilla_IBS2,REJECTED_PHYSICAL,XZ,y,-0.0625,x,-0.4375,z,-0.0625,0.04,0.027759566272185954,-0.012240433727814047,0.04,0.1385
2014,1.0,20dB_nominal_difference,imag,vanilla_IBS2,REJECTED_PHYSICAL,XZ,y,-0.0625,x,-0.3125,z,-0.0625,0.093,0.02466814713259847,-0.06833185286740154,0.04,0.1385
2014,1.0,20dB_nominal_difference,imag,vanilla_IBS2,REJECTED_PHYSICAL,XZ,y,-0.0625,x,-0.1875,z,-0.0625,0.093,0.02562350439529939,-0.0673764956047006,0.04,0.1385
2014,1.0,20dB_nominal_difference,imag,vanilla_IBS2,REJECTED_PHYSICAL,XZ,y,-0.0625,x,-0.0625,z,-0.0625,0.04,0.030686528858528517,-0.009313471141471484,0.04,0.1385
2014,1.0,20dB_nominal_difference,imag,vanilla_IBS2,REJECTED_PHYSICAL,XZ,y,-0.0625,x,0.0625,z,-0.0625,0.04,0.03900303743579288,-0.0009969625642071225,0.04,0.1385
2014,1.0,20dB_nominal_difference,imag,vanilla_IBS2,REJECTED_PHYSICAL,XZ,y,-0.0625,x,0.1875,z,-0.0625,0.04,0.04880034313360087,0.008800343133600869,0.04,0.1385
2014,1.0,20dB_nominal_difference,imag,vanilla_IBS2,REJECTED_PHYSICAL,XZ,y,-0.0625,x,0.3125,z,-0.0625,0.04,0.05753848092672117,0.017538480926721167,0.04,0.1385
2014,1.0,20dB_nominal_difference,imag,vanilla_IBS2,REJECTED_PHYSICAL,XZ,y,-0.0625,x,0.4375,z,-0.0625,0.04,0.062207612066317954,0.022207612066317953,0.04,0.1385
2014,1.0,20dB_nominal_difference,imag,vanilla_IBS2,REJECTED_PHYSICAL,XZ,y,-0.0625,x,0.5625,z,-0.0625,0.04,0.05975563359524953,0.019755633595249532,0.04,0.1385
2014,1.0,20dB_nominal_difference,imag,vanilla_IBS2,REJECTED_PHYSICAL,XZ,y,-0.0625,x,0.6875,z,-0.0625,0.04,0.04926287242292256,0.009262872422922556,0.04,0.1385
2014,1.0,20dB_nominal_difference,imag,vanilla_IBS2,REJECTED_PHYSICAL,XZ,y,-0.0625,x,-0.6875,z,0.0625,0.04,0.03927043413346821,-0.0007295658665317922,0.04,0.1385
2014,1.0,20dB_nominal_difference,imag,vanilla_IBS2,REJECTED_PHYSICAL,XZ,y,-0.0625,x,-0.5625,z,0.0625,0.04,0.03100150412312267,-0.00899849587687733,0.04,0.1385
2014,1.0,20dB_nominal_difference,imag,vanilla_IBS2,REJECTED_PHYSICAL,XZ,y,-0.0625,x,-0.4375,z,0.0625,0.04,0.02405450003838665,-0.01594549996161335,0.04,0.1385
2014,1.0,20dB_nominal_difference,imag,vanilla_IBS2,REJECTED_PHYSICAL,XZ,y,-0.0625,x,-0.3125,z,0.0625,0.093,0.020222033300065882,-0.07277796669993411,0.04,0.1385
2014,1.0,20dB_nominal_difference,imag,vanilla_IBS2,REJECTED_PHYSICAL,XZ,y,-0.0625,x,-0.1875,z,0.0625,0.093,0.020265796395308813,-0.07273420360469118,0.04,0.1385
2014,1.0,20dB_nominal_difference,imag,vanilla_IBS2,REJECTED_PHYSICAL,XZ,y,-0.0625,x,-0.0625,z,0.0625,0.04,0.024286767896857502,-0.0157132321031425,0.04,0.1385
2014,1.0,20dB_nominal_difference,imag,vanilla_IBS2,REJECTED_PHYSICAL,XZ,y,-0.0625,x,0.0625,z,0.0625,0.04,0.03157568292569002,-0.008424317074309982,0.04,0.1385
2014,1.0,20dB_nominal_difference,imag,vanilla_IBS2,REJECTED_PHYSICAL,XZ,y,-0.0625,x,0.1875,z,0.0625,0.04,0.040571851707679955,0.0005718517076799545,0.04,0.1385
2014,1.0,20dB_nominal_difference,imag,vanilla_IBS2,REJECTED_PHYSICAL,XZ,y,-0.0625,x,0.3125,z,0.0625,0.04,0.04895752609635985,0.008957526096359851,0.04,0.1385
2014,1.0,20dB_nominal_difference,imag,vanilla_IBS2,REJECTED_PHYSICAL,XZ,y,-0.0625,x,0.4375,z,0.0625,0.04,0.05389209637395721,0.013892096373957212,0.04,0.1385
2014,1.0,20dB_nominal_difference,imag,vanilla_IBS2,REJECTED_PHYSICAL,XZ,y,-0.0625,x,0.5625,z,0.0625,0.04,0.05238108244286313,0.01238108244286313,0.04,0.1385
2014,1.0,20dB_nominal_difference,imag,vanilla_IBS2,REJECTED_PHYSICAL,XZ,y,-0.0625,x,0.6875,z,0.0625,0.04,0.043494198612113504,0.0034941986121135027,0.04,0.1385
2014,1.0,20dB_nominal_difference,imag,vanilla_IBS2,REJECTED_PHYSICAL,XZ,y,-0.0625,x,-0.6875,z,0.1875,0.04,0.0374406593566441,-0.0025593406433559035,0.04,0.1385
2014,1.0,20dB_nominal_difference,imag,vanilla_IBS2,REJECTED_PHYSICAL,XZ,y,-0.0625,x,-0.5625,z,0.1875,0.04,0.029253860092430608,-0.010746139907569393,0.04,0.1385
2014,1.0,20dB_nominal_difference,imag,vanilla_IBS2,REJECTED_PHYSICAL,XZ,y,-0.0625,x,-0.4375,z,0.1875,0.04,0.02245540109050098,-0.01754459890949902,0.04,0.1385
2014,1.0,20dB_nominal_difference,imag,vanilla_IBS2,REJECTED_PHYSICAL,XZ,y,-0.0625,x,-0.3125,z,0.1875,0.093,0.01842183157401663,-0.07457816842598337,0.04,0.1385
2014,1.0,20dB_nominal_difference,imag,vanilla_IBS2,REJECTED_PHYSICAL,XZ,y,-0.0625,x,-0.1875,z,0.1875,0.04,0.017784372168335148,-0.022215627831664853,0.04,0.1385
2014,1.0,20dB_nominal_difference,imag,vanilla_IBS2,REJECTED_PHYSICAL,XZ,y,-0.0625,x,-0.0625,z,0.1875,0.04,0.02069515914057106,-0.01930484085942894,0.04,0.1385
2014,1.0,20dB_nominal_difference,imag,vanilla_IBS2,REJECTED_PHYSICAL,XZ,y,-0.0625,x,0.0625,z,0.1875,0.04,0.026649773823758185,-0.013350226176241816,0.04,0.1385
2014,1.0,20dB_nominal_difference,imag,vanilla_IBS2,REJECTED_PHYSICAL,XZ,y,-0.0625,x,0.1875,z,0.1875,0.04,0.034398596686645404,-0.005601403313354597,0.04,0.1385
2014,1.0,20dB_nominal_difference,imag,vanilla_IBS2,REJECTED_PHYSICAL,XZ,y,-0.0625,x,0.3125,z,0.1875,0.04,0.041978355725027255,0.0019783557250272546,0.04,0.1385
2014,1.0,20dB_nominal_difference,imag,vanilla_IBS2,REJECTED_PHYSICAL,XZ,y,-0.0625,x,0.4375,z,0.1875,0.04,0.046869635722546085,0.006869635722546084,0.04,0.1385
2014,1.0,20dB_nominal_difference,imag,vanilla_IBS2,REJECTED_PHYSICAL,XZ,y,-0.0625,x,0.5625,z,0.1875,0.04,0.04627323524079338,0.00627323524079338,0.04,0.1385
2014,1.0,20dB_nominal_difference,imag,vanilla_IBS2,REJECTED_PHYSICAL,XZ,y,-0.0625,x,0.6875,z,0.1875,0.04,0.03917898431674435,-0.0008210156832556478,0.04,0.1385
2014,1.0,20dB_nominal_difference,imag,vanilla_IBS2,REJECTED_PHYSICAL,XZ,y,-0.0625,x,-0.6875,z,0.3125,0.04,0.03653767309557159,-0.003462326904428409,0.04,0.1385
2014,1.0,20dB_nominal_difference,imag,vanilla_IBS2,REJECTED_PHYSICAL,XZ,y,-0.0625,x,-0.5625,z,0.3125,0.04,0.029639512854159854,-0.010360487145840147,0.04,0.1385
2014,1.0,20dB_nominal_difference,imag,vanilla_IBS2,REJECTED_PHYSICAL,XZ,y,-0.0625,x,-0.4375,z,0.3125,0.04,0.023957013251688124,-0.016042986748311876,0.04,0.1385
2014,1.0,20dB_nominal_difference,imag,vanilla_IBS2,REJECTED_PHYSICAL,XZ,y,-0.0625,x,-0.3125,z,0.3125,0.04,0.020362627256187267,-0.019637372743812734,0.04,0.1385
2014,1.0,20dB_nominal_difference,imag,vanilla_IBS2,REJECTED_PHYSICAL,XZ,y,-0.0625,x,-0.1875,z,0.3125,0.04,0.019340436579348568,-0.020659563420651433,0.04,0.1385
2014,1.0,20dB_nominal_difference,imag,vanilla_IBS2,REJECTED_PHYSICAL,XZ,y,-0.0625,x,-0.0625,z,0.3125,0.04,0.021129087507484812,-0.01887091249251519,0.04,0.1385
2014,1.0,20dB_nominal_difference,imag,vanilla_IBS2,REJECTED_PHYSICAL,XZ,y,-0.0625,x,0.0625,z,0.3125,0.04,0.025491850810342505,-0.014508149189657496,0.04,0.1385
2014,1.0,20dB_nominal_difference,imag,vanilla_IBS2,REJECTED_PHYSICAL,XZ,y,-0.0625,x,0.1875,z,0.3125,0.04,0.03157970923436958,-0.008420290765630424,0.04,0.1385
2014,1.0,20dB_nominal_difference,imag,vanilla_IBS2,REJECTED_PHYSICAL,XZ,y,-0.0625,x,0.3125,z,0.3125,0.04,0.037904333203986396,-0.0020956667960136052,0.04,0.1385
2014,1.0,20dB_nominal_difference,imag,vanilla_IBS2,REJECTED_PHYSICAL,XZ,y,-0.0625,x,0.4375,z,0.3125,0.04,0.04242247112764505,0.0024224711276450497,0.04,0.1385
2014,1.0,20dB_nominal_difference,imag,vanilla_IBS2,REJECTED_PHYSICAL,XZ,y,-0.0625,x,0.5625,z,0.3125,0.04,0.042707380615208554,0.002707380615208553,0.04,0.1385
2014,1.0,20dB_nominal_difference,imag,vanilla_IBS2,REJECTED_PHYSICAL,XZ,y,-0.0625,x,0.6875,z,0.3125,0.04,0.03767540842845425,-0.002324591571545749,0.04,0.1385
2014,1.0,20dB_nominal_difference,imag,vanilla_IBS2,REJECTED_PHYSICAL,XZ,y,-0.0625,x,-0.6875,z,0.4375,0.04,0.037042191805553064,-0.002957808194446937,0.04,0.1385
2014,1.0,20dB_nominal_difference,imag,vanilla_IBS2,REJECTED_PHYSICAL,XZ,y,-0.0625,x,-0.5625,z,0.4375,0.04,0.03286513673578999,-0.007134863264210013,0.04,0.1385
2014,1.0,20dB_nominal_difference,imag,vanilla_IBS2,REJECTED_PHYSICAL,XZ,y,-0.0625,x,-0.4375,z,0.4375,0.04,0.029266572565458546,-0.010733427434541455,0.04,0.1385
2014,1.0,20dB_nominal_difference,imag,vanilla_IBS2,REJECTED_PHYSICAL,XZ,y,-0.0625,x,-0.3125,z,0.4375,0.04,0.026647457160344223,-0.013352542839655777,0.04,0.1385
2014,1.0,20dB_nominal_difference,imag,vanilla_IBS2,REJECTED_PHYSICAL,XZ,y,-0.0625,x,-0.1875,z,0.4375,0.04,0.025446452393043512,-0.014553547606956489,0.04,0.1385
2014,1.0,20dB_nominal_difference,imag,vanilla_IBS2,REJECTED_PHYSICAL,XZ,y,-0.0625,x,-0.0625,z,0.4375,0.04,0.026056902919803275,-0.013943097080196726,0.04,0.1385
2014,1.0,20dB_nominal_difference,imag,vanilla_IBS2,REJECTED_PHYSICAL,XZ,y,-0.0625,x,0.0625,z,0.4375,0.04,0.028563360673867135,-0.011436639326132866,0.04,0.1385
2014,1.0,20dB_nominal_difference,imag,vanilla_IBS2,REJECTED_PHYSICAL,XZ,y,-0.0625,x,0.1875,z,0.4375,0.04,0.03258184323959257,-0.007418156760407434,0.04,0.1385
2014,1.0,20dB_nominal_difference,imag,vanilla_IBS2,REJECTED_PHYSICAL,XZ,y,-0.0625,x,0.3125,z,0.4375,0.04,0.0371868348230488,-0.002813165176951203,0.04,0.1385
2014,1.0,20dB_nominal_difference,imag,vanilla_IBS2,REJECTED_PHYSICAL,XZ,y,-0.0625,x,0.4375,z,0.4375,0.04,0.04094358198735123,0.0009435819873512274,0.04,0.1385
2014,1.0,20dB_nominal_difference,imag,vanilla_IBS2,REJECTED_PHYSICAL,XZ,y,-0.0625,x,0.5625,z,0.4375,0.04,0.04202316942743931,0.0020231694274393114,0.04,0.1385
2014,1.0,20dB_nominal_difference,imag,vanilla_IBS2,REJECTED_PHYSICAL,XZ,y,-0.0625,x,0.6875,z,0.4375,0.04,0.039470821976808,-0.0005291780231920021,0.04,0.1385
2014,1.0,20dB_nominal_difference,imag,vanilla_IBS2,REJECTED_PHYSICAL,XZ,y,-0.0625,x,-0.6875,z,0.5625,0.04,0.03955279754034863,-0.00044720245965137323,0.04,0.1385
2014,1.0,20dB_nominal_difference,imag,vanilla_IBS2,REJECTED_PHYSICAL,XZ,y,-0.0625,x,-0.5625,z,0.5625,0.04,0.039781865695628534,-0.0002181343043714673,0.04,0.1385
2014,1.0,20dB_nominal_difference,imag,vanilla_IBS2,REJECTED_PHYSICAL,XZ,y,-0.0625,x,-0.4375,z,0.5625,0.04,0.03885665763998115,-0.0011433423600188536,0.04,0.1385
2014,1.0,20dB_nominal_difference,imag,vanilla_IBS2,REJECTED_PHYSICAL,XZ,y,-0.0625,x,-0.3125,z,0.5625,0.04,0.03736856833355252,-0.002631431666447484,0.04,0.1385
2014,1.0,20dB_nominal_difference,imag,vanilla_IBS2,REJECTED_PHYSICAL,XZ,y,-0.0625,x,-0.1875,z,0.5625,0.04,0.035960886924541274,-0.0040391130754587265,0.04,0.1385
2014,1.0,20dB_nominal_difference,imag,vanilla_IBS2,REJECTED_PHYSICAL,XZ,y,-0.0625,x,-0.0625,z,0.5625,0.04,0.03522019567440252,-0.004779804325597478,0.04,0.1385
2014,1.0,20dB_nominal_difference,imag,vanilla_IBS2,REJECTED_PHYSICAL,XZ,y,-0.0625,x,0.0625,z,0.5625,0.04,0.035565012411392684,-0.004434987588607317,0.04,0.1385
2014,1.0,20dB_nominal_difference,imag,vanilla_IBS2,REJECTED_PHYSICAL,XZ,y,-0.0625,x,0.1875,z,0.5625,0.04,0.03710400067625295,-0.0028959993237470533,0.04,0.1385
2014,1.0,20dB_nominal_difference,imag,vanilla_IBS2,REJECTED_PHYSICAL,XZ,y,-0.0625,x,0.3125,z,0.5625,0.04,0.039513069496823885,-0.00048693050317611536,0.04,0.1385
2014,1.0,20dB_nominal_difference,imag,vanilla_IBS2,REJECTED_PHYSICAL,XZ,y,-0.0625,x,0.4375,z,0.5625,0.04,0.04201622234800088,0.002016222348000876,0.04,0.1385
2014,1.0,20dB_nominal_difference,imag,vanilla_IBS2,REJECTED_PHYSICAL,XZ,y,-0.0625,x,0.5625,z,0.5625,0.04,0.04355988058056095,0.003559880580560948,0.04,0.1385
2014,1.0,20dB_nominal_difference,imag,vanilla_IBS2,REJECTED_PHYSICAL,XZ,y,-0.0625,x,0.6875,z,0.5625,0.04,0.04398907096934707,0.003989070969347072,0.04,0.1385
2014,1.0,20dB_nominal_difference,imag,vanilla_IBS2,REJECTED_PHYSICAL,XZ,y,-0.0625,x,-0.6875,z,0.6875,0.04,0.04771440731833336,0.007714407318333359,0.04,0.1385
2014,1.0,20dB_nominal_difference,imag,vanilla_IBS2,REJECTED_PHYSICAL,XZ,y,-0.0625,x,-0.5625,z,0.6875,0.04,0.05351154727348291,0.013511547273482909,0.04,0.1385
2014,1.0,20dB_nominal_difference,imag,vanilla_IBS2,REJECTED_PHYSICAL,XZ,y,-0.0625,x,-0.4375,z,0.6875,0.04,0.05456435416827625,0.014564354168276249,0.04,0.1385
2014,1.0,20dB_nominal_difference,imag,vanilla_IBS2,REJECTED_PHYSICAL,XZ,y,-0.0625,x,-0.3125,z,0.6875,0.04,0.053691617118396415,0.013691617118396414,0.04,0.1385
2014,1.0,20dB_nominal_difference,imag,vanilla_IBS2,REJECTED_PHYSICAL,XZ,y,-0.0625,x,-0.1875,z,0.6875,0.04,0.05157957265597353,0.011579572655973529,0.04,0.1385
2014,1.0,20dB_nominal_difference,imag,vanilla_IBS2,REJECTED_PHYSICAL,XZ,y,-0.0625,x,-0.0625,z,0.6875,0.04,0.048881608614015915,0.008881608614015914,0.04,0.1385
2014,1.0,20dB_nominal_difference,imag,vanilla_IBS2,REJECTED_PHYSICAL,XZ,y,-0.0625,x,0.0625,z,0.6875,0.04,0.04633309975115617,0.006333099751156167,0.04,0.1385
2014,1.0,20dB_nominal_difference,imag,vanilla_IBS2,REJECTED_PHYSICAL,XZ,y,-0.0625,x,0.1875,z,0.6875,0.04,0.04457826976309183,0.004578269763091829,0.04,0.1385
2014,1.0,20dB_nominal_difference,imag,vanilla_IBS2,REJECTED_PHYSICAL,XZ,y,-0.0625,x,0.3125,z,0.6875,0.04,0.04395042073769968,0.003950420737699682,0.04,0.1385
2014,1.0,20dB_nominal_difference,imag,vanilla_IBS2,REJECTED_PHYSICAL,XZ,y,-0.0625,x,0.4375,z,0.6875,0.04,0.04432630216429406,0.004326302164294062,0.04,0.1385
2014,1.0,20dB_nominal_difference,imag,vanilla_IBS2,REJECTED_PHYSICAL,XZ,y,-0.0625,x,0.5625,z,0.6875,0.04,0.045234159657708016,0.005234159657708015,0.04,0.1385
2014,1.0,20dB_nominal_difference,imag,vanilla_IBS2,REJECTED_PHYSICAL,XZ,y,-0.0625,x,0.6875,z,0.6875,0.04,0.04797447777638704,0.007974477776387039,0.04,0.1385
2014,1.0,20dB_nominal_difference,imag,vanilla_IBS2,REJECTED_PHYSICAL,YZ,x,-0.0625,y,-0.6875,z,-0.6875,0.04,0.04436769938991084,0.004367699389910842,0.04,0.1385
2014,1.0,20dB_nominal_difference,imag,vanilla_IBS2,REJECTED_PHYSICAL,YZ,x,-0.0625,y,-0.5625,z,-0.6875,0.04,0.04537187431001664,0.005371874310016636,0.04,0.1385
2014,1.0,20dB_nominal_difference,imag,vanilla_IBS2,REJECTED_PHYSICAL,YZ,x,-0.0625,y,-0.4375,z,-0.6875,0.04,0.0432606679922696,0.0032606679922696016,0.04,0.1385
2014,1.0,20dB_nominal_difference,imag,vanilla_IBS2,REJECTED_PHYSICAL,YZ,x,-0.0625,y,-0.3125,z,-0.6875,0.04,0.03987214652389969,-0.00012785347610030917,0.04,0.1385
2014,1.0,20dB_nominal_difference,imag,vanilla_IBS2,REJECTED_PHYSICAL,YZ,x,-0.0625,y,-0.1875,z,-0.6875,0.04,0.03600729876590291,-0.00399270123409709,0.04,0.1385
2014,1.0,20dB_nominal_difference,imag,vanilla_IBS2,REJECTED_PHYSICAL,YZ,x,-0.0625,y,-0.0625,z,-0.6875,0.04,0.032235448900791275,-0.007764551099208726,0.04,0.1385
2014,1.0,20dB_nominal_difference,imag,vanilla_IBS2,REJECTED_PHYSICAL,YZ,x,-0.0625,y,0.0625,z,-0.6875,0.04,0.028972031037782377,-0.011027968962217624,0.04,0.1385
2014,1.0,20dB_nominal_difference,imag,vanilla_IBS2,REJECTED_PHYSICAL,YZ,x,-0.0625,y,0.1875,z,-0.6875,0.04,0.026518549625172444,-0.013481450374827557,0.04,0.1385
2014,1.0,20dB_nominal_difference,imag,vanilla_IBS2,REJECTED_PHYSICAL,YZ,x,-0.0625,y,0.3125,z,-0.6875,0.04,0.025102957277598547,-0.014897042722401454,0.04,0.1385
2014,1.0,20dB_nominal_difference,imag,vanilla_IBS2,REJECTED_PHYSICAL,YZ,x,-0.0625,y,0.4375,z,-0.6875,0.04,0.02488086651319279,-0.015119133486807212,0.04,0.1385
2014,1.0,20dB_nominal_difference,imag,vanilla_IBS2,REJECTED_PHYSICAL,YZ,x,-0.0625,y,0.5625,z,-0.6875,0.04,0.025785204550657997,-0.014214795449342003,0.04,0.1385
2014,1.0,20dB_nominal_difference,imag,vanilla_IBS2,REJECTED_PHYSICAL,YZ,x,-0.0625,y,0.6875,z,-0.6875,0.04,0.026710730374519757,-0.013289269625480243,0.04,0.1385
2014,1.0,20dB_nominal_difference,imag,vanilla_IBS2,REJECTED_PHYSICAL,YZ,x,-0.0625,y,-0.6875,z,-0.5625,0.04,0.04984162431523258,0.009841624315232576,0.04,0.1385
2014,1.0,20dB_nominal_difference,imag,vanilla_IBS2,REJECTED_PHYSICAL,YZ,x,-0.0625,y,-0.5625,z,-0.5625,0.04,0.05184128699972611,0.011841286999726107,0.04,0.1385
2014,1.0,20dB_nominal_difference,imag,vanilla_IBS2,REJECTED_PHYSICAL,YZ,x,-0.0625,y,-0.4375,z,-0.5625,0.04,0.051095119121372594,0.011095119121372593,0.04,0.1385
2014,1.0,20dB_nominal_difference,imag,vanilla_IBS2,REJECTED_PHYSICAL,YZ,x,-0.0625,y,-0.3125,z,-0.5625,0.04,0.048803689608319746,0.008803689608319745,0.04,0.1385
2014,1.0,20dB_nominal_difference,imag,vanilla_IBS2,REJECTED_PHYSICAL,YZ,x,-0.0625,y,-0.1875,z,-0.5625,0.04,0.045636097173412854,0.005636097173412853,0.04,0.1385
2014,1.0,20dB_nominal_difference,imag,vanilla_IBS2,REJECTED_PHYSICAL,YZ,x,-0.0625,y,-0.0625,z,-0.5625,0.04,0.04216175752323549,0.00216175752323549,0.04,0.1385
2014,1.0,20dB_nominal_difference,imag,vanilla_IBS2,REJECTED_PHYSICAL,YZ,x,-0.0625,y,0.0625,z,-0.5625,0.04,0.03883082758275076,-0.0011691724172492382,0.04,0.1385
2014,1.0,20dB_nominal_difference,imag,vanilla_IBS2,REJECTED_PHYSICAL,YZ,x,-0.0625,y,0.1875,z,-0.5625,0.04,0.03599581646115747,-0.004004183538842528,0.04,0.1385
2014,1.0,20dB_nominal_difference,imag,vanilla_IBS2,REJECTED_PHYSICAL,YZ,x,-0.0625,y,0.3125,z,-0.5625,0.04,0.03394488792106551,-0.006055112078934492,0.04,0.1385
2014,1.0,20dB_nominal_difference,imag,vanilla_IBS2,REJECTED_PHYSICAL,YZ,x,-0.0625,y,0.4375,z,-0.5625,0.04,0.03291839424566001,-0.007081605754339991,0.04,0.1385
2014,1.0,20dB_nominal_difference,imag,vanilla_IBS2,REJECTED_PHYSICAL,YZ,x,-0.0625,y,0.5625,z,-0.5625,0.04,0.03310485398950156,-0.00689514601049844,0.04,0.1385
2014,1.0,20dB_nominal_difference,imag,vanilla_IBS2,REJECTED_PHYSICAL,YZ,x,-0.0625,y,0.6875,z,-0.5625,0.04,0.034755182443395635,-0.005244817556604366,0.04,0.1385
2014,1.0,20dB_nominal_difference,imag,vanilla_IBS2,REJECTED_PHYSICAL,YZ,x,-0.0625,y,-0.6875,z,-0.4375,0.04,0.05095316514727903,0.01095316514727903,0.04,0.1385
2014,1.0,20dB_nominal_difference,imag,vanilla_IBS2,REJECTED_PHYSICAL,YZ,x,-0.0625,y,-0.5625,z,-0.4375,0.04,0.05360027116437145,0.013600271164371451,0.04,0.1385
2014,1.0,20dB_nominal_difference,imag,vanilla_IBS2,REJECTED_PHYSICAL,YZ,x,-0.0625,y,-0.4375,z,-0.4375,0.04,0.05344132148684133,0.01344132148684133,0.04,0.1385
2014,1.0,20dB_nominal_difference,imag,vanilla_IBS2,REJECTED_PHYSICAL,YZ,x,-0.0625,y,-0.3125,z,-0.4375,0.04,0.051800689473110506,0.011800689473110505,0.04,0.1385
2014,1.0,20dB_nominal_difference,imag,vanilla_IBS2,REJECTED_PHYSICAL,YZ,x,-0.0625,y,-0.1875,z,-0.4375,0.04,0.04916949540892267,0.009169495408922666,0.04,0.1385
2014,1.0,20dB_nominal_difference,imag,vanilla_IBS2,REJECTED_PHYSICAL,YZ,x,-0.0625,y,-0.0625,z,-0.4375,0.04,0.04605628630061052,0.006056286300610517,0.04,0.1385
2014,1.0,20dB_nominal_difference,imag,vanilla_IBS2,REJECTED_PHYSICAL,YZ,x,-0.0625,y,0.0625,z,-0.4375,0.04,0.04290613667817888,0.0029061366781788778,0.04,0.1385
2014,1.0,20dB_nominal_difference,imag,vanilla_IBS2,REJECTED_PHYSICAL,YZ,x,-0.0625,y,0.1875,z,-0.4375,0.04,0.04009429463887193,9.429463887192929e-05,0.04,0.1385
2014,1.0,20dB_nominal_difference,imag,vanilla_IBS2,REJECTED_PHYSICAL,YZ,x,-0.0625,y,0.3125,z,-0.4375,0.04,0.0379539281464291,-0.002046071853570898,0.04,0.1385
2014,1.0,20dB_nominal_difference,imag,vanilla_IBS2,REJECTED_PHYSICAL,YZ,x,-0.0625,y,0.4375,z,-0.4375,0.04,0.03680966681149216,-0.003190333188507838,0.04,0.1385
2014,1.0,20dB_nominal_difference,imag,vanilla_IBS2,REJECTED_PHYSICAL,YZ,x,-0.0625,y,0.5625,z,-0.4375,0.04,0.03701799898979473,-0.002982001010205272,0.04,0.1385
2014,1.0,20dB_nominal_difference,imag,vanilla_IBS2,REJECTED_PHYSICAL,YZ,x,-0.0625,y,0.6875,z,-0.4375,0.04,0.03883196944297011,-0.001168030557029888,0.04,0.1385
2014,1.0,20dB_nominal_difference,imag,vanilla_IBS2,REJECTED_PHYSICAL,YZ,x,-0.0625,y,-0.6875,z,-0.3125,0.04,0.048509342157024696,0.008509342157024695,0.04,0.1385
2014,1.0,20dB_nominal_difference,imag,vanilla_IBS2,REJECTED_PHYSICAL,YZ,x,-0.0625,y,-0.5625,z,-0.3125,0.04,0.051179322337051525,0.011179322337051524,0.04,0.1385
2014,1.0,20dB_nominal_difference,imag,vanilla_IBS2,REJECTED_PHYSICAL,YZ,x,-0.0625,y,-0.4375,z,-0.3125,0.04,0.05088739250701391,0.010887392507013906,0.04,0.1385
2014,1.0,20dB_nominal_difference,imag,vanilla_IBS2,REJECTED_PHYSICAL,YZ,x,-0.0625,y,-0.3125,z,-0.3125,0.04,0.04929701612193092,0.009297016121930922,0.04,0.1385
2014,1.0,20dB_nominal_difference,imag,vanilla_IBS2,REJECTED_PHYSICAL,YZ,x,-0.0625,y,-0.1875,z,-0.3125,0.04,0.046831348282183265,0.006831348282183264,0.04,0.1385
2014,1.0,20dB_nominal_difference,imag,vanilla_IBS2,REJECTED_PHYSICAL,YZ,x,-0.0625,y,-0.0625,z,-0.3125,0.04,0.043956611869476594,0.003956611869476594,0.04,0.1385
2014,1.0,20dB_nominal_difference,imag,vanilla_IBS2,REJECTED_PHYSICAL,YZ,x,-0.0625,y,0.0625,z,-0.3125,0.04,0.0411037502064944,0.0011037502064943985,0.04,0.1385
2014,1.0,20dB_nominal_difference,imag,vanilla_IBS2,REJECTED_PHYSICAL,YZ,x,-0.0625,y,0.1875,z,-0.3125,0.04,0.03864996958182627,-0.0013500304181737338,0.04,0.1385
2014,1.0,20dB_nominal_difference,imag,vanilla_IBS2,REJECTED_PHYSICAL,YZ,x,-0.0625,y,0.3125,z,-0.3125,0.04,0.036941442948186756,-0.0030585570518132446,0.04,0.1385
2014,1.0,20dB_nominal_difference,imag,vanilla_IBS2,REJECTED_PHYSICAL,YZ,x,-0.0625,y,0.4375,z,-0.3125,0.04,0.036327165828897855,-0.003672834171102146,0.04,0.1385
2014,1.0,20dB_nominal_difference,imag,vanilla_IBS2,REJECTED_PHYSICAL,YZ,x,-0.0625,y,0.5625,z,-0.3125,0.04,0.037179104983669525,-0.0028208950163304755,0.04,0.1385
2014,1.0,20dB_nominal_difference,imag,vanilla_IBS2,REJECTED_PHYSICAL,YZ,x,-0.0625,y,0.6875,z,-0.3125,0.04,0.03947686668853105,-0.0005231333114689499,0.04,0.1385
2014,1.0,20dB_nominal_difference,imag,vanilla_IBS2,REJECTED_PHYSICAL,YZ,x,-0.0625,y,-0.6875,z,-0.1875,0.04,0.04441034351937844,0.00441034351937844,0.04,0.1385
2014,1.0,20dB_nominal_difference,imag,vanilla_IBS2,REJECTED_PHYSICAL,YZ,x,-0.0625,y,-0.5625,z,-0.1875,0.04,0.046407465584424566,0.006407465584424565,0.04,0.1385
2014,1.0,20dB_nominal_difference,imag,vanilla_IBS2,REJECTED_PHYSICAL,YZ,x,-0.0625,y,-0.4375,z,-0.1875,0.04,0.045404586024370204,0.005404586024370203,0.04,0.1385
2014,1.0,20dB_nominal_difference,imag,vanilla_IBS2,REJECTED_PHYSICAL,YZ,x,-0.0625,y,-0.3125,z,-0.1875,0.1385,0.04338966057411637,-0.09511033942588365,0.04,0.1385
2014,1.0,20dB_nominal_difference,imag,vanilla_IBS2,REJECTED_PHYSICAL,YZ,x,-0.0625,y,-0.1875,z,-0.1875,0.04,0.04077855995043075,0.0007785599504307461,0.04,0.1385
2014,1.0,20dB_nominal_difference,imag,vanilla_IBS2,REJECTED_PHYSICAL,YZ,x,-0.0625,y,-0.0625,z,-0.1875,0.04,0.03801792770962579,-0.001982072290374212,0.04,0.1385
2014,1.0,20dB_nominal_difference,imag,vanilla_IBS2,REJECTED_PHYSICAL,YZ,x,-0.0625,y,0.0625,z,-0.1875,0.04,0.03551765868544139,-0.004482341314558609,0.04,0.1385
2014,1.0,20dB_nominal_difference,imag,vanilla_IBS2,REJECTED_PHYSICAL,YZ,x,-0.0625,y,0.1875,z,-0.1875,0.04,0.033632572145567016,-0.006367427854432985,0.04,0.1385
2014,1.0,20dB_nominal_difference,imag,vanilla_IBS2,REJECTED_PHYSICAL,YZ,x,-0.0625,y,0.3125,z,-0.1875,0.04,0.032685299365420604,-0.007314700634579396,0.04,0.1385
2014,1.0,20dB_nominal_difference,imag,vanilla_IBS2,REJECTED_PHYSICAL,YZ,x,-0.0625,y,0.4375,z,-0.1875,0.04,0.03299926476690481,-0.00700073523309519,0.04,0.1385
2014,1.0,20dB_nominal_difference,imag,vanilla_IBS2,REJECTED_PHYSICAL,YZ,x,-0.0625,y,0.5625,z,-0.1875,0.04,0.034904292351209114,-0.005095707648790887,0.04,0.1385
2014,1.0,20dB_nominal_difference,imag,vanilla_IBS2,REJECTED_PHYSICAL,YZ,x,-0.0625,y,0.6875,z,-0.1875,0.04,0.038084738508940584,-0.0019152614910594168,0.04,0.1385
2014,1.0,20dB_nominal_difference,imag,vanilla_IBS2,REJECTED_PHYSICAL,YZ,x,-0.0625,y,-0.6875,z,-0.0625,0.04,0.04047160599871311,0.00047160599871311215,0.04,0.1385
2014,1.0,20dB_nominal_difference,imag,vanilla_IBS2,REJECTED_PHYSICAL,YZ,x,-0.0625,y,-0.5625,z,-0.0625,0.04,0.04125606592017908,0.0012560659201790794,0.04,0.1385
2014,1.0,20dB_nominal_difference,imag,vanilla_IBS2,REJECTED_PHYSICAL,YZ,x,-0.0625,y,-0.4375,z,-0.0625,0.04,0.03915388746510127,-0.0008461125348987325,0.04,0.1385
2014,1.0,20dB_nominal_difference,imag,vanilla_IBS2,REJECTED_PHYSICAL,YZ,x,-0.0625,y,-0.3125,z,-0.0625,0.04,0.0364030061935316,-0.0035969938064683987,0.04,0.1385
2014,1.0,20dB_nominal_difference,imag,vanilla_IBS2,REJECTED_PHYSICAL,YZ,x,-0.0625,y,-0.1875,z,-0.0625,0.04,0.03343544465275866,-0.0065645553472413395,0.04,0.1385
2014,1.0,20dB_nominal_difference,imag,vanilla_IBS2,REJECTED_PHYSICAL,YZ,x,-0.0625,y,-0.0625,z,-0.0625,0.04,0.030686528858528517,-0.009313471141471484,0.04,0.1385
2014,1.0,20dB_nominal_difference,imag,vanilla_IBS2,REJECTED_PHYSICAL,YZ,x,-0.0625,y,0.0625,z,-0.0625,0.04,0.02853375197411249,-0.01146624802588751,0.04,0.1385
2014,1.0,20dB_nominal_difference,imag,vanilla_IBS2,REJECTED_PHYSICAL,YZ,x,-0.0625,y,0.1875,z,-0.0625,0.04,0.027284507824286347,-0.012715492175713654,0.04,0.1385
2014,1.0,20dB_nominal_difference,imag,vanilla_IBS2,REJECTED_PHYSICAL,YZ,x,-0.0625,y,0.3125,z,-0.0625,0.04,0.027206529977768148,-0.012793470022231853,0.04,0.1385
2014,1.0,20dB_nominal_difference,imag,vanilla_IBS2,REJECTED_PHYSICAL,YZ,x,-0.0625,y,0.4375,z,-0.0625,0.04,0.028568577494115708,-0.011431422505884293,0.04,0.1385
2014,1.0,20dB_nominal_difference,imag,vanilla_IBS2,REJECTED_PHYSICAL,YZ,x,-0.0625,y,0.5625,z,-0.0625,0.04,0.031648689598907286,-0.008351310401092715,0.04,0.1385
2014,1.0,20dB_nominal_difference,imag,vanilla_IBS2,REJECTED_PHYSICAL,YZ,x,-0.0625,y,0.6875,z,-0.0625,0.04,0.03587354949590472,-0.004126450504095283,0.04,0.1385
2014,1.0,20dB_nominal_difference,imag,vanilla_IBS2,REJECTED_PHYSICAL,YZ,x,-0.0625,y,-0.6875,z,0.0625,0.04,0.03803709435684831,-0.0019629056431516925,0.04,0.1385
2014,1.0,20dB_nominal_difference,imag,vanilla_IBS2,REJECTED_PHYSICAL,YZ,x,-0.0625,y,-0.5625,z,0.0625,0.04,0.03737643969974086,-0.002623560300259141,0.04,0.1385
2014,1.0,20dB_nominal_difference,imag,vanilla_IBS2,REJECTED_PHYSICAL,YZ,x,-0.0625,y,-0.4375,z,0.0625,0.04,0.03405742268285402,-0.005942577317145981,0.04,0.1385
2014,1.0,20dB_nominal_difference,imag,vanilla_IBS2,REJECTED_PHYSICAL,YZ,x,-0.0625,y,-0.3125,z,0.0625,0.04,0.030471072751508205,-0.009528927248491796,0.04,0.1385
2014,1.0,20dB_nominal_difference,imag,vanilla_IBS2,REJECTED_PHYSICAL,YZ,x,-0.0625,y,-0.1875,z,0.0625,0.04,0.02707407124336364,-0.012925928756636361,0.04,0.1385
2014,1.0,20dB_nominal_difference,imag,vanilla_IBS2,REJECTED_PHYSICAL,YZ,x,-0.0625,y,-0.0625,z,0.0625,0.04,0.024286767896857502,-0.0157132321031425,0.04,0.1385
2014,1.0,20dB_nominal_difference,imag,vanilla_IBS2,REJECTED_PHYSICAL,YZ,x,-0.0625,y,0.0625,z,0.0625,0.04,0.02243672518934665,-0.01756327481065335,0.04,0.1385
2014,1.0,20dB_nominal_difference,imag,vanilla_IBS2,REJECTED_PHYSICAL,YZ,x,-0.0625,y,0.1875,z,0.0625,0.04,0.02175796079878974,-0.018242039201210262,0.04,0.1385
2014,1.0,20dB_nominal_difference,imag,vanilla_IBS2,REJECTED_PHYSICAL,YZ,x,-0.0625,y,0.3125,z,0.0625,0.04,0.022436787272038204,-0.017563212727961797,0.04,0.1385
2014,1.0,20dB_nominal_difference,imag,vanilla_IBS2,REJECTED_PHYSICAL,YZ,x,-0.0625,y,0.4375,z,0.0625,0.04,0.024670487553462322,-0.015329512446537678,0.04,0.1385
2014,1.0,20dB_nominal_difference,imag,vanilla_IBS2,REJECTED_PHYSICAL,YZ,x,-0.0625,y,0.5625,z,0.0625,0.04,0.028693430727442414,-0.011306569272557587,0.04,0.1385
2014,1.0,20dB_nominal_difference,imag,vanilla_IBS2,REJECTED_PHYSICAL,YZ,x,-0.0625,y,0.6875,z,0.0625,0.04,0.03375263323365767,-0.006247366766342334,0.04,0.1385
2014,1.0,20dB_nominal_difference,imag,vanilla_IBS2,REJECTED_PHYSICAL,YZ,x,-0.0625,y,-0.6875,z,0.1875,0.04,0.037759412630404735,-0.0022405873695952663,0.04,0.1385
2014,1.0,20dB_nominal_difference,imag,vanilla_IBS2,REJECTED_PHYSICAL,YZ,x,-0.0625,y,-0.5625,z,0.1875,0.04,0.03581947987052371,-0.004180520129476291,0.04,0.1385
2014,1.0,20dB_nominal_difference,imag,vanilla_IBS2,REJECTED_PHYSICAL,YZ,x,-0.0625,y,-0.4375,z,0.1875,0.04,0.03148736634248593,-0.00851263365751407,0.04,0.1385
2014,1.0,20dB_nominal_difference,imag,vanilla_IBS2,REJECTED_PHYSICAL,YZ,x,-0.0625,y,-0.3125,z,0.1875,0.04,0.02721283064609458,-0.01278716935390542,0.04,0.1385
2014,1.0,20dB_nominal_difference,imag,vanilla_IBS2,REJECTED_PHYSICAL,YZ,x,-0.0625,y,-0.1875,z,0.1875,0.04,0.023483907038907494,-0.016516092961092507,0.04,0.1385
2014,1.0,20dB_nominal_difference,imag,vanilla_IBS2,REJECTED_PHYSICAL,YZ,x,-0.0625,y,-0.0625,z,0.1875,0.04,0.02069515914057106,-0.01930484085942894,0.04,0.1385
2014,1.0,20dB_nominal_difference,imag,vanilla_IBS2,REJECTED_PHYSICAL,YZ,x,-0.0625,y,0.0625,z,0.1875,0.04,0.01910054526343847,-0.020899454736561532,0.04,0.1385
2014,1.0,20dB_nominal_difference,imag,vanilla_IBS2,REJECTED_PHYSICAL,YZ,x,-0.0625,y,0.1875,z,0.1875,0.04,0.018832801445962263,-0.021167198554037737,0.04,0.1385
2014,1.0,20dB_nominal_difference,imag,vanilla_IBS2,REJECTED_PHYSICAL,YZ,x,-0.0625,y,0.3125,z,0.1875,0.04,0.01997167845720615,-0.02002832154279385,0.04,0.1385
2014,1.0,20dB_nominal_difference,imag,vanilla_IBS2,REJECTED_PHYSICAL,YZ,x,-0.0625,y,0.4375,z,0.1875,0.04,0.02262810274047606,-0.01737189725952394,0.04,0.1385
2014,1.0,20dB_nominal_difference,imag,vanilla_IBS2,REJECTED_PHYSICAL,YZ,x,-0.0625,y,0.5625,z,0.1875,0.04,0.027002235388612808,-0.012997764611387193,0.04,0.1385
2014,1.0,20dB_nominal_difference,imag,vanilla_IBS2,REJECTED_PHYSICAL,YZ,x,-0.0625,y,0.6875,z,0.1875,0.04,0.032276290936065884,-0.007723709063934117,0.04,0.1385
2014,1.0,20dB_nominal_difference,imag,vanilla_IBS2,REJECTED_PHYSICAL,YZ,x,-0.0625,y,-0.6875,z,0.3125,0.04,0.03957939838437338,-0.00042060161562661874,0.04,0.1385
2014,1.0,20dB_nominal_difference,imag,vanilla_IBS2,REJECTED_PHYSICAL,YZ,x,-0.0625,y,-0.5625,z,0.3125,0.04,0.03694953379019279,-0.003050466209807208,0.04,0.1385
2014,1.0,20dB_nominal_difference,imag,vanilla_IBS2,REJECTED_PHYSICAL,YZ,x,-0.0625,y,-0.4375,z,0.3125,0.04,0.032116767380382605,-0.007883232619617396,0.04,0.1385
2014,1.0,20dB_nominal_difference,imag,vanilla_IBS2,REJECTED_PHYSICAL,YZ,x,-0.0625,y,-0.3125,z,0.3125,0.04,0.02754340142719984,-0.01245659857280016,0.04,0.1385
2014,1.0,20dB_nominal_difference,imag,vanilla_IBS2,REJECTED_PHYSICAL,YZ,x,-0.0625,y,-0.1875,z,0.3125,0.04,0.02376437139023378,-0.016235628609766222,0.04,0.1385
2014,1.0,20dB_nominal_difference,imag,vanilla_IBS2,REJECTED_PHYSICAL,YZ,x,-0.0625,y,-0.0625,z,0.3125,0.04,0.021129087507484812,-0.01887091249251519,0.04,0.1385
2014,1.0,20dB_nominal_difference,imag,vanilla_IBS2,REJECTED_PHYSICAL,YZ,x,-0.0625,y,0.0625,z,0.3125,0.04,0.019785895425679073,-0.020214104574320928,0.04,0.1385
2014,1.0,20dB_nominal_difference,imag,vanilla_IBS2,REJECTED_PHYSICAL,YZ,x,-0.0625,y,0.1875,z,0.3125,0.04,0.019736049039352787,-0.020263950960647214,0.04,0.1385
2014,1.0,20dB_nominal_difference,imag,vanilla_IBS2,REJECTED_PHYSICAL,YZ,x,-0.0625,y,0.3125,z,0.3125,0.04,0.02092797887393568,-0.01907202112606432,0.04,0.1385
2014,1.0,20dB_nominal_difference,imag,vanilla_IBS2,REJECTED_PHYSICAL,YZ,x,-0.0625,y,0.4375,z,0.3125,0.04,0.023365452227659095,-0.016634547772340906,0.04,0.1385
2014,1.0,20dB_nominal_difference,imag,vanilla_IBS2,REJECTED_PHYSICAL,YZ,x,-0.0625,y,0.5625,z,0.3125,0.04,0.027205906408527873,-0.012794093591472128,0.04,0.1385
2014,1.0,20dB_nominal_difference,imag,vanilla_IBS2,REJECTED_PHYSICAL,YZ,x,-0.0625,y,0.6875,z,0.3125,0.04,0.03169697404802893,-0.00830302595197107,0.04,0.1385
2014,1.0,20dB_nominal_difference,imag,vanilla_IBS2,REJECTED_PHYSICAL,YZ,x,-0.0625,y,-0.6875,z,0.4375,0.04,0.04292897872855344,0.0029289787285534385,0.04,0.1385
2014,1.0,20dB_nominal_difference,imag,vanilla_IBS2,REJECTED_PHYSICAL,YZ,x,-0.0625,y,-0.5625,z,0.4375,0.04,0.04055049898810756,0.0005504989881075575,0.04,0.1385
2014,1.0,20dB_nominal_difference,imag,vanilla_IBS2,REJECTED_PHYSICAL,YZ,x,-0.0625,y,-0.4375,z,0.4375,0.04,0.03592110374375236,-0.00407889625624764,0.04,0.1385
2014,1.0,20dB_nominal_difference,imag,vanilla_IBS2,REJECTED_PHYSICAL,YZ,x,-0.0625,y,-0.3125,z,0.4375,0.04,0.0316202430984943,-0.008379756901505699,0.04,0.1385
2014,1.0,20dB_nominal_difference,imag,vanilla_IBS2,REJECTED_PHYSICAL,YZ,x,-0.0625,y,-0.1875,z,0.4375,0.04,0.02824626295504034,-0.011753737044959661,0.04,0.1385
2014,1.0,20dB_nominal_difference,imag,vanilla_IBS2,REJECTED_PHYSICAL,YZ,x,-0.0625,y,-0.0625,z,0.4375,0.04,0.026056902919803275,-0.013943097080196726,0.04,0.1385
2014,1.0,20dB_nominal_difference,imag,vanilla_IBS2,REJECTED_PHYSICAL,YZ,x,-0.0625,y,0.0625,z,0.4375,0.04,0.025048603701269205,-0.014951396298730796,0.04,0.1385
2014,1.0,20dB_nominal_difference,imag,vanilla_IBS2,REJECTED_PHYSICAL,YZ,x,-0.0625,y,0.1875,z,0.4375,0.04,0.02506045033457,-0.01493954966543,0.04,0.1385
2014,1.0,20dB_nominal_difference,imag,vanilla_IBS2,REJECTED_PHYSICAL,YZ,x,-0.0625,y,0.3125,z,0.4375,0.04,0.025891186035938332,-0.014108813964061669,0.04,0.1385
2014,1.0,20dB_nominal_difference,imag,vanilla_IBS2,REJECTED_PHYSICAL,YZ,x,-0.0625,y,0.4375,z,0.4375,0.04,0.027414190169358046,-0.012585809830641954,0.04,0.1385
2014,1.0,20dB_nominal_difference,imag,vanilla_IBS2,REJECTED_PHYSICAL,YZ,x,-0.0625,y,0.5625,z,0.4375,0.04,0.029690617645591562,-0.010309382354408439,0.04,0.1385
2014,1.0,20dB_nominal_difference,imag,vanilla_IBS2,REJECTED_PHYSICAL,YZ,x,-0.0625,y,0.6875,z,0.4375,0.04,0.03209951427852663,-0.007900485721473373,0.04,0.1385
2014,1.0,20dB_nominal_difference,imag,vanilla_IBS2,REJECTED_PHYSICAL,YZ,x,-0.0625,y,-0.6875,z,0.5625,0.04,0.04727735164513036,0.00727735164513036,0.04,0.1385
2014,1.0,20dB_nominal_difference,imag,vanilla_IBS2,REJECTED_PHYSICAL,YZ,x,-0.0625,y,-0.5625,z,0.5625,0.04,0.0460802214059224,0.006080221405922397,0.04,0.1385
2014,1.0,20dB_nominal_difference,imag,vanilla_IBS2,REJECTED_PHYSICAL,YZ,x,-0.0625,y,-0.4375,z,0.5625,0.04,0.04225683195571381,0.0022568319557138075,0.04,0.1385
2014,1.0,20dB_nominal_difference,imag,vanilla_IBS2,REJECTED_PHYSICAL,YZ,x,-0.0625,y,-0.3125,z,0.5625,0.04,0.038890318778411814,-0.0011096812215881866,0.04,0.1385
2014,1.0,20dB_nominal_difference,imag,vanilla_IBS2,REJECTED_PHYSICAL,YZ,x,-0.0625,y,-0.1875,z,0.5625,0.04,0.03652771305667213,-0.003472286943327872,0.04,0.1385
2014,1.0,20dB_nominal_difference,imag,vanilla_IBS2,REJECTED_PHYSICAL,YZ,x,-0.0625,y,-0.0625,z,0.5625,0.04,0.03522019567440252,-0.004779804325597478,0.04,0.1385
2014,1.0,20dB_nominal_difference,imag,vanilla_IBS2,REJECTED_PHYSICAL,YZ,x,-0.0625,y,0.0625,z,0.5625,0.04,0.034750075992083504,-0.005249924007916497,0.04,0.1385
2014,1.0,20dB_nominal_difference,imag,vanilla_IBS2,REJECTED_PHYSICAL,YZ,x,-0.0625,y,0.1875,z,0.5625,0.04,0.03476771356610126,-0.005232286433898739,0.04,0.1385
2014,1.0,20dB_nominal_difference,imag,vanilla_IBS2,REJECTED_PHYSICAL,YZ,x,-0.0625,y,0.3125,z,0.5625,0.04,0.03492112430012528,-0.005078875699874724,0.04,0.1385
2014,1.0,20dB_nominal_difference,imag,vanilla_IBS2,REJECTED_PHYSICAL,YZ,x,-0.0625,y,0.4375,z,0.5625,0.04,0.03496049664158203,-0.00503950335841797,0.04,0.1385
2014,1.0,20dB_nominal_difference,imag,vanilla_IBS2,REJECTED_PHYSICAL,YZ,x,-0.0625,y,0.5625,z,0.5625,0.04,0.0347727551063187,-0.0052272448936813015,0.04,0.1385
2014,1.0,20dB_nominal_difference,imag,vanilla_IBS2,REJECTED_PHYSICAL,YZ,x,-0.0625,y,0.6875,z,0.5625,0.04,0.03361356241253069,-0.006386437587469311,0.04,0.1385
2014,1.0,20dB_nominal_difference,imag,vanilla_IBS2,REJECTED_PHYSICAL,YZ,x,-0.0625,y,-0.6875,z,0.6875,0.04,0.054645766990584634,0.014645766990584633,0.04,0.1385
2014,1.0,20dB_nominal_difference,imag,vanilla_IBS2,REJECTED_PHYSICAL,YZ,x,-0.0625,y,-0.5625,z,0.6875,0.04,0.05327322892964496,0.013273228929644956,0.04,0.1385
2014,1.0,20dB_nominal_difference,imag,vanilla_IBS2,REJECTED_PHYSICAL,YZ,x,-0.0625,y,-0.4375,z,0.6875,0.04,0.05058287542388786,0.01058287542388786,0.04,0.1385
2014,1.0,20dB_nominal_difference,imag,vanilla_IBS2,REJECTED_PHYSICAL,YZ,x,-0.0625,y,-0.3125,z,0.6875,0.04,0.04905755881411346,0.009057558814113457,0.04,0.1385
2014,1.0,20dB_nominal_difference,imag,vanilla_IBS2,REJECTED_PHYSICAL,YZ,x,-0.0625,y,-0.1875,z,0.6875,0.04,0.04860294783036807,0.008602947830368073,0.04,0.1385
2014,1.0,20dB_nominal_difference,imag,vanilla_IBS2,REJECTED_PHYSICAL,YZ,x,-0.0625,y,-0.0625,z,0.6875,0.04,0.048881608614015915,0.008881608614015914,0.04,0.1385
2014,1.0,20dB_nominal_difference,imag,vanilla_IBS2,REJECTED_PHYSICAL,YZ,x,-0.0625,y,0.0625,z,0.6875,0.04,0.04938716784874722,0.00938716784874722,0.04,0.1385
2014,1.0,20dB_nominal_difference,imag,vanilla_IBS2,REJECTED_PHYSICAL,YZ,x,-0.0625,y,0.1875,z,0.6875,0.04,0.049543340924729104,0.009543340924729103,0.04,0.1385
2014,1.0,20dB_nominal_difference,imag,vanilla_IBS2,REJECTED_PHYSICAL,YZ,x,-0.0625,y,0.3125,z,0.6875,0.04,0.04884369633987814,0.008843696339878138,0.04,0.1385
2014,1.0,20dB_nominal_difference,imag,vanilla_IBS2,REJECTED_PHYSICAL,YZ,x,-0.0625,y,0.4375,z,0.6875,0.04,0.04697904915398539,0.006979049153985388,0.04,0.1385
2014,1.0,20dB_nominal_difference,imag,vanilla_IBS2,REJECTED_PHYSICAL,YZ,x,-0.0625,y,0.5625,z,0.6875,0.04,0.04383044755841099,0.0038304475584109918,0.04,0.1385
2014,1.0,20dB_nominal_difference,imag,vanilla_IBS2,REJECTED_PHYSICAL,YZ,x,-0.0625,y,0.6875,z,0.6875,0.04,0.0379494566118054,-0.0020505433881946034,0.04,0.1385
2014,1.0,20dB_nominal_difference,imag,A23_compressed_feedback,OK,XY,z,-0.0625,x,-0.6875,y,-0.6875,0.04,0.04668722306191011,0.006687223061910108,0.04,0.1385
2014,1.0,20dB_nominal_difference,imag,A23_compressed_feedback,OK,XY,z,-0.0625,x,-0.5625,y,-0.6875,0.04,0.04397211222206474,0.0039721122220647415,0.04,0.1385
2014,1.0,20dB_nominal_difference,imag,A23_compressed_feedback,OK,XY,z,-0.0625,x,-0.4375,y,-0.6875,0.04,0.04197825823031628,0.0019782582303162766,0.04,0.1385
2014,1.0,20dB_nominal_difference,imag,A23_compressed_feedback,OK,XY,z,-0.0625,x,-0.3125,y,-0.6875,0.04,0.0398690669485395,-0.00013093305146050227,0.04,0.1385
2014,1.0,20dB_nominal_difference,imag,A23_compressed_feedback,OK,XY,z,-0.0625,x,-0.1875,y,-0.6875,0.04,0.038365409991252555,-0.0016345900087474455,0.04,0.1385
2014,1.0,20dB_nominal_difference,imag,A23_compressed_feedback,OK,XY,z,-0.0625,x,-0.0625,y,-0.6875,0.04,0.037976892934708344,-0.002023107065291657,0.04,0.1385
2014,1.0,20dB_nominal_difference,imag,A23_compressed_feedback,OK,XY,z,-0.0625,x,0.0625,y,-0.6875,0.04,0.038771091432396744,-0.0012289085676032568,0.04,0.1385
2014,1.0,20dB_nominal_difference,imag,A23_compressed_feedback,OK,XY,z,-0.0625,x,0.1875,y,-0.6875,0.04,0.040311327031914375,0.00031132703191437405,0.04,0.1385
2014,1.0,20dB_nominal_difference,imag,A23_compressed_feedback,OK,XY,z,-0.0625,x,0.3125,y,-0.6875,0.04,0.04171074826199381,0.0017107482619938066,0.04,0.1385
2014,1.0,20dB_nominal_difference,imag,A23_compressed_feedback,OK,XY,z,-0.0625,x,0.4375,y,-0.6875,0.04,0.04181955052355157,0.0018195505235515663,0.04,0.1385
2014,1.0,20dB_nominal_difference,imag,A23_compressed_feedback,OK,XY,z,-0.0625,x,0.5625,y,-0.6875,0.04,0.0396237803702366,-0.00037621962976339823,0.04,0.1385
2014,1.0,20dB_nominal_difference,imag,A23_compressed_feedback,OK,XY,z,-0.0625,x,0.6875,y,-0.6875,0.04,0.035617201947680456,-0.004382798052319545,0.04,0.1385
2014,1.0,20dB_nominal_difference,imag,A23_compressed_feedback,OK,XY,z,-0.0625,x,-0.6875,y,-0.5625,0.04,0.04867736453563955,0.008677364535639547,0.04,0.1385
2014,1.0,20dB_nominal_difference,imag,A23_compressed_feedback,OK,XY,z,-0.0625,x,-0.5625,y,-0.5625,0.04,0.04401667386422492,0.004016673864224919,0.04,0.1385
2014,1.0,20dB_nominal_difference,imag,A23_compressed_feedback,OK,XY,z,-0.0625,x,-0.4375,y,-0.5625,0.04,0.04079810076709134,0.0007981007670913379,0.04,0.1385
2014,1.0,20dB_nominal_difference,imag,A23_compressed_feedback,OK,XY,z,-0.0625,x,-0.3125,y,-0.5625,0.04,0.03888303407253316,-0.001116965927466844,0.04,0.1385
2014,1.0,20dB_nominal_difference,imag,A23_compressed_feedback,OK,XY,z,-0.0625,x,-0.1875,y,-0.5625,0.04,0.038574769950631964,-0.001425230049368037,0.04,0.1385
2014,1.0,20dB_nominal_difference,imag,A23_compressed_feedback,OK,XY,z,-0.0625,x,-0.0625,y,-0.5625,0.04,0.04000031131742209,3.113174220914505e-07,0.04,0.1385
2014,1.0,20dB_nominal_difference,imag,A23_compressed_feedback,OK,XY,z,-0.0625,x,0.0625,y,-0.5625,0.04,0.04281973624649834,0.002819736246498339,0.04,0.1385
2014,1.0,20dB_nominal_difference,imag,A23_compressed_feedback,OK,XY,z,-0.0625,x,0.1875,y,-0.5625,0.04,0.04613251279521248,0.006132512795212479,0.04,0.1385
2014,1.0,20dB_nominal_difference,imag,A23_compressed_feedback,OK,XY,z,-0.0625,x,0.3125,y,-0.5625,0.04,0.048532172031786745,0.008532172031786744,0.04,0.1385
2014,1.0,20dB_nominal_difference,imag,A23_compressed_feedback,OK,XY,z,-0.0625,x,0.4375,y,-0.5625,0.04,0.048282324817704406,0.008282324817704405,0.04,0.1385
2014,1.0,20dB_nominal_difference,imag,A23_compressed_feedback,OK,XY,z,-0.0625,x,0.5625,y,-0.5625,0.04,0.043544581757025996,0.0035445817570259955,0.04,0.1385
2014,1.0,20dB_nominal_difference,imag,A23_compressed_feedback,OK,XY,z,-0.0625,x,0.6875,y,-0.5625,0.04,0.033176943206123265,-0.006823056793876736,0.04,0.1385
2014,1.0,20dB_nominal_difference,imag,A23_compressed_feedback,OK,XY,z,-0.0625,x,-0.6875,y,-0.4375,0.04,0.044919064872308186,0.004919064872308185,0.04,0.1385
2014,1.0,20dB_nominal_difference,imag,A23_compressed_feedback,OK,XY,z,-0.0625,x,-0.5625,y,-0.4375,0.04,0.04027929798303616,0.0002792979830361572,0.04,0.1385
2014,1.0,20dB_nominal_difference,imag,A23_compressed_feedback,OK,XY,z,-0.0625,x,-0.4375,y,-0.4375,0.04,0.03670842282182538,-0.003291577178174618,0.04,0.1385
2014,1.0,20dB_nominal_difference,imag,A23_compressed_feedback,OK,XY,z,-0.0625,x,-0.3125,y,-0.4375,0.04,0.03509162015746592,-0.004908379842534082,0.04,0.1385
2014,1.0,20dB_nominal_difference,imag,A23_compressed_feedback,OK,XY,z,-0.0625,x,-0.1875,y,-0.4375,0.04,0.035888514560656885,-0.0041114854393431155,0.04,0.1385
2014,1.0,20dB_nominal_difference,imag,A23_compressed_feedback,OK,XY,z,-0.0625,x,-0.0625,y,-0.4375,0.04,0.039067298494367624,-0.0009327015056323773,0.04,0.1385
2014,1.0,20dB_nominal_difference,imag,A23_compressed_feedback,OK,XY,z,-0.0625,x,0.0625,y,-0.4375,0.04,0.04397843113648638,0.003978431136486382,0.04,0.1385
2014,1.0,20dB_nominal_difference,imag,A23_compressed_feedback,OK,XY,z,-0.0625,x,0.1875,y,-0.4375,0.04,0.04930836150420807,0.009308361504208072,0.04,0.1385
2014,1.0,20dB_nominal_difference,imag,A23_compressed_feedback,OK,XY,z,-0.0625,x,0.3125,y,-0.4375,0.04,0.0531601206397264,0.013160120639726401,0.04,0.1385
2014,1.0,20dB_nominal_difference,imag,A23_compressed_feedback,OK,XY,z,-0.0625,x,0.4375,y,-0.4375,0.04,0.05324967629958727,0.013249676299587267,0.04,0.1385
2014,1.0,20dB_nominal_difference,imag,A23_compressed_feedback,OK,XY,z,-0.0625,x,0.5625,y,-0.4375,0.04,0.04717688548296103,0.007176885482961026,0.04,0.1385
2014,1.0,20dB_nominal_difference,imag,A23_compressed_feedback,OK,XY,z,-0.0625,x,0.6875,y,-0.4375,0.04,0.0339206677687812,-0.006079332231218801,0.04,0.1385
2014,1.0,20dB_nominal_difference,imag,A23_compressed_feedback,OK,XY,z,-0.0625,x,-0.6875,y,-0.3125,0.04,0.04137783554651547,0.0013778355465154726,0.04,0.1385
2014,1.0,20dB_nominal_difference,imag,A23_compressed_feedback,OK,XY,z,-0.0625,x,-0.5625,y,-0.3125,0.04,0.03645273009342036,-0.0035472699065796434,0.04,0.1385
2014,1.0,20dB_nominal_difference,imag,A23_compressed_feedback,OK,XY,z,-0.0625,x,-0.4375,y,-0.3125,0.04,0.03257782317958163,-0.007422176820418368,0.04,0.1385
2014,1.0,20dB_nominal_difference,imag,A23_compressed_feedback,OK,XY,z,-0.0625,x,-0.3125,y,-0.3125,0.04,0.03109519468551053,-0.008904805314489471,0.04,0.1385
2014,1.0,20dB_nominal_difference,imag,A23_compressed_feedback,OK,XY,z,-0.0625,x,-0.1875,y,-0.3125,0.04,0.03262388832356563,-0.0073761116764343715,0.04,0.1385
2014,1.0,20dB_nominal_difference,imag,A23_compressed_feedback,OK,XY,z,-0.0625,x,-0.0625,y,-0.3125,0.04,0.0371058215191631,-0.0028941784808369023,0.04,0.1385
2014,1.0,20dB_nominal_difference,imag,A23_compressed_feedback,OK,XY,z,-0.0625,x,0.0625,y,-0.3125,0.1385,0.04371806316234885,-0.09478193683765115,0.04,0.1385
2014,1.0,20dB_nominal_difference,imag,A23_compressed_feedback,OK,XY,z,-0.0625,x,0.1875,y,-0.3125,0.04,0.05086612198781863,0.010866121987818632,0.04,0.1385
2014,1.0,20dB_nominal_difference,imag,A23_compressed_feedback,OK,XY,z,-0.0625,x,0.3125,y,-0.3125,0.04,0.05630044669538985,0.016300446695389846,0.04,0.1385
2014,1.0,20dB_nominal_difference,imag,A23_compressed_feedback,OK,XY,z,-0.0625,x,0.4375,y,-0.3125,0.04,0.05735978437109177,0.01735978437109177,0.04,0.1385
2014,1.0,20dB_nominal_difference,imag,A23_compressed_feedback,OK,XY,z,-0.0625,x,0.5625,y,-0.3125,0.04,0.05133485121512508,0.011334851215125077,0.04,0.1385
2014,1.0,20dB_nominal_difference,imag,A23_compressed_feedback,OK,XY,z,-0.0625,x,0.6875,y,-0.3125,0.04,0.03737392318850546,-0.002626076811494543,0.04,0.1385
2014,1.0,20dB_nominal_difference,imag,A23_compressed_feedback,OK,XY,z,-0.0625,x,-0.6875,y,-0.1875,0.04,0.039892436935152785,-0.0001075630648472159,0.04,0.1385
2014,1.0,20dB_nominal_difference,imag,A23_compressed_feedback,OK,XY,z,-0.0625,x,-0.5625,y,-0.1875,0.04,0.03415278990340269,-0.005847210096597312,0.04,0.1385
2014,1.0,20dB_nominal_difference,imag,A23_compressed_feedback,OK,XY,z,-0.0625,x,-0.4375,y,-0.1875,0.04,0.029551879818139837,-0.010448120181860164,0.04,0.1385
2014,1.0,20dB_nominal_difference,imag,A23_compressed_feedback,OK,XY,z,-0.0625,x,-0.3125,y,-0.1875,0.093,0.027728853067354512,-0.06527114693264549,0.04,0.1385
2014,1.0,20dB_nominal_difference,imag,A23_compressed_feedback,OK,XY,z,-0.0625,x,-0.1875,y,-0.1875,0.093,0.029400981977822826,-0.06359901802217717,0.04,0.1385
2014,1.0,20dB_nominal_difference,imag,A23_compressed_feedback,OK,XY,z,-0.0625,x,-0.0625,y,-0.1875,0.04,0.03454227417658683,-0.005457725823413168,0.04,0.1385
2014,1.0,20dB_nominal_difference,imag,A23_compressed_feedback,OK,XY,z,-0.0625,x,0.0625,y,-0.1875,0.04,0.04227280425360365,0.0022728042536036483,0.04,0.1385
2014,1.0,20dB_nominal_difference,imag,A23_compressed_feedback,OK,XY,z,-0.0625,x,0.1875,y,-0.1875,0.04,0.05086157929305729,0.01086157929305729,0.04,0.1385
2014,1.0,20dB_nominal_difference,imag,A23_compressed_feedback,OK,XY,z,-0.0625,x,0.3125,y,-0.1875,0.04,0.05786695873291894,0.017866958732918936,0.04,0.1385
2014,1.0,20dB_nominal_difference,imag,A23_compressed_feedback,OK,XY,z,-0.0625,x,0.4375,y,-0.1875,0.04,0.06041572611447939,0.020415726114479386,0.04,0.1385
2014,1.0,20dB_nominal_difference,imag,A23_compressed_feedback,OK,XY,z,-0.0625,x,0.5625,y,-0.1875,0.04,0.05561486143548659,0.015614861435486592,0.04,0.1385
2014,1.0,20dB_nominal_difference,imag,A23_compressed_feedback,OK,XY,z,-0.0625,x,0.6875,y,-0.1875,0.04,0.04262176567206971,0.0026217656720697105,0.04,0.1385
2014,1.0,20dB_nominal_difference,imag,A23_compressed_feedback,OK,XY,z,-0.0625,x,-0.6875,y,-0.0625,0.04,0.04108380351467227,0.0010838035146722713,0.04,0.1385
2014,1.0,20dB_nominal_difference,imag,A23_compressed_feedback,OK,XY,z,-0.0625,x,-0.5625,y,-0.0625,0.04,0.034130524990168526,-0.005869475009831475,0.04,0.1385
2014,1.0,20dB_nominal_difference,imag,A23_compressed_feedback,OK,XY,z,-0.0625,x,-0.4375,y,-0.0625,0.04,0.028351551181407305,-0.011648448818592696,0.04,0.1385
2014,1.0,20dB_nominal_difference,imag,A23_compressed_feedback,OK,XY,z,-0.0625,x,-0.3125,y,-0.0625,0.093,0.02564371648555773,-0.06735628351444227,0.04,0.1385
2014,1.0,20dB_nominal_difference,imag,A23_compressed_feedback,OK,XY,z,-0.0625,x,-0.1875,y,-0.0625,0.093,0.02680359031719577,-0.06619640968280423,0.04,0.1385
2014,1.0,20dB_nominal_difference,imag,A23_compressed_feedback,OK,XY,z,-0.0625,x,-0.0625,y,-0.0625,0.04,0.031874419700639325,-0.008125580299360675,0.04,0.1385
2014,1.0,20dB_nominal_difference,imag,A23_compressed_feedback,OK,XY,z,-0.0625,x,0.0625,y,-0.0625,0.04,0.040011112013876686,1.1112013876685145e-05,0.04,0.1385
2014,1.0,20dB_nominal_difference,imag,A23_compressed_feedback,OK,XY,z,-0.0625,x,0.1875,y,-0.0625,0.04,0.049477984274913026,0.009477984274913025,0.04,0.1385
2014,1.0,20dB_nominal_difference,imag,A23_compressed_feedback,OK,XY,z,-0.0625,x,0.3125,y,-0.0625,0.04,0.05779562823363431,0.017795628233634307,0.04,0.1385
2014,1.0,20dB_nominal_difference,imag,A23_compressed_feedback,OK,XY,z,-0.0625,x,0.4375,y,-0.0625,0.04,0.062031204790511066,0.022031204790511065,0.04,0.1385
2014,1.0,20dB_nominal_difference,imag,A23_compressed_feedback,OK,XY,z,-0.0625,x,0.5625,y,-0.0625,0.04,0.05921788769116208,0.019217887691162082,0.04,0.1385
2014,1.0,20dB_nominal_difference,imag,A23_compressed_feedback,OK,XY,z,-0.0625,x,0.6875,y,-0.0625,0.04,0.048416785775182214,0.008416785775182213,0.04,0.1385
2014,1.0,20dB_nominal_difference,imag,A23_compressed_feedback,OK,XY,z,-0.0625,x,-0.6875,y,0.0625,0.04,0.04463841249948928,0.004638412499489278,0.04,0.1385
2014,1.0,20dB_nominal_difference,imag,A23_compressed_feedback,OK,XY,z,-0.0625,x,-0.5625,y,0.0625,0.04,0.036321291507228584,-0.0036787084927714167,0.04,0.1385
2014,1.0,20dB_nominal_difference,imag,A23_compressed_feedback,OK,XY,z,-0.0625,x,-0.4375,y,0.0625,0.04,0.029121232802125304,-0.010878767197874697,0.04,0.1385
2014,1.0,20dB_nominal_difference,imag,A23_compressed_feedback,OK,XY,z,-0.0625,x,-0.3125,y,0.0625,0.04,0.025144840600343575,-0.014855159399656426,0.04,0.1385
2014,1.0,20dB_nominal_difference,imag,A23_compressed_feedback,OK,XY,z,-0.0625,x,-0.1875,y,0.0625,0.04,0.025257502204724912,-0.014742497795275089,0.04,0.1385
2014,1.0,20dB_nominal_difference,imag,A23_compressed_feedback,OK,XY,z,-0.0625,x,-0.0625,y,0.0625,0.04,0.029588756668083013,-0.010411243331916988,0.04,0.1385
2014,1.0,20dB_nominal_difference,imag,A23_compressed_feedback,OK,XY,z,-0.0625,x,0.0625,y,0.0625,0.04,0.0373899053977137,-0.0026100946022862975,0.04,0.1385
2014,1.0,20dB_nominal_difference,imag,A23_compressed_feedback,OK,XY,z,-0.0625,x,0.1875,y,0.0625,0.04,0.047026426136177024,0.007026426136177023,0.04,0.1385
2014,1.0,20dB_nominal_difference,imag,A23_compressed_feedback,OK,XY,z,-0.0625,x,0.3125,y,0.0625,0.11575000000000002,0.05611837782886213,-0.05963162217113789,0.04,0.1385
2014,1.0,20dB_nominal_difference,imag,A23_compressed_feedback,OK,XY,z,-0.0625,x,0.4375,y,0.0625,0.04,0.06182008463336208,0.02182008463336208,0.04,0.1385
2014,1.0,20dB_nominal_difference,imag,A23_compressed_feedback,OK,XY,z,-0.0625,x,0.5625,y,0.0625,0.04,0.06122161813845467,0.02122161813845467,0.04,0.1385
2014,1.0,20dB_nominal_difference,imag,A23_compressed_feedback,OK,XY,z,-0.0625,x,0.6875,y,0.0625,0.04,0.053255694762983204,0.013255694762983203,0.04,0.1385
2014,1.0,20dB_nominal_difference,imag,A23_compressed_feedback,OK,XY,z,-0.0625,x,-0.6875,y,0.1875,0.04,0.04953347452538264,0.00953347452538264,0.04,0.1385
2014,1.0,20dB_nominal_difference,imag,A23_compressed_feedback,OK,XY,z,-0.0625,x,-0.5625,y,0.1875,0.04,0.04000974051337591,9.740513375912363e-06,0.04,0.1385
2014,1.0,20dB_nominal_difference,imag,A23_compressed_feedback,OK,XY,z,-0.0625,x,-0.4375,y,0.1875,0.04,0.03148037488590792,-0.008519625114092079,0.04,0.1385
2014,1.0,20dB_nominal_difference,imag,A23_compressed_feedback,OK,XY,z,-0.0625,x,-0.3125,y,0.1875,0.04,0.026175051346510936,-0.013824948653489065,0.04,0.1385
2014,1.0,20dB_nominal_difference,imag,A23_compressed_feedback,OK,XY,z,-0.0625,x,-0.1875,y,0.1875,0.04,0.02498992959772915,-0.015010070402270852,0.04,0.1385
2014,1.0,20dB_nominal_difference,imag,A23_compressed_feedback,OK,XY,z,-0.0625,x,-0.0625,y,0.1875,0.04,0.028119024986415657,-0.011880975013584344,0.04,0.1385
2014,1.0,20dB_nominal_difference,imag,A23_compressed_feedback,OK,XY,z,-0.0625,x,0.0625,y,0.1875,0.04,0.034930515999956016,-0.005069484000043985,0.04,0.1385
2014,1.0,20dB_nominal_difference,imag,A23_compressed_feedback,OK,XY,z,-0.0625,x,0.1875,y,0.1875,0.11575000000000002,0.04396261666503477,-0.07178738333496525,0.04,0.1385
2014,1.0,20dB_nominal_difference,imag,A23_compressed_feedback,OK,XY,z,-0.0625,x,0.3125,y,0.1875,0.11575000000000002,0.05304968229677075,-0.06270031770322927,0.04,0.1385
2014,1.0,20dB_nominal_difference,imag,A23_compressed_feedback,OK,XY,z,-0.0625,x,0.4375,y,0.1875,0.11575000000000002,0.059572549542395756,-0.056177450457604264,0.04,0.1385
2014,1.0,20dB_nominal_difference,imag,A23_compressed_feedback,OK,XY,z,-0.0625,x,0.5625,y,0.1875,0.04,0.0608225322411341,0.020822532241134097,0.04,0.1385
2014,1.0,20dB_nominal_difference,imag,A23_compressed_feedback,OK,XY,z,-0.0625,x,0.6875,y,0.1875,0.04,0.055633597629435816,0.015633597629435815,0.04,0.1385
2014,1.0,20dB_nominal_difference,imag,A23_compressed_feedback,OK,XY,z,-0.0625,x,-0.6875,y,0.3125,0.04,0.05434350672518949,0.01434350672518949,0.04,0.1385
2014,1.0,20dB_nominal_difference,imag,A23_compressed_feedback,OK,XY,z,-0.0625,x,-0.5625,y,0.3125,0.04,0.04407724688571929,0.004077246885719289,0.04,0.1385
2014,1.0,20dB_nominal_difference,imag,A23_compressed_feedback,OK,XY,z,-0.0625,x,-0.4375,y,0.3125,0.04,0.03468629741890582,-0.005313702581094183,0.04,0.1385
2014,1.0,20dB_nominal_difference,imag,A23_compressed_feedback,OK,XY,z,-0.0625,x,-0.3125,y,0.3125,0.04,0.02840292133434772,-0.01159707866565228,0.04,0.1385
2014,1.0,20dB_nominal_difference,imag,A23_compressed_feedback,OK,XY,z,-0.0625,x,-0.1875,y,0.3125,0.04,0.026062379602927878,-0.013937620397072123,0.04,0.1385
2014,1.0,20dB_nominal_difference,imag,A23_compressed_feedback,OK,XY,z,-0.0625,x,-0.0625,y,0.3125,0.04,0.027844876064209267,-0.012155123935790733,0.04,0.1385
2014,1.0,20dB_nominal_difference,imag,A23_compressed_feedback,OK,XY,z,-0.0625,x,0.0625,y,0.3125,0.04,0.03320721455898176,-0.006792785441018238,0.04,0.1385
2014,1.0,20dB_nominal_difference,imag,A23_compressed_feedback,OK,XY,z,-0.0625,x,0.1875,y,0.3125,0.04,0.04089476008850154,0.0008947600885015408,0.04,0.1385
2014,1.0,20dB_nominal_difference,imag,A23_compressed_feedback,OK,XY,z,-0.0625,x,0.3125,y,0.3125,0.11575000000000002,0.04904772090371722,-0.06670227909628279,0.04,0.1385
2014,1.0,20dB_nominal_difference,imag,A23_compressed_feedback,OK,XY,z,-0.0625,x,0.4375,y,0.3125,0.04,0.055401277977315394,0.015401277977315393,0.04,0.1385
2014,1.0,20dB_nominal_difference,imag,A23_compressed_feedback,OK,XY,z,-0.0625,x,0.5625,y,0.3125,0.04,0.057582967344821004,0.017582967344821003,0.04,0.1385
2014,1.0,20dB_nominal_difference,imag,A23_compressed_feedback,OK,XY,z,-0.0625,x,0.6875,y,0.3125,0.04,0.054382677386221386,0.014382677386221385,0.04,0.1385
2014,1.0,20dB_nominal_difference,imag,A23_compressed_feedback,OK,XY,z,-0.0625,x,-0.6875,y,0.4375,0.04,0.057611901278589214,0.017611901278589213,0.04,0.1385
2014,1.0,20dB_nominal_difference,imag,A23_compressed_feedback,OK,XY,z,-0.0625,x,-0.5625,y,0.4375,0.04,0.047287976139014185,0.007287976139014184,0.04,0.1385
2014,1.0,20dB_nominal_difference,imag,A23_compressed_feedback,OK,XY,z,-0.0625,x,-0.4375,y,0.4375,0.04,0.03784608634294747,-0.002153913657052531,0.04,0.1385
2014,1.0,20dB_nominal_difference,imag,A23_compressed_feedback,OK,XY,z,-0.0625,x,-0.3125,y,0.4375,0.04,0.03136492906638025,-0.008635070933619753,0.04,0.1385
2014,1.0,20dB_nominal_difference,imag,A23_compressed_feedback,OK,XY,z,-0.0625,x,-0.1875,y,0.4375,0.04,0.028443123720921053,-0.011556876279078948,0.04,0.1385
2014,1.0,20dB_nominal_difference,imag,A23_compressed_feedback,OK,XY,z,-0.0625,x,-0.0625,y,0.4375,0.04,0.029105803088104086,-0.010894196911895915,0.04,0.1385
2014,1.0,20dB_nominal_difference,imag,A23_compressed_feedback,OK,XY,z,-0.0625,x,0.0625,y,0.4375,0.04,0.03282469573560197,-0.007175304264398032,0.04,0.1385
2014,1.0,20dB_nominal_difference,imag,A23_compressed_feedback,OK,XY,z,-0.0625,x,0.1875,y,0.4375,0.04,0.038553503990419936,-0.0014464960095800644,0.04,0.1385
2014,1.0,20dB_nominal_difference,imag,A23_compressed_feedback,OK,XY,z,-0.0625,x,0.3125,y,0.4375,0.04,0.04481235110245911,0.00481235110245911,0.04,0.1385
2014,1.0,20dB_nominal_difference,imag,A23_compressed_feedback,OK,XY,z,-0.0625,x,0.4375,y,0.4375,0.04,0.04981748937622797,0.009817489376227971,0.04,0.1385
2014,1.0,20dB_nominal_difference,imag,A23_compressed_feedback,OK,XY,z,-0.0625,x,0.5625,y,0.4375,0.04,0.05164983503290235,0.011649835032902352,0.04,0.1385
2014,1.0,20dB_nominal_difference,imag,A23_compressed_feedback,OK,XY,z,-0.0625,x,0.6875,y,0.4375,0.04,0.049043163041010446,0.009043163041010445,0.04,0.1385
2014,1.0,20dB_nominal_difference,imag,A23_compressed_feedback,OK,XY,z,-0.0625,x,-0.6875,y,0.5625,0.04,0.05825631291055908,0.018256312910559076,0.04,0.1385
2014,1.0,20dB_nominal_difference,imag,A23_compressed_feedback,OK,XY,z,-0.0625,x,-0.5625,y,0.5625,0.04,0.04853348162095294,0.008533481620952937,0.04,0.1385
2014,1.0,20dB_nominal_difference,imag,A23_compressed_feedback,OK,XY,z,-0.0625,x,-0.4375,y,0.5625,0.04,0.04012131157442185,0.00012131157442184931,0.04,0.1385
2014,1.0,20dB_nominal_difference,imag,A23_compressed_feedback,OK,XY,z,-0.0625,x,-0.3125,y,0.5625,0.04,0.03461290488122395,-0.005387095118776053,0.04,0.1385
2014,1.0,20dB_nominal_difference,imag,A23_compressed_feedback,OK,XY,z,-0.0625,x,-0.1875,y,0.5625,0.04,0.03207405125187196,-0.00792594874812804,0.04,0.1385
2014,1.0,20dB_nominal_difference,imag,A23_compressed_feedback,OK,XY,z,-0.0625,x,-0.0625,y,0.5625,0.04,0.03219399638150118,-0.0078060036184988205,0.04,0.1385
2014,1.0,20dB_nominal_difference,imag,A23_compressed_feedback,OK,XY,z,-0.0625,x,0.0625,y,0.5625,0.04,0.034358233679647215,-0.005641766320352785,0.04,0.1385
2014,1.0,20dB_nominal_difference,imag,A23_compressed_feedback,OK,XY,z,-0.0625,x,0.1875,y,0.5625,0.04,0.03770243228004978,-0.002297567719950218,0.04,0.1385
2014,1.0,20dB_nominal_difference,imag,A23_compressed_feedback,OK,XY,z,-0.0625,x,0.3125,y,0.5625,0.04,0.04118616331735335,0.001186163317353349,0.04,0.1385
2014,1.0,20dB_nominal_difference,imag,A23_compressed_feedback,OK,XY,z,-0.0625,x,0.4375,y,0.5625,0.04,0.04366411904518823,0.0036641190451882286,0.04,0.1385
2014,1.0,20dB_nominal_difference,imag,A23_compressed_feedback,OK,XY,z,-0.0625,x,0.5625,y,0.5625,0.04,0.04387373517566606,0.0038737351756660612,0.04,0.1385
2014,1.0,20dB_nominal_difference,imag,A23_compressed_feedback,OK,XY,z,-0.0625,x,0.6875,y,0.5625,0.04,0.040325441004133794,0.00032544100413379323,0.04,0.1385
2014,1.0,20dB_nominal_difference,imag,A23_compressed_feedback,OK,XY,z,-0.0625,x,-0.6875,y,0.6875,0.04,0.05518172347020172,0.015181723470201719,0.04,0.1385
2014,1.0,20dB_nominal_difference,imag,A23_compressed_feedback,OK,XY,z,-0.0625,x,-0.5625,y,0.6875,0.04,0.04578812135111737,0.0057881213511173715,0.04,0.1385
2014,1.0,20dB_nominal_difference,imag,A23_compressed_feedback,OK,XY,z,-0.0625,x,-0.4375,y,0.6875,0.04,0.039670796010337905,-0.00032920398966209546,0.04,0.1385
2014,1.0,20dB_nominal_difference,imag,A23_compressed_feedback,OK,XY,z,-0.0625,x,-0.3125,y,0.6875,0.04,0.03656970697752913,-0.0034302930224708733,0.04,0.1385
2014,1.0,20dB_nominal_difference,imag,A23_compressed_feedback,OK,XY,z,-0.0625,x,-0.1875,y,0.6875,0.04,0.03571783953020008,-0.004282160469799921,0.04,0.1385
2014,1.0,20dB_nominal_difference,imag,A23_compressed_feedback,OK,XY,z,-0.0625,x,-0.0625,y,0.6875,0.04,0.036306899597969934,-0.0036931004020300667,0.04,0.1385
2014,1.0,20dB_nominal_difference,imag,A23_compressed_feedback,OK,XY,z,-0.0625,x,0.0625,y,0.6875,0.04,0.03750757369024277,-0.0024924263097572327,0.04,0.1385
2014,1.0,20dB_nominal_difference,imag,A23_compressed_feedback,OK,XY,z,-0.0625,x,0.1875,y,0.6875,0.04,0.03855095243570006,-0.001449047564299942,0.04,0.1385
2014,1.0,20dB_nominal_difference,imag,A23_compressed_feedback,OK,XY,z,-0.0625,x,0.3125,y,0.6875,0.04,0.038822577636494625,-0.001177422363505376,0.04,0.1385
2014,1.0,20dB_nominal_difference,imag,A23_compressed_feedback,OK,XY,z,-0.0625,x,0.4375,y,0.6875,0.04,0.03794666829857851,-0.002053331701421489,0.04,0.1385
2014,1.0,20dB_nominal_difference,imag,A23_compressed_feedback,OK,XY,z,-0.0625,x,0.5625,y,0.6875,0.04,0.035826003976165546,-0.0041739960238344545,0.04,0.1385
2014,1.0,20dB_nominal_difference,imag,A23_compressed_feedback,OK,XY,z,-0.0625,x,0.6875,y,0.6875,0.04,0.031846673664388855,-0.008153326335611145,0.04,0.1385
2014,1.0,20dB_nominal_difference,imag,A23_compressed_feedback,OK,XZ,y,-0.0625,x,-0.6875,z,-0.6875,0.04,0.03261206381111399,-0.007387936188886009,0.04,0.1385
2014,1.0,20dB_nominal_difference,imag,A23_compressed_feedback,OK,XZ,y,-0.0625,x,-0.5625,z,-0.6875,0.04,0.0334823334734237,-0.006517666526576302,0.04,0.1385
2014,1.0,20dB_nominal_difference,imag,A23_compressed_feedback,OK,XZ,y,-0.0625,x,-0.4375,z,-0.6875,0.04,0.030277595513571218,-0.009722404486428783,0.04,0.1385
2014,1.0,20dB_nominal_difference,imag,A23_compressed_feedback,OK,XZ,y,-0.0625,x,-0.3125,z,-0.6875,0.04,0.028680443008281598,-0.011319556991718403,0.04,0.1385
2014,1.0,20dB_nominal_difference,imag,A23_compressed_feedback,OK,XZ,y,-0.0625,x,-0.1875,z,-0.6875,0.04,0.02968868964485074,-0.010311310355149261,0.04,0.1385
2014,1.0,20dB_nominal_difference,imag,A23_compressed_feedback,OK,XZ,y,-0.0625,x,-0.0625,z,-0.6875,0.04,0.0331018458691591,-0.006898154130840904,0.04,0.1385
2014,1.0,20dB_nominal_difference,imag,A23_compressed_feedback,OK,XZ,y,-0.0625,x,0.0625,z,-0.6875,0.04,0.03786447862044844,-0.002135521379551558,0.04,0.1385
2014,1.0,20dB_nominal_difference,imag,A23_compressed_feedback,OK,XZ,y,-0.0625,x,0.1875,z,-0.6875,0.04,0.042335857397196454,0.002335857397196453,0.04,0.1385
2014,1.0,20dB_nominal_difference,imag,A23_compressed_feedback,OK,XZ,y,-0.0625,x,0.3125,z,-0.6875,0.04,0.044664497736636076,0.004664497736636075,0.04,0.1385
2014,1.0,20dB_nominal_difference,imag,A23_compressed_feedback,OK,XZ,y,-0.0625,x,0.4375,z,-0.6875,0.04,0.04330520093769077,0.0033052009376907665,0.04,0.1385
2014,1.0,20dB_nominal_difference,imag,A23_compressed_feedback,OK,XZ,y,-0.0625,x,0.5625,z,-0.6875,0.04,0.03786389540431318,-0.002136104595686819,0.04,0.1385
2014,1.0,20dB_nominal_difference,imag,A23_compressed_feedback,OK,XZ,y,-0.0625,x,0.6875,z,-0.6875,0.04,0.03157342615150754,-0.008426573848492463,0.04,0.1385
2014,1.0,20dB_nominal_difference,imag,A23_compressed_feedback,OK,XZ,y,-0.0625,x,-0.6875,z,-0.5625,0.04,0.03693320678601724,-0.0030667932139827603,0.04,0.1385
2014,1.0,20dB_nominal_difference,imag,A23_compressed_feedback,OK,XZ,y,-0.0625,x,-0.5625,z,-0.5625,0.04,0.03709688498814038,-0.002903115011859622,0.04,0.1385
2014,1.0,20dB_nominal_difference,imag,A23_compressed_feedback,OK,XZ,y,-0.0625,x,-0.4375,z,-0.5625,0.04,0.035382873013123706,-0.004617126986876295,0.04,0.1385
2014,1.0,20dB_nominal_difference,imag,A23_compressed_feedback,OK,XZ,y,-0.0625,x,-0.3125,z,-0.5625,0.04,0.035201817681415636,-0.004798182318584365,0.04,0.1385
2014,1.0,20dB_nominal_difference,imag,A23_compressed_feedback,OK,XZ,y,-0.0625,x,-0.1875,z,-0.5625,0.04,0.03774846711260829,-0.0022515328873917093,0.04,0.1385
2014,1.0,20dB_nominal_difference,imag,A23_compressed_feedback,OK,XZ,y,-0.0625,x,-0.0625,z,-0.5625,0.04,0.043047265004573974,0.0030472650045739735,0.04,0.1385
2014,1.0,20dB_nominal_difference,imag,A23_compressed_feedback,OK,XZ,y,-0.0625,x,0.0625,z,-0.5625,0.04,0.05011785449468562,0.010117854494685621,0.04,0.1385
2014,1.0,20dB_nominal_difference,imag,A23_compressed_feedback,OK,XZ,y,-0.0625,x,0.1875,z,-0.5625,0.04,0.05722351337752733,0.01722351337752733,0.04,0.1385
2014,1.0,20dB_nominal_difference,imag,A23_compressed_feedback,OK,XZ,y,-0.0625,x,0.3125,z,-0.5625,0.04,0.06223553759707923,0.022235537597079226,0.04,0.1385
2014,1.0,20dB_nominal_difference,imag,A23_compressed_feedback,OK,XZ,y,-0.0625,x,0.4375,z,-0.5625,0.04,0.06310262611390408,0.023102626113904075,0.04,0.1385
2014,1.0,20dB_nominal_difference,imag,A23_compressed_feedback,OK,XZ,y,-0.0625,x,0.5625,z,-0.5625,0.04,0.05832107432851663,0.01832107432851663,0.04,0.1385
2014,1.0,20dB_nominal_difference,imag,A23_compressed_feedback,OK,XZ,y,-0.0625,x,0.6875,z,-0.5625,0.04,0.04702096990598215,0.007020969905982152,0.04,0.1385
2014,1.0,20dB_nominal_difference,imag,A23_compressed_feedback,OK,XZ,y,-0.0625,x,-0.6875,z,-0.4375,0.04,0.041550541127456,0.0015505411274559996,0.04,0.1385
2014,1.0,20dB_nominal_difference,imag,A23_compressed_feedback,OK,XZ,y,-0.0625,x,-0.5625,z,-0.4375,0.04,0.03983918225495418,-0.00016081774504582425,0.04,0.1385
2014,1.0,20dB_nominal_difference,imag,A23_compressed_feedback,OK,XZ,y,-0.0625,x,-0.4375,z,-0.4375,0.04,0.03777305650185325,-0.002226943498146748,0.04,0.1385
2014,1.0,20dB_nominal_difference,imag,A23_compressed_feedback,OK,XZ,y,-0.0625,x,-0.3125,z,-0.4375,0.04,0.037789852570302686,-0.002210147429697315,0.04,0.1385
2014,1.0,20dB_nominal_difference,imag,A23_compressed_feedback,OK,XZ,y,-0.0625,x,-0.1875,z,-0.4375,0.04,0.04083428765584791,0.0008342876558479068,0.04,0.1385
2014,1.0,20dB_nominal_difference,imag,A23_compressed_feedback,OK,XZ,y,-0.0625,x,-0.0625,z,-0.4375,0.04,0.046953613724617906,0.006953613724617905,0.04,0.1385
2014,1.0,20dB_nominal_difference,imag,A23_compressed_feedback,OK,XZ,y,-0.0625,x,0.0625,z,-0.4375,0.04,0.055202104361424614,0.015202104361424613,0.04,0.1385
2014,1.0,20dB_nominal_difference,imag,A23_compressed_feedback,OK,XZ,y,-0.0625,x,0.1875,z,-0.4375,0.04,0.06378267559207673,0.02378267559207673,0.04,0.1385
2014,1.0,20dB_nominal_difference,imag,A23_compressed_feedback,OK,XZ,y,-0.0625,x,0.3125,z,-0.4375,0.04,0.07034667126227041,0.030346671262270412,0.04,0.1385
2014,1.0,20dB_nominal_difference,imag,A23_compressed_feedback,OK,XZ,y,-0.0625,x,0.4375,z,-0.4375,0.04,0.07238422777975757,0.03238422777975757,0.04,0.1385
2014,1.0,20dB_nominal_difference,imag,A23_compressed_feedback,OK,XZ,y,-0.0625,x,0.5625,z,-0.4375,0.04,0.06756899512373986,0.027568995123739858,0.04,0.1385
2014,1.0,20dB_nominal_difference,imag,A23_compressed_feedback,OK,XZ,y,-0.0625,x,0.6875,z,-0.4375,0.04,0.0545491708883718,0.0145491708883718,0.04,0.1385
2014,1.0,20dB_nominal_difference,imag,A23_compressed_feedback,OK,XZ,y,-0.0625,x,-0.6875,z,-0.3125,0.04,0.043212085366837155,0.0032120853668371543,0.04,0.1385
2014,1.0,20dB_nominal_difference,imag,A23_compressed_feedback,OK,XZ,y,-0.0625,x,-0.5625,z,-0.3125,0.04,0.0396555760295323,-0.0003444239704677027,0.04,0.1385
2014,1.0,20dB_nominal_difference,imag,A23_compressed_feedback,OK,XZ,y,-0.0625,x,-0.4375,z,-0.3125,0.04,0.0364566647949721,-0.003543335205027899,0.04,0.1385
2014,1.0,20dB_nominal_difference,imag,A23_compressed_feedback,OK,XZ,y,-0.0625,x,-0.3125,z,-0.3125,0.04,0.03584917922822732,-0.00415082077177268,0.04,0.1385
2014,1.0,20dB_nominal_difference,imag,A23_compressed_feedback,OK,XZ,y,-0.0625,x,-0.1875,z,-0.3125,0.04,0.03867033176248623,-0.0013296682375137717,0.04,0.1385
2014,1.0,20dB_nominal_difference,imag,A23_compressed_feedback,OK,XZ,y,-0.0625,x,-0.0625,z,-0.3125,0.04,0.04494415921324363,0.004944159213243628,0.04,0.1385
2014,1.0,20dB_nominal_difference,imag,A23_compressed_feedback,OK,XZ,y,-0.0625,x,0.0625,z,-0.3125,0.04,0.05372894985195427,0.013728949851954268,0.04,0.1385
2014,1.0,20dB_nominal_difference,imag,A23_compressed_feedback,OK,XZ,y,-0.0625,x,0.1875,z,-0.3125,0.04,0.0631829619661933,0.0231829619661933,0.04,0.1385
2014,1.0,20dB_nominal_difference,imag,A23_compressed_feedback,OK,XZ,y,-0.0625,x,0.3125,z,-0.3125,0.04,0.07080317093190429,0.030803170931904288,0.04,0.1385
2014,1.0,20dB_nominal_difference,imag,A23_compressed_feedback,OK,XZ,y,-0.0625,x,0.4375,z,-0.3125,0.04,0.07377873362390514,0.033778733623905134,0.04,0.1385
2014,1.0,20dB_nominal_difference,imag,A23_compressed_feedback,OK,XZ,y,-0.0625,x,0.5625,z,-0.3125,0.04,0.0693862987876036,0.029386298787603606,0.04,0.1385
2014,1.0,20dB_nominal_difference,imag,A23_compressed_feedback,OK,XZ,y,-0.0625,x,0.6875,z,-0.3125,0.04,0.05645871852248993,0.01645871852248993,0.04,0.1385
2014,1.0,20dB_nominal_difference,imag,A23_compressed_feedback,OK,XZ,y,-0.0625,x,-0.6875,z,-0.1875,0.04,0.04273122261279745,0.00273122261279745,0.04,0.1385
2014,1.0,20dB_nominal_difference,imag,A23_compressed_feedback,OK,XZ,y,-0.0625,x,-0.5625,z,-0.1875,0.04,0.03735878036457309,-0.0026412196354269127,0.04,0.1385
2014,1.0,20dB_nominal_difference,imag,A23_compressed_feedback,OK,XZ,y,-0.0625,x,-0.4375,z,-0.1875,0.04,0.03279913673449757,-0.007200863265502427,0.04,0.1385
2014,1.0,20dB_nominal_difference,imag,A23_compressed_feedback,OK,XZ,y,-0.0625,x,-0.3125,z,-0.1875,0.04,0.031158698160793162,-0.008841301839206839,0.04,0.1385
2014,1.0,20dB_nominal_difference,imag,A23_compressed_feedback,OK,XZ,y,-0.0625,x,-0.1875,z,-0.1875,0.04,0.03325837346938599,-0.006741626530614012,0.04,0.1385
2014,1.0,20dB_nominal_difference,imag,A23_compressed_feedback,OK,XZ,y,-0.0625,x,-0.0625,z,-0.1875,0.04,0.03912259385605593,-0.0008774061439440692,0.04,0.1385
2014,1.0,20dB_nominal_difference,imag,A23_compressed_feedback,OK,XZ,y,-0.0625,x,0.0625,z,-0.1875,0.04,0.047835621047778,0.007835621047777998,0.04,0.1385
2014,1.0,20dB_nominal_difference,imag,A23_compressed_feedback,OK,XZ,y,-0.0625,x,0.1875,z,-0.1875,0.04,0.05756813097760365,0.017568130977603652,0.04,0.1385
2014,1.0,20dB_nominal_difference,imag,A23_compressed_feedback,OK,XZ,y,-0.0625,x,0.3125,z,-0.1875,0.04,0.06576904449878526,0.02576904449878526,0.04,0.1385
2014,1.0,20dB_nominal_difference,imag,A23_compressed_feedback,OK,XZ,y,-0.0625,x,0.4375,z,-0.1875,0.04,0.06949405559093956,0.02949405559093956,0.04,0.1385
2014,1.0,20dB_nominal_difference,imag,A23_compressed_feedback,OK,XZ,y,-0.0625,x,0.5625,z,-0.1875,0.04,0.06583696443701123,0.02583696443701123,0.04,0.1385
2014,1.0,20dB_nominal_difference,imag,A23_compressed_feedback,OK,XZ,y,-0.0625,x,0.6875,z,-0.1875,0.04,0.05379963719616444,0.013799637196164442,0.04,0.1385
2014,1.0,20dB_nominal_difference,imag,A23_compressed_feedback,OK,XZ,y,-0.0625,x,-0.6875,z,-0.0625,0.04,0.04108380351467227,0.0010838035146722713,0.04,0.1385
2014,1.0,20dB_nominal_difference,imag,A23_compressed_feedback,OK,XZ,y,-0.0625,x,-0.5625,z,-0.0625,0.04,0.034130524990168526,-0.005869475009831475,0.04,0.1385
2014,1.0,20dB_nominal_difference,imag,A23_compressed_feedback,OK,XZ,y,-0.0625,x,-0.4375,z,-0.0625,0.04,0.028351551181407305,-0.011648448818592696,0.04,0.1385
2014,1.0,20dB_nominal_difference,imag,A23_compressed_feedback,OK,XZ,y,-0.0625,x,-0.3125,z,-0.0625,0.093,0.02564371648555773,-0.06735628351444227,0.04,0.1385
2014,1.0,20dB_nominal_difference,imag,A23_compressed_feedback,OK,XZ,y,-0.0625,x,-0.1875,z,-0.0625,0.093,0.02680359031719577,-0.06619640968280423,0.04,0.1385
2014,1.0,20dB_nominal_difference,imag,A23_compressed_feedback,OK,XZ,y,-0.0625,x,-0.0625,z,-0.0625,0.04,0.031874419700639325,-0.008125580299360675,0.04,0.1385
2014,1.0,20dB_nominal_difference,imag,A23_compressed_feedback,OK,XZ,y,-0.0625,x,0.0625,z,-0.0625,0.04,0.040011112013876686,1.1112013876685145e-05,0.04,0.1385
2014,1.0,20dB_nominal_difference,imag,A23_compressed_feedback,OK,XZ,y,-0.0625,x,0.1875,z,-0.0625,0.04,0.049477984274913026,0.009477984274913025,0.04,0.1385
2014,1.0,20dB_nominal_difference,imag,A23_compressed_feedback,OK,XZ,y,-0.0625,x,0.3125,z,-0.0625,0.04,0.05779562823363431,0.017795628233634307,0.04,0.1385
2014,1.0,20dB_nominal_difference,imag,A23_compressed_feedback,OK,XZ,y,-0.0625,x,0.4375,z,-0.0625,0.04,0.062031204790511066,0.022031204790511065,0.04,0.1385
2014,1.0,20dB_nominal_difference,imag,A23_compressed_feedback,OK,XZ,y,-0.0625,x,0.5625,z,-0.0625,0.04,0.05921788769116208,0.019217887691162082,0.04,0.1385
2014,1.0,20dB_nominal_difference,imag,A23_compressed_feedback,OK,XZ,y,-0.0625,x,0.6875,z,-0.0625,0.04,0.048416785775182214,0.008416785775182213,0.04,0.1385
2014,1.0,20dB_nominal_difference,imag,A23_compressed_feedback,OK,XZ,y,-0.0625,x,-0.6875,z,0.0625,0.04,0.03910163792849944,-0.0008983620715005622,0.04,0.1385
2014,1.0,20dB_nominal_difference,imag,A23_compressed_feedback,OK,XZ,y,-0.0625,x,-0.5625,z,0.0625,0.04,0.031131240639336755,-0.008868759360663246,0.04,0.1385
2014,1.0,20dB_nominal_difference,imag,A23_compressed_feedback,OK,XZ,y,-0.0625,x,-0.4375,z,0.0625,0.04,0.024609526695866586,-0.015390473304133415,0.04,0.1385
2014,1.0,20dB_nominal_difference,imag,A23_compressed_feedback,OK,XZ,y,-0.0625,x,-0.3125,z,0.0625,0.093,0.021121142533107345,-0.07187885746689265,0.04,0.1385
2014,1.0,20dB_nominal_difference,imag,A23_compressed_feedback,OK,XZ,y,-0.0625,x,-0.1875,z,0.0625,0.093,0.02138414475380018,-0.07161585524619982,0.04,0.1385
2014,1.0,20dB_nominal_difference,imag,A23_compressed_feedback,OK,XZ,y,-0.0625,x,-0.0625,z,0.0625,0.04,0.025466492675349964,-0.014533507324650037,0.04,0.1385
2014,1.0,20dB_nominal_difference,imag,A23_compressed_feedback,OK,XZ,y,-0.0625,x,0.0625,z,0.0625,0.04,0.032645627823548774,-0.0073543721764512265,0.04,0.1385
2014,1.0,20dB_nominal_difference,imag,A23_compressed_feedback,OK,XZ,y,-0.0625,x,0.1875,z,0.0625,0.04,0.04137140410885417,0.0013714041088541684,0.04,0.1385
2014,1.0,20dB_nominal_difference,imag,A23_compressed_feedback,OK,XZ,y,-0.0625,x,0.3125,z,0.0625,0.04,0.04936037675034838,0.009360376750348377,0.04,0.1385
2014,1.0,20dB_nominal_difference,imag,A23_compressed_feedback,OK,XZ,y,-0.0625,x,0.4375,z,0.0625,0.04,0.053828066263855466,0.013828066263855465,0.04,0.1385
2014,1.0,20dB_nominal_difference,imag,A23_compressed_feedback,OK,XZ,y,-0.0625,x,0.5625,z,0.0625,0.04,0.05185507177529124,0.011855071775291236,0.04,0.1385
2014,1.0,20dB_nominal_difference,imag,A23_compressed_feedback,OK,XZ,y,-0.0625,x,0.6875,z,0.0625,0.04,0.042454116217148286,0.0024541162171482847,0.04,0.1385
2014,1.0,20dB_nominal_difference,imag,A23_compressed_feedback,OK,XZ,y,-0.0625,x,-0.6875,z,0.1875,0.04,0.037430309819471645,-0.0025696901805283556,0.04,0.1385
2014,1.0,20dB_nominal_difference,imag,A23_compressed_feedback,OK,XZ,y,-0.0625,x,-0.5625,z,0.1875,0.04,0.029344627181260734,-0.010655372818739267,0.04,0.1385
2014,1.0,20dB_nominal_difference,imag,A23_compressed_feedback,OK,XZ,y,-0.0625,x,-0.4375,z,0.1875,0.04,0.022842224705916583,-0.017157775294083417,0.04,0.1385
2014,1.0,20dB_nominal_difference,imag,A23_compressed_feedback,OK,XZ,y,-0.0625,x,-0.3125,z,0.1875,0.093,0.01909804318536212,-0.07390195681463788,0.04,0.1385
2014,1.0,20dB_nominal_difference,imag,A23_compressed_feedback,OK,XZ,y,-0.0625,x,-0.1875,z,0.1875,0.04,0.01869400245399329,-0.021305997546006712,0.04,0.1385
2014,1.0,20dB_nominal_difference,imag,A23_compressed_feedback,OK,XZ,y,-0.0625,x,-0.0625,z,0.1875,0.04,0.021733041275890614,-0.018266958724109387,0.04,0.1385
2014,1.0,20dB_nominal_difference,imag,A23_compressed_feedback,OK,XZ,y,-0.0625,x,0.0625,z,0.1875,0.04,0.027672723054110046,-0.012327276945889955,0.04,0.1385
2014,1.0,20dB_nominal_difference,imag,A23_compressed_feedback,OK,XZ,y,-0.0625,x,0.1875,z,0.1875,0.04,0.03524319760532561,-0.004756802394674388,0.04,0.1385
2014,1.0,20dB_nominal_difference,imag,A23_compressed_feedback,OK,XZ,y,-0.0625,x,0.3125,z,0.1875,0.04,0.04248201618633458,0.0024820161863345763,0.04,0.1385
2014,1.0,20dB_nominal_difference,imag,A23_compressed_feedback,OK,XZ,y,-0.0625,x,0.4375,z,0.1875,0.04,0.04689430216357099,0.006894302163570988,0.04,0.1385
2014,1.0,20dB_nominal_difference,imag,A23_compressed_feedback,OK,XZ,y,-0.0625,x,0.5625,z,0.1875,0.04,0.045733236777736996,0.0057332367777369955,0.04,0.1385
2014,1.0,20dB_nominal_difference,imag,A23_compressed_feedback,OK,XZ,y,-0.0625,x,0.6875,z,0.1875,0.04,0.037888401861989204,-0.0021115981380107965,0.04,0.1385
2014,1.0,20dB_nominal_difference,imag,A23_compressed_feedback,OK,XZ,y,-0.0625,x,-0.6875,z,0.3125,0.04,0.0365827931904512,-0.003417206809548802,0.04,0.1385
2014,1.0,20dB_nominal_difference,imag,A23_compressed_feedback,OK,XZ,y,-0.0625,x,-0.5625,z,0.3125,0.04,0.029567252265273253,-0.010432747734726747,0.04,0.1385
2014,1.0,20dB_nominal_difference,imag,A23_compressed_feedback,OK,XZ,y,-0.0625,x,-0.4375,z,0.3125,0.04,0.02402940627521157,-0.015970593724788432,0.04,0.1385
2014,1.0,20dB_nominal_difference,imag,A23_compressed_feedback,OK,XZ,y,-0.0625,x,-0.3125,z,0.3125,0.04,0.020656045811744204,-0.019343954188255796,0.04,0.1385
2014,1.0,20dB_nominal_difference,imag,A23_compressed_feedback,OK,XZ,y,-0.0625,x,-0.1875,z,0.3125,0.04,0.019878572591376615,-0.020121427408623386,0.04,0.1385
2014,1.0,20dB_nominal_difference,imag,A23_compressed_feedback,OK,XZ,y,-0.0625,x,-0.0625,z,0.3125,0.04,0.021871978628077014,-0.018128021371922987,0.04,0.1385
2014,1.0,20dB_nominal_difference,imag,A23_compressed_feedback,OK,XZ,y,-0.0625,x,0.0625,z,0.3125,0.04,0.026337484276175605,-0.013662515723824396,0.04,0.1385
2014,1.0,20dB_nominal_difference,imag,A23_compressed_feedback,OK,XZ,y,-0.0625,x,0.1875,z,0.3125,0.04,0.032373979049019654,-0.007626020950980347,0.04,0.1385
2014,1.0,20dB_nominal_difference,imag,A23_compressed_feedback,OK,XZ,y,-0.0625,x,0.3125,z,0.3125,0.04,0.038456344134592056,-0.0015436558654079446,0.04,0.1385
2014,1.0,20dB_nominal_difference,imag,A23_compressed_feedback,OK,XZ,y,-0.0625,x,0.4375,z,0.3125,0.04,0.04252476890201604,0.002524768902016042,0.04,0.1385
2014,1.0,20dB_nominal_difference,imag,A23_compressed_feedback,OK,XZ,y,-0.0625,x,0.5625,z,0.3125,0.04,0.04216564295437039,0.0021656429543703906,0.04,0.1385
2014,1.0,20dB_nominal_difference,imag,A23_compressed_feedback,OK,XZ,y,-0.0625,x,0.6875,z,0.3125,0.04,0.03614536348483141,-0.00385463651516859,0.04,0.1385
2014,1.0,20dB_nominal_difference,imag,A23_compressed_feedback,OK,XZ,y,-0.0625,x,-0.6875,z,0.4375,0.04,0.037036642790489134,-0.002963357209510867,0.04,0.1385
2014,1.0,20dB_nominal_difference,imag,A23_compressed_feedback,OK,XZ,y,-0.0625,x,-0.5625,z,0.4375,0.04,0.03250943701568825,-0.007490562984311749,0.04,0.1385
2014,1.0,20dB_nominal_difference,imag,A23_compressed_feedback,OK,XZ,y,-0.0625,x,-0.4375,z,0.4375,0.04,0.028887649527866002,-0.011112350472133999,0.04,0.1385
2014,1.0,20dB_nominal_difference,imag,A23_compressed_feedback,OK,XZ,y,-0.0625,x,-0.3125,z,0.4375,0.04,0.026408613066438043,-0.013591386933561957,0.04,0.1385
2014,1.0,20dB_nominal_difference,imag,A23_compressed_feedback,OK,XZ,y,-0.0625,x,-0.1875,z,0.4375,0.04,0.025458176634340322,-0.014541823365659678,0.04,0.1385
2014,1.0,20dB_nominal_difference,imag,A23_compressed_feedback,OK,XZ,y,-0.0625,x,-0.0625,z,0.4375,0.04,0.026355738521247653,-0.013644261478752348,0.04,0.1385
2014,1.0,20dB_nominal_difference,imag,A23_compressed_feedback,OK,XZ,y,-0.0625,x,0.0625,z,0.4375,0.04,0.02910315426352439,-0.010896845736475612,0.04,0.1385
2014,1.0,20dB_nominal_difference,imag,A23_compressed_feedback,OK,XZ,y,-0.0625,x,0.1875,z,0.4375,0.04,0.0332350152166794,-0.0067649847833205976,0.04,0.1385
2014,1.0,20dB_nominal_difference,imag,A23_compressed_feedback,OK,XZ,y,-0.0625,x,0.3125,z,0.4375,0.04,0.03775266104667347,-0.0022473389533265303,0.04,0.1385
2014,1.0,20dB_nominal_difference,imag,A23_compressed_feedback,OK,XZ,y,-0.0625,x,0.4375,z,0.4375,0.04,0.041159800216628926,0.0011598002166289256,0.04,0.1385
2014,1.0,20dB_nominal_difference,imag,A23_compressed_feedback,OK,XZ,y,-0.0625,x,0.5625,z,0.4375,0.04,0.04158102080231345,0.0015810208023134473,0.04,0.1385
2014,1.0,20dB_nominal_difference,imag,A23_compressed_feedback,OK,XZ,y,-0.0625,x,0.6875,z,0.4375,0.04,0.03783539026365701,-0.0021646097363429914,0.04,0.1385
2014,1.0,20dB_nominal_difference,imag,A23_compressed_feedback,OK,XZ,y,-0.0625,x,-0.6875,z,0.5625,0.04,0.03940598028084647,-0.0005940197191535296,0.04,0.1385
2014,1.0,20dB_nominal_difference,imag,A23_compressed_feedback,OK,XZ,y,-0.0625,x,-0.5625,z,0.5625,0.04,0.039047088387294766,-0.0009529116127052345,0.04,0.1385
2014,1.0,20dB_nominal_difference,imag,A23_compressed_feedback,OK,XZ,y,-0.0625,x,-0.4375,z,0.5625,0.04,0.0379184506566526,-0.002081549343347401,0.04,0.1385
2014,1.0,20dB_nominal_difference,imag,A23_compressed_feedback,OK,XZ,y,-0.0625,x,-0.3125,z,0.5625,0.04,0.03647564676878567,-0.0035243532312143333,0.04,0.1385
2014,1.0,20dB_nominal_difference,imag,A23_compressed_feedback,OK,XZ,y,-0.0625,x,-0.1875,z,0.5625,0.04,0.035316312307809815,-0.004683687692190186,0.04,0.1385
2014,1.0,20dB_nominal_difference,imag,A23_compressed_feedback,OK,XZ,y,-0.0625,x,-0.0625,z,0.5625,0.04,0.03494795750367187,-0.005052042496328131,0.04,0.1385
2014,1.0,20dB_nominal_difference,imag,A23_compressed_feedback,OK,XZ,y,-0.0625,x,0.0625,z,0.5625,0.04,0.035689377692881316,-0.004310622307118685,0.04,0.1385
2014,1.0,20dB_nominal_difference,imag,A23_compressed_feedback,OK,XZ,y,-0.0625,x,0.1875,z,0.5625,0.04,0.03754280380045991,-0.0024571961995400876,0.04,0.1385
2014,1.0,20dB_nominal_difference,imag,A23_compressed_feedback,OK,XZ,y,-0.0625,x,0.3125,z,0.5625,0.04,0.04008220122464633,8.220122464632634e-05,0.04,0.1385
2014,1.0,20dB_nominal_difference,imag,A23_compressed_feedback,OK,XZ,y,-0.0625,x,0.4375,z,0.5625,0.04,0.042436842005194486,0.0024368420051944853,0.04,0.1385
2014,1.0,20dB_nominal_difference,imag,A23_compressed_feedback,OK,XZ,y,-0.0625,x,0.5625,z,0.5625,0.04,0.04344662939361533,0.0034466293936153275,0.04,0.1385
2014,1.0,20dB_nominal_difference,imag,A23_compressed_feedback,OK,XZ,y,-0.0625,x,0.6875,z,0.5625,0.04,0.0425798676276174,0.002579867627617402,0.04,0.1385
2014,1.0,20dB_nominal_difference,imag,A23_compressed_feedback,OK,XZ,y,-0.0625,x,-0.6875,z,0.6875,0.04,0.04750698795392876,0.007506987953928762,0.04,0.1385
2014,1.0,20dB_nominal_difference,imag,A23_compressed_feedback,OK,XZ,y,-0.0625,x,-0.5625,z,0.6875,0.04,0.052459180368127176,0.012459180368127175,0.04,0.1385
2014,1.0,20dB_nominal_difference,imag,A23_compressed_feedback,OK,XZ,y,-0.0625,x,-0.4375,z,0.6875,0.04,0.053075931613366295,0.013075931613366294,0.04,0.1385
2014,1.0,20dB_nominal_difference,imag,A23_compressed_feedback,OK,XZ,y,-0.0625,x,-0.3125,z,0.6875,0.04,0.05210670651994568,0.012106706519945679,0.04,0.1385
2014,1.0,20dB_nominal_difference,imag,A23_compressed_feedback,OK,XZ,y,-0.0625,x,-0.1875,z,0.6875,0.04,0.05020554811327426,0.01020554811327426,0.04,0.1385
2014,1.0,20dB_nominal_difference,imag,A23_compressed_feedback,OK,XZ,y,-0.0625,x,-0.0625,z,0.6875,0.04,0.04794372845546175,0.007943728455461749,0.04,0.1385
2014,1.0,20dB_nominal_difference,imag,A23_compressed_feedback,OK,XZ,y,-0.0625,x,0.0625,z,0.6875,0.04,0.04594208695067011,0.005942086950670111,0.04,0.1385
2014,1.0,20dB_nominal_difference,imag,A23_compressed_feedback,OK,XZ,y,-0.0625,x,0.1875,z,0.6875,0.04,0.04471721855577017,0.004717218555770168,0.04,0.1385
2014,1.0,20dB_nominal_difference,imag,A23_compressed_feedback,OK,XZ,y,-0.0625,x,0.3125,z,0.6875,0.04,0.044480436916772545,0.004480436916772544,0.04,0.1385
2014,1.0,20dB_nominal_difference,imag,A23_compressed_feedback,OK,XZ,y,-0.0625,x,0.4375,z,0.6875,0.04,0.0450063340559098,0.005006334055909799,0.04,0.1385
2014,1.0,20dB_nominal_difference,imag,A23_compressed_feedback,OK,XZ,y,-0.0625,x,0.5625,z,0.6875,0.04,0.04573489700760562,0.00573489700760562,0.04,0.1385
2014,1.0,20dB_nominal_difference,imag,A23_compressed_feedback,OK,XZ,y,-0.0625,x,0.6875,z,0.6875,0.04,0.04753948703697107,0.0075394870369710695,0.04,0.1385
2014,1.0,20dB_nominal_difference,imag,A23_compressed_feedback,OK,YZ,x,-0.0625,y,-0.6875,z,-0.6875,0.04,0.04515456202929617,0.005154562029296171,0.04,0.1385
2014,1.0,20dB_nominal_difference,imag,A23_compressed_feedback,OK,YZ,x,-0.0625,y,-0.5625,z,-0.6875,0.04,0.046229959344272216,0.006229959344272215,0.04,0.1385
2014,1.0,20dB_nominal_difference,imag,A23_compressed_feedback,OK,YZ,x,-0.0625,y,-0.4375,z,-0.6875,0.04,0.044376018082367456,0.0043760180823674555,0.04,0.1385
2014,1.0,20dB_nominal_difference,imag,A23_compressed_feedback,OK,YZ,x,-0.0625,y,-0.3125,z,-0.6875,0.04,0.041087622215630636,0.0010876222156306348,0.04,0.1385
2014,1.0,20dB_nominal_difference,imag,A23_compressed_feedback,OK,YZ,x,-0.0625,y,-0.1875,z,-0.6875,0.04,0.037132214576048,-0.002867785423952003,0.04,0.1385
2014,1.0,20dB_nominal_difference,imag,A23_compressed_feedback,OK,YZ,x,-0.0625,y,-0.0625,z,-0.6875,0.04,0.0331018458691591,-0.006898154130840904,0.04,0.1385
2014,1.0,20dB_nominal_difference,imag,A23_compressed_feedback,OK,YZ,x,-0.0625,y,0.0625,z,-0.6875,0.04,0.02946666836060157,-0.01053333163939843,0.04,0.1385
2014,1.0,20dB_nominal_difference,imag,A23_compressed_feedback,OK,YZ,x,-0.0625,y,0.1875,z,-0.6875,0.04,0.026596748807295054,-0.013403251192704947,0.04,0.1385
2014,1.0,20dB_nominal_difference,imag,A23_compressed_feedback,OK,YZ,x,-0.0625,y,0.3125,z,-0.6875,0.04,0.024783438707677075,-0.015216561292322926,0.04,0.1385
2014,1.0,20dB_nominal_difference,imag,A23_compressed_feedback,OK,YZ,x,-0.0625,y,0.4375,z,-0.6875,0.04,0.024220524043221465,-0.015779475956778536,0.04,0.1385
2014,1.0,20dB_nominal_difference,imag,A23_compressed_feedback,OK,YZ,x,-0.0625,y,0.5625,z,-0.6875,0.04,0.02482115848885519,-0.015178841511144812,0.04,0.1385
2014,1.0,20dB_nominal_difference,imag,A23_compressed_feedback,OK,YZ,x,-0.0625,y,0.6875,z,-0.6875,0.04,0.025125190002770394,-0.014874809997229607,0.04,0.1385
2014,1.0,20dB_nominal_difference,imag,A23_compressed_feedback,OK,YZ,x,-0.0625,y,-0.6875,z,-0.5625,0.04,0.04972510335177457,0.009725103351774567,0.04,0.1385
2014,1.0,20dB_nominal_difference,imag,A23_compressed_feedback,OK,YZ,x,-0.0625,y,-0.5625,z,-0.5625,0.04,0.05216867312468226,0.012168673124682262,0.04,0.1385
2014,1.0,20dB_nominal_difference,imag,A23_compressed_feedback,OK,YZ,x,-0.0625,y,-0.4375,z,-0.5625,0.04,0.051877053954593785,0.011877053954593784,0.04,0.1385
2014,1.0,20dB_nominal_difference,imag,A23_compressed_feedback,OK,YZ,x,-0.0625,y,-0.3125,z,-0.5625,0.04,0.04983764236470289,0.009837642364702887,0.04,0.1385
2014,1.0,20dB_nominal_difference,imag,A23_compressed_feedback,OK,YZ,x,-0.0625,y,-0.1875,z,-0.5625,0.04,0.04669774938165029,0.006697749381650291,0.04,0.1385
2014,1.0,20dB_nominal_difference,imag,A23_compressed_feedback,OK,YZ,x,-0.0625,y,-0.0625,z,-0.5625,0.04,0.043047265004573974,0.0030472650045739735,0.04,0.1385
2014,1.0,20dB_nominal_difference,imag,A23_compressed_feedback,OK,YZ,x,-0.0625,y,0.0625,z,-0.5625,0.04,0.03939295612721741,-0.0006070438727825908,0.04,0.1385
2014,1.0,20dB_nominal_difference,imag,A23_compressed_feedback,OK,YZ,x,-0.0625,y,0.1875,z,-0.5625,0.04,0.03616164307137498,-0.0038383569286250183,0.04,0.1385
2014,1.0,20dB_nominal_difference,imag,A23_compressed_feedback,OK,YZ,x,-0.0625,y,0.3125,z,-0.5625,0.04,0.033708866228444184,-0.006291133771555817,0.04,0.1385
2014,1.0,20dB_nominal_difference,imag,A23_compressed_feedback,OK,YZ,x,-0.0625,y,0.4375,z,-0.5625,0.04,0.032305344203451956,-0.0076946557965480444,0.04,0.1385
2014,1.0,20dB_nominal_difference,imag,A23_compressed_feedback,OK,YZ,x,-0.0625,y,0.5625,z,-0.5625,0.04,0.032089509679581775,-0.007910490320418226,0.04,0.1385
2014,1.0,20dB_nominal_difference,imag,A23_compressed_feedback,OK,YZ,x,-0.0625,y,0.6875,z,-0.5625,0.04,0.03302046083954717,-0.0069795391604528315,0.04,0.1385
2014,1.0,20dB_nominal_difference,imag,A23_compressed_feedback,OK,YZ,x,-0.0625,y,-0.6875,z,-0.4375,0.04,0.04993943913959479,0.009939439139594788,0.04,0.1385
2014,1.0,20dB_nominal_difference,imag,A23_compressed_feedback,OK,YZ,x,-0.0625,y,-0.5625,z,-0.4375,0.04,0.05332144080941932,0.01332144080941932,0.04,0.1385
2014,1.0,20dB_nominal_difference,imag,A23_compressed_feedback,OK,YZ,x,-0.0625,y,-0.4375,z,-0.4375,0.04,0.05384753035797987,0.013847530357979872,0.04,0.1385
2014,1.0,20dB_nominal_difference,imag,A23_compressed_feedback,OK,YZ,x,-0.0625,y,-0.3125,z,-0.4375,0.04,0.0526271207386816,0.0126271207386816,0.04,0.1385
2014,1.0,20dB_nominal_difference,imag,A23_compressed_feedback,OK,YZ,x,-0.0625,y,-0.1875,z,-0.4375,0.04,0.050149013336215825,0.010149013336215824,0.04,0.1385
2014,1.0,20dB_nominal_difference,imag,A23_compressed_feedback,OK,YZ,x,-0.0625,y,-0.0625,z,-0.4375,0.04,0.046953613724617906,0.006953613724617905,0.04,0.1385
2014,1.0,20dB_nominal_difference,imag,A23_compressed_feedback,OK,YZ,x,-0.0625,y,0.0625,z,-0.4375,0.04,0.04355169292456808,0.003551692924568077,0.04,0.1385
2014,1.0,20dB_nominal_difference,imag,A23_compressed_feedback,OK,YZ,x,-0.0625,y,0.1875,z,-0.4375,0.04,0.040400601490082816,0.00040060149008281504,0.04,0.1385
2014,1.0,20dB_nominal_difference,imag,A23_compressed_feedback,OK,YZ,x,-0.0625,y,0.3125,z,-0.4375,0.04,0.037905644342209326,-0.0020943556577906752,0.04,0.1385
2014,1.0,20dB_nominal_difference,imag,A23_compressed_feedback,OK,YZ,x,-0.0625,y,0.4375,z,-0.4375,0.04,0.03642441403821123,-0.003575585961788773,0.04,0.1385
2014,1.0,20dB_nominal_difference,imag,A23_compressed_feedback,OK,YZ,x,-0.0625,y,0.5625,z,-0.4375,0.04,0.036282853538110324,-0.003717146461889677,0.04,0.1385
2014,1.0,20dB_nominal_difference,imag,A23_compressed_feedback,OK,YZ,x,-0.0625,y,0.6875,z,-0.4375,0.04,0.03750993636425694,-0.002490063635743063,0.04,0.1385
2014,1.0,20dB_nominal_difference,imag,A23_compressed_feedback,OK,YZ,x,-0.0625,y,-0.6875,z,-0.3125,0.04,0.04677328398389648,0.006773283983896476,0.04,0.1385
2014,1.0,20dB_nominal_difference,imag,A23_compressed_feedback,OK,YZ,x,-0.0625,y,-0.5625,z,-0.3125,0.04,0.050396069578423304,0.010396069578423303,0.04,0.1385
2014,1.0,20dB_nominal_difference,imag,A23_compressed_feedback,OK,YZ,x,-0.0625,y,-0.4375,z,-0.3125,0.04,0.05100427528188267,0.01100427528188267,0.04,0.1385
2014,1.0,20dB_nominal_difference,imag,A23_compressed_feedback,OK,YZ,x,-0.0625,y,-0.3125,z,-0.3125,0.04,0.050003375321061534,0.010003375321061533,0.04,0.1385
2014,1.0,20dB_nominal_difference,imag,A23_compressed_feedback,OK,YZ,x,-0.0625,y,-0.1875,z,-0.3125,0.04,0.04781399544377366,0.00781399544377366,0.04,0.1385
2014,1.0,20dB_nominal_difference,imag,A23_compressed_feedback,OK,YZ,x,-0.0625,y,-0.0625,z,-0.3125,0.04,0.04494415921324363,0.004944159213243628,0.04,0.1385
2014,1.0,20dB_nominal_difference,imag,A23_compressed_feedback,OK,YZ,x,-0.0625,y,0.0625,z,-0.3125,0.04,0.04190300495949428,0.0019030049594942824,0.04,0.1385
2014,1.0,20dB_nominal_difference,imag,A23_compressed_feedback,OK,YZ,x,-0.0625,y,0.1875,z,-0.3125,0.04,0.03916217216574283,-0.0008378278342571696,0.04,0.1385
2014,1.0,20dB_nominal_difference,imag,A23_compressed_feedback,OK,YZ,x,-0.0625,y,0.3125,z,-0.3125,0.04,0.037151182880716505,-0.0028488171192834963,0.04,0.1385
2014,1.0,20dB_nominal_difference,imag,A23_compressed_feedback,OK,YZ,x,-0.0625,y,0.4375,z,-0.3125,0.04,0.03626491052841358,-0.0037350894715864197,0.04,0.1385
2014,1.0,20dB_nominal_difference,imag,A23_compressed_feedback,OK,YZ,x,-0.0625,y,0.5625,z,-0.3125,0.04,0.03686857471919665,-0.003131425280803353,0.04,0.1385
2014,1.0,20dB_nominal_difference,imag,A23_compressed_feedback,OK,YZ,x,-0.0625,y,0.6875,z,-0.3125,0.04,0.03872715902328983,-0.0012728409767101684,0.04,0.1385
2014,1.0,20dB_nominal_difference,imag,A23_compressed_feedback,OK,YZ,x,-0.0625,y,-0.6875,z,-0.1875,0.04,0.04217678660945241,0.002176786609452412,0.04,0.1385
2014,1.0,20dB_nominal_difference,imag,A23_compressed_feedback,OK,YZ,x,-0.0625,y,-0.5625,z,-0.1875,0.04,0.04529348866952376,0.005293488669523762,0.04,0.1385
2014,1.0,20dB_nominal_difference,imag,A23_compressed_feedback,OK,YZ,x,-0.0625,y,-0.4375,z,-0.1875,0.04,0.04535695928913704,0.005356959289137042,0.04,0.1385
2014,1.0,20dB_nominal_difference,imag,A23_compressed_feedback,OK,YZ,x,-0.0625,y,-0.3125,z,-0.1875,0.1385,0.0440623307273532,-0.09443766927264681,0.04,0.1385
2014,1.0,20dB_nominal_difference,imag,A23_compressed_feedback,OK,YZ,x,-0.0625,y,-0.1875,z,-0.1875,0.04,0.041818440459891616,0.0018184404598916154,0.04,0.1385
2014,1.0,20dB_nominal_difference,imag,A23_compressed_feedback,OK,YZ,x,-0.0625,y,-0.0625,z,-0.1875,0.04,0.03912259385605593,-0.0008774061439440692,0.04,0.1385
2014,1.0,20dB_nominal_difference,imag,A23_compressed_feedback,OK,YZ,x,-0.0625,y,0.0625,z,-0.1875,0.04,0.036477242892845776,-0.0035227571071542244,0.04,0.1385
2014,1.0,20dB_nominal_difference,imag,A23_compressed_feedback,OK,YZ,x,-0.0625,y,0.1875,z,-0.1875,0.04,0.03434692836759984,-0.005653071632400163,0.04,0.1385
2014,1.0,20dB_nominal_difference,imag,A23_compressed_feedback,OK,YZ,x,-0.0625,y,0.3125,z,-0.1875,0.04,0.03315196957078116,-0.006848030429218839,0.04,0.1385
2014,1.0,20dB_nominal_difference,imag,A23_compressed_feedback,OK,YZ,x,-0.0625,y,0.4375,z,-0.1875,0.04,0.03327567239497562,-0.00672432760502438,0.04,0.1385
2014,1.0,20dB_nominal_difference,imag,A23_compressed_feedback,OK,YZ,x,-0.0625,y,0.5625,z,-0.1875,0.04,0.035055679153977046,-0.004944320846022955,0.04,0.1385
2014,1.0,20dB_nominal_difference,imag,A23_compressed_feedback,OK,YZ,x,-0.0625,y,0.6875,z,-0.1875,0.04,0.0379537994828188,-0.0020462005171811987,0.04,0.1385
2014,1.0,20dB_nominal_difference,imag,A23_compressed_feedback,OK,YZ,x,-0.0625,y,-0.6875,z,-0.0625,0.04,0.037976892934708344,-0.002023107065291657,0.04,0.1385
2014,1.0,20dB_nominal_difference,imag,A23_compressed_feedback,OK,YZ,x,-0.0625,y,-0.5625,z,-0.0625,0.04,0.04000031131742209,3.113174220914505e-07,0.04,0.1385
2014,1.0,20dB_nominal_difference,imag,A23_compressed_feedback,OK,YZ,x,-0.0625,y,-0.4375,z,-0.0625,0.04,0.039067298494367624,-0.0009327015056323773,0.04,0.1385
2014,1.0,20dB_nominal_difference,imag,A23_compressed_feedback,OK,YZ,x,-0.0625,y,-0.3125,z,-0.0625,0.04,0.0371058215191631,-0.0028941784808369023,0.04,0.1385
2014,1.0,20dB_nominal_difference,imag,A23_compressed_feedback,OK,YZ,x,-0.0625,y,-0.1875,z,-0.0625,0.04,0.03454227417658683,-0.005457725823413168,0.04,0.1385
2014,1.0,20dB_nominal_difference,imag,A23_compressed_feedback,OK,YZ,x,-0.0625,y,-0.0625,z,-0.0625,0.04,0.031874419700639325,-0.008125580299360675,0.04,0.1385
2014,1.0,20dB_nominal_difference,imag,A23_compressed_feedback,OK,YZ,x,-0.0625,y,0.0625,z,-0.0625,0.04,0.029588756668083013,-0.010411243331916988,0.04,0.1385
2014,1.0,20dB_nominal_difference,imag,A23_compressed_feedback,OK,YZ,x,-0.0625,y,0.1875,z,-0.0625,0.04,0.028119024986415657,-0.011880975013584344,0.04,0.1385
2014,1.0,20dB_nominal_difference,imag,A23_compressed_feedback,OK,YZ,x,-0.0625,y,0.3125,z,-0.0625,0.04,0.027844876064209267,-0.012155123935790733,0.04,0.1385
2014,1.0,20dB_nominal_difference,imag,A23_compressed_feedback,OK,YZ,x,-0.0625,y,0.4375,z,-0.0625,0.04,0.029105803088104086,-0.010894196911895915,0.04,0.1385
2014,1.0,20dB_nominal_difference,imag,A23_compressed_feedback,OK,YZ,x,-0.0625,y,0.5625,z,-0.0625,0.04,0.03219399638150118,-0.0078060036184988205,0.04,0.1385
2014,1.0,20dB_nominal_difference,imag,A23_compressed_feedback,OK,YZ,x,-0.0625,y,0.6875,z,-0.0625,0.04,0.036306899597969934,-0.0036931004020300667,0.04,0.1385
2014,1.0,20dB_nominal_difference,imag,A23_compressed_feedback,OK,YZ,x,-0.0625,y,-0.6875,z,0.0625,0.04,0.03550828052119458,-0.004491719478805424,0.04,0.1385
2014,1.0,20dB_nominal_difference,imag,A23_compressed_feedback,OK,YZ,x,-0.0625,y,-0.5625,z,0.0625,0.04,0.03615481741358677,-0.003845182586413233,0.04,0.1385
2014,1.0,20dB_nominal_difference,imag,A23_compressed_feedback,OK,YZ,x,-0.0625,y,-0.4375,z,0.0625,0.04,0.03403461440545731,-0.0059653855945426895,0.04,0.1385
2014,1.0,20dB_nominal_difference,imag,A23_compressed_feedback,OK,YZ,x,-0.0625,y,-0.3125,z,0.0625,0.04,0.031232156169169255,-0.008767843830830745,0.04,0.1385
2014,1.0,20dB_nominal_difference,imag,A23_compressed_feedback,OK,YZ,x,-0.0625,y,-0.1875,z,0.0625,0.04,0.02820949440233696,-0.01179050559766304,0.04,0.1385
2014,1.0,20dB_nominal_difference,imag,A23_compressed_feedback,OK,YZ,x,-0.0625,y,-0.0625,z,0.0625,0.04,0.025466492675349964,-0.014533507324650037,0.04,0.1385
2014,1.0,20dB_nominal_difference,imag,A23_compressed_feedback,OK,YZ,x,-0.0625,y,0.0625,z,0.0625,0.04,0.02345848821294862,-0.01654151178705138,0.04,0.1385
2014,1.0,20dB_nominal_difference,imag,A23_compressed_feedback,OK,YZ,x,-0.0625,y,0.1875,z,0.0625,0.04,0.02256250942324725,-0.01743749057675275,0.04,0.1385
2014,1.0,20dB_nominal_difference,imag,A23_compressed_feedback,OK,YZ,x,-0.0625,y,0.3125,z,0.0625,0.04,0.023088748320979333,-0.016911251679020668,0.04,0.1385
2014,1.0,20dB_nominal_difference,imag,A23_compressed_feedback,OK,YZ,x,-0.0625,y,0.4375,z,0.0625,0.04,0.025311286732851324,-0.014688713267148677,0.04,0.1385
2014,1.0,20dB_nominal_difference,imag,A23_compressed_feedback,OK,YZ,x,-0.0625,y,0.5625,z,0.0625,0.04,0.0294786868035588,-0.010521313196441201,0.04,0.1385
2014,1.0,20dB_nominal_difference,imag,A23_compressed_feedback,OK,YZ,x,-0.0625,y,0.6875,z,0.0625,0.04,0.03460881565992036,-0.005391184340079638,0.04,0.1385
2014,1.0,20dB_nominal_difference,imag,A23_compressed_feedback,OK,YZ,x,-0.0625,y,-0.6875,z,0.1875,0.04,0.03540381808525338,-0.0045961819147466235,0.04,0.1385
2014,1.0,20dB_nominal_difference,imag,A23_compressed_feedback,OK,YZ,x,-0.0625,y,-0.5625,z,0.1875,0.04,0.03478273556367924,-0.0052172644363207635,0.04,0.1385
2014,1.0,20dB_nominal_difference,imag,A23_compressed_feedback,OK,YZ,x,-0.0625,y,-0.4375,z,0.1875,0.04,0.03159900680574967,-0.008400993194250334,0.04,0.1385
2014,1.0,20dB_nominal_difference,imag,A23_compressed_feedback,OK,YZ,x,-0.0625,y,-0.3125,z,0.1875,0.04,0.028022705327207492,-0.011977294672792509,0.04,0.1385
2014,1.0,20dB_nominal_difference,imag,A23_compressed_feedback,OK,YZ,x,-0.0625,y,-0.1875,z,0.1875,0.04,0.024568526010001625,-0.015431473989998376,0.04,0.1385
2014,1.0,20dB_nominal_difference,imag,A23_compressed_feedback,OK,YZ,x,-0.0625,y,-0.0625,z,0.1875,0.04,0.021733041275890614,-0.018266958724109387,0.04,0.1385
2014,1.0,20dB_nominal_difference,imag,A23_compressed_feedback,OK,YZ,x,-0.0625,y,0.0625,z,0.1875,0.04,0.019918466037934852,-0.02008153396206515,0.04,0.1385
2014,1.0,20dB_nominal_difference,imag,A23_compressed_feedback,OK,YZ,x,-0.0625,y,0.1875,z,0.1875,0.04,0.019416099131541676,-0.020583900868458325,0.04,0.1385
2014,1.0,20dB_nominal_difference,imag,A23_compressed_feedback,OK,YZ,x,-0.0625,y,0.3125,z,0.1875,0.04,0.020437768482894813,-0.019562231517105188,0.04,0.1385
2014,1.0,20dB_nominal_difference,imag,A23_compressed_feedback,OK,YZ,x,-0.0625,y,0.4375,z,0.1875,0.04,0.02317107478363673,-0.01682892521636327,0.04,0.1385
2014,1.0,20dB_nominal_difference,imag,A23_compressed_feedback,OK,YZ,x,-0.0625,y,0.5625,z,0.1875,0.04,0.027823852735471825,-0.012176147264528175,0.04,0.1385
2014,1.0,20dB_nominal_difference,imag,A23_compressed_feedback,OK,YZ,x,-0.0625,y,0.6875,z,0.1875,0.04,0.033355132696084366,-0.0066448673039156345,0.04,0.1385
2014,1.0,20dB_nominal_difference,imag,A23_compressed_feedback,OK,YZ,x,-0.0625,y,-0.6875,z,0.3125,0.04,0.03758139029747937,-0.002418609702520634,0.04,0.1385
2014,1.0,20dB_nominal_difference,imag,A23_compressed_feedback,OK,YZ,x,-0.0625,y,-0.5625,z,0.3125,0.04,0.03621990071204189,-0.003780099287958111,0.04,0.1385
2014,1.0,20dB_nominal_difference,imag,A23_compressed_feedback,OK,YZ,x,-0.0625,y,-0.4375,z,0.3125,0.04,0.03240083590686237,-0.007599164093137628,0.04,0.1385
2014,1.0,20dB_nominal_difference,imag,A23_compressed_feedback,OK,YZ,x,-0.0625,y,-0.3125,z,0.3125,0.04,0.02836096453301557,-0.01163903546698443,0.04,0.1385
2014,1.0,20dB_nominal_difference,imag,A23_compressed_feedback,OK,YZ,x,-0.0625,y,-0.1875,z,0.3125,0.04,0.024692234885149964,-0.015307765114850037,0.04,0.1385
2014,1.0,20dB_nominal_difference,imag,A23_compressed_feedback,OK,YZ,x,-0.0625,y,-0.0625,z,0.3125,0.04,0.021871978628077014,-0.018128021371922987,0.04,0.1385
2014,1.0,20dB_nominal_difference,imag,A23_compressed_feedback,OK,YZ,x,-0.0625,y,0.0625,z,0.3125,0.04,0.020217549812540307,-0.019782450187459694,0.04,0.1385
2014,1.0,20dB_nominal_difference,imag,A23_compressed_feedback,OK,YZ,x,-0.0625,y,0.1875,z,0.3125,0.04,0.019902322679073863,-0.020097677320926138,0.04,0.1385
2014,1.0,20dB_nominal_difference,imag,A23_compressed_feedback,OK,YZ,x,-0.0625,y,0.3125,z,0.3125,0.04,0.021010378698636884,-0.018989621301363117,0.04,0.1385
2014,1.0,20dB_nominal_difference,imag,A23_compressed_feedback,OK,YZ,x,-0.0625,y,0.4375,z,0.3125,0.04,0.02361382978082597,-0.01638617021917403,0.04,0.1385
2014,1.0,20dB_nominal_difference,imag,A23_compressed_feedback,OK,YZ,x,-0.0625,y,0.5625,z,0.3125,0.04,0.027860417964766744,-0.012139582035233257,0.04,0.1385
2014,1.0,20dB_nominal_difference,imag,A23_compressed_feedback,OK,YZ,x,-0.0625,y,0.6875,z,0.3125,0.04,0.03277938215308166,-0.00722061784691834,0.04,0.1385
2014,1.0,20dB_nominal_difference,imag,A23_compressed_feedback,OK,YZ,x,-0.0625,y,-0.6875,z,0.4375,0.04,0.0414521170171977,0.0014521170171976974,0.04,0.1385
2014,1.0,20dB_nominal_difference,imag,A23_compressed_feedback,OK,YZ,x,-0.0625,y,-0.5625,z,0.4375,0.04,0.04022086786593392,0.00022086786593392138,0.04,0.1385
2014,1.0,20dB_nominal_difference,imag,A23_compressed_feedback,OK,YZ,x,-0.0625,y,-0.4375,z,0.4375,0.04,0.036383873166384494,-0.0036161268336155072,0.04,0.1385
2014,1.0,20dB_nominal_difference,imag,A23_compressed_feedback,OK,YZ,x,-0.0625,y,-0.3125,z,0.4375,0.04,0.032380736393227715,-0.007619263606772286,0.04,0.1385
2014,1.0,20dB_nominal_difference,imag,A23_compressed_feedback,OK,YZ,x,-0.0625,y,-0.1875,z,0.4375,0.04,0.028901070211104985,-0.011098929788895016,0.04,0.1385
2014,1.0,20dB_nominal_difference,imag,A23_compressed_feedback,OK,YZ,x,-0.0625,y,-0.0625,z,0.4375,0.04,0.026355738521247653,-0.013644261478752348,0.04,0.1385
2014,1.0,20dB_nominal_difference,imag,A23_compressed_feedback,OK,YZ,x,-0.0625,y,0.0625,z,0.4375,0.04,0.02492953060663871,-0.015070469393361291,0.04,0.1385
2014,1.0,20dB_nominal_difference,imag,A23_compressed_feedback,OK,YZ,x,-0.0625,y,0.1875,z,0.4375,0.04,0.0246452496574881,-0.015354750342511901,0.04,0.1385
2014,1.0,20dB_nominal_difference,imag,A23_compressed_feedback,OK,YZ,x,-0.0625,y,0.3125,z,0.4375,0.04,0.025437214192964297,-0.014562785807035704,0.04,0.1385
2014,1.0,20dB_nominal_difference,imag,A23_compressed_feedback,OK,YZ,x,-0.0625,y,0.4375,z,0.4375,0.04,0.027229768807985145,-0.012770231192014855,0.04,0.1385
2014,1.0,20dB_nominal_difference,imag,A23_compressed_feedback,OK,YZ,x,-0.0625,y,0.5625,z,0.4375,0.04,0.030035697980419412,-0.009964302019580588,0.04,0.1385
2014,1.0,20dB_nominal_difference,imag,A23_compressed_feedback,OK,YZ,x,-0.0625,y,0.6875,z,0.4375,0.04,0.03299471032448975,-0.00700528967551025,0.04,0.1385
2014,1.0,20dB_nominal_difference,imag,A23_compressed_feedback,OK,YZ,x,-0.0625,y,-0.6875,z,0.5625,0.04,0.04647753836256564,0.006477538362565642,0.04,0.1385
2014,1.0,20dB_nominal_difference,imag,A23_compressed_feedback,OK,YZ,x,-0.0625,y,-0.5625,z,0.5625,0.04,0.046208794263596364,0.006208794263596364,0.04,0.1385
2014,1.0,20dB_nominal_difference,imag,A23_compressed_feedback,OK,YZ,x,-0.0625,y,-0.4375,z,0.5625,0.04,0.04286947590567452,0.002869475905674518,0.04,0.1385
2014,1.0,20dB_nominal_difference,imag,A23_compressed_feedback,OK,YZ,x,-0.0625,y,-0.3125,z,0.5625,0.04,0.039511153384220746,-0.0004888466157792551,0.04,0.1385
2014,1.0,20dB_nominal_difference,imag,A23_compressed_feedback,OK,YZ,x,-0.0625,y,-0.1875,z,0.5625,0.04,0.036795966311913064,-0.0032040336880869366,0.04,0.1385
2014,1.0,20dB_nominal_difference,imag,A23_compressed_feedback,OK,YZ,x,-0.0625,y,-0.0625,z,0.5625,0.04,0.03494795750367187,-0.005052042496328131,0.04,0.1385
2014,1.0,20dB_nominal_difference,imag,A23_compressed_feedback,OK,YZ,x,-0.0625,y,0.0625,z,0.5625,0.04,0.03395484591641493,-0.006045154083585073,0.04,0.1385
2014,1.0,20dB_nominal_difference,imag,A23_compressed_feedback,OK,YZ,x,-0.0625,y,0.1875,z,0.5625,0.04,0.03366167281397548,-0.00633832718602452,0.04,0.1385
2014,1.0,20dB_nominal_difference,imag,A23_compressed_feedback,OK,YZ,x,-0.0625,y,0.3125,z,0.5625,0.04,0.033852908616670285,-0.0061470913833297156,0.04,0.1385
2014,1.0,20dB_nominal_difference,imag,A23_compressed_feedback,OK,YZ,x,-0.0625,y,0.4375,z,0.5625,0.04,0.03431155732762553,-0.0056884426723744705,0.04,0.1385
2014,1.0,20dB_nominal_difference,imag,A23_compressed_feedback,OK,YZ,x,-0.0625,y,0.5625,z,0.5625,0.04,0.03481059301189946,-0.0051894069881005395,0.04,0.1385
2014,1.0,20dB_nominal_difference,imag,A23_compressed_feedback,OK,YZ,x,-0.0625,y,0.6875,z,0.5625,0.04,0.03422954578038402,-0.005770454219615979,0.04,0.1385
2014,1.0,20dB_nominal_difference,imag,A23_compressed_feedback,OK,YZ,x,-0.0625,y,-0.6875,z,0.6875,0.04,0.05477568085083621,0.014775680850836206,0.04,0.1385
2014,1.0,20dB_nominal_difference,imag,A23_compressed_feedback,OK,YZ,x,-0.0625,y,-0.5625,z,0.6875,0.04,0.053884703056622296,0.013884703056622295,0.04,0.1385
2014,1.0,20dB_nominal_difference,imag,A23_compressed_feedback,OK,YZ,x,-0.0625,y,-0.4375,z,0.6875,0.04,0.05127925755970053,0.01127925755970053,0.04,0.1385
2014,1.0,20dB_nominal_difference,imag,A23_compressed_feedback,OK,YZ,x,-0.0625,y,-0.3125,z,0.6875,0.04,0.04943373758874661,0.009433737588746612,0.04,0.1385
2014,1.0,20dB_nominal_difference,imag,A23_compressed_feedback,OK,YZ,x,-0.0625,y,-0.1875,z,0.6875,0.04,0.0483711515730294,0.008371151573029402,0.04,0.1385
2014,1.0,20dB_nominal_difference,imag,A23_compressed_feedback,OK,YZ,x,-0.0625,y,-0.0625,z,0.6875,0.04,0.04794372845546175,0.007943728455461749,0.04,0.1385
2014,1.0,20dB_nominal_difference,imag,A23_compressed_feedback,OK,YZ,x,-0.0625,y,0.0625,z,0.6875,0.04,0.047865528821856705,0.007865528821856704,0.04,0.1385
2014,1.0,20dB_nominal_difference,imag,A23_compressed_feedback,OK,YZ,x,-0.0625,y,0.1875,z,0.6875,0.04,0.047763785767223316,0.007763785767223315,0.04,0.1385
2014,1.0,20dB_nominal_difference,imag,A23_compressed_feedback,OK,YZ,x,-0.0625,y,0.3125,z,0.6875,0.04,0.04727155397990602,0.0072715539799060175,0.04,0.1385
2014,1.0,20dB_nominal_difference,imag,A23_compressed_feedback,OK,YZ,x,-0.0625,y,0.4375,z,0.6875,0.04,0.0461116766485713,0.006111676648571297,0.04,0.1385
2014,1.0,20dB_nominal_difference,imag,A23_compressed_feedback,OK,YZ,x,-0.0625,y,0.5625,z,0.6875,0.04,0.044029426344346305,0.004029426344346304,0.04,0.1385
2014,1.0,20dB_nominal_difference,imag,A23_compressed_feedback,OK,YZ,x,-0.0625,y,0.6875,z,0.6875,0.04,0.0388530091138845,-0.001146990886115501,0.04,0.1385
