scene,t,noise,component,method,status,plane,fixed_axis,fixed_coordinate,horizontal_axis,horizontal_coordinate,vertical_axis,vertical_coordinate,truth,estimate,signed_error,truth_global_color_min,truth_global_color_max
2001,1.0,20dB_nominal_difference,real,truth_OFFLINE,OFFLINE_TRUTH,XY,z,-0.0625,x,-0.6875,y,-0.6875,0.10026485781854057,0.10026485781854057,0.0,0.10000000600915501,0.9316945828513565
2001,1.0,20dB_nominal_difference,real,truth_OFFLINE,OFFLINE_TRUTH,XY,z,-0.0625,x,-0.5625,y,-0.6875,0.1011963135624723,0.1011963135624723,0.0,0.10000000600915501,0.9316945828513565
2001,1.0,20dB_nominal_difference,real,truth_OFFLINE,OFFLINE_TRUTH,XY,z,-0.0625,x,-0.4375,y,-0.6875,0.10355891452422165,0.10355891452422165,0.0,0.10000000600915501,0.9316945828513565
2001,1.0,20dB_nominal_difference,real,truth_OFFLINE,OFFLINE_TRUTH,XY,z,-0.0625,x,-0.3125,y,-0.6875,0.10697317222035659,0.10697317222035659,0.0,0.10000000600915501,0.9316945828513565
2001,1.0,20dB_nominal_difference,real,truth_OFFLINE,OFFLINE_TRUTH,XY,z,-0.0625,x,-0.1875,y,-0.6875,0.10899877779237235,0.10899877779237235,0.0,0.10000000600915501,0.9316945828513565
2001,1.0,20dB_nominal_difference,real,truth_OFFLINE,OFFLINE_TRUTH,XY,z,-0.0625,x,-0.0625,y,-0.6875,0.10764851227651129,0.10764851227651129,0.0,0.10000000600915501,0.9316945828513565
2001,1.0,20dB_nominal_difference,real,truth_OFFLINE,OFFLINE_TRUTH,XY,z,-0.0625,x,0.0625,y,-0.6875,0.10428164572074357,0.10428164572074357,0.0,0.10000000600915501,0.9316945828513565
2001,1.0,20dB_nominal_difference,real,truth_OFFLINE,OFFLINE_TRUTH,XY,z,-0.0625,x,0.1875,y,-0.6875,0.10157864722454041,0.10157864722454041,0.0,0.10000000600915501,0.9316945828513565
2001,1.0,20dB_nominal_difference,real,truth_OFFLINE,OFFLINE_TRUTH,XY,z,-0.0625,x,0.3125,y,-0.6875,0.10038335782621703,0.10038335782621703,0.0,0.10000000600915501,0.9316945828513565
2001,1.0,20dB_nominal_difference,real,truth_OFFLINE,OFFLINE_TRUTH,XY,z,-0.0625,x,0.4375,y,-0.6875,0.10006132407112178,0.10006132407112178,0.0,0.10000000600915501,0.9316945828513565
2001,1.0,20dB_nominal_difference,real,truth_OFFLINE,OFFLINE_TRUTH,XY,z,-0.0625,x,0.5625,y,-0.6875,0.1000064748803716,0.1000064748803716,0.0,0.10000000600915501,0.9316945828513565
2001,1.0,20dB_nominal_difference,real,truth_OFFLINE,OFFLINE_TRUTH,XY,z,-0.0625,x,0.6875,y,-0.6875,0.10000046305551115,0.10000046305551115,0.0,0.10000000600915501,0.9316945828513565
2001,1.0,20dB_nominal_difference,real,truth_OFFLINE,OFFLINE_TRUTH,XY,z,-0.0625,x,-0.6875,y,-0.5625,0.10090670231051312,0.10090670231051312,0.0,0.10000000600915501,0.9316945828513565
2001,1.0,20dB_nominal_difference,real,truth_OFFLINE,OFFLINE_TRUTH,XY,z,-0.0625,x,-0.5625,y,-0.5625,0.10422962198918105,0.10422962198918105,0.0,0.10000000600915501,0.9316945828513565
2001,1.0,20dB_nominal_difference,real,truth_OFFLINE,OFFLINE_TRUTH,XY,z,-0.0625,x,-0.4375,y,-0.5625,0.1129950720178762,0.1129950720178762,0.0,0.10000000600915501,0.9316945828513565
2001,1.0,20dB_nominal_difference,real,truth_OFFLINE,OFFLINE_TRUTH,XY,z,-0.0625,x,-0.3125,y,-0.5625,0.126296389800436,0.126296389800436,0.0,0.10000000600915501,0.9316945828513565
2001,1.0,20dB_nominal_difference,real,truth_OFFLINE,OFFLINE_TRUTH,XY,z,-0.0625,x,-0.1875,y,-0.5625,0.1350472438890173,0.1350472438890173,0.0,0.10000000600915501,0.9316945828513565
2001,1.0,20dB_nominal_difference,real,truth_OFFLINE,OFFLINE_TRUTH,XY,z,-0.0625,x,-0.0625,y,-0.5625,0.13076464682421354,0.13076464682421354,0.0,0.10000000600915501,0.9316945828513565
2001,1.0,20dB_nominal_difference,real,truth_OFFLINE,OFFLINE_TRUTH,XY,z,-0.0625,x,0.0625,y,-0.5625,0.1177865029807636,0.1177865029807636,0.0,0.10000000600915501,0.9316945828513565
2001,1.0,20dB_nominal_difference,real,truth_OFFLINE,OFFLINE_TRUTH,XY,z,-0.0625,x,0.1875,y,-0.5625,0.10677287833630011,0.10677287833630011,0.0,0.10000000600915501,0.9316945828513565
2001,1.0,20dB_nominal_difference,real,truth_OFFLINE,OFFLINE_TRUTH,XY,z,-0.0625,x,0.3125,y,-0.5625,0.10169881558708468,0.10169881558708468,0.0,0.10000000600915501,0.9316945828513565
2001,1.0,20dB_nominal_difference,real,truth_OFFLINE,OFFLINE_TRUTH,XY,z,-0.0625,x,0.4375,y,-0.5625,0.10028105354810429,0.10028105354810429,0.0,0.10000000600915501,0.9316945828513565
2001,1.0,20dB_nominal_difference,real,truth_OFFLINE,OFFLINE_TRUTH,XY,z,-0.0625,x,0.5625,y,-0.5625,0.10003115598664142,0.10003115598664142,0.0,0.10000000600915501,0.9316945828513565
2001,1.0,20dB_nominal_difference,real,truth_OFFLINE,OFFLINE_TRUTH,XY,z,-0.0625,x,0.6875,y,-0.5625,0.10000270827712796,0.10000270827712796,0.0,0.10000000600915501,0.9316945828513565
2001,1.0,20dB_nominal_difference,real,truth_OFFLINE,OFFLINE_TRUTH,XY,z,-0.0625,x,-0.6875,y,-0.4375,0.10237684136782078,0.10237684136782078,0.0,0.10000000600915501,0.9316945828513565
2001,1.0,20dB_nominal_difference,real,truth_OFFLINE,OFFLINE_TRUTH,XY,z,-0.0625,x,-0.5625,y,-0.4375,0.11145095306522608,0.11145095306522608,0.0,0.10000000600915501,0.9316945828513565
2001,1.0,20dB_nominal_difference,real,truth_OFFLINE,OFFLINE_TRUTH,XY,z,-0.0625,x,-0.4375,y,-0.4375,0.13633485022725975,0.13633485022725975,0.0,0.10000000600915501,0.9316945828513565
2001,1.0,20dB_nominal_difference,real,truth_OFFLINE,OFFLINE_TRUTH,XY,z,-0.0625,x,-0.3125,y,-0.4375,0.17593559812108292,0.17593559812108292,0.0,0.10000000600915501,0.9316945828513565
2001,1.0,20dB_nominal_difference,real,truth_OFFLINE,OFFLINE_TRUTH,XY,z,-0.0625,x,-0.1875,y,-0.4375,0.20452201731555533,0.20452201731555533,0.0,0.10000000600915501,0.9316945828513565
2001,1.0,20dB_nominal_difference,real,truth_OFFLINE,OFFLINE_TRUTH,XY,z,-0.0625,x,-0.0625,y,-0.4375,0.19475686843627962,0.19475686843627962,0.0,0.10000000600915501,0.9316945828513565
2001,1.0,20dB_nominal_difference,real,truth_OFFLINE,OFFLINE_TRUTH,XY,z,-0.0625,x,0.0625,y,-0.4375,0.1565792332237742,0.1565792332237742,0.0,0.10000000600915501,0.9316945828513565
2001,1.0,20dB_nominal_difference,real,truth_OFFLINE,OFFLINE_TRUTH,XY,z,-0.0625,x,0.1875,y,-0.4375,0.12225263279337435,0.12225263279337435,0.0,0.10000000600915501,0.9316945828513565
2001,1.0,20dB_nominal_difference,real,truth_OFFLINE,OFFLINE_TRUTH,XY,z,-0.0625,x,0.3125,y,-0.4375,0.10577000245474298,0.10577000245474298,0.0,0.10000000600915501,0.9316945828513565
2001,1.0,20dB_nominal_difference,real,truth_OFFLINE,OFFLINE_TRUTH,XY,z,-0.0625,x,0.4375,y,-0.4375,0.10099596949293096,0.10099596949293096,0.0,0.10000000600915501,0.9316945828513565
2001,1.0,20dB_nominal_difference,real,truth_OFFLINE,OFFLINE_TRUTH,XY,z,-0.0625,x,0.5625,y,-0.4375,0.10012547875286122,0.10012547875286122,0.0,0.10000000600915501,0.9316945828513565
2001,1.0,20dB_nominal_difference,real,truth_OFFLINE,OFFLINE_TRUTH,XY,z,-0.0625,x,0.6875,y,-0.4375,0.10001920014127877,0.10001920014127877,0.0,0.10000000600915501,0.9316945828513565
2001,1.0,20dB_nominal_difference,real,truth_OFFLINE,OFFLINE_TRUTH,XY,z,-0.0625,x,-0.6875,y,-0.3125,0.10477110773257149,0.10477110773257149,0.0,0.10000000600915501,0.9316945828513565
2001,1.0,20dB_nominal_difference,real,truth_OFFLINE,OFFLINE_TRUTH,XY,z,-0.0625,x,-0.5625,y,-0.3125,0.12373915546056864,0.12373915546056864,0.0,0.10000000600915501,0.9316945828513565
2001,1.0,20dB_nominal_difference,real,truth_OFFLINE,OFFLINE_TRUTH,XY,z,-0.0625,x,-0.4375,y,-0.3125,0.17779498655314183,0.17779498655314183,0.0,0.10000000600915501,0.9316945828513565
2001,1.0,20dB_nominal_difference,real,truth_OFFLINE,OFFLINE_TRUTH,XY,z,-0.0625,x,-0.3125,y,-0.3125,0.2679106634230831,0.2679106634230831,0.0,0.10000000600915501,0.9316945828513565
2001,1.0,20dB_nominal_difference,real,truth_OFFLINE,OFFLINE_TRUTH,XY,z,-0.0625,x,-0.1875,y,-0.3125,0.3386961859462222,0.3386961859462222,0.0,0.10000000600915501,0.9316945828513565
2001,1.0,20dB_nominal_difference,real,truth_OFFLINE,OFFLINE_TRUTH,XY,z,-0.0625,x,-0.0625,y,-0.3125,0.3234887335904522,0.3234887335904522,0.0,0.10000000600915501,0.9316945828513565
2001,1.0,20dB_nominal_difference,real,truth_OFFLINE,OFFLINE_TRUTH,XY,z,-0.0625,x,0.0625,y,-0.3125,0.23782718546688542,0.23782718546688542,0.0,0.10000000600915501,0.9316945828513565
2001,1.0,20dB_nominal_difference,real,truth_OFFLINE,OFFLINE_TRUTH,XY,z,-0.0625,x,0.1875,y,-0.3125,0.15602112446107677,0.15602112446107677,0.0,0.10000000600915501,0.9316945828513565
2001,1.0,20dB_nominal_difference,real,truth_OFFLINE,OFFLINE_TRUTH,XY,z,-0.0625,x,0.3125,y,-0.3125,0.11509792945637516,0.11509792945637516,0.0,0.10000000600915501,0.9316945828513565
2001,1.0,20dB_nominal_difference,real,truth_OFFLINE,OFFLINE_TRUTH,XY,z,-0.0625,x,0.4375,y,-0.3125,0.10284563742209168,0.10284563742209168,0.0,0.10000000600915501,0.9316945828513565
2001,1.0,20dB_nominal_difference,real,truth_OFFLINE,OFFLINE_TRUTH,XY,z,-0.0625,x,0.5625,y,-0.3125,0.10052268077522575,0.10052268077522575,0.0,0.10000000600915501,0.9316945828513565
2001,1.0,20dB_nominal_difference,real,truth_OFFLINE,OFFLINE_TRUTH,XY,z,-0.0625,x,0.6875,y,-0.3125,0.10016497098517554,0.10016497098517554,0.0,0.10000000600915501,0.9316945828513565
2001,1.0,20dB_nominal_difference,real,truth_OFFLINE,OFFLINE_TRUTH,XY,z,-0.0625,x,-0.6875,y,-0.1875,0.10733367735530452,0.10733367735530452,0.0,0.10000000600915501,0.9316945828513565
2001,1.0,20dB_nominal_difference,real,truth_OFFLINE,OFFLINE_TRUTH,XY,z,-0.0625,x,-0.5625,y,-0.1875,0.13768534076741698,0.13768534076741698,0.0,0.10000000600915501,0.9316945828513565
2001,1.0,20dB_nominal_difference,real,truth_OFFLINE,OFFLINE_TRUTH,XY,z,-0.0625,x,-0.4375,y,-0.1875,0.22754499376814377,0.22754499376814377,0.0,0.10000000600915501,0.9316945828513565
2001,1.0,20dB_nominal_difference,real,truth_OFFLINE,OFFLINE_TRUTH,XY,z,-0.0625,x,-0.3125,y,-0.1875,0.3843118157309954,0.3843118157309954,0.0,0.10000000600915501,0.9316945828513565
2001,1.0,20dB_nominal_difference,real,truth_OFFLINE,OFFLINE_TRUTH,XY,z,-0.0625,x,-0.1875,y,-0.1875,0.5174158828182975,0.5174158828182975,0.0,0.10000000600915501,0.9316945828513565
2001,1.0,20dB_nominal_difference,real,truth_OFFLINE,OFFLINE_TRUTH,XY,z,-0.0625,x,-0.0625,y,-0.1875,0.5036506148217931,0.5036506148217931,0.0,0.10000000600915501,0.9316945828513565
2001,1.0,20dB_nominal_difference,real,truth_OFFLINE,OFFLINE_TRUTH,XY,z,-0.0625,x,0.0625,y,-0.1875,0.35721176838000324,0.35721176838000324,0.0,0.10000000600915501,0.9316945828513565
2001,1.0,20dB_nominal_difference,real,truth_OFFLINE,OFFLINE_TRUTH,XY,z,-0.0625,x,0.1875,y,-0.1875,0.20840819636315633,0.20840819636315633,0.0,0.10000000600915501,0.9316945828513565
2001,1.0,20dB_nominal_difference,real,truth_OFFLINE,OFFLINE_TRUTH,XY,z,-0.0625,x,0.3125,y,-0.1875,0.13116638756463606,0.13116638756463606,0.0,0.10000000600915501,0.9316945828513565
2001,1.0,20dB_nominal_difference,real,truth_OFFLINE,OFFLINE_TRUTH,XY,z,-0.0625,x,0.4375,y,-0.1875,0.10746175163320573,0.10746175163320573,0.0,0.10000000600915501,0.9316945828513565
2001,1.0,20dB_nominal_difference,real,truth_OFFLINE,OFFLINE_TRUTH,XY,z,-0.0625,x,0.5625,y,-0.1875,0.10254541586720096,0.10254541586720096,0.0,0.10000000600915501,0.9316945828513565
2001,1.0,20dB_nominal_difference,real,truth_OFFLINE,OFFLINE_TRUTH,XY,z,-0.0625,x,0.6875,y,-0.1875,0.1011545478348431,0.1011545478348431,0.0,0.10000000600915501,0.9316945828513565
2001,1.0,20dB_nominal_difference,real,truth_OFFLINE,OFFLINE_TRUTH,XY,z,-0.0625,x,-0.6875,y,-0.0625,0.1086319303622552,0.1086319303622552,0.0,0.10000000600915501,0.9316945828513565
2001,1.0,20dB_nominal_difference,real,truth_OFFLINE,OFFLINE_TRUTH,XY,z,-0.0625,x,-0.5625,y,-0.0625,0.14581030690719132,0.14581030690719132,0.0,0.10000000600915501,0.9316945828513565
2001,1.0,20dB_nominal_difference,real,truth_OFFLINE,OFFLINE_TRUTH,XY,z,-0.0625,x,-0.4375,y,-0.0625,0.260124942599339,0.260124942599339,0.0,0.10000000600915501,0.9316945828513565
2001,1.0,20dB_nominal_difference,real,truth_OFFLINE,OFFLINE_TRUTH,XY,z,-0.0625,x,-0.3125,y,-0.0625,0.4686354000592555,0.4686354000592555,0.0,0.10000000600915501,0.9316945828513565
2001,1.0,20dB_nominal_difference,real,truth_OFFLINE,OFFLINE_TRUTH,XY,z,-0.0625,x,-0.1875,y,-0.0625,0.658975602264724,0.658975602264724,0.0,0.10000000600915501,0.9316945828513565
2001,1.0,20dB_nominal_difference,real,truth_OFFLINE,OFFLINE_TRUTH,XY,z,-0.0625,x,-0.0625,y,-0.0625,0.6584401254504064,0.6584401254504064,0.0,0.10000000600915501,0.9316945828513565
2001,1.0,20dB_nominal_difference,real,truth_OFFLINE,OFFLINE_TRUTH,XY,z,-0.0625,x,0.0625,y,-0.0625,0.4684559578600319,0.4684559578600319,0.0,0.10000000600915501,0.9316945828513565
2001,1.0,20dB_nominal_difference,real,truth_OFFLINE,OFFLINE_TRUTH,XY,z,-0.0625,x,0.1875,y,-0.0625,0.2634391773756436,0.2634391773756436,0.0,0.10000000600915501,0.9316945828513565
2001,1.0,20dB_nominal_difference,real,truth_OFFLINE,OFFLINE_TRUTH,XY,z,-0.0625,x,0.3125,y,-0.0625,0.15461648871629483,0.15461648871629483,0.0,0.10000000600915501,0.9316945828513565
2001,1.0,20dB_nominal_difference,real,truth_OFFLINE,OFFLINE_TRUTH,XY,z,-0.0625,x,0.4375,y,-0.0625,0.12071173516744532,0.12071173516744532,0.0,0.10000000600915501,0.9316945828513565
2001,1.0,20dB_nominal_difference,real,truth_OFFLINE,OFFLINE_TRUTH,XY,z,-0.0625,x,0.5625,y,-0.0625,0.11112771864288029,0.11112771864288029,0.0,0.10000000600915501,0.9316945828513565
2001,1.0,20dB_nominal_difference,real,truth_OFFLINE,OFFLINE_TRUTH,XY,z,-0.0625,x,0.6875,y,-0.0625,0.10530383314727672,0.10530383314727672,0.0,0.10000000600915501,0.9316945828513565
2001,1.0,20dB_nominal_difference,real,truth_OFFLINE,OFFLINE_TRUTH,XY,z,-0.0625,x,-0.6875,y,0.0625,0.10777996478043661,0.10777996478043661,0.0,0.10000000600915501,0.9316945828513565
2001,1.0,20dB_nominal_difference,real,truth_OFFLINE,OFFLINE_TRUTH,XY,z,-0.0625,x,-0.5625,y,0.0625,0.14264201452263953,0.14264201452263953,0.0,0.10000000600915501,0.9316945828513565
2001,1.0,20dB_nominal_difference,real,truth_OFFLINE,OFFLINE_TRUTH,XY,z,-0.0625,x,-0.4375,y,0.0625,0.2539358661922832,0.2539358661922832,0.0,0.10000000600915501,0.9316945828513565
2001,1.0,20dB_nominal_difference,real,truth_OFFLINE,OFFLINE_TRUTH,XY,z,-0.0625,x,-0.3125,y,0.0625,0.4660126331155374,0.4660126331155374,0.0,0.10000000600915501,0.9316945828513565
2001,1.0,20dB_nominal_difference,real,truth_OFFLINE,OFFLINE_TRUTH,XY,z,-0.0625,x,-0.1875,y,0.0625,0.6733219291899666,0.6733219291899666,0.0,0.10000000600915501,0.9316945828513565
2001,1.0,20dB_nominal_difference,real,truth_OFFLINE,OFFLINE_TRUTH,XY,z,-0.0625,x,-0.0625,y,0.0625,0.6925304012585348,0.6925304012585348,0.0,0.10000000600915501,0.9316945828513565
2001,1.0,20dB_nominal_difference,real,truth_OFFLINE,OFFLINE_TRUTH,XY,z,-0.0625,x,0.0625,y,0.0625,0.5082554782226824,0.5082554782226824,0.0,0.10000000600915501,0.9316945828513565
2001,1.0,20dB_nominal_difference,real,truth_OFFLINE,OFFLINE_TRUTH,XY,z,-0.0625,x,0.1875,y,0.0625,0.29970663571554834,0.29970663571554834,0.0,0.10000000600915501,0.9316945828513565
2001,1.0,20dB_nominal_difference,real,truth_OFFLINE,OFFLINE_TRUTH,XY,z,-0.0625,x,0.3125,y,0.0625,0.19051662464288005,0.19051662464288005,0.0,0.10000000600915501,0.9316945828513565
2001,1.0,20dB_nominal_difference,real,truth_OFFLINE,OFFLINE_TRUTH,XY,z,-0.0625,x,0.4375,y,0.0625,0.1544041608174542,0.1544041608174542,0.0,0.10000000600915501,0.9316945828513565
2001,1.0,20dB_nominal_difference,real,truth_OFFLINE,OFFLINE_TRUTH,XY,z,-0.0625,x,0.5625,y,0.0625,0.13378884108952682,0.13378884108952682,0.0,0.10000000600915501,0.9316945828513565
2001,1.0,20dB_nominal_difference,real,truth_OFFLINE,OFFLINE_TRUTH,XY,z,-0.0625,x,0.6875,y,0.0625,0.11508655269632756,0.11508655269632756,0.0,0.10000000600915501,0.9316945828513565
2001,1.0,20dB_nominal_difference,real,truth_OFFLINE,OFFLINE_TRUTH,XY,z,-0.0625,x,-0.6875,y,0.1875,0.10536946590244586,0.10536946590244586,0.0,0.10000000600915501,0.9316945828513565
2001,1.0,20dB_nominal_difference,real,truth_OFFLINE,OFFLINE_TRUTH,XY,z,-0.0625,x,-0.5625,y,0.1875,0.13039466078568404,0.13039466078568404,0.0,0.10000000600915501,0.9316945828513565
2001,1.0,20dB_nominal_difference,real,truth_OFFLINE,OFFLINE_TRUTH,XY,z,-0.0625,x,-0.4375,y,0.1875,0.21332218143040824,0.21332218143040824,0.0,0.10000000600915501,0.9316945828513565
2001,1.0,20dB_nominal_difference,real,truth_OFFLINE,OFFLINE_TRUTH,XY,z,-0.0625,x,-0.3125,y,0.1875,0.37832339591889463,0.37832339591889463,0.0,0.10000000600915501,0.9316945828513565
2001,1.0,20dB_nominal_difference,real,truth_OFFLINE,OFFLINE_TRUTH,XY,z,-0.0625,x,-0.1875,y,0.1875,0.5507438470346004,0.5507438470346004,0.0,0.10000000600915501,0.9316945828513565
2001,1.0,20dB_nominal_difference,real,truth_OFFLINE,OFFLINE_TRUTH,XY,z,-0.0625,x,-0.0625,y,0.1875,0.5842709100242653,0.5842709100242653,0.0,0.10000000600915501,0.9316945828513565
2001,1.0,20dB_nominal_difference,real,truth_OFFLINE,OFFLINE_TRUTH,XY,z,-0.0625,x,0.0625,y,0.1875,0.4571874337540224,0.4571874337540224,0.0,0.10000000600915501,0.9316945828513565
2001,1.0,20dB_nominal_difference,real,truth_OFFLINE,OFFLINE_TRUTH,XY,z,-0.0625,x,0.1875,y,0.1875,0.3110110184457098,0.3110110184457098,0.0,0.10000000600915501,0.9316945828513565
2001,1.0,20dB_nominal_difference,real,truth_OFFLINE,OFFLINE_TRUTH,XY,z,-0.0625,x,0.3125,y,0.1875,0.24008040061687136,0.24008040061687136,0.0,0.10000000600915501,0.9316945828513565
2001,1.0,20dB_nominal_difference,real,truth_OFFLINE,OFFLINE_TRUTH,XY,z,-0.0625,x,0.4375,y,0.1875,0.20648303586593814,0.20648303586593814,0.0,0.10000000600915501,0.9316945828513565
2001,1.0,20dB_nominal_difference,real,truth_OFFLINE,OFFLINE_TRUTH,XY,z,-0.0625,x,0.5625,y,0.1875,0.16479810303343054,0.16479810303343054,0.0,0.10000000600915501,0.9316945828513565
2001,1.0,20dB_nominal_difference,real,truth_OFFLINE,OFFLINE_TRUTH,XY,z,-0.0625,x,0.6875,y,0.1875,0.12619496065724473,0.12619496065724473,0.0,0.10000000600915501,0.9316945828513565
2001,1.0,20dB_nominal_difference,real,truth_OFFLINE,OFFLINE_TRUTH,XY,z,-0.0625,x,-0.6875,y,0.3125,0.10283771954262226,0.10283771954262226,0.0,0.10000000600915501,0.9316945828513565
2001,1.0,20dB_nominal_difference,real,truth_OFFLINE,OFFLINE_TRUTH,XY,z,-0.0625,x,-0.5625,y,0.3125,0.11659010550172136,0.11659010550172136,0.0,0.10000000600915501,0.9316945828513565
2001,1.0,20dB_nominal_difference,real,truth_OFFLINE,OFFLINE_TRUTH,XY,z,-0.0625,x,-0.4375,y,0.3125,0.16388891573906783,0.16388891573906783,0.0,0.10000000600915501,0.9316945828513565
2001,1.0,20dB_nominal_difference,real,truth_OFFLINE,OFFLINE_TRUTH,XY,z,-0.0625,x,-0.3125,y,0.3125,0.2621725014312992,0.2621725014312992,0.0,0.10000000600915501,0.9316945828513565
2001,1.0,20dB_nominal_difference,real,truth_OFFLINE,OFFLINE_TRUTH,XY,z,-0.0625,x,-0.1875,y,0.3125,0.3723046054849758,0.3723046054849758,0.0,0.10000000600915501,0.9316945828513565
2001,1.0,20dB_nominal_difference,real,truth_OFFLINE,OFFLINE_TRUTH,XY,z,-0.0625,x,-0.0625,y,0.3125,0.4081034051787672,0.4081034051787672,0.0,0.10000000600915501,0.9316945828513565
2001,1.0,20dB_nominal_difference,real,truth_OFFLINE,OFFLINE_TRUTH,XY,z,-0.0625,x,0.0625,y,0.3125,0.3551775096182769,0.3551775096182769,0.0,0.10000000600915501,0.9316945828513565
2001,1.0,20dB_nominal_difference,real,truth_OFFLINE,OFFLINE_TRUTH,XY,z,-0.0625,x,0.1875,y,0.3125,0.29655412152484,0.29655412152484,0.0,0.10000000600915501,0.9316945828513565
2001,1.0,20dB_nominal_difference,real,truth_OFFLINE,OFFLINE_TRUTH,XY,z,-0.0625,x,0.3125,y,0.3125,0.27140413415974374,0.27140413415974374,0.0,0.10000000600915501,0.9316945828513565
2001,1.0,20dB_nominal_difference,real,truth_OFFLINE,OFFLINE_TRUTH,XY,z,-0.0625,x,0.4375,y,0.3125,0.23610303361304813,0.23610303361304813,0.0,0.10000000600915501,0.9316945828513565
2001,1.0,20dB_nominal_difference,real,truth_OFFLINE,OFFLINE_TRUTH,XY,z,-0.0625,x,0.5625,y,0.3125,0.1763764986896118,0.1763764986896118,0.0,0.10000000600915501,0.9316945828513565
2001,1.0,20dB_nominal_difference,real,truth_OFFLINE,OFFLINE_TRUTH,XY,z,-0.0625,x,0.6875,y,0.3125,0.12765795889379147,0.12765795889379147,0.0,0.10000000600915501,0.9316945828513565
2001,1.0,20dB_nominal_difference,real,truth_OFFLINE,OFFLINE_TRUTH,XY,z,-0.0625,x,-0.6875,y,0.4375,0.10114841421051789,0.10114841421051789,0.0,0.10000000600915501,0.9316945828513565
2001,1.0,20dB_nominal_difference,real,truth_OFFLINE,OFFLINE_TRUTH,XY,z,-0.0625,x,-0.5625,y,0.4375,0.10693462372443238,0.10693462372443238,0.0,0.10000000600915501,0.9316945828513565
2001,1.0,20dB_nominal_difference,real,truth_OFFLINE,OFFLINE_TRUTH,XY,z,-0.0625,x,-0.4375,y,0.4375,0.12759383376306277,0.12759383376306277,0.0,0.10000000600915501,0.9316945828513565
2001,1.0,20dB_nominal_difference,real,truth_OFFLINE,OFFLINE_TRUTH,XY,z,-0.0625,x,-0.3125,y,0.4375,0.17250779922464993,0.17250779922464993,0.0,0.10000000600915501,0.9316945828513565
2001,1.0,20dB_nominal_difference,real,truth_OFFLINE,OFFLINE_TRUTH,XY,z,-0.0625,x,-0.1875,y,0.4375,0.2270800966164236,0.2270800966164236,0.0,0.10000000600915501,0.9316945828513565
2001,1.0,20dB_nominal_difference,real,truth_OFFLINE,OFFLINE_TRUTH,XY,z,-0.0625,x,-0.0625,y,0.4375,0.255002531880477,0.255002531880477,0.0,0.10000000600915501,0.9316945828513565
2001,1.0,20dB_nominal_difference,real,truth_OFFLINE,OFFLINE_TRUTH,XY,z,-0.0625,x,0.0625,y,0.4375,0.2512553768125801,0.2512553768125801,0.0,0.10000000600915501,0.9316945828513565
2001,1.0,20dB_nominal_difference,real,truth_OFFLINE,OFFLINE_TRUTH,XY,z,-0.0625,x,0.1875,y,0.4375,0.24786304214956373,0.24786304214956373,0.0,0.10000000600915501,0.9316945828513565
2001,1.0,20dB_nominal_difference,real,truth_OFFLINE,OFFLINE_TRUTH,XY,z,-0.0625,x,0.3125,y,0.4375,0.24341302895259062,0.24341302895259062,0.0,0.10000000600915501,0.9316945828513565
2001,1.0,20dB_nominal_difference,real,truth_OFFLINE,OFFLINE_TRUTH,XY,z,-0.0625,x,0.4375,y,0.4375,0.20839060005756693,0.20839060005756693,0.0,0.10000000600915501,0.9316945828513565
2001,1.0,20dB_nominal_difference,real,truth_OFFLINE,OFFLINE_TRUTH,XY,z,-0.0625,x,0.5625,y,0.4375,0.15489601898677052,0.15489601898677052,0.0,0.10000000600915501,0.9316945828513565
2001,1.0,20dB_nominal_difference,real,truth_OFFLINE,OFFLINE_TRUTH,XY,z,-0.0625,x,0.6875,y,0.4375,0.11773851679414572,0.11773851679414572,0.0,0.10000000600915501,0.9316945828513565
2001,1.0,20dB_nominal_difference,real,truth_OFFLINE,OFFLINE_TRUTH,XY,z,-0.0625,x,-0.6875,y,0.5625,0.1003559096768723,0.1003559096768723,0.0,0.10000000600915501,0.9316945828513565
2001,1.0,20dB_nominal_difference,real,truth_OFFLINE,OFFLINE_TRUTH,XY,z,-0.0625,x,-0.5625,y,0.5625,0.10222028492804464,0.10222028492804464,0.0,0.10000000600915501,0.9316945828513565
2001,1.0,20dB_nominal_difference,real,truth_OFFLINE,OFFLINE_TRUTH,XY,z,-0.0625,x,-0.4375,y,0.5625,0.10913727806028901,0.10913727806028901,0.0,0.10000000600915501,0.9316945828513565
2001,1.0,20dB_nominal_difference,real,truth_OFFLINE,OFFLINE_TRUTH,XY,z,-0.0625,x,-0.3125,y,0.5625,0.12494046438860903,0.12494046438860903,0.0,0.10000000600915501,0.9316945828513565
2001,1.0,20dB_nominal_difference,real,truth_OFFLINE,OFFLINE_TRUTH,XY,z,-0.0625,x,-0.1875,y,0.5625,0.14612205742413914,0.14612205742413914,0.0,0.10000000600915501,0.9316945828513565
2001,1.0,20dB_nominal_difference,real,truth_OFFLINE,OFFLINE_TRUTH,XY,z,-0.0625,x,-0.0625,y,0.5625,0.16207226151280418,0.16207226151280418,0.0,0.10000000600915501,0.9316945828513565
2001,1.0,20dB_nominal_difference,real,truth_OFFLINE,OFFLINE_TRUTH,XY,z,-0.0625,x,0.0625,y,0.5625,0.17141133688533441,0.17141133688533441,0.0,0.10000000600915501,0.9316945828513565
2001,1.0,20dB_nominal_difference,real,truth_OFFLINE,OFFLINE_TRUTH,XY,z,-0.0625,x,0.1875,y,0.5625,0.17958861939133242,0.17958861939133242,0.0,0.10000000600915501,0.9316945828513565
2001,1.0,20dB_nominal_difference,real,truth_OFFLINE,OFFLINE_TRUTH,XY,z,-0.0625,x,0.3125,y,0.5625,0.17660099355584172,0.17660099355584172,0.0,0.10000000600915501,0.9316945828513565
2001,1.0,20dB_nominal_difference,real,truth_OFFLINE,OFFLINE_TRUTH,XY,z,-0.0625,x,0.4375,y,0.5625,0.15297691049428866,0.15297691049428866,0.0,0.10000000600915501,0.9316945828513565
2001,1.0,20dB_nominal_difference,real,truth_OFFLINE,OFFLINE_TRUTH,XY,z,-0.0625,x,0.5625,y,0.5625,0.12400536006734672,0.12400536006734672,0.0,0.10000000600915501,0.9316945828513565
2001,1.0,20dB_nominal_difference,real,truth_OFFLINE,OFFLINE_TRUTH,XY,z,-0.0625,x,0.6875,y,0.5625,0.10690885512842992,0.10690885512842992,0.0,0.10000000600915501,0.9316945828513565
2001,1.0,20dB_nominal_difference,real,truth_OFFLINE,OFFLINE_TRUTH,XY,z,-0.0625,x,-0.6875,y,0.6875,0.10008447943542029,0.10008447943542029,0.0,0.10000000600915501,0.9316945828513565
2001,1.0,20dB_nominal_difference,real,truth_OFFLINE,OFFLINE_TRUTH,XY,z,-0.0625,x,-0.5625,y,0.6875,0.1005447510332622,0.1005447510332622,0.0,0.10000000600915501,0.9316945828513565
2001,1.0,20dB_nominal_difference,real,truth_OFFLINE,OFFLINE_TRUTH,XY,z,-0.0625,x,-0.4375,y,0.6875,0.10232262764080495,0.10232262764080495,0.0,0.10000000600915501,0.9316945828513565
2001,1.0,20dB_nominal_difference,real,truth_OFFLINE,OFFLINE_TRUTH,XY,z,-0.0625,x,-0.3125,y,0.6875,0.10661692509131052,0.10661692509131052,0.0,0.10000000600915501,0.9316945828513565
2001,1.0,20dB_nominal_difference,real,truth_OFFLINE,OFFLINE_TRUTH,XY,z,-0.0625,x,-0.1875,y,0.6875,0.11303193791873747,0.11303193791873747,0.0,0.10000000600915501,0.9316945828513565
2001,1.0,20dB_nominal_difference,real,truth_OFFLINE,OFFLINE_TRUTH,XY,z,-0.0625,x,-0.0625,y,0.6875,0.11937276688178071,0.11937276688178071,0.0,0.10000000600915501,0.9316945828513565
2001,1.0,20dB_nominal_difference,real,truth_OFFLINE,OFFLINE_TRUTH,XY,z,-0.0625,x,0.0625,y,0.6875,0.12481962777323295,0.12481962777323295,0.0,0.10000000600915501,0.9316945828513565
2001,1.0,20dB_nominal_difference,real,truth_OFFLINE,OFFLINE_TRUTH,XY,z,-0.0625,x,0.1875,y,0.6875,0.12834929071443463,0.12834929071443463,0.0,0.10000000600915501,0.9316945828513565
2001,1.0,20dB_nominal_difference,real,truth_OFFLINE,OFFLINE_TRUTH,XY,z,-0.0625,x,0.3125,y,0.6875,0.12546993569784834,0.12546993569784834,0.0,0.10000000600915501,0.9316945828513565
2001,1.0,20dB_nominal_difference,real,truth_OFFLINE,OFFLINE_TRUTH,XY,z,-0.0625,x,0.4375,y,0.6875,0.11582540534158545,0.11582540534158545,0.0,0.10000000600915501,0.9316945828513565
2001,1.0,20dB_nominal_difference,real,truth_OFFLINE,OFFLINE_TRUTH,XY,z,-0.0625,x,0.5625,y,0.6875,0.10638547616199451,0.10638547616199451,0.0,0.10000000600915501,0.9316945828513565
2001,1.0,20dB_nominal_difference,real,truth_OFFLINE,OFFLINE_TRUTH,XY,z,-0.0625,x,0.6875,y,0.6875,0.10163460092111411,0.10163460092111411,0.0,0.10000000600915501,0.9316945828513565
2001,1.0,20dB_nominal_difference,real,truth_OFFLINE,OFFLINE_TRUTH,XZ,y,-0.0625,x,-0.6875,z,-0.6875,0.10291318459824714,0.10291318459824714,0.0,0.10000000600915501,0.9316945828513565
2001,1.0,20dB_nominal_difference,real,truth_OFFLINE,OFFLINE_TRUTH,XZ,y,-0.0625,x,-0.5625,z,-0.6875,0.11546049002657596,0.11546049002657596,0.0,0.10000000600915501,0.9316945828513565
2001,1.0,20dB_nominal_difference,real,truth_OFFLINE,OFFLINE_TRUTH,XZ,y,-0.0625,x,-0.4375,z,-0.6875,0.15404043140061494,0.15404043140061494,0.0,0.10000000600915501,0.9316945828513565
2001,1.0,20dB_nominal_difference,real,truth_OFFLINE,OFFLINE_TRUTH,XZ,y,-0.0625,x,-0.3125,z,-0.6875,0.22440982016802116,0.22440982016802116,0.0,0.10000000600915501,0.9316945828513565
2001,1.0,20dB_nominal_difference,real,truth_OFFLINE,OFFLINE_TRUTH,XZ,y,-0.0625,x,-0.1875,z,-0.6875,0.28863871102744765,0.28863871102744765,0.0,0.10000000600915501,0.9316945828513565
2001,1.0,20dB_nominal_difference,real,truth_OFFLINE,OFFLINE_TRUTH,XZ,y,-0.0625,x,-0.0625,z,-0.6875,0.2883854178941376,0.2883854178941376,0.0,0.10000000600915501,0.9316945828513565
2001,1.0,20dB_nominal_difference,real,truth_OFFLINE,OFFLINE_TRUTH,XZ,y,-0.0625,x,0.0625,z,-0.6875,0.22390934619667607,0.22390934619667607,0.0,0.10000000600915501,0.9316945828513565
2001,1.0,20dB_nominal_difference,real,truth_OFFLINE,OFFLINE_TRUTH,XZ,y,-0.0625,x,0.1875,z,-0.6875,0.1536786126262088,0.1536786126262088,0.0,0.10000000600915501,0.9316945828513565
2001,1.0,20dB_nominal_difference,real,truth_OFFLINE,OFFLINE_TRUTH,XZ,y,-0.0625,x,0.3125,z,-0.6875,0.11531580262732725,0.11531580262732725,0.0,0.10000000600915501,0.9316945828513565
2001,1.0,20dB_nominal_difference,real,truth_OFFLINE,OFFLINE_TRUTH,XZ,y,-0.0625,x,0.4375,z,-0.6875,0.10287822780423593,0.10287822780423593,0.0,0.10000000600915501,0.9316945828513565
2001,1.0,20dB_nominal_difference,real,truth_OFFLINE,OFFLINE_TRUTH,XZ,y,-0.0625,x,0.5625,z,-0.6875,0.10035628237908936,0.10035628237908936,0.0,0.10000000600915501,0.9316945828513565
2001,1.0,20dB_nominal_difference,real,truth_OFFLINE,OFFLINE_TRUTH,XZ,y,-0.0625,x,0.6875,z,-0.6875,0.10002906531016559,0.10002906531016559,0.0,0.10000000600915501,0.9316945828513565
2001,1.0,20dB_nominal_difference,real,truth_OFFLINE,OFFLINE_TRUTH,XZ,y,-0.0625,x,-0.6875,z,-0.5625,0.10607231156288507,0.10607231156288507,0.0,0.10000000600915501,0.9316945828513565
2001,1.0,20dB_nominal_difference,real,truth_OFFLINE,OFFLINE_TRUTH,XZ,y,-0.0625,x,-0.5625,z,-0.5625,0.13222621471145993,0.13222621471145993,0.0,0.10000000600915501,0.9316945828513565
2001,1.0,20dB_nominal_difference,real,truth_OFFLINE,OFFLINE_TRUTH,XZ,y,-0.0625,x,-0.4375,z,-0.5625,0.2126431660706112,0.2126431660706112,0.0,0.10000000600915501,0.9316945828513565
2001,1.0,20dB_nominal_difference,real,truth_OFFLINE,OFFLINE_TRUTH,XZ,y,-0.0625,x,-0.3125,z,-0.5625,0.3593228011778993,0.3593228011778993,0.0,0.10000000600915501,0.9316945828513565
2001,1.0,20dB_nominal_difference,real,truth_OFFLINE,OFFLINE_TRUTH,XZ,y,-0.0625,x,-0.1875,z,-0.5625,0.4932030390785944,0.4932030390785944,0.0,0.10000000600915501,0.9316945828513565
2001,1.0,20dB_nominal_difference,real,truth_OFFLINE,OFFLINE_TRUTH,XZ,y,-0.0625,x,-0.0625,z,-0.5625,0.4926750979995492,0.4926750979995492,0.0,0.10000000600915501,0.9316945828513565
2001,1.0,20dB_nominal_difference,real,truth_OFFLINE,OFFLINE_TRUTH,XZ,y,-0.0625,x,0.0625,z,-0.5625,0.35827977814129675,0.35827977814129675,0.0,0.10000000600915501,0.9316945828513565
2001,1.0,20dB_nominal_difference,real,truth_OFFLINE,OFFLINE_TRUTH,XZ,y,-0.0625,x,0.1875,z,-0.5625,0.21188957753242552,0.21188957753242552,0.0,0.10000000600915501,0.9316945828513565
2001,1.0,20dB_nominal_difference,real,truth_OFFLINE,OFFLINE_TRUTH,XZ,y,-0.0625,x,0.3125,z,-0.5625,0.13192587787640483,0.13192587787640483,0.0,0.10000000600915501,0.9316945828513565
2001,1.0,20dB_nominal_difference,real,truth_OFFLINE,OFFLINE_TRUTH,XZ,y,-0.0625,x,0.4375,z,-0.5625,0.10600109988729495,0.10600109988729495,0.0,0.10000000600915501,0.9316945828513565
2001,1.0,20dB_nominal_difference,real,truth_OFFLINE,OFFLINE_TRUTH,XZ,y,-0.0625,x,0.5625,z,-0.5625,0.10074401012398494,0.10074401012398494,0.0,0.10000000600915501,0.9316945828513565
2001,1.0,20dB_nominal_difference,real,truth_OFFLINE,OFFLINE_TRUTH,XZ,y,-0.0625,x,0.6875,z,-0.5625,0.10006129239122362,0.10006129239122362,0.0,0.10000000600915501,0.9316945828513565
2001,1.0,20dB_nominal_difference,real,truth_OFFLINE,OFFLINE_TRUTH,XZ,y,-0.0625,x,-0.6875,z,-0.4375,0.10977284609148798,0.10977284609148798,0.0,0.10000000600915501,0.9316945828513565
2001,1.0,20dB_nominal_difference,real,truth_OFFLINE,OFFLINE_TRUTH,XZ,y,-0.0625,x,-0.5625,z,-0.4375,0.15186523011246558,0.15186523011246558,0.0,0.10000000600915501,0.9316945828513565
2001,1.0,20dB_nominal_difference,real,truth_OFFLINE,OFFLINE_TRUTH,XZ,y,-0.0625,x,-0.4375,z,-0.4375,0.28128917057122405,0.28128917057122405,0.0,0.10000000600915501,0.9316945828513565
2001,1.0,20dB_nominal_difference,real,truth_OFFLINE,OFFLINE_TRUTH,XZ,y,-0.0625,x,-0.3125,z,-0.4375,0.5173570194609473,0.5173570194609473,0.0,0.10000000600915501,0.9316945828513565
2001,1.0,20dB_nominal_difference,real,truth_OFFLINE,OFFLINE_TRUTH,XZ,y,-0.0625,x,-0.1875,z,-0.4375,0.7328254356197617,0.7328254356197617,0.0,0.10000000600915501,0.9316945828513565
2001,1.0,20dB_nominal_difference,real,truth_OFFLINE,OFFLINE_TRUTH,XZ,y,-0.0625,x,-0.0625,z,-0.4375,0.7319762919832448,0.7319762919832448,0.0,0.10000000600915501,0.9316945828513565
2001,1.0,20dB_nominal_difference,real,truth_OFFLINE,OFFLINE_TRUTH,XZ,y,-0.0625,x,0.0625,z,-0.4375,0.515681582968196,0.515681582968196,0.0,0.10000000600915501,0.9316945828513565
2001,1.0,20dB_nominal_difference,real,truth_OFFLINE,OFFLINE_TRUTH,XZ,y,-0.0625,x,0.1875,z,-0.4375,0.28008716026754726,0.28008716026754726,0.0,0.10000000600915501,0.9316945828513565
2001,1.0,20dB_nominal_difference,real,truth_OFFLINE,OFFLINE_TRUTH,XZ,y,-0.0625,x,0.3125,z,-0.4375,0.15140465230636926,0.15140465230636926,0.0,0.10000000600915501,0.9316945828513565
2001,1.0,20dB_nominal_difference,real,truth_OFFLINE,OFFLINE_TRUTH,XZ,y,-0.0625,x,0.4375,z,-0.4375,0.10968830043688305,0.10968830043688305,0.0,0.10000000600915501,0.9316945828513565
2001,1.0,20dB_nominal_difference,real,truth_OFFLINE,OFFLINE_TRUTH,XZ,y,-0.0625,x,0.5625,z,-0.4375,0.10122227154090518,0.10122227154090518,0.0,0.10000000600915501,0.9316945828513565
2001,1.0,20dB_nominal_difference,real,truth_OFFLINE,OFFLINE_TRUTH,XZ,y,-0.0625,x,0.6875,z,-0.4375,0.10011151966643468,0.10011151966643468,0.0,0.10000000600915501,0.9316945828513565
2001,1.0,20dB_nominal_difference,real,truth_OFFLINE,OFFLINE_TRUTH,XZ,y,-0.0625,x,-0.6875,z,-0.3125,0.11214420370539707,0.11214420370539707,0.0,0.10000000600915501,0.9316945828513565
2001,1.0,20dB_nominal_difference,real,truth_OFFLINE,OFFLINE_TRUTH,XZ,y,-0.0625,x,-0.5625,z,-0.3125,0.1644502036042143,0.1644502036042143,0.0,0.10000000600915501,0.9316945828513565
2001,1.0,20dB_nominal_difference,real,truth_OFFLINE,OFFLINE_TRUTH,XZ,y,-0.0625,x,-0.4375,z,-0.3125,0.3252785546943639,0.3252785546943639,0.0,0.10000000600915501,0.9316945828513565
2001,1.0,20dB_nominal_difference,real,truth_OFFLINE,OFFLINE_TRUTH,XZ,y,-0.0625,x,-0.3125,z,-0.3125,0.618627754958439,0.618627754958439,0.0,0.10000000600915501,0.9316945828513565
2001,1.0,20dB_nominal_difference,real,truth_OFFLINE,OFFLINE_TRUTH,XZ,y,-0.0625,x,-0.1875,z,-0.3125,0.8863797976910598,0.8863797976910598,0.0,0.10000000600915501,0.9316945828513565
2001,1.0,20dB_nominal_difference,real,truth_OFFLINE,OFFLINE_TRUTH,XZ,y,-0.0625,x,-0.0625,z,-0.3125,0.8853305904537354,0.8853305904537354,0.0,0.10000000600915501,0.9316945828513565
2001,1.0,20dB_nominal_difference,real,truth_OFFLINE,OFFLINE_TRUTH,XZ,y,-0.0625,x,0.0625,z,-0.3125,0.6165820197691554,0.6165820197691554,0.0,0.10000000600915501,0.9316945828513565
2001,1.0,20dB_nominal_difference,real,truth_OFFLINE,OFFLINE_TRUTH,XZ,y,-0.0625,x,0.1875,z,-0.3125,0.32390683580753876,0.32390683580753876,0.0,0.10000000600915501,0.9316945828513565
2001,1.0,20dB_nominal_difference,real,truth_OFFLINE,OFFLINE_TRUTH,XZ,y,-0.0625,x,0.3125,z,-0.3125,0.16413463265473302,0.16413463265473302,0.0,0.10000000600915501,0.9316945828513565
2001,1.0,20dB_nominal_difference,real,truth_OFFLINE,OFFLINE_TRUTH,XZ,y,-0.0625,x,0.4375,z,-0.3125,0.11237788718970991,0.11237788718970991,0.0,0.10000000600915501,0.9316945828513565
2001,1.0,20dB_nominal_difference,real,truth_OFFLINE,OFFLINE_TRUTH,XZ,y,-0.0625,x,0.5625,z,-0.3125,0.10179889325449674,0.10179889325449674,0.0,0.10000000600915501,0.9316945828513565
2001,1.0,20dB_nominal_difference,real,truth_OFFLINE,OFFLINE_TRUTH,XZ,y,-0.0625,x,0.6875,z,-0.3125,0.1002836516556748,0.1002836516556748,0.0,0.10000000600915501,0.9316945828513565
2001,1.0,20dB_nominal_difference,real,truth_OFFLINE,OFFLINE_TRUTH,XZ,y,-0.0625,x,-0.6875,z,-0.1875,0.11165193354924287,0.11165193354924287,0.0,0.10000000600915501,0.9316945828513565
2001,1.0,20dB_nominal_difference,real,truth_OFFLINE,OFFLINE_TRUTH,XZ,y,-0.0625,x,-0.5625,z,-0.1875,0.1618376892964568,0.1618376892964568,0.0,0.10000000600915501,0.9316945828513565
2001,1.0,20dB_nominal_difference,real,truth_OFFLINE,OFFLINE_TRUTH,XZ,y,-0.0625,x,-0.4375,z,-0.1875,0.3161468167065895,0.3161468167065895,0.0,0.10000000600915501,0.9316945828513565
2001,1.0,20dB_nominal_difference,real,truth_OFFLINE,OFFLINE_TRUTH,XZ,y,-0.0625,x,-0.3125,z,-0.1875,0.5976053749803595,0.5976053749803595,0.0,0.10000000600915501,0.9316945828513565
2001,1.0,20dB_nominal_difference,real,truth_OFFLINE,OFFLINE_TRUTH,XZ,y,-0.0625,x,-0.1875,z,-0.1875,0.8545090934455207,0.8545090934455207,0.0,0.10000000600915501,0.9316945828513565
2001,1.0,20dB_nominal_difference,real,truth_OFFLINE,OFFLINE_TRUTH,XZ,y,-0.0625,x,-0.0625,z,-0.1875,0.8535440971175853,0.8535440971175853,0.0,0.10000000600915501,0.9316945828513565
2001,1.0,20dB_nominal_difference,real,truth_OFFLINE,OFFLINE_TRUTH,XZ,y,-0.0625,x,0.0625,z,-0.1875,0.5958952121257558,0.5958952121257558,0.0,0.10000000600915501,0.9316945828513565
2001,1.0,20dB_nominal_difference,real,truth_OFFLINE,OFFLINE_TRUTH,XZ,y,-0.0625,x,0.1875,z,-0.1875,0.31568087560700336,0.31568087560700336,0.0,0.10000000600915501,0.9316945828513565
2001,1.0,20dB_nominal_difference,real,truth_OFFLINE,OFFLINE_TRUTH,XZ,y,-0.0625,x,0.3125,z,-0.1875,0.16332485453803722,0.16332485453803722,0.0,0.10000000600915501,0.9316945828513565
2001,1.0,20dB_nominal_difference,real,truth_OFFLINE,OFFLINE_TRUTH,XZ,y,-0.0625,x,0.4375,z,-0.1875,0.11423757594009891,0.11423757594009891,0.0,0.10000000600915501,0.9316945828513565
2001,1.0,20dB_nominal_difference,real,truth_OFFLINE,OFFLINE_TRUTH,XZ,y,-0.0625,x,0.5625,z,-0.1875,0.10367817561264485,0.10367817561264485,0.0,0.10000000600915501,0.9316945828513565
2001,1.0,20dB_nominal_difference,real,truth_OFFLINE,OFFLINE_TRUTH,XZ,y,-0.0625,x,0.6875,z,-0.1875,0.10128347098942649,0.10128347098942649,0.0,0.10000000600915501,0.9316945828513565
2001,1.0,20dB_nominal_difference,real,truth_OFFLINE,OFFLINE_TRUTH,XZ,y,-0.0625,x,-0.6875,z,-0.0625,0.1086319303622552,0.1086319303622552,0.0,0.10000000600915501,0.9316945828513565
2001,1.0,20dB_nominal_difference,real,truth_OFFLINE,OFFLINE_TRUTH,XZ,y,-0.0625,x,-0.5625,z,-0.0625,0.14581030690719132,0.14581030690719132,0.0,0.10000000600915501,0.9316945828513565
2001,1.0,20dB_nominal_difference,real,truth_OFFLINE,OFFLINE_TRUTH,XZ,y,-0.0625,x,-0.4375,z,-0.0625,0.260124942599339,0.260124942599339,0.0,0.10000000600915501,0.9316945828513565
2001,1.0,20dB_nominal_difference,real,truth_OFFLINE,OFFLINE_TRUTH,XZ,y,-0.0625,x,-0.3125,z,-0.0625,0.4686354000592555,0.4686354000592555,0.0,0.10000000600915501,0.9316945828513565
2001,1.0,20dB_nominal_difference,real,truth_OFFLINE,OFFLINE_TRUTH,XZ,y,-0.0625,x,-0.1875,z,-0.0625,0.658975602264724,0.658975602264724,0.0,0.10000000600915501,0.9316945828513565
2001,1.0,20dB_nominal_difference,real,truth_OFFLINE,OFFLINE_TRUTH,XZ,y,-0.0625,x,-0.0625,z,-0.0625,0.6584401254504064,0.6584401254504064,0.0,0.10000000600915501,0.9316945828513565
2001,1.0,20dB_nominal_difference,real,truth_OFFLINE,OFFLINE_TRUTH,XZ,y,-0.0625,x,0.0625,z,-0.0625,0.4684559578600319,0.4684559578600319,0.0,0.10000000600915501,0.9316945828513565
2001,1.0,20dB_nominal_difference,real,truth_OFFLINE,OFFLINE_TRUTH,XZ,y,-0.0625,x,0.1875,z,-0.0625,0.2634391773756436,0.2634391773756436,0.0,0.10000000600915501,0.9316945828513565
2001,1.0,20dB_nominal_difference,real,truth_OFFLINE,OFFLINE_TRUTH,XZ,y,-0.0625,x,0.3125,z,-0.0625,0.15461648871629483,0.15461648871629483,0.0,0.10000000600915501,0.9316945828513565
2001,1.0,20dB_nominal_difference,real,truth_OFFLINE,OFFLINE_TRUTH,XZ,y,-0.0625,x,0.4375,z,-0.0625,0.12071173516744532,0.12071173516744532,0.0,0.10000000600915501,0.9316945828513565
2001,1.0,20dB_nominal_difference,real,truth_OFFLINE,OFFLINE_TRUTH,XZ,y,-0.0625,x,0.5625,z,-0.0625,0.11112771864288029,0.11112771864288029,0.0,0.10000000600915501,0.9316945828513565
2001,1.0,20dB_nominal_difference,real,truth_OFFLINE,OFFLINE_TRUTH,XZ,y,-0.0625,x,0.6875,z,-0.0625,0.10530383314727672,0.10530383314727672,0.0,0.10000000600915501,0.9316945828513565
2001,1.0,20dB_nominal_difference,real,truth_OFFLINE,OFFLINE_TRUTH,XZ,y,-0.0625,x,-0.6875,z,0.0625,0.10493740594683888,0.10493740594683888,0.0,0.10000000600915501,0.9316945828513565
2001,1.0,20dB_nominal_difference,real,truth_OFFLINE,OFFLINE_TRUTH,XZ,y,-0.0625,x,-0.5625,z,0.0625,0.12620319207139394,0.12620319207139394,0.0,0.10000000600915501,0.9316945828513565
2001,1.0,20dB_nominal_difference,real,truth_OFFLINE,OFFLINE_TRUTH,XZ,y,-0.0625,x,-0.4375,z,0.0625,0.1915905966188143,0.1915905966188143,0.0,0.10000000600915501,0.9316945828513565
2001,1.0,20dB_nominal_difference,real,truth_OFFLINE,OFFLINE_TRUTH,XZ,y,-0.0625,x,-0.3125,z,0.0625,0.31086156614461674,0.31086156614461674,0.0,0.10000000600915501,0.9316945828513565
2001,1.0,20dB_nominal_difference,real,truth_OFFLINE,OFFLINE_TRUTH,XZ,y,-0.0625,x,-0.1875,z,0.0625,0.4197931908029856,0.4197931908029856,0.0,0.10000000600915501,0.9316945828513565
2001,1.0,20dB_nominal_difference,real,truth_OFFLINE,OFFLINE_TRUTH,XZ,y,-0.0625,x,-0.0625,z,0.0625,0.41996236518319985,0.41996236518319985,0.0,0.10000000600915501,0.9316945828513565
2001,1.0,20dB_nominal_difference,real,truth_OFFLINE,OFFLINE_TRUTH,XZ,y,-0.0625,x,0.0625,z,0.0625,0.3136409372943356,0.3136409372943356,0.0,0.10000000600915501,0.9316945828513565
2001,1.0,20dB_nominal_difference,real,truth_OFFLINE,OFFLINE_TRUTH,XZ,y,-0.0625,x,0.1875,z,0.0625,0.2031844577336356,0.2031844577336356,0.0,0.10000000600915501,0.9316945828513565
2001,1.0,20dB_nominal_difference,real,truth_OFFLINE,OFFLINE_TRUTH,XZ,y,-0.0625,x,0.3125,z,0.0625,0.1516585841340695,0.1516585841340695,0.0,0.10000000600915501,0.9316945828513565
2001,1.0,20dB_nominal_difference,real,truth_OFFLINE,OFFLINE_TRUTH,XZ,y,-0.0625,x,0.4375,z,0.0625,0.13878437408976096,0.13878437408976096,0.0,0.10000000600915501,0.9316945828513565
2001,1.0,20dB_nominal_difference,real,truth_OFFLINE,OFFLINE_TRUTH,XZ,y,-0.0625,x,0.5625,z,0.0625,0.12863419706309265,0.12863419706309265,0.0,0.10000000600915501,0.9316945828513565
2001,1.0,20dB_nominal_difference,real,truth_OFFLINE,OFFLINE_TRUTH,XZ,y,-0.0625,x,0.6875,z,0.0625,0.11457009000250318,0.11457009000250318,0.0,0.10000000600915501,0.9316945828513565
2001,1.0,20dB_nominal_difference,real,truth_OFFLINE,OFFLINE_TRUTH,XZ,y,-0.0625,x,-0.6875,z,0.1875,0.10218057355436877,0.10218057355436877,0.0,0.10000000600915501,0.9316945828513565
2001,1.0,20dB_nominal_difference,real,truth_OFFLINE,OFFLINE_TRUTH,XZ,y,-0.0625,x,-0.5625,z,0.1875,0.11157248004682706,0.11157248004682706,0.0,0.10000000600915501,0.9316945828513565
2001,1.0,20dB_nominal_difference,real,truth_OFFLINE,OFFLINE_TRUTH,XZ,y,-0.0625,x,-0.4375,z,0.1875,0.14045073780303613,0.14045073780303613,0.0,0.10000000600915501,0.9316945828513565
2001,1.0,20dB_nominal_difference,real,truth_OFFLINE,OFFLINE_TRUTH,XZ,y,-0.0625,x,-0.3125,z,0.1875,0.19313313446591374,0.19313313446591374,0.0,0.10000000600915501,0.9316945828513565
2001,1.0,20dB_nominal_difference,real,truth_OFFLINE,OFFLINE_TRUTH,XZ,y,-0.0625,x,-0.1875,z,0.1875,0.24133684521131243,0.24133684521131243,0.0,0.10000000600915501,0.9316945828513565
2001,1.0,20dB_nominal_difference,real,truth_OFFLINE,OFFLINE_TRUTH,XZ,y,-0.0625,x,-0.0625,z,0.1875,0.24218420132429894,0.24218420132429894,0.0,0.10000000600915501,0.9316945828513565
2001,1.0,20dB_nominal_difference,real,truth_OFFLINE,OFFLINE_TRUTH,XZ,y,-0.0625,x,0.0625,z,0.1875,0.19904397316173364,0.19904397316173364,0.0,0.10000000600915501,0.9316945828513565
2001,1.0,20dB_nominal_difference,real,truth_OFFLINE,OFFLINE_TRUTH,XZ,y,-0.0625,x,0.1875,z,0.1875,0.16133083934880801,0.16133083934880801,0.0,0.10000000600915501,0.9316945828513565
2001,1.0,20dB_nominal_difference,real,truth_OFFLINE,OFFLINE_TRUTH,XZ,y,-0.0625,x,0.3125,z,0.1875,0.15599501697094545,0.15599501697094545,0.0,0.10000000600915501,0.9316945828513565
2001,1.0,20dB_nominal_difference,real,truth_OFFLINE,OFFLINE_TRUTH,XZ,y,-0.0625,x,0.4375,z,0.1875,0.16090289062399823,0.16090289062399823,0.0,0.10000000600915501,0.9316945828513565
2001,1.0,20dB_nominal_difference,real,truth_OFFLINE,OFFLINE_TRUTH,XZ,y,-0.0625,x,0.5625,z,0.1875,0.14883420192243652,0.14883420192243652,0.0,0.10000000600915501,0.9316945828513565
2001,1.0,20dB_nominal_difference,real,truth_OFFLINE,OFFLINE_TRUTH,XZ,y,-0.0625,x,0.6875,z,0.1875,0.12518164673651522,0.12518164673651522,0.0,0.10000000600915501,0.9316945828513565
2001,1.0,20dB_nominal_difference,real,truth_OFFLINE,OFFLINE_TRUTH,XZ,y,-0.0625,x,-0.6875,z,0.3125,0.1007435731248137,0.1007435731248137,0.0,0.10000000600915501,0.9316945828513565
2001,1.0,20dB_nominal_difference,real,truth_OFFLINE,OFFLINE_TRUTH,XZ,y,-0.0625,x,-0.5625,z,0.3125,0.10394621150546675,0.10394621150546675,0.0,0.10000000600915501,0.9316945828513565
2001,1.0,20dB_nominal_difference,real,truth_OFFLINE,OFFLINE_TRUTH,XZ,y,-0.0625,x,-0.4375,z,0.3125,0.11379399302796561,0.11379399302796561,0.0,0.10000000600915501,0.9316945828513565
2001,1.0,20dB_nominal_difference,real,truth_OFFLINE,OFFLINE_TRUTH,XZ,y,-0.0625,x,-0.3125,z,0.3125,0.13176570126692927,0.13176570126692927,0.0,0.10000000600915501,0.9316945828513565
2001,1.0,20dB_nominal_difference,real,truth_OFFLINE,OFFLINE_TRUTH,XZ,y,-0.0625,x,-0.1875,z,0.3125,0.1482969383158086,0.1482969383158086,0.0,0.10000000600915501,0.9316945828513565
2001,1.0,20dB_nominal_difference,real,truth_OFFLINE,OFFLINE_TRUTH,XZ,y,-0.0625,x,-0.0625,z,0.3125,0.1493509123910043,0.1493509123910043,0.0,0.10000000600915501,0.9316945828513565
2001,1.0,20dB_nominal_difference,real,truth_OFFLINE,OFFLINE_TRUTH,XZ,y,-0.0625,x,0.0625,z,0.3125,0.1384184813435622,0.1384184813435622,0.0,0.10000000600915501,0.9316945828513565
2001,1.0,20dB_nominal_difference,real,truth_OFFLINE,OFFLINE_TRUTH,XZ,y,-0.0625,x,0.1875,z,0.3125,0.13651851186502503,0.13651851186502503,0.0,0.10000000600915501,0.9316945828513565
2001,1.0,20dB_nominal_difference,real,truth_OFFLINE,OFFLINE_TRUTH,XZ,y,-0.0625,x,0.3125,z,0.3125,0.15194756578828378,0.15194756578828378,0.0,0.10000000600915501,0.9316945828513565
2001,1.0,20dB_nominal_difference,real,truth_OFFLINE,OFFLINE_TRUTH,XZ,y,-0.0625,x,0.4375,z,0.3125,0.1641104250991271,0.1641104250991271,0.0,0.10000000600915501,0.9316945828513565
2001,1.0,20dB_nominal_difference,real,truth_OFFLINE,OFFLINE_TRUTH,XZ,y,-0.0625,x,0.5625,z,0.3125,0.15248385036603143,0.15248385036603143,0.0,0.10000000600915501,0.9316945828513565
2001,1.0,20dB_nominal_difference,real,truth_OFFLINE,OFFLINE_TRUTH,XZ,y,-0.0625,x,0.6875,z,0.3125,0.12714901436724077,0.12714901436724077,0.0,0.10000000600915501,0.9316945828513565
2001,1.0,20dB_nominal_difference,real,truth_OFFLINE,OFFLINE_TRUTH,XZ,y,-0.0625,x,-0.6875,z,0.4375,0.10019577522434044,0.10019577522434044,0.0,0.10000000600915501,0.9316945828513565
2001,1.0,20dB_nominal_difference,real,truth_OFFLINE,OFFLINE_TRUTH,XZ,y,-0.0625,x,-0.5625,z,0.4375,0.10103900254906549,0.10103900254906549,0.0,0.10000000600915501,0.9316945828513565
2001,1.0,20dB_nominal_difference,real,truth_OFFLINE,OFFLINE_TRUTH,XZ,y,-0.0625,x,-0.4375,z,0.4375,0.10363201899043296,0.10363201899043296,0.0,0.10000000600915501,0.9316945828513565
2001,1.0,20dB_nominal_difference,real,truth_OFFLINE,OFFLINE_TRUTH,XZ,y,-0.0625,x,-0.3125,z,0.4375,0.10836800822145884,0.10836800822145884,0.0,0.10000000600915501,0.9316945828513565
2001,1.0,20dB_nominal_difference,real,truth_OFFLINE,OFFLINE_TRUTH,XZ,y,-0.0625,x,-0.1875,z,0.4375,0.11277653713764532,0.11277653713764532,0.0,0.10000000600915501,0.9316945828513565
2001,1.0,20dB_nominal_difference,real,truth_OFFLINE,OFFLINE_TRUTH,XZ,y,-0.0625,x,-0.0625,z,0.4375,0.11351082863467063,0.11351082863467063,0.0,0.10000000600915501,0.9316945828513565
2001,1.0,20dB_nominal_difference,real,truth_OFFLINE,OFFLINE_TRUTH,XZ,y,-0.0625,x,0.0625,z,0.4375,0.1128884445114052,0.1128884445114052,0.0,0.10000000600915501,0.9316945828513565
2001,1.0,20dB_nominal_difference,real,truth_OFFLINE,OFFLINE_TRUTH,XZ,y,-0.0625,x,0.1875,z,0.4375,0.1189324241042333,0.1189324241042333,0.0,0.10000000600915501,0.9316945828513565
2001,1.0,20dB_nominal_difference,real,truth_OFFLINE,OFFLINE_TRUTH,XZ,y,-0.0625,x,0.3125,z,0.4375,0.13329370703991425,0.13329370703991425,0.0,0.10000000600915501,0.9316945828513565
2001,1.0,20dB_nominal_difference,real,truth_OFFLINE,OFFLINE_TRUTH,XZ,y,-0.0625,x,0.4375,z,0.4375,0.1427591236510871,0.1427591236510871,0.0,0.10000000600915501,0.9316945828513565
2001,1.0,20dB_nominal_difference,real,truth_OFFLINE,OFFLINE_TRUTH,XZ,y,-0.0625,x,0.5625,z,0.4375,0.13521311207798298,0.13521311207798298,0.0,0.10000000600915501,0.9316945828513565
2001,1.0,20dB_nominal_difference,real,truth_OFFLINE,OFFLINE_TRUTH,XZ,y,-0.0625,x,0.6875,z,0.4375,0.11823133133149435,0.11823133133149435,0.0,0.10000000600915501,0.9316945828513565
2001,1.0,20dB_nominal_difference,real,truth_OFFLINE,OFFLINE_TRUTH,XZ,y,-0.0625,x,-0.6875,z,0.5625,0.10003979906963714,0.10003979906963714,0.0,0.10000000600915501,0.9316945828513565
2001,1.0,20dB_nominal_difference,real,truth_OFFLINE,OFFLINE_TRUTH,XZ,y,-0.0625,x,-0.5625,z,0.5625,0.10021122029394101,0.10021122029394101,0.0,0.10000000600915501,0.9316945828513565
2001,1.0,20dB_nominal_difference,real,truth_OFFLINE,OFFLINE_TRUTH,XZ,y,-0.0625,x,-0.4375,z,0.5625,0.1007384228546481,0.1007384228546481,0.0,0.10000000600915501,0.9316945828513565
2001,1.0,20dB_nominal_difference,real,truth_OFFLINE,OFFLINE_TRUTH,XZ,y,-0.0625,x,-0.3125,z,0.5625,0.1017026922759844,0.1017026922759844,0.0,0.10000000600915501,0.9316945828513565
2001,1.0,20dB_nominal_difference,real,truth_OFFLINE,OFFLINE_TRUTH,XZ,y,-0.0625,x,-0.1875,z,0.5625,0.10261869982254043,0.10261869982254043,0.0,0.10000000600915501,0.9316945828513565
2001,1.0,20dB_nominal_difference,real,truth_OFFLINE,OFFLINE_TRUTH,XZ,y,-0.0625,x,-0.0625,z,0.5625,0.10292941156573532,0.10292941156573532,0.0,0.10000000600915501,0.9316945828513565
2001,1.0,20dB_nominal_difference,real,truth_OFFLINE,OFFLINE_TRUTH,XZ,y,-0.0625,x,0.0625,z,0.5625,0.10360020211361072,0.10360020211361072,0.0,0.10000000600915501,0.9316945828513565
2001,1.0,20dB_nominal_difference,real,truth_OFFLINE,OFFLINE_TRUTH,XZ,y,-0.0625,x,0.1875,z,0.5625,0.10714172335868354,0.10714172335868354,0.0,0.10000000600915501,0.9316945828513565
2001,1.0,20dB_nominal_difference,real,truth_OFFLINE,OFFLINE_TRUTH,XZ,y,-0.0625,x,0.3125,z,0.5625,0.11370105986400392,0.11370105986400392,0.0,0.10000000600915501,0.9316945828513565
2001,1.0,20dB_nominal_difference,real,truth_OFFLINE,OFFLINE_TRUTH,XZ,y,-0.0625,x,0.4375,z,0.5625,0.11783875597094998,0.11783875597094998,0.0,0.10000000600915501,0.9316945828513565
2001,1.0,20dB_nominal_difference,real,truth_OFFLINE,OFFLINE_TRUTH,XZ,y,-0.0625,x,0.5625,z,0.5625,0.11471970445327126,0.11471970445327126,0.0,0.10000000600915501,0.9316945828513565
2001,1.0,20dB_nominal_difference,real,truth_OFFLINE,OFFLINE_TRUTH,XZ,y,-0.0625,x,0.6875,z,0.5625,0.1076232633353142,0.1076232633353142,0.0,0.10000000600915501,0.9316945828513565
2001,1.0,20dB_nominal_difference,real,truth_OFFLINE,OFFLINE_TRUTH,XZ,y,-0.0625,x,-0.6875,z,0.6875,0.1000062469667634,0.1000062469667634,0.0,0.10000000600915501,0.9316945828513565
2001,1.0,20dB_nominal_difference,real,truth_OFFLINE,OFFLINE_TRUTH,XZ,y,-0.0625,x,-0.5625,z,0.6875,0.10003315406925006,0.10003315406925006,0.0,0.10000000600915501,0.9316945828513565
2001,1.0,20dB_nominal_difference,real,truth_OFFLINE,OFFLINE_TRUTH,XZ,y,-0.0625,x,-0.4375,z,0.6875,0.10011591910464171,0.10011591910464171,0.0,0.10000000600915501,0.9316945828513565
2001,1.0,20dB_nominal_difference,real,truth_OFFLINE,OFFLINE_TRUTH,XZ,y,-0.0625,x,-0.3125,z,0.6875,0.10026757356203281,0.10026757356203281,0.0,0.10000000600915501,0.9316945828513565
2001,1.0,20dB_nominal_difference,real,truth_OFFLINE,OFFLINE_TRUTH,XZ,y,-0.0625,x,-0.1875,z,0.6875,0.1004153361485698,0.1004153361485698,0.0,0.10000000600915501,0.9316945828513565
2001,1.0,20dB_nominal_difference,real,truth_OFFLINE,OFFLINE_TRUTH,XZ,y,-0.0625,x,-0.0625,z,0.6875,0.10049658750101519,0.10049658750101519,0.0,0.10000000600915501,0.9316945828513565
2001,1.0,20dB_nominal_difference,real,truth_OFFLINE,OFFLINE_TRUTH,XZ,y,-0.0625,x,0.0625,z,0.6875,0.10076229584922132,0.10076229584922132,0.0,0.10000000600915501,0.9316945828513565
2001,1.0,20dB_nominal_difference,real,truth_OFFLINE,OFFLINE_TRUTH,XZ,y,-0.0625,x,0.1875,z,0.6875,0.10178352509207676,0.10178352509207676,0.0,0.10000000600915501,0.9316945828513565
2001,1.0,20dB_nominal_difference,real,truth_OFFLINE,OFFLINE_TRUTH,XZ,y,-0.0625,x,0.3125,z,0.6875,0.1035454290085949,0.1035454290085949,0.0,0.10000000600915501,0.9316945828513565
2001,1.0,20dB_nominal_difference,real,truth_OFFLINE,OFFLINE_TRUTH,XZ,y,-0.0625,x,0.4375,z,0.6875,0.10464024269122302,0.10464024269122302,0.0,0.10000000600915501,0.9316945828513565
2001,1.0,20dB_nominal_difference,real,truth_OFFLINE,OFFLINE_TRUTH,XZ,y,-0.0625,x,0.5625,z,0.6875,0.10383176183806127,0.10383176183806127,0.0,0.10000000600915501,0.9316945828513565
2001,1.0,20dB_nominal_difference,real,truth_OFFLINE,OFFLINE_TRUTH,XZ,y,-0.0625,x,0.6875,z,0.6875,0.1019846703829208,0.1019846703829208,0.0,0.10000000600915501,0.9316945828513565
2001,1.0,20dB_nominal_difference,real,truth_OFFLINE,OFFLINE_TRUTH,YZ,x,-0.0625,y,-0.6875,z,-0.6875,0.1025812914718184,0.1025812914718184,0.0,0.10000000600915501,0.9316945828513565
2001,1.0,20dB_nominal_difference,real,truth_OFFLINE,OFFLINE_TRUTH,YZ,x,-0.0625,y,-0.5625,z,-0.6875,0.11038274032687102,0.11038274032687102,0.0,0.10000000600915501,0.9316945828513565
2001,1.0,20dB_nominal_difference,real,truth_OFFLINE,OFFLINE_TRUTH,YZ,x,-0.0625,y,-0.4375,z,-0.6875,0.13197941306849825,0.13197941306849825,0.0,0.10000000600915501,0.9316945828513565
2001,1.0,20dB_nominal_difference,real,truth_OFFLINE,OFFLINE_TRUTH,YZ,x,-0.0625,y,-0.3125,z,-0.6875,0.17542451660236377,0.17542451660236377,0.0,0.10000000600915501,0.9316945828513565
2001,1.0,20dB_nominal_difference,real,truth_OFFLINE,OFFLINE_TRUTH,YZ,x,-0.0625,y,-0.1875,z,-0.6875,0.23621913964066735,0.23621913964066735,0.0,0.10000000600915501,0.9316945828513565
2001,1.0,20dB_nominal_difference,real,truth_OFFLINE,OFFLINE_TRUTH,YZ,x,-0.0625,y,-0.0625,z,-0.6875,0.2883854178941376,0.2883854178941376,0.0,0.10000000600915501,0.9316945828513565
2001,1.0,20dB_nominal_difference,real,truth_OFFLINE,OFFLINE_TRUTH,YZ,x,-0.0625,y,0.0625,z,-0.6875,0.2994986646854076,0.2994986646854076,0.0,0.10000000600915501,0.9316945828513565
2001,1.0,20dB_nominal_difference,real,truth_OFFLINE,OFFLINE_TRUTH,YZ,x,-0.0625,y,0.1875,z,-0.6875,0.26177681887447823,0.26177681887447823,0.0,0.10000000600915501,0.9316945828513565
2001,1.0,20dB_nominal_difference,real,truth_OFFLINE,OFFLINE_TRUTH,YZ,x,-0.0625,y,0.3125,z,-0.6875,0.20045608460078157,0.20045608460078157,0.0,0.10000000600915501,0.9316945828513565
2001,1.0,20dB_nominal_difference,real,truth_OFFLINE,OFFLINE_TRUTH,YZ,x,-0.0625,y,0.4375,z,-0.6875,0.14776612110937076,0.14776612110937076,0.0,0.10000000600915501,0.9316945828513565
2001,1.0,20dB_nominal_difference,real,truth_OFFLINE,OFFLINE_TRUTH,YZ,x,-0.0625,y,0.5625,z,-0.6875,0.11739192145340481,0.11739192145340481,0.0,0.10000000600915501,0.9316945828513565
2001,1.0,20dB_nominal_difference,real,truth_OFFLINE,OFFLINE_TRUTH,YZ,x,-0.0625,y,0.6875,z,-0.6875,0.10484907524445315,0.10484907524445315,0.0,0.10000000600915501,0.9316945828513565
2001,1.0,20dB_nominal_difference,real,truth_OFFLINE,OFFLINE_TRUTH,YZ,x,-0.0625,y,-0.6875,z,-0.5625,0.10538050560233012,0.10538050560233012,0.0,0.10000000600915501,0.9316945828513565
2001,1.0,20dB_nominal_difference,real,truth_OFFLINE,OFFLINE_TRUTH,YZ,x,-0.0625,y,-0.5625,z,-0.5625,0.12164203194667005,0.12164203194667005,0.0,0.10000000600915501,0.9316945828513565
2001,1.0,20dB_nominal_difference,real,truth_OFFLINE,OFFLINE_TRUTH,YZ,x,-0.0625,y,-0.4375,z,-0.5625,0.16665865249040665,0.16665865249040665,0.0,0.10000000600915501,0.9316945828513565
2001,1.0,20dB_nominal_difference,real,truth_OFFLINE,OFFLINE_TRUTH,YZ,x,-0.0625,y,-0.3125,z,-0.5625,0.2572166642687925,0.2572166642687925,0.0,0.10000000600915501,0.9316945828513565
2001,1.0,20dB_nominal_difference,real,truth_OFFLINE,OFFLINE_TRUTH,YZ,x,-0.0625,y,-0.1875,z,-0.5625,0.3839384319653877,0.3839384319653877,0.0,0.10000000600915501,0.9316945828513565
2001,1.0,20dB_nominal_difference,real,truth_OFFLINE,OFFLINE_TRUTH,YZ,x,-0.0625,y,-0.0625,z,-0.5625,0.4926750979995492,0.4926750979995492,0.0,0.10000000600915501,0.9316945828513565
2001,1.0,20dB_nominal_difference,real,truth_OFFLINE,OFFLINE_TRUTH,YZ,x,-0.0625,y,0.0625,z,-0.5625,0.515839972613295,0.515839972613295,0.0,0.10000000600915501,0.9316945828513565
2001,1.0,20dB_nominal_difference,real,truth_OFFLINE,OFFLINE_TRUTH,YZ,x,-0.0625,y,0.1875,z,-0.5625,0.4372121327440376,0.4372121327440376,0.0,0.10000000600915501,0.9316945828513565
2001,1.0,20dB_nominal_difference,real,truth_OFFLINE,OFFLINE_TRUTH,YZ,x,-0.0625,y,0.3125,z,-0.5625,0.30939447971655887,0.30939447971655887,0.0,0.10000000600915501,0.9316945828513565
2001,1.0,20dB_nominal_difference,real,truth_OFFLINE,OFFLINE_TRUTH,YZ,x,-0.0625,y,0.4375,z,-0.5625,0.19956667132929443,0.19956667132929443,0.0,0.10000000600915501,0.9316945828513565
2001,1.0,20dB_nominal_difference,real,truth_OFFLINE,OFFLINE_TRUTH,YZ,x,-0.0625,y,0.5625,z,-0.5625,0.13625356649781037,0.13625356649781037,0.0,0.10000000600915501,0.9316945828513565
2001,1.0,20dB_nominal_difference,real,truth_OFFLINE,OFFLINE_TRUTH,YZ,x,-0.0625,y,0.6875,z,-0.5625,0.11010820732763518,0.11010820732763518,0.0,0.10000000600915501,0.9316945828513565
2001,1.0,20dB_nominal_difference,real,truth_OFFLINE,OFFLINE_TRUTH,YZ,x,-0.0625,y,-0.6875,z,-0.4375,0.10865944584711634,0.10865944584711634,0.0,0.10000000600915501,0.9316945828513565
2001,1.0,20dB_nominal_difference,real,truth_OFFLINE,OFFLINE_TRUTH,YZ,x,-0.0625,y,-0.5625,z,-0.4375,0.13483092808252928,0.13483092808252928,0.0,0.10000000600915501,0.9316945828513565
2001,1.0,20dB_nominal_difference,real,truth_OFFLINE,OFFLINE_TRUTH,YZ,x,-0.0625,y,-0.4375,z,-0.4375,0.20728118042856825,0.20728118042856825,0.0,0.10000000600915501,0.9316945828513565
2001,1.0,20dB_nominal_difference,real,truth_OFFLINE,OFFLINE_TRUTH,YZ,x,-0.0625,y,-0.3125,z,-0.4375,0.35302626050981933,0.35302626050981933,0.0,0.10000000600915501,0.9316945828513565
2001,1.0,20dB_nominal_difference,real,truth_OFFLINE,OFFLINE_TRUTH,YZ,x,-0.0625,y,-0.1875,z,-0.4375,0.5569737488199646,0.5569737488199646,0.0,0.10000000600915501,0.9316945828513565
2001,1.0,20dB_nominal_difference,real,truth_OFFLINE,OFFLINE_TRUTH,YZ,x,-0.0625,y,-0.0625,z,-0.4375,0.7319762919832448,0.7319762919832448,0.0,0.10000000600915501,0.9316945828513565
2001,1.0,20dB_nominal_difference,real,truth_OFFLINE,OFFLINE_TRUTH,YZ,x,-0.0625,y,0.0625,z,-0.4375,0.7692609651479717,0.7692609651479717,0.0,0.10000000600915501,0.9316945828513565
2001,1.0,20dB_nominal_difference,real,truth_OFFLINE,OFFLINE_TRUTH,YZ,x,-0.0625,y,0.1875,z,-0.4375,0.6427251081600341,0.6427251081600341,0.0,0.10000000600915501,0.9316945828513565
2001,1.0,20dB_nominal_difference,real,truth_OFFLINE,OFFLINE_TRUTH,YZ,x,-0.0625,y,0.3125,z,-0.4375,0.43702759277864167,0.43702759277864167,0.0,0.10000000600915501,0.9316945828513565
2001,1.0,20dB_nominal_difference,real,truth_OFFLINE,OFFLINE_TRUTH,YZ,x,-0.0625,y,0.4375,z,-0.4375,0.26027694866188095,0.26027694866188095,0.0,0.10000000600915501,0.9316945828513565
2001,1.0,20dB_nominal_difference,real,truth_OFFLINE,OFFLINE_TRUTH,YZ,x,-0.0625,y,0.5625,z,-0.4375,0.1583729007198992,0.1583729007198992,0.0,0.10000000600915501,0.9316945828513565
2001,1.0,20dB_nominal_difference,real,truth_OFFLINE,OFFLINE_TRUTH,YZ,x,-0.0625,y,0.6875,z,-0.4375,0.11628061118783177,0.11628061118783177,0.0,0.10000000600915501,0.9316945828513565
2001,1.0,20dB_nominal_difference,real,truth_OFFLINE,OFFLINE_TRUTH,YZ,x,-0.0625,y,-0.6875,z,-0.3125,0.11076063956728796,0.11076063956728796,0.0,0.10000000600915501,0.9316945828513565
2001,1.0,20dB_nominal_difference,real,truth_OFFLINE,OFFLINE_TRUTH,YZ,x,-0.0625,y,-0.5625,z,-0.3125,0.14328256909803702,0.14328256909803702,0.0,0.10000000600915501,0.9316945828513565
2001,1.0,20dB_nominal_difference,real,truth_OFFLINE,OFFLINE_TRUTH,YZ,x,-0.0625,y,-0.4375,z,-0.3125,0.2333127027438409,0.2333127027438409,0.0,0.10000000600915501,0.9316945828513565
2001,1.0,20dB_nominal_difference,real,truth_OFFLINE,OFFLINE_TRUTH,YZ,x,-0.0625,y,-0.3125,z,-0.3125,0.4144225198898245,0.4144225198898245,0.0,0.10000000600915501,0.9316945828513565
2001,1.0,20dB_nominal_difference,real,truth_OFFLINE,OFFLINE_TRUTH,YZ,x,-0.0625,y,-0.1875,z,-0.3125,0.667858042827263,0.667858042827263,0.0,0.10000000600915501,0.9316945828513565
2001,1.0,20dB_nominal_difference,real,truth_OFFLINE,OFFLINE_TRUTH,YZ,x,-0.0625,y,-0.0625,z,-0.3125,0.8853305904537354,0.8853305904537354,0.0,0.10000000600915501,0.9316945828513565
2001,1.0,20dB_nominal_difference,real,truth_OFFLINE,OFFLINE_TRUTH,YZ,x,-0.0625,y,0.0625,z,-0.3125,0.9316945828513565,0.9316945828513565,0.0,0.10000000600915501,0.9316945828513565
2001,1.0,20dB_nominal_difference,real,truth_OFFLINE,OFFLINE_TRUTH,YZ,x,-0.0625,y,0.1875,z,-0.3125,0.7745527641059846,0.7745527641059846,0.0,0.10000000600915501,0.9316945828513565
2001,1.0,20dB_nominal_difference,real,truth_OFFLINE,OFFLINE_TRUTH,YZ,x,-0.0625,y,0.3125,z,-0.3125,0.5190969761507854,0.5190969761507854,0.0,0.10000000600915501,0.9316945828513565
2001,1.0,20dB_nominal_difference,real,truth_OFFLINE,OFFLINE_TRUTH,YZ,x,-0.0625,y,0.4375,z,-0.3125,0.29954224890166353,0.29954224890166353,0.0,0.10000000600915501,0.9316945828513565
2001,1.0,20dB_nominal_difference,real,truth_OFFLINE,OFFLINE_TRUTH,YZ,x,-0.0625,y,0.5625,z,-0.3125,0.17282996911919932,0.17282996911919932,0.0,0.10000000600915501,0.9316945828513565
2001,1.0,20dB_nominal_difference,real,truth_OFFLINE,OFFLINE_TRUTH,YZ,x,-0.0625,y,0.6875,z,-0.3125,0.12037021139817236,0.12037021139817236,0.0,0.10000000600915501,0.9316945828513565
2001,1.0,20dB_nominal_difference,real,truth_OFFLINE,OFFLINE_TRUTH,YZ,x,-0.0625,y,-0.6875,z,-0.1875,0.1103244527326528,0.1103244527326528,0.0,0.10000000600915501,0.9316945828513565
2001,1.0,20dB_nominal_difference,real,truth_OFFLINE,OFFLINE_TRUTH,YZ,x,-0.0625,y,-0.5625,z,-0.1875,0.14152809309676004,0.14152809309676004,0.0,0.10000000600915501,0.9316945828513565
2001,1.0,20dB_nominal_difference,real,truth_OFFLINE,OFFLINE_TRUTH,YZ,x,-0.0625,y,-0.4375,z,-0.1875,0.2279088311795499,0.2279088311795499,0.0,0.10000000600915501,0.9316945828513565
2001,1.0,20dB_nominal_difference,real,truth_OFFLINE,OFFLINE_TRUTH,YZ,x,-0.0625,y,-0.3125,z,-0.1875,0.40167759405322156,0.40167759405322156,0.0,0.10000000600915501,0.9316945828513565
2001,1.0,20dB_nominal_difference,real,truth_OFFLINE,OFFLINE_TRUTH,YZ,x,-0.0625,y,-0.1875,z,-0.1875,0.6448446550286767,0.6448446550286767,0.0,0.10000000600915501,0.9316945828513565
2001,1.0,20dB_nominal_difference,real,truth_OFFLINE,OFFLINE_TRUTH,YZ,x,-0.0625,y,-0.0625,z,-0.1875,0.8535440971175853,0.8535440971175853,0.0,0.10000000600915501,0.9316945828513565
2001,1.0,20dB_nominal_difference,real,truth_OFFLINE,OFFLINE_TRUTH,YZ,x,-0.0625,y,0.0625,z,-0.1875,0.8982537551954825,0.8982537551954825,0.0,0.10000000600915501,0.9316945828513565
2001,1.0,20dB_nominal_difference,real,truth_OFFLINE,OFFLINE_TRUTH,YZ,x,-0.0625,y,0.1875,z,-0.1875,0.7481625430443589,0.7481625430443589,0.0,0.10000000600915501,0.9316945828513565
2001,1.0,20dB_nominal_difference,real,truth_OFFLINE,OFFLINE_TRUTH,YZ,x,-0.0625,y,0.3125,z,-0.1875,0.5041334666461728,0.5041334666461728,0.0,0.10000000600915501,0.9316945828513565
2001,1.0,20dB_nominal_difference,real,truth_OFFLINE,OFFLINE_TRUTH,YZ,x,-0.0625,y,0.4375,z,-0.1875,0.2940643035725588,0.2940643035725588,0.0,0.10000000600915501,0.9316945828513565
2001,1.0,20dB_nominal_difference,real,truth_OFFLINE,OFFLINE_TRUTH,YZ,x,-0.0625,y,0.5625,z,-0.1875,0.17192049086606648,0.17192049086606648,0.0,0.10000000600915501,0.9316945828513565
2001,1.0,20dB_nominal_difference,real,truth_OFFLINE,OFFLINE_TRUTH,YZ,x,-0.0625,y,0.6875,z,-0.1875,0.12051452412837248,0.12051452412837248,0.0,0.10000000600915501,0.9316945828513565
2001,1.0,20dB_nominal_difference,real,truth_OFFLINE,OFFLINE_TRUTH,YZ,x,-0.0625,y,-0.6875,z,-0.0625,0.10764851227651129,0.10764851227651129,0.0,0.10000000600915501,0.9316945828513565
2001,1.0,20dB_nominal_difference,real,truth_OFFLINE,OFFLINE_TRUTH,YZ,x,-0.0625,y,-0.5625,z,-0.0625,0.13076464682421354,0.13076464682421354,0.0,0.10000000600915501,0.9316945828513565
2001,1.0,20dB_nominal_difference,real,truth_OFFLINE,OFFLINE_TRUTH,YZ,x,-0.0625,y,-0.4375,z,-0.0625,0.19475686843627962,0.19475686843627962,0.0,0.10000000600915501,0.9316945828513565
2001,1.0,20dB_nominal_difference,real,truth_OFFLINE,OFFLINE_TRUTH,YZ,x,-0.0625,y,-0.3125,z,-0.0625,0.3234887335904522,0.3234887335904522,0.0,0.10000000600915501,0.9316945828513565
2001,1.0,20dB_nominal_difference,real,truth_OFFLINE,OFFLINE_TRUTH,YZ,x,-0.0625,y,-0.1875,z,-0.0625,0.5036506148217931,0.5036506148217931,0.0,0.10000000600915501,0.9316945828513565
2001,1.0,20dB_nominal_difference,real,truth_OFFLINE,OFFLINE_TRUTH,YZ,x,-0.0625,y,-0.0625,z,-0.0625,0.6584401254504064,0.6584401254504064,0.0,0.10000000600915501,0.9316945828513565
2001,1.0,20dB_nominal_difference,real,truth_OFFLINE,OFFLINE_TRUTH,YZ,x,-0.0625,y,0.0625,z,-0.0625,0.6925304012585348,0.6925304012585348,0.0,0.10000000600915501,0.9316945828513565
2001,1.0,20dB_nominal_difference,real,truth_OFFLINE,OFFLINE_TRUTH,YZ,x,-0.0625,y,0.1875,z,-0.0625,0.5842709100242653,0.5842709100242653,0.0,0.10000000600915501,0.9316945828513565
2001,1.0,20dB_nominal_difference,real,truth_OFFLINE,OFFLINE_TRUTH,YZ,x,-0.0625,y,0.3125,z,-0.0625,0.4081034051787672,0.4081034051787672,0.0,0.10000000600915501,0.9316945828513565
2001,1.0,20dB_nominal_difference,real,truth_OFFLINE,OFFLINE_TRUTH,YZ,x,-0.0625,y,0.4375,z,-0.0625,0.255002531880477,0.255002531880477,0.0,0.10000000600915501,0.9316945828513565
2001,1.0,20dB_nominal_difference,real,truth_OFFLINE,OFFLINE_TRUTH,YZ,x,-0.0625,y,0.5625,z,-0.0625,0.16207226151280418,0.16207226151280418,0.0,0.10000000600915501,0.9316945828513565
2001,1.0,20dB_nominal_difference,real,truth_OFFLINE,OFFLINE_TRUTH,YZ,x,-0.0625,y,0.6875,z,-0.0625,0.11937276688178071,0.11937276688178071,0.0,0.10000000600915501,0.9316945828513565
2001,1.0,20dB_nominal_difference,real,truth_OFFLINE,OFFLINE_TRUTH,YZ,x,-0.0625,y,-0.6875,z,0.0625,0.1043748973846422,0.1043748973846422,0.0,0.10000000600915501,0.9316945828513565
2001,1.0,20dB_nominal_difference,real,truth_OFFLINE,OFFLINE_TRUTH,YZ,x,-0.0625,y,-0.5625,z,0.0625,0.11759717338824754,0.11759717338824754,0.0,0.10000000600915501,0.9316945828513565
2001,1.0,20dB_nominal_difference,real,truth_OFFLINE,OFFLINE_TRUTH,YZ,x,-0.0625,y,-0.4375,z,0.0625,0.15420042857826258,0.15420042857826258,0.0,0.10000000600915501,0.9316945828513565
2001,1.0,20dB_nominal_difference,real,truth_OFFLINE,OFFLINE_TRUTH,YZ,x,-0.0625,y,-0.3125,z,0.0625,0.22783766215009213,0.22783766215009213,0.0,0.10000000600915501,0.9316945828513565
2001,1.0,20dB_nominal_difference,real,truth_OFFLINE,OFFLINE_TRUTH,YZ,x,-0.0625,y,-0.1875,z,0.0625,0.33094206800924714,0.33094206800924714,0.0,0.10000000600915501,0.9316945828513565
2001,1.0,20dB_nominal_difference,real,truth_OFFLINE,OFFLINE_TRUTH,YZ,x,-0.0625,y,-0.0625,z,0.0625,0.41996236518319985,0.41996236518319985,0.0,0.10000000600915501,0.9316945828513565
2001,1.0,20dB_nominal_difference,real,truth_OFFLINE,OFFLINE_TRUTH,YZ,x,-0.0625,y,0.0625,z,0.0625,0.44202895588137925,0.44202895588137925,0.0,0.10000000600915501,0.9316945828513565
2001,1.0,20dB_nominal_difference,real,truth_OFFLINE,OFFLINE_TRUTH,YZ,x,-0.0625,y,0.1875,z,0.0625,0.3878713034452588,0.3878713034452588,0.0,0.10000000600915501,0.9316945828513565
2001,1.0,20dB_nominal_difference,real,truth_OFFLINE,OFFLINE_TRUTH,YZ,x,-0.0625,y,0.3125,z,0.0625,0.2993299145642815,0.2993299145642815,0.0,0.10000000600915501,0.9316945828513565
2001,1.0,20dB_nominal_difference,real,truth_OFFLINE,OFFLINE_TRUTH,YZ,x,-0.0625,y,0.4375,z,0.0625,0.2184398960808328,0.2184398960808328,0.0,0.10000000600915501,0.9316945828513565
2001,1.0,20dB_nominal_difference,real,truth_OFFLINE,OFFLINE_TRUTH,YZ,x,-0.0625,y,0.5625,z,0.0625,0.15880662893169398,0.15880662893169398,0.0,0.10000000600915501,0.9316945828513565
2001,1.0,20dB_nominal_difference,real,truth_OFFLINE,OFFLINE_TRUTH,YZ,x,-0.0625,y,0.6875,z,0.0625,0.12214642200427465,0.12214642200427465,0.0,0.10000000600915501,0.9316945828513565
2001,1.0,20dB_nominal_difference,real,truth_OFFLINE,OFFLINE_TRUTH,YZ,x,-0.0625,y,-0.6875,z,0.1875,0.1019321451873601,0.1019321451873601,0.0,0.10000000600915501,0.9316945828513565
2001,1.0,20dB_nominal_difference,real,truth_OFFLINE,OFFLINE_TRUTH,YZ,x,-0.0625,y,-0.5625,z,0.1875,0.10777168307507409,0.10777168307507409,0.0,0.10000000600915501,0.9316945828513565
2001,1.0,20dB_nominal_difference,real,truth_OFFLINE,OFFLINE_TRUTH,YZ,x,-0.0625,y,-0.4375,z,0.1875,0.12393749618458742,0.12393749618458742,0.0,0.10000000600915501,0.9316945828513565
2001,1.0,20dB_nominal_difference,real,truth_OFFLINE,OFFLINE_TRUTH,YZ,x,-0.0625,y,-0.3125,z,0.1875,0.15646455331185138,0.15646455331185138,0.0,0.10000000600915501,0.9316945828513565
2001,1.0,20dB_nominal_difference,real,truth_OFFLINE,OFFLINE_TRUTH,YZ,x,-0.0625,y,-0.1875,z,0.1875,0.20208611747802344,0.20208611747802344,0.0,0.10000000600915501,0.9316945828513565
2001,1.0,20dB_nominal_difference,real,truth_OFFLINE,OFFLINE_TRUTH,YZ,x,-0.0625,y,-0.0625,z,0.1875,0.24218420132429894,0.24218420132429894,0.0,0.10000000600915501,0.9316945828513565
2001,1.0,20dB_nominal_difference,real,truth_OFFLINE,OFFLINE_TRUTH,YZ,x,-0.0625,y,0.0625,z,0.1875,0.2561015121649454,0.2561015121649454,0.0,0.10000000600915501,0.9316945828513565
2001,1.0,20dB_nominal_difference,real,truth_OFFLINE,OFFLINE_TRUTH,YZ,x,-0.0625,y,0.1875,z,0.1875,0.2448031735315593,0.2448031735315593,0.0,0.10000000600915501,0.9316945828513565
2001,1.0,20dB_nominal_difference,real,truth_OFFLINE,OFFLINE_TRUTH,YZ,x,-0.0625,y,0.3125,z,0.1875,0.22556578489219886,0.22556578489219886,0.0,0.10000000600915501,0.9316945828513565
2001,1.0,20dB_nominal_difference,real,truth_OFFLINE,OFFLINE_TRUTH,YZ,x,-0.0625,y,0.4375,z,0.1875,0.20070071725995564,0.20070071725995564,0.0,0.10000000600915501,0.9316945828513565
2001,1.0,20dB_nominal_difference,real,truth_OFFLINE,OFFLINE_TRUTH,YZ,x,-0.0625,y,0.5625,z,0.1875,0.16383749832359978,0.16383749832359978,0.0,0.10000000600915501,0.9316945828513565
2001,1.0,20dB_nominal_difference,real,truth_OFFLINE,OFFLINE_TRUTH,YZ,x,-0.0625,y,0.6875,z,0.1875,0.12776229177607834,0.12776229177607834,0.0,0.10000000600915501,0.9316945828513565
2001,1.0,20dB_nominal_difference,real,truth_OFFLINE,OFFLINE_TRUTH,YZ,x,-0.0625,y,-0.6875,z,0.3125,0.10065885925103382,0.10065885925103382,0.0,0.10000000600915501,0.9316945828513565
2001,1.0,20dB_nominal_difference,real,truth_OFFLINE,OFFLINE_TRUTH,YZ,x,-0.0625,y,-0.5625,z,0.3125,0.10265013984543907,0.10265013984543907,0.0,0.10000000600915501,0.9316945828513565
2001,1.0,20dB_nominal_difference,real,truth_OFFLINE,OFFLINE_TRUTH,YZ,x,-0.0625,y,-0.4375,z,0.3125,0.10816288279002252,0.10816288279002252,0.0,0.10000000600915501,0.9316945828513565
2001,1.0,20dB_nominal_difference,real,truth_OFFLINE,OFFLINE_TRUTH,YZ,x,-0.0625,y,-0.3125,z,0.3125,0.11926016388624464,0.11926016388624464,0.0,0.10000000600915501,0.9316945828513565
2001,1.0,20dB_nominal_difference,real,truth_OFFLINE,OFFLINE_TRUTH,YZ,x,-0.0625,y,-0.1875,z,0.3125,0.1349023836421356,0.1349023836421356,0.0,0.10000000600915501,0.9316945828513565
2001,1.0,20dB_nominal_difference,real,truth_OFFLINE,OFFLINE_TRUTH,YZ,x,-0.0625,y,-0.0625,z,0.3125,0.1493509123910043,0.1493509123910043,0.0,0.10000000600915501,0.9316945828513565
2001,1.0,20dB_nominal_difference,real,truth_OFFLINE,OFFLINE_TRUTH,YZ,x,-0.0625,y,0.0625,z,0.3125,0.15822732832834258,0.15822732832834258,0.0,0.10000000600915501,0.9316945828513565
2001,1.0,20dB_nominal_difference,real,truth_OFFLINE,OFFLINE_TRUTH,YZ,x,-0.0625,y,0.1875,z,0.3125,0.16687027114792571,0.16687027114792571,0.0,0.10000000600915501,0.9316945828513565
2001,1.0,20dB_nominal_difference,real,truth_OFFLINE,OFFLINE_TRUTH,YZ,x,-0.0625,y,0.3125,z,0.3125,0.17998089699842146,0.17998089699842146,0.0,0.10000000600915501,0.9316945828513565
2001,1.0,20dB_nominal_difference,real,truth_OFFLINE,OFFLINE_TRUTH,YZ,x,-0.0625,y,0.4375,z,0.3125,0.18225439996599618,0.18225439996599618,0.0,0.10000000600915501,0.9316945828513565
2001,1.0,20dB_nominal_difference,real,truth_OFFLINE,OFFLINE_TRUTH,YZ,x,-0.0625,y,0.5625,z,0.3125,0.15926125775956312,0.15926125775956312,0.0,0.10000000600915501,0.9316945828513565
2001,1.0,20dB_nominal_difference,real,truth_OFFLINE,OFFLINE_TRUTH,YZ,x,-0.0625,y,0.6875,z,0.3125,0.12727116150529477,0.12727116150529477,0.0,0.10000000600915501,0.9316945828513565
2001,1.0,20dB_nominal_difference,real,truth_OFFLINE,OFFLINE_TRUTH,YZ,x,-0.0625,y,-0.6875,z,0.4375,0.10017347087677178,0.10017347087677178,0.0,0.10000000600915501,0.9316945828513565
2001,1.0,20dB_nominal_difference,real,truth_OFFLINE,OFFLINE_TRUTH,YZ,x,-0.0625,y,-0.5625,z,0.4375,0.10069775759889944,0.10069775759889944,0.0,0.10000000600915501,0.9316945828513565
2001,1.0,20dB_nominal_difference,real,truth_OFFLINE,OFFLINE_TRUTH,YZ,x,-0.0625,y,-0.4375,z,0.4375,0.1021493373214408,0.1021493373214408,0.0,0.10000000600915501,0.9316945828513565
2001,1.0,20dB_nominal_difference,real,truth_OFFLINE,OFFLINE_TRUTH,YZ,x,-0.0625,y,-0.3125,z,0.4375,0.10507447681626521,0.10507447681626521,0.0,0.10000000600915501,0.9316945828513565
2001,1.0,20dB_nominal_difference,real,truth_OFFLINE,OFFLINE_TRUTH,YZ,x,-0.0625,y,-0.1875,z,0.4375,0.10924385635592548,0.10924385635592548,0.0,0.10000000600915501,0.9316945828513565
2001,1.0,20dB_nominal_difference,real,truth_OFFLINE,OFFLINE_TRUTH,YZ,x,-0.0625,y,-0.0625,z,0.4375,0.11351082863467063,0.11351082863467063,0.0,0.10000000600915501,0.9316945828513565
2001,1.0,20dB_nominal_difference,real,truth_OFFLINE,OFFLINE_TRUTH,YZ,x,-0.0625,y,0.0625,z,0.4375,0.11831426165284584,0.11831426165284584,0.0,0.10000000600915501,0.9316945828513565
2001,1.0,20dB_nominal_difference,real,truth_OFFLINE,OFFLINE_TRUTH,YZ,x,-0.0625,y,0.1875,z,0.4375,0.12805091471718763,0.12805091471718763,0.0,0.10000000600915501,0.9316945828513565
2001,1.0,20dB_nominal_difference,real,truth_OFFLINE,OFFLINE_TRUTH,YZ,x,-0.0625,y,0.3125,z,0.4375,0.14324792899404548,0.14324792899404548,0.0,0.10000000600915501,0.9316945828513565
2001,1.0,20dB_nominal_difference,real,truth_OFFLINE,OFFLINE_TRUTH,YZ,x,-0.0625,y,0.4375,z,0.4375,0.15026672326371782,0.15026672326371782,0.0,0.10000000600915501,0.9316945828513565
2001,1.0,20dB_nominal_difference,real,truth_OFFLINE,OFFLINE_TRUTH,YZ,x,-0.0625,y,0.5625,z,0.4375,0.13798948258179247,0.13798948258179247,0.0,0.10000000600915501,0.9316945828513565
2001,1.0,20dB_nominal_difference,real,truth_OFFLINE,OFFLINE_TRUTH,YZ,x,-0.0625,y,0.6875,z,0.4375,0.11781098569782782,0.11781098569782782,0.0,0.10000000600915501,0.9316945828513565
2001,1.0,20dB_nominal_difference,real,truth_OFFLINE,OFFLINE_TRUTH,YZ,x,-0.0625,y,-0.6875,z,0.5625,0.10003526481044293,0.10003526481044293,0.0,0.10000000600915501,0.9316945828513565
2001,1.0,20dB_nominal_difference,real,truth_OFFLINE,OFFLINE_TRUTH,YZ,x,-0.0625,y,-0.5625,z,0.5625,0.10014184785884274,0.10014184785884274,0.0,0.10000000600915501,0.9316945828513565
2001,1.0,20dB_nominal_difference,real,truth_OFFLINE,OFFLINE_TRUTH,YZ,x,-0.0625,y,-0.4375,z,0.5625,0.1004369851301747,0.1004369851301747,0.0,0.10000000600915501,0.9316945828513565
2001,1.0,20dB_nominal_difference,real,truth_OFFLINE,OFFLINE_TRUTH,YZ,x,-0.0625,y,-0.3125,z,0.5625,0.10103281549104651,0.10103281549104651,0.0,0.10000000600915501,0.9316945828513565
2001,1.0,20dB_nominal_difference,real,truth_OFFLINE,OFFLINE_TRUTH,YZ,x,-0.0625,y,-0.1875,z,0.5625,0.10189841102671866,0.10189841102671866,0.0,0.10000000600915501,0.9316945828513565
2001,1.0,20dB_nominal_difference,real,truth_OFFLINE,OFFLINE_TRUTH,YZ,x,-0.0625,y,-0.0625,z,0.5625,0.10292941156573532,0.10292941156573532,0.0,0.10000000600915501,0.9316945828513565
2001,1.0,20dB_nominal_difference,real,truth_OFFLINE,OFFLINE_TRUTH,YZ,x,-0.0625,y,0.0625,z,0.5625,0.10477755563853078,0.10477755563853078,0.0,0.10000000600915501,0.9316945828513565
2001,1.0,20dB_nominal_difference,real,truth_OFFLINE,OFFLINE_TRUTH,YZ,x,-0.0625,y,0.1875,z,0.5625,0.10939378361030735,0.10939378361030735,0.0,0.10000000600915501,0.9316945828513565
2001,1.0,20dB_nominal_difference,real,truth_OFFLINE,OFFLINE_TRUTH,YZ,x,-0.0625,y,0.3125,z,0.5625,0.11663411034284142,0.11663411034284142,0.0,0.10000000600915501,0.9316945828513565
2001,1.0,20dB_nominal_difference,real,truth_OFFLINE,OFFLINE_TRUTH,YZ,x,-0.0625,y,0.4375,z,0.5625,0.12032997112165193,0.12032997112165193,0.0,0.10000000600915501,0.9316945828513565
2001,1.0,20dB_nominal_difference,real,truth_OFFLINE,OFFLINE_TRUTH,YZ,x,-0.0625,y,0.5625,z,0.5625,0.11563468364887781,0.11563468364887781,0.0,0.10000000600915501,0.9316945828513565
2001,1.0,20dB_nominal_difference,real,truth_OFFLINE,OFFLINE_TRUTH,YZ,x,-0.0625,y,0.6875,z,0.5625,0.10737788796766563,0.10737788796766563,0.0,0.10000000600915501,0.9316945828513565
2001,1.0,20dB_nominal_difference,real,truth_OFFLINE,OFFLINE_TRUTH,YZ,x,-0.0625,y,-0.6875,z,0.6875,0.10000553525408022,0.10000553525408022,0.0,0.10000000600915501,0.9316945828513565
2001,1.0,20dB_nominal_difference,real,truth_OFFLINE,OFFLINE_TRUTH,YZ,x,-0.0625,y,-0.5625,z,0.6875,0.10002226501188655,0.10002226501188655,0.0,0.10000000600915501,0.9316945828513565
2001,1.0,20dB_nominal_difference,real,truth_OFFLINE,OFFLINE_TRUTH,YZ,x,-0.0625,y,-0.4375,z,0.6875,0.10006859982870285,0.10006859982870285,0.0,0.10000000600915501,0.9316945828513565
2001,1.0,20dB_nominal_difference,real,truth_OFFLINE,OFFLINE_TRUTH,YZ,x,-0.0625,y,-0.3125,z,0.6875,0.10016236032307876,0.10016236032307876,0.0,0.10000000600915501,0.9316945828513565
2001,1.0,20dB_nominal_difference,real,truth_OFFLINE,OFFLINE_TRUTH,YZ,x,-0.0625,y,-0.1875,z,0.6875,0.10030184886879312,0.10030184886879312,0.0,0.10000000600915501,0.9316945828513565
2001,1.0,20dB_nominal_difference,real,truth_OFFLINE,OFFLINE_TRUTH,YZ,x,-0.0625,y,-0.0625,z,0.6875,0.10049658750101519,0.10049658750101519,0.0,0.10000000600915501,0.9316945828513565
2001,1.0,20dB_nominal_difference,real,truth_OFFLINE,OFFLINE_TRUTH,YZ,x,-0.0625,y,0.0625,z,0.6875,0.10096205377880466,0.10096205377880466,0.0,0.10000000600915501,0.9316945828513565
2001,1.0,20dB_nominal_difference,real,truth_OFFLINE,OFFLINE_TRUTH,YZ,x,-0.0625,y,0.1875,z,0.6875,0.10221716538481025,0.10221716538481025,0.0,0.10000000600915501,0.9316945828513565
2001,1.0,20dB_nominal_difference,real,truth_OFFLINE,OFFLINE_TRUTH,YZ,x,-0.0625,y,0.3125,z,0.6875,0.10418879130035517,0.10418879130035517,0.0,0.10000000600915501,0.9316945828513565
2001,1.0,20dB_nominal_difference,real,truth_OFFLINE,OFFLINE_TRUTH,YZ,x,-0.0625,y,0.4375,z,0.6875,0.10522542747756138,0.10522542747756138,0.0,0.10000000600915501,0.9316945828513565
2001,1.0,20dB_nominal_difference,real,truth_OFFLINE,OFFLINE_TRUTH,YZ,x,-0.0625,y,0.5625,z,0.6875,0.10404591425864294,0.10404591425864294,0.0,0.10000000600915501,0.9316945828513565
2001,1.0,20dB_nominal_difference,real,truth_OFFLINE,OFFLINE_TRUTH,YZ,x,-0.0625,y,0.6875,z,0.6875,0.10191397910500109,0.10191397910500109,0.0,0.10000000600915501,0.9316945828513565
2001,1.0,20dB_nominal_difference,real,dressed_linear_chi,REJECTED_PHYSICAL,XY,z,-0.0625,x,-0.6875,y,-0.6875,0.10026485781854057,0.11938451428461891,0.01911965646607834,0.10000000600915501,0.9316945828513565
2001,1.0,20dB_nominal_difference,real,dressed_linear_chi,REJECTED_PHYSICAL,XY,z,-0.0625,x,-0.5625,y,-0.6875,0.1011963135624723,0.1284258442043497,0.027229530641877386,0.10000000600915501,0.9316945828513565
2001,1.0,20dB_nominal_difference,real,dressed_linear_chi,REJECTED_PHYSICAL,XY,z,-0.0625,x,-0.4375,y,-0.6875,0.10355891452422165,0.14051958341506474,0.03696066889084308,0.10000000600915501,0.9316945828513565
2001,1.0,20dB_nominal_difference,real,dressed_linear_chi,REJECTED_PHYSICAL,XY,z,-0.0625,x,-0.3125,y,-0.6875,0.10697317222035659,0.1475326109712946,0.04055943875093802,0.10000000600915501,0.9316945828513565
2001,1.0,20dB_nominal_difference,real,dressed_linear_chi,REJECTED_PHYSICAL,XY,z,-0.0625,x,-0.1875,y,-0.6875,0.10899877779237235,0.14766009720353246,0.038661319411160106,0.10000000600915501,0.9316945828513565
2001,1.0,20dB_nominal_difference,real,dressed_linear_chi,REJECTED_PHYSICAL,XY,z,-0.0625,x,-0.0625,y,-0.6875,0.10764851227651129,0.14079292415780958,0.0331444118812983,0.10000000600915501,0.9316945828513565
2001,1.0,20dB_nominal_difference,real,dressed_linear_chi,REJECTED_PHYSICAL,XY,z,-0.0625,x,0.0625,y,-0.6875,0.10428164572074357,0.12789272764388904,0.02361108192314547,0.10000000600915501,0.9316945828513565
2001,1.0,20dB_nominal_difference,real,dressed_linear_chi,REJECTED_PHYSICAL,XY,z,-0.0625,x,0.1875,y,-0.6875,0.10157864722454041,0.11061874016155937,0.009040092937018962,0.10000000600915501,0.9316945828513565
2001,1.0,20dB_nominal_difference,real,dressed_linear_chi,REJECTED_PHYSICAL,XY,z,-0.0625,x,0.3125,y,-0.6875,0.10038335782621703,0.090968356807136,-0.009415001019081035,0.10000000600915501,0.9316945828513565
2001,1.0,20dB_nominal_difference,real,dressed_linear_chi,REJECTED_PHYSICAL,XY,z,-0.0625,x,0.4375,y,-0.6875,0.10006132407112178,0.07083850841673749,-0.029222815654384296,0.10000000600915501,0.9316945828513565
2001,1.0,20dB_nominal_difference,real,dressed_linear_chi,REJECTED_PHYSICAL,XY,z,-0.0625,x,0.5625,y,-0.6875,0.1000064748803716,0.05131666696241476,-0.048689807917956844,0.10000000600915501,0.9316945828513565
2001,1.0,20dB_nominal_difference,real,dressed_linear_chi,REJECTED_PHYSICAL,XY,z,-0.0625,x,0.6875,y,-0.6875,0.10000046305551115,0.03431046750183932,-0.06568999555367183,0.10000000600915501,0.9316945828513565
2001,1.0,20dB_nominal_difference,real,dressed_linear_chi,REJECTED_PHYSICAL,XY,z,-0.0625,x,-0.6875,y,-0.5625,0.10090670231051312,0.125576528454561,0.024669826144047877,0.10000000600915501,0.9316945828513565
2001,1.0,20dB_nominal_difference,real,dressed_linear_chi,REJECTED_PHYSICAL,XY,z,-0.0625,x,-0.5625,y,-0.5625,0.10422962198918105,0.14713852232564822,0.04290890033646717,0.10000000600915501,0.9316945828513565
2001,1.0,20dB_nominal_difference,real,dressed_linear_chi,REJECTED_PHYSICAL,XY,z,-0.0625,x,-0.4375,y,-0.5625,0.1129950720178762,0.16849412217839807,0.05549905016052187,0.10000000600915501,0.9316945828513565
2001,1.0,20dB_nominal_difference,real,dressed_linear_chi,REJECTED_PHYSICAL,XY,z,-0.0625,x,-0.3125,y,-0.5625,0.126296389800436,0.18303063295431973,0.05673424315388373,0.10000000600915501,0.9316945828513565
2001,1.0,20dB_nominal_difference,real,dressed_linear_chi,REJECTED_PHYSICAL,XY,z,-0.0625,x,-0.1875,y,-0.5625,0.1350472438890173,0.1880208391925987,0.05297359530358142,0.10000000600915501,0.9316945828513565
2001,1.0,20dB_nominal_difference,real,dressed_linear_chi,REJECTED_PHYSICAL,XY,z,-0.0625,x,-0.0625,y,-0.5625,0.13076464682421354,0.18270384340562457,0.05193919658141102,0.10000000600915501,0.9316945828513565
2001,1.0,20dB_nominal_difference,real,dressed_linear_chi,REJECTED_PHYSICAL,XY,z,-0.0625,x,0.0625,y,-0.5625,0.1177865029807636,0.16789326779647373,0.050106764815710136,0.10000000600915501,0.9316945828513565
2001,1.0,20dB_nominal_difference,real,dressed_linear_chi,REJECTED_PHYSICAL,XY,z,-0.0625,x,0.1875,y,-0.5625,0.10677287833630011,0.14559906305266004,0.03882618471635993,0.10000000600915501,0.9316945828513565
2001,1.0,20dB_nominal_difference,real,dressed_linear_chi,REJECTED_PHYSICAL,XY,z,-0.0625,x,0.3125,y,-0.5625,0.10169881558708468,0.11866616218177378,0.016967346594689098,0.10000000600915501,0.9316945828513565
2001,1.0,20dB_nominal_difference,real,dressed_linear_chi,REJECTED_PHYSICAL,XY,z,-0.0625,x,0.4375,y,-0.5625,0.10028105354810429,0.0904852779386061,-0.009795775609498195,0.10000000600915501,0.9316945828513565
2001,1.0,20dB_nominal_difference,real,dressed_linear_chi,REJECTED_PHYSICAL,XY,z,-0.0625,x,0.5625,y,-0.5625,0.10003115598664142,0.06510066900068497,-0.03493048698595645,0.10000000600915501,0.9316945828513565
2001,1.0,20dB_nominal_difference,real,dressed_linear_chi,REJECTED_PHYSICAL,XY,z,-0.0625,x,0.6875,y,-0.5625,0.10000270827712796,0.05157192094989593,-0.04843078732723202,0.10000000600915501,0.9316945828513565
2001,1.0,20dB_nominal_difference,real,dressed_linear_chi,REJECTED_PHYSICAL,XY,z,-0.0625,x,-0.6875,y,-0.4375,0.10237684136782078,0.12786742845551044,0.025490587087689656,0.10000000600915501,0.9316945828513565
2001,1.0,20dB_nominal_difference,real,dressed_linear_chi,REJECTED_PHYSICAL,XY,z,-0.0625,x,-0.5625,y,-0.4375,0.11145095306522608,0.1641382696586246,0.05268731659339852,0.10000000600915501,0.9316945828513565
2001,1.0,20dB_nominal_difference,real,dressed_linear_chi,REJECTED_PHYSICAL,XY,z,-0.0625,x,-0.4375,y,-0.4375,0.13633485022725975,0.19720527217036332,0.060870421943103575,0.10000000600915501,0.9316945828513565
2001,1.0,20dB_nominal_difference,real,dressed_linear_chi,REJECTED_PHYSICAL,XY,z,-0.0625,x,-0.3125,y,-0.4375,0.17593559812108292,0.22048067172148547,0.04454507360040255,0.10000000600915501,0.9316945828513565
2001,1.0,20dB_nominal_difference,real,dressed_linear_chi,REJECTED_PHYSICAL,XY,z,-0.0625,x,-0.1875,y,-0.4375,0.20452201731555533,0.2310658971543739,0.026543879838818563,0.10000000600915501,0.9316945828513565
2001,1.0,20dB_nominal_difference,real,dressed_linear_chi,REJECTED_PHYSICAL,XY,z,-0.0625,x,-0.0625,y,-0.4375,0.19475686843627962,0.22794887670355526,0.03319200826727564,0.10000000600915501,0.9316945828513565
2001,1.0,20dB_nominal_difference,real,dressed_linear_chi,REJECTED_PHYSICAL,XY,z,-0.0625,x,0.0625,y,-0.4375,0.1565792332237742,0.21193271807929237,0.055353484855518165,0.10000000600915501,0.9316945828513565
2001,1.0,20dB_nominal_difference,real,dressed_linear_chi,REJECTED_PHYSICAL,XY,z,-0.0625,x,0.1875,y,-0.4375,0.12225263279337435,0.18536084203644193,0.06310820924306758,0.10000000600915501,0.9316945828513565
2001,1.0,20dB_nominal_difference,real,dressed_linear_chi,REJECTED_PHYSICAL,XY,z,-0.0625,x,0.3125,y,-0.4375,0.10577000245474298,0.1517884649083414,0.046018462453598405,0.10000000600915501,0.9316945828513565
2001,1.0,20dB_nominal_difference,real,dressed_linear_chi,REJECTED_PHYSICAL,XY,z,-0.0625,x,0.4375,y,-0.4375,0.10099596949293096,0.11570032971774263,0.014704360224811669,0.10000000600915501,0.9316945828513565
2001,1.0,20dB_nominal_difference,real,dressed_linear_chi,REJECTED_PHYSICAL,XY,z,-0.0625,x,0.5625,y,-0.4375,0.10012547875286122,0.08239169511259757,-0.01773378364026365,0.10000000600915501,0.9316945828513565
2001,1.0,20dB_nominal_difference,real,dressed_linear_chi,REJECTED_PHYSICAL,XY,z,-0.0625,x,0.6875,y,-0.4375,0.10001920014127877,0.06106135160785242,-0.03895784853342635,0.10000000600915501,0.9316945828513565
2001,1.0,20dB_nominal_difference,real,dressed_linear_chi,REJECTED_PHYSICAL,XY,z,-0.0625,x,-0.6875,y,-0.3125,0.10477110773257149,0.12899025784852441,0.024219150115952923,0.10000000600915501,0.9316945828513565
2001,1.0,20dB_nominal_difference,real,dressed_linear_chi,REJECTED_PHYSICAL,XY,z,-0.0625,x,-0.5625,y,-0.3125,0.12373915546056864,0.17935000575082333,0.055610850290254685,0.10000000600915501,0.9316945828513565
2001,1.0,20dB_nominal_difference,real,dressed_linear_chi,REJECTED_PHYSICAL,XY,z,-0.0625,x,-0.4375,y,-0.3125,0.17779498655314183,0.2242116548198567,0.04641666826671487,0.10000000600915501,0.9316945828513565
2001,1.0,20dB_nominal_difference,real,dressed_linear_chi,REJECTED_PHYSICAL,XY,z,-0.0625,x,-0.3125,y,-0.3125,0.2679106634230831,0.2563926253889983,-0.011518038034084799,0.10000000600915501,0.9316945828513565
2001,1.0,20dB_nominal_difference,real,dressed_linear_chi,REJECTED_PHYSICAL,XY,z,-0.0625,x,-0.1875,y,-0.3125,0.3386961859462222,0.2728335969758756,-0.06586258897034658,0.10000000600915501,0.9316945828513565
2001,1.0,20dB_nominal_difference,real,dressed_linear_chi,REJECTED_PHYSICAL,XY,z,-0.0625,x,-0.0625,y,-0.3125,0.3234887335904522,0.27246373975071625,-0.051024993839735966,0.10000000600915501,0.9316945828513565
2001,1.0,20dB_nominal_difference,real,dressed_linear_chi,REJECTED_PHYSICAL,XY,z,-0.0625,x,0.0625,y,-0.3125,0.23782718546688542,0.25615645072201565,0.018329265255130234,0.10000000600915501,0.9316945828513565
2001,1.0,20dB_nominal_difference,real,dressed_linear_chi,REJECTED_PHYSICAL,XY,z,-0.0625,x,0.1875,y,-0.3125,0.15602112446107677,0.22650160976636008,0.07048048530528331,0.10000000600915501,0.9316945828513565
2001,1.0,20dB_nominal_difference,real,dressed_linear_chi,REJECTED_PHYSICAL,XY,z,-0.0625,x,0.3125,y,-0.3125,0.11509792945637516,0.18747902871320463,0.07238109925682946,0.10000000600915501,0.9316945828513565
2001,1.0,20dB_nominal_difference,real,dressed_linear_chi,REJECTED_PHYSICAL,XY,z,-0.0625,x,0.4375,y,-0.3125,0.10284563742209168,0.14408503341236573,0.04123939599027404,0.10000000600915501,0.9316945828513565
2001,1.0,20dB_nominal_difference,real,dressed_linear_chi,REJECTED_PHYSICAL,XY,z,-0.0625,x,0.5625,y,-0.3125,0.10052268077522575,0.10190421411592618,0.0013815333407004304,0.10000000600915501,0.9316945828513565
2001,1.0,20dB_nominal_difference,real,dressed_linear_chi,REJECTED_PHYSICAL,XY,z,-0.0625,x,0.6875,y,-0.3125,0.10016497098517554,0.07017113047957488,-0.029993840505600666,0.10000000600915501,0.9316945828513565
2001,1.0,20dB_nominal_difference,real,dressed_linear_chi,REJECTED_PHYSICAL,XY,z,-0.0625,x,-0.6875,y,-0.1875,0.10733367735530452,0.12786405902700243,0.020530381671697906,0.10000000600915501,0.9316945828513565
2001,1.0,20dB_nominal_difference,real,dressed_linear_chi,REJECTED_PHYSICAL,XY,z,-0.0625,x,-0.5625,y,-0.1875,0.13768534076741698,0.19030628037473934,0.052620939607322365,0.10000000600915501,0.9316945828513565
2001,1.0,20dB_nominal_difference,real,dressed_linear_chi,REJECTED_PHYSICAL,XY,z,-0.0625,x,-0.4375,y,-0.1875,0.22754499376814377,0.24532537736338642,0.017780383595242644,0.10000000600915501,0.9316945828513565
2001,1.0,20dB_nominal_difference,real,dressed_linear_chi,REJECTED_PHYSICAL,XY,z,-0.0625,x,-0.3125,y,-0.1875,0.3843118157309954,0.28543981110648275,-0.09887200462451262,0.10000000600915501,0.9316945828513565
2001,1.0,20dB_nominal_difference,real,dressed_linear_chi,REJECTED_PHYSICAL,XY,z,-0.0625,x,-0.1875,y,-0.1875,0.5174158828182975,0.30748796305816817,-0.20992791976012937,0.10000000600915501,0.9316945828513565
2001,1.0,20dB_nominal_difference,real,dressed_linear_chi,REJECTED_PHYSICAL,XY,z,-0.0625,x,-0.0625,y,-0.1875,0.5036506148217931,0.3104001573722154,-0.1932504574495777,0.10000000600915501,0.9316945828513565
2001,1.0,20dB_nominal_difference,real,dressed_linear_chi,REJECTED_PHYSICAL,XY,z,-0.0625,x,0.0625,y,-0.1875,0.35721176838000324,0.2950878480992616,-0.06212392028074165,0.10000000600915501,0.9316945828513565
2001,1.0,20dB_nominal_difference,real,dressed_linear_chi,REJECTED_PHYSICAL,XY,z,-0.0625,x,0.1875,y,-0.1875,0.20840819636315633,0.26421197789120043,0.055803781528044105,0.10000000600915501,0.9316945828513565
2001,1.0,20dB_nominal_difference,real,dressed_linear_chi,REJECTED_PHYSICAL,XY,z,-0.0625,x,0.3125,y,-0.1875,0.13116638756463606,0.22185055141021878,0.09068416384558273,0.10000000600915501,0.9316945828513565
2001,1.0,20dB_nominal_difference,real,dressed_linear_chi,REJECTED_PHYSICAL,XY,z,-0.0625,x,0.4375,y,-0.1875,0.10746175163320573,0.17307519187164808,0.06561344023844234,0.10000000600915501,0.9316945828513565
2001,1.0,20dB_nominal_difference,real,dressed_linear_chi,REJECTED_PHYSICAL,XY,z,-0.0625,x,0.5625,y,-0.1875,0.10254541586720096,0.1234266087594221,0.020881192892221137,0.10000000600915501,0.9316945828513565
2001,1.0,20dB_nominal_difference,real,dressed_linear_chi,REJECTED_PHYSICAL,XY,z,-0.0625,x,0.6875,y,-0.1875,0.1011545478348431,0.08227068006341312,-0.018883867771429974,0.10000000600915501,0.9316945828513565
2001,1.0,20dB_nominal_difference,real,dressed_linear_chi,REJECTED_PHYSICAL,XY,z,-0.0625,x,-0.6875,y,-0.0625,0.1086319303622552,0.12385879556964428,0.015226865207389084,0.10000000600915501,0.9316945828513565
2001,1.0,20dB_nominal_difference,real,dressed_linear_chi,REJECTED_PHYSICAL,XY,z,-0.0625,x,-0.5625,y,-0.0625,0.14581030690719132,0.19486655736126685,0.04905625045407552,0.10000000600915501,0.9316945828513565
2001,1.0,20dB_nominal_difference,real,dressed_linear_chi,REJECTED_PHYSICAL,XY,z,-0.0625,x,-0.4375,y,-0.0625,0.260124942599339,0.2570267136724654,-0.003098228926873614,0.10000000600915501,0.9316945828513565
2001,1.0,20dB_nominal_difference,real,dressed_linear_chi,REJECTED_PHYSICAL,XY,z,-0.0625,x,-0.3125,y,-0.0625,0.4686354000592555,0.3030533717847113,-0.1655820282745442,0.10000000600915501,0.9316945828513565
2001,1.0,20dB_nominal_difference,real,dressed_linear_chi,REJECTED_PHYSICAL,XY,z,-0.0625,x,-0.1875,y,-0.0625,0.658975602264724,0.32983976063683973,-0.32913584162788423,0.10000000600915501,0.9316945828513565
2001,1.0,20dB_nominal_difference,real,dressed_linear_chi,REJECTED_PHYSICAL,XY,z,-0.0625,x,-0.0625,y,-0.0625,0.6584401254504064,0.3363416351794487,-0.3220984902709577,0.10000000600915501,0.9316945828513565
2001,1.0,20dB_nominal_difference,real,dressed_linear_chi,REJECTED_PHYSICAL,XY,z,-0.0625,x,0.0625,y,-0.0625,0.4684559578600319,0.3234142403491234,-0.1450417175109085,0.10000000600915501,0.9316945828513565
2001,1.0,20dB_nominal_difference,real,dressed_linear_chi,REJECTED_PHYSICAL,XY,z,-0.0625,x,0.1875,y,-0.0625,0.2634391773756436,0.2935802667876001,0.03014108941195648,0.10000000600915501,0.9316945828513565
2001,1.0,20dB_nominal_difference,real,dressed_linear_chi,REJECTED_PHYSICAL,XY,z,-0.0625,x,0.3125,y,-0.0625,0.15461648871629483,0.2507190065042636,0.09610251778796877,0.10000000600915501,0.9316945828513565
2001,1.0,20dB_nominal_difference,real,dressed_linear_chi,REJECTED_PHYSICAL,XY,z,-0.0625,x,0.4375,y,-0.0625,0.12071173516744532,0.19966598285197262,0.0789542476845273,0.10000000600915501,0.9316945828513565
2001,1.0,20dB_nominal_difference,real,dressed_linear_chi,REJECTED_PHYSICAL,XY,z,-0.0625,x,0.5625,y,-0.0625,0.11112771864288029,0.14572622189693793,0.03459850325405764,0.10000000600915501,0.9316945828513565
2001,1.0,20dB_nominal_difference,real,dressed_linear_chi,REJECTED_PHYSICAL,XY,z,-0.0625,x,0.6875,y,-0.0625,0.10530383314727672,0.0981721325486392,-0.007131700598637519,0.10000000600915501,0.9316945828513565
2001,1.0,20dB_nominal_difference,real,dressed_linear_chi,REJECTED_PHYSICAL,XY,z,-0.0625,x,-0.6875,y,0.0625,0.10777996478043661,0.11685387001039557,0.009073905229958962,0.10000000600915501,0.9316945828513565
2001,1.0,20dB_nominal_difference,real,dressed_linear_chi,REJECTED_PHYSICAL,XY,z,-0.0625,x,-0.5625,y,0.0625,0.14264201452263953,0.19161226733174425,0.04897025280910472,0.10000000600915501,0.9316945828513565
2001,1.0,20dB_nominal_difference,real,dressed_linear_chi,REJECTED_PHYSICAL,XY,z,-0.0625,x,-0.4375,y,0.0625,0.2539358661922832,0.25688386825803566,0.002948002065752464,0.10000000600915501,0.9316945828513565
2001,1.0,20dB_nominal_difference,real,dressed_linear_chi,REJECTED_PHYSICAL,XY,z,-0.0625,x,-0.3125,y,0.0625,0.4660126331155374,0.3060325679495251,-0.15998006516601232,0.10000000600915501,0.9316945828513565
2001,1.0,20dB_nominal_difference,real,dressed_linear_chi,REJECTED_PHYSICAL,XY,z,-0.0625,x,-0.1875,y,0.0625,0.6733219291899666,0.33616851334676556,-0.337153415843201,0.10000000600915501,0.9316945828513565
2001,1.0,20dB_nominal_difference,real,dressed_linear_chi,REJECTED_PHYSICAL,XY,z,-0.0625,x,-0.0625,y,0.0625,0.6925304012585348,0.34626684085059917,-0.34626356040793566,0.10000000600915501,0.9316945828513565
2001,1.0,20dB_nominal_difference,real,dressed_linear_chi,REJECTED_PHYSICAL,XY,z,-0.0625,x,0.0625,y,0.0625,0.5082554782226824,0.33700100124752574,-0.1712544769751566,0.10000000600915501,0.9316945828513565
2001,1.0,20dB_nominal_difference,real,dressed_linear_chi,REJECTED_PHYSICAL,XY,z,-0.0625,x,0.1875,y,0.0625,0.29970663571554834,0.3105476575657078,0.010841021850159449,0.10000000600915501,0.9316945828513565
2001,1.0,20dB_nominal_difference,real,dressed_linear_chi,REJECTED_PHYSICAL,XY,z,-0.0625,x,0.3125,y,0.0625,0.19051662464288005,0.27033929913375065,0.0798226744908706,0.10000000600915501,0.9316945828513565
2001,1.0,20dB_nominal_difference,real,dressed_linear_chi,REJECTED_PHYSICAL,XY,z,-0.0625,x,0.4375,y,0.0625,0.1544041608174542,0.22074181249796365,0.06633765168050945,0.10000000600915501,0.9316945828513565
2001,1.0,20dB_nominal_difference,real,dressed_linear_chi,REJECTED_PHYSICAL,XY,z,-0.0625,x,0.5625,y,0.0625,0.13378884108952682,0.16665962432284553,0.03287078323331871,0.10000000600915501,0.9316945828513565
2001,1.0,20dB_nominal_difference,real,dressed_linear_chi,REJECTED_PHYSICAL,XY,z,-0.0625,x,0.6875,y,0.0625,0.11508655269632756,0.11689994357551757,0.0018133908791900105,0.10000000600915501,0.9316945828513565
2001,1.0,20dB_nominal_difference,real,dressed_linear_chi,REJECTED_PHYSICAL,XY,z,-0.0625,x,-0.6875,y,0.1875,0.10536946590244586,0.10698209869108308,0.0016126327886372138,0.10000000600915501,0.9316945828513565
2001,1.0,20dB_nominal_difference,real,dressed_linear_chi,REJECTED_PHYSICAL,XY,z,-0.0625,x,-0.5625,y,0.1875,0.13039466078568404,0.1799332923542423,0.049538631568558256,0.10000000600915501,0.9316945828513565
2001,1.0,20dB_nominal_difference,real,dressed_linear_chi,REJECTED_PHYSICAL,XY,z,-0.0625,x,-0.4375,y,0.1875,0.21332218143040824,0.24383448007440156,0.030512298643993324,0.10000000600915501,0.9316945828513565
2001,1.0,20dB_nominal_difference,real,dressed_linear_chi,REJECTED_PHYSICAL,XY,z,-0.0625,x,-0.3125,y,0.1875,0.37832339591889463,0.29300901941650026,-0.08531437650239437,0.10000000600915501,0.9316945828513565
2001,1.0,20dB_nominal_difference,real,dressed_linear_chi,REJECTED_PHYSICAL,XY,z,-0.0625,x,-0.1875,y,0.1875,0.5507438470346004,0.3248668664202296,-0.22587698061437084,0.10000000600915501,0.9316945828513565
2001,1.0,20dB_nominal_difference,real,dressed_linear_chi,REJECTED_PHYSICAL,XY,z,-0.0625,x,-0.0625,y,0.1875,0.5842709100242653,0.3383364305829964,-0.24593447944126895,0.10000000600915501,0.9316945828513565
2001,1.0,20dB_nominal_difference,real,dressed_linear_chi,REJECTED_PHYSICAL,XY,z,-0.0625,x,0.0625,y,0.1875,0.4571874337540224,0.33375798792354594,-0.12342944583047644,0.10000000600915501,0.9316945828513565
2001,1.0,20dB_nominal_difference,real,dressed_linear_chi,REJECTED_PHYSICAL,XY,z,-0.0625,x,0.1875,y,0.1875,0.3110110184457098,0.3127738385999786,0.0017628201542688182,0.10000000600915501,0.9316945828513565
2001,1.0,20dB_nominal_difference,real,dressed_linear_chi,REJECTED_PHYSICAL,XY,z,-0.0625,x,0.3125,y,0.1875,0.24008040061687136,0.278183681226326,0.038103280609454615,0.10000000600915501,0.9316945828513565
2001,1.0,20dB_nominal_difference,real,dressed_linear_chi,REJECTED_PHYSICAL,XY,z,-0.0625,x,0.4375,y,0.1875,0.20648303586593814,0.23372921265364757,0.027246176787709436,0.10000000600915501,0.9316945828513565
2001,1.0,20dB_nominal_difference,real,dressed_linear_chi,REJECTED_PHYSICAL,XY,z,-0.0625,x,0.5625,y,0.1875,0.16479810303343054,0.1837969496616742,0.018998846628243665,0.10000000600915501,0.9316945828513565
2001,1.0,20dB_nominal_difference,real,dressed_linear_chi,REJECTED_PHYSICAL,XY,z,-0.0625,x,0.6875,y,0.1875,0.12619496065724473,0.13636906852415548,0.010174107866910753,0.10000000600915501,0.9316945828513565
2001,1.0,20dB_nominal_difference,real,dressed_linear_chi,REJECTED_PHYSICAL,XY,z,-0.0625,x,-0.6875,y,0.3125,0.10283771954262226,0.09429858722523907,-0.008539132317383194,0.10000000600915501,0.9316945828513565
2001,1.0,20dB_nominal_difference,real,dressed_linear_chi,REJECTED_PHYSICAL,XY,z,-0.0625,x,-0.5625,y,0.3125,0.11659010550172136,0.15990973878222325,0.043319633280501896,0.10000000600915501,0.9316945828513565
2001,1.0,20dB_nominal_difference,real,dressed_linear_chi,REJECTED_PHYSICAL,XY,z,-0.0625,x,-0.4375,y,0.3125,0.16388891573906783,0.21823463116636166,0.05434571542729383,0.10000000600915501,0.9316945828513565
2001,1.0,20dB_nominal_difference,real,dressed_linear_chi,REJECTED_PHYSICAL,XY,z,-0.0625,x,-0.3125,y,0.3125,0.2621725014312992,0.26464158680355687,0.002469085372257651,0.10000000600915501,0.9316945828513565
2001,1.0,20dB_nominal_difference,real,dressed_linear_chi,REJECTED_PHYSICAL,XY,z,-0.0625,x,-0.1875,y,0.3125,0.3723046054849758,0.29677038442563014,-0.07553422105934565,0.10000000600915501,0.9316945828513565
2001,1.0,20dB_nominal_difference,real,dressed_linear_chi,REJECTED_PHYSICAL,XY,z,-0.0625,x,-0.0625,y,0.3125,0.4081034051787672,0.3133438443986225,-0.09475956078014469,0.10000000600915501,0.9316945828513565
2001,1.0,20dB_nominal_difference,real,dressed_linear_chi,REJECTED_PHYSICAL,XY,z,-0.0625,x,0.0625,y,0.3125,0.3551775096182769,0.31418695782294703,-0.040990551795329844,0.10000000600915501,0.9316945828513565
2001,1.0,20dB_nominal_difference,real,dressed_linear_chi,REJECTED_PHYSICAL,XY,z,-0.0625,x,0.1875,y,0.3125,0.29655412152484,0.3002465683520873,0.0036924468272472866,0.10000000600915501,0.9316945828513565
2001,1.0,20dB_nominal_difference,real,dressed_linear_chi,REJECTED_PHYSICAL,XY,z,-0.0625,x,0.3125,y,0.3125,0.27140413415974374,0.27358085538349025,0.002176721223746514,0.10000000600915501,0.9316945828513565
2001,1.0,20dB_nominal_difference,real,dressed_linear_chi,REJECTED_PHYSICAL,XY,z,-0.0625,x,0.4375,y,0.3125,0.23610303361304813,0.2372611126426687,0.0011580790296205623,0.10000000600915501,0.9316945828513565
2001,1.0,20dB_nominal_difference,real,dressed_linear_chi,REJECTED_PHYSICAL,XY,z,-0.0625,x,0.5625,y,0.3125,0.1763764986896118,0.19514367878751898,0.018767180097907177,0.10000000600915501,0.9316945828513565
2001,1.0,20dB_nominal_difference,real,dressed_linear_chi,REJECTED_PHYSICAL,XY,z,-0.0625,x,0.6875,y,0.3125,0.12765795889379147,0.1541541025249032,0.026496143631111718,0.10000000600915501,0.9316945828513565
2001,1.0,20dB_nominal_difference,real,dressed_linear_chi,REJECTED_PHYSICAL,XY,z,-0.0625,x,-0.6875,y,0.4375,0.10114841421051789,0.07850175895275215,-0.02264665525776574,0.10000000600915501,0.9316945828513565
2001,1.0,20dB_nominal_difference,real,dressed_linear_chi,REJECTED_PHYSICAL,XY,z,-0.0625,x,-0.5625,y,0.4375,0.10693462372443238,0.13206036218901832,0.025125738464585934,0.10000000600915501,0.9316945828513565
2001,1.0,20dB_nominal_difference,real,dressed_linear_chi,REJECTED_PHYSICAL,XY,z,-0.0625,x,-0.4375,y,0.4375,0.12759383376306277,0.18166860051188288,0.05407476674882011,0.10000000600915501,0.9316945828513565
2001,1.0,20dB_nominal_difference,real,dressed_linear_chi,REJECTED_PHYSICAL,XY,z,-0.0625,x,-0.3125,y,0.4375,0.17250779922464993,0.22348187226784733,0.0509740730431974,0.10000000600915501,0.9316945828513565
2001,1.0,20dB_nominal_difference,real,dressed_linear_chi,REJECTED_PHYSICAL,XY,z,-0.0625,x,-0.1875,y,0.4375,0.2270800966164236,0.25508153111999265,0.028001434503569067,0.10000000600915501,0.9316945828513565
2001,1.0,20dB_nominal_difference,real,dressed_linear_chi,REJECTED_PHYSICAL,XY,z,-0.0625,x,-0.0625,y,0.4375,0.255002531880477,0.2747171759186291,0.019714644038152096,0.10000000600915501,0.9316945828513565
2001,1.0,20dB_nominal_difference,real,dressed_linear_chi,REJECTED_PHYSICAL,XY,z,-0.0625,x,0.0625,y,0.4375,0.2512553768125801,0.2814810246308766,0.030225647818296508,0.10000000600915501,0.9316945828513565
2001,1.0,20dB_nominal_difference,real,dressed_linear_chi,REJECTED_PHYSICAL,XY,z,-0.0625,x,0.1875,y,0.4375,0.24786304214956373,0.2754885493560607,0.02762550720649698,0.10000000600915501,0.9316945828513565
2001,1.0,20dB_nominal_difference,real,dressed_linear_chi,REJECTED_PHYSICAL,XY,z,-0.0625,x,0.3125,y,0.4375,0.24341302895259062,0.25802906665093706,0.014616037698346435,0.10000000600915501,0.9316945828513565
2001,1.0,20dB_nominal_difference,real,dressed_linear_chi,REJECTED_PHYSICAL,XY,z,-0.0625,x,0.4375,y,0.4375,0.20839060005756693,0.23159519105659418,0.023204590999027247,0.10000000600915501,0.9316945828513565
2001,1.0,20dB_nominal_difference,real,dressed_linear_chi,REJECTED_PHYSICAL,XY,z,-0.0625,x,0.5625,y,0.4375,0.15489601898677052,0.1996946601415224,0.04479864115475188,0.10000000600915501,0.9316945828513565
2001,1.0,20dB_nominal_difference,real,dressed_linear_chi,REJECTED_PHYSICAL,XY,z,-0.0625,x,0.6875,y,0.4375,0.11773851679414572,0.16823140739767076,0.050492890603525034,0.10000000600915501,0.9316945828513565
2001,1.0,20dB_nominal_difference,real,dressed_linear_chi,REJECTED_PHYSICAL,XY,z,-0.0625,x,-0.6875,y,0.5625,0.1003559096768723,0.05881156239459782,-0.041544347282274484,0.10000000600915501,0.9316945828513565
2001,1.0,20dB_nominal_difference,real,dressed_linear_chi,REJECTED_PHYSICAL,XY,z,-0.0625,x,-0.5625,y,0.5625,0.10222028492804464,0.09699915026292669,-0.005221134665117949,0.10000000600915501,0.9316945828513565
2001,1.0,20dB_nominal_difference,real,dressed_linear_chi,REJECTED_PHYSICAL,XY,z,-0.0625,x,-0.4375,y,0.5625,0.10913727806028901,0.13656660041507757,0.027429322354788552,0.10000000600915501,0.9316945828513565
2001,1.0,20dB_nominal_difference,real,dressed_linear_chi,REJECTED_PHYSICAL,XY,z,-0.0625,x,-0.3125,y,0.5625,0.12494046438860903,0.1735241944945229,0.04858373010591385,0.10000000600915501,0.9316945828513565
2001,1.0,20dB_nominal_difference,real,dressed_linear_chi,REJECTED_PHYSICAL,XY,z,-0.0625,x,-0.1875,y,0.5625,0.14612205742413914,0.2048777793940331,0.058755721969893954,0.10000000600915501,0.9316945828513565
2001,1.0,20dB_nominal_difference,real,dressed_linear_chi,REJECTED_PHYSICAL,XY,z,-0.0625,x,-0.0625,y,0.5625,0.16207226151280418,0.22804622629878207,0.06597396478597789,0.10000000600915501,0.9316945828513565
2001,1.0,20dB_nominal_difference,real,dressed_linear_chi,REJECTED_PHYSICAL,XY,z,-0.0625,x,0.0625,y,0.5625,0.17141133688533441,0.24113535127217575,0.06972401438684134,0.10000000600915501,0.9316945828513565
2001,1.0,20dB_nominal_difference,real,dressed_linear_chi,REJECTED_PHYSICAL,XY,z,-0.0625,x,0.1875,y,0.5625,0.17958861939133242,0.24330448621735992,0.0637158668260275,0.10000000600915501,0.9316945828513565
2001,1.0,20dB_nominal_difference,real,dressed_linear_chi,REJECTED_PHYSICAL,XY,z,-0.0625,x,0.3125,y,0.5625,0.17660099355584172,0.23509960003221092,0.0584986064763692,0.10000000600915501,0.9316945828513565
2001,1.0,20dB_nominal_difference,real,dressed_linear_chi,REJECTED_PHYSICAL,XY,z,-0.0625,x,0.4375,y,0.5625,0.15297691049428866,0.21863151672993764,0.06565460623564898,0.10000000600915501,0.9316945828513565
2001,1.0,20dB_nominal_difference,real,dressed_linear_chi,REJECTED_PHYSICAL,XY,z,-0.0625,x,0.5625,y,0.5625,0.12400536006734672,0.19751572725854205,0.07351036719119533,0.10000000600915501,0.9316945828513565
2001,1.0,20dB_nominal_difference,real,dressed_linear_chi,REJECTED_PHYSICAL,XY,z,-0.0625,x,0.6875,y,0.5625,0.10690885512842992,0.17742232325471147,0.07051346812628155,0.10000000600915501,0.9316945828513565
2001,1.0,20dB_nominal_difference,real,dressed_linear_chi,REJECTED_PHYSICAL,XY,z,-0.0625,x,-0.6875,y,0.6875,0.10008447943542029,0.03366864986191037,-0.06641582957350992,0.10000000600915501,0.9316945828513565
2001,1.0,20dB_nominal_difference,real,dressed_linear_chi,REJECTED_PHYSICAL,XY,z,-0.0625,x,-0.5625,y,0.6875,0.1005447510332622,0.05543251002840573,-0.04511224100485647,0.10000000600915501,0.9316945828513565
2001,1.0,20dB_nominal_difference,real,dressed_linear_chi,REJECTED_PHYSICAL,XY,z,-0.0625,x,-0.4375,y,0.6875,0.10232262764080495,0.08658619669176401,-0.01573643094904094,0.10000000600915501,0.9316945828513565
2001,1.0,20dB_nominal_difference,real,dressed_linear_chi,REJECTED_PHYSICAL,XY,z,-0.0625,x,-0.3125,y,0.6875,0.10661692509131052,0.12075582532442783,0.014138900233117313,0.10000000600915501,0.9316945828513565
2001,1.0,20dB_nominal_difference,real,dressed_linear_chi,REJECTED_PHYSICAL,XY,z,-0.0625,x,-0.1875,y,0.6875,0.11303193791873747,0.15378415588521654,0.04075221796647907,0.10000000600915501,0.9316945828513565
2001,1.0,20dB_nominal_difference,real,dressed_linear_chi,REJECTED_PHYSICAL,XY,z,-0.0625,x,-0.0625,y,0.6875,0.11937276688178071,0.18180309147152895,0.062430324589748246,0.10000000600915501,0.9316945828513565
2001,1.0,20dB_nominal_difference,real,dressed_linear_chi,REJECTED_PHYSICAL,XY,z,-0.0625,x,0.0625,y,0.6875,0.12481962777323295,0.2016140274905311,0.07679439971729814,0.10000000600915501,0.9316945828513565
2001,1.0,20dB_nominal_difference,real,dressed_linear_chi,REJECTED_PHYSICAL,XY,z,-0.0625,x,0.1875,y,0.6875,0.12834929071443463,0.2112900515825944,0.08294076086815977,0.10000000600915501,0.9316945828513565
2001,1.0,20dB_nominal_difference,real,dressed_linear_chi,REJECTED_PHYSICAL,XY,z,-0.0625,x,0.3125,y,0.6875,0.12546993569784834,0.2106888495136926,0.08521891381584426,0.10000000600915501,0.9316945828513565
2001,1.0,20dB_nominal_difference,real,dressed_linear_chi,REJECTED_PHYSICAL,XY,z,-0.0625,x,0.4375,y,0.6875,0.11582540534158545,0.20172749320460215,0.0859020878630167,0.10000000600915501,0.9316945828513565
2001,1.0,20dB_nominal_difference,real,dressed_linear_chi,REJECTED_PHYSICAL,XY,z,-0.0625,x,0.5625,y,0.6875,0.10638547616199451,0.18847979561400868,0.08209431945201418,0.10000000600915501,0.9316945828513565
2001,1.0,20dB_nominal_difference,real,dressed_linear_chi,REJECTED_PHYSICAL,XY,z,-0.0625,x,0.6875,y,0.6875,0.10163460092111411,0.17885083841033625,0.07721623748922214,0.10000000600915501,0.9316945828513565
2001,1.0,20dB_nominal_difference,real,dressed_linear_chi,REJECTED_PHYSICAL,XZ,y,-0.0625,x,-0.6875,z,-0.6875,0.10291318459824714,0.03692861056760628,-0.06598457403064086,0.10000000600915501,0.9316945828513565
2001,1.0,20dB_nominal_difference,real,dressed_linear_chi,REJECTED_PHYSICAL,XZ,y,-0.0625,x,-0.5625,z,-0.6875,0.11546049002657596,0.15351282894203805,0.038052338915462086,0.10000000600915501,0.9316945828513565
2001,1.0,20dB_nominal_difference,real,dressed_linear_chi,REJECTED_PHYSICAL,XZ,y,-0.0625,x,-0.4375,z,-0.6875,0.15404043140061494,0.2472273996407687,0.09318696824015377,0.10000000600915501,0.9316945828513565
2001,1.0,20dB_nominal_difference,real,dressed_linear_chi,REJECTED_PHYSICAL,XZ,y,-0.0625,x,-0.3125,z,-0.6875,0.22440982016802116,0.3065716109382044,0.08216179077018324,0.10000000600915501,0.9316945828513565
2001,1.0,20dB_nominal_difference,real,dressed_linear_chi,REJECTED_PHYSICAL,XZ,y,-0.0625,x,-0.1875,z,-0.6875,0.28863871102744765,0.32944485414555386,0.04080614311810621,0.10000000600915501,0.9316945828513565
2001,1.0,20dB_nominal_difference,real,dressed_linear_chi,REJECTED_PHYSICAL,XZ,y,-0.0625,x,-0.0625,z,-0.6875,0.2883854178941376,0.3188602307192821,0.030474812825144526,0.10000000600915501,0.9316945828513565
2001,1.0,20dB_nominal_difference,real,dressed_linear_chi,REJECTED_PHYSICAL,XZ,y,-0.0625,x,0.0625,z,-0.6875,0.22390934619667607,0.2818487249032364,0.05793937870656035,0.10000000600915501,0.9316945828513565
2001,1.0,20dB_nominal_difference,real,dressed_linear_chi,REJECTED_PHYSICAL,XZ,y,-0.0625,x,0.1875,z,-0.6875,0.1536786126262088,0.22819640238493274,0.07451778975872395,0.10000000600915501,0.9316945828513565
2001,1.0,20dB_nominal_difference,real,dressed_linear_chi,REJECTED_PHYSICAL,XZ,y,-0.0625,x,0.3125,z,-0.6875,0.11531580262732725,0.16901340131547588,0.05369759868814862,0.10000000600915501,0.9316945828513565
2001,1.0,20dB_nominal_difference,real,dressed_linear_chi,REJECTED_PHYSICAL,XZ,y,-0.0625,x,0.4375,z,-0.6875,0.10287822780423593,0.1153481015017435,0.012469873697507572,0.10000000600915501,0.9316945828513565
2001,1.0,20dB_nominal_difference,real,dressed_linear_chi,REJECTED_PHYSICAL,XZ,y,-0.0625,x,0.5625,z,-0.6875,0.10035628237908936,0.07739795119243917,-0.022958331186650194,0.10000000600915501,0.9316945828513565
2001,1.0,20dB_nominal_difference,real,dressed_linear_chi,REJECTED_PHYSICAL,XZ,y,-0.0625,x,0.6875,z,-0.6875,0.10002906531016559,0.07090905879246896,-0.029120006517696626,0.10000000600915501,0.9316945828513565
2001,1.0,20dB_nominal_difference,real,dressed_linear_chi,REJECTED_PHYSICAL,XZ,y,-0.0625,x,-0.6875,z,-0.5625,0.10607231156288507,0.06778461220394744,-0.03828769935893764,0.10000000600915501,0.9316945828513565
2001,1.0,20dB_nominal_difference,real,dressed_linear_chi,REJECTED_PHYSICAL,XZ,y,-0.0625,x,-0.5625,z,-0.5625,0.13222621471145993,0.17952361143206466,0.047297396720604734,0.10000000600915501,0.9316945828513565
2001,1.0,20dB_nominal_difference,real,dressed_linear_chi,REJECTED_PHYSICAL,XZ,y,-0.0625,x,-0.4375,z,-0.5625,0.2126431660706112,0.26839379192316815,0.05575062585255694,0.10000000600915501,0.9316945828513565
2001,1.0,20dB_nominal_difference,real,dressed_linear_chi,REJECTED_PHYSICAL,XZ,y,-0.0625,x,-0.3125,z,-0.5625,0.3593228011778993,0.32565670760565746,-0.03366609357224182,0.10000000600915501,0.9316945828513565
2001,1.0,20dB_nominal_difference,real,dressed_linear_chi,REJECTED_PHYSICAL,XZ,y,-0.0625,x,-0.1875,z,-0.5625,0.4932030390785944,0.3491107317495217,-0.14409230732907274,0.10000000600915501,0.9316945828513565
2001,1.0,20dB_nominal_difference,real,dressed_linear_chi,REJECTED_PHYSICAL,XZ,y,-0.0625,x,-0.0625,z,-0.5625,0.4926750979995492,0.34091406379929456,-0.15176103420025466,0.10000000600915501,0.9316945828513565
2001,1.0,20dB_nominal_difference,real,dressed_linear_chi,REJECTED_PHYSICAL,XZ,y,-0.0625,x,0.0625,z,-0.5625,0.35827977814129675,0.30696456258143706,-0.051315215559859684,0.10000000600915501,0.9316945828513565
2001,1.0,20dB_nominal_difference,real,dressed_linear_chi,REJECTED_PHYSICAL,XZ,y,-0.0625,x,0.1875,z,-0.5625,0.21188957753242552,0.2558839040065009,0.04399432647407539,0.10000000600915501,0.9316945828513565
2001,1.0,20dB_nominal_difference,real,dressed_linear_chi,REJECTED_PHYSICAL,XZ,y,-0.0625,x,0.3125,z,-0.5625,0.13192587787640483,0.19782139166764207,0.06589551379123723,0.10000000600915501,0.9316945828513565
2001,1.0,20dB_nominal_difference,real,dressed_linear_chi,REJECTED_PHYSICAL,XZ,y,-0.0625,x,0.4375,z,-0.5625,0.10600109988729495,0.14328718765554313,0.03728608776824818,0.10000000600915501,0.9316945828513565
2001,1.0,20dB_nominal_difference,real,dressed_linear_chi,REJECTED_PHYSICAL,XZ,y,-0.0625,x,0.5625,z,-0.5625,0.10074401012398494,0.10227387503302605,0.001529864909041112,0.10000000600915501,0.9316945828513565
2001,1.0,20dB_nominal_difference,real,dressed_linear_chi,REJECTED_PHYSICAL,XZ,y,-0.0625,x,0.6875,z,-0.5625,0.10006129239122362,0.08672429385407263,-0.013336998537150993,0.10000000600915501,0.9316945828513565
2001,1.0,20dB_nominal_difference,real,dressed_linear_chi,REJECTED_PHYSICAL,XZ,y,-0.0625,x,-0.6875,z,-0.4375,0.10977284609148798,0.09347816883247491,-0.01629467725901307,0.10000000600915501,0.9316945828513565
2001,1.0,20dB_nominal_difference,real,dressed_linear_chi,REJECTED_PHYSICAL,XZ,y,-0.0625,x,-0.5625,z,-0.4375,0.15186523011246558,0.19757515556314492,0.04570992545067934,0.10000000600915501,0.9316945828513565
2001,1.0,20dB_nominal_difference,real,dressed_linear_chi,REJECTED_PHYSICAL,XZ,y,-0.0625,x,-0.4375,z,-0.4375,0.28128917057122405,0.2811145117488044,-0.0001746588224196266,0.10000000600915501,0.9316945828513565
2001,1.0,20dB_nominal_difference,real,dressed_linear_chi,REJECTED_PHYSICAL,XZ,y,-0.0625,x,-0.3125,z,-0.4375,0.5173570194609473,0.3358151302385538,-0.18154188922239345,0.10000000600915501,0.9316945828513565
2001,1.0,20dB_nominal_difference,real,dressed_linear_chi,REJECTED_PHYSICAL,XZ,y,-0.0625,x,-0.1875,z,-0.4375,0.7328254356197617,0.3595139680622286,-0.3733114675575331,0.10000000600915501,0.9316945828513565
2001,1.0,20dB_nominal_difference,real,dressed_linear_chi,REJECTED_PHYSICAL,XZ,y,-0.0625,x,-0.0625,z,-0.4375,0.7319762919832448,0.3536981641918441,-0.3782781277914007,0.10000000600915501,0.9316945828513565
2001,1.0,20dB_nominal_difference,real,dressed_linear_chi,REJECTED_PHYSICAL,XZ,y,-0.0625,x,0.0625,z,-0.4375,0.515681582968196,0.3231343523964,-0.192547230571796,0.10000000600915501,0.9316945828513565
2001,1.0,20dB_nominal_difference,real,dressed_linear_chi,REJECTED_PHYSICAL,XZ,y,-0.0625,x,0.1875,z,-0.4375,0.28008716026754726,0.27511543961814056,-0.004971720649406708,0.10000000600915501,0.9316945828513565
2001,1.0,20dB_nominal_difference,real,dressed_linear_chi,REJECTED_PHYSICAL,XZ,y,-0.0625,x,0.3125,z,-0.4375,0.15140465230636926,0.2184866372211352,0.06708198491476594,0.10000000600915501,0.9316945828513565
2001,1.0,20dB_nominal_difference,real,dressed_linear_chi,REJECTED_PHYSICAL,XZ,y,-0.0625,x,0.4375,z,-0.4375,0.10968830043688305,0.1625753105788772,0.05288701014199415,0.10000000600915501,0.9316945828513565
2001,1.0,20dB_nominal_difference,real,dressed_linear_chi,REJECTED_PHYSICAL,XZ,y,-0.0625,x,0.5625,z,-0.4375,0.10122227154090518,0.11602474065357707,0.014802469112671884,0.10000000600915501,0.9316945828513565
2001,1.0,20dB_nominal_difference,real,dressed_linear_chi,REJECTED_PHYSICAL,XZ,y,-0.0625,x,0.6875,z,-0.4375,0.10011151966643468,0.08901636555830425,-0.011095154108130431,0.10000000600915501,0.9316945828513565
2001,1.0,20dB_nominal_difference,real,dressed_linear_chi,REJECTED_PHYSICAL,XZ,y,-0.0625,x,-0.6875,z,-0.3125,0.11214420370539707,0.11258047151435713,0.0004362678089600558,0.10000000600915501,0.9316945828513565
2001,1.0,20dB_nominal_difference,real,dressed_linear_chi,REJECTED_PHYSICAL,XZ,y,-0.0625,x,-0.5625,z,-0.3125,0.1644502036042143,0.20679431044455499,0.04234410684034068,0.10000000600915501,0.9316945828513565
2001,1.0,20dB_nominal_difference,real,dressed_linear_chi,REJECTED_PHYSICAL,XZ,y,-0.0625,x,-0.4375,z,-0.3125,0.3252785546943639,0.28408794800067183,-0.04119060669369207,0.10000000600915501,0.9316945828513565
2001,1.0,20dB_nominal_difference,real,dressed_linear_chi,REJECTED_PHYSICAL,XZ,y,-0.0625,x,-0.3125,z,-0.3125,0.618627754958439,0.33619454645734126,-0.28243320850109777,0.10000000600915501,0.9316945828513565
2001,1.0,20dB_nominal_difference,real,dressed_linear_chi,REJECTED_PHYSICAL,XZ,y,-0.0625,x,-0.1875,z,-0.3125,0.8863797976910598,0.3606292578267244,-0.5257505398643354,0.10000000600915501,0.9316945828513565
2001,1.0,20dB_nominal_difference,real,dressed_linear_chi,REJECTED_PHYSICAL,XZ,y,-0.0625,x,-0.0625,z,-0.3125,0.8853305904537354,0.3580774748978116,-0.5272531155559238,0.10000000600915501,0.9316945828513565
2001,1.0,20dB_nominal_difference,real,dressed_linear_chi,REJECTED_PHYSICAL,XZ,y,-0.0625,x,0.0625,z,-0.3125,0.6165820197691554,0.3320599556441647,-0.2845220641249907,0.10000000600915501,0.9316945828513565
2001,1.0,20dB_nominal_difference,real,dressed_linear_chi,REJECTED_PHYSICAL,XZ,y,-0.0625,x,0.1875,z,-0.3125,0.32390683580753876,0.2883639284369237,-0.03554290737061505,0.10000000600915501,0.9316945828513565
2001,1.0,20dB_nominal_difference,real,dressed_linear_chi,REJECTED_PHYSICAL,XZ,y,-0.0625,x,0.3125,z,-0.3125,0.16413463265473302,0.2342826696802867,0.07014803702555367,0.10000000600915501,0.9316945828513565
2001,1.0,20dB_nominal_difference,real,dressed_linear_chi,REJECTED_PHYSICAL,XZ,y,-0.0625,x,0.4375,z,-0.3125,0.11237788718970991,0.1777154414744247,0.06533755428471479,0.10000000600915501,0.9316945828513565
2001,1.0,20dB_nominal_difference,real,dressed_linear_chi,REJECTED_PHYSICAL,XZ,y,-0.0625,x,0.5625,z,-0.3125,0.10179889325449674,0.12613734338026145,0.024338450125764702,0.10000000600915501,0.9316945828513565
2001,1.0,20dB_nominal_difference,real,dressed_linear_chi,REJECTED_PHYSICAL,XZ,y,-0.0625,x,0.6875,z,-0.3125,0.1002836516556748,0.08948295263461918,-0.010800699021055613,0.10000000600915501,0.9316945828513565
2001,1.0,20dB_nominal_difference,real,dressed_linear_chi,REJECTED_PHYSICAL,XZ,y,-0.0625,x,-0.6875,z,-0.1875,0.11165193354924287,0.12273012981036181,0.011078196261118944,0.10000000600915501,0.9316945828513565
2001,1.0,20dB_nominal_difference,real,dressed_linear_chi,REJECTED_PHYSICAL,XZ,y,-0.0625,x,-0.5625,z,-0.1875,0.1618376892964568,0.20580067971184227,0.043962990415385456,0.10000000600915501,0.9316945828513565
2001,1.0,20dB_nominal_difference,real,dressed_linear_chi,REJECTED_PHYSICAL,XZ,y,-0.0625,x,-0.4375,z,-0.1875,0.3161468167065895,0.27594778170726686,-0.04019903499932265,0.10000000600915501,0.9316945828513565
2001,1.0,20dB_nominal_difference,real,dressed_linear_chi,REJECTED_PHYSICAL,XZ,y,-0.0625,x,-0.3125,z,-0.1875,0.5976053749803595,0.32522929579389975,-0.27237607918645973,0.10000000600915501,0.9316945828513565
2001,1.0,20dB_nominal_difference,real,dressed_linear_chi,REJECTED_PHYSICAL,XZ,y,-0.0625,x,-0.1875,z,-0.1875,0.8545090934455207,0.3507873683120646,-0.5037217251334561,0.10000000600915501,0.9316945828513565
2001,1.0,20dB_nominal_difference,real,dressed_linear_chi,REJECTED_PHYSICAL,XZ,y,-0.0625,x,-0.0625,z,-0.1875,0.8535440971175853,0.35242181921717985,-0.5011222779004054,0.10000000600915501,0.9316945828513565
2001,1.0,20dB_nominal_difference,real,dressed_linear_chi,REJECTED_PHYSICAL,XZ,y,-0.0625,x,0.0625,z,-0.1875,0.5958952121257558,0.3323195712174971,-0.2635756409082587,0.10000000600915501,0.9316945828513565
2001,1.0,20dB_nominal_difference,real,dressed_linear_chi,REJECTED_PHYSICAL,XZ,y,-0.0625,x,0.1875,z,-0.1875,0.31568087560700336,0.29464926933117874,-0.02103160627582462,0.10000000600915501,0.9316945828513565
2001,1.0,20dB_nominal_difference,real,dressed_linear_chi,REJECTED_PHYSICAL,XZ,y,-0.0625,x,0.3125,z,-0.1875,0.16332485453803722,0.2450222206200155,0.08169736608197828,0.10000000600915501,0.9316945828513565
2001,1.0,20dB_nominal_difference,real,dressed_linear_chi,REJECTED_PHYSICAL,XZ,y,-0.0625,x,0.4375,z,-0.1875,0.11423757594009891,0.1898339698979994,0.07559639395790048,0.10000000600915501,0.9316945828513565
2001,1.0,20dB_nominal_difference,real,dressed_linear_chi,REJECTED_PHYSICAL,XZ,y,-0.0625,x,0.5625,z,-0.1875,0.10367817561264485,0.13550884144530218,0.031830665832657326,0.10000000600915501,0.9316945828513565
2001,1.0,20dB_nominal_difference,real,dressed_linear_chi,REJECTED_PHYSICAL,XZ,y,-0.0625,x,0.6875,z,-0.1875,0.10128347098942649,0.09180148480883636,-0.009481986180590124,0.10000000600915501,0.9316945828513565
2001,1.0,20dB_nominal_difference,real,dressed_linear_chi,REJECTED_PHYSICAL,XZ,y,-0.0625,x,-0.6875,z,-0.0625,0.1086319303622552,0.12385879556964428,0.015226865207389084,0.10000000600915501,0.9316945828513565
2001,1.0,20dB_nominal_difference,real,dressed_linear_chi,REJECTED_PHYSICAL,XZ,y,-0.0625,x,-0.5625,z,-0.0625,0.14581030690719132,0.19486655736126685,0.04905625045407552,0.10000000600915501,0.9316945828513565
2001,1.0,20dB_nominal_difference,real,dressed_linear_chi,REJECTED_PHYSICAL,XZ,y,-0.0625,x,-0.4375,z,-0.0625,0.260124942599339,0.2570267136724654,-0.003098228926873614,0.10000000600915501,0.9316945828513565
2001,1.0,20dB_nominal_difference,real,dressed_linear_chi,REJECTED_PHYSICAL,XZ,y,-0.0625,x,-0.3125,z,-0.0625,0.4686354000592555,0.3030533717847113,-0.1655820282745442,0.10000000600915501,0.9316945828513565
2001,1.0,20dB_nominal_difference,real,dressed_linear_chi,REJECTED_PHYSICAL,XZ,y,-0.0625,x,-0.1875,z,-0.0625,0.658975602264724,0.32983976063683973,-0.32913584162788423,0.10000000600915501,0.9316945828513565
2001,1.0,20dB_nominal_difference,real,dressed_linear_chi,REJECTED_PHYSICAL,XZ,y,-0.0625,x,-0.0625,z,-0.0625,0.6584401254504064,0.3363416351794487,-0.3220984902709577,0.10000000600915501,0.9316945828513565
2001,1.0,20dB_nominal_difference,real,dressed_linear_chi,REJECTED_PHYSICAL,XZ,y,-0.0625,x,0.0625,z,-0.0625,0.4684559578600319,0.3234142403491234,-0.1450417175109085,0.10000000600915501,0.9316945828513565
2001,1.0,20dB_nominal_difference,real,dressed_linear_chi,REJECTED_PHYSICAL,XZ,y,-0.0625,x,0.1875,z,-0.0625,0.2634391773756436,0.2935802667876001,0.03014108941195648,0.10000000600915501,0.9316945828513565
2001,1.0,20dB_nominal_difference,real,dressed_linear_chi,REJECTED_PHYSICAL,XZ,y,-0.0625,x,0.3125,z,-0.0625,0.15461648871629483,0.2507190065042636,0.09610251778796877,0.10000000600915501,0.9316945828513565
2001,1.0,20dB_nominal_difference,real,dressed_linear_chi,REJECTED_PHYSICAL,XZ,y,-0.0625,x,0.4375,z,-0.0625,0.12071173516744532,0.19966598285197262,0.0789542476845273,0.10000000600915501,0.9316945828513565
2001,1.0,20dB_nominal_difference,real,dressed_linear_chi,REJECTED_PHYSICAL,XZ,y,-0.0625,x,0.5625,z,-0.0625,0.11112771864288029,0.14572622189693793,0.03459850325405764,0.10000000600915501,0.9316945828513565
2001,1.0,20dB_nominal_difference,real,dressed_linear_chi,REJECTED_PHYSICAL,XZ,y,-0.0625,x,0.6875,z,-0.0625,0.10530383314727672,0.0981721325486392,-0.007131700598637519,0.10000000600915501,0.9316945828513565
2001,1.0,20dB_nominal_difference,real,dressed_linear_chi,REJECTED_PHYSICAL,XZ,y,-0.0625,x,-0.6875,z,0.0625,0.10493740594683888,0.11807394333334395,0.013136537386505068,0.10000000600915501,0.9316945828513565
2001,1.0,20dB_nominal_difference,real,dressed_linear_chi,REJECTED_PHYSICAL,XZ,y,-0.0625,x,-0.5625,z,0.0625,0.12620319207139394,0.17608794136924297,0.04988474929784903,0.10000000600915501,0.9316945828513565
2001,1.0,20dB_nominal_difference,real,dressed_linear_chi,REJECTED_PHYSICAL,XZ,y,-0.0625,x,-0.4375,z,0.0625,0.1915905966188143,0.22929149714839483,0.03770090052958053,0.10000000600915501,0.9316945828513565
2001,1.0,20dB_nominal_difference,real,dressed_linear_chi,REJECTED_PHYSICAL,XZ,y,-0.0625,x,-0.3125,z,0.0625,0.31086156614461674,0.2713113488144572,-0.039550217330159565,0.10000000600915501,0.9316945828513565
2001,1.0,20dB_nominal_difference,real,dressed_linear_chi,REJECTED_PHYSICAL,XZ,y,-0.0625,x,-0.1875,z,0.0625,0.4197931908029856,0.2989742976461535,-0.12081889315683209,0.10000000600915501,0.9316945828513565
2001,1.0,20dB_nominal_difference,real,dressed_linear_chi,REJECTED_PHYSICAL,XZ,y,-0.0625,x,-0.0625,z,0.0625,0.41996236518319985,0.3105289503102717,-0.10943341487292813,0.10000000600915501,0.9316945828513565
2001,1.0,20dB_nominal_difference,real,dressed_linear_chi,REJECTED_PHYSICAL,XZ,y,-0.0625,x,0.0625,z,0.0625,0.3136409372943356,0.3055973316251571,-0.0080436056691785,0.10000000600915501,0.9316945828513565
2001,1.0,20dB_nominal_difference,real,dressed_linear_chi,REJECTED_PHYSICAL,XZ,y,-0.0625,x,0.1875,z,0.0625,0.2031844577336356,0.28511755535005656,0.08193309761642095,0.10000000600915501,0.9316945828513565
2001,1.0,20dB_nominal_difference,real,dressed_linear_chi,REJECTED_PHYSICAL,XZ,y,-0.0625,x,0.3125,z,0.0625,0.1516585841340695,0.251255608815942,0.09959702468187251,0.10000000600915501,0.9316945828513565
2001,1.0,20dB_nominal_difference,real,dressed_linear_chi,REJECTED_PHYSICAL,XZ,y,-0.0625,x,0.4375,z,0.0625,0.13878437408976096,0.20724676742009268,0.06846239333033172,0.10000000600915501,0.9316945828513565
2001,1.0,20dB_nominal_difference,real,dressed_linear_chi,REJECTED_PHYSICAL,XZ,y,-0.0625,x,0.5625,z,0.0625,0.12863419706309265,0.15713880874139055,0.028504611678297903,0.10000000600915501,0.9316945828513565
2001,1.0,20dB_nominal_difference,real,dressed_linear_chi,REJECTED_PHYSICAL,XZ,y,-0.0625,x,0.6875,z,0.0625,0.11457009000250318,0.10936825253880313,-0.005201837463700051,0.10000000600915501,0.9316945828513565
2001,1.0,20dB_nominal_difference,real,dressed_linear_chi,REJECTED_PHYSICAL,XZ,y,-0.0625,x,-0.6875,z,0.1875,0.10218057355436877,0.10885628133231298,0.006675707777944212,0.10000000600915501,0.9316945828513565
2001,1.0,20dB_nominal_difference,real,dressed_linear_chi,REJECTED_PHYSICAL,XZ,y,-0.0625,x,-0.5625,z,0.1875,0.11157248004682706,0.15279796339291318,0.041225483346086125,0.10000000600915501,0.9316945828513565
2001,1.0,20dB_nominal_difference,real,dressed_linear_chi,REJECTED_PHYSICAL,XZ,y,-0.0625,x,-0.4375,z,0.1875,0.14045073780303613,0.1958365593592235,0.055385821556187376,0.10000000600915501,0.9316945828513565
2001,1.0,20dB_nominal_difference,real,dressed_linear_chi,REJECTED_PHYSICAL,XZ,y,-0.0625,x,-0.3125,z,0.1875,0.19313313446591374,0.23268138073536754,0.0395482462694538,0.10000000600915501,0.9316945828513565
2001,1.0,20dB_nominal_difference,real,dressed_linear_chi,REJECTED_PHYSICAL,XZ,y,-0.0625,x,-0.1875,z,0.1875,0.24133684521131243,0.26028988808139747,0.018953042870085035,0.10000000600915501,0.9316945828513565
2001,1.0,20dB_nominal_difference,real,dressed_linear_chi,REJECTED_PHYSICAL,XZ,y,-0.0625,x,-0.0625,z,0.1875,0.24218420132429894,0.276400915889332,0.034216714565033085,0.10000000600915501,0.9316945828513565
2001,1.0,20dB_nominal_difference,real,dressed_linear_chi,REJECTED_PHYSICAL,XZ,y,-0.0625,x,0.0625,z,0.1875,0.19904397316173364,0.27957925594798205,0.08053528278624841,0.10000000600915501,0.9316945828513565
2001,1.0,20dB_nominal_difference,real,dressed_linear_chi,REJECTED_PHYSICAL,XZ,y,-0.0625,x,0.1875,z,0.1875,0.16133083934880801,0.2693197168586786,0.1079888775098706,0.10000000600915501,0.9316945828513565
2001,1.0,20dB_nominal_difference,real,dressed_linear_chi,REJECTED_PHYSICAL,XZ,y,-0.0625,x,0.3125,z,0.1875,0.15599501697094545,0.24616877598231132,0.09017375901136587,0.10000000600915501,0.9316945828513565
2001,1.0,20dB_nominal_difference,real,dressed_linear_chi,REJECTED_PHYSICAL,XZ,y,-0.0625,x,0.4375,z,0.1875,0.16090289062399823,0.2117814833464768,0.05087859272247858,0.10000000600915501,0.9316945828513565
2001,1.0,20dB_nominal_difference,real,dressed_linear_chi,REJECTED_PHYSICAL,XZ,y,-0.0625,x,0.5625,z,0.1875,0.14883420192243652,0.1688403910228619,0.020006189100425398,0.10000000600915501,0.9316945828513565
2001,1.0,20dB_nominal_difference,real,dressed_linear_chi,REJECTED_PHYSICAL,XZ,y,-0.0625,x,0.6875,z,0.1875,0.12518164673651522,0.12463180642809077,-0.0005498403084244485,0.10000000600915501,0.9316945828513565
2001,1.0,20dB_nominal_difference,real,dressed_linear_chi,REJECTED_PHYSICAL,XZ,y,-0.0625,x,-0.6875,z,0.3125,0.1007435731248137,0.09990658015396173,-0.0008369929708519769,0.10000000600915501,0.9316945828513565
2001,1.0,20dB_nominal_difference,real,dressed_linear_chi,REJECTED_PHYSICAL,XZ,y,-0.0625,x,-0.5625,z,0.3125,0.10394621150546675,0.12860433093021154,0.024658119424744787,0.10000000600915501,0.9316945828513565
2001,1.0,20dB_nominal_difference,real,dressed_linear_chi,REJECTED_PHYSICAL,XZ,y,-0.0625,x,-0.4375,z,0.3125,0.11379399302796561,0.1600847591990697,0.046290766171104086,0.10000000600915501,0.9316945828513565
2001,1.0,20dB_nominal_difference,real,dressed_linear_chi,REJECTED_PHYSICAL,XZ,y,-0.0625,x,-0.3125,z,0.3125,0.13176570126692927,0.1902029806170259,0.05843727935009663,0.10000000600915501,0.9316945828513565
2001,1.0,20dB_nominal_difference,real,dressed_linear_chi,REJECTED_PHYSICAL,XZ,y,-0.0625,x,-0.1875,z,0.3125,0.1482969383158086,0.21624767777787998,0.06795073946207139,0.10000000600915501,0.9316945828513565
2001,1.0,20dB_nominal_difference,real,dressed_linear_chi,REJECTED_PHYSICAL,XZ,y,-0.0625,x,-0.0625,z,0.3125,0.1493509123910043,0.23568492108949177,0.08633400869848748,0.10000000600915501,0.9316945828513565
2001,1.0,20dB_nominal_difference,real,dressed_linear_chi,REJECTED_PHYSICAL,XZ,y,-0.0625,x,0.0625,z,0.3125,0.1384184813435622,0.24624830949184126,0.10782982814827907,0.10000000600915501,0.9316945828513565
2001,1.0,20dB_nominal_difference,real,dressed_linear_chi,REJECTED_PHYSICAL,XZ,y,-0.0625,x,0.1875,z,0.3125,0.13651851186502503,0.24618657714684808,0.10966806528182305,0.10000000600915501,0.9316945828513565
2001,1.0,20dB_nominal_difference,real,dressed_linear_chi,REJECTED_PHYSICAL,XZ,y,-0.0625,x,0.3125,z,0.3125,0.15194756578828378,0.23459220925408228,0.0826446434657985,0.10000000600915501,0.9316945828513565
2001,1.0,20dB_nominal_difference,real,dressed_linear_chi,REJECTED_PHYSICAL,XZ,y,-0.0625,x,0.4375,z,0.3125,0.1641104250991271,0.21166743041765948,0.04755700531853238,0.10000000600915501,0.9316945828513565
2001,1.0,20dB_nominal_difference,real,dressed_linear_chi,REJECTED_PHYSICAL,XZ,y,-0.0625,x,0.5625,z,0.3125,0.15248385036603143,0.17876237057108024,0.02627852020504881,0.10000000600915501,0.9316945828513565
2001,1.0,20dB_nominal_difference,real,dressed_linear_chi,REJECTED_PHYSICAL,XZ,y,-0.0625,x,0.6875,z,0.3125,0.12714901436724077,0.1418151083890874,0.014666094021846626,0.10000000600915501,0.9316945828513565
2001,1.0,20dB_nominal_difference,real,dressed_linear_chi,REJECTED_PHYSICAL,XZ,y,-0.0625,x,-0.6875,z,0.4375,0.10019577522434044,0.09390803051258308,-0.006287744711757359,0.10000000600915501,0.9316945828513565
2001,1.0,20dB_nominal_difference,real,dressed_linear_chi,REJECTED_PHYSICAL,XZ,y,-0.0625,x,-0.5625,z,0.4375,0.10103900254906549,0.10637718156837832,0.005338179019312828,0.10000000600915501,0.9316945828513565
2001,1.0,20dB_nominal_difference,real,dressed_linear_chi,REJECTED_PHYSICAL,XZ,y,-0.0625,x,-0.4375,z,0.4375,0.10363201899043296,0.12495995377057345,0.021327934780140487,0.10000000600915501,0.9316945828513565
2001,1.0,20dB_nominal_difference,real,dressed_linear_chi,REJECTED_PHYSICAL,XZ,y,-0.0625,x,-0.3125,z,0.4375,0.10836800822145884,0.14659876525661195,0.03823075703515311,0.10000000600915501,0.9316945828513565
2001,1.0,20dB_nominal_difference,real,dressed_linear_chi,REJECTED_PHYSICAL,XZ,y,-0.0625,x,-0.1875,z,0.4375,0.11277653713764532,0.16915290285943282,0.0563763657217875,0.10000000600915501,0.9316945828513565
2001,1.0,20dB_nominal_difference,real,dressed_linear_chi,REJECTED_PHYSICAL,XZ,y,-0.0625,x,-0.0625,z,0.4375,0.11351082863467063,0.19008317388904294,0.07657234525437231,0.10000000600915501,0.9316945828513565
2001,1.0,20dB_nominal_difference,real,dressed_linear_chi,REJECTED_PHYSICAL,XZ,y,-0.0625,x,0.0625,z,0.4375,0.1128884445114052,0.2065302122046187,0.0936417676932135,0.10000000600915501,0.9316945828513565
2001,1.0,20dB_nominal_difference,real,dressed_linear_chi,REJECTED_PHYSICAL,XZ,y,-0.0625,x,0.1875,z,0.4375,0.1189324241042333,0.2157023487956457,0.0967699246914124,0.10000000600915501,0.9316945828513565
2001,1.0,20dB_nominal_difference,real,dressed_linear_chi,REJECTED_PHYSICAL,XZ,y,-0.0625,x,0.3125,z,0.4375,0.13329370703991425,0.21542920953690664,0.08213550249699239,0.10000000600915501,0.9316945828513565
2001,1.0,20dB_nominal_difference,real,dressed_linear_chi,REJECTED_PHYSICAL,XZ,y,-0.0625,x,0.4375,z,0.4375,0.1427591236510871,0.20469553488890796,0.06193641123782087,0.10000000600915501,0.9316945828513565
2001,1.0,20dB_nominal_difference,real,dressed_linear_chi,REJECTED_PHYSICAL,XZ,y,-0.0625,x,0.5625,z,0.4375,0.13521311207798298,0.18386672945611687,0.048653617378133895,0.10000000600915501,0.9316945828513565
2001,1.0,20dB_nominal_difference,real,dressed_linear_chi,REJECTED_PHYSICAL,XZ,y,-0.0625,x,0.6875,z,0.4375,0.11823133133149435,0.15776523566038733,0.03953390432889298,0.10000000600915501,0.9316945828513565
2001,1.0,20dB_nominal_difference,real,dressed_linear_chi,REJECTED_PHYSICAL,XZ,y,-0.0625,x,-0.6875,z,0.5625,0.10003979906963714,0.09137359243657871,-0.008666206633058435,0.10000000600915501,0.9316945828513565
2001,1.0,20dB_nominal_difference,real,dressed_linear_chi,REJECTED_PHYSICAL,XZ,y,-0.0625,x,-0.5625,z,0.5625,0.10021122029394101,0.08753970224753446,-0.012671518046406552,0.10000000600915501,0.9316945828513565
2001,1.0,20dB_nominal_difference,real,dressed_linear_chi,REJECTED_PHYSICAL,XZ,y,-0.0625,x,-0.4375,z,0.5625,0.1007384228546481,0.09229455937829115,-0.00844386347635695,0.10000000600915501,0.9316945828513565
2001,1.0,20dB_nominal_difference,real,dressed_linear_chi,REJECTED_PHYSICAL,XZ,y,-0.0625,x,-0.3125,z,0.5625,0.1017026922759844,0.10376617154802545,0.0020634792720410494,0.10000000600915501,0.9316945828513565
2001,1.0,20dB_nominal_difference,real,dressed_linear_chi,REJECTED_PHYSICAL,XZ,y,-0.0625,x,-0.1875,z,0.5625,0.10261869982254043,0.12079676999492148,0.018178070172381045,0.10000000600915501,0.9316945828513565
2001,1.0,20dB_nominal_difference,real,dressed_linear_chi,REJECTED_PHYSICAL,XZ,y,-0.0625,x,-0.0625,z,0.5625,0.10292941156573532,0.1411091499736949,0.038179738407959574,0.10000000600915501,0.9316945828513565
2001,1.0,20dB_nominal_difference,real,dressed_linear_chi,REJECTED_PHYSICAL,XZ,y,-0.0625,x,0.0625,z,0.5625,0.10360020211361072,0.16144835414746417,0.05784815203385345,0.10000000600915501,0.9316945828513565
2001,1.0,20dB_nominal_difference,real,dressed_linear_chi,REJECTED_PHYSICAL,XZ,y,-0.0625,x,0.1875,z,0.5625,0.10714172335868354,0.1781355536699227,0.07099383031123917,0.10000000600915501,0.9316945828513565
2001,1.0,20dB_nominal_difference,real,dressed_linear_chi,REJECTED_PHYSICAL,XZ,y,-0.0625,x,0.3125,z,0.5625,0.11370105986400392,0.18784668889715395,0.07414562903315003,0.10000000600915501,0.9316945828513565
2001,1.0,20dB_nominal_difference,real,dressed_linear_chi,REJECTED_PHYSICAL,XZ,y,-0.0625,x,0.4375,z,0.5625,0.11783875597094998,0.18849819532888826,0.07065943935793828,0.10000000600915501,0.9316945828513565
2001,1.0,20dB_nominal_difference,real,dressed_linear_chi,REJECTED_PHYSICAL,XZ,y,-0.0625,x,0.5625,z,0.5625,0.11471970445327126,0.18012892582407292,0.06540922137080166,0.10000000600915501,0.9316945828513565
2001,1.0,20dB_nominal_difference,real,dressed_linear_chi,REJECTED_PHYSICAL,XZ,y,-0.0625,x,0.6875,z,0.5625,0.1076232633353142,0.16849242088224742,0.060869157546933214,0.10000000600915501,0.9316945828513565
2001,1.0,20dB_nominal_difference,real,dressed_linear_chi,REJECTED_PHYSICAL,XZ,y,-0.0625,x,-0.6875,z,0.6875,0.1000062469667634,0.09016097805051787,-0.009845268916245528,0.10000000600915501,0.9316945828513565
2001,1.0,20dB_nominal_difference,real,dressed_linear_chi,REJECTED_PHYSICAL,XZ,y,-0.0625,x,-0.5625,z,0.6875,0.10003315406925006,0.07245238253340516,-0.0275807715358449,0.10000000600915501,0.9316945828513565
2001,1.0,20dB_nominal_difference,real,dressed_linear_chi,REJECTED_PHYSICAL,XZ,y,-0.0625,x,-0.4375,z,0.6875,0.10011591910464171,0.062176280118083335,-0.037939638986558374,0.10000000600915501,0.9316945828513565
2001,1.0,20dB_nominal_difference,real,dressed_linear_chi,REJECTED_PHYSICAL,XZ,y,-0.0625,x,-0.3125,z,0.6875,0.10026757356203281,0.061394675447148314,-0.038872898114884494,0.10000000600915501,0.9316945828513565
2001,1.0,20dB_nominal_difference,real,dressed_linear_chi,REJECTED_PHYSICAL,XZ,y,-0.0625,x,-0.1875,z,0.6875,0.1004153361485698,0.07046120391547932,-0.029954132233090486,0.10000000600915501,0.9316945828513565
2001,1.0,20dB_nominal_difference,real,dressed_linear_chi,REJECTED_PHYSICAL,XZ,y,-0.0625,x,-0.0625,z,0.6875,0.10049658750101519,0.08755453962956755,-0.012942047871447634,0.10000000600915501,0.9316945828513565
2001,1.0,20dB_nominal_difference,real,dressed_linear_chi,REJECTED_PHYSICAL,XZ,y,-0.0625,x,0.0625,z,0.6875,0.10076229584922132,0.1092089202992336,0.008446624450012277,0.10000000600915501,0.9316945828513565
2001,1.0,20dB_nominal_difference,real,dressed_linear_chi,REJECTED_PHYSICAL,XZ,y,-0.0625,x,0.1875,z,0.6875,0.10178352509207676,0.1310086637306821,0.029225138638605333,0.10000000600915501,0.9316945828513565
2001,1.0,20dB_nominal_difference,real,dressed_linear_chi,REJECTED_PHYSICAL,XZ,y,-0.0625,x,0.3125,z,0.6875,0.1035454290085949,0.14848163500013528,0.044936205991540384,0.10000000600915501,0.9316945828513565
2001,1.0,20dB_nominal_difference,real,dressed_linear_chi,REJECTED_PHYSICAL,XZ,y,-0.0625,x,0.4375,z,0.6875,0.10464024269122302,0.1581458738542898,0.05350563116306678,0.10000000600915501,0.9316945828513565
2001,1.0,20dB_nominal_difference,real,dressed_linear_chi,REJECTED_PHYSICAL,XZ,y,-0.0625,x,0.5625,z,0.6875,0.10383176183806127,0.15900735640623237,0.0551755945681711,0.10000000600915501,0.9316945828513565
2001,1.0,20dB_nominal_difference,real,dressed_linear_chi,REJECTED_PHYSICAL,XZ,y,-0.0625,x,0.6875,z,0.6875,0.1019846703829208,0.1618371865189593,0.05985251613603848,0.10000000600915501,0.9316945828513565
2001,1.0,20dB_nominal_difference,real,dressed_linear_chi,REJECTED_PHYSICAL,YZ,x,-0.0625,y,-0.6875,z,-0.6875,0.1025812914718184,0.08433768969920999,-0.018243601772608406,0.10000000600915501,0.9316945828513565
2001,1.0,20dB_nominal_difference,real,dressed_linear_chi,REJECTED_PHYSICAL,YZ,x,-0.0625,y,-0.5625,z,-0.6875,0.11038274032687102,0.1393395362497592,0.028956795922888176,0.10000000600915501,0.9316945828513565
2001,1.0,20dB_nominal_difference,real,dressed_linear_chi,REJECTED_PHYSICAL,YZ,x,-0.0625,y,-0.4375,z,-0.6875,0.13197941306849825,0.19654426520102988,0.06456485213253163,0.10000000600915501,0.9316945828513565
2001,1.0,20dB_nominal_difference,real,dressed_linear_chi,REJECTED_PHYSICAL,YZ,x,-0.0625,y,-0.3125,z,-0.6875,0.17542451660236377,0.2502306353232606,0.07480611872089685,0.10000000600915501,0.9316945828513565
2001,1.0,20dB_nominal_difference,real,dressed_linear_chi,REJECTED_PHYSICAL,YZ,x,-0.0625,y,-0.1875,z,-0.6875,0.23621913964066735,0.2930621825083184,0.056843042867651045,0.10000000600915501,0.9316945828513565
2001,1.0,20dB_nominal_difference,real,dressed_linear_chi,REJECTED_PHYSICAL,YZ,x,-0.0625,y,-0.0625,z,-0.6875,0.2883854178941376,0.3188602307192821,0.030474812825144526,0.10000000600915501,0.9316945828513565
2001,1.0,20dB_nominal_difference,real,dressed_linear_chi,REJECTED_PHYSICAL,YZ,x,-0.0625,y,0.0625,z,-0.6875,0.2994986646854076,0.3237522336660981,0.024253568980690532,0.10000000600915501,0.9316945828513565
2001,1.0,20dB_nominal_difference,real,dressed_linear_chi,REJECTED_PHYSICAL,YZ,x,-0.0625,y,0.1875,z,-0.6875,0.26177681887447823,0.30699384532308327,0.045217026448605036,0.10000000600915501,0.9316945828513565
2001,1.0,20dB_nominal_difference,real,dressed_linear_chi,REJECTED_PHYSICAL,YZ,x,-0.0625,y,0.3125,z,-0.6875,0.20045608460078157,0.27128114763533856,0.07082506303455699,0.10000000600915501,0.9316945828513565
2001,1.0,20dB_nominal_difference,real,dressed_linear_chi,REJECTED_PHYSICAL,YZ,x,-0.0625,y,0.4375,z,-0.6875,0.14776612110937076,0.22244009047222957,0.0746739693628588,0.10000000600915501,0.9316945828513565
2001,1.0,20dB_nominal_difference,real,dressed_linear_chi,REJECTED_PHYSICAL,YZ,x,-0.0625,y,0.5625,z,-0.6875,0.11739192145340481,0.1685300631249176,0.0511381416715128,0.10000000600915501,0.9316945828513565
2001,1.0,20dB_nominal_difference,real,dressed_linear_chi,REJECTED_PHYSICAL,YZ,x,-0.0625,y,0.6875,z,-0.6875,0.10484907524445315,0.1216491982326168,0.01680012298816365,0.10000000600915501,0.9316945828513565
2001,1.0,20dB_nominal_difference,real,dressed_linear_chi,REJECTED_PHYSICAL,YZ,x,-0.0625,y,-0.6875,z,-0.5625,0.10538050560233012,0.10578726072831152,0.0004067551259814006,0.10000000600915501,0.9316945828513565
2001,1.0,20dB_nominal_difference,real,dressed_linear_chi,REJECTED_PHYSICAL,YZ,x,-0.0625,y,-0.5625,z,-0.5625,0.12164203194667005,0.16286245019779733,0.04122041825112728,0.10000000600915501,0.9316945828513565
2001,1.0,20dB_nominal_difference,real,dressed_linear_chi,REJECTED_PHYSICAL,YZ,x,-0.0625,y,-0.4375,z,-0.5625,0.16665865249040665,0.2201966971294205,0.05353804463901385,0.10000000600915501,0.9316945828513565
2001,1.0,20dB_nominal_difference,real,dressed_linear_chi,REJECTED_PHYSICAL,YZ,x,-0.0625,y,-0.3125,z,-0.5625,0.2572166642687925,0.27341764985804284,0.016200985589250316,0.10000000600915501,0.9316945828513565
2001,1.0,20dB_nominal_difference,real,dressed_linear_chi,REJECTED_PHYSICAL,YZ,x,-0.0625,y,-0.1875,z,-0.5625,0.3839384319653877,0.31566107427556034,-0.06827735768982734,0.10000000600915501,0.9316945828513565
2001,1.0,20dB_nominal_difference,real,dressed_linear_chi,REJECTED_PHYSICAL,YZ,x,-0.0625,y,-0.0625,z,-0.5625,0.4926750979995492,0.34091406379929456,-0.15176103420025466,0.10000000600915501,0.9316945828513565
2001,1.0,20dB_nominal_difference,real,dressed_linear_chi,REJECTED_PHYSICAL,YZ,x,-0.0625,y,0.0625,z,-0.5625,0.515839972613295,0.34531272962429127,-0.17052724298900368,0.10000000600915501,0.9316945828513565
2001,1.0,20dB_nominal_difference,real,dressed_linear_chi,REJECTED_PHYSICAL,YZ,x,-0.0625,y,0.1875,z,-0.5625,0.4372121327440376,0.32804304001601914,-0.10916909272801845,0.10000000600915501,0.9316945828513565
2001,1.0,20dB_nominal_difference,real,dressed_linear_chi,REJECTED_PHYSICAL,YZ,x,-0.0625,y,0.3125,z,-0.5625,0.30939447971655887,0.29176131641942593,-0.017633163297132937,0.10000000600915501,0.9316945828513565
2001,1.0,20dB_nominal_difference,real,dressed_linear_chi,REJECTED_PHYSICAL,YZ,x,-0.0625,y,0.4375,z,-0.5625,0.19956667132929443,0.24252890332651508,0.04296223199722066,0.10000000600915501,0.9316945828513565
2001,1.0,20dB_nominal_difference,real,dressed_linear_chi,REJECTED_PHYSICAL,YZ,x,-0.0625,y,0.5625,z,-0.5625,0.13625356649781037,0.1895670222291152,0.05331345573130483,0.10000000600915501,0.9316945828513565
2001,1.0,20dB_nominal_difference,real,dressed_linear_chi,REJECTED_PHYSICAL,YZ,x,-0.0625,y,0.6875,z,-0.5625,0.11010820732763518,0.14691125928947857,0.036803051961843386,0.10000000600915501,0.9316945828513565
2001,1.0,20dB_nominal_difference,real,dressed_linear_chi,REJECTED_PHYSICAL,YZ,x,-0.0625,y,-0.6875,z,-0.4375,0.10865944584711634,0.12370386262561234,0.015044416778495995,0.10000000600915501,0.9316945828513565
2001,1.0,20dB_nominal_difference,real,dressed_linear_chi,REJECTED_PHYSICAL,YZ,x,-0.0625,y,-0.5625,z,-0.4375,0.13483092808252928,0.1787004198929194,0.04386949181039013,0.10000000600915501,0.9316945828513565
2001,1.0,20dB_nominal_difference,real,dressed_linear_chi,REJECTED_PHYSICAL,YZ,x,-0.0625,y,-0.4375,z,-0.4375,0.20728118042856825,0.23453562980043177,0.027254449371863526,0.10000000600915501,0.9316945828513565
2001,1.0,20dB_nominal_difference,real,dressed_linear_chi,REJECTED_PHYSICAL,YZ,x,-0.0625,y,-0.3125,z,-0.4375,0.35302626050981933,0.2866510941318205,-0.06637516637799884,0.10000000600915501,0.9316945828513565
2001,1.0,20dB_nominal_difference,real,dressed_linear_chi,REJECTED_PHYSICAL,YZ,x,-0.0625,y,-0.1875,z,-0.4375,0.5569737488199646,0.3283374814678348,-0.22863626735212983,0.10000000600915501,0.9316945828513565
2001,1.0,20dB_nominal_difference,real,dressed_linear_chi,REJECTED_PHYSICAL,YZ,x,-0.0625,y,-0.0625,z,-0.4375,0.7319762919832448,0.3536981641918441,-0.3782781277914007,0.10000000600915501,0.9316945828513565
2001,1.0,20dB_nominal_difference,real,dressed_linear_chi,REJECTED_PHYSICAL,YZ,x,-0.0625,y,0.0625,z,-0.4375,0.7692609651479717,0.35883346659000426,-0.41042749855796745,0.10000000600915501,0.9316945828513565
2001,1.0,20dB_nominal_difference,real,dressed_linear_chi,REJECTED_PHYSICAL,YZ,x,-0.0625,y,0.1875,z,-0.4375,0.6427251081600341,0.3427526111272293,-0.2999724970328048,0.10000000600915501,0.9316945828513565
2001,1.0,20dB_nominal_difference,real,dressed_linear_chi,REJECTED_PHYSICAL,YZ,x,-0.0625,y,0.3125,z,-0.4375,0.43702759277864167,0.307857413759675,-0.12917017901896666,0.10000000600915501,0.9316945828513565
2001,1.0,20dB_nominal_difference,real,dressed_linear_chi,REJECTED_PHYSICAL,YZ,x,-0.0625,y,0.4375,z,-0.4375,0.26027694866188095,0.2599468085076031,-0.00033014015427784704,0.10000000600915501,0.9316945828513565
2001,1.0,20dB_nominal_difference,real,dressed_linear_chi,REJECTED_PHYSICAL,YZ,x,-0.0625,y,0.5625,z,-0.4375,0.1583729007198992,0.2077792023694347,0.049406301649535495,0.10000000600915501,0.9316945828513565
2001,1.0,20dB_nominal_difference,real,dressed_linear_chi,REJECTED_PHYSICAL,YZ,x,-0.0625,y,0.6875,z,-0.4375,0.11628061118783177,0.1633543761131663,0.047073764925334535,0.10000000600915501,0.9316945828513565
2001,1.0,20dB_nominal_difference,real,dressed_linear_chi,REJECTED_PHYSICAL,YZ,x,-0.0625,y,-0.6875,z,-0.3125,0.11076063956728796,0.13648191700682677,0.02572127743953881,0.10000000600915501,0.9316945828513565
2001,1.0,20dB_nominal_difference,real,dressed_linear_chi,REJECTED_PHYSICAL,YZ,x,-0.0625,y,-0.5625,z,-0.3125,0.14328256909803702,0.18788999030033668,0.04460742120229966,0.10000000600915501,0.9316945828513565
2001,1.0,20dB_nominal_difference,real,dressed_linear_chi,REJECTED_PHYSICAL,YZ,x,-0.0625,y,-0.4375,z,-0.3125,0.2333127027438409,0.24102815156454238,0.007715448820701493,0.10000000600915501,0.9316945828513565
2001,1.0,20dB_nominal_difference,real,dressed_linear_chi,REJECTED_PHYSICAL,YZ,x,-0.0625,y,-0.3125,z,-0.3125,0.4144225198898245,0.29136972374594844,-0.12305279614387604,0.10000000600915501,0.9316945828513565
2001,1.0,20dB_nominal_difference,real,dressed_linear_chi,REJECTED_PHYSICAL,YZ,x,-0.0625,y,-0.1875,z,-0.3125,0.667858042827263,0.332326109679556,-0.335531933147707,0.10000000600915501,0.9316945828513565
2001,1.0,20dB_nominal_difference,real,dressed_linear_chi,REJECTED_PHYSICAL,YZ,x,-0.0625,y,-0.0625,z,-0.3125,0.8853305904537354,0.3580774748978116,-0.5272531155559238,0.10000000600915501,0.9316945828513565
2001,1.0,20dB_nominal_difference,real,dressed_linear_chi,REJECTED_PHYSICAL,YZ,x,-0.0625,y,0.0625,z,-0.3125,0.9316945828513565,0.36465094426694544,-0.5670436385844111,0.10000000600915501,0.9316945828513565
2001,1.0,20dB_nominal_difference,real,dressed_linear_chi,REJECTED_PHYSICAL,YZ,x,-0.0625,y,0.1875,z,-0.3125,0.7745527641059846,0.35079342816554515,-0.42375933594043946,0.10000000600915501,0.9316945828513565
2001,1.0,20dB_nominal_difference,real,dressed_linear_chi,REJECTED_PHYSICAL,YZ,x,-0.0625,y,0.3125,z,-0.3125,0.5190969761507854,0.3184546424592912,-0.2006423336914942,0.10000000600915501,0.9316945828513565
2001,1.0,20dB_nominal_difference,real,dressed_linear_chi,REJECTED_PHYSICAL,YZ,x,-0.0625,y,0.4375,z,-0.3125,0.29954224890166353,0.27276911596506365,-0.026773132936599886,0.10000000600915501,0.9316945828513565
2001,1.0,20dB_nominal_difference,real,dressed_linear_chi,REJECTED_PHYSICAL,YZ,x,-0.0625,y,0.5625,z,-0.3125,0.17282996911919932,0.22147330666618897,0.04864333754698966,0.10000000600915501,0.9316945828513565
2001,1.0,20dB_nominal_difference,real,dressed_linear_chi,REJECTED_PHYSICAL,YZ,x,-0.0625,y,0.6875,z,-0.3125,0.12037021139817236,0.17514615624045993,0.054775944842287566,0.10000000600915501,0.9316945828513565
2001,1.0,20dB_nominal_difference,real,dressed_linear_chi,REJECTED_PHYSICAL,YZ,x,-0.0625,y,-0.6875,z,-0.1875,0.1103244527326528,0.14227337283648847,0.03194892010383567,0.10000000600915501,0.9316945828513565
2001,1.0,20dB_nominal_difference,real,dressed_linear_chi,REJECTED_PHYSICAL,YZ,x,-0.0625,y,-0.5625,z,-0.1875,0.14152809309676004,0.18922960491061175,0.04770151181385171,0.10000000600915501,0.9316945828513565
2001,1.0,20dB_nominal_difference,real,dressed_linear_chi,REJECTED_PHYSICAL,YZ,x,-0.0625,y,-0.4375,z,-0.1875,0.2279088311795499,0.2387787860050996,0.0108699548255497,0.10000000600915501,0.9316945828513565
2001,1.0,20dB_nominal_difference,real,dressed_linear_chi,REJECTED_PHYSICAL,YZ,x,-0.0625,y,-0.3125,z,-0.1875,0.40167759405322156,0.2865941655212203,-0.11508342853200126,0.10000000600915501,0.9316945828513565
2001,1.0,20dB_nominal_difference,real,dressed_linear_chi,REJECTED_PHYSICAL,YZ,x,-0.0625,y,-0.1875,z,-0.1875,0.6448446550286767,0.3263686270953384,-0.3184760279333383,0.10000000600915501,0.9316945828513565
2001,1.0,20dB_nominal_difference,real,dressed_linear_chi,REJECTED_PHYSICAL,YZ,x,-0.0625,y,-0.0625,z,-0.1875,0.8535440971175853,0.35242181921717985,-0.5011222779004054,0.10000000600915501,0.9316945828513565
2001,1.0,20dB_nominal_difference,real,dressed_linear_chi,REJECTED_PHYSICAL,YZ,x,-0.0625,y,0.0625,z,-0.1875,0.8982537551954825,0.3607189199180608,-0.5375348352774216,0.10000000600915501,0.9316945828513565
2001,1.0,20dB_nominal_difference,real,dressed_linear_chi,REJECTED_PHYSICAL,YZ,x,-0.0625,y,0.1875,z,-0.1875,0.7481625430443589,0.34969931696523315,-0.39846322607912577,0.10000000600915501,0.9316945828513565
2001,1.0,20dB_nominal_difference,real,dressed_linear_chi,REJECTED_PHYSICAL,YZ,x,-0.0625,y,0.3125,z,-0.1875,0.5041334666461728,0.3207412689601571,-0.18339219768601567,0.10000000600915501,0.9316945828513565
2001,1.0,20dB_nominal_difference,real,dressed_linear_chi,REJECTED_PHYSICAL,YZ,x,-0.0625,y,0.4375,z,-0.1875,0.2940643035725588,0.2781395058956685,-0.015924797676890312,0.10000000600915501,0.9316945828513565
2001,1.0,20dB_nominal_difference,real,dressed_linear_chi,REJECTED_PHYSICAL,YZ,x,-0.0625,y,0.5625,z,-0.1875,0.17192049086606648,0.2285454869952661,0.056624996129199634,0.10000000600915501,0.9316945828513565
2001,1.0,20dB_nominal_difference,real,dressed_linear_chi,REJECTED_PHYSICAL,YZ,x,-0.0625,y,0.6875,z,-0.1875,0.12051452412837248,0.18146092056185956,0.06094639643348708,0.10000000600915501,0.9316945828513565
2001,1.0,20dB_nominal_difference,real,dressed_linear_chi,REJECTED_PHYSICAL,YZ,x,-0.0625,y,-0.6875,z,-0.0625,0.10764851227651129,0.14079292415780958,0.0331444118812983,0.10000000600915501,0.9316945828513565
2001,1.0,20dB_nominal_difference,real,dressed_linear_chi,REJECTED_PHYSICAL,YZ,x,-0.0625,y,-0.5625,z,-0.0625,0.13076464682421354,0.18270384340562457,0.05193919658141102,0.10000000600915501,0.9316945828513565
2001,1.0,20dB_nominal_difference,real,dressed_linear_chi,REJECTED_PHYSICAL,YZ,x,-0.0625,y,-0.4375,z,-0.0625,0.19475686843627962,0.22794887670355526,0.03319200826727564,0.10000000600915501,0.9316945828513565
2001,1.0,20dB_nominal_difference,real,dressed_linear_chi,REJECTED_PHYSICAL,YZ,x,-0.0625,y,-0.3125,z,-0.0625,0.3234887335904522,0.27246373975071625,-0.051024993839735966,0.10000000600915501,0.9316945828513565
2001,1.0,20dB_nominal_difference,real,dressed_linear_chi,REJECTED_PHYSICAL,YZ,x,-0.0625,y,-0.1875,z,-0.0625,0.5036506148217931,0.3104001573722154,-0.1932504574495777,0.10000000600915501,0.9316945828513565
2001,1.0,20dB_nominal_difference,real,dressed_linear_chi,REJECTED_PHYSICAL,YZ,x,-0.0625,y,-0.0625,z,-0.0625,0.6584401254504064,0.3363416351794487,-0.3220984902709577,0.10000000600915501,0.9316945828513565
2001,1.0,20dB_nominal_difference,real,dressed_linear_chi,REJECTED_PHYSICAL,YZ,x,-0.0625,y,0.0625,z,-0.0625,0.6925304012585348,0.34626684085059917,-0.34626356040793566,0.10000000600915501,0.9316945828513565
2001,1.0,20dB_nominal_difference,real,dressed_linear_chi,REJECTED_PHYSICAL,YZ,x,-0.0625,y,0.1875,z,-0.0625,0.5842709100242653,0.3383364305829964,-0.24593447944126895,0.10000000600915501,0.9316945828513565
2001,1.0,20dB_nominal_difference,real,dressed_linear_chi,REJECTED_PHYSICAL,YZ,x,-0.0625,y,0.3125,z,-0.0625,0.4081034051787672,0.3133438443986225,-0.09475956078014469,0.10000000600915501,0.9316945828513565
2001,1.0,20dB_nominal_difference,real,dressed_linear_chi,REJECTED_PHYSICAL,YZ,x,-0.0625,y,0.4375,z,-0.0625,0.255002531880477,0.2747171759186291,0.019714644038152096,0.10000000600915501,0.9316945828513565
2001,1.0,20dB_nominal_difference,real,dressed_linear_chi,REJECTED_PHYSICAL,YZ,x,-0.0625,y,0.5625,z,-0.0625,0.16207226151280418,0.22804622629878207,0.06597396478597789,0.10000000600915501,0.9316945828513565
2001,1.0,20dB_nominal_difference,real,dressed_linear_chi,REJECTED_PHYSICAL,YZ,x,-0.0625,y,0.6875,z,-0.0625,0.11937276688178071,0.18180309147152895,0.062430324589748246,0.10000000600915501,0.9316945828513565
2001,1.0,20dB_nominal_difference,real,dressed_linear_chi,REJECTED_PHYSICAL,YZ,x,-0.0625,y,-0.6875,z,0.0625,0.1043748973846422,0.13294618307478523,0.028571285690143028,0.10000000600915501,0.9316945828513565
2001,1.0,20dB_nominal_difference,real,dressed_linear_chi,REJECTED_PHYSICAL,YZ,x,-0.0625,y,-0.5625,z,0.0625,0.11759717338824754,0.16939588999734098,0.05179871660909344,0.10000000600915501,0.9316945828513565
2001,1.0,20dB_nominal_difference,real,dressed_linear_chi,REJECTED_PHYSICAL,YZ,x,-0.0625,y,-0.4375,z,0.0625,0.15420042857826258,0.20969534282407967,0.055494914245817095,0.10000000600915501,0.9316945828513565
2001,1.0,20dB_nominal_difference,real,dressed_linear_chi,REJECTED_PHYSICAL,YZ,x,-0.0625,y,-0.3125,z,0.0625,0.22783766215009213,0.2500991225197674,0.022261460369675273,0.10000000600915501,0.9316945828513565
2001,1.0,20dB_nominal_difference,real,dressed_linear_chi,REJECTED_PHYSICAL,YZ,x,-0.0625,y,-0.1875,z,0.0625,0.33094206800924714,0.28537784740441274,-0.04556422060483439,0.10000000600915501,0.9316945828513565
2001,1.0,20dB_nominal_difference,real,dressed_linear_chi,REJECTED_PHYSICAL,YZ,x,-0.0625,y,-0.0625,z,0.0625,0.41996236518319985,0.3105289503102717,-0.10943341487292813,0.10000000600915501,0.9316945828513565
2001,1.0,20dB_nominal_difference,real,dressed_linear_chi,REJECTED_PHYSICAL,YZ,x,-0.0625,y,0.0625,z,0.0625,0.44202895588137925,0.32166985795110525,-0.120359097930274,0.10000000600915501,0.9316945828513565
2001,1.0,20dB_nominal_difference,real,dressed_linear_chi,REJECTED_PHYSICAL,YZ,x,-0.0625,y,0.1875,z,0.0625,0.3878713034452588,0.3167798070615396,-0.0710914963837192,0.10000000600915501,0.9316945828513565
2001,1.0,20dB_nominal_difference,real,dressed_linear_chi,REJECTED_PHYSICAL,YZ,x,-0.0625,y,0.3125,z,0.0625,0.2993299145642815,0.29614007212560234,-0.003189842438679147,0.10000000600915501,0.9316945828513565
2001,1.0,20dB_nominal_difference,real,dressed_linear_chi,REJECTED_PHYSICAL,YZ,x,-0.0625,y,0.4375,z,0.0625,0.2184398960808328,0.2623681435839912,0.04392824750315838,0.10000000600915501,0.9316945828513565
2001,1.0,20dB_nominal_difference,real,dressed_linear_chi,REJECTED_PHYSICAL,YZ,x,-0.0625,y,0.5625,z,0.0625,0.15880662893169398,0.22002995781551904,0.06122332888382506,0.10000000600915501,0.9316945828513565
2001,1.0,20dB_nominal_difference,real,dressed_linear_chi,REJECTED_PHYSICAL,YZ,x,-0.0625,y,0.6875,z,0.0625,0.12214642200427465,0.17650322681355174,0.054356804809277084,0.10000000600915501,0.9316945828513565
2001,1.0,20dB_nominal_difference,real,dressed_linear_chi,REJECTED_PHYSICAL,YZ,x,-0.0625,y,-0.6875,z,0.1875,0.1019321451873601,0.12033020671271794,0.018398061525357834,0.10000000600915501,0.9316945828513565
2001,1.0,20dB_nominal_difference,real,dressed_linear_chi,REJECTED_PHYSICAL,YZ,x,-0.0625,y,-0.5625,z,0.1875,0.10777168307507409,0.15103882677778366,0.043267143702709565,0.10000000600915501,0.9316945828513565
2001,1.0,20dB_nominal_difference,real,dressed_linear_chi,REJECTED_PHYSICAL,YZ,x,-0.0625,y,-0.4375,z,0.1875,0.12393749618458742,0.1857796910608987,0.06184219487631128,0.10000000600915501,0.9316945828513565
2001,1.0,20dB_nominal_difference,real,dressed_linear_chi,REJECTED_PHYSICAL,YZ,x,-0.0625,y,-0.3125,z,0.1875,0.15646455331185138,0.22122636249187344,0.06476180918002206,0.10000000600915501,0.9316945828513565
2001,1.0,20dB_nominal_difference,real,dressed_linear_chi,REJECTED_PHYSICAL,YZ,x,-0.0625,y,-0.1875,z,0.1875,0.20208611747802344,0.2529109957042305,0.05082487822620704,0.10000000600915501,0.9316945828513565
2001,1.0,20dB_nominal_difference,real,dressed_linear_chi,REJECTED_PHYSICAL,YZ,x,-0.0625,y,-0.0625,z,0.1875,0.24218420132429894,0.276400915889332,0.034216714565033085,0.10000000600915501,0.9316945828513565
2001,1.0,20dB_nominal_difference,real,dressed_linear_chi,REJECTED_PHYSICAL,YZ,x,-0.0625,y,0.0625,z,0.1875,0.2561015121649454,0.2881053413118211,0.03200382914687566,0.10000000600915501,0.9316945828513565
2001,1.0,20dB_nominal_difference,real,dressed_linear_chi,REJECTED_PHYSICAL,YZ,x,-0.0625,y,0.1875,z,0.1875,0.2448031735315593,0.28596542162670974,0.04116224809515043,0.10000000600915501,0.9316945828513565
2001,1.0,20dB_nominal_difference,real,dressed_linear_chi,REJECTED_PHYSICAL,YZ,x,-0.0625,y,0.3125,z,0.1875,0.22556578489219886,0.26988326478730945,0.04431747989511059,0.10000000600915501,0.9316945828513565
2001,1.0,20dB_nominal_difference,real,dressed_linear_chi,REJECTED_PHYSICAL,YZ,x,-0.0625,y,0.4375,z,0.1875,0.20070071725995564,0.2417835608058223,0.041082843545866665,0.10000000600915501,0.9316945828513565
2001,1.0,20dB_nominal_difference,real,dressed_linear_chi,REJECTED_PHYSICAL,YZ,x,-0.0625,y,0.5625,z,0.1875,0.16383749832359978,0.2052794730743508,0.04144197475075101,0.10000000600915501,0.9316945828513565
2001,1.0,20dB_nominal_difference,real,dressed_linear_chi,REJECTED_PHYSICAL,YZ,x,-0.0625,y,0.6875,z,0.1875,0.12776229177607834,0.16656194790290663,0.038799656126828286,0.10000000600915501,0.9316945828513565
2001,1.0,20dB_nominal_difference,real,dressed_linear_chi,REJECTED_PHYSICAL,YZ,x,-0.0625,y,-0.6875,z,0.3125,0.10065885925103382,0.10467996799711823,0.004021108746084412,0.10000000600915501,0.9316945828513565
2001,1.0,20dB_nominal_difference,real,dressed_linear_chi,REJECTED_PHYSICAL,YZ,x,-0.0625,y,-0.5625,z,0.3125,0.10265013984543907,0.12946896539219732,0.026818825546758254,0.10000000600915501,0.9316945828513565
2001,1.0,20dB_nominal_difference,real,dressed_linear_chi,REJECTED_PHYSICAL,YZ,x,-0.0625,y,-0.4375,z,0.3125,0.10816288279002252,0.15806775899888253,0.04990487620886001,0.10000000600915501,0.9316945828513565
2001,1.0,20dB_nominal_difference,real,dressed_linear_chi,REJECTED_PHYSICAL,YZ,x,-0.0625,y,-0.3125,z,0.3125,0.11926016388624464,0.18771567874509487,0.06845551485885024,0.10000000600915501,0.9316945828513565
2001,1.0,20dB_nominal_difference,real,dressed_linear_chi,REJECTED_PHYSICAL,YZ,x,-0.0625,y,-0.1875,z,0.3125,0.1349023836421356,0.2148267343184183,0.0799243506762827,0.10000000600915501,0.9316945828513565
2001,1.0,20dB_nominal_difference,real,dressed_linear_chi,REJECTED_PHYSICAL,YZ,x,-0.0625,y,-0.0625,z,0.3125,0.1493509123910043,0.23568492108949177,0.08633400869848748,0.10000000600915501,0.9316945828513565
2001,1.0,20dB_nominal_difference,real,dressed_linear_chi,REJECTED_PHYSICAL,YZ,x,-0.0625,y,0.0625,z,0.3125,0.15822732832834258,0.24714922510473736,0.08892189677639478,0.10000000600915501,0.9316945828513565
2001,1.0,20dB_nominal_difference,real,dressed_linear_chi,REJECTED_PHYSICAL,YZ,x,-0.0625,y,0.1875,z,0.3125,0.16687027114792571,0.24728367586381098,0.08041340471588526,0.10000000600915501,0.9316945828513565
2001,1.0,20dB_nominal_difference,real,dressed_linear_chi,REJECTED_PHYSICAL,YZ,x,-0.0625,y,0.3125,z,0.3125,0.17998089699842146,0.2357782766538682,0.05579737965544673,0.10000000600915501,0.9316945828513565
2001,1.0,20dB_nominal_difference,real,dressed_linear_chi,REJECTED_PHYSICAL,YZ,x,-0.0625,y,0.4375,z,0.3125,0.18225439996599618,0.21404358975902132,0.03178918979302514,0.10000000600915501,0.9316945828513565
2001,1.0,20dB_nominal_difference,real,dressed_linear_chi,REJECTED_PHYSICAL,YZ,x,-0.0625,y,0.5625,z,0.3125,0.15926125775956312,0.18489631063676262,0.0256350528771995,0.10000000600915501,0.9316945828513565
2001,1.0,20dB_nominal_difference,real,dressed_linear_chi,REJECTED_PHYSICAL,YZ,x,-0.0625,y,0.6875,z,0.3125,0.12727116150529477,0.1532844838424149,0.026013322337120115,0.10000000600915501,0.9316945828513565
2001,1.0,20dB_nominal_difference,real,dressed_linear_chi,REJECTED_PHYSICAL,YZ,x,-0.0625,y,-0.6875,z,0.4375,0.10017347087677178,0.08736872817134361,-0.012804742705428168,0.10000000600915501,0.9316945828513565
2001,1.0,20dB_nominal_difference,real,dressed_linear_chi,REJECTED_PHYSICAL,YZ,x,-0.0625,y,-0.5625,z,0.4375,0.10069775759889944,0.10614904711006799,0.00545128951116855,0.10000000600915501,0.9316945828513565
2001,1.0,20dB_nominal_difference,real,dressed_linear_chi,REJECTED_PHYSICAL,YZ,x,-0.0625,y,-0.4375,z,0.4375,0.1021493373214408,0.1281085424622016,0.025959205140760805,0.10000000600915501,0.9316945828513565
2001,1.0,20dB_nominal_difference,real,dressed_linear_chi,REJECTED_PHYSICAL,YZ,x,-0.0625,y,-0.3125,z,0.4375,0.10507447681626521,0.15120256725968295,0.046128090443417744,0.10000000600915501,0.9316945828513565
2001,1.0,20dB_nominal_difference,real,dressed_linear_chi,REJECTED_PHYSICAL,YZ,x,-0.0625,y,-0.1875,z,0.4375,0.10924385635592548,0.17281732105478945,0.06357346469886396,0.10000000600915501,0.9316945828513565
2001,1.0,20dB_nominal_difference,real,dressed_linear_chi,REJECTED_PHYSICAL,YZ,x,-0.0625,y,-0.0625,z,0.4375,0.11351082863467063,0.19008317388904294,0.07657234525437231,0.10000000600915501,0.9316945828513565
2001,1.0,20dB_nominal_difference,real,dressed_linear_chi,REJECTED_PHYSICAL,YZ,x,-0.0625,y,0.0625,z,0.4375,0.11831426165284584,0.20045223046063393,0.08213796880778809,0.10000000600915501,0.9316945828513565
2001,1.0,20dB_nominal_difference,real,dressed_linear_chi,REJECTED_PHYSICAL,YZ,x,-0.0625,y,0.1875,z,0.4375,0.12805091471718763,0.2022570778262142,0.07420616310902656,0.10000000600915501,0.9316945828513565
2001,1.0,20dB_nominal_difference,real,dressed_linear_chi,REJECTED_PHYSICAL,YZ,x,-0.0625,y,0.3125,z,0.4375,0.14324792899404548,0.195135306623864,0.051887377629818515,0.10000000600915501,0.9316945828513565
2001,1.0,20dB_nominal_difference,real,dressed_linear_chi,REJECTED_PHYSICAL,YZ,x,-0.0625,y,0.4375,z,0.4375,0.15026672326371782,0.18020565347217504,0.029938930208457226,0.10000000600915501,0.9316945828513565
2001,1.0,20dB_nominal_difference,real,dressed_linear_chi,REJECTED_PHYSICAL,YZ,x,-0.0625,y,0.5625,z,0.4375,0.13798948258179247,0.1598273822737603,0.021837899691967838,0.10000000600915501,0.9316945828513565
2001,1.0,20dB_nominal_difference,real,dressed_linear_chi,REJECTED_PHYSICAL,YZ,x,-0.0625,y,0.6875,z,0.4375,0.11781098569782782,0.13788329209751551,0.020072306399687698,0.10000000600915501,0.9316945828513565
2001,1.0,20dB_nominal_difference,real,dressed_linear_chi,REJECTED_PHYSICAL,YZ,x,-0.0625,y,-0.6875,z,0.5625,0.10003526481044293,0.06901293625875893,-0.031022328551684006,0.10000000600915501,0.9316945828513565
2001,1.0,20dB_nominal_difference,real,dressed_linear_chi,REJECTED_PHYSICAL,YZ,x,-0.0625,y,-0.5625,z,0.5625,0.10014184785884274,0.08189766578037597,-0.018244182078466772,0.10000000600915501,0.9316945828513565
2001,1.0,20dB_nominal_difference,real,dressed_linear_chi,REJECTED_PHYSICAL,YZ,x,-0.0625,y,-0.4375,z,0.5625,0.1004369851301747,0.09694945686549115,-0.0034875282646835426,0.10000000600915501,0.9316945828513565
2001,1.0,20dB_nominal_difference,real,dressed_linear_chi,REJECTED_PHYSICAL,YZ,x,-0.0625,y,-0.3125,z,0.5625,0.10103281549104651,0.11292167228598757,0.01188885679494106,0.10000000600915501,0.9316945828513565
2001,1.0,20dB_nominal_difference,real,dressed_linear_chi,REJECTED_PHYSICAL,YZ,x,-0.0625,y,-0.1875,z,0.5625,0.10189841102671866,0.12827439718773426,0.026375986161015594,0.10000000600915501,0.9316945828513565
2001,1.0,20dB_nominal_difference,real,dressed_linear_chi,REJECTED_PHYSICAL,YZ,x,-0.0625,y,-0.0625,z,0.5625,0.10292941156573532,0.1411091499736949,0.038179738407959574,0.10000000600915501,0.9316945828513565
2001,1.0,20dB_nominal_difference,real,dressed_linear_chi,REJECTED_PHYSICAL,YZ,x,-0.0625,y,0.0625,z,0.5625,0.10477755563853078,0.1495863037476249,0.04480874810909413,0.10000000600915501,0.9316945828513565
2001,1.0,20dB_nominal_difference,real,dressed_linear_chi,REJECTED_PHYSICAL,YZ,x,-0.0625,y,0.1875,z,0.5625,0.10939378361030735,0.1524037784148072,0.04300999480449985,0.10000000600915501,0.9316945828513565
2001,1.0,20dB_nominal_difference,real,dressed_linear_chi,REJECTED_PHYSICAL,YZ,x,-0.0625,y,0.3125,z,0.5625,0.11663411034284142,0.1492292975507869,0.03259518720794548,0.10000000600915501,0.9316945828513565
2001,1.0,20dB_nominal_difference,real,dressed_linear_chi,REJECTED_PHYSICAL,YZ,x,-0.0625,y,0.4375,z,0.5625,0.12032997112165193,0.14103335233270248,0.020703381211050545,0.10000000600915501,0.9316945828513565
2001,1.0,20dB_nominal_difference,real,dressed_linear_chi,REJECTED_PHYSICAL,YZ,x,-0.0625,y,0.5625,z,0.5625,0.11563468364887781,0.13026680387672093,0.014632120227843118,0.10000000600915501,0.9316945828513565
2001,1.0,20dB_nominal_difference,real,dressed_linear_chi,REJECTED_PHYSICAL,YZ,x,-0.0625,y,0.6875,z,0.5625,0.10737788796766563,0.12105475106003646,0.01367686309237083,0.10000000600915501,0.9316945828513565
2001,1.0,20dB_nominal_difference,real,dressed_linear_chi,REJECTED_PHYSICAL,YZ,x,-0.0625,y,-0.6875,z,0.6875,0.10000553525408022,0.04820139227881033,-0.05180414297526989,0.10000000600915501,0.9316945828513565
2001,1.0,20dB_nominal_difference,real,dressed_linear_chi,REJECTED_PHYSICAL,YZ,x,-0.0625,y,-0.5625,z,0.6875,0.10002226501188655,0.05589611025017441,-0.04412615476171214,0.10000000600915501,0.9316945828513565
2001,1.0,20dB_nominal_difference,real,dressed_linear_chi,REJECTED_PHYSICAL,YZ,x,-0.0625,y,-0.4375,z,0.6875,0.10006859982870285,0.06361568690567204,-0.03645291292303081,0.10000000600915501,0.9316945828513565
2001,1.0,20dB_nominal_difference,real,dressed_linear_chi,REJECTED_PHYSICAL,YZ,x,-0.0625,y,-0.3125,z,0.6875,0.10016236032307876,0.07166374718774088,-0.028498613135337886,0.10000000600915501,0.9316945828513565
2001,1.0,20dB_nominal_difference,real,dressed_linear_chi,REJECTED_PHYSICAL,YZ,x,-0.0625,y,-0.1875,z,0.6875,0.10030184886879312,0.07990546994862964,-0.02039637892016348,0.10000000600915501,0.9316945828513565
2001,1.0,20dB_nominal_difference,real,dressed_linear_chi,REJECTED_PHYSICAL,YZ,x,-0.0625,y,-0.0625,z,0.6875,0.10049658750101519,0.08755453962956755,-0.012942047871447634,0.10000000600915501,0.9316945828513565
2001,1.0,20dB_nominal_difference,real,dressed_linear_chi,REJECTED_PHYSICAL,YZ,x,-0.0625,y,0.0625,z,0.6875,0.10096205377880466,0.09353540585542536,-0.007426647923379298,0.10000000600915501,0.9316945828513565
2001,1.0,20dB_nominal_difference,real,dressed_linear_chi,REJECTED_PHYSICAL,YZ,x,-0.0625,y,0.1875,z,0.6875,0.10221716538481025,0.09689837309289613,-0.005318792291914121,0.10000000600915501,0.9316945828513565
2001,1.0,20dB_nominal_difference,real,dressed_linear_chi,REJECTED_PHYSICAL,YZ,x,-0.0625,y,0.3125,z,0.6875,0.10418879130035517,0.09723098353841235,-0.006957807761942825,0.10000000600915501,0.9316945828513565
2001,1.0,20dB_nominal_difference,real,dressed_linear_chi,REJECTED_PHYSICAL,YZ,x,-0.0625,y,0.4375,z,0.6875,0.10522542747756138,0.09508199425696699,-0.010143433220594383,0.10000000600915501,0.9316945828513565
2001,1.0,20dB_nominal_difference,real,dressed_linear_chi,REJECTED_PHYSICAL,YZ,x,-0.0625,y,0.5625,z,0.6875,0.10404591425864294,0.09274253483969955,-0.011303379418943396,0.10000000600915501,0.9316945828513565
2001,1.0,20dB_nominal_difference,real,dressed_linear_chi,REJECTED_PHYSICAL,YZ,x,-0.0625,y,0.6875,z,0.6875,0.10191397910500109,0.09859597183694827,-0.0033180072680528278,0.10000000600915501,0.9316945828513565
2001,1.0,20dB_nominal_difference,real,linear_a_exact_conversion,REJECTED_PHYSICAL,XY,z,-0.0625,x,-0.6875,y,-0.6875,0.10026485781854057,0.11875676725934252,0.01849190944080195,0.10000000600915501,0.9316945828513565
2001,1.0,20dB_nominal_difference,real,linear_a_exact_conversion,REJECTED_PHYSICAL,XY,z,-0.0625,x,-0.5625,y,-0.6875,0.1011963135624723,0.12797441651439428,0.026778102951921984,0.10000000600915501,0.9316945828513565
2001,1.0,20dB_nominal_difference,real,linear_a_exact_conversion,REJECTED_PHYSICAL,XY,z,-0.0625,x,-0.4375,y,-0.6875,0.10355891452422165,0.14059054697611534,0.037031632451893684,0.10000000600915501,0.9316945828513565
2001,1.0,20dB_nominal_difference,real,linear_a_exact_conversion,REJECTED_PHYSICAL,XY,z,-0.0625,x,-0.3125,y,-0.6875,0.10697317222035659,0.1479863160273208,0.041013143806964206,0.10000000600915501,0.9316945828513565
2001,1.0,20dB_nominal_difference,real,linear_a_exact_conversion,REJECTED_PHYSICAL,XY,z,-0.0625,x,-0.1875,y,-0.6875,0.10899877779237235,0.14822379584059645,0.03922501804822409,0.10000000600915501,0.9316945828513565
2001,1.0,20dB_nominal_difference,real,linear_a_exact_conversion,REJECTED_PHYSICAL,XY,z,-0.0625,x,-0.0625,y,-0.6875,0.10764851227651129,0.14121386911791653,0.03356535684140524,0.10000000600915501,0.9316945828513565
2001,1.0,20dB_nominal_difference,real,linear_a_exact_conversion,REJECTED_PHYSICAL,XY,z,-0.0625,x,0.0625,y,-0.6875,0.10428164572074357,0.12805779112653706,0.023776145405793495,0.10000000600915501,0.9316945828513565
2001,1.0,20dB_nominal_difference,real,linear_a_exact_conversion,REJECTED_PHYSICAL,XY,z,-0.0625,x,0.1875,y,-0.6875,0.10157864722454041,0.11059945183840393,0.009020804613863523,0.10000000600915501,0.9316945828513565
2001,1.0,20dB_nominal_difference,real,linear_a_exact_conversion,REJECTED_PHYSICAL,XY,z,-0.0625,x,0.3125,y,-0.6875,0.10038335782621703,0.09097631557434076,-0.009407042251876274,0.10000000600915501,0.9316945828513565
2001,1.0,20dB_nominal_difference,real,linear_a_exact_conversion,REJECTED_PHYSICAL,XY,z,-0.0625,x,0.4375,y,-0.6875,0.10006132407112178,0.07110867351810747,-0.02895265055301431,0.10000000600915501,0.9316945828513565
2001,1.0,20dB_nominal_difference,real,linear_a_exact_conversion,REJECTED_PHYSICAL,XY,z,-0.0625,x,0.5625,y,-0.6875,0.1000064748803716,0.051963316899322286,-0.04804315798104932,0.10000000600915501,0.9316945828513565
2001,1.0,20dB_nominal_difference,real,linear_a_exact_conversion,REJECTED_PHYSICAL,XY,z,-0.0625,x,0.6875,y,-0.6875,0.10000046305551115,0.0349768719491963,-0.06502359110631485,0.10000000600915501,0.9316945828513565
2001,1.0,20dB_nominal_difference,real,linear_a_exact_conversion,REJECTED_PHYSICAL,XY,z,-0.0625,x,-0.6875,y,-0.5625,0.10090670231051312,0.1257020709075732,0.024795368597060094,0.10000000600915501,0.9316945828513565
2001,1.0,20dB_nominal_difference,real,linear_a_exact_conversion,REJECTED_PHYSICAL,XY,z,-0.0625,x,-0.5625,y,-0.5625,0.10422962198918105,0.14782385572344303,0.04359423373426198,0.10000000600915501,0.9316945828513565
2001,1.0,20dB_nominal_difference,real,linear_a_exact_conversion,REJECTED_PHYSICAL,XY,z,-0.0625,x,-0.4375,y,-0.5625,0.1129950720178762,0.17004049251408848,0.05704542049621228,0.10000000600915501,0.9316945828513565
2001,1.0,20dB_nominal_difference,real,linear_a_exact_conversion,REJECTED_PHYSICAL,XY,z,-0.0625,x,-0.3125,y,-0.5625,0.126296389800436,0.18530685547774323,0.05901046567730722,0.10000000600915501,0.9316945828513565
2001,1.0,20dB_nominal_difference,real,linear_a_exact_conversion,REJECTED_PHYSICAL,XY,z,-0.0625,x,-0.1875,y,-0.5625,0.1350472438890173,0.19057089747645425,0.055523653587436966,0.10000000600915501,0.9316945828513565
2001,1.0,20dB_nominal_difference,real,linear_a_exact_conversion,REJECTED_PHYSICAL,XY,z,-0.0625,x,-0.0625,y,-0.5625,0.13076464682421354,0.18495356450023503,0.05418891767602149,0.10000000600915501,0.9316945828513565
2001,1.0,20dB_nominal_difference,real,linear_a_exact_conversion,REJECTED_PHYSICAL,XY,z,-0.0625,x,0.0625,y,-0.5625,0.1177865029807636,0.16940939726607834,0.05162289428531475,0.10000000600915501,0.9316945828513565
2001,1.0,20dB_nominal_difference,real,linear_a_exact_conversion,REJECTED_PHYSICAL,XY,z,-0.0625,x,0.1875,y,-0.5625,0.10677287833630011,0.146279609786794,0.03950673145049388,0.10000000600915501,0.9316945828513565
2001,1.0,20dB_nominal_difference,real,linear_a_exact_conversion,REJECTED_PHYSICAL,XY,z,-0.0625,x,0.3125,y,-0.5625,0.10169881558708468,0.11877548922757693,0.017076673640492243,0.10000000600915501,0.9316945828513565
2001,1.0,20dB_nominal_difference,real,linear_a_exact_conversion,REJECTED_PHYSICAL,XY,z,-0.0625,x,0.4375,y,-0.5625,0.10028105354810429,0.09051306078924365,-0.009767992758860644,0.10000000600915501,0.9316945828513565
2001,1.0,20dB_nominal_difference,real,linear_a_exact_conversion,REJECTED_PHYSICAL,XY,z,-0.0625,x,0.5625,y,-0.5625,0.10003115598664142,0.06548062446589888,-0.03455053152074254,0.10000000600915501,0.9316945828513565
2001,1.0,20dB_nominal_difference,real,linear_a_exact_conversion,REJECTED_PHYSICAL,XY,z,-0.0625,x,0.6875,y,-0.5625,0.10000270827712796,0.052177207193069314,-0.04782550108405864,0.10000000600915501,0.9316945828513565
2001,1.0,20dB_nominal_difference,real,linear_a_exact_conversion,REJECTED_PHYSICAL,XY,z,-0.0625,x,-0.6875,y,-0.4375,0.10237684136782078,0.128117809390235,0.025740968022414226,0.10000000600915501,0.9316945828513565
2001,1.0,20dB_nominal_difference,real,linear_a_exact_conversion,REJECTED_PHYSICAL,XY,z,-0.0625,x,-0.5625,y,-0.4375,0.11145095306522608,0.16546107888983455,0.05401012582460847,0.10000000600915501,0.9316945828513565
2001,1.0,20dB_nominal_difference,real,linear_a_exact_conversion,REJECTED_PHYSICAL,XY,z,-0.0625,x,-0.4375,y,-0.4375,0.13633485022725975,0.2001995726827031,0.06386472245544336,0.10000000600915501,0.9316945828513565
2001,1.0,20dB_nominal_difference,real,linear_a_exact_conversion,REJECTED_PHYSICAL,XY,z,-0.0625,x,-0.3125,y,-0.4375,0.17593559812108292,0.22509172853821607,0.049156130417133154,0.10000000600915501,0.9316945828513565
2001,1.0,20dB_nominal_difference,real,linear_a_exact_conversion,REJECTED_PHYSICAL,XY,z,-0.0625,x,-0.1875,y,-0.4375,0.20452201731555533,0.23657659813548257,0.032054580819927236,0.10000000600915501,0.9316945828513565
2001,1.0,20dB_nominal_difference,real,linear_a_exact_conversion,REJECTED_PHYSICAL,XY,z,-0.0625,x,-0.0625,y,-0.4375,0.19475686843627962,0.23326138136696553,0.03850451293068591,0.10000000600915501,0.9316945828513565
2001,1.0,20dB_nominal_difference,real,linear_a_exact_conversion,REJECTED_PHYSICAL,XY,z,-0.0625,x,0.0625,y,-0.4375,0.1565792332237742,0.21603826010017327,0.05945902687639906,0.10000000600915501,0.9316945828513565
2001,1.0,20dB_nominal_difference,real,linear_a_exact_conversion,REJECTED_PHYSICAL,XY,z,-0.0625,x,0.1875,y,-0.4375,0.12225263279337435,0.18776117780616136,0.06550854501278701,0.10000000600915501,0.9316945828513565
2001,1.0,20dB_nominal_difference,real,linear_a_exact_conversion,REJECTED_PHYSICAL,XY,z,-0.0625,x,0.3125,y,-0.4375,0.10577000245474298,0.15266824423504172,0.046898241780298736,0.10000000600915501,0.9316945828513565
2001,1.0,20dB_nominal_difference,real,linear_a_exact_conversion,REJECTED_PHYSICAL,XY,z,-0.0625,x,0.4375,y,-0.4375,0.10099596949293096,0.1157732521748005,0.014777282681869536,0.10000000600915501,0.9316945828513565
2001,1.0,20dB_nominal_difference,real,linear_a_exact_conversion,REJECTED_PHYSICAL,XY,z,-0.0625,x,0.5625,y,-0.4375,0.10012547875286122,0.08248610862021565,-0.017639370132645577,0.10000000600915501,0.9316945828513565
2001,1.0,20dB_nominal_difference,real,linear_a_exact_conversion,REJECTED_PHYSICAL,XY,z,-0.0625,x,0.6875,y,-0.4375,0.10001920014127877,0.06154194858665324,-0.03847725155462553,0.10000000600915501,0.9316945828513565
2001,1.0,20dB_nominal_difference,real,linear_a_exact_conversion,REJECTED_PHYSICAL,XY,z,-0.0625,x,-0.6875,y,-0.3125,0.10477110773257149,0.12925839002547415,0.02448728229290266,0.10000000600915501,0.9316945828513565
2001,1.0,20dB_nominal_difference,real,linear_a_exact_conversion,REJECTED_PHYSICAL,XY,z,-0.0625,x,-0.5625,y,-0.3125,0.12373915546056864,0.1812948520678891,0.05755569660732045,0.10000000600915501,0.9316945828513565
2001,1.0,20dB_nominal_difference,real,linear_a_exact_conversion,REJECTED_PHYSICAL,XY,z,-0.0625,x,-0.4375,y,-0.3125,0.17779498655314183,0.22904204568945372,0.05124705913631189,0.10000000600915501,0.9316945828513565
2001,1.0,20dB_nominal_difference,real,linear_a_exact_conversion,REJECTED_PHYSICAL,XY,z,-0.0625,x,-0.3125,y,-0.3125,0.2679106634230831,0.26422142285879047,-0.0036892405642926507,0.10000000600915501,0.9316945828513565
2001,1.0,20dB_nominal_difference,real,linear_a_exact_conversion,REJECTED_PHYSICAL,XY,z,-0.0625,x,-0.1875,y,-0.3125,0.3386961859462222,0.28259225482883304,-0.05610393111738915,0.10000000600915501,0.9316945828513565
2001,1.0,20dB_nominal_difference,real,linear_a_exact_conversion,REJECTED_PHYSICAL,XY,z,-0.0625,x,-0.0625,y,-0.3125,0.3234887335904522,0.28233065551587805,-0.04115807807457417,0.10000000600915501,0.9316945828513565
2001,1.0,20dB_nominal_difference,real,linear_a_exact_conversion,REJECTED_PHYSICAL,XY,z,-0.0625,x,0.0625,y,-0.3125,0.23782718546688542,0.2643157292495907,0.026488543782705265,0.10000000600915501,0.9316945828513565
2001,1.0,20dB_nominal_difference,real,linear_a_exact_conversion,REJECTED_PHYSICAL,XY,z,-0.0625,x,0.1875,y,-0.3125,0.15602112446107677,0.2318611616122007,0.07584003715112392,0.10000000600915501,0.9316945828513565
2001,1.0,20dB_nominal_difference,real,linear_a_exact_conversion,REJECTED_PHYSICAL,XY,z,-0.0625,x,0.3125,y,-0.3125,0.11509792945637516,0.19001882976540518,0.07492090030903002,0.10000000600915501,0.9316945828513565
2001,1.0,20dB_nominal_difference,real,linear_a_exact_conversion,REJECTED_PHYSICAL,XY,z,-0.0625,x,0.4375,y,-0.3125,0.10284563742209168,0.1447048457132233,0.04185920829113163,0.10000000600915501,0.9316945828513565
2001,1.0,20dB_nominal_difference,real,linear_a_exact_conversion,REJECTED_PHYSICAL,XY,z,-0.0625,x,0.5625,y,-0.3125,0.10052268077522575,0.1018812625977955,0.001358581822569746,0.10000000600915501,0.9316945828513565
2001,1.0,20dB_nominal_difference,real,linear_a_exact_conversion,REJECTED_PHYSICAL,XY,z,-0.0625,x,0.6875,y,-0.3125,0.10016497098517554,0.07044576570042847,-0.02971920528474707,0.10000000600915501,0.9316945828513565
2001,1.0,20dB_nominal_difference,real,linear_a_exact_conversion,REJECTED_PHYSICAL,XY,z,-0.0625,x,-0.6875,y,-0.1875,0.10733367735530452,0.12809963194848042,0.0207659545931759,0.10000000600915501,0.9316945828513565
2001,1.0,20dB_nominal_difference,real,linear_a_exact_conversion,REJECTED_PHYSICAL,XY,z,-0.0625,x,-0.5625,y,-0.1875,0.13768534076741698,0.19284373452858392,0.055158393761166935,0.10000000600915501,0.9316945828513565
2001,1.0,20dB_nominal_difference,real,linear_a_exact_conversion,REJECTED_PHYSICAL,XY,z,-0.0625,x,-0.4375,y,-0.1875,0.22754499376814377,0.2521220223485454,0.024577028580401644,0.10000000600915501,0.9316945828513565
2001,1.0,20dB_nominal_difference,real,linear_a_exact_conversion,REJECTED_PHYSICAL,XY,z,-0.0625,x,-0.3125,y,-0.1875,0.3843118157309954,0.29683115906644314,-0.08748065666455224,0.10000000600915501,0.9316945828513565
2001,1.0,20dB_nominal_difference,real,linear_a_exact_conversion,REJECTED_PHYSICAL,XY,z,-0.0625,x,-0.1875,y,-0.1875,0.5174158828182975,0.3220504807316631,-0.19536540208663444,0.10000000600915501,0.9316945828513565
2001,1.0,20dB_nominal_difference,real,linear_a_exact_conversion,REJECTED_PHYSICAL,XY,z,-0.0625,x,-0.0625,y,-0.1875,0.5036506148217931,0.32555248107568235,-0.17809813374611072,0.10000000600915501,0.9316945828513565
2001,1.0,20dB_nominal_difference,real,linear_a_exact_conversion,REJECTED_PHYSICAL,XY,z,-0.0625,x,0.0625,y,-0.1875,0.35721176838000324,0.3081454615256863,-0.049066306854316954,0.10000000600915501,0.9316945828513565
2001,1.0,20dB_nominal_difference,real,linear_a_exact_conversion,REJECTED_PHYSICAL,XY,z,-0.0625,x,0.1875,y,-0.1875,0.20840819636315633,0.2733968590643454,0.06498866270118908,0.10000000600915501,0.9316945828513565
2001,1.0,20dB_nominal_difference,real,linear_a_exact_conversion,REJECTED_PHYSICAL,XY,z,-0.0625,x,0.3125,y,-0.1875,0.13116638756463606,0.226819880718188,0.09565349315355196,0.10000000600915501,0.9316945828513565
2001,1.0,20dB_nominal_difference,real,linear_a_exact_conversion,REJECTED_PHYSICAL,XY,z,-0.0625,x,0.4375,y,-0.1875,0.10746175163320573,0.17480030960374585,0.06733855797054011,0.10000000600915501,0.9316945828513565
2001,1.0,20dB_nominal_difference,real,linear_a_exact_conversion,REJECTED_PHYSICAL,XY,z,-0.0625,x,0.5625,y,-0.1875,0.10254541586720096,0.12356918313317578,0.02102376726597481,0.10000000600915501,0.9316945828513565
2001,1.0,20dB_nominal_difference,real,linear_a_exact_conversion,REJECTED_PHYSICAL,XY,z,-0.0625,x,0.6875,y,-0.1875,0.1011545478348431,0.08235960541488428,-0.018794942419958813,0.10000000600915501,0.9316945828513565
2001,1.0,20dB_nominal_difference,real,linear_a_exact_conversion,REJECTED_PHYSICAL,XY,z,-0.0625,x,-0.6875,y,-0.0625,0.1086319303622552,0.12401886103089534,0.015386930668640136,0.10000000600915501,0.9316945828513565
2001,1.0,20dB_nominal_difference,real,linear_a_exact_conversion,REJECTED_PHYSICAL,XY,z,-0.0625,x,-0.5625,y,-0.0625,0.14581030690719132,0.19773967294312858,0.05192936603593726,0.10000000600915501,0.9316945828513565
2001,1.0,20dB_nominal_difference,real,linear_a_exact_conversion,REJECTED_PHYSICAL,XY,z,-0.0625,x,-0.4375,y,-0.0625,0.260124942599339,0.26522229863935903,0.00509735604002004,0.10000000600915501,0.9316945828513565
2001,1.0,20dB_nominal_difference,real,linear_a_exact_conversion,REJECTED_PHYSICAL,XY,z,-0.0625,x,-0.3125,y,-0.0625,0.4686354000592555,0.31713475958761816,-0.15150064047163736,0.10000000600915501,0.9316945828513565
2001,1.0,20dB_nominal_difference,real,linear_a_exact_conversion,REJECTED_PHYSICAL,XY,z,-0.0625,x,-0.1875,y,-0.0625,0.658975602264724,0.3481778830778181,-0.31079771918690585,0.10000000600915501,0.9316945828513565
2001,1.0,20dB_nominal_difference,real,linear_a_exact_conversion,REJECTED_PHYSICAL,XY,z,-0.0625,x,-0.0625,y,-0.0625,0.6584401254504064,0.3558412043363463,-0.3025989211140601,0.10000000600915501,0.9316945828513565
2001,1.0,20dB_nominal_difference,real,linear_a_exact_conversion,REJECTED_PHYSICAL,XY,z,-0.0625,x,0.0625,y,-0.0625,0.4684559578600319,0.34075431350923435,-0.12770164435079756,0.10000000600915501,0.9316945828513565
2001,1.0,20dB_nominal_difference,real,linear_a_exact_conversion,REJECTED_PHYSICAL,XY,z,-0.0625,x,0.1875,y,-0.0625,0.2634391773756436,0.3064073844818411,0.04296820710619753,0.10000000600915501,0.9316945828513565
2001,1.0,20dB_nominal_difference,real,linear_a_exact_conversion,REJECTED_PHYSICAL,XY,z,-0.0625,x,0.3125,y,-0.0625,0.15461648871629483,0.25831084339171484,0.10369435467542001,0.10000000600915501,0.9316945828513565
2001,1.0,20dB_nominal_difference,real,linear_a_exact_conversion,REJECTED_PHYSICAL,XY,z,-0.0625,x,0.4375,y,-0.0625,0.12071173516744532,0.20287703643479285,0.08216530126734753,0.10000000600915501,0.9316945828513565
2001,1.0,20dB_nominal_difference,real,linear_a_exact_conversion,REJECTED_PHYSICAL,XY,z,-0.0625,x,0.5625,y,-0.0625,0.11112771864288029,0.14636674465443753,0.035239026011557234,0.10000000600915501,0.9316945828513565
2001,1.0,20dB_nominal_difference,real,linear_a_exact_conversion,REJECTED_PHYSICAL,XY,z,-0.0625,x,0.6875,y,-0.0625,0.10530383314727672,0.09817166898917214,-0.007132164158104581,0.10000000600915501,0.9316945828513565
2001,1.0,20dB_nominal_difference,real,linear_a_exact_conversion,REJECTED_PHYSICAL,XY,z,-0.0625,x,-0.6875,y,0.0625,0.10777996478043661,0.11691239227832843,0.009132427497891824,0.10000000600915501,0.9316945828513565
2001,1.0,20dB_nominal_difference,real,linear_a_exact_conversion,REJECTED_PHYSICAL,XY,z,-0.0625,x,-0.5625,y,0.0625,0.14264201452263953,0.19435068843022524,0.05170867390758571,0.10000000600915501,0.9316945828513565
2001,1.0,20dB_nominal_difference,real,linear_a_exact_conversion,REJECTED_PHYSICAL,XY,z,-0.0625,x,-0.4375,y,0.0625,0.2539358661922832,0.26521741335913857,0.011281547166855366,0.10000000600915501,0.9316945828513565
2001,1.0,20dB_nominal_difference,real,linear_a_exact_conversion,REJECTED_PHYSICAL,XY,z,-0.0625,x,-0.3125,y,0.0625,0.4660126331155374,0.3207000982196007,-0.1453125348959367,0.10000000600915501,0.9316945828513565
2001,1.0,20dB_nominal_difference,real,linear_a_exact_conversion,REJECTED_PHYSICAL,XY,z,-0.0625,x,-0.1875,y,0.0625,0.6733219291899666,0.35561737973995416,-0.3177045494500124,0.10000000600915501,0.9316945828513565
2001,1.0,20dB_nominal_difference,real,linear_a_exact_conversion,REJECTED_PHYSICAL,XY,z,-0.0625,x,-0.0625,y,0.0625,0.6925304012585348,0.367384939062355,-0.32514546219617985,0.10000000600915501,0.9316945828513565
2001,1.0,20dB_nominal_difference,real,linear_a_exact_conversion,REJECTED_PHYSICAL,XY,z,-0.0625,x,0.0625,y,0.0625,0.5082554782226824,0.35633734025866437,-0.15191813796401799,0.10000000600915501,0.9316945828513565
2001,1.0,20dB_nominal_difference,real,linear_a_exact_conversion,REJECTED_PHYSICAL,XY,z,-0.0625,x,0.1875,y,0.0625,0.29970663571554834,0.32550212195342565,0.025795486237877308,0.10000000600915501,0.9316945828513565
2001,1.0,20dB_nominal_difference,real,linear_a_exact_conversion,REJECTED_PHYSICAL,XY,z,-0.0625,x,0.3125,y,0.0625,0.19051662464288005,0.2798712937100745,0.08935466906719447,0.10000000600915501,0.9316945828513565
2001,1.0,20dB_nominal_difference,real,linear_a_exact_conversion,REJECTED_PHYSICAL,XY,z,-0.0625,x,0.4375,y,0.0625,0.1544041608174542,0.2254029405610775,0.07099877974362331,0.10000000600915501,0.9316945828513565
2001,1.0,20dB_nominal_difference,real,linear_a_exact_conversion,REJECTED_PHYSICAL,XY,z,-0.0625,x,0.5625,y,0.0625,0.13378884108952682,0.16806391371535695,0.03427507262583013,0.10000000600915501,0.9316945828513565
2001,1.0,20dB_nominal_difference,real,linear_a_exact_conversion,REJECTED_PHYSICAL,XY,z,-0.0625,x,0.6875,y,0.0625,0.11508655269632756,0.11698946062535445,0.0019029079290268924,0.10000000600915501,0.9316945828513565
2001,1.0,20dB_nominal_difference,real,linear_a_exact_conversion,REJECTED_PHYSICAL,XY,z,-0.0625,x,-0.6875,y,0.1875,0.10536946590244586,0.10694759684593474,0.0015781309434888813,0.10000000600915501,0.9316945828513565
2001,1.0,20dB_nominal_difference,real,linear_a_exact_conversion,REJECTED_PHYSICAL,XY,z,-0.0625,x,-0.5625,y,0.1875,0.13039466078568404,0.18203861244729266,0.05164395166160862,0.10000000600915501,0.9316945828513565
2001,1.0,20dB_nominal_difference,real,linear_a_exact_conversion,REJECTED_PHYSICAL,XY,z,-0.0625,x,-0.4375,y,0.1875,0.21332218143040824,0.25082444277073984,0.037502261340331605,0.10000000600915501,0.9316945828513565
2001,1.0,20dB_nominal_difference,real,linear_a_exact_conversion,REJECTED_PHYSICAL,XY,z,-0.0625,x,-0.3125,y,0.1875,0.37832339591889463,0.30571299818538455,-0.07261039773351008,0.10000000600915501,0.9316945828513565
2001,1.0,20dB_nominal_difference,real,linear_a_exact_conversion,REJECTED_PHYSICAL,XY,z,-0.0625,x,-0.1875,y,0.1875,0.5507438470346004,0.3421152051185784,-0.20862864191602204,0.10000000600915501,0.9316945828513565
2001,1.0,20dB_nominal_difference,real,linear_a_exact_conversion,REJECTED_PHYSICAL,XY,z,-0.0625,x,-0.0625,y,0.1875,0.5842709100242653,0.357547428655799,-0.22672348136846632,0.10000000600915501,0.9316945828513565
2001,1.0,20dB_nominal_difference,real,linear_a_exact_conversion,REJECTED_PHYSICAL,XY,z,-0.0625,x,0.0625,y,0.1875,0.4571874337540224,0.35192628857643965,-0.10526114517758273,0.10000000600915501,0.9316945828513565
2001,1.0,20dB_nominal_difference,real,linear_a_exact_conversion,REJECTED_PHYSICAL,XY,z,-0.0625,x,0.1875,y,0.1875,0.3110110184457098,0.3274763840797508,0.01646536563404105,0.10000000600915501,0.9316945828513565
2001,1.0,20dB_nominal_difference,real,linear_a_exact_conversion,REJECTED_PHYSICAL,XY,z,-0.0625,x,0.3125,y,0.1875,0.24008040061687136,0.2882385041129777,0.04815810349610633,0.10000000600915501,0.9316945828513565
2001,1.0,20dB_nominal_difference,real,linear_a_exact_conversion,REJECTED_PHYSICAL,XY,z,-0.0625,x,0.4375,y,0.1875,0.20648303586593814,0.23930704062022307,0.03282400475428493,0.10000000600915501,0.9316945828513565
2001,1.0,20dB_nominal_difference,real,linear_a_exact_conversion,REJECTED_PHYSICAL,XY,z,-0.0625,x,0.5625,y,0.1875,0.16479810303343054,0.1860293867288284,0.021231283695397868,0.10000000600915501,0.9316945828513565
2001,1.0,20dB_nominal_difference,real,linear_a_exact_conversion,REJECTED_PHYSICAL,XY,z,-0.0625,x,0.6875,y,0.1875,0.12619496065724473,0.13678311081141922,0.010588150154174497,0.10000000600915501,0.9316945828513565
2001,1.0,20dB_nominal_difference,real,linear_a_exact_conversion,REJECTED_PHYSICAL,XY,z,-0.0625,x,-0.6875,y,0.3125,0.10283771954262226,0.09422566830648327,-0.008612051236138993,0.10000000600915501,0.9316945828513565
2001,1.0,20dB_nominal_difference,real,linear_a_exact_conversion,REJECTED_PHYSICAL,XY,z,-0.0625,x,-0.5625,y,0.3125,0.11659010550172136,0.16108992055951432,0.04449981505779296,0.10000000600915501,0.9316945828513565
2001,1.0,20dB_nominal_difference,real,linear_a_exact_conversion,REJECTED_PHYSICAL,XY,z,-0.0625,x,-0.4375,y,0.3125,0.16388891573906783,0.22284568370676916,0.05895676796770133,0.10000000600915501,0.9316945828513565
2001,1.0,20dB_nominal_difference,real,linear_a_exact_conversion,REJECTED_PHYSICAL,XY,z,-0.0625,x,-0.3125,y,0.3125,0.2621725014312992,0.2735351902869247,0.011362688855625469,0.10000000600915501,0.9316945828513565
2001,1.0,20dB_nominal_difference,real,linear_a_exact_conversion,REJECTED_PHYSICAL,XY,z,-0.0625,x,-0.1875,y,0.3125,0.3723046054849758,0.3093598127965426,-0.06294479268843317,0.10000000600915501,0.9316945828513565
2001,1.0,20dB_nominal_difference,real,linear_a_exact_conversion,REJECTED_PHYSICAL,XY,z,-0.0625,x,-0.0625,y,0.3125,0.4081034051787672,0.3279252820667947,-0.08017812311197248,0.10000000600915501,0.9316945828513565
2001,1.0,20dB_nominal_difference,real,linear_a_exact_conversion,REJECTED_PHYSICAL,XY,z,-0.0625,x,0.0625,y,0.3125,0.3551775096182769,0.32857586676461464,-0.026601642853662233,0.10000000600915501,0.9316945828513565
2001,1.0,20dB_nominal_difference,real,linear_a_exact_conversion,REJECTED_PHYSICAL,XY,z,-0.0625,x,0.1875,y,0.3125,0.29655412152484,0.3125123379596352,0.01595821643479517,0.10000000600915501,0.9316945828513565
2001,1.0,20dB_nominal_difference,real,linear_a_exact_conversion,REJECTED_PHYSICAL,XY,z,-0.0625,x,0.3125,y,0.3125,0.27140413415974374,0.28260695215557036,0.01120281799582662,0.10000000600915501,0.9316945828513565
2001,1.0,20dB_nominal_difference,real,linear_a_exact_conversion,REJECTED_PHYSICAL,XY,z,-0.0625,x,0.4375,y,0.3125,0.23610303361304813,0.24291347183384376,0.006810438220795634,0.10000000600915501,0.9316945828513565
2001,1.0,20dB_nominal_difference,real,linear_a_exact_conversion,REJECTED_PHYSICAL,XY,z,-0.0625,x,0.5625,y,0.3125,0.1763764986896118,0.1980031820749654,0.02162668338535359,0.10000000600915501,0.9316945828513565
2001,1.0,20dB_nominal_difference,real,linear_a_exact_conversion,REJECTED_PHYSICAL,XY,z,-0.0625,x,0.6875,y,0.3125,0.12765795889379147,0.15508905553694532,0.02743109664315385,0.10000000600915501,0.9316945828513565
2001,1.0,20dB_nominal_difference,real,linear_a_exact_conversion,REJECTED_PHYSICAL,XY,z,-0.0625,x,-0.6875,y,0.4375,0.10114841421051789,0.07850539940525215,-0.022643014805265732,0.10000000600915501,0.9316945828513565
2001,1.0,20dB_nominal_difference,real,linear_a_exact_conversion,REJECTED_PHYSICAL,XY,z,-0.0625,x,-0.5625,y,0.4375,0.10693462372443238,0.13239490030337572,0.02546027657894334,0.10000000600915501,0.9316945828513565
2001,1.0,20dB_nominal_difference,real,linear_a_exact_conversion,REJECTED_PHYSICAL,XY,z,-0.0625,x,-0.4375,y,0.4375,0.12759383376306277,0.18377547581417034,0.056181642051107566,0.10000000600915501,0.9316945828513565
2001,1.0,20dB_nominal_difference,real,linear_a_exact_conversion,REJECTED_PHYSICAL,XY,z,-0.0625,x,-0.3125,y,0.4375,0.17250779922464993,0.22819923325083816,0.05569143402618823,0.10000000600915501,0.9316945828513565
2001,1.0,20dB_nominal_difference,real,linear_a_exact_conversion,REJECTED_PHYSICAL,XY,z,-0.0625,x,-0.1875,y,0.4375,0.2270800966164236,0.26241954169868503,0.035339445082261445,0.10000000600915501,0.9316945828513565
2001,1.0,20dB_nominal_difference,real,linear_a_exact_conversion,REJECTED_PHYSICAL,XY,z,-0.0625,x,-0.0625,y,0.4375,0.255002531880477,0.283877812241433,0.02887528036095599,0.10000000600915501,0.9316945828513565
2001,1.0,20dB_nominal_difference,real,linear_a_exact_conversion,REJECTED_PHYSICAL,XY,z,-0.0625,x,0.0625,y,0.4375,0.2512553768125801,0.29114516632762116,0.039889789515041074,0.10000000600915501,0.9316945828513565
2001,1.0,20dB_nominal_difference,real,linear_a_exact_conversion,REJECTED_PHYSICAL,XY,z,-0.0625,x,0.1875,y,0.4375,0.24786304214956373,0.2842947842967399,0.03643174214717615,0.10000000600915501,0.9316945828513565
2001,1.0,20dB_nominal_difference,real,linear_a_exact_conversion,REJECTED_PHYSICAL,XY,z,-0.0625,x,0.3125,y,0.4375,0.24341302895259062,0.2650466370117562,0.02163360805916556,0.10000000600915501,0.9316945828513565
2001,1.0,20dB_nominal_difference,real,linear_a_exact_conversion,REJECTED_PHYSICAL,XY,z,-0.0625,x,0.4375,y,0.4375,0.20839060005756693,0.23654698568643956,0.028156385628872627,0.10000000600915501,0.9316945828513565
2001,1.0,20dB_nominal_difference,real,linear_a_exact_conversion,REJECTED_PHYSICAL,XY,z,-0.0625,x,0.5625,y,0.4375,0.15489601898677052,0.20278380997511786,0.047887790988347334,0.10000000600915501,0.9316945828513565
2001,1.0,20dB_nominal_difference,real,linear_a_exact_conversion,REJECTED_PHYSICAL,XY,z,-0.0625,x,0.6875,y,0.4375,0.11773851679414572,0.1697450598764243,0.052006543082278575,0.10000000600915501,0.9316945828513565
2001,1.0,20dB_nominal_difference,real,linear_a_exact_conversion,REJECTED_PHYSICAL,XY,z,-0.0625,x,-0.6875,y,0.5625,0.1003559096768723,0.05909748215558716,-0.04125842752128514,0.10000000600915501,0.9316945828513565
2001,1.0,20dB_nominal_difference,real,linear_a_exact_conversion,REJECTED_PHYSICAL,XY,z,-0.0625,x,-0.5625,y,0.5625,0.10222028492804464,0.09698497834032622,-0.005235306587718411,0.10000000600915501,0.9316945828513565
2001,1.0,20dB_nominal_difference,real,linear_a_exact_conversion,REJECTED_PHYSICAL,XY,z,-0.0625,x,-0.4375,y,0.5625,0.10913727806028901,0.1369703413207949,0.0278330632605059,0.10000000600915501,0.9316945828513565
2001,1.0,20dB_nominal_difference,real,linear_a_exact_conversion,REJECTED_PHYSICAL,XY,z,-0.0625,x,-0.3125,y,0.5625,0.12494046438860903,0.17511420394259494,0.05017373955398591,0.10000000600915501,0.9316945828513565
2001,1.0,20dB_nominal_difference,real,linear_a_exact_conversion,REJECTED_PHYSICAL,XY,z,-0.0625,x,-0.1875,y,0.5625,0.14612205742413914,0.2081044749450304,0.06198241752089126,0.10000000600915501,0.9316945828513565
2001,1.0,20dB_nominal_difference,real,linear_a_exact_conversion,REJECTED_PHYSICAL,XY,z,-0.0625,x,-0.0625,y,0.5625,0.16207226151280418,0.23281622003797048,0.0707439585251663,0.10000000600915501,0.9316945828513565
2001,1.0,20dB_nominal_difference,real,linear_a_exact_conversion,REJECTED_PHYSICAL,XY,z,-0.0625,x,0.0625,y,0.5625,0.17141133688533441,0.24681590691777666,0.07540457003244225,0.10000000600915501,0.9316945828513565
2001,1.0,20dB_nominal_difference,real,linear_a_exact_conversion,REJECTED_PHYSICAL,XY,z,-0.0625,x,0.1875,y,0.5625,0.17958861939133242,0.2489908481956878,0.06940222880435537,0.10000000600915501,0.9316945828513565
2001,1.0,20dB_nominal_difference,real,linear_a_exact_conversion,REJECTED_PHYSICAL,XY,z,-0.0625,x,0.3125,y,0.5625,0.17660099355584172,0.24002910782189882,0.0634281142660571,0.10000000600915501,0.9316945828513565
2001,1.0,20dB_nominal_difference,real,linear_a_exact_conversion,REJECTED_PHYSICAL,XY,z,-0.0625,x,0.4375,y,0.5625,0.15297691049428866,0.22249086996703457,0.06951395947274591,0.10000000600915501,0.9316945828513565
2001,1.0,20dB_nominal_difference,real,linear_a_exact_conversion,REJECTED_PHYSICAL,XY,z,-0.0625,x,0.5625,y,0.5625,0.12400536006734672,0.20039355855332217,0.07638819848597544,0.10000000600915501,0.9316945828513565
2001,1.0,20dB_nominal_difference,real,linear_a_exact_conversion,REJECTED_PHYSICAL,XY,z,-0.0625,x,0.6875,y,0.5625,0.10690885512842992,0.17940107356870877,0.07249221844027885,0.10000000600915501,0.9316945828513565
2001,1.0,20dB_nominal_difference,real,linear_a_exact_conversion,REJECTED_PHYSICAL,XY,z,-0.0625,x,-0.6875,y,0.6875,0.10008447943542029,0.03458092127821386,-0.06550355815720643,0.10000000600915501,0.9316945828513565
2001,1.0,20dB_nominal_difference,real,linear_a_exact_conversion,REJECTED_PHYSICAL,XY,z,-0.0625,x,-0.5625,y,0.6875,0.1005447510332622,0.05592735472546818,-0.04461739630779402,0.10000000600915501,0.9316945828513565
2001,1.0,20dB_nominal_difference,real,linear_a_exact_conversion,REJECTED_PHYSICAL,XY,z,-0.0625,x,-0.4375,y,0.6875,0.10232262764080495,0.08661714035512909,-0.015705487285675862,0.10000000600915501,0.9316945828513565
2001,1.0,20dB_nominal_difference,real,linear_a_exact_conversion,REJECTED_PHYSICAL,XY,z,-0.0625,x,-0.3125,y,0.6875,0.10661692509131052,0.12089563124612847,0.014278706154817952,0.10000000600915501,0.9316945828513565
2001,1.0,20dB_nominal_difference,real,linear_a_exact_conversion,REJECTED_PHYSICAL,XY,z,-0.0625,x,-0.1875,y,0.6875,0.11303193791873747,0.15471516460831128,0.041683226689573805,0.10000000600915501,0.9316945828513565
2001,1.0,20dB_nominal_difference,real,linear_a_exact_conversion,REJECTED_PHYSICAL,XY,z,-0.0625,x,-0.0625,y,0.6875,0.11937276688178071,0.1839263258688466,0.0645535589870659,0.10000000600915501,0.9316945828513565
2001,1.0,20dB_nominal_difference,real,linear_a_exact_conversion,REJECTED_PHYSICAL,XY,z,-0.0625,x,0.0625,y,0.6875,0.12481962777323295,0.20480396723321895,0.079984339459986,0.10000000600915501,0.9316945828513565
2001,1.0,20dB_nominal_difference,real,linear_a_exact_conversion,REJECTED_PHYSICAL,XY,z,-0.0625,x,0.1875,y,0.6875,0.12834929071443463,0.2149471894697464,0.08659789875531176,0.10000000600915501,0.9316945828513565
2001,1.0,20dB_nominal_difference,real,linear_a_exact_conversion,REJECTED_PHYSICAL,XY,z,-0.0625,x,0.3125,y,0.6875,0.12546993569784834,0.2141005475337546,0.08863061183590626,0.10000000600915501,0.9316945828513565
2001,1.0,20dB_nominal_difference,real,linear_a_exact_conversion,REJECTED_PHYSICAL,XY,z,-0.0625,x,0.4375,y,0.6875,0.11582540534158545,0.2045018617912433,0.08867645644965785,0.10000000600915501,0.9316945828513565
2001,1.0,20dB_nominal_difference,real,linear_a_exact_conversion,REJECTED_PHYSICAL,XY,z,-0.0625,x,0.5625,y,0.6875,0.10638547616199451,0.19070202657954904,0.08431655041755454,0.10000000600915501,0.9316945828513565
2001,1.0,20dB_nominal_difference,real,linear_a_exact_conversion,REJECTED_PHYSICAL,XY,z,-0.0625,x,0.6875,y,0.6875,0.10163460092111411,0.1808801251849818,0.0792455242638677,0.10000000600915501,0.9316945828513565
2001,1.0,20dB_nominal_difference,real,linear_a_exact_conversion,REJECTED_PHYSICAL,XZ,y,-0.0625,x,-0.6875,z,-0.6875,0.10291318459824714,0.03780851247406515,-0.06510467212418199,0.10000000600915501,0.9316945828513565
2001,1.0,20dB_nominal_difference,real,linear_a_exact_conversion,REJECTED_PHYSICAL,XZ,y,-0.0625,x,-0.5625,z,-0.6875,0.11546049002657596,0.15431477027301838,0.03885428024644241,0.10000000600915501,0.9316945828513565
2001,1.0,20dB_nominal_difference,real,linear_a_exact_conversion,REJECTED_PHYSICAL,XZ,y,-0.0625,x,-0.4375,z,-0.6875,0.15404043140061494,0.25448828156471975,0.10044785016410482,0.10000000600915501,0.9316945828513565
2001,1.0,20dB_nominal_difference,real,linear_a_exact_conversion,REJECTED_PHYSICAL,XZ,y,-0.0625,x,-0.3125,z,-0.6875,0.22440982016802116,0.32119342594628963,0.09678360577826847,0.10000000600915501,0.9316945828513565
2001,1.0,20dB_nominal_difference,real,linear_a_exact_conversion,REJECTED_PHYSICAL,XZ,y,-0.0625,x,-0.1875,z,-0.6875,0.28863871102744765,0.3475178479222029,0.05887913689475527,0.10000000600915501,0.9316945828513565
2001,1.0,20dB_nominal_difference,real,linear_a_exact_conversion,REJECTED_PHYSICAL,XZ,y,-0.0625,x,-0.0625,z,-0.6875,0.2883854178941376,0.3350187964754259,0.0466333785812883,0.10000000600915501,0.9316945828513565
2001,1.0,20dB_nominal_difference,real,linear_a_exact_conversion,REJECTED_PHYSICAL,XZ,y,-0.0625,x,0.0625,z,-0.6875,0.22390934619667607,0.2925604241821913,0.06865107798551523,0.10000000600915501,0.9316945828513565
2001,1.0,20dB_nominal_difference,real,linear_a_exact_conversion,REJECTED_PHYSICAL,XZ,y,-0.0625,x,0.1875,z,-0.6875,0.1536786126262088,0.2330954425011504,0.07941682987494161,0.10000000600915501,0.9316945828513565
2001,1.0,20dB_nominal_difference,real,linear_a_exact_conversion,REJECTED_PHYSICAL,XZ,y,-0.0625,x,0.3125,z,-0.6875,0.11531580262732725,0.17009355010358018,0.05477774747625293,0.10000000600915501,0.9316945828513565
2001,1.0,20dB_nominal_difference,real,linear_a_exact_conversion,REJECTED_PHYSICAL,XZ,y,-0.0625,x,0.4375,z,-0.6875,0.10287822780423593,0.11514453694375615,0.012266309139520218,0.10000000600915501,0.9316945828513565
2001,1.0,20dB_nominal_difference,real,linear_a_exact_conversion,REJECTED_PHYSICAL,XZ,y,-0.0625,x,0.5625,z,-0.6875,0.10035628237908936,0.07746222373518453,-0.022894058643904827,0.10000000600915501,0.9316945828513565
2001,1.0,20dB_nominal_difference,real,linear_a_exact_conversion,REJECTED_PHYSICAL,XZ,y,-0.0625,x,0.6875,z,-0.6875,0.10002906531016559,0.07115277039849009,-0.028876294911675496,0.10000000600915501,0.9316945828513565
2001,1.0,20dB_nominal_difference,real,linear_a_exact_conversion,REJECTED_PHYSICAL,XZ,y,-0.0625,x,-0.6875,z,-0.5625,0.10607231156288507,0.06768228837835448,-0.038390023184530594,0.10000000600915501,0.9316945828513565
2001,1.0,20dB_nominal_difference,real,linear_a_exact_conversion,REJECTED_PHYSICAL,XZ,y,-0.0625,x,-0.5625,z,-0.5625,0.13222621471145993,0.1814220245775585,0.04919580986609856,0.10000000600915501,0.9316945828513565
2001,1.0,20dB_nominal_difference,real,linear_a_exact_conversion,REJECTED_PHYSICAL,XZ,y,-0.0625,x,-0.4375,z,-0.5625,0.2126431660706112,0.2779330295333861,0.0652898634627749,0.10000000600915501,0.9316945828513565
2001,1.0,20dB_nominal_difference,real,linear_a_exact_conversion,REJECTED_PHYSICAL,XZ,y,-0.0625,x,-0.3125,z,-0.5625,0.3593228011778993,0.3431858399853104,-0.016136961192588894,0.10000000600915501,0.9316945828513565
2001,1.0,20dB_nominal_difference,real,linear_a_exact_conversion,REJECTED_PHYSICAL,XZ,y,-0.0625,x,-0.1875,z,-0.5625,0.4932030390785944,0.37053510952688185,-0.12266792955171257,0.10000000600915501,0.9316945828513565
2001,1.0,20dB_nominal_difference,real,linear_a_exact_conversion,REJECTED_PHYSICAL,XZ,y,-0.0625,x,-0.0625,z,-0.5625,0.4926750979995492,0.3606501789717049,-0.1320249190278443,0.10000000600915501,0.9316945828513565
2001,1.0,20dB_nominal_difference,real,linear_a_exact_conversion,REJECTED_PHYSICAL,XZ,y,-0.0625,x,0.0625,z,-0.5625,0.35827977814129675,0.32102984212110863,-0.03724993602018811,0.10000000600915501,0.9316945828513565
2001,1.0,20dB_nominal_difference,real,linear_a_exact_conversion,REJECTED_PHYSICAL,XZ,y,-0.0625,x,0.1875,z,-0.5625,0.21188957753242552,0.2633742533078387,0.051484675775413186,0.10000000600915501,0.9316945828513565
2001,1.0,20dB_nominal_difference,real,linear_a_exact_conversion,REJECTED_PHYSICAL,XZ,y,-0.0625,x,0.3125,z,-0.5625,0.13192587787640483,0.20039919397219044,0.06847331609578561,0.10000000600915501,0.9316945828513565
2001,1.0,20dB_nominal_difference,real,linear_a_exact_conversion,REJECTED_PHYSICAL,XZ,y,-0.0625,x,0.4375,z,-0.5625,0.10600109988729495,0.14353916031350647,0.03753806042621152,0.10000000600915501,0.9316945828513565
2001,1.0,20dB_nominal_difference,real,linear_a_exact_conversion,REJECTED_PHYSICAL,XZ,y,-0.0625,x,0.5625,z,-0.5625,0.10074401012398494,0.10213191584009075,0.0013879057161058084,0.10000000600915501,0.9316945828513565
2001,1.0,20dB_nominal_difference,real,linear_a_exact_conversion,REJECTED_PHYSICAL,XZ,y,-0.0625,x,0.6875,z,-0.5625,0.10006129239122362,0.08673289678121027,-0.013328395610013352,0.10000000600915501,0.9316945828513565
2001,1.0,20dB_nominal_difference,real,linear_a_exact_conversion,REJECTED_PHYSICAL,XZ,y,-0.0625,x,-0.6875,z,-0.4375,0.10977284609148798,0.09314134579221099,-0.016631500299276986,0.10000000600915501,0.9316945828513565
2001,1.0,20dB_nominal_difference,real,linear_a_exact_conversion,REJECTED_PHYSICAL,XZ,y,-0.0625,x,-0.5625,z,-0.4375,0.15186523011246558,0.20061446732581933,0.04874923721335375,0.10000000600915501,0.9316945828513565
2001,1.0,20dB_nominal_difference,real,linear_a_exact_conversion,REJECTED_PHYSICAL,XZ,y,-0.0625,x,-0.4375,z,-0.4375,0.28128917057122405,0.29227181143392433,0.010982640862700288,0.10000000600915501,0.9316945828513565
2001,1.0,20dB_nominal_difference,real,linear_a_exact_conversion,REJECTED_PHYSICAL,XZ,y,-0.0625,x,-0.3125,z,-0.4375,0.5173570194609473,0.35511028300787956,-0.1622467364530677,0.10000000600915501,0.9316945828513565
2001,1.0,20dB_nominal_difference,real,linear_a_exact_conversion,REJECTED_PHYSICAL,XZ,y,-0.0625,x,-0.1875,z,-0.4375,0.7328254356197617,0.3829765290037005,-0.34984890661606116,0.10000000600915501,0.9316945828513565
2001,1.0,20dB_nominal_difference,real,linear_a_exact_conversion,REJECTED_PHYSICAL,XZ,y,-0.0625,x,-0.0625,z,-0.4375,0.7319762919832448,0.37586549966643273,-0.35611079231681203,0.10000000600915501,0.9316945828513565
2001,1.0,20dB_nominal_difference,real,linear_a_exact_conversion,REJECTED_PHYSICAL,XZ,y,-0.0625,x,0.0625,z,-0.4375,0.515681582968196,0.3398143231681614,-0.1758672598000346,0.10000000600915501,0.9316945828513565
2001,1.0,20dB_nominal_difference,real,linear_a_exact_conversion,REJECTED_PHYSICAL,XZ,y,-0.0625,x,0.1875,z,-0.4375,0.28008716026754726,0.28491836588632663,0.004831205618779366,0.10000000600915501,0.9316945828513565
2001,1.0,20dB_nominal_difference,real,linear_a_exact_conversion,REJECTED_PHYSICAL,XZ,y,-0.0625,x,0.3125,z,-0.4375,0.15140465230636926,0.22262843853010514,0.07122378622373587,0.10000000600915501,0.9316945828513565
2001,1.0,20dB_nominal_difference,real,linear_a_exact_conversion,REJECTED_PHYSICAL,XZ,y,-0.0625,x,0.4375,z,-0.4375,0.10968830043688305,0.16352062240047144,0.05383232196358839,0.10000000600915501,0.9316945828513565
2001,1.0,20dB_nominal_difference,real,linear_a_exact_conversion,REJECTED_PHYSICAL,XZ,y,-0.0625,x,0.5625,z,-0.4375,0.10122227154090518,0.11597649603957005,0.01475422449866487,0.10000000600915501,0.9316945828513565
2001,1.0,20dB_nominal_difference,real,linear_a_exact_conversion,REJECTED_PHYSICAL,XZ,y,-0.0625,x,0.6875,z,-0.4375,0.10011151966643468,0.08903168183960782,-0.011079837826826866,0.10000000600915501,0.9316945828513565
2001,1.0,20dB_nominal_difference,real,linear_a_exact_conversion,REJECTED_PHYSICAL,XZ,y,-0.0625,x,-0.6875,z,-0.3125,0.11214420370539707,0.11248856161650564,0.00034435791110856706,0.10000000600915501,0.9316945828513565
2001,1.0,20dB_nominal_difference,real,linear_a_exact_conversion,REJECTED_PHYSICAL,XZ,y,-0.0625,x,-0.5625,z,-0.3125,0.1644502036042143,0.2105822135548302,0.04613200995061589,0.10000000600915501,0.9316945828513565
2001,1.0,20dB_nominal_difference,real,linear_a_exact_conversion,REJECTED_PHYSICAL,XZ,y,-0.0625,x,-0.4375,z,-0.3125,0.3252785546943639,0.2957052529564546,-0.029573301737909286,0.10000000600915501,0.9316945828513565
2001,1.0,20dB_nominal_difference,real,linear_a_exact_conversion,REJECTED_PHYSICAL,XZ,y,-0.0625,x,-0.3125,z,-0.3125,0.618627754958439,0.3556588597278893,-0.2629688952305497,0.10000000600915501,0.9316945828513565
2001,1.0,20dB_nominal_difference,real,linear_a_exact_conversion,REJECTED_PHYSICAL,XZ,y,-0.0625,x,-0.1875,z,-0.3125,0.8863797976910598,0.38447522428306763,-0.5019045734079921,0.10000000600915501,0.9316945828513565
2001,1.0,20dB_nominal_difference,real,linear_a_exact_conversion,REJECTED_PHYSICAL,XZ,y,-0.0625,x,-0.0625,z,-0.3125,0.8853305904537354,0.3813012203244607,-0.5040293701292747,0.10000000600915501,0.9316945828513565
2001,1.0,20dB_nominal_difference,real,linear_a_exact_conversion,REJECTED_PHYSICAL,XZ,y,-0.0625,x,0.0625,z,-0.3125,0.6165820197691554,0.35046213916202085,-0.26611988060713454,0.10000000600915501,0.9316945828513565
2001,1.0,20dB_nominal_difference,real,linear_a_exact_conversion,REJECTED_PHYSICAL,XZ,y,-0.0625,x,0.1875,z,-0.3125,0.32390683580753876,0.300080275578892,-0.023826560228646765,0.10000000600915501,0.9316945828513565
2001,1.0,20dB_nominal_difference,real,linear_a_exact_conversion,REJECTED_PHYSICAL,XZ,y,-0.0625,x,0.3125,z,-0.3125,0.16413463265473302,0.23993240342975516,0.07579777077502214,0.10000000600915501,0.9316945828513565
2001,1.0,20dB_nominal_difference,real,linear_a_exact_conversion,REJECTED_PHYSICAL,XZ,y,-0.0625,x,0.4375,z,-0.3125,0.11237788718970991,0.17943608247093215,0.06705819528122224,0.10000000600915501,0.9316945828513565
2001,1.0,20dB_nominal_difference,real,linear_a_exact_conversion,REJECTED_PHYSICAL,XZ,y,-0.0625,x,0.5625,z,-0.3125,0.10179889325449674,0.1262548694384043,0.02445597618390756,0.10000000600915501,0.9316945828513565
2001,1.0,20dB_nominal_difference,real,linear_a_exact_conversion,REJECTED_PHYSICAL,XZ,y,-0.0625,x,0.6875,z,-0.3125,0.1002836516556748,0.08950900232953797,-0.010774649326136823,0.10000000600915501,0.9316945828513565
2001,1.0,20dB_nominal_difference,real,linear_a_exact_conversion,REJECTED_PHYSICAL,XZ,y,-0.0625,x,-0.6875,z,-0.1875,0.11165193354924287,0.12288860655756692,0.011236673008324052,0.10000000600915501,0.9316945828513565
2001,1.0,20dB_nominal_difference,real,linear_a_exact_conversion,REJECTED_PHYSICAL,XZ,y,-0.0625,x,-0.5625,z,-0.1875,0.1618376892964568,0.20952549121195452,0.04768780191549771,0.10000000600915501,0.9316945828513565
2001,1.0,20dB_nominal_difference,real,linear_a_exact_conversion,REJECTED_PHYSICAL,XZ,y,-0.0625,x,-0.4375,z,-0.1875,0.3161468167065895,0.28649599617109667,-0.02965082053549284,0.10000000600915501,0.9316945828513565
2001,1.0,20dB_nominal_difference,real,linear_a_exact_conversion,REJECTED_PHYSICAL,XZ,y,-0.0625,x,-0.3125,z,-0.1875,0.5976053749803595,0.34285435105213335,-0.25475102392822613,0.10000000600915501,0.9316945828513565
2001,1.0,20dB_nominal_difference,real,linear_a_exact_conversion,REJECTED_PHYSICAL,XZ,y,-0.0625,x,-0.1875,z,-0.1875,0.8545090934455207,0.37286178336943876,-0.48164731007608197,0.10000000600915501,0.9316945828513565
2001,1.0,20dB_nominal_difference,real,linear_a_exact_conversion,REJECTED_PHYSICAL,XZ,y,-0.0625,x,-0.0625,z,-0.1875,0.8535440971175853,0.37476090845391363,-0.47878318866367164,0.10000000600915501,0.9316945828513565
2001,1.0,20dB_nominal_difference,real,linear_a_exact_conversion,REJECTED_PHYSICAL,XZ,y,-0.0625,x,0.0625,z,-0.1875,0.5958952121257558,0.3510044898064507,-0.2448907223193051,0.10000000600915501,0.9316945828513565
2001,1.0,20dB_nominal_difference,real,linear_a_exact_conversion,REJECTED_PHYSICAL,XZ,y,-0.0625,x,0.1875,z,-0.1875,0.31568087560700336,0.3074548268495978,-0.008226048757405569,0.10000000600915501,0.9316945828513565
2001,1.0,20dB_nominal_difference,real,linear_a_exact_conversion,REJECTED_PHYSICAL,XZ,y,-0.0625,x,0.3125,z,-0.1875,0.16332485453803722,0.2518793999377051,0.08855454539966787,0.10000000600915501,0.9316945828513565
2001,1.0,20dB_nominal_difference,real,linear_a_exact_conversion,REJECTED_PHYSICAL,XZ,y,-0.0625,x,0.4375,z,-0.1875,0.11423757594009891,0.19232554976017585,0.07808797382007694,0.10000000600915501,0.9316945828513565
2001,1.0,20dB_nominal_difference,real,linear_a_exact_conversion,REJECTED_PHYSICAL,XZ,y,-0.0625,x,0.5625,z,-0.1875,0.10367817561264485,0.13584495056450435,0.0321667749518595,0.10000000600915501,0.9316945828513565
2001,1.0,20dB_nominal_difference,real,linear_a_exact_conversion,REJECTED_PHYSICAL,XZ,y,-0.0625,x,0.6875,z,-0.1875,0.10128347098942649,0.09181886293826642,-0.009464608051160062,0.10000000600915501,0.9316945828513565
2001,1.0,20dB_nominal_difference,real,linear_a_exact_conversion,REJECTED_PHYSICAL,XZ,y,-0.0625,x,-0.6875,z,-0.0625,0.1086319303622552,0.12401886103089534,0.015386930668640136,0.10000000600915501,0.9316945828513565
2001,1.0,20dB_nominal_difference,real,linear_a_exact_conversion,REJECTED_PHYSICAL,XZ,y,-0.0625,x,-0.5625,z,-0.0625,0.14581030690719132,0.19773967294312858,0.05192936603593726,0.10000000600915501,0.9316945828513565
2001,1.0,20dB_nominal_difference,real,linear_a_exact_conversion,REJECTED_PHYSICAL,XZ,y,-0.0625,x,-0.4375,z,-0.0625,0.260124942599339,0.26522229863935903,0.00509735604002004,0.10000000600915501,0.9316945828513565
2001,1.0,20dB_nominal_difference,real,linear_a_exact_conversion,REJECTED_PHYSICAL,XZ,y,-0.0625,x,-0.3125,z,-0.0625,0.4686354000592555,0.31713475958761816,-0.15150064047163736,0.10000000600915501,0.9316945828513565
2001,1.0,20dB_nominal_difference,real,linear_a_exact_conversion,REJECTED_PHYSICAL,XZ,y,-0.0625,x,-0.1875,z,-0.0625,0.658975602264724,0.3481778830778181,-0.31079771918690585,0.10000000600915501,0.9316945828513565
2001,1.0,20dB_nominal_difference,real,linear_a_exact_conversion,REJECTED_PHYSICAL,XZ,y,-0.0625,x,-0.0625,z,-0.0625,0.6584401254504064,0.3558412043363463,-0.3025989211140601,0.10000000600915501,0.9316945828513565
2001,1.0,20dB_nominal_difference,real,linear_a_exact_conversion,REJECTED_PHYSICAL,XZ,y,-0.0625,x,0.0625,z,-0.0625,0.4684559578600319,0.34075431350923435,-0.12770164435079756,0.10000000600915501,0.9316945828513565
2001,1.0,20dB_nominal_difference,real,linear_a_exact_conversion,REJECTED_PHYSICAL,XZ,y,-0.0625,x,0.1875,z,-0.0625,0.2634391773756436,0.3064073844818411,0.04296820710619753,0.10000000600915501,0.9316945828513565
2001,1.0,20dB_nominal_difference,real,linear_a_exact_conversion,REJECTED_PHYSICAL,XZ,y,-0.0625,x,0.3125,z,-0.0625,0.15461648871629483,0.25831084339171484,0.10369435467542001,0.10000000600915501,0.9316945828513565
2001,1.0,20dB_nominal_difference,real,linear_a_exact_conversion,REJECTED_PHYSICAL,XZ,y,-0.0625,x,0.4375,z,-0.0625,0.12071173516744532,0.20287703643479285,0.08216530126734753,0.10000000600915501,0.9316945828513565
2001,1.0,20dB_nominal_difference,real,linear_a_exact_conversion,REJECTED_PHYSICAL,XZ,y,-0.0625,x,0.5625,z,-0.0625,0.11112771864288029,0.14636674465443753,0.035239026011557234,0.10000000600915501,0.9316945828513565
2001,1.0,20dB_nominal_difference,real,linear_a_exact_conversion,REJECTED_PHYSICAL,XZ,y,-0.0625,x,0.6875,z,-0.0625,0.10530383314727672,0.09817166898917214,-0.007132164158104581,0.10000000600915501,0.9316945828513565
2001,1.0,20dB_nominal_difference,real,linear_a_exact_conversion,REJECTED_PHYSICAL,XZ,y,-0.0625,x,-0.6875,z,0.0625,0.10493740594683888,0.11808242170115639,0.013145015754317507,0.10000000600915501,0.9316945828513565
2001,1.0,20dB_nominal_difference,real,linear_a_exact_conversion,REJECTED_PHYSICAL,XZ,y,-0.0625,x,-0.5625,z,0.0625,0.12620319207139394,0.1777752404261295,0.051572048354735556,0.10000000600915501,0.9316945828513565
2001,1.0,20dB_nominal_difference,real,linear_a_exact_conversion,REJECTED_PHYSICAL,XZ,y,-0.0625,x,-0.4375,z,0.0625,0.1915905966188143,0.23460846495249615,0.04301786833368185,0.10000000600915501,0.9316945828513565
2001,1.0,20dB_nominal_difference,real,linear_a_exact_conversion,REJECTED_PHYSICAL,XZ,y,-0.0625,x,-0.3125,z,0.0625,0.31086156614461674,0.28103772089888973,-0.02982384524572701,0.10000000600915501,0.9316945828513565
2001,1.0,20dB_nominal_difference,real,linear_a_exact_conversion,REJECTED_PHYSICAL,XZ,y,-0.0625,x,-0.1875,z,0.0625,0.4197931908029856,0.31242003791173695,-0.10737315289124866,0.10000000600915501,0.9316945828513565
2001,1.0,20dB_nominal_difference,real,linear_a_exact_conversion,REJECTED_PHYSICAL,XZ,y,-0.0625,x,-0.0625,z,0.0625,0.41996236518319985,0.32577861132781233,-0.09418375385538752,0.10000000600915501,0.9316945828513565
2001,1.0,20dB_nominal_difference,real,linear_a_exact_conversion,REJECTED_PHYSICAL,XZ,y,-0.0625,x,0.0625,z,0.0625,0.3136409372943356,0.32018537346265075,0.006544436168315126,0.10000000600915501,0.9316945828513565
2001,1.0,20dB_nominal_difference,real,linear_a_exact_conversion,REJECTED_PHYSICAL,XZ,y,-0.0625,x,0.1875,z,0.0625,0.2031844577336356,0.29687311531398736,0.09368865758035175,0.10000000600915501,0.9316945828513565
2001,1.0,20dB_nominal_difference,real,linear_a_exact_conversion,REJECTED_PHYSICAL,XZ,y,-0.0625,x,0.3125,z,0.0625,0.1516585841340695,0.2589955447077197,0.10733696057365019,0.10000000600915501,0.9316945828513565
2001,1.0,20dB_nominal_difference,real,linear_a_exact_conversion,REJECTED_PHYSICAL,XZ,y,-0.0625,x,0.4375,z,0.0625,0.13878437408976096,0.21106184514780313,0.07227747105804216,0.10000000600915501,0.9316945828513565
2001,1.0,20dB_nominal_difference,real,linear_a_exact_conversion,REJECTED_PHYSICAL,XZ,y,-0.0625,x,0.5625,z,0.0625,0.12863419706309265,0.15819857372176052,0.029564376658667874,0.10000000600915501,0.9316945828513565
2001,1.0,20dB_nominal_difference,real,linear_a_exact_conversion,REJECTED_PHYSICAL,XZ,y,-0.0625,x,0.6875,z,0.0625,0.11457009000250318,0.10939655913096386,-0.0051735308715393225,0.10000000600915501,0.9316945828513565
2001,1.0,20dB_nominal_difference,real,linear_a_exact_conversion,REJECTED_PHYSICAL,XZ,y,-0.0625,x,-0.6875,z,0.1875,0.10218057355436877,0.10877269434517056,0.006592120790801792,0.10000000600915501,0.9316945828513565
2001,1.0,20dB_nominal_difference,real,linear_a_exact_conversion,REJECTED_PHYSICAL,XZ,y,-0.0625,x,-0.5625,z,0.1875,0.11157248004682706,0.1534921947049536,0.041919714658126536,0.10000000600915501,0.9316945828513565
2001,1.0,20dB_nominal_difference,real,linear_a_exact_conversion,REJECTED_PHYSICAL,XZ,y,-0.0625,x,-0.4375,z,0.1875,0.14045073780303613,0.19858396483038845,0.058133227027352324,0.10000000600915501,0.9316945828513565
2001,1.0,20dB_nominal_difference,real,linear_a_exact_conversion,REJECTED_PHYSICAL,XZ,y,-0.0625,x,-0.3125,z,0.1875,0.19313313446591374,0.2382803326376866,0.04514719817177287,0.10000000600915501,0.9316945828513565
2001,1.0,20dB_nominal_difference,real,linear_a_exact_conversion,REJECTED_PHYSICAL,XZ,y,-0.0625,x,-0.1875,z,0.1875,0.24133684521131243,0.2687426184811889,0.027405773269876477,0.10000000600915501,0.9316945828513565
2001,1.0,20dB_nominal_difference,real,linear_a_exact_conversion,REJECTED_PHYSICAL,XZ,y,-0.0625,x,-0.0625,z,0.1875,0.24218420132429894,0.28685050190900135,0.04466630058470242,0.10000000600915501,0.9316945828513565
2001,1.0,20dB_nominal_difference,real,linear_a_exact_conversion,REJECTED_PHYSICAL,XZ,y,-0.0625,x,0.0625,z,0.1875,0.19904397316173364,0.29052561903974555,0.09148164587801191,0.10000000600915501,0.9316945828513565
2001,1.0,20dB_nominal_difference,real,linear_a_exact_conversion,REJECTED_PHYSICAL,XZ,y,-0.0625,x,0.1875,z,0.1875,0.16133083934880801,0.2790720611459136,0.11774122179710558,0.10000000600915501,0.9316945828513565
2001,1.0,20dB_nominal_difference,real,linear_a_exact_conversion,REJECTED_PHYSICAL,XZ,y,-0.0625,x,0.3125,z,0.1875,0.15599501697094545,0.2533978596084711,0.09740284263752566,0.10000000600915501,0.9316945828513565
2001,1.0,20dB_nominal_difference,real,linear_a_exact_conversion,REJECTED_PHYSICAL,XZ,y,-0.0625,x,0.4375,z,0.1875,0.16090289062399823,0.21596288644468456,0.055059995820686325,0.10000000600915501,0.9316945828513565
2001,1.0,20dB_nominal_difference,real,linear_a_exact_conversion,REJECTED_PHYSICAL,XZ,y,-0.0625,x,0.5625,z,0.1875,0.14883420192243652,0.1704031869183011,0.0215689849958646,0.10000000600915501,0.9316945828513565
2001,1.0,20dB_nominal_difference,real,linear_a_exact_conversion,REJECTED_PHYSICAL,XZ,y,-0.0625,x,0.6875,z,0.1875,0.12518164673651522,0.12481698414828389,-0.00036466258823132647,0.10000000600915501,0.9316945828513565
2001,1.0,20dB_nominal_difference,real,linear_a_exact_conversion,REJECTED_PHYSICAL,XZ,y,-0.0625,x,-0.6875,z,0.3125,0.1007435731248137,0.09985823671635252,-0.000885336408461182,0.10000000600915501,0.9316945828513565
2001,1.0,20dB_nominal_difference,real,linear_a_exact_conversion,REJECTED_PHYSICAL,XZ,y,-0.0625,x,-0.5625,z,0.3125,0.10394621150546675,0.12875640678278025,0.0248101952773135,0.10000000600915501,0.9316945828513565
2001,1.0,20dB_nominal_difference,real,linear_a_exact_conversion,REJECTED_PHYSICAL,XZ,y,-0.0625,x,-0.4375,z,0.3125,0.11379399302796561,0.1610811862645071,0.047287193236541486,0.10000000600915501,0.9316945828513565
2001,1.0,20dB_nominal_difference,real,linear_a_exact_conversion,REJECTED_PHYSICAL,XZ,y,-0.0625,x,-0.3125,z,0.3125,0.13176570126692927,0.1926562063617601,0.06089050509483082,0.10000000600915501,0.9316945828513565
2001,1.0,20dB_nominal_difference,real,linear_a_exact_conversion,REJECTED_PHYSICAL,XZ,y,-0.0625,x,-0.1875,z,0.3125,0.1482969383158086,0.22050739831702518,0.07221046000121659,0.10000000600915501,0.9316945828513565
2001,1.0,20dB_nominal_difference,real,linear_a_exact_conversion,REJECTED_PHYSICAL,XZ,y,-0.0625,x,-0.0625,z,0.3125,0.1493509123910043,0.24165477646694214,0.09230386407593785,0.10000000600915501,0.9316945828513565
2001,1.0,20dB_nominal_difference,real,linear_a_exact_conversion,REJECTED_PHYSICAL,XZ,y,-0.0625,x,0.0625,z,0.3125,0.1384184813435622,0.25331077896552867,0.11489229762196648,0.10000000600915501,0.9316945828513565
2001,1.0,20dB_nominal_difference,real,linear_a_exact_conversion,REJECTED_PHYSICAL,XZ,y,-0.0625,x,0.1875,z,0.3125,0.13651851186502503,0.25330987585959175,0.11679136399456672,0.10000000600915501,0.9316945828513565
2001,1.0,20dB_nominal_difference,real,linear_a_exact_conversion,REJECTED_PHYSICAL,XZ,y,-0.0625,x,0.3125,z,0.3125,0.15194756578828378,0.24063724257657215,0.08868967678828837,0.10000000600915501,0.9316945828513565
2001,1.0,20dB_nominal_difference,real,linear_a_exact_conversion,REJECTED_PHYSICAL,XZ,y,-0.0625,x,0.4375,z,0.3125,0.1641104250991271,0.2157976235776472,0.0516871984785201,0.10000000600915501,0.9316945828513565
2001,1.0,20dB_nominal_difference,real,linear_a_exact_conversion,REJECTED_PHYSICAL,XZ,y,-0.0625,x,0.5625,z,0.3125,0.15248385036603143,0.18076945784227022,0.02828560747623879,0.10000000600915501,0.9316945828513565
2001,1.0,20dB_nominal_difference,real,linear_a_exact_conversion,REJECTED_PHYSICAL,XZ,y,-0.0625,x,0.6875,z,0.3125,0.12714901436724077,0.1423087757857467,0.015159761418505918,0.10000000600915501,0.9316945828513565
2001,1.0,20dB_nominal_difference,real,linear_a_exact_conversion,REJECTED_PHYSICAL,XZ,y,-0.0625,x,-0.6875,z,0.4375,0.10019577522434044,0.09391939588300921,-0.006276379341331226,0.10000000600915501,0.9316945828513565
2001,1.0,20dB_nominal_difference,real,linear_a_exact_conversion,REJECTED_PHYSICAL,XZ,y,-0.0625,x,-0.5625,z,0.4375,0.10103900254906549,0.10637439519890696,0.005335392649841467,0.10000000600915501,0.9316945828513565
2001,1.0,20dB_nominal_difference,real,linear_a_exact_conversion,REJECTED_PHYSICAL,XZ,y,-0.0625,x,-0.4375,z,0.4375,0.10363201899043296,0.1251047269474598,0.02147270795702684,0.10000000600915501,0.9316945828513565
2001,1.0,20dB_nominal_difference,real,linear_a_exact_conversion,REJECTED_PHYSICAL,XZ,y,-0.0625,x,-0.3125,z,0.4375,0.10836800822145884,0.14719223862254122,0.03882423040108238,0.10000000600915501,0.9316945828513565
2001,1.0,20dB_nominal_difference,real,linear_a_exact_conversion,REJECTED_PHYSICAL,XZ,y,-0.0625,x,-0.1875,z,0.4375,0.11277653713764532,0.1705558458114305,0.05777930867378517,0.10000000600915501,0.9316945828513565
2001,1.0,20dB_nominal_difference,real,linear_a_exact_conversion,REJECTED_PHYSICAL,XZ,y,-0.0625,x,-0.0625,z,0.4375,0.11351082863467063,0.19257157095703742,0.07906074232236679,0.10000000600915501,0.9316945828513565
2001,1.0,20dB_nominal_difference,real,linear_a_exact_conversion,REJECTED_PHYSICAL,XZ,y,-0.0625,x,0.0625,z,0.4375,0.1128884445114052,0.2101138545381611,0.09722541002675589,0.10000000600915501,0.9316945828513565
2001,1.0,20dB_nominal_difference,real,linear_a_exact_conversion,REJECTED_PHYSICAL,XZ,y,-0.0625,x,0.1875,z,0.4375,0.1189324241042333,0.2200030576492717,0.1010706335450384,0.10000000600915501,0.9316945828513565
2001,1.0,20dB_nominal_difference,real,linear_a_exact_conversion,REJECTED_PHYSICAL,XZ,y,-0.0625,x,0.3125,z,0.4375,0.13329370703991425,0.21973080306475426,0.08643709602484001,0.10000000600915501,0.9316945828513565
2001,1.0,20dB_nominal_difference,real,linear_a_exact_conversion,REJECTED_PHYSICAL,XZ,y,-0.0625,x,0.4375,z,0.4375,0.1427591236510871,0.20819431433477187,0.06543519068368478,0.10000000600915501,0.9316945828513565
2001,1.0,20dB_nominal_difference,real,linear_a_exact_conversion,REJECTED_PHYSICAL,XZ,y,-0.0625,x,0.5625,z,0.4375,0.13521311207798298,0.18600519082502284,0.050792078747039865,0.10000000600915501,0.9316945828513565
2001,1.0,20dB_nominal_difference,real,linear_a_exact_conversion,REJECTED_PHYSICAL,XZ,y,-0.0625,x,0.6875,z,0.4375,0.11823133133149435,0.15859712986067465,0.04036579852918029,0.10000000600915501,0.9316945828513565
2001,1.0,20dB_nominal_difference,real,linear_a_exact_conversion,REJECTED_PHYSICAL,XZ,y,-0.0625,x,-0.6875,z,0.5625,0.10003979906963714,0.0913569359748185,-0.008682863094818638,0.10000000600915501,0.9316945828513565
2001,1.0,20dB_nominal_difference,real,linear_a_exact_conversion,REJECTED_PHYSICAL,XZ,y,-0.0625,x,-0.5625,z,0.5625,0.10021122029394101,0.08758003763026899,-0.012631182663672025,0.10000000600915501,0.9316945828513565
2001,1.0,20dB_nominal_difference,real,linear_a_exact_conversion,REJECTED_PHYSICAL,XZ,y,-0.0625,x,-0.4375,z,0.5625,0.1007384228546481,0.09231276691456099,-0.00842565594008711,0.10000000600915501,0.9316945828513565
2001,1.0,20dB_nominal_difference,real,linear_a_exact_conversion,REJECTED_PHYSICAL,XZ,y,-0.0625,x,-0.3125,z,0.5625,0.1017026922759844,0.1037467448692144,0.0020440525932299974,0.10000000600915501,0.9316945828513565
2001,1.0,20dB_nominal_difference,real,linear_a_exact_conversion,REJECTED_PHYSICAL,XZ,y,-0.0625,x,-0.1875,z,0.5625,0.10261869982254043,0.12086746313786109,0.01824876331532066,0.10000000600915501,0.9316945828513565
2001,1.0,20dB_nominal_difference,real,linear_a_exact_conversion,REJECTED_PHYSICAL,XZ,y,-0.0625,x,-0.0625,z,0.5625,0.10292941156573532,0.1415412001445138,0.03861178857877848,0.10000000600915501,0.9316945828513565
2001,1.0,20dB_nominal_difference,real,linear_a_exact_conversion,REJECTED_PHYSICAL,XZ,y,-0.0625,x,0.0625,z,0.5625,0.10360020211361072,0.1625302022255733,0.058930000111962574,0.10000000600915501,0.9316945828513565
2001,1.0,20dB_nominal_difference,real,linear_a_exact_conversion,REJECTED_PHYSICAL,XZ,y,-0.0625,x,0.1875,z,0.5625,0.10714172335868354,0.17996552750607414,0.0728238041473906,0.10000000600915501,0.9316945828513565
2001,1.0,20dB_nominal_difference,real,linear_a_exact_conversion,REJECTED_PHYSICAL,XZ,y,-0.0625,x,0.3125,z,0.5625,0.11370105986400392,0.19018262653991264,0.07648156667590872,0.10000000600915501,0.9316945828513565
2001,1.0,20dB_nominal_difference,real,linear_a_exact_conversion,REJECTED_PHYSICAL,XZ,y,-0.0625,x,0.4375,z,0.5625,0.11783875597094998,0.1908012522464081,0.07296249627545812,0.10000000600915501,0.9316945828513565
2001,1.0,20dB_nominal_difference,real,linear_a_exact_conversion,REJECTED_PHYSICAL,XZ,y,-0.0625,x,0.5625,z,0.5625,0.11471970445327126,0.1818165346018651,0.06709683014859383,0.10000000600915501,0.9316945828513565
2001,1.0,20dB_nominal_difference,real,linear_a_exact_conversion,REJECTED_PHYSICAL,XZ,y,-0.0625,x,0.6875,z,0.5625,0.1076232633353142,0.16940774855758126,0.06178448522226705,0.10000000600915501,0.9316945828513565
2001,1.0,20dB_nominal_difference,real,linear_a_exact_conversion,REJECTED_PHYSICAL,XZ,y,-0.0625,x,-0.6875,z,0.6875,0.1000062469667634,0.09003831320586153,-0.009967933760901868,0.10000000600915501,0.9316945828513565
2001,1.0,20dB_nominal_difference,real,linear_a_exact_conversion,REJECTED_PHYSICAL,XZ,y,-0.0625,x,-0.5625,z,0.6875,0.10003315406925006,0.07264366949095001,-0.027389484578300052,0.10000000600915501,0.9316945828513565
2001,1.0,20dB_nominal_difference,real,linear_a_exact_conversion,REJECTED_PHYSICAL,XZ,y,-0.0625,x,-0.4375,z,0.6875,0.10011591910464171,0.06261656216301482,-0.037499356941626885,0.10000000600915501,0.9316945828513565
2001,1.0,20dB_nominal_difference,real,linear_a_exact_conversion,REJECTED_PHYSICAL,XZ,y,-0.0625,x,-0.3125,z,0.6875,0.10026757356203281,0.06186873671640863,-0.03839883684562418,0.10000000600915501,0.9316945828513565
2001,1.0,20dB_nominal_difference,real,linear_a_exact_conversion,REJECTED_PHYSICAL,XZ,y,-0.0625,x,-0.1875,z,0.6875,0.1004153361485698,0.07073531953247997,-0.029680016616089835,0.10000000600915501,0.9316945828513565
2001,1.0,20dB_nominal_difference,real,linear_a_exact_conversion,REJECTED_PHYSICAL,XZ,y,-0.0625,x,-0.0625,z,0.6875,0.10049658750101519,0.08757962150323427,-0.012916965997780916,0.10000000600915501,0.9316945828513565
2001,1.0,20dB_nominal_difference,real,linear_a_exact_conversion,REJECTED_PHYSICAL,XZ,y,-0.0625,x,0.0625,z,0.6875,0.10076229584922132,0.1091812565552796,0.008418960706058284,0.10000000600915501,0.9316945828513565
2001,1.0,20dB_nominal_difference,real,linear_a_exact_conversion,REJECTED_PHYSICAL,XZ,y,-0.0625,x,0.1875,z,0.6875,0.10178352509207676,0.13122504714789834,0.02944152205582158,0.10000000600915501,0.9316945828513565
2001,1.0,20dB_nominal_difference,real,linear_a_exact_conversion,REJECTED_PHYSICAL,XZ,y,-0.0625,x,0.3125,z,0.6875,0.1035454290085949,0.14908289580694253,0.04553746679834764,0.10000000600915501,0.9316945828513565
2001,1.0,20dB_nominal_difference,real,linear_a_exact_conversion,REJECTED_PHYSICAL,XZ,y,-0.0625,x,0.4375,z,0.6875,0.10464024269122302,0.158935619598523,0.05429537690729999,0.10000000600915501,0.9316945828513565
2001,1.0,20dB_nominal_difference,real,linear_a_exact_conversion,REJECTED_PHYSICAL,XZ,y,-0.0625,x,0.5625,z,0.6875,0.10383176183806127,0.1594964931099447,0.05566473127188344,0.10000000600915501,0.9316945828513565
2001,1.0,20dB_nominal_difference,real,linear_a_exact_conversion,REJECTED_PHYSICAL,XZ,y,-0.0625,x,0.6875,z,0.6875,0.1019846703829208,0.16184135992936363,0.059856689546442826,0.10000000600915501,0.9316945828513565
2001,1.0,20dB_nominal_difference,real,linear_a_exact_conversion,REJECTED_PHYSICAL,YZ,x,-0.0625,y,-0.6875,z,-0.6875,0.1025812914718184,0.08341281015674111,-0.019168481315077285,0.10000000600915501,0.9316945828513565
2001,1.0,20dB_nominal_difference,real,linear_a_exact_conversion,REJECTED_PHYSICAL,YZ,x,-0.0625,y,-0.5625,z,-0.6875,0.11038274032687102,0.13906091524922398,0.02867817492235296,0.10000000600915501,0.9316945828513565
2001,1.0,20dB_nominal_difference,real,linear_a_exact_conversion,REJECTED_PHYSICAL,YZ,x,-0.0625,y,-0.4375,z,-0.6875,0.13197941306849825,0.19908233225433722,0.06710291918583897,0.10000000600915501,0.9316945828513565
2001,1.0,20dB_nominal_difference,real,linear_a_exact_conversion,REJECTED_PHYSICAL,YZ,x,-0.0625,y,-0.3125,z,-0.6875,0.17542451660236377,0.25768346695319005,0.08225895035082628,0.10000000600915501,0.9316945828513565
2001,1.0,20dB_nominal_difference,real,linear_a_exact_conversion,REJECTED_PHYSICAL,YZ,x,-0.0625,y,-0.1875,z,-0.6875,0.23621913964066735,0.30588114921083615,0.0696620095701688,0.10000000600915501,0.9316945828513565
2001,1.0,20dB_nominal_difference,real,linear_a_exact_conversion,REJECTED_PHYSICAL,YZ,x,-0.0625,y,-0.0625,z,-0.6875,0.2883854178941376,0.3350187964754259,0.0466333785812883,0.10000000600915501,0.9316945828513565
2001,1.0,20dB_nominal_difference,real,linear_a_exact_conversion,REJECTED_PHYSICAL,YZ,x,-0.0625,y,0.0625,z,-0.6875,0.2994986646854076,0.33949275108385796,0.03999408639845037,0.10000000600915501,0.9316945828513565
2001,1.0,20dB_nominal_difference,real,linear_a_exact_conversion,REJECTED_PHYSICAL,YZ,x,-0.0625,y,0.1875,z,-0.6875,0.26177681887447823,0.3189109604446452,0.05713414157016694,0.10000000600915501,0.9316945828513565
2001,1.0,20dB_nominal_difference,real,linear_a_exact_conversion,REJECTED_PHYSICAL,YZ,x,-0.0625,y,0.3125,z,-0.6875,0.20045608460078157,0.27822378406086934,0.07776769946008777,0.10000000600915501,0.9316945828513565
2001,1.0,20dB_nominal_difference,real,linear_a_exact_conversion,REJECTED_PHYSICAL,YZ,x,-0.0625,y,0.4375,z,-0.6875,0.14776612110937076,0.22566360886428222,0.07789748775491145,0.10000000600915501,0.9316945828513565
2001,1.0,20dB_nominal_difference,real,linear_a_exact_conversion,REJECTED_PHYSICAL,YZ,x,-0.0625,y,0.5625,z,-0.6875,0.11739192145340481,0.16988043016353963,0.052488508710134815,0.10000000600915501,0.9316945828513565
2001,1.0,20dB_nominal_difference,real,linear_a_exact_conversion,REJECTED_PHYSICAL,YZ,x,-0.0625,y,0.6875,z,-0.6875,0.10484907524445315,0.12098187686803068,0.016132801623577525,0.10000000600915501,0.9316945828513565
2001,1.0,20dB_nominal_difference,real,linear_a_exact_conversion,REJECTED_PHYSICAL,YZ,x,-0.0625,y,-0.6875,z,-0.5625,0.10538050560233012,0.10560971410203547,0.00022920849970535506,0.10000000600915501,0.9316945828513565
2001,1.0,20dB_nominal_difference,real,linear_a_exact_conversion,REJECTED_PHYSICAL,YZ,x,-0.0625,y,-0.5625,z,-0.5625,0.12164203194667005,0.163805712336165,0.04216368038949496,0.10000000600915501,0.9316945828513565
2001,1.0,20dB_nominal_difference,real,linear_a_exact_conversion,REJECTED_PHYSICAL,YZ,x,-0.0625,y,-0.4375,z,-0.5625,0.16665865249040665,0.22472577881026656,0.05806712631985991,0.10000000600915501,0.9316945828513565
2001,1.0,20dB_nominal_difference,real,linear_a_exact_conversion,REJECTED_PHYSICAL,YZ,x,-0.0625,y,-0.3125,z,-0.5625,0.2572166642687925,0.28359342206056176,0.026376757791769234,0.10000000600915501,0.9316945828513565
2001,1.0,20dB_nominal_difference,real,linear_a_exact_conversion,REJECTED_PHYSICAL,YZ,x,-0.0625,y,-0.1875,z,-0.5625,0.3839384319653877,0.33176473696317427,-0.052173695002213416,0.10000000600915501,0.9316945828513565
2001,1.0,20dB_nominal_difference,real,linear_a_exact_conversion,REJECTED_PHYSICAL,YZ,x,-0.0625,y,-0.0625,z,-0.5625,0.4926750979995492,0.3606501789717049,-0.1320249190278443,0.10000000600915501,0.9316945828513565
2001,1.0,20dB_nominal_difference,real,linear_a_exact_conversion,REJECTED_PHYSICAL,YZ,x,-0.0625,y,0.0625,z,-0.5625,0.515839972613295,0.36455320439104505,-0.1512867682222499,0.10000000600915501,0.9316945828513565
2001,1.0,20dB_nominal_difference,real,linear_a_exact_conversion,REJECTED_PHYSICAL,YZ,x,-0.0625,y,0.1875,z,-0.5625,0.4372121327440376,0.3429595146031857,-0.0942526181408519,0.10000000600915501,0.9316945828513565
2001,1.0,20dB_nominal_difference,real,linear_a_exact_conversion,REJECTED_PHYSICAL,YZ,x,-0.0625,y,0.3125,z,-0.5625,0.30939447971655887,0.3008691760126507,-0.008525303703908194,0.10000000600915501,0.9316945828513565
2001,1.0,20dB_nominal_difference,real,linear_a_exact_conversion,REJECTED_PHYSICAL,YZ,x,-0.0625,y,0.4375,z,-0.5625,0.19956667132929443,0.2470269009423324,0.047460229613037974,0.10000000600915501,0.9316945828513565
2001,1.0,20dB_nominal_difference,real,linear_a_exact_conversion,REJECTED_PHYSICAL,YZ,x,-0.0625,y,0.5625,z,-0.5625,0.13625356649781037,0.19167262974981875,0.05541906325200838,0.10000000600915501,0.9316945828513565
2001,1.0,20dB_nominal_difference,real,linear_a_exact_conversion,REJECTED_PHYSICAL,YZ,x,-0.0625,y,0.6875,z,-0.5625,0.11010820732763518,0.1474718327861499,0.03736362545851471,0.10000000600915501,0.9316945828513565
2001,1.0,20dB_nominal_difference,real,linear_a_exact_conversion,REJECTED_PHYSICAL,YZ,x,-0.0625,y,-0.6875,z,-0.4375,0.10865944584711634,0.12388615239469436,0.015226706547578017,0.10000000600915501,0.9316945828513565
2001,1.0,20dB_nominal_difference,real,linear_a_exact_conversion,REJECTED_PHYSICAL,YZ,x,-0.0625,y,-0.5625,z,-0.4375,0.13483092808252928,0.1806312482976049,0.04580032021507563,0.10000000600915501,0.9316945828513565
2001,1.0,20dB_nominal_difference,real,linear_a_exact_conversion,REJECTED_PHYSICAL,YZ,x,-0.0625,y,-0.4375,z,-0.4375,0.20728118042856825,0.24044848869380397,0.03316730826523573,0.10000000600915501,0.9316945828513565
2001,1.0,20dB_nominal_difference,real,linear_a_exact_conversion,REJECTED_PHYSICAL,YZ,x,-0.0625,y,-0.3125,z,-0.4375,0.35302626050981933,0.298530400662789,-0.054495859847030315,0.10000000600915501,0.9316945828513565
2001,1.0,20dB_nominal_difference,real,linear_a_exact_conversion,REJECTED_PHYSICAL,YZ,x,-0.0625,y,-0.1875,z,-0.4375,0.5569737488199646,0.3464813857709622,-0.21049236304900243,0.10000000600915501,0.9316945828513565
2001,1.0,20dB_nominal_difference,real,linear_a_exact_conversion,REJECTED_PHYSICAL,YZ,x,-0.0625,y,-0.0625,z,-0.4375,0.7319762919832448,0.37586549966643273,-0.35611079231681203,0.10000000600915501,0.9316945828513565
2001,1.0,20dB_nominal_difference,real,linear_a_exact_conversion,REJECTED_PHYSICAL,YZ,x,-0.0625,y,0.0625,z,-0.4375,0.7692609651479717,0.3808396669664606,-0.3884212981815111,0.10000000600915501,0.9316945828513565
2001,1.0,20dB_nominal_difference,real,linear_a_exact_conversion,REJECTED_PHYSICAL,YZ,x,-0.0625,y,0.1875,z,-0.4375,0.6427251081600341,0.3604809577524325,-0.28224415040760165,0.10000000600915501,0.9316945828513565
2001,1.0,20dB_nominal_difference,real,linear_a_exact_conversion,REJECTED_PHYSICAL,YZ,x,-0.0625,y,0.3125,z,-0.4375,0.43702759277864167,0.3193672422550987,-0.11766035052354296,0.10000000600915501,0.9316945828513565
2001,1.0,20dB_nominal_difference,real,linear_a_exact_conversion,REJECTED_PHYSICAL,YZ,x,-0.0625,y,0.4375,z,-0.4375,0.26027694866188095,0.26607505194828884,0.005798103286407896,0.10000000600915501,0.9316945828513565
2001,1.0,20dB_nominal_difference,real,linear_a_exact_conversion,REJECTED_PHYSICAL,YZ,x,-0.0625,y,0.5625,z,-0.4375,0.1583729007198992,0.2107792846592792,0.05240638393937999,0.10000000600915501,0.9316945828513565
2001,1.0,20dB_nominal_difference,real,linear_a_exact_conversion,REJECTED_PHYSICAL,YZ,x,-0.0625,y,0.6875,z,-0.4375,0.11628061118783177,0.16467094574962005,0.048390334561788276,0.10000000600915501,0.9316945828513565
2001,1.0,20dB_nominal_difference,real,linear_a_exact_conversion,REJECTED_PHYSICAL,YZ,x,-0.0625,y,-0.6875,z,-0.3125,0.11076063956728796,0.13686912061156906,0.026108481044281096,0.10000000600915501,0.9316945828513565
2001,1.0,20dB_nominal_difference,real,linear_a_exact_conversion,REJECTED_PHYSICAL,YZ,x,-0.0625,y,-0.5625,z,-0.3125,0.14328256909803702,0.1904131807498301,0.04713061165179308,0.10000000600915501,0.9316945828513565
2001,1.0,20dB_nominal_difference,real,linear_a_exact_conversion,REJECTED_PHYSICAL,YZ,x,-0.0625,y,-0.4375,z,-0.3125,0.2333127027438409,0.24759190584485669,0.014279203101015797,0.10000000600915501,0.9316945828513565
2001,1.0,20dB_nominal_difference,real,linear_a_exact_conversion,REJECTED_PHYSICAL,YZ,x,-0.0625,y,-0.3125,z,-0.3125,0.4144225198898245,0.3038459566312779,-0.11057656325854659,0.10000000600915501,0.9316945828513565
2001,1.0,20dB_nominal_difference,real,linear_a_exact_conversion,REJECTED_PHYSICAL,YZ,x,-0.0625,y,-0.1875,z,-0.3125,0.667858042827263,0.3511472416062506,-0.3167108012210124,0.10000000600915501,0.9316945828513565
2001,1.0,20dB_nominal_difference,real,linear_a_exact_conversion,REJECTED_PHYSICAL,YZ,x,-0.0625,y,-0.0625,z,-0.3125,0.8853305904537354,0.3813012203244607,-0.5040293701292747,0.10000000600915501,0.9316945828513565
2001,1.0,20dB_nominal_difference,real,linear_a_exact_conversion,REJECTED_PHYSICAL,YZ,x,-0.0625,y,0.0625,z,-0.3125,0.9316945828513565,0.38831926002857936,-0.5433753228227771,0.10000000600915501,0.9316945828513565
2001,1.0,20dB_nominal_difference,real,linear_a_exact_conversion,REJECTED_PHYSICAL,YZ,x,-0.0625,y,0.1875,z,-0.3125,0.7745527641059846,0.370690333709753,-0.4038624303962316,0.10000000600915501,0.9316945828513565
2001,1.0,20dB_nominal_difference,real,linear_a_exact_conversion,REJECTED_PHYSICAL,YZ,x,-0.0625,y,0.3125,z,-0.3125,0.5190969761507854,0.33217750381945027,-0.18691947233133516,0.10000000600915501,0.9316945828513565
2001,1.0,20dB_nominal_difference,real,linear_a_exact_conversion,REJECTED_PHYSICAL,YZ,x,-0.0625,y,0.4375,z,-0.3125,0.29954224890166353,0.2805970561679999,-0.01894519273366363,0.10000000600915501,0.9316945828513565
2001,1.0,20dB_nominal_difference,real,linear_a_exact_conversion,REJECTED_PHYSICAL,YZ,x,-0.0625,y,0.5625,z,-0.3125,0.17282996911919932,0.22541405532859615,0.052584086209396835,0.10000000600915501,0.9316945828513565
2001,1.0,20dB_nominal_difference,real,linear_a_exact_conversion,REJECTED_PHYSICAL,YZ,x,-0.0625,y,0.6875,z,-0.3125,0.12037021139817236,0.1769949439366108,0.056624732538438444,0.10000000600915501,0.9316945828513565
2001,1.0,20dB_nominal_difference,real,linear_a_exact_conversion,REJECTED_PHYSICAL,YZ,x,-0.0625,y,-0.6875,z,-0.1875,0.1103244527326528,0.14275289722495452,0.032428444492301714,0.10000000600915501,0.9316945828513565
2001,1.0,20dB_nominal_difference,real,linear_a_exact_conversion,REJECTED_PHYSICAL,YZ,x,-0.0625,y,-0.5625,z,-0.1875,0.14152809309676004,0.1918526524843153,0.05032455938755526,0.10000000600915501,0.9316945828513565
2001,1.0,20dB_nominal_difference,real,linear_a_exact_conversion,REJECTED_PHYSICAL,YZ,x,-0.0625,y,-0.4375,z,-0.1875,0.2279088311795499,0.2451115062908812,0.017202675111331278,0.10000000600915501,0.9316945828513565
2001,1.0,20dB_nominal_difference,real,linear_a_exact_conversion,REJECTED_PHYSICAL,YZ,x,-0.0625,y,-0.3125,z,-0.1875,0.40167759405322156,0.2983493426559636,-0.10332825139725799,0.10000000600915501,0.9316945828513565
2001,1.0,20dB_nominal_difference,real,linear_a_exact_conversion,REJECTED_PHYSICAL,YZ,x,-0.0625,y,-0.1875,z,-0.1875,0.6448446550286767,0.3441504711838401,-0.3006941838448366,0.10000000600915501,0.9316945828513565
2001,1.0,20dB_nominal_difference,real,linear_a_exact_conversion,REJECTED_PHYSICAL,YZ,x,-0.0625,y,-0.0625,z,-0.1875,0.8535440971175853,0.37476090845391363,-0.47878318866367164,0.10000000600915501,0.9316945828513565
2001,1.0,20dB_nominal_difference,real,linear_a_exact_conversion,REJECTED_PHYSICAL,YZ,x,-0.0625,y,0.0625,z,-0.1875,0.8982537551954825,0.3841691573668298,-0.5140845978286526,0.10000000600915501,0.9316945828513565
2001,1.0,20dB_nominal_difference,real,linear_a_exact_conversion,REJECTED_PHYSICAL,YZ,x,-0.0625,y,0.1875,z,-0.1875,0.7481625430443589,0.3702363216427882,-0.3779262214015707,0.10000000600915501,0.9316945828513565
2001,1.0,20dB_nominal_difference,real,linear_a_exact_conversion,REJECTED_PHYSICAL,YZ,x,-0.0625,y,0.3125,z,-0.1875,0.5041334666461728,0.3356622379827479,-0.16847122866342484,0.10000000600915501,0.9316945828513565
2001,1.0,20dB_nominal_difference,real,linear_a_exact_conversion,REJECTED_PHYSICAL,YZ,x,-0.0625,y,0.4375,z,-0.1875,0.2940643035725588,0.28712769070979954,-0.006936612862759262,0.10000000600915501,0.9316945828513565
2001,1.0,20dB_nominal_difference,real,linear_a_exact_conversion,REJECTED_PHYSICAL,YZ,x,-0.0625,y,0.5625,z,-0.1875,0.17192049086606648,0.23316272208487615,0.06124223121880967,0.10000000600915501,0.9316945828513565
2001,1.0,20dB_nominal_difference,real,linear_a_exact_conversion,REJECTED_PHYSICAL,YZ,x,-0.0625,y,0.6875,z,-0.1875,0.12051452412837248,0.18359567996970896,0.06308115584133649,0.10000000600915501,0.9316945828513565
2001,1.0,20dB_nominal_difference,real,linear_a_exact_conversion,REJECTED_PHYSICAL,YZ,x,-0.0625,y,-0.6875,z,-0.0625,0.10764851227651129,0.14121386911791653,0.03356535684140524,0.10000000600915501,0.9316945828513565
2001,1.0,20dB_nominal_difference,real,linear_a_exact_conversion,REJECTED_PHYSICAL,YZ,x,-0.0625,y,-0.5625,z,-0.0625,0.13076464682421354,0.18495356450023503,0.05418891767602149,0.10000000600915501,0.9316945828513565
2001,1.0,20dB_nominal_difference,real,linear_a_exact_conversion,REJECTED_PHYSICAL,YZ,x,-0.0625,y,-0.4375,z,-0.0625,0.19475686843627962,0.23326138136696553,0.03850451293068591,0.10000000600915501,0.9316945828513565
2001,1.0,20dB_nominal_difference,real,linear_a_exact_conversion,REJECTED_PHYSICAL,YZ,x,-0.0625,y,-0.3125,z,-0.0625,0.3234887335904522,0.28233065551587805,-0.04115807807457417,0.10000000600915501,0.9316945828513565
2001,1.0,20dB_nominal_difference,real,linear_a_exact_conversion,REJECTED_PHYSICAL,YZ,x,-0.0625,y,-0.1875,z,-0.0625,0.5036506148217931,0.32555248107568235,-0.17809813374611072,0.10000000600915501,0.9316945828513565
2001,1.0,20dB_nominal_difference,real,linear_a_exact_conversion,REJECTED_PHYSICAL,YZ,x,-0.0625,y,-0.0625,z,-0.0625,0.6584401254504064,0.3558412043363463,-0.3025989211140601,0.10000000600915501,0.9316945828513565
2001,1.0,20dB_nominal_difference,real,linear_a_exact_conversion,REJECTED_PHYSICAL,YZ,x,-0.0625,y,0.0625,z,-0.0625,0.6925304012585348,0.367384939062355,-0.32514546219617985,0.10000000600915501,0.9316945828513565
2001,1.0,20dB_nominal_difference,real,linear_a_exact_conversion,REJECTED_PHYSICAL,YZ,x,-0.0625,y,0.1875,z,-0.0625,0.5842709100242653,0.357547428655799,-0.22672348136846632,0.10000000600915501,0.9316945828513565
2001,1.0,20dB_nominal_difference,real,linear_a_exact_conversion,REJECTED_PHYSICAL,YZ,x,-0.0625,y,0.3125,z,-0.0625,0.4081034051787672,0.3279252820667947,-0.08017812311197248,0.10000000600915501,0.9316945828513565
2001,1.0,20dB_nominal_difference,real,linear_a_exact_conversion,REJECTED_PHYSICAL,YZ,x,-0.0625,y,0.4375,z,-0.0625,0.255002531880477,0.283877812241433,0.02887528036095599,0.10000000600915501,0.9316945828513565
2001,1.0,20dB_nominal_difference,real,linear_a_exact_conversion,REJECTED_PHYSICAL,YZ,x,-0.0625,y,0.5625,z,-0.0625,0.16207226151280418,0.23281622003797048,0.0707439585251663,0.10000000600915501,0.9316945828513565
2001,1.0,20dB_nominal_difference,real,linear_a_exact_conversion,REJECTED_PHYSICAL,YZ,x,-0.0625,y,0.6875,z,-0.0625,0.11937276688178071,0.1839263258688466,0.0645535589870659,0.10000000600915501,0.9316945828513565
2001,1.0,20dB_nominal_difference,real,linear_a_exact_conversion,REJECTED_PHYSICAL,YZ,x,-0.0625,y,-0.6875,z,0.0625,0.1043748973846422,0.13318370052972628,0.028808803145084078,0.10000000600915501,0.9316945828513565
2001,1.0,20dB_nominal_difference,real,linear_a_exact_conversion,REJECTED_PHYSICAL,YZ,x,-0.0625,y,-0.5625,z,0.0625,0.11759717338824754,0.17097121403145113,0.053374040643203585,0.10000000600915501,0.9316945828513565
2001,1.0,20dB_nominal_difference,real,linear_a_exact_conversion,REJECTED_PHYSICAL,YZ,x,-0.0625,y,-0.4375,z,0.0625,0.15420042857826258,0.21352195427466847,0.05932152569640589,0.10000000600915501,0.9316945828513565
2001,1.0,20dB_nominal_difference,real,linear_a_exact_conversion,REJECTED_PHYSICAL,YZ,x,-0.0625,y,-0.3125,z,0.0625,0.22783766215009213,0.2573832065603762,0.02954554441028409,0.10000000600915501,0.9316945828513565
2001,1.0,20dB_nominal_difference,real,linear_a_exact_conversion,REJECTED_PHYSICAL,YZ,x,-0.0625,y,-0.1875,z,0.0625,0.33094206800924714,0.29687591444494327,-0.03406615356430387,0.10000000600915501,0.9316945828513565
2001,1.0,20dB_nominal_difference,real,linear_a_exact_conversion,REJECTED_PHYSICAL,YZ,x,-0.0625,y,-0.0625,z,0.0625,0.41996236518319985,0.32577861132781233,-0.09418375385538752,0.10000000600915501,0.9316945828513565
2001,1.0,20dB_nominal_difference,real,linear_a_exact_conversion,REJECTED_PHYSICAL,YZ,x,-0.0625,y,0.0625,z,0.0625,0.44202895588137925,0.338737140528126,-0.10329181535325327,0.10000000600915501,0.9316945828513565
2001,1.0,20dB_nominal_difference,real,linear_a_exact_conversion,REJECTED_PHYSICAL,YZ,x,-0.0625,y,0.1875,z,0.0625,0.3878713034452588,0.33287197399082974,-0.054999329454429036,0.10000000600915501,0.9316945828513565
2001,1.0,20dB_nominal_difference,real,linear_a_exact_conversion,REJECTED_PHYSICAL,YZ,x,-0.0625,y,0.3125,z,0.0625,0.2993299145642815,0.30882329743714354,0.009493382872862055,0.10000000600915501,0.9316945828513565
2001,1.0,20dB_nominal_difference,real,linear_a_exact_conversion,REJECTED_PHYSICAL,YZ,x,-0.0625,y,0.4375,z,0.0625,0.2184398960808328,0.2706072905848954,0.0521673945040626,0.10000000600915501,0.9316945828513565
2001,1.0,20dB_nominal_difference,real,linear_a_exact_conversion,REJECTED_PHYSICAL,YZ,x,-0.0625,y,0.5625,z,0.0625,0.15880662893169398,0.22435705720409127,0.0655504282723973,0.10000000600915501,0.9316945828513565
2001,1.0,20dB_nominal_difference,real,linear_a_exact_conversion,REJECTED_PHYSICAL,YZ,x,-0.0625,y,0.6875,z,0.0625,0.12214642200427465,0.17834021456351332,0.05619379255923866,0.10000000600915501,0.9316945828513565
2001,1.0,20dB_nominal_difference,real,linear_a_exact_conversion,REJECTED_PHYSICAL,YZ,x,-0.0625,y,-0.6875,z,0.1875,0.1019321451873601,0.12035827856755486,0.018426133380194762,0.10000000600915501,0.9316945828513565
2001,1.0,20dB_nominal_difference,real,linear_a_exact_conversion,REJECTED_PHYSICAL,YZ,x,-0.0625,y,-0.5625,z,0.1875,0.10777168307507409,0.15188719226641254,0.04411550919133844,0.10000000600915501,0.9316945828513565
2001,1.0,20dB_nominal_difference,real,linear_a_exact_conversion,REJECTED_PHYSICAL,YZ,x,-0.0625,y,-0.4375,z,0.1875,0.12393749618458742,0.18806524214281967,0.06412774595823224,0.10000000600915501,0.9316945828513565
2001,1.0,20dB_nominal_difference,real,linear_a_exact_conversion,REJECTED_PHYSICAL,YZ,x,-0.0625,y,-0.3125,z,0.1875,0.15646455331185138,0.22582734822506262,0.06936279491321123,0.10000000600915501,0.9316945828513565
2001,1.0,20dB_nominal_difference,real,linear_a_exact_conversion,REJECTED_PHYSICAL,YZ,x,-0.0625,y,-0.1875,z,0.1875,0.20208611747802344,0.260495063537162,0.05840894605913857,0.10000000600915501,0.9316945828513565
2001,1.0,20dB_nominal_difference,real,linear_a_exact_conversion,REJECTED_PHYSICAL,YZ,x,-0.0625,y,-0.0625,z,0.1875,0.24218420132429894,0.28685050190900135,0.04466630058470242,0.10000000600915501,0.9316945828513565
2001,1.0,20dB_nominal_difference,real,linear_a_exact_conversion,REJECTED_PHYSICAL,YZ,x,-0.0625,y,0.0625,z,0.1875,0.2561015121649454,0.30022955069178864,0.044128038526843216,0.10000000600915501,0.9316945828513565
2001,1.0,20dB_nominal_difference,real,linear_a_exact_conversion,REJECTED_PHYSICAL,YZ,x,-0.0625,y,0.1875,z,0.1875,0.2448031735315593,0.2978083126871941,0.05300513915563479,0.10000000600915501,0.9316945828513565
2001,1.0,20dB_nominal_difference,real,linear_a_exact_conversion,REJECTED_PHYSICAL,YZ,x,-0.0625,y,0.3125,z,0.1875,0.22556578489219886,0.2795432252884544,0.053977440396255516,0.10000000600915501,0.9316945828513565
2001,1.0,20dB_nominal_difference,real,linear_a_exact_conversion,REJECTED_PHYSICAL,YZ,x,-0.0625,y,0.4375,z,0.1875,0.20070071725995564,0.24824241888404017,0.047541701624084526,0.10000000600915501,0.9316945828513565
2001,1.0,20dB_nominal_difference,real,linear_a_exact_conversion,REJECTED_PHYSICAL,YZ,x,-0.0625,y,0.5625,z,0.1875,0.16383749832359978,0.20869632922531134,0.044858830901711555,0.10000000600915501,0.9316945828513565
2001,1.0,20dB_nominal_difference,real,linear_a_exact_conversion,REJECTED_PHYSICAL,YZ,x,-0.0625,y,0.6875,z,0.1875,0.12776229177607834,0.16794333087849972,0.04018103910242138,0.10000000600915501,0.9316945828513565
2001,1.0,20dB_nominal_difference,real,linear_a_exact_conversion,REJECTED_PHYSICAL,YZ,x,-0.0625,y,-0.6875,z,0.3125,0.10065885925103382,0.10458449421437988,0.003925634963346053,0.10000000600915501,0.9316945828513565
2001,1.0,20dB_nominal_difference,real,linear_a_exact_conversion,REJECTED_PHYSICAL,YZ,x,-0.0625,y,-0.5625,z,0.3125,0.10265013984543907,0.12975179084928531,0.027101651003846247,0.10000000600915501,0.9316945828513565
2001,1.0,20dB_nominal_difference,real,linear_a_exact_conversion,REJECTED_PHYSICAL,YZ,x,-0.0625,y,-0.4375,z,0.3125,0.10816288279002252,0.15909537395477008,0.05093249116474756,0.10000000600915501,0.9316945828513565
2001,1.0,20dB_nominal_difference,real,linear_a_exact_conversion,REJECTED_PHYSICAL,YZ,x,-0.0625,y,-0.3125,z,0.3125,0.11926016388624464,0.1900383489977427,0.07077818511149805,0.10000000600915501,0.9316945828513565
2001,1.0,20dB_nominal_difference,real,linear_a_exact_conversion,REJECTED_PHYSICAL,YZ,x,-0.0625,y,-0.1875,z,0.3125,0.1349023836421356,0.2189369339424595,0.08403455030032389,0.10000000600915501,0.9316945828513565
2001,1.0,20dB_nominal_difference,real,linear_a_exact_conversion,REJECTED_PHYSICAL,YZ,x,-0.0625,y,-0.0625,z,0.3125,0.1493509123910043,0.24165477646694214,0.09230386407593785,0.10000000600915501,0.9316945828513565
2001,1.0,20dB_nominal_difference,real,linear_a_exact_conversion,REJECTED_PHYSICAL,YZ,x,-0.0625,y,0.0625,z,0.3125,0.15822732832834258,0.2543838931836244,0.09615656485528185,0.10000000600915501,0.9316945828513565
2001,1.0,20dB_nominal_difference,real,linear_a_exact_conversion,REJECTED_PHYSICAL,YZ,x,-0.0625,y,0.1875,z,0.3125,0.16687027114792571,0.25462490168357566,0.08775463053564994,0.10000000600915501,0.9316945828513565
2001,1.0,20dB_nominal_difference,real,linear_a_exact_conversion,REJECTED_PHYSICAL,YZ,x,-0.0625,y,0.3125,z,0.3125,0.17998089699842146,0.24197281469685505,0.061991917698433596,0.10000000600915501,0.9316945828513565
2001,1.0,20dB_nominal_difference,real,linear_a_exact_conversion,REJECTED_PHYSICAL,YZ,x,-0.0625,y,0.4375,z,0.3125,0.18225439996599618,0.21830291837355814,0.03604851840756196,0.10000000600915501,0.9316945828513565
2001,1.0,20dB_nominal_difference,real,linear_a_exact_conversion,REJECTED_PHYSICAL,YZ,x,-0.0625,y,0.5625,z,0.3125,0.15926125775956312,0.18717724663797627,0.02791598887841315,0.10000000600915501,0.9316945828513565
2001,1.0,20dB_nominal_difference,real,linear_a_exact_conversion,REJECTED_PHYSICAL,YZ,x,-0.0625,y,0.6875,z,0.3125,0.12727116150529477,0.15417607382132695,0.026904912316032176,0.10000000600915501,0.9316945828513565
2001,1.0,20dB_nominal_difference,real,linear_a_exact_conversion,REJECTED_PHYSICAL,YZ,x,-0.0625,y,-0.6875,z,0.4375,0.10017347087677178,0.08731283517012646,-0.01286063570664532,0.10000000600915501,0.9316945828513565
2001,1.0,20dB_nominal_difference,real,linear_a_exact_conversion,REJECTED_PHYSICAL,YZ,x,-0.0625,y,-0.5625,z,0.4375,0.10069775759889944,0.10614816163940938,0.005450404040509935,0.10000000600915501,0.9316945828513565
2001,1.0,20dB_nominal_difference,real,linear_a_exact_conversion,REJECTED_PHYSICAL,YZ,x,-0.0625,y,-0.4375,z,0.4375,0.1021493373214408,0.12835201444977187,0.026202677128331076,0.10000000600915501,0.9316945828513565
2001,1.0,20dB_nominal_difference,real,linear_a_exact_conversion,REJECTED_PHYSICAL,YZ,x,-0.0625,y,-0.3125,z,0.4375,0.10507447681626521,0.15196351216250648,0.04688903534624127,0.10000000600915501,0.9316945828513565
2001,1.0,20dB_nominal_difference,real,linear_a_exact_conversion,REJECTED_PHYSICAL,YZ,x,-0.0625,y,-0.1875,z,0.4375,0.10924385635592548,0.1743795685098627,0.06513571215393721,0.10000000600915501,0.9316945828513565
2001,1.0,20dB_nominal_difference,real,linear_a_exact_conversion,REJECTED_PHYSICAL,YZ,x,-0.0625,y,-0.0625,z,0.4375,0.11351082863467063,0.19257157095703742,0.07906074232236679,0.10000000600915501,0.9316945828513565
2001,1.0,20dB_nominal_difference,real,linear_a_exact_conversion,REJECTED_PHYSICAL,YZ,x,-0.0625,y,0.0625,z,0.4375,0.11831426165284584,0.20367195942558214,0.0853576977727363,0.10000000600915501,0.9316945828513565
2001,1.0,20dB_nominal_difference,real,linear_a_exact_conversion,REJECTED_PHYSICAL,YZ,x,-0.0625,y,0.1875,z,0.4375,0.12805091471718763,0.20568894341897218,0.07763802870178454,0.10000000600915501,0.9316945828513565
2001,1.0,20dB_nominal_difference,real,linear_a_exact_conversion,REJECTED_PHYSICAL,YZ,x,-0.0625,y,0.3125,z,0.4375,0.14324792899404548,0.1981416414174909,0.05489371242344543,0.10000000600915501,0.9316945828513565
2001,1.0,20dB_nominal_difference,real,linear_a_exact_conversion,REJECTED_PHYSICAL,YZ,x,-0.0625,y,0.4375,z,0.4375,0.15026672326371782,0.1823332296286468,0.03206650636492897,0.10000000600915501,0.9316945828513565
2001,1.0,20dB_nominal_difference,real,linear_a_exact_conversion,REJECTED_PHYSICAL,YZ,x,-0.0625,y,0.5625,z,0.4375,0.13798948258179247,0.1609944014373251,0.02300491885553263,0.10000000600915501,0.9316945828513565
2001,1.0,20dB_nominal_difference,real,linear_a_exact_conversion,REJECTED_PHYSICAL,YZ,x,-0.0625,y,0.6875,z,0.4375,0.11781098569782782,0.1383488681204175,0.02053788242258968,0.10000000600915501,0.9316945828513565
2001,1.0,20dB_nominal_difference,real,linear_a_exact_conversion,REJECTED_PHYSICAL,YZ,x,-0.0625,y,-0.6875,z,0.5625,0.10003526481044293,0.06920195000771537,-0.030833314802727566,0.10000000600915501,0.9316945828513565
2001,1.0,20dB_nominal_difference,real,linear_a_exact_conversion,REJECTED_PHYSICAL,YZ,x,-0.0625,y,-0.5625,z,0.5625,0.10014184785884274,0.08193138596512993,-0.01821046189371281,0.10000000600915501,0.9316945828513565
2001,1.0,20dB_nominal_difference,real,linear_a_exact_conversion,REJECTED_PHYSICAL,YZ,x,-0.0625,y,-0.4375,z,0.5625,0.1004369851301747,0.0969423332027966,-0.0034946519273780924,0.10000000600915501,0.9316945828513565
2001,1.0,20dB_nominal_difference,real,linear_a_exact_conversion,REJECTED_PHYSICAL,YZ,x,-0.0625,y,-0.3125,z,0.5625,0.10103281549104651,0.11296795402805956,0.011935138537013057,0.10000000600915501,0.9316945828513565
2001,1.0,20dB_nominal_difference,real,linear_a_exact_conversion,REJECTED_PHYSICAL,YZ,x,-0.0625,y,-0.1875,z,0.5625,0.10189841102671866,0.12847288484558395,0.026574473818865282,0.10000000600915501,0.9316945828513565
2001,1.0,20dB_nominal_difference,real,linear_a_exact_conversion,REJECTED_PHYSICAL,YZ,x,-0.0625,y,-0.0625,z,0.5625,0.10292941156573532,0.1415412001445138,0.03861178857877848,0.10000000600915501,0.9316945828513565
2001,1.0,20dB_nominal_difference,real,linear_a_exact_conversion,REJECTED_PHYSICAL,YZ,x,-0.0625,y,0.0625,z,0.5625,0.10477755563853078,0.15025355930509934,0.045476003666568565,0.10000000600915501,0.9316945828513565
2001,1.0,20dB_nominal_difference,real,linear_a_exact_conversion,REJECTED_PHYSICAL,YZ,x,-0.0625,y,0.1875,z,0.5625,0.10939378361030735,0.15319237446263237,0.043798590852325014,0.10000000600915501,0.9316945828513565
2001,1.0,20dB_nominal_difference,real,linear_a_exact_conversion,REJECTED_PHYSICAL,YZ,x,-0.0625,y,0.3125,z,0.5625,0.11663411034284142,0.1499545396958573,0.033320429353015865,0.10000000600915501,0.9316945828513565
2001,1.0,20dB_nominal_difference,real,linear_a_exact_conversion,REJECTED_PHYSICAL,YZ,x,-0.0625,y,0.4375,z,0.5625,0.12032997112165193,0.1415470124165233,0.021217041294871355,0.10000000600915501,0.9316945828513565
2001,1.0,20dB_nominal_difference,real,linear_a_exact_conversion,REJECTED_PHYSICAL,YZ,x,-0.0625,y,0.5625,z,0.5625,0.11563468364887781,0.13054064084169809,0.014905957192820271,0.10000000600915501,0.9316945828513565
2001,1.0,20dB_nominal_difference,real,linear_a_exact_conversion,REJECTED_PHYSICAL,YZ,x,-0.0625,y,0.6875,z,0.5625,0.10737788796766563,0.12116815076083856,0.013790262793172928,0.10000000600915501,0.9316945828513565
2001,1.0,20dB_nominal_difference,real,linear_a_exact_conversion,REJECTED_PHYSICAL,YZ,x,-0.0625,y,-0.6875,z,0.6875,0.10000553525408022,0.048888096944814725,-0.051117438309265496,0.10000000600915501,0.9316945828513565
2001,1.0,20dB_nominal_difference,real,linear_a_exact_conversion,REJECTED_PHYSICAL,YZ,x,-0.0625,y,-0.5625,z,0.6875,0.10002226501188655,0.05626356105428627,-0.04375870395760028,0.10000000600915501,0.9316945828513565
2001,1.0,20dB_nominal_difference,real,linear_a_exact_conversion,REJECTED_PHYSICAL,YZ,x,-0.0625,y,-0.4375,z,0.6875,0.10006859982870285,0.0638808177580923,-0.03618778207061055,0.10000000600915501,0.9316945828513565
2001,1.0,20dB_nominal_difference,real,linear_a_exact_conversion,REJECTED_PHYSICAL,YZ,x,-0.0625,y,-0.3125,z,0.6875,0.10016236032307876,0.07187392538053514,-0.028288434942543628,0.10000000600915501,0.9316945828513565
2001,1.0,20dB_nominal_difference,real,linear_a_exact_conversion,REJECTED_PHYSICAL,YZ,x,-0.0625,y,-0.1875,z,0.6875,0.10030184886879312,0.08003457080247514,-0.02026727806631798,0.10000000600915501,0.9316945828513565
2001,1.0,20dB_nominal_difference,real,linear_a_exact_conversion,REJECTED_PHYSICAL,YZ,x,-0.0625,y,-0.0625,z,0.6875,0.10049658750101519,0.08757962150323427,-0.012916965997780916,0.10000000600915501,0.9316945828513565
2001,1.0,20dB_nominal_difference,real,linear_a_exact_conversion,REJECTED_PHYSICAL,YZ,x,-0.0625,y,0.0625,z,0.6875,0.10096205377880466,0.09346750731122272,-0.007494546467581936,0.10000000600915501,0.9316945828513565
2001,1.0,20dB_nominal_difference,real,linear_a_exact_conversion,REJECTED_PHYSICAL,YZ,x,-0.0625,y,0.1875,z,0.6875,0.10221716538481025,0.09677208784900135,-0.005445077535808904,0.10000000600915501,0.9316945828513565
2001,1.0,20dB_nominal_difference,real,linear_a_exact_conversion,REJECTED_PHYSICAL,YZ,x,-0.0625,y,0.3125,z,0.6875,0.10418879130035517,0.09708203562960648,-0.007106755670748699,0.10000000600915501,0.9316945828513565
2001,1.0,20dB_nominal_difference,real,linear_a_exact_conversion,REJECTED_PHYSICAL,YZ,x,-0.0625,y,0.4375,z,0.6875,0.10522542747756138,0.09493455034592532,-0.010290877131636053,0.10000000600915501,0.9316945828513565
2001,1.0,20dB_nominal_difference,real,linear_a_exact_conversion,REJECTED_PHYSICAL,YZ,x,-0.0625,y,0.5625,z,0.6875,0.10404591425864294,0.09259591849959987,-0.011449995759043069,0.10000000600915501,0.9316945828513565
2001,1.0,20dB_nominal_difference,real,linear_a_exact_conversion,REJECTED_PHYSICAL,YZ,x,-0.0625,y,0.6875,z,0.6875,0.10191397910500109,0.09837022807240237,-0.003543751032598727,0.10000000600915501,0.9316945828513565
2001,1.0,20dB_nominal_difference,real,vanilla_IBS2,REJECTED_PHYSICAL,XY,z,-0.0625,x,-0.6875,y,-0.6875,0.10026485781854057,0.10463459953394183,0.0043697417154012624,0.10000000600915501,0.9316945828513565
2001,1.0,20dB_nominal_difference,real,vanilla_IBS2,REJECTED_PHYSICAL,XY,z,-0.0625,x,-0.5625,y,-0.6875,0.1011963135624723,0.11703984560081057,0.01584353203833827,0.10000000600915501,0.9316945828513565
2001,1.0,20dB_nominal_difference,real,vanilla_IBS2,REJECTED_PHYSICAL,XY,z,-0.0625,x,-0.4375,y,-0.6875,0.10355891452422165,0.1319718364670585,0.028412921942836858,0.10000000600915501,0.9316945828513565
2001,1.0,20dB_nominal_difference,real,vanilla_IBS2,REJECTED_PHYSICAL,XY,z,-0.0625,x,-0.3125,y,-0.6875,0.10697317222035659,0.14111777994948432,0.03414460772912774,0.10000000600915501,0.9316945828513565
2001,1.0,20dB_nominal_difference,real,vanilla_IBS2,REJECTED_PHYSICAL,XY,z,-0.0625,x,-0.1875,y,-0.6875,0.10899877779237235,0.14258630061644867,0.033587522824076316,0.10000000600915501,0.9316945828513565
2001,1.0,20dB_nominal_difference,real,vanilla_IBS2,REJECTED_PHYSICAL,XY,z,-0.0625,x,-0.0625,y,-0.6875,0.10764851227651129,0.13624301688840584,0.028594504611894556,0.10000000600915501,0.9316945828513565
2001,1.0,20dB_nominal_difference,real,vanilla_IBS2,REJECTED_PHYSICAL,XY,z,-0.0625,x,0.0625,y,-0.6875,0.10428164572074357,0.12323694100264687,0.018955295281903303,0.10000000600915501,0.9316945828513565
2001,1.0,20dB_nominal_difference,real,vanilla_IBS2,REJECTED_PHYSICAL,XY,z,-0.0625,x,0.1875,y,-0.6875,0.10157864722454041,0.10565471362989366,0.004076066405353254,0.10000000600915501,0.9316945828513565
2001,1.0,20dB_nominal_difference,real,vanilla_IBS2,REJECTED_PHYSICAL,XY,z,-0.0625,x,0.3125,y,-0.6875,0.10038335782621703,0.08613778514464891,-0.01424557268156812,0.10000000600915501,0.9316945828513565
2001,1.0,20dB_nominal_difference,real,vanilla_IBS2,REJECTED_PHYSICAL,XY,z,-0.0625,x,0.4375,y,-0.6875,0.10006132407112178,0.06743450834217966,-0.03262681572894212,0.10000000600915501,0.9316945828513565
2001,1.0,20dB_nominal_difference,real,vanilla_IBS2,REJECTED_PHYSICAL,XY,z,-0.0625,x,0.5625,y,-0.6875,0.1000064748803716,0.051839224091038215,-0.04816725078933339,0.10000000600915501,0.9316945828513565
2001,1.0,20dB_nominal_difference,real,vanilla_IBS2,REJECTED_PHYSICAL,XY,z,-0.0625,x,0.6875,y,-0.6875,0.10000046305551115,0.04279888578257671,-0.05720157727293444,0.10000000600915501,0.9316945828513565
2001,1.0,20dB_nominal_difference,real,vanilla_IBS2,REJECTED_PHYSICAL,XY,z,-0.0625,x,-0.6875,y,-0.5625,0.10090670231051312,0.11544778646250747,0.014541084151994357,0.10000000600915501,0.9316945828513565
2001,1.0,20dB_nominal_difference,real,vanilla_IBS2,REJECTED_PHYSICAL,XY,z,-0.0625,x,-0.5625,y,-0.5625,0.10422962198918105,0.1373232060954535,0.03309358410627246,0.10000000600915501,0.9316945828513565
2001,1.0,20dB_nominal_difference,real,vanilla_IBS2,REJECTED_PHYSICAL,XY,z,-0.0625,x,-0.4375,y,-0.5625,0.1129950720178762,0.1602860641293586,0.04729099211148241,0.10000000600915501,0.9316945828513565
2001,1.0,20dB_nominal_difference,real,vanilla_IBS2,REJECTED_PHYSICAL,XY,z,-0.0625,x,-0.3125,y,-0.5625,0.126296389800436,0.17651515696256914,0.05021876716213314,0.10000000600915501,0.9316945828513565
2001,1.0,20dB_nominal_difference,real,vanilla_IBS2,REJECTED_PHYSICAL,XY,z,-0.0625,x,-0.1875,y,-0.5625,0.1350472438890173,0.18287692001064632,0.04782967612162903,0.10000000600915501,0.9316945828513565
2001,1.0,20dB_nominal_difference,real,vanilla_IBS2,REJECTED_PHYSICAL,XY,z,-0.0625,x,-0.0625,y,-0.5625,0.13076464682421354,0.17848091660697107,0.04771626978275753,0.10000000600915501,0.9316945828513565
2001,1.0,20dB_nominal_difference,real,vanilla_IBS2,REJECTED_PHYSICAL,XY,z,-0.0625,x,0.0625,y,-0.5625,0.1177865029807636,0.16422095972969447,0.046434456748930875,0.10000000600915501,0.9316945828513565
2001,1.0,20dB_nominal_difference,real,vanilla_IBS2,REJECTED_PHYSICAL,XY,z,-0.0625,x,0.1875,y,-0.5625,0.10677287833630011,0.14237213306556115,0.03559925472926104,0.10000000600915501,0.9316945828513565
2001,1.0,20dB_nominal_difference,real,vanilla_IBS2,REJECTED_PHYSICAL,XY,z,-0.0625,x,0.3125,y,-0.5625,0.10169881558708468,0.11617734473704386,0.014478529149959174,0.10000000600915501,0.9316945828513565
2001,1.0,20dB_nominal_difference,real,vanilla_IBS2,REJECTED_PHYSICAL,XY,z,-0.0625,x,0.4375,y,-0.5625,0.10028105354810429,0.08946019115683108,-0.010820862391273209,0.10000000600915501,0.9316945828513565
2001,1.0,20dB_nominal_difference,real,vanilla_IBS2,REJECTED_PHYSICAL,XY,z,-0.0625,x,0.5625,y,-0.5625,0.10003115598664142,0.06648030236348801,-0.03355085362315341,0.10000000600915501,0.9316945828513565
2001,1.0,20dB_nominal_difference,real,vanilla_IBS2,REJECTED_PHYSICAL,XY,z,-0.0625,x,0.6875,y,-0.5625,0.10000270827712796,0.05462426969113347,-0.04537843858599448,0.10000000600915501,0.9316945828513565
2001,1.0,20dB_nominal_difference,real,vanilla_IBS2,REJECTED_PHYSICAL,XY,z,-0.0625,x,-0.6875,y,-0.4375,0.10237684136782078,0.12080634017726982,0.018429498809449038,0.10000000600915501,0.9316945828513565
2001,1.0,20dB_nominal_difference,real,vanilla_IBS2,REJECTED_PHYSICAL,XY,z,-0.0625,x,-0.5625,y,-0.4375,0.11145095306522608,0.15708677068768073,0.04563581762245465,0.10000000600915501,0.9316945828513565
2001,1.0,20dB_nominal_difference,real,vanilla_IBS2,REJECTED_PHYSICAL,XY,z,-0.0625,x,-0.4375,y,-0.4375,0.13633485022725975,0.19122169434636294,0.05488684411910319,0.10000000600915501,0.9316945828513565
2001,1.0,20dB_nominal_difference,real,vanilla_IBS2,REJECTED_PHYSICAL,XY,z,-0.0625,x,-0.3125,y,-0.4375,0.17593559812108292,0.21598236726391767,0.040046769142834754,0.10000000600915501,0.9316945828513565
2001,1.0,20dB_nominal_difference,real,vanilla_IBS2,REJECTED_PHYSICAL,XY,z,-0.0625,x,-0.1875,y,-0.4375,0.20452201731555533,0.2279958257289089,0.02347380841335356,0.10000000600915501,0.9316945828513565
2001,1.0,20dB_nominal_difference,real,vanilla_IBS2,REJECTED_PHYSICAL,XY,z,-0.0625,x,-0.0625,y,-0.4375,0.19475686843627962,0.2260325486498234,0.031275680213543766,0.10000000600915501,0.9316945828513565
2001,1.0,20dB_nominal_difference,real,vanilla_IBS2,REJECTED_PHYSICAL,XY,z,-0.0625,x,0.0625,y,-0.4375,0.1565792332237742,0.21086080274690994,0.05428156952313573,0.10000000600915501,0.9316945828513565
2001,1.0,20dB_nominal_difference,real,vanilla_IBS2,REJECTED_PHYSICAL,XY,z,-0.0625,x,0.1875,y,-0.4375,0.12225263279337435,0.18491720112453097,0.06266456833115662,0.10000000600915501,0.9316945828513565
2001,1.0,20dB_nominal_difference,real,vanilla_IBS2,REJECTED_PHYSICAL,XY,z,-0.0625,x,0.3125,y,-0.4375,0.10577000245474298,0.1519012907891586,0.04613128833441561,0.10000000600915501,0.9316945828513565
2001,1.0,20dB_nominal_difference,real,vanilla_IBS2,REJECTED_PHYSICAL,XY,z,-0.0625,x,0.4375,y,-0.4375,0.10099596949293096,0.11636301043283863,0.015367040939907664,0.10000000600915501,0.9316945828513565
2001,1.0,20dB_nominal_difference,real,vanilla_IBS2,REJECTED_PHYSICAL,XY,z,-0.0625,x,0.5625,y,-0.4375,0.10012547875286122,0.08335803153021956,-0.01676744722264166,0.10000000600915501,0.9316945828513565
2001,1.0,20dB_nominal_difference,real,vanilla_IBS2,REJECTED_PHYSICAL,XY,z,-0.0625,x,0.6875,y,-0.4375,0.10001920014127877,0.060412118514990315,-0.039607081626288454,0.10000000600915501,0.9316945828513565
2001,1.0,20dB_nominal_difference,real,vanilla_IBS2,REJECTED_PHYSICAL,XY,z,-0.0625,x,-0.6875,y,-0.3125,0.10477110773257149,0.12424656302965954,0.01947545529708805,0.10000000600915501,0.9316945828513565
2001,1.0,20dB_nominal_difference,real,vanilla_IBS2,REJECTED_PHYSICAL,XY,z,-0.0625,x,-0.5625,y,-0.3125,0.12373915546056864,0.17534664477144696,0.051607489310878316,0.10000000600915501,0.9316945828513565
2001,1.0,20dB_nominal_difference,real,vanilla_IBS2,REJECTED_PHYSICAL,XY,z,-0.0625,x,-0.4375,y,-0.3125,0.17779498655314183,0.22145092296388874,0.043655936410746915,0.10000000600915501,0.9316945828513565
2001,1.0,20dB_nominal_difference,real,vanilla_IBS2,REJECTED_PHYSICAL,XY,z,-0.0625,x,-0.3125,y,-0.3125,0.2679106634230831,0.25529451622635646,-0.012616147196726657,0.10000000600915501,0.9316945828513565
2001,1.0,20dB_nominal_difference,real,vanilla_IBS2,REJECTED_PHYSICAL,XY,z,-0.0625,x,-0.1875,y,-0.3125,0.3386961859462222,0.2733937666711528,-0.06530241927506941,0.10000000600915501,0.9316945828513565
2001,1.0,20dB_nominal_difference,real,vanilla_IBS2,REJECTED_PHYSICAL,XY,z,-0.0625,x,-0.0625,y,-0.3125,0.3234887335904522,0.27441022525867365,-0.04907850833177857,0.10000000600915501,0.9316945828513565
2001,1.0,20dB_nominal_difference,real,vanilla_IBS2,REJECTED_PHYSICAL,XY,z,-0.0625,x,0.0625,y,-0.3125,0.23782718546688542,0.25907488186822036,0.021247696401334948,0.10000000600915501,0.9316945828513565
2001,1.0,20dB_nominal_difference,real,vanilla_IBS2,REJECTED_PHYSICAL,XY,z,-0.0625,x,0.1875,y,-0.3125,0.15602112446107677,0.22991336903104106,0.0738922445699643,0.10000000600915501,0.9316945828513565
2001,1.0,20dB_nominal_difference,real,vanilla_IBS2,REJECTED_PHYSICAL,XY,z,-0.0625,x,0.3125,y,-0.3125,0.11509792945637516,0.1908535596237915,0.07575563016741634,0.10000000600915501,0.9316945828513565
2001,1.0,20dB_nominal_difference,real,vanilla_IBS2,REJECTED_PHYSICAL,XY,z,-0.0625,x,0.4375,y,-0.3125,0.10284563742209168,0.14676457134473048,0.04391893392263879,0.10000000600915501,0.9316945828513565
2001,1.0,20dB_nominal_difference,real,vanilla_IBS2,REJECTED_PHYSICAL,XY,z,-0.0625,x,0.5625,y,-0.3125,0.10052268077522575,0.1029444876066463,0.002421806831420556,0.10000000600915501,0.9316945828513565
2001,1.0,20dB_nominal_difference,real,vanilla_IBS2,REJECTED_PHYSICAL,XY,z,-0.0625,x,0.6875,y,-0.3125,0.10016497098517554,0.06721622899964907,-0.03294874198552647,0.10000000600915501,0.9316945828513565
2001,1.0,20dB_nominal_difference,real,vanilla_IBS2,REJECTED_PHYSICAL,XY,z,-0.0625,x,-0.6875,y,-0.1875,0.10733367735530452,0.124704345192774,0.017370667837469475,0.10000000600915501,0.9316945828513565
2001,1.0,20dB_nominal_difference,real,vanilla_IBS2,REJECTED_PHYSICAL,XY,z,-0.0625,x,-0.5625,y,-0.1875,0.13768534076741698,0.18913345049324304,0.05144810972582606,0.10000000600915501,0.9316945828513565
2001,1.0,20dB_nominal_difference,real,vanilla_IBS2,REJECTED_PHYSICAL,XY,z,-0.0625,x,-0.4375,y,-0.1875,0.22754499376814377,0.24605945139474497,0.0185144576266012,0.10000000600915501,0.9316945828513565
2001,1.0,20dB_nominal_difference,real,vanilla_IBS2,REJECTED_PHYSICAL,XY,z,-0.0625,x,-0.3125,y,-0.1875,0.3843118157309954,0.2883482741452804,-0.09596354158571496,0.10000000600915501,0.9316945828513565
2001,1.0,20dB_nominal_difference,real,vanilla_IBS2,REJECTED_PHYSICAL,XY,z,-0.0625,x,-0.1875,y,-0.1875,0.5174158828182975,0.3124614261302786,-0.20495445668801893,0.10000000600915501,0.9316945828513565
2001,1.0,20dB_nominal_difference,real,vanilla_IBS2,REJECTED_PHYSICAL,XY,z,-0.0625,x,-0.0625,y,-0.1875,0.5036506148217931,0.31703103524798615,-0.18661957957380693,0.10000000600915501,0.9316945828513565
2001,1.0,20dB_nominal_difference,real,vanilla_IBS2,REJECTED_PHYSICAL,XY,z,-0.0625,x,0.0625,y,-0.1875,0.35721176838000324,0.3027395887127967,-0.05447217966720652,0.10000000600915501,0.9316945828513565
2001,1.0,20dB_nominal_difference,real,vanilla_IBS2,REJECTED_PHYSICAL,XY,z,-0.0625,x,0.1875,y,-0.1875,0.20840819636315633,0.272062848569528,0.06365465220637168,0.10000000600915501,0.9316945828513565
2001,1.0,20dB_nominal_difference,real,vanilla_IBS2,REJECTED_PHYSICAL,XY,z,-0.0625,x,0.3125,y,-0.1875,0.13116638756463606,0.2289037426202166,0.09773735505558054,0.10000000600915501,0.9316945828513565
2001,1.0,20dB_nominal_difference,real,vanilla_IBS2,REJECTED_PHYSICAL,XY,z,-0.0625,x,0.4375,y,-0.1875,0.10746175163320573,0.17813744344977328,0.07067569181656755,0.10000000600915501,0.9316945828513565
2001,1.0,20dB_nominal_difference,real,vanilla_IBS2,REJECTED_PHYSICAL,XY,z,-0.0625,x,0.5625,y,-0.1875,0.10254541586720096,0.12508741015144642,0.022541994284245456,0.10000000600915501,0.9316945828513565
2001,1.0,20dB_nominal_difference,real,vanilla_IBS2,REJECTED_PHYSICAL,XY,z,-0.0625,x,0.6875,y,-0.1875,0.1011545478348431,0.07790302722666455,-0.023251520608178547,0.10000000600915501,0.9316945828513565
2001,1.0,20dB_nominal_difference,real,vanilla_IBS2,REJECTED_PHYSICAL,XY,z,-0.0625,x,-0.6875,y,-0.0625,0.1086319303622552,0.12140327247824517,0.012771342115989973,0.10000000600915501,0.9316945828513565
2001,1.0,20dB_nominal_difference,real,vanilla_IBS2,REJECTED_PHYSICAL,XY,z,-0.0625,x,-0.5625,y,-0.0625,0.14581030690719132,0.19582494952420085,0.050014642617009525,0.10000000600915501,0.9316945828513565
2001,1.0,20dB_nominal_difference,real,vanilla_IBS2,REJECTED_PHYSICAL,XY,z,-0.0625,x,-0.4375,y,-0.0625,0.260124942599339,0.2607922737864987,0.0006673311871597254,0.10000000600915501,0.9316945828513565
2001,1.0,20dB_nominal_difference,real,vanilla_IBS2,REJECTED_PHYSICAL,XY,z,-0.0625,x,-0.3125,y,-0.0625,0.4686354000592555,0.3096910876216259,-0.15894431243762963,0.10000000600915501,0.9316945828513565
2001,1.0,20dB_nominal_difference,real,vanilla_IBS2,REJECTED_PHYSICAL,XY,z,-0.0625,x,-0.1875,y,-0.0625,0.658975602264724,0.33906325339377275,-0.3199123488709512,0.10000000600915501,0.9316945828513565
2001,1.0,20dB_nominal_difference,real,vanilla_IBS2,REJECTED_PHYSICAL,XY,z,-0.0625,x,-0.0625,y,-0.0625,0.6584401254504064,0.34754272494100696,-0.31089740050939946,0.10000000600915501,0.9316945828513565
2001,1.0,20dB_nominal_difference,real,vanilla_IBS2,REJECTED_PHYSICAL,XY,z,-0.0625,x,0.0625,y,-0.0625,0.4684559578600319,0.33568829687789725,-0.13276766098213466,0.10000000600915501,0.9316945828513565
2001,1.0,20dB_nominal_difference,real,vanilla_IBS2,REJECTED_PHYSICAL,XY,z,-0.0625,x,0.1875,y,-0.0625,0.2634391773756436,0.30574918032550447,0.04231000294986087,0.10000000600915501,0.9316945828513565
2001,1.0,20dB_nominal_difference,real,vanilla_IBS2,REJECTED_PHYSICAL,XY,z,-0.0625,x,0.3125,y,-0.0625,0.15461648871629483,0.26135682358809453,0.10674033487179971,0.10000000600915501,0.9316945828513565
2001,1.0,20dB_nominal_difference,real,vanilla_IBS2,REJECTED_PHYSICAL,XY,z,-0.0625,x,0.4375,y,-0.0625,0.12071173516744532,0.2071376888558796,0.08642595368843428,0.10000000600915501,0.9316945828513565
2001,1.0,20dB_nominal_difference,real,vanilla_IBS2,REJECTED_PHYSICAL,XY,z,-0.0625,x,0.5625,y,-0.0625,0.11112771864288029,0.14826453330285752,0.03713681465997723,0.10000000600915501,0.9316945828513565
2001,1.0,20dB_nominal_difference,real,vanilla_IBS2,REJECTED_PHYSICAL,XY,z,-0.0625,x,0.6875,y,-0.0625,0.10530383314727672,0.09297626319157061,-0.012327569955706108,0.10000000600915501,0.9316945828513565
2001,1.0,20dB_nominal_difference,real,vanilla_IBS2,REJECTED_PHYSICAL,XY,z,-0.0625,x,-0.6875,y,0.0625,0.10777996478043661,0.11421992589580772,0.0064399611153711095,0.10000000600915501,0.9316945828513565
2001,1.0,20dB_nominal_difference,real,vanilla_IBS2,REJECTED_PHYSICAL,XY,z,-0.0625,x,-0.5625,y,0.0625,0.14264201452263953,0.19367368974858518,0.05103167522594565,0.10000000600915501,0.9316945828513565
2001,1.0,20dB_nominal_difference,real,vanilla_IBS2,REJECTED_PHYSICAL,XY,z,-0.0625,x,-0.4375,y,0.0625,0.2539358661922832,0.26260849307721673,0.008672626884933532,0.10000000600915501,0.9316945828513565
2001,1.0,20dB_nominal_difference,real,vanilla_IBS2,REJECTED_PHYSICAL,XY,z,-0.0625,x,-0.3125,y,0.0625,0.4660126331155374,0.31530267655522326,-0.15070995656031416,0.10000000600915501,0.9316945828513565
2001,1.0,20dB_nominal_difference,real,vanilla_IBS2,REJECTED_PHYSICAL,XY,z,-0.0625,x,-0.1875,y,0.0625,0.6733219291899666,0.34853805952735617,-0.3247838696626104,0.10000000600915501,0.9316945828513565
2001,1.0,20dB_nominal_difference,real,vanilla_IBS2,REJECTED_PHYSICAL,XY,z,-0.0625,x,-0.0625,y,0.0625,0.6925304012585348,0.36095140235882106,-0.33157899889971376,0.10000000600915501,0.9316945828513565
2001,1.0,20dB_nominal_difference,real,vanilla_IBS2,REJECTED_PHYSICAL,XY,z,-0.0625,x,0.0625,y,0.0625,0.5082554782226824,0.35286315191392204,-0.15539232630876032,0.10000000600915501,0.9316945828513565
2001,1.0,20dB_nominal_difference,real,vanilla_IBS2,REJECTED_PHYSICAL,XY,z,-0.0625,x,0.1875,y,0.0625,0.29970663571554834,0.3261045356473269,0.026397899931778546,0.10000000600915501,0.9316945828513565
2001,1.0,20dB_nominal_difference,real,vanilla_IBS2,REJECTED_PHYSICAL,XY,z,-0.0625,x,0.3125,y,0.0625,0.19051662464288005,0.2838087948332993,0.09329217019041924,0.10000000600915501,0.9316945828513565
2001,1.0,20dB_nominal_difference,real,vanilla_IBS2,REJECTED_PHYSICAL,XY,z,-0.0625,x,0.4375,y,0.0625,0.1544041608174542,0.23013644864766175,0.07573228783020755,0.10000000600915501,0.9316945828513565
2001,1.0,20dB_nominal_difference,real,vanilla_IBS2,REJECTED_PHYSICAL,XY,z,-0.0625,x,0.5625,y,0.0625,0.13378884108952682,0.1699361031384528,0.03614726204892599,0.10000000600915501,0.9316945828513565
2001,1.0,20dB_nominal_difference,real,vanilla_IBS2,REJECTED_PHYSICAL,XY,z,-0.0625,x,0.6875,y,0.0625,0.11508655269632756,0.11119876034890505,-0.0038877923474225085,0.10000000600915501,0.9316945828513565
2001,1.0,20dB_nominal_difference,real,vanilla_IBS2,REJECTED_PHYSICAL,XY,z,-0.0625,x,-0.6875,y,0.1875,0.10536946590244586,0.10356911766280127,-0.0018003482396445891,0.10000000600915501,0.9316945828513565
2001,1.0,20dB_nominal_difference,real,vanilla_IBS2,REJECTED_PHYSICAL,XY,z,-0.0625,x,-0.5625,y,0.1875,0.13039466078568404,0.1820287790376196,0.05163411825193556,0.10000000600915501,0.9316945828513565
2001,1.0,20dB_nominal_difference,real,vanilla_IBS2,REJECTED_PHYSICAL,XY,z,-0.0625,x,-0.4375,y,0.1875,0.21332218143040824,0.2500964125219695,0.03677423109156128,0.10000000600915501,0.9316945828513565
2001,1.0,20dB_nominal_difference,real,vanilla_IBS2,REJECTED_PHYSICAL,XY,z,-0.0625,x,-0.3125,y,0.1875,0.37832339591889463,0.3032117565358231,-0.07511163938307153,0.10000000600915501,0.9316945828513565
2001,1.0,20dB_nominal_difference,real,vanilla_IBS2,REJECTED_PHYSICAL,XY,z,-0.0625,x,-0.1875,y,0.1875,0.5507438470346004,0.33851128611178133,-0.2122325609228191,0.10000000600915501,0.9316945828513565
2001,1.0,20dB_nominal_difference,real,vanilla_IBS2,REJECTED_PHYSICAL,XY,z,-0.0625,x,-0.0625,y,0.1875,0.5842709100242653,0.3545787642029279,-0.22969214582133746,0.10000000600915501,0.9316945828513565
2001,1.0,20dB_nominal_difference,real,vanilla_IBS2,REJECTED_PHYSICAL,XY,z,-0.0625,x,0.0625,y,0.1875,0.4571874337540224,0.3513437237717745,-0.1058437099822479,0.10000000600915501,0.9316945828513565
2001,1.0,20dB_nominal_difference,real,vanilla_IBS2,REJECTED_PHYSICAL,XY,z,-0.0625,x,0.1875,y,0.1875,0.3110110184457098,0.3300280639806581,0.019017045534948318,0.10000000600915501,0.9316945828513565
2001,1.0,20dB_nominal_difference,real,vanilla_IBS2,REJECTED_PHYSICAL,XY,z,-0.0625,x,0.3125,y,0.1875,0.24008040061687136,0.2930777692366223,0.05299736861975096,0.10000000600915501,0.9316945828513565
2001,1.0,20dB_nominal_difference,real,vanilla_IBS2,REJECTED_PHYSICAL,XY,z,-0.0625,x,0.4375,y,0.1875,0.20648303586593814,0.2440260129915201,0.03754297712558197,0.10000000600915501,0.9316945828513565
2001,1.0,20dB_nominal_difference,real,vanilla_IBS2,REJECTED_PHYSICAL,XY,z,-0.0625,x,0.5625,y,0.1875,0.16479810303343054,0.18726591429689274,0.0224678112634622,0.10000000600915501,0.9316945828513565
2001,1.0,20dB_nominal_difference,real,vanilla_IBS2,REJECTED_PHYSICAL,XY,z,-0.0625,x,0.6875,y,0.1875,0.12619496065724473,0.13023401597666381,0.004039055319419088,0.10000000600915501,0.9316945828513565
2001,1.0,20dB_nominal_difference,real,vanilla_IBS2,REJECTED_PHYSICAL,XY,z,-0.0625,x,-0.6875,y,0.3125,0.10283771954262226,0.09013244847994845,-0.012705271062673815,0.10000000600915501,0.9316945828513565
2001,1.0,20dB_nominal_difference,real,vanilla_IBS2,REJECTED_PHYSICAL,XY,z,-0.0625,x,-0.5625,y,0.3125,0.11659010550172136,0.16128434778197978,0.04469424228025842,0.10000000600915501,0.9316945828513565
2001,1.0,20dB_nominal_difference,real,vanilla_IBS2,REJECTED_PHYSICAL,XY,z,-0.0625,x,-0.4375,y,0.3125,0.16388891573906783,0.22358570335141031,0.05969678761234248,0.10000000600915501,0.9316945828513565
2001,1.0,20dB_nominal_difference,real,vanilla_IBS2,REJECTED_PHYSICAL,XY,z,-0.0625,x,-0.3125,y,0.3125,0.2621725014312992,0.2737758893834054,0.011603387952106192,0.10000000600915501,0.9316945828513565
2001,1.0,20dB_nominal_difference,real,vanilla_IBS2,REJECTED_PHYSICAL,XY,z,-0.0625,x,-0.1875,y,0.3125,0.3723046054849758,0.30933999573444365,-0.06296460975053214,0.10000000600915501,0.9316945828513565
2001,1.0,20dB_nominal_difference,real,vanilla_IBS2,REJECTED_PHYSICAL,XY,z,-0.0625,x,-0.0625,y,0.3125,0.4081034051787672,0.32864829491377656,-0.07945511026499064,0.10000000600915501,0.9316945828513565
2001,1.0,20dB_nominal_difference,real,vanilla_IBS2,REJECTED_PHYSICAL,XY,z,-0.0625,x,0.0625,y,0.3125,0.3551775096182769,0.3310364536005782,-0.02414105601769867,0.10000000600915501,0.9316945828513565
2001,1.0,20dB_nominal_difference,real,vanilla_IBS2,REJECTED_PHYSICAL,XY,z,-0.0625,x,0.1875,y,0.3125,0.29655412152484,0.31693532082772596,0.020381199302885955,0.10000000600915501,0.9316945828513565
2001,1.0,20dB_nominal_difference,real,vanilla_IBS2,REJECTED_PHYSICAL,XY,z,-0.0625,x,0.3125,y,0.3125,0.27140413415974374,0.28797476283448237,0.01657062867473863,0.10000000600915501,0.9316945828513565
2001,1.0,20dB_nominal_difference,real,vanilla_IBS2,REJECTED_PHYSICAL,XY,z,-0.0625,x,0.4375,y,0.3125,0.23610303361304813,0.2469921677582163,0.010889134145168178,0.10000000600915501,0.9316945828513565
2001,1.0,20dB_nominal_difference,real,vanilla_IBS2,REJECTED_PHYSICAL,XY,z,-0.0625,x,0.5625,y,0.3125,0.1763764986896118,0.19789665515596072,0.021520156466348916,0.10000000600915501,0.9316945828513565
2001,1.0,20dB_nominal_difference,real,vanilla_IBS2,REJECTED_PHYSICAL,XY,z,-0.0625,x,0.6875,y,0.3125,0.12765795889379147,0.1474033107875009,0.019745351893709434,0.10000000600915501,0.9316945828513565
2001,1.0,20dB_nominal_difference,real,vanilla_IBS2,REJECTED_PHYSICAL,XY,z,-0.0625,x,-0.6875,y,0.4375,0.10114841421051789,0.07461830937145492,-0.02653010483906297,0.10000000600915501,0.9316945828513565
2001,1.0,20dB_nominal_difference,real,vanilla_IBS2,REJECTED_PHYSICAL,XY,z,-0.0625,x,-0.5625,y,0.4375,0.10693462372443238,0.132596008215518,0.025661384491085626,0.10000000600915501,0.9316945828513565
2001,1.0,20dB_nominal_difference,real,vanilla_IBS2,REJECTED_PHYSICAL,XY,z,-0.0625,x,-0.4375,y,0.4375,0.12759383376306277,0.18489530612452795,0.05730147236146518,0.10000000600915501,0.9316945828513565
2001,1.0,20dB_nominal_difference,real,vanilla_IBS2,REJECTED_PHYSICAL,XY,z,-0.0625,x,-0.3125,y,0.4375,0.17250779922464993,0.2295331011042786,0.057025301879628676,0.10000000600915501,0.9316945828513565
2001,1.0,20dB_nominal_difference,real,vanilla_IBS2,REJECTED_PHYSICAL,XY,z,-0.0625,x,-0.1875,y,0.4375,0.2270800966164236,0.2640810793641606,0.037000982747737,0.10000000600915501,0.9316945828513565
2001,1.0,20dB_nominal_difference,real,vanilla_IBS2,REJECTED_PHYSICAL,XY,z,-0.0625,x,-0.0625,y,0.4375,0.255002531880477,0.2863681216468509,0.03136558976637388,0.10000000600915501,0.9316945828513565
2001,1.0,20dB_nominal_difference,real,vanilla_IBS2,REJECTED_PHYSICAL,XY,z,-0.0625,x,0.0625,y,0.4375,0.2512553768125801,0.2948705137437131,0.043615136931133,0.10000000600915501,0.9316945828513565
2001,1.0,20dB_nominal_difference,real,vanilla_IBS2,REJECTED_PHYSICAL,XY,z,-0.0625,x,0.1875,y,0.4375,0.24786304214956373,0.2890632465478772,0.041200204398313456,0.10000000600915501,0.9316945828513565
2001,1.0,20dB_nominal_difference,real,vanilla_IBS2,REJECTED_PHYSICAL,XY,z,-0.0625,x,0.3125,y,0.4375,0.24341302895259062,0.26970752275397747,0.026294493801386848,0.10000000600915501,0.9316945828513565
2001,1.0,20dB_nominal_difference,real,vanilla_IBS2,REJECTED_PHYSICAL,XY,z,-0.0625,x,0.4375,y,0.4375,0.20839060005756693,0.23900208234333464,0.03061148228576771,0.10000000600915501,0.9316945828513565
2001,1.0,20dB_nominal_difference,real,vanilla_IBS2,REJECTED_PHYSICAL,XY,z,-0.0625,x,0.5625,y,0.4375,0.15489601898677052,0.2005240898663291,0.045628070879558585,0.10000000600915501,0.9316945828513565
2001,1.0,20dB_nominal_difference,real,vanilla_IBS2,REJECTED_PHYSICAL,XY,z,-0.0625,x,0.6875,y,0.4375,0.11773851679414572,0.16039227160135114,0.042653754807205416,0.10000000600915501,0.9316945828513565
2001,1.0,20dB_nominal_difference,real,vanilla_IBS2,REJECTED_PHYSICAL,XY,z,-0.0625,x,-0.6875,y,0.5625,0.1003559096768723,0.05784223194669416,-0.04251367773017814,0.10000000600915501,0.9316945828513565
2001,1.0,20dB_nominal_difference,real,vanilla_IBS2,REJECTED_PHYSICAL,XY,z,-0.0625,x,-0.5625,y,0.5625,0.10222028492804464,0.09729210845643911,-0.004928176471605525,0.10000000600915501,0.9316945828513565
2001,1.0,20dB_nominal_difference,real,vanilla_IBS2,REJECTED_PHYSICAL,XY,z,-0.0625,x,-0.4375,y,0.5625,0.10913727806028901,0.13669668797378992,0.027559409913500907,0.10000000600915501,0.9316945828513565
2001,1.0,20dB_nominal_difference,real,vanilla_IBS2,REJECTED_PHYSICAL,XY,z,-0.0625,x,-0.3125,y,0.5625,0.12494046438860903,0.17464768572732575,0.04970722133871672,0.10000000600915501,0.9316945828513565
2001,1.0,20dB_nominal_difference,real,vanilla_IBS2,REJECTED_PHYSICAL,XY,z,-0.0625,x,-0.1875,y,0.5625,0.14612205742413914,0.20799123095939576,0.061869173535256616,0.10000000600915501,0.9316945828513565
2001,1.0,20dB_nominal_difference,real,vanilla_IBS2,REJECTED_PHYSICAL,XY,z,-0.0625,x,-0.0625,y,0.5625,0.16207226151280418,0.23349116584454813,0.07141890433174394,0.10000000600915501,0.9316945828513565
2001,1.0,20dB_nominal_difference,real,vanilla_IBS2,REJECTED_PHYSICAL,XY,z,-0.0625,x,0.0625,y,0.5625,0.17141133688533441,0.24845531013672825,0.07704397325139384,0.10000000600915501,0.9316945828513565
2001,1.0,20dB_nominal_difference,real,vanilla_IBS2,REJECTED_PHYSICAL,XY,z,-0.0625,x,0.1875,y,0.5625,0.17958861939133242,0.2512656047551785,0.07167698536384609,0.10000000600915501,0.9316945828513565
2001,1.0,20dB_nominal_difference,real,vanilla_IBS2,REJECTED_PHYSICAL,XY,z,-0.0625,x,0.3125,y,0.5625,0.17660099355584172,0.24183083341701422,0.0652298398611725,0.10000000600915501,0.9316945828513565
2001,1.0,20dB_nominal_difference,real,vanilla_IBS2,REJECTED_PHYSICAL,XY,z,-0.0625,x,0.4375,y,0.5625,0.15297691049428866,0.22186875503710746,0.0688918445428188,0.10000000600915501,0.9316945828513565
2001,1.0,20dB_nominal_difference,real,vanilla_IBS2,REJECTED_PHYSICAL,XY,z,-0.0625,x,0.5625,y,0.5625,0.12400536006734672,0.1949834324339158,0.07097807236656908,0.10000000600915501,0.9316945828513565
2001,1.0,20dB_nominal_difference,real,vanilla_IBS2,REJECTED_PHYSICAL,XY,z,-0.0625,x,0.6875,y,0.5625,0.10690885512842992,0.16754871232002932,0.06063985719159941,0.10000000600915501,0.9316945828513565
2001,1.0,20dB_nominal_difference,real,vanilla_IBS2,REJECTED_PHYSICAL,XY,z,-0.0625,x,-0.6875,y,0.6875,0.10008447943542029,0.041392834687214296,-0.05869164474820599,0.10000000600915501,0.9316945828513565
2001,1.0,20dB_nominal_difference,real,vanilla_IBS2,REJECTED_PHYSICAL,XY,z,-0.0625,x,-0.5625,y,0.6875,0.1005447510332622,0.055670085052496564,-0.044874665980765636,0.10000000600915501,0.9316945828513565
2001,1.0,20dB_nominal_difference,real,vanilla_IBS2,REJECTED_PHYSICAL,XY,z,-0.0625,x,-0.4375,y,0.6875,0.10232262764080495,0.08228356461507963,-0.02003906302572532,0.10000000600915501,0.9316945828513565
2001,1.0,20dB_nominal_difference,real,vanilla_IBS2,REJECTED_PHYSICAL,XY,z,-0.0625,x,-0.3125,y,0.6875,0.10661692509131052,0.11507684315297512,0.0084599180616646,0.10000000600915501,0.9316945828513565
2001,1.0,20dB_nominal_difference,real,vanilla_IBS2,REJECTED_PHYSICAL,XY,z,-0.0625,x,-0.1875,y,0.6875,0.11303193791873747,0.14879788644893305,0.035765948530195574,0.10000000600915501,0.9316945828513565
2001,1.0,20dB_nominal_difference,real,vanilla_IBS2,REJECTED_PHYSICAL,XY,z,-0.0625,x,-0.0625,y,0.6875,0.11937276688178071,0.17858531403801595,0.05921254715623524,0.10000000600915501,0.9316945828513565
2001,1.0,20dB_nominal_difference,real,vanilla_IBS2,REJECTED_PHYSICAL,XY,z,-0.0625,x,0.0625,y,0.6875,0.12481962777323295,0.20028700699187868,0.07546737921864573,0.10000000600915501,0.9316945828513565
2001,1.0,20dB_nominal_difference,real,vanilla_IBS2,REJECTED_PHYSICAL,XY,z,-0.0625,x,0.1875,y,0.6875,0.12834929071443463,0.21110052074992003,0.0827512300354854,0.10000000600915501,0.9316945828513565
2001,1.0,20dB_nominal_difference,real,vanilla_IBS2,REJECTED_PHYSICAL,XY,z,-0.0625,x,0.3125,y,0.6875,0.12546993569784834,0.2101594249283588,0.08468948923051045,0.10000000600915501,0.9316945828513565
2001,1.0,20dB_nominal_difference,real,vanilla_IBS2,REJECTED_PHYSICAL,XY,z,-0.0625,x,0.4375,y,0.6875,0.11582540534158545,0.19886982998782946,0.08304442464624401,0.10000000600915501,0.9316945828513565
2001,1.0,20dB_nominal_difference,real,vanilla_IBS2,REJECTED_PHYSICAL,XY,z,-0.0625,x,0.5625,y,0.6875,0.10638547616199451,0.1810100711671468,0.07462459500515228,0.10000000600915501,0.9316945828513565
2001,1.0,20dB_nominal_difference,real,vanilla_IBS2,REJECTED_PHYSICAL,XY,z,-0.0625,x,0.6875,y,0.6875,0.10163460092111411,0.16471291346254135,0.06307831254142725,0.10000000600915501,0.9316945828513565
2001,1.0,20dB_nominal_difference,real,vanilla_IBS2,REJECTED_PHYSICAL,XZ,y,-0.0625,x,-0.6875,z,-0.6875,0.10291318459824714,0.047917187277564575,-0.05499599732068256,0.10000000600915501,0.9316945828513565
2001,1.0,20dB_nominal_difference,real,vanilla_IBS2,REJECTED_PHYSICAL,XZ,y,-0.0625,x,-0.5625,z,-0.6875,0.11546049002657596,0.1564162934532458,0.04095580342666985,0.10000000600915501,0.9316945828513565
2001,1.0,20dB_nominal_difference,real,vanilla_IBS2,REJECTED_PHYSICAL,XZ,y,-0.0625,x,-0.4375,z,-0.6875,0.15404043140061494,0.24346725000556896,0.08942681860495402,0.10000000600915501,0.9316945828513565
2001,1.0,20dB_nominal_difference,real,vanilla_IBS2,REJECTED_PHYSICAL,XZ,y,-0.0625,x,-0.3125,z,-0.6875,0.22440982016802116,0.2995279358337997,0.07511811566577856,0.10000000600915501,0.9316945828513565
2001,1.0,20dB_nominal_difference,real,vanilla_IBS2,REJECTED_PHYSICAL,XZ,y,-0.0625,x,-0.1875,z,-0.6875,0.28863871102744765,0.3217963071742105,0.033157596146762836,0.10000000600915501,0.9316945828513565
2001,1.0,20dB_nominal_difference,real,vanilla_IBS2,REJECTED_PHYSICAL,XZ,y,-0.0625,x,-0.0625,z,-0.6875,0.2883854178941376,0.31235148183436656,0.023966063940228988,0.10000000600915501,0.9316945828513565
2001,1.0,20dB_nominal_difference,real,vanilla_IBS2,REJECTED_PHYSICAL,XZ,y,-0.0625,x,0.0625,z,-0.6875,0.22390934619667607,0.27727478222417534,0.05336543602749927,0.10000000600915501,0.9316945828513565
2001,1.0,20dB_nominal_difference,real,vanilla_IBS2,REJECTED_PHYSICAL,XZ,y,-0.0625,x,0.1875,z,-0.6875,0.1536786126262088,0.22554617120811568,0.07186755858190688,0.10000000600915501,0.9316945828513565
2001,1.0,20dB_nominal_difference,real,vanilla_IBS2,REJECTED_PHYSICAL,XZ,y,-0.0625,x,0.3125,z,-0.6875,0.11531580262732725,0.1677674241602897,0.05245162153296244,0.10000000600915501,0.9316945828513565
2001,1.0,20dB_nominal_difference,real,vanilla_IBS2,REJECTED_PHYSICAL,XZ,y,-0.0625,x,0.4375,z,-0.6875,0.10287822780423593,0.11494154631154643,0.012063318507310503,0.10000000600915501,0.9316945828513565
2001,1.0,20dB_nominal_difference,real,vanilla_IBS2,REJECTED_PHYSICAL,XZ,y,-0.0625,x,0.5625,z,-0.6875,0.10035628237908936,0.07791620314323922,-0.022440079235850147,0.10000000600915501,0.9316945828513565
2001,1.0,20dB_nominal_difference,real,vanilla_IBS2,REJECTED_PHYSICAL,XZ,y,-0.0625,x,0.6875,z,-0.6875,0.10002906531016559,0.07223715181940166,-0.02779191349076393,0.10000000600915501,0.9316945828513565
2001,1.0,20dB_nominal_difference,real,vanilla_IBS2,REJECTED_PHYSICAL,XZ,y,-0.0625,x,-0.6875,z,-0.5625,0.10607231156288507,0.0735560211859972,-0.03251629037688787,0.10000000600915501,0.9316945828513565
2001,1.0,20dB_nominal_difference,real,vanilla_IBS2,REJECTED_PHYSICAL,XZ,y,-0.0625,x,-0.5625,z,-0.5625,0.13222621471145993,0.18169462012007176,0.04946840540861183,0.10000000600915501,0.9316945828513565
2001,1.0,20dB_nominal_difference,real,vanilla_IBS2,REJECTED_PHYSICAL,XZ,y,-0.0625,x,-0.4375,z,-0.5625,0.2126431660706112,0.26734623751104053,0.054703071440429324,0.10000000600915501,0.9316945828513565
2001,1.0,20dB_nominal_difference,real,vanilla_IBS2,REJECTED_PHYSICAL,XZ,y,-0.0625,x,-0.3125,z,-0.5625,0.3593228011778993,0.3235832804831795,-0.03573952069471975,0.10000000600915501,0.9316945828513565
2001,1.0,20dB_nominal_difference,real,vanilla_IBS2,REJECTED_PHYSICAL,XZ,y,-0.0625,x,-0.1875,z,-0.5625,0.4932030390785944,0.34782705990704116,-0.14537597917155326,0.10000000600915501,0.9316945828513565
2001,1.0,20dB_nominal_difference,real,vanilla_IBS2,REJECTED_PHYSICAL,XZ,y,-0.0625,x,-0.0625,z,-0.5625,0.4926750979995492,0.34151867422614923,-0.1511564237734,0.10000000600915501,0.9316945828513565
2001,1.0,20dB_nominal_difference,real,vanilla_IBS2,REJECTED_PHYSICAL,XZ,y,-0.0625,x,0.0625,z,-0.5625,0.35827977814129675,0.3097448935669096,-0.04853488457438715,0.10000000600915501,0.9316945828513565
2001,1.0,20dB_nominal_difference,real,vanilla_IBS2,REJECTED_PHYSICAL,XZ,y,-0.0625,x,0.1875,z,-0.5625,0.21188957753242552,0.26037876467856136,0.04848918714613584,0.10000000600915501,0.9316945828513565
2001,1.0,20dB_nominal_difference,real,vanilla_IBS2,REJECTED_PHYSICAL,XZ,y,-0.0625,x,0.3125,z,-0.5625,0.13192587787640483,0.2029868007935834,0.07106092291717855,0.10000000600915501,0.9316945828513565
2001,1.0,20dB_nominal_difference,real,vanilla_IBS2,REJECTED_PHYSICAL,XZ,y,-0.0625,x,0.4375,z,-0.5625,0.10600109988729495,0.14767857365805204,0.04167747377075709,0.10000000600915501,0.9316945828513565
2001,1.0,20dB_nominal_difference,real,vanilla_IBS2,REJECTED_PHYSICAL,XZ,y,-0.0625,x,0.5625,z,-0.5625,0.10074401012398494,0.1039726371901501,0.0032286270661651545,0.10000000600915501,0.9316945828513565
2001,1.0,20dB_nominal_difference,real,vanilla_IBS2,REJECTED_PHYSICAL,XZ,y,-0.0625,x,0.6875,z,-0.5625,0.10006129239122362,0.08082356989628822,-0.019237722494935397,0.10000000600915501,0.9316945828513565
2001,1.0,20dB_nominal_difference,real,vanilla_IBS2,REJECTED_PHYSICAL,XZ,y,-0.0625,x,-0.6875,z,-0.4375,0.10977284609148798,0.096584854544545,-0.013187991546942973,0.10000000600915501,0.9316945828513565
2001,1.0,20dB_nominal_difference,real,vanilla_IBS2,REJECTED_PHYSICAL,XZ,y,-0.0625,x,-0.5625,z,-0.4375,0.15186523011246558,0.19939894227767946,0.047533712165213876,0.10000000600915501,0.9316945828513565
2001,1.0,20dB_nominal_difference,real,vanilla_IBS2,REJECTED_PHYSICAL,XZ,y,-0.0625,x,-0.4375,z,-0.4375,0.28128917057122405,0.28208449793448653,0.000795327363262488,0.10000000600915501,0.9316945828513565
2001,1.0,20dB_nominal_difference,real,vanilla_IBS2,REJECTED_PHYSICAL,XZ,y,-0.0625,x,-0.3125,z,-0.4375,0.5173570194609473,0.3375601635608835,-0.17979685590006378,0.10000000600915501,0.9316945828513565
2001,1.0,20dB_nominal_difference,real,vanilla_IBS2,REJECTED_PHYSICAL,XZ,y,-0.0625,x,-0.1875,z,-0.4375,0.7328254356197617,0.36319522076915056,-0.3696302148506111,0.10000000600915501,0.9316945828513565
2001,1.0,20dB_nominal_difference,real,vanilla_IBS2,REJECTED_PHYSICAL,XZ,y,-0.0625,x,-0.0625,z,-0.4375,0.7319762919832448,0.35982845605536995,-0.3721478359278748,0.10000000600915501,0.9316945828513565
2001,1.0,20dB_nominal_difference,real,vanilla_IBS2,REJECTED_PHYSICAL,XZ,y,-0.0625,x,0.0625,z,-0.4375,0.515681582968196,0.33150836528214833,-0.18417321768604766,0.10000000600915501,0.9316945828513565
2001,1.0,20dB_nominal_difference,real,vanilla_IBS2,REJECTED_PHYSICAL,XZ,y,-0.0625,x,0.1875,z,-0.4375,0.28008716026754726,0.2848329666216315,0.0047458063540842255,0.10000000600915501,0.9316945828513565
2001,1.0,20dB_nominal_difference,real,vanilla_IBS2,REJECTED_PHYSICAL,XZ,y,-0.0625,x,0.3125,z,-0.4375,0.15140465230636926,0.22802850553121237,0.07662385322484311,0.10000000600915501,0.9316945828513565
2001,1.0,20dB_nominal_difference,real,vanilla_IBS2,REJECTED_PHYSICAL,XZ,y,-0.0625,x,0.4375,z,-0.4375,0.10968830043688305,0.16985804064045956,0.060169740203576516,0.10000000600915501,0.9316945828513565
2001,1.0,20dB_nominal_difference,real,vanilla_IBS2,REJECTED_PHYSICAL,XZ,y,-0.0625,x,0.5625,z,-0.4375,0.10122227154090518,0.11832332960218574,0.017101058061280552,0.10000000600915501,0.9316945828513565
2001,1.0,20dB_nominal_difference,real,vanilla_IBS2,REJECTED_PHYSICAL,XZ,y,-0.0625,x,0.6875,z,-0.4375,0.10011151966643468,0.08146322970146776,-0.018648289964966924,0.10000000600915501,0.9316945828513565
2001,1.0,20dB_nominal_difference,real,vanilla_IBS2,REJECTED_PHYSICAL,XZ,y,-0.0625,x,-0.6875,z,-0.3125,0.11214420370539707,0.11346092059420292,0.001316716888805844,0.10000000600915501,0.9316945828513565
2001,1.0,20dB_nominal_difference,real,vanilla_IBS2,REJECTED_PHYSICAL,XZ,y,-0.0625,x,-0.5625,z,-0.3125,0.1644502036042143,0.2082936409323252,0.043843437328110885,0.10000000600915501,0.9316945828513565
2001,1.0,20dB_nominal_difference,real,vanilla_IBS2,REJECTED_PHYSICAL,XZ,y,-0.0625,x,-0.4375,z,-0.3125,0.3252785546943639,0.2864252359518879,-0.038853318742475995,0.10000000600915501,0.9316945828513565
2001,1.0,20dB_nominal_difference,real,vanilla_IBS2,REJECTED_PHYSICAL,XZ,y,-0.0625,x,-0.3125,z,-0.3125,0.618627754958439,0.3405142271866589,-0.2781135277717801,0.10000000600915501,0.9316945828513565
2001,1.0,20dB_nominal_difference,real,vanilla_IBS2,REJECTED_PHYSICAL,XZ,y,-0.0625,x,-0.1875,z,-0.3125,0.8863797976910598,0.367560405185146,-0.5188193925059138,0.10000000600915501,0.9316945828513565
2001,1.0,20dB_nominal_difference,real,vanilla_IBS2,REJECTED_PHYSICAL,XZ,y,-0.0625,x,-0.0625,z,-0.3125,0.8853305904537354,0.36765850748921536,-0.51767208296452,0.10000000600915501,0.9316945828513565
2001,1.0,20dB_nominal_difference,real,vanilla_IBS2,REJECTED_PHYSICAL,XZ,y,-0.0625,x,0.0625,z,-0.3125,0.6165820197691554,0.34371248116553793,-0.27286953860361746,0.10000000600915501,0.9316945828513565
2001,1.0,20dB_nominal_difference,real,vanilla_IBS2,REJECTED_PHYSICAL,XZ,y,-0.0625,x,0.1875,z,-0.3125,0.32390683580753876,0.3009097722614039,-0.022997063546134844,0.10000000600915501,0.9316945828513565
2001,1.0,20dB_nominal_difference,real,vanilla_IBS2,REJECTED_PHYSICAL,XZ,y,-0.0625,x,0.3125,z,-0.3125,0.16413463265473302,0.24598690333956422,0.0818522706848312,0.10000000600915501,0.9316945828513565
2001,1.0,20dB_nominal_difference,real,vanilla_IBS2,REJECTED_PHYSICAL,XZ,y,-0.0625,x,0.4375,z,-0.3125,0.11237788718970991,0.18633210032453743,0.07395421313482752,0.10000000600915501,0.9316945828513565
2001,1.0,20dB_nominal_difference,real,vanilla_IBS2,REJECTED_PHYSICAL,XZ,y,-0.0625,x,0.5625,z,-0.3125,0.10179889325449674,0.1289659466635067,0.027167053409009947,0.10000000600915501,0.9316945828513565
2001,1.0,20dB_nominal_difference,real,vanilla_IBS2,REJECTED_PHYSICAL,XZ,y,-0.0625,x,0.6875,z,-0.3125,0.1002836516556748,0.08227096676154788,-0.018012684894126912,0.10000000600915501,0.9316945828513565
2001,1.0,20dB_nominal_difference,real,vanilla_IBS2,REJECTED_PHYSICAL,XZ,y,-0.0625,x,-0.6875,z,-0.1875,0.11165193354924287,0.12170920414893792,0.01005727059969505,0.10000000600915501,0.9316945828513565
2001,1.0,20dB_nominal_difference,real,vanilla_IBS2,REJECTED_PHYSICAL,XZ,y,-0.0625,x,-0.5625,z,-0.1875,0.1618376892964568,0.20696956305636308,0.045131873759906266,0.10000000600915501,0.9316945828513565
2001,1.0,20dB_nominal_difference,real,vanilla_IBS2,REJECTED_PHYSICAL,XZ,y,-0.0625,x,-0.4375,z,-0.1875,0.3161468167065895,0.2791605073658099,-0.03698630934077962,0.10000000600915501,0.9316945828513565
2001,1.0,20dB_nominal_difference,real,vanilla_IBS2,REJECTED_PHYSICAL,XZ,y,-0.0625,x,-0.3125,z,-0.1875,0.5976053749803595,0.3311050907905908,-0.2665002841897687,0.10000000600915501,0.9316945828513565
2001,1.0,20dB_nominal_difference,real,vanilla_IBS2,REJECTED_PHYSICAL,XZ,y,-0.0625,x,-0.1875,z,-0.1875,0.8545090934455207,0.3594764430657301,-0.4950326503797906,0.10000000600915501,0.9316945828513565
2001,1.0,20dB_nominal_difference,real,vanilla_IBS2,REJECTED_PHYSICAL,XZ,y,-0.0625,x,-0.0625,z,-0.1875,0.8535440971175853,0.3635918689487798,-0.48995222816880546,0.10000000600915501,0.9316945828513565
2001,1.0,20dB_nominal_difference,real,vanilla_IBS2,REJECTED_PHYSICAL,XZ,y,-0.0625,x,0.0625,z,-0.1875,0.5958952121257558,0.3451621148139439,-0.2507330973118119,0.10000000600915501,0.9316945828513565
2001,1.0,20dB_nominal_difference,real,vanilla_IBS2,REJECTED_PHYSICAL,XZ,y,-0.0625,x,0.1875,z,-0.1875,0.31568087560700336,0.30790133507873363,-0.007779540528269735,0.10000000600915501,0.9316945828513565
2001,1.0,20dB_nominal_difference,real,vanilla_IBS2,REJECTED_PHYSICAL,XZ,y,-0.0625,x,0.3125,z,-0.1875,0.16332485453803722,0.2570008905381398,0.09367603600010257,0.10000000600915501,0.9316945828513565
2001,1.0,20dB_nominal_difference,real,vanilla_IBS2,REJECTED_PHYSICAL,XZ,y,-0.0625,x,0.4375,z,-0.1875,0.11423757594009891,0.19848776827444592,0.08425019233434701,0.10000000600915501,0.9316945828513565
2001,1.0,20dB_nominal_difference,real,vanilla_IBS2,REJECTED_PHYSICAL,XZ,y,-0.0625,x,0.5625,z,-0.1875,0.10367817561264485,0.13851764029453117,0.034839464681886326,0.10000000600915501,0.9316945828513565
2001,1.0,20dB_nominal_difference,real,vanilla_IBS2,REJECTED_PHYSICAL,XZ,y,-0.0625,x,0.6875,z,-0.1875,0.10128347098942649,0.08560665854801028,-0.015676812441416207,0.10000000600915501,0.9316945828513565
2001,1.0,20dB_nominal_difference,real,vanilla_IBS2,REJECTED_PHYSICAL,XZ,y,-0.0625,x,-0.6875,z,-0.0625,0.1086319303622552,0.12140327247824517,0.012771342115989973,0.10000000600915501,0.9316945828513565
2001,1.0,20dB_nominal_difference,real,vanilla_IBS2,REJECTED_PHYSICAL,XZ,y,-0.0625,x,-0.5625,z,-0.0625,0.14581030690719132,0.19582494952420085,0.050014642617009525,0.10000000600915501,0.9316945828513565
2001,1.0,20dB_nominal_difference,real,vanilla_IBS2,REJECTED_PHYSICAL,XZ,y,-0.0625,x,-0.4375,z,-0.0625,0.260124942599339,0.2607922737864987,0.0006673311871597254,0.10000000600915501,0.9316945828513565
2001,1.0,20dB_nominal_difference,real,vanilla_IBS2,REJECTED_PHYSICAL,XZ,y,-0.0625,x,-0.3125,z,-0.0625,0.4686354000592555,0.3096910876216259,-0.15894431243762963,0.10000000600915501,0.9316945828513565
2001,1.0,20dB_nominal_difference,real,vanilla_IBS2,REJECTED_PHYSICAL,XZ,y,-0.0625,x,-0.1875,z,-0.0625,0.658975602264724,0.33906325339377275,-0.3199123488709512,0.10000000600915501,0.9316945828513565
2001,1.0,20dB_nominal_difference,real,vanilla_IBS2,REJECTED_PHYSICAL,XZ,y,-0.0625,x,-0.0625,z,-0.0625,0.6584401254504064,0.34754272494100696,-0.31089740050939946,0.10000000600915501,0.9316945828513565
2001,1.0,20dB_nominal_difference,real,vanilla_IBS2,REJECTED_PHYSICAL,XZ,y,-0.0625,x,0.0625,z,-0.0625,0.4684559578600319,0.33568829687789725,-0.13276766098213466,0.10000000600915501,0.9316945828513565
2001,1.0,20dB_nominal_difference,real,vanilla_IBS2,REJECTED_PHYSICAL,XZ,y,-0.0625,x,0.1875,z,-0.0625,0.2634391773756436,0.30574918032550447,0.04231000294986087,0.10000000600915501,0.9316945828513565
2001,1.0,20dB_nominal_difference,real,vanilla_IBS2,REJECTED_PHYSICAL,XZ,y,-0.0625,x,0.3125,z,-0.0625,0.15461648871629483,0.26135682358809453,0.10674033487179971,0.10000000600915501,0.9316945828513565
2001,1.0,20dB_nominal_difference,real,vanilla_IBS2,REJECTED_PHYSICAL,XZ,y,-0.0625,x,0.4375,z,-0.0625,0.12071173516744532,0.2071376888558796,0.08642595368843428,0.10000000600915501,0.9316945828513565
2001,1.0,20dB_nominal_difference,real,vanilla_IBS2,REJECTED_PHYSICAL,XZ,y,-0.0625,x,0.5625,z,-0.0625,0.11112771864288029,0.14826453330285752,0.03713681465997723,0.10000000600915501,0.9316945828513565
2001,1.0,20dB_nominal_difference,real,vanilla_IBS2,REJECTED_PHYSICAL,XZ,y,-0.0625,x,0.6875,z,-0.0625,0.10530383314727672,0.09297626319157061,-0.012327569955706108,0.10000000600915501,0.9316945828513565
2001,1.0,20dB_nominal_difference,real,vanilla_IBS2,REJECTED_PHYSICAL,XZ,y,-0.0625,x,-0.6875,z,0.0625,0.10493740594683888,0.1147608749645445,0.009823469017705616,0.10000000600915501,0.9316945828513565
2001,1.0,20dB_nominal_difference,real,vanilla_IBS2,REJECTED_PHYSICAL,XZ,y,-0.0625,x,-0.5625,z,0.0625,0.12620319207139394,0.17706446489147348,0.050861272820079545,0.10000000600915501,0.9316945828513565
2001,1.0,20dB_nominal_difference,real,vanilla_IBS2,REJECTED_PHYSICAL,XZ,y,-0.0625,x,-0.4375,z,0.0625,0.1915905966188143,0.23341332667887008,0.04182273006005577,0.10000000600915501,0.9316945828513565
2001,1.0,20dB_nominal_difference,real,vanilla_IBS2,REJECTED_PHYSICAL,XZ,y,-0.0625,x,-0.3125,z,0.0625,0.31086156614461674,0.278090414961972,-0.03277115118264473,0.10000000600915501,0.9316945828513565
2001,1.0,20dB_nominal_difference,real,vanilla_IBS2,REJECTED_PHYSICAL,XZ,y,-0.0625,x,-0.1875,z,0.0625,0.4197931908029856,0.30774640929193847,-0.11204678151104713,0.10000000600915501,0.9316945828513565
2001,1.0,20dB_nominal_difference,real,vanilla_IBS2,REJECTED_PHYSICAL,XZ,y,-0.0625,x,-0.0625,z,0.0625,0.41996236518319985,0.3205053177033482,-0.09945704747985162,0.10000000600915501,0.9316945828513565
2001,1.0,20dB_nominal_difference,real,vanilla_IBS2,REJECTED_PHYSICAL,XZ,y,-0.0625,x,0.0625,z,0.0625,0.3136409372943356,0.3158919410543788,0.0022510037600431687,0.10000000600915501,0.9316945828513565
2001,1.0,20dB_nominal_difference,real,vanilla_IBS2,REJECTED_PHYSICAL,XZ,y,-0.0625,x,0.1875,z,0.0625,0.2031844577336356,0.29476199597040875,0.09157753823677314,0.10000000600915501,0.9316945828513565
2001,1.0,20dB_nominal_difference,real,vanilla_IBS2,REJECTED_PHYSICAL,XZ,y,-0.0625,x,0.3125,z,0.0625,0.1516585841340695,0.25920928950845146,0.10755070537438197,0.10000000600915501,0.9316945828513565
2001,1.0,20dB_nominal_difference,real,vanilla_IBS2,REJECTED_PHYSICAL,XZ,y,-0.0625,x,0.4375,z,0.0625,0.13878437408976096,0.2124113669380912,0.07362699284833024,0.10000000600915501,0.9316945828513565
2001,1.0,20dB_nominal_difference,real,vanilla_IBS2,REJECTED_PHYSICAL,XZ,y,-0.0625,x,0.5625,z,0.0625,0.12863419706309265,0.15839127747367576,0.029757080410583114,0.10000000600915501,0.9316945828513565
2001,1.0,20dB_nominal_difference,real,vanilla_IBS2,REJECTED_PHYSICAL,XZ,y,-0.0625,x,0.6875,z,0.0625,0.11457009000250318,0.1047234260444877,-0.009846663958015478,0.10000000600915501,0.9316945828513565
2001,1.0,20dB_nominal_difference,real,vanilla_IBS2,REJECTED_PHYSICAL,XZ,y,-0.0625,x,-0.6875,z,0.1875,0.10218057355436877,0.1052918463473187,0.003111272792949926,0.10000000600915501,0.9316945828513565
2001,1.0,20dB_nominal_difference,real,vanilla_IBS2,REJECTED_PHYSICAL,XZ,y,-0.0625,x,-0.5625,z,0.1875,0.11157248004682706,0.15404947007949996,0.0424769900326729,0.10000000600915501,0.9316945828513565
2001,1.0,20dB_nominal_difference,real,vanilla_IBS2,REJECTED_PHYSICAL,XZ,y,-0.0625,x,-0.4375,z,0.1875,0.14045073780303613,0.20015125537780487,0.05970051757476874,0.10000000600915501,0.9316945828513565
2001,1.0,20dB_nominal_difference,real,vanilla_IBS2,REJECTED_PHYSICAL,XZ,y,-0.0625,x,-0.3125,z,0.1875,0.19313313446591374,0.23905967948298895,0.045926545017075215,0.10000000600915501,0.9316945828513565
2001,1.0,20dB_nominal_difference,real,vanilla_IBS2,REJECTED_PHYSICAL,XZ,y,-0.0625,x,-0.1875,z,0.1875,0.24133684521131243,0.26778443276653807,0.026447587555225638,0.10000000600915501,0.9316945828513565
2001,1.0,20dB_nominal_difference,real,vanilla_IBS2,REJECTED_PHYSICAL,XZ,y,-0.0625,x,-0.0625,z,0.1875,0.24218420132429894,0.28415023335204503,0.0419660320277461,0.10000000600915501,0.9316945828513565
2001,1.0,20dB_nominal_difference,real,vanilla_IBS2,REJECTED_PHYSICAL,XZ,y,-0.0625,x,0.0625,z,0.1875,0.19904397316173364,0.28681439275610376,0.08777041959437012,0.10000000600915501,0.9316945828513565
2001,1.0,20dB_nominal_difference,real,vanilla_IBS2,REJECTED_PHYSICAL,XZ,y,-0.0625,x,0.1875,z,0.1875,0.16133083934880801,0.27536107389756076,0.11403023454875275,0.10000000600915501,0.9316945828513565
2001,1.0,20dB_nominal_difference,real,vanilla_IBS2,REJECTED_PHYSICAL,XZ,y,-0.0625,x,0.3125,z,0.1875,0.15599501697094545,0.2504169444092699,0.09442192743832448,0.10000000600915501,0.9316945828513565
2001,1.0,20dB_nominal_difference,real,vanilla_IBS2,REJECTED_PHYSICAL,XZ,y,-0.0625,x,0.4375,z,0.1875,0.16090289062399823,0.21370849197161068,0.052805601347612446,0.10000000600915501,0.9316945828513565
2001,1.0,20dB_nominal_difference,real,vanilla_IBS2,REJECTED_PHYSICAL,XZ,y,-0.0625,x,0.5625,z,0.1875,0.14883420192243652,0.1679907865821193,0.019156584659682785,0.10000000600915501,0.9316945828513565
2001,1.0,20dB_nominal_difference,real,vanilla_IBS2,REJECTED_PHYSICAL,XZ,y,-0.0625,x,0.6875,z,0.1875,0.12518164673651522,0.11985780195301879,-0.005323844783496429,0.10000000600915501,0.9316945828513565
2001,1.0,20dB_nominal_difference,real,vanilla_IBS2,REJECTED_PHYSICAL,XZ,y,-0.0625,x,-0.6875,z,0.3125,0.1007435731248137,0.09671280032026196,-0.004030772804551747,0.10000000600915501,0.9316945828513565
2001,1.0,20dB_nominal_difference,real,vanilla_IBS2,REJECTED_PHYSICAL,XZ,y,-0.0625,x,-0.5625,z,0.3125,0.10394621150546675,0.13035467660915387,0.02640846510368712,0.10000000600915501,0.9316945828513565
2001,1.0,20dB_nominal_difference,real,vanilla_IBS2,REJECTED_PHYSICAL,XZ,y,-0.0625,x,-0.4375,z,0.3125,0.11379399302796561,0.1643546467533587,0.05056065372539309,0.10000000600915501,0.9316945828513565
2001,1.0,20dB_nominal_difference,real,vanilla_IBS2,REJECTED_PHYSICAL,XZ,y,-0.0625,x,-0.3125,z,0.3125,0.13176570126692927,0.19559933463304446,0.0638336333661152,0.10000000600915501,0.9316945828513565
2001,1.0,20dB_nominal_difference,real,vanilla_IBS2,REJECTED_PHYSICAL,XZ,y,-0.0625,x,-0.1875,z,0.3125,0.1482969383158086,0.22170013263786204,0.07340319432205344,0.10000000600915501,0.9316945828513565
2001,1.0,20dB_nominal_difference,real,vanilla_IBS2,REJECTED_PHYSICAL,XZ,y,-0.0625,x,-0.0625,z,0.3125,0.1493509123910043,0.24039367175476228,0.091042759363758,0.10000000600915501,0.9316945828513565
2001,1.0,20dB_nominal_difference,real,vanilla_IBS2,REJECTED_PHYSICAL,XZ,y,-0.0625,x,0.0625,z,0.3125,0.1384184813435622,0.2496509100524736,0.11123242870891142,0.10000000600915501,0.9316945828513565
2001,1.0,20dB_nominal_difference,real,vanilla_IBS2,REJECTED_PHYSICAL,XZ,y,-0.0625,x,0.1875,z,0.3125,0.13651851186502503,0.24793456490189733,0.1114160530368723,0.10000000600915501,0.9316945828513565
2001,1.0,20dB_nominal_difference,real,vanilla_IBS2,REJECTED_PHYSICAL,XZ,y,-0.0625,x,0.3125,z,0.3125,0.15194756578828378,0.23452149777926345,0.08257393199097968,0.10000000600915501,0.9316945828513565
2001,1.0,20dB_nominal_difference,real,vanilla_IBS2,REJECTED_PHYSICAL,XZ,y,-0.0625,x,0.4375,z,0.3125,0.1641104250991271,0.209769489214998,0.045659064115870895,0.10000000600915501,0.9316945828513565
2001,1.0,20dB_nominal_difference,real,vanilla_IBS2,REJECTED_PHYSICAL,XZ,y,-0.0625,x,0.5625,z,0.3125,0.15248385036603143,0.17518190870059364,0.022698058334562204,0.10000000600915501,0.9316945828513565
2001,1.0,20dB_nominal_difference,real,vanilla_IBS2,REJECTED_PHYSICAL,XZ,y,-0.0625,x,0.6875,z,0.3125,0.12714901436724077,0.13619537004048554,0.009046355673244771,0.10000000600915501,0.9316945828513565
2001,1.0,20dB_nominal_difference,real,vanilla_IBS2,REJECTED_PHYSICAL,XZ,y,-0.0625,x,-0.6875,z,0.4375,0.10019577522434044,0.09188917174969873,-0.00830660347464171,0.10000000600915501,0.9316945828513565
2001,1.0,20dB_nominal_difference,real,vanilla_IBS2,REJECTED_PHYSICAL,XZ,y,-0.0625,x,-0.5625,z,0.4375,0.10103900254906549,0.10880570859219431,0.007766706043128818,0.10000000600915501,0.9316945828513565
2001,1.0,20dB_nominal_difference,real,vanilla_IBS2,REJECTED_PHYSICAL,XZ,y,-0.0625,x,-0.4375,z,0.4375,0.10363201899043296,0.12874936861879616,0.025117349628363192,0.10000000600915501,0.9316945828513565
2001,1.0,20dB_nominal_difference,real,vanilla_IBS2,REJECTED_PHYSICAL,XZ,y,-0.0625,x,-0.3125,z,0.4375,0.10836800822145884,0.1502669477484836,0.04189893952702475,0.10000000600915501,0.9316945828513565
2001,1.0,20dB_nominal_difference,real,vanilla_IBS2,REJECTED_PHYSICAL,XZ,y,-0.0625,x,-0.1875,z,0.4375,0.11277653713764532,0.1717695441413335,0.058993007003688175,0.10000000600915501,0.9316945828513565
2001,1.0,20dB_nominal_difference,real,vanilla_IBS2,REJECTED_PHYSICAL,XZ,y,-0.0625,x,-0.0625,z,0.4375,0.11351082863467063,0.1910715565771262,0.07756072794245558,0.10000000600915501,0.9316945828513565
2001,1.0,20dB_nominal_difference,real,vanilla_IBS2,REJECTED_PHYSICAL,XZ,y,-0.0625,x,0.0625,z,0.4375,0.1128884445114052,0.2056153642915991,0.0927269197801939,0.10000000600915501,0.9316945828513565
2001,1.0,20dB_nominal_difference,real,vanilla_IBS2,REJECTED_PHYSICAL,XZ,y,-0.0625,x,0.1875,z,0.4375,0.1189324241042333,0.21288635280646556,0.09395392870223226,0.10000000600915501,0.9316945828513565
2001,1.0,20dB_nominal_difference,real,vanilla_IBS2,REJECTED_PHYSICAL,XZ,y,-0.0625,x,0.3125,z,0.4375,0.13329370703991425,0.2109417049027476,0.07764799786283336,0.10000000600915501,0.9316945828513565
2001,1.0,20dB_nominal_difference,real,vanilla_IBS2,REJECTED_PHYSICAL,XZ,y,-0.0625,x,0.4375,z,0.4375,0.1427591236510871,0.19892676291922373,0.05616763926813664,0.10000000600915501,0.9316945828513565
2001,1.0,20dB_nominal_difference,real,vanilla_IBS2,REJECTED_PHYSICAL,XZ,y,-0.0625,x,0.5625,z,0.4375,0.13521311207798298,0.17735649152233135,0.04214337944434837,0.10000000600915501,0.9316945828513565
2001,1.0,20dB_nominal_difference,real,vanilla_IBS2,REJECTED_PHYSICAL,XZ,y,-0.0625,x,0.6875,z,0.4375,0.11823133133149435,0.15074738378201646,0.03251605245052211,0.10000000600915501,0.9316945828513565
2001,1.0,20dB_nominal_difference,real,vanilla_IBS2,REJECTED_PHYSICAL,XZ,y,-0.0625,x,-0.6875,z,0.5625,0.10003979906963714,0.09209641250757974,-0.007943386562057397,0.10000000600915501,0.9316945828513565
2001,1.0,20dB_nominal_difference,real,vanilla_IBS2,REJECTED_PHYSICAL,XZ,y,-0.0625,x,-0.5625,z,0.5625,0.10021122029394101,0.09068839191719667,-0.009522828376744341,0.10000000600915501,0.9316945828513565
2001,1.0,20dB_nominal_difference,real,vanilla_IBS2,REJECTED_PHYSICAL,XZ,y,-0.0625,x,-0.4375,z,0.5625,0.1007384228546481,0.09474849168020753,-0.005989931174440563,0.10000000600915501,0.9316945828513565
2001,1.0,20dB_nominal_difference,real,vanilla_IBS2,REJECTED_PHYSICAL,XZ,y,-0.0625,x,-0.3125,z,0.5625,0.1017026922759844,0.10467610929259562,0.0029734170166112184,0.10000000600915501,0.9316945828513565
2001,1.0,20dB_nominal_difference,real,vanilla_IBS2,REJECTED_PHYSICAL,XZ,y,-0.0625,x,-0.1875,z,0.5625,0.10261869982254043,0.11971319016296342,0.017094490340422985,0.10000000600915501,0.9316945828513565
2001,1.0,20dB_nominal_difference,real,vanilla_IBS2,REJECTED_PHYSICAL,XZ,y,-0.0625,x,-0.0625,z,0.5625,0.10292941156573532,0.1378193449540034,0.03488993338826807,0.10000000600915501,0.9316945828513565
2001,1.0,20dB_nominal_difference,real,vanilla_IBS2,REJECTED_PHYSICAL,XZ,y,-0.0625,x,0.0625,z,0.5625,0.10360020211361072,0.15601764871616863,0.05241744660255791,0.10000000600915501,0.9316945828513565
2001,1.0,20dB_nominal_difference,real,vanilla_IBS2,REJECTED_PHYSICAL,XZ,y,-0.0625,x,0.1875,z,0.5625,0.10714172335868354,0.17092481598238102,0.06378309262369748,0.10000000600915501,0.9316945828513565
2001,1.0,20dB_nominal_difference,real,vanilla_IBS2,REJECTED_PHYSICAL,XZ,y,-0.0625,x,0.3125,z,0.5625,0.11370105986400392,0.17945214584585897,0.06575108598185506,0.10000000600915501,0.9316945828513565
2001,1.0,20dB_nominal_difference,real,vanilla_IBS2,REJECTED_PHYSICAL,XZ,y,-0.0625,x,0.4375,z,0.5625,0.11783875597094998,0.17960705149755146,0.061768295526601485,0.10000000600915501,0.9316945828513565
2001,1.0,20dB_nominal_difference,real,vanilla_IBS2,REJECTED_PHYSICAL,XZ,y,-0.0625,x,0.5625,z,0.5625,0.11471970445327126,0.17134153542191788,0.05662183096864662,0.10000000600915501,0.9316945828513565
2001,1.0,20dB_nominal_difference,real,vanilla_IBS2,REJECTED_PHYSICAL,XZ,y,-0.0625,x,0.6875,z,0.5625,0.1076232633353142,0.15991975301925396,0.052296489683939754,0.10000000600915501,0.9316945828513565
2001,1.0,20dB_nominal_difference,real,vanilla_IBS2,REJECTED_PHYSICAL,XZ,y,-0.0625,x,-0.6875,z,0.6875,0.1000062469667634,0.09732325194124411,-0.0026829950255192886,0.10000000600915501,0.9316945828513565
2001,1.0,20dB_nominal_difference,real,vanilla_IBS2,REJECTED_PHYSICAL,XZ,y,-0.0625,x,-0.5625,z,0.6875,0.10003315406925006,0.07509187627232244,-0.02494127779692762,0.10000000600915501,0.9316945828513565
2001,1.0,20dB_nominal_difference,real,vanilla_IBS2,REJECTED_PHYSICAL,XZ,y,-0.0625,x,-0.4375,z,0.6875,0.10011591910464171,0.06159807469981239,-0.03851784440482932,0.10000000600915501,0.9316945828513565
2001,1.0,20dB_nominal_difference,real,vanilla_IBS2,REJECTED_PHYSICAL,XZ,y,-0.0625,x,-0.3125,z,0.6875,0.10026757356203281,0.058347262569636016,-0.04192031099239679,0.10000000600915501,0.9316945828513565
2001,1.0,20dB_nominal_difference,real,vanilla_IBS2,REJECTED_PHYSICAL,XZ,y,-0.0625,x,-0.1875,z,0.6875,0.1004153361485698,0.06515973925159366,-0.035255596896976146,0.10000000600915501,0.9316945828513565
2001,1.0,20dB_nominal_difference,real,vanilla_IBS2,REJECTED_PHYSICAL,XZ,y,-0.0625,x,-0.0625,z,0.6875,0.10049658750101519,0.08017788478924938,-0.020318702711765807,0.10000000600915501,0.9316945828513565
2001,1.0,20dB_nominal_difference,real,vanilla_IBS2,REJECTED_PHYSICAL,XZ,y,-0.0625,x,0.0625,z,0.6875,0.10076229584922132,0.1001362360800314,-0.0006260597691899183,0.10000000600915501,0.9316945828513565
2001,1.0,20dB_nominal_difference,real,vanilla_IBS2,REJECTED_PHYSICAL,XZ,y,-0.0625,x,0.1875,z,0.6875,0.10178352509207676,0.1209073461156095,0.01912382102353273,0.10000000600915501,0.9316945828513565
2001,1.0,20dB_nominal_difference,real,vanilla_IBS2,REJECTED_PHYSICAL,XZ,y,-0.0625,x,0.3125,z,0.6875,0.1035454290085949,0.13827308368485947,0.03472765467626457,0.10000000600915501,0.9316945828513565
2001,1.0,20dB_nominal_difference,real,vanilla_IBS2,REJECTED_PHYSICAL,XZ,y,-0.0625,x,0.4375,z,0.6875,0.10464024269122302,0.14883918811360888,0.044198945422385866,0.10000000600915501,0.9316945828513565
2001,1.0,20dB_nominal_difference,real,vanilla_IBS2,REJECTED_PHYSICAL,XZ,y,-0.0625,x,0.5625,z,0.6875,0.10383176183806127,0.15127699903423092,0.04744523719616965,0.10000000600915501,0.9316945828513565
2001,1.0,20dB_nominal_difference,real,vanilla_IBS2,REJECTED_PHYSICAL,XZ,y,-0.0625,x,0.6875,z,0.6875,0.1019846703829208,0.15391755847472574,0.051932888091804935,0.10000000600915501,0.9316945828513565
2001,1.0,20dB_nominal_difference,real,vanilla_IBS2,REJECTED_PHYSICAL,YZ,x,-0.0625,y,-0.6875,z,-0.6875,0.1025812914718184,0.09385622876216806,-0.00872506270965033,0.10000000600915501,0.9316945828513565
2001,1.0,20dB_nominal_difference,real,vanilla_IBS2,REJECTED_PHYSICAL,YZ,x,-0.0625,y,-0.5625,z,-0.6875,0.11038274032687102,0.1363827887358438,0.026000048408972784,0.10000000600915501,0.9316945828513565
2001,1.0,20dB_nominal_difference,real,vanilla_IBS2,REJECTED_PHYSICAL,YZ,x,-0.0625,y,-0.4375,z,-0.6875,0.13197941306849825,0.18749785505946742,0.05551844199096917,0.10000000600915501,0.9316945828513565
2001,1.0,20dB_nominal_difference,real,vanilla_IBS2,REJECTED_PHYSICAL,YZ,x,-0.0625,y,-0.3125,z,-0.6875,0.17542451660236377,0.23948794862568226,0.06406343202331849,0.10000000600915501,0.9316945828513565
2001,1.0,20dB_nominal_difference,real,vanilla_IBS2,REJECTED_PHYSICAL,YZ,x,-0.0625,y,-0.1875,z,-0.6875,0.23621913964066735,0.28363530211943155,0.04741616247876421,0.10000000600915501,0.9316945828513565
2001,1.0,20dB_nominal_difference,real,vanilla_IBS2,REJECTED_PHYSICAL,YZ,x,-0.0625,y,-0.0625,z,-0.6875,0.2883854178941376,0.31235148183436656,0.023966063940228988,0.10000000600915501,0.9316945828513565
2001,1.0,20dB_nominal_difference,real,vanilla_IBS2,REJECTED_PHYSICAL,YZ,x,-0.0625,y,0.0625,z,-0.6875,0.2994986646854076,0.3203887500763235,0.020890085390915913,0.10000000600915501,0.9316945828513565
2001,1.0,20dB_nominal_difference,real,vanilla_IBS2,REJECTED_PHYSICAL,YZ,x,-0.0625,y,0.1875,z,-0.6875,0.26177681887447823,0.30585805047015335,0.04408123159567512,0.10000000600915501,0.9316945828513565
2001,1.0,20dB_nominal_difference,real,vanilla_IBS2,REJECTED_PHYSICAL,YZ,x,-0.0625,y,0.3125,z,-0.6875,0.20045608460078157,0.27073496227044636,0.07027887766966479,0.10000000600915501,0.9316945828513565
2001,1.0,20dB_nominal_difference,real,vanilla_IBS2,REJECTED_PHYSICAL,YZ,x,-0.0625,y,0.4375,z,-0.6875,0.14776612110937076,0.22068963238103306,0.0729235112716623,0.10000000600915501,0.9316945828513565
2001,1.0,20dB_nominal_difference,real,vanilla_IBS2,REJECTED_PHYSICAL,YZ,x,-0.0625,y,0.5625,z,-0.6875,0.11739192145340481,0.16428134065433103,0.04688941920092622,0.10000000600915501,0.9316945828513565
2001,1.0,20dB_nominal_difference,real,vanilla_IBS2,REJECTED_PHYSICAL,YZ,x,-0.0625,y,0.6875,z,-0.6875,0.10484907524445315,0.11498549461537604,0.010136419370922883,0.10000000600915501,0.9316945828513565
2001,1.0,20dB_nominal_difference,real,vanilla_IBS2,REJECTED_PHYSICAL,YZ,x,-0.0625,y,-0.6875,z,-0.5625,0.10538050560233012,0.11025036712052962,0.0048698615181995,0.10000000600915501,0.9316945828513565
2001,1.0,20dB_nominal_difference,real,vanilla_IBS2,REJECTED_PHYSICAL,YZ,x,-0.0625,y,-0.5625,z,-0.5625,0.12164203194667005,0.1603354071909507,0.03869337524428067,0.10000000600915501,0.9316945828513565
2001,1.0,20dB_nominal_difference,real,vanilla_IBS2,REJECTED_PHYSICAL,YZ,x,-0.0625,y,-0.4375,z,-0.5625,0.16665865249040665,0.21433237037879532,0.04767371788838867,0.10000000600915501,0.9316945828513565
2001,1.0,20dB_nominal_difference,real,vanilla_IBS2,REJECTED_PHYSICAL,YZ,x,-0.0625,y,-0.3125,z,-0.5625,0.2572166642687925,0.26766133781356405,0.010444673544771521,0.10000000600915501,0.9316945828513565
2001,1.0,20dB_nominal_difference,real,vanilla_IBS2,REJECTED_PHYSICAL,YZ,x,-0.0625,y,-0.1875,z,-0.5625,0.3839384319653877,0.3124933253789138,-0.0714451065864739,0.10000000600915501,0.9316945828513565
2001,1.0,20dB_nominal_difference,real,vanilla_IBS2,REJECTED_PHYSICAL,YZ,x,-0.0625,y,-0.0625,z,-0.5625,0.4926750979995492,0.34151867422614923,-0.1511564237734,0.10000000600915501,0.9316945828513565
2001,1.0,20dB_nominal_difference,real,vanilla_IBS2,REJECTED_PHYSICAL,YZ,x,-0.0625,y,0.0625,z,-0.5625,0.515839972613295,0.3495383030223095,-0.16630166959098547,0.10000000600915501,0.9316945828513565
2001,1.0,20dB_nominal_difference,real,vanilla_IBS2,REJECTED_PHYSICAL,YZ,x,-0.0625,y,0.1875,z,-0.5625,0.4372121327440376,0.3346027352602672,-0.1026093974837704,0.10000000600915501,0.9316945828513565
2001,1.0,20dB_nominal_difference,real,vanilla_IBS2,REJECTED_PHYSICAL,YZ,x,-0.0625,y,0.3125,z,-0.5625,0.30939447971655887,0.2986202672921393,-0.01077421242441956,0.10000000600915501,0.9316945828513565
2001,1.0,20dB_nominal_difference,real,vanilla_IBS2,REJECTED_PHYSICAL,YZ,x,-0.0625,y,0.4375,z,-0.5625,0.19956667132929443,0.24738880804659918,0.04782213671730476,0.10000000600915501,0.9316945828513565
2001,1.0,20dB_nominal_difference,real,vanilla_IBS2,REJECTED_PHYSICAL,YZ,x,-0.0625,y,0.5625,z,-0.5625,0.13625356649781037,0.1902956934596276,0.05404212696181723,0.10000000600915501,0.9316945828513565
2001,1.0,20dB_nominal_difference,real,vanilla_IBS2,REJECTED_PHYSICAL,YZ,x,-0.0625,y,0.6875,z,-0.5625,0.11010820732763518,0.14187792488065726,0.031769717553022075,0.10000000600915501,0.9316945828513565
2001,1.0,20dB_nominal_difference,real,vanilla_IBS2,REJECTED_PHYSICAL,YZ,x,-0.0625,y,-0.6875,z,-0.4375,0.10865944584711634,0.12410199932361655,0.015442553476500212,0.10000000600915501,0.9316945828513565
2001,1.0,20dB_nominal_difference,real,vanilla_IBS2,REJECTED_PHYSICAL,YZ,x,-0.0625,y,-0.5625,z,-0.4375,0.13483092808252928,0.17545532491310756,0.04062439683057828,0.10000000600915501,0.9316945828513565
2001,1.0,20dB_nominal_difference,real,vanilla_IBS2,REJECTED_PHYSICAL,YZ,x,-0.0625,y,-0.4375,z,-0.4375,0.20728118042856825,0.23049761134390828,0.023216430915340036,0.10000000600915501,0.9316945828513565
2001,1.0,20dB_nominal_difference,real,vanilla_IBS2,REJECTED_PHYSICAL,YZ,x,-0.0625,y,-0.3125,z,-0.4375,0.35302626050981933,0.2844864799165093,-0.06853978059331,0.10000000600915501,0.9316945828513565
2001,1.0,20dB_nominal_difference,real,vanilla_IBS2,REJECTED_PHYSICAL,YZ,x,-0.0625,y,-0.1875,z,-0.4375,0.5569737488199646,0.32995475617087744,-0.2270189926490872,0.10000000600915501,0.9316945828513565
2001,1.0,20dB_nominal_difference,real,vanilla_IBS2,REJECTED_PHYSICAL,YZ,x,-0.0625,y,-0.0625,z,-0.4375,0.7319762919832448,0.35982845605536995,-0.3721478359278748,0.10000000600915501,0.9316945828513565
2001,1.0,20dB_nominal_difference,real,vanilla_IBS2,REJECTED_PHYSICAL,YZ,x,-0.0625,y,0.0625,z,-0.4375,0.7692609651479717,0.3689359526157756,-0.4003250125321961,0.10000000600915501,0.9316945828513565
2001,1.0,20dB_nominal_difference,real,vanilla_IBS2,REJECTED_PHYSICAL,YZ,x,-0.0625,y,0.1875,z,-0.4375,0.6427251081600341,0.3551769359519372,-0.2875481722080969,0.10000000600915501,0.9316945828513565
2001,1.0,20dB_nominal_difference,real,vanilla_IBS2,REJECTED_PHYSICAL,YZ,x,-0.0625,y,0.3125,z,-0.4375,0.43702759277864167,0.32019024911707206,-0.11683734366156961,0.10000000600915501,0.9316945828513565
2001,1.0,20dB_nominal_difference,real,vanilla_IBS2,REJECTED_PHYSICAL,YZ,x,-0.0625,y,0.4375,z,-0.4375,0.26027694866188095,0.2694456566840622,0.009168708022181227,0.10000000600915501,0.9316945828513565
2001,1.0,20dB_nominal_difference,real,vanilla_IBS2,REJECTED_PHYSICAL,YZ,x,-0.0625,y,0.5625,z,-0.4375,0.1583729007198992,0.21178589750629812,0.05341299678639891,0.10000000600915501,0.9316945828513565
2001,1.0,20dB_nominal_difference,real,vanilla_IBS2,REJECTED_PHYSICAL,YZ,x,-0.0625,y,0.6875,z,-0.4375,0.11628061118783177,0.15976909479658313,0.04348848360875136,0.10000000600915501,0.9316945828513565
2001,1.0,20dB_nominal_difference,real,vanilla_IBS2,REJECTED_PHYSICAL,YZ,x,-0.0625,y,-0.6875,z,-0.3125,0.11076063956728796,0.1339523500187566,0.023191710451468645,0.10000000600915501,0.9316945828513565
2001,1.0,20dB_nominal_difference,real,vanilla_IBS2,REJECTED_PHYSICAL,YZ,x,-0.0625,y,-0.5625,z,-0.3125,0.14328256909803702,0.1838311861916851,0.04054861709364807,0.10000000600915501,0.9316945828513565
2001,1.0,20dB_nominal_difference,real,vanilla_IBS2,REJECTED_PHYSICAL,YZ,x,-0.0625,y,-0.4375,z,-0.3125,0.2333127027438409,0.23796170910125508,0.004649006357414193,0.10000000600915501,0.9316945828513565
2001,1.0,20dB_nominal_difference,real,vanilla_IBS2,REJECTED_PHYSICAL,YZ,x,-0.0625,y,-0.3125,z,-0.3125,0.4144225198898245,0.2914571934872732,-0.12296532640255126,0.10000000600915501,0.9316945828513565
2001,1.0,20dB_nominal_difference,real,vanilla_IBS2,REJECTED_PHYSICAL,YZ,x,-0.0625,y,-0.1875,z,-0.3125,0.667858042827263,0.33699374657149145,-0.3308642962557716,0.10000000600915501,0.9316945828513565
2001,1.0,20dB_nominal_difference,real,vanilla_IBS2,REJECTED_PHYSICAL,YZ,x,-0.0625,y,-0.0625,z,-0.3125,0.8853305904537354,0.36765850748921536,-0.51767208296452,0.10000000600915501,0.9316945828513565
2001,1.0,20dB_nominal_difference,real,vanilla_IBS2,REJECTED_PHYSICAL,YZ,x,-0.0625,y,0.0625,z,-0.3125,0.9316945828513565,0.3782891784074124,-0.5534054044439441,0.10000000600915501,0.9316945828513565
2001,1.0,20dB_nominal_difference,real,vanilla_IBS2,REJECTED_PHYSICAL,YZ,x,-0.0625,y,0.1875,z,-0.3125,0.7745527641059846,0.36658466157313474,-0.4079681025328499,0.10000000600915501,0.9316945828513565
2001,1.0,20dB_nominal_difference,real,vanilla_IBS2,REJECTED_PHYSICAL,YZ,x,-0.0625,y,0.3125,z,-0.3125,0.5190969761507854,0.33376397665483126,-0.18533299949595416,0.10000000600915501,0.9316945828513565
2001,1.0,20dB_nominal_difference,real,vanilla_IBS2,REJECTED_PHYSICAL,YZ,x,-0.0625,y,0.4375,z,-0.3125,0.29954224890166353,0.284643522161226,-0.014898726740437518,0.10000000600915501,0.9316945828513565
2001,1.0,20dB_nominal_difference,real,vanilla_IBS2,REJECTED_PHYSICAL,YZ,x,-0.0625,y,0.5625,z,-0.3125,0.17282996911919932,0.22708167858129782,0.05425170946209851,0.10000000600915501,0.9316945828513565
2001,1.0,20dB_nominal_difference,real,vanilla_IBS2,REJECTED_PHYSICAL,YZ,x,-0.0625,y,0.6875,z,-0.3125,0.12037021139817236,0.1721754964896814,0.05180528509150903,0.10000000600915501,0.9316945828513565
2001,1.0,20dB_nominal_difference,real,vanilla_IBS2,REJECTED_PHYSICAL,YZ,x,-0.0625,y,-0.6875,z,-0.1875,0.1103244527326528,0.1380533623614435,0.027728909628790696,0.10000000600915501,0.9316945828513565
2001,1.0,20dB_nominal_difference,real,vanilla_IBS2,REJECTED_PHYSICAL,YZ,x,-0.0625,y,-0.5625,z,-0.1875,0.14152809309676004,0.18475423217728576,0.04322613908052572,0.10000000600915501,0.9316945828513565
2001,1.0,20dB_nominal_difference,real,vanilla_IBS2,REJECTED_PHYSICAL,YZ,x,-0.0625,y,-0.4375,z,-0.1875,0.2279088311795499,0.23630767480299794,0.008398843623448032,0.10000000600915501,0.9316945828513565
2001,1.0,20dB_nominal_difference,real,vanilla_IBS2,REJECTED_PHYSICAL,YZ,x,-0.0625,y,-0.3125,z,-0.1875,0.40167759405322156,0.28794418524310933,-0.11373340881011224,0.10000000600915501,0.9316945828513565
2001,1.0,20dB_nominal_difference,real,vanilla_IBS2,REJECTED_PHYSICAL,YZ,x,-0.0625,y,-0.1875,z,-0.1875,0.6448446550286767,0.33260651488774007,-0.31223814014093665,0.10000000600915501,0.9316945828513565
2001,1.0,20dB_nominal_difference,real,vanilla_IBS2,REJECTED_PHYSICAL,YZ,x,-0.0625,y,-0.0625,z,-0.1875,0.8535440971175853,0.3635918689487798,-0.48995222816880546,0.10000000600915501,0.9316945828513565
2001,1.0,20dB_nominal_difference,real,vanilla_IBS2,REJECTED_PHYSICAL,YZ,x,-0.0625,y,0.0625,z,-0.1875,0.8982537551954825,0.375774312586986,-0.5224794426084964,0.10000000600915501,0.9316945828513565
2001,1.0,20dB_nominal_difference,real,vanilla_IBS2,REJECTED_PHYSICAL,YZ,x,-0.0625,y,0.1875,z,-0.1875,0.7481625430443589,0.3666377584682937,-0.3815247845760652,0.10000000600915501,0.9316945828513565
2001,1.0,20dB_nominal_difference,real,vanilla_IBS2,REJECTED_PHYSICAL,YZ,x,-0.0625,y,0.3125,z,-0.1875,0.5041334666461728,0.3368996925264872,-0.16723377411968554,0.10000000600915501,0.9316945828513565
2001,1.0,20dB_nominal_difference,real,vanilla_IBS2,REJECTED_PHYSICAL,YZ,x,-0.0625,y,0.4375,z,-0.1875,0.2940643035725588,0.29058305346104396,-0.003481250111514844,0.10000000600915501,0.9316945828513565
2001,1.0,20dB_nominal_difference,real,vanilla_IBS2,REJECTED_PHYSICAL,YZ,x,-0.0625,y,0.5625,z,-0.1875,0.17192049086606648,0.2344964497686969,0.06257595890263043,0.10000000600915501,0.9316945828513565
2001,1.0,20dB_nominal_difference,real,vanilla_IBS2,REJECTED_PHYSICAL,YZ,x,-0.0625,y,0.6875,z,-0.1875,0.12051452412837248,0.17848168239215204,0.05796715826377956,0.10000000600915501,0.9316945828513565
2001,1.0,20dB_nominal_difference,real,vanilla_IBS2,REJECTED_PHYSICAL,YZ,x,-0.0625,y,-0.6875,z,-0.0625,0.10764851227651129,0.13624301688840584,0.028594504611894556,0.10000000600915501,0.9316945828513565
2001,1.0,20dB_nominal_difference,real,vanilla_IBS2,REJECTED_PHYSICAL,YZ,x,-0.0625,y,-0.5625,z,-0.0625,0.13076464682421354,0.17848091660697107,0.04771626978275753,0.10000000600915501,0.9316945828513565
2001,1.0,20dB_nominal_difference,real,vanilla_IBS2,REJECTED_PHYSICAL,YZ,x,-0.0625,y,-0.4375,z,-0.0625,0.19475686843627962,0.2260325486498234,0.031275680213543766,0.10000000600915501,0.9316945828513565
2001,1.0,20dB_nominal_difference,real,vanilla_IBS2,REJECTED_PHYSICAL,YZ,x,-0.0625,y,-0.3125,z,-0.0625,0.3234887335904522,0.27441022525867365,-0.04907850833177857,0.10000000600915501,0.9316945828513565
2001,1.0,20dB_nominal_difference,real,vanilla_IBS2,REJECTED_PHYSICAL,YZ,x,-0.0625,y,-0.1875,z,-0.0625,0.5036506148217931,0.31703103524798615,-0.18661957957380693,0.10000000600915501,0.9316945828513565
2001,1.0,20dB_nominal_difference,real,vanilla_IBS2,REJECTED_PHYSICAL,YZ,x,-0.0625,y,-0.0625,z,-0.0625,0.6584401254504064,0.34754272494100696,-0.31089740050939946,0.10000000600915501,0.9316945828513565
2001,1.0,20dB_nominal_difference,real,vanilla_IBS2,REJECTED_PHYSICAL,YZ,x,-0.0625,y,0.0625,z,-0.0625,0.6925304012585348,0.36095140235882106,-0.33157899889971376,0.10000000600915501,0.9316945828513565
2001,1.0,20dB_nominal_difference,real,vanilla_IBS2,REJECTED_PHYSICAL,YZ,x,-0.0625,y,0.1875,z,-0.0625,0.5842709100242653,0.3545787642029279,-0.22969214582133746,0.10000000600915501,0.9316945828513565
2001,1.0,20dB_nominal_difference,real,vanilla_IBS2,REJECTED_PHYSICAL,YZ,x,-0.0625,y,0.3125,z,-0.0625,0.4081034051787672,0.32864829491377656,-0.07945511026499064,0.10000000600915501,0.9316945828513565
2001,1.0,20dB_nominal_difference,real,vanilla_IBS2,REJECTED_PHYSICAL,YZ,x,-0.0625,y,0.4375,z,-0.0625,0.255002531880477,0.2863681216468509,0.03136558976637388,0.10000000600915501,0.9316945828513565
2001,1.0,20dB_nominal_difference,real,vanilla_IBS2,REJECTED_PHYSICAL,YZ,x,-0.0625,y,0.5625,z,-0.0625,0.16207226151280418,0.23349116584454813,0.07141890433174394,0.10000000600915501,0.9316945828513565
2001,1.0,20dB_nominal_difference,real,vanilla_IBS2,REJECTED_PHYSICAL,YZ,x,-0.0625,y,0.6875,z,-0.0625,0.11937276688178071,0.17858531403801595,0.05921254715623524,0.10000000600915501,0.9316945828513565
2001,1.0,20dB_nominal_difference,real,vanilla_IBS2,REJECTED_PHYSICAL,YZ,x,-0.0625,y,-0.6875,z,0.0625,0.1043748973846422,0.12943310837485258,0.025058210990210383,0.10000000600915501,0.9316945828513565
2001,1.0,20dB_nominal_difference,real,vanilla_IBS2,REJECTED_PHYSICAL,YZ,x,-0.0625,y,-0.5625,z,0.0625,0.11759717338824754,0.16619128074509865,0.0485941073568511,0.10000000600915501,0.9316945828513565
2001,1.0,20dB_nominal_difference,real,vanilla_IBS2,REJECTED_PHYSICAL,YZ,x,-0.0625,y,-0.4375,z,0.0625,0.15420042857826258,0.20847318811811644,0.05427275953985386,0.10000000600915501,0.9316945828513565
2001,1.0,20dB_nominal_difference,real,vanilla_IBS2,REJECTED_PHYSICAL,YZ,x,-0.0625,y,-0.3125,z,0.0625,0.22783766215009213,0.2522042966304558,0.024366634480363664,0.10000000600915501,0.9316945828513565
2001,1.0,20dB_nominal_difference,real,vanilla_IBS2,REJECTED_PHYSICAL,YZ,x,-0.0625,y,-0.1875,z,0.0625,0.33094206800924714,0.291488357919759,-0.039453710089488114,0.10000000600915501,0.9316945828513565
2001,1.0,20dB_nominal_difference,real,vanilla_IBS2,REJECTED_PHYSICAL,YZ,x,-0.0625,y,-0.0625,z,0.0625,0.41996236518319985,0.3205053177033482,-0.09945704747985162,0.10000000600915501,0.9316945828513565
2001,1.0,20dB_nominal_difference,real,vanilla_IBS2,REJECTED_PHYSICAL,YZ,x,-0.0625,y,0.0625,z,0.0625,0.44202895588137925,0.3345409858430064,-0.10748797003837285,0.10000000600915501,0.9316945828513565
2001,1.0,20dB_nominal_difference,real,vanilla_IBS2,REJECTED_PHYSICAL,YZ,x,-0.0625,y,0.1875,z,0.0625,0.3878713034452588,0.33086939831055784,-0.057001905134700936,0.10000000600915501,0.9316945828513565
2001,1.0,20dB_nominal_difference,real,vanilla_IBS2,REJECTED_PHYSICAL,YZ,x,-0.0625,y,0.3125,z,0.0625,0.2993299145642815,0.30930195714308295,0.009972042578801465,0.10000000600915501,0.9316945828513565
2001,1.0,20dB_nominal_difference,real,vanilla_IBS2,REJECTED_PHYSICAL,YZ,x,-0.0625,y,0.4375,z,0.0625,0.2184398960808328,0.2722819530078007,0.05384205692696792,0.10000000600915501,0.9316945828513565
2001,1.0,20dB_nominal_difference,real,vanilla_IBS2,REJECTED_PHYSICAL,YZ,x,-0.0625,y,0.5625,z,0.0625,0.15880662893169398,0.22451605267016364,0.06570942373846966,0.10000000600915501,0.9316945828513565
2001,1.0,20dB_nominal_difference,real,vanilla_IBS2,REJECTED_PHYSICAL,YZ,x,-0.0625,y,0.6875,z,0.0625,0.12214642200427465,0.17321784817404984,0.05107142616977518,0.10000000600915501,0.9316945828513565
2001,1.0,20dB_nominal_difference,real,vanilla_IBS2,REJECTED_PHYSICAL,YZ,x,-0.0625,y,-0.6875,z,0.1875,0.1019321451873601,0.11907273639797472,0.01714059121061462,0.10000000600915501,0.9316945828513565
2001,1.0,20dB_nominal_difference,real,vanilla_IBS2,REJECTED_PHYSICAL,YZ,x,-0.0625,y,-0.5625,z,0.1875,0.10777168307507409,0.14955502094367973,0.041783337868605636,0.10000000600915501,0.9316945828513565
2001,1.0,20dB_nominal_difference,real,vanilla_IBS2,REJECTED_PHYSICAL,YZ,x,-0.0625,y,-0.4375,z,0.1875,0.12393749618458742,0.18541976396232313,0.0614822677777357,0.10000000600915501,0.9316945828513565
2001,1.0,20dB_nominal_difference,real,vanilla_IBS2,REJECTED_PHYSICAL,YZ,x,-0.0625,y,-0.3125,z,0.1875,0.15646455331185138,0.22316218848970068,0.0666976351778493,0.10000000600915501,0.9316945828513565
2001,1.0,20dB_nominal_difference,real,vanilla_IBS2,REJECTED_PHYSICAL,YZ,x,-0.0625,y,-0.1875,z,0.1875,0.20208611747802344,0.25777221463009464,0.05568609715207121,0.10000000600915501,0.9316945828513565
2001,1.0,20dB_nominal_difference,real,vanilla_IBS2,REJECTED_PHYSICAL,YZ,x,-0.0625,y,-0.0625,z,0.1875,0.24218420132429894,0.28415023335204503,0.0419660320277461,0.10000000600915501,0.9316945828513565
2001,1.0,20dB_nominal_difference,real,vanilla_IBS2,REJECTED_PHYSICAL,YZ,x,-0.0625,y,0.0625,z,0.1875,0.2561015121649454,0.2980327670299964,0.041931254865051004,0.10000000600915501,0.9316945828513565
2001,1.0,20dB_nominal_difference,real,vanilla_IBS2,REJECTED_PHYSICAL,YZ,x,-0.0625,y,0.1875,z,0.1875,0.2448031735315593,0.2968001245947698,0.05199695106321048,0.10000000600915501,0.9316945828513565
2001,1.0,20dB_nominal_difference,real,vanilla_IBS2,REJECTED_PHYSICAL,YZ,x,-0.0625,y,0.3125,z,0.1875,0.22556578489219886,0.27998793977218744,0.05442215487998858,0.10000000600915501,0.9316945828513565
2001,1.0,20dB_nominal_difference,real,vanilla_IBS2,REJECTED_PHYSICAL,YZ,x,-0.0625,y,0.4375,z,0.1875,0.20070071725995564,0.2493837381069147,0.04868302084695905,0.10000000600915501,0.9316945828513565
2001,1.0,20dB_nominal_difference,real,vanilla_IBS2,REJECTED_PHYSICAL,YZ,x,-0.0625,y,0.5625,z,0.1875,0.16383749832359978,0.2086934301866462,0.04485593186304643,0.10000000600915501,0.9316945828513565
2001,1.0,20dB_nominal_difference,real,vanilla_IBS2,REJECTED_PHYSICAL,YZ,x,-0.0625,y,0.6875,z,0.1875,0.12776229177607834,0.16369480492731708,0.03593251315123874,0.10000000600915501,0.9316945828513565
2001,1.0,20dB_nominal_difference,real,vanilla_IBS2,REJECTED_PHYSICAL,YZ,x,-0.0625,y,-0.6875,z,0.3125,0.10065885925103382,0.10663393926864627,0.005975080017612447,0.10000000600915501,0.9316945828513565
2001,1.0,20dB_nominal_difference,real,vanilla_IBS2,REJECTED_PHYSICAL,YZ,x,-0.0625,y,-0.5625,z,0.3125,0.10265013984543907,0.13021998894833606,0.02756984910289699,0.10000000600915501,0.9316945828513565
2001,1.0,20dB_nominal_difference,real,vanilla_IBS2,REJECTED_PHYSICAL,YZ,x,-0.0625,y,-0.4375,z,0.3125,0.10816288279002252,0.15863239596011372,0.0504695131700912,0.10000000600915501,0.9316945828513565
2001,1.0,20dB_nominal_difference,real,vanilla_IBS2,REJECTED_PHYSICAL,YZ,x,-0.0625,y,-0.3125,z,0.3125,0.11926016388624464,0.18914549745708384,0.0698853335708392,0.10000000600915501,0.9316945828513565
2001,1.0,20dB_nominal_difference,real,vanilla_IBS2,REJECTED_PHYSICAL,YZ,x,-0.0625,y,-0.1875,z,0.3125,0.1349023836421356,0.21780467492466676,0.08290229128253115,0.10000000600915501,0.9316945828513565
2001,1.0,20dB_nominal_difference,real,vanilla_IBS2,REJECTED_PHYSICAL,YZ,x,-0.0625,y,-0.0625,z,0.3125,0.1493509123910043,0.24039367175476228,0.091042759363758,0.10000000600915501,0.9316945828513565
2001,1.0,20dB_nominal_difference,real,vanilla_IBS2,REJECTED_PHYSICAL,YZ,x,-0.0625,y,0.0625,z,0.3125,0.15822732832834258,0.2532629178783032,0.09503558954996061,0.10000000600915501,0.9316945828513565
2001,1.0,20dB_nominal_difference,real,vanilla_IBS2,REJECTED_PHYSICAL,YZ,x,-0.0625,y,0.1875,z,0.3125,0.16687027114792571,0.2540640346284395,0.0871937634805138,0.10000000600915501,0.9316945828513565
2001,1.0,20dB_nominal_difference,real,vanilla_IBS2,REJECTED_PHYSICAL,YZ,x,-0.0625,y,0.3125,z,0.3125,0.17998089699842146,0.2422269805545038,0.062246083556082354,0.10000000600915501,0.9316945828513565
2001,1.0,20dB_nominal_difference,real,vanilla_IBS2,REJECTED_PHYSICAL,YZ,x,-0.0625,y,0.4375,z,0.3125,0.18225439996599618,0.21905704912344992,0.03680264915745374,0.10000000600915501,0.9316945828513565
2001,1.0,20dB_nominal_difference,real,vanilla_IBS2,REJECTED_PHYSICAL,YZ,x,-0.0625,y,0.5625,z,0.3125,0.15926125775956312,0.18738949537157173,0.02812823761200861,0.10000000600915501,0.9316945828513565
2001,1.0,20dB_nominal_difference,real,vanilla_IBS2,REJECTED_PHYSICAL,YZ,x,-0.0625,y,0.6875,z,0.3125,0.12727116150529477,0.15151804200511804,0.024246880499823265,0.10000000600915501,0.9316945828513565
2001,1.0,20dB_nominal_difference,real,vanilla_IBS2,REJECTED_PHYSICAL,YZ,x,-0.0625,y,-0.6875,z,0.4375,0.10017347087677178,0.0932179144938944,-0.006955556382877384,0.10000000600915501,0.9316945828513565
2001,1.0,20dB_nominal_difference,real,vanilla_IBS2,REJECTED_PHYSICAL,YZ,x,-0.0625,y,-0.5625,z,0.4375,0.10069775759889944,0.10937721147703344,0.008679453878134,0.10000000600915501,0.9316945828513565
2001,1.0,20dB_nominal_difference,real,vanilla_IBS2,REJECTED_PHYSICAL,YZ,x,-0.0625,y,-0.4375,z,0.4375,0.1021493373214408,0.1294296194765371,0.027280282155096314,0.10000000600915501,0.9316945828513565
2001,1.0,20dB_nominal_difference,real,vanilla_IBS2,REJECTED_PHYSICAL,YZ,x,-0.0625,y,-0.3125,z,0.4375,0.10507447681626521,0.151672616240571,0.04659813942430578,0.10000000600915501,0.9316945828513565
2001,1.0,20dB_nominal_difference,real,vanilla_IBS2,REJECTED_PHYSICAL,YZ,x,-0.0625,y,-0.1875,z,0.4375,0.10924385635592548,0.17329621505492276,0.06405235869899728,0.10000000600915501,0.9316945828513565
2001,1.0,20dB_nominal_difference,real,vanilla_IBS2,REJECTED_PHYSICAL,YZ,x,-0.0625,y,-0.0625,z,0.4375,0.11351082863467063,0.1910715565771262,0.07756072794245558,0.10000000600915501,0.9316945828513565
2001,1.0,20dB_nominal_difference,real,vanilla_IBS2,REJECTED_PHYSICAL,YZ,x,-0.0625,y,0.0625,z,0.4375,0.11831426165284584,0.20209238723266243,0.08377812557981659,0.10000000600915501,0.9316945828513565
2001,1.0,20dB_nominal_difference,real,vanilla_IBS2,REJECTED_PHYSICAL,YZ,x,-0.0625,y,0.1875,z,0.4375,0.12805091471718763,0.20442796790084747,0.07637705318365984,0.10000000600915501,0.9316945828513565
2001,1.0,20dB_nominal_difference,real,vanilla_IBS2,REJECTED_PHYSICAL,YZ,x,-0.0625,y,0.3125,z,0.4375,0.14324792899404548,0.1975744997661939,0.05432657077214842,0.10000000600915501,0.9316945828513565
2001,1.0,20dB_nominal_difference,real,vanilla_IBS2,REJECTED_PHYSICAL,YZ,x,-0.0625,y,0.4375,z,0.4375,0.15026672326371782,0.18259149561141463,0.03232477234769682,0.10000000600915501,0.9316945828513565
2001,1.0,20dB_nominal_difference,real,vanilla_IBS2,REJECTED_PHYSICAL,YZ,x,-0.0625,y,0.5625,z,0.4375,0.13798948258179247,0.16176335534803404,0.02377387276624157,0.10000000600915501,0.9316945828513565
2001,1.0,20dB_nominal_difference,real,vanilla_IBS2,REJECTED_PHYSICAL,YZ,x,-0.0625,y,0.6875,z,0.4375,0.11781098569782782,0.13802424078653414,0.02021325508870632,0.10000000600915501,0.9316945828513565
2001,1.0,20dB_nominal_difference,real,vanilla_IBS2,REJECTED_PHYSICAL,YZ,x,-0.0625,y,-0.6875,z,0.5625,0.10003526481044293,0.07936222798617464,-0.020673036824268298,0.10000000600915501,0.9316945828513565
2001,1.0,20dB_nominal_difference,real,vanilla_IBS2,REJECTED_PHYSICAL,YZ,x,-0.0625,y,-0.5625,z,0.5625,0.10014184785884274,0.08744603869242121,-0.012695809166421532,0.10000000600915501,0.9316945828513565
2001,1.0,20dB_nominal_difference,real,vanilla_IBS2,REJECTED_PHYSICAL,YZ,x,-0.0625,y,-0.4375,z,0.5625,0.1004369851301747,0.09846885509192026,-0.0019681300382544398,0.10000000600915501,0.9316945828513565
2001,1.0,20dB_nominal_difference,real,vanilla_IBS2,REJECTED_PHYSICAL,YZ,x,-0.0625,y,-0.3125,z,0.5625,0.10103281549104651,0.11177728648122737,0.01074447099018086,0.10000000600915501,0.9316945828513565
2001,1.0,20dB_nominal_difference,real,vanilla_IBS2,REJECTED_PHYSICAL,YZ,x,-0.0625,y,-0.1875,z,0.5625,0.10189841102671866,0.12562686015638153,0.023728449129662862,0.10000000600915501,0.9316945828513565
2001,1.0,20dB_nominal_difference,real,vanilla_IBS2,REJECTED_PHYSICAL,YZ,x,-0.0625,y,-0.0625,z,0.5625,0.10292941156573532,0.1378193449540034,0.03488993338826807,0.10000000600915501,0.9316945828513565
2001,1.0,20dB_nominal_difference,real,vanilla_IBS2,REJECTED_PHYSICAL,YZ,x,-0.0625,y,0.0625,z,0.5625,0.10477755563853078,0.1462829589636444,0.04150540332511363,0.10000000600915501,0.9316945828513565
2001,1.0,20dB_nominal_difference,real,vanilla_IBS2,REJECTED_PHYSICAL,YZ,x,-0.0625,y,0.1875,z,0.5625,0.10939378361030735,0.14960646764766328,0.04021268403735592,0.10000000600915501,0.9316945828513565
2001,1.0,20dB_nominal_difference,real,vanilla_IBS2,REJECTED_PHYSICAL,YZ,x,-0.0625,y,0.3125,z,0.5625,0.11663411034284142,0.1474666414483719,0.030832531105530483,0.10000000600915501,0.9316945828513565
2001,1.0,20dB_nominal_difference,real,vanilla_IBS2,REJECTED_PHYSICAL,YZ,x,-0.0625,y,0.4375,z,0.5625,0.12032997112165193,0.1408896319859279,0.020559660864275978,0.10000000600915501,0.9316945828513565
2001,1.0,20dB_nominal_difference,real,vanilla_IBS2,REJECTED_PHYSICAL,YZ,x,-0.0625,y,0.5625,z,0.5625,0.11563468364887781,0.13223389107328123,0.01659920742440342,0.10000000600915501,0.9316945828513565
2001,1.0,20dB_nominal_difference,real,vanilla_IBS2,REJECTED_PHYSICAL,YZ,x,-0.0625,y,0.6875,z,0.5625,0.10737788796766563,0.12419633803764157,0.01681845006997594,0.10000000600915501,0.9316945828513565
2001,1.0,20dB_nominal_difference,real,vanilla_IBS2,REJECTED_PHYSICAL,YZ,x,-0.0625,y,-0.6875,z,0.6875,0.10000553525408022,0.06376724908821063,-0.03623828616586959,0.10000000600915501,0.9316945828513565
2001,1.0,20dB_nominal_difference,real,vanilla_IBS2,REJECTED_PHYSICAL,YZ,x,-0.0625,y,-0.5625,z,0.6875,0.10002226501188655,0.06246616259896675,-0.037556102412919797,0.10000000600915501,0.9316945828513565
2001,1.0,20dB_nominal_difference,real,vanilla_IBS2,REJECTED_PHYSICAL,YZ,x,-0.0625,y,-0.4375,z,0.6875,0.10006859982870285,0.06418798971606704,-0.03588061011263581,0.10000000600915501,0.9316945828513565
2001,1.0,20dB_nominal_difference,real,vanilla_IBS2,REJECTED_PHYSICAL,YZ,x,-0.0625,y,-0.3125,z,0.6875,0.10016236032307876,0.06824355838163783,-0.031918801941440936,0.10000000600915501,0.9316945828513565
2001,1.0,20dB_nominal_difference,real,vanilla_IBS2,REJECTED_PHYSICAL,YZ,x,-0.0625,y,-0.1875,z,0.6875,0.10030184886879312,0.07393642123219547,-0.026365427636597646,0.10000000600915501,0.9316945828513565
2001,1.0,20dB_nominal_difference,real,vanilla_IBS2,REJECTED_PHYSICAL,YZ,x,-0.0625,y,-0.0625,z,0.6875,0.10049658750101519,0.08017788478924938,-0.020318702711765807,0.10000000600915501,0.9316945828513565
2001,1.0,20dB_nominal_difference,real,vanilla_IBS2,REJECTED_PHYSICAL,YZ,x,-0.0625,y,0.0625,z,0.6875,0.10096205377880466,0.08576858552980142,-0.015193468249003236,0.10000000600915501,0.9316945828513565
2001,1.0,20dB_nominal_difference,real,vanilla_IBS2,REJECTED_PHYSICAL,YZ,x,-0.0625,y,0.1875,z,0.6875,0.10221716538481025,0.08980035191678182,-0.012416813468028434,0.10000000600915501,0.9316945828513565
2001,1.0,20dB_nominal_difference,real,vanilla_IBS2,REJECTED_PHYSICAL,YZ,x,-0.0625,y,0.3125,z,0.6875,0.10418879130035517,0.09204624707687448,-0.012142544223480697,0.10000000600915501,0.9316945828513565
2001,1.0,20dB_nominal_difference,real,vanilla_IBS2,REJECTED_PHYSICAL,YZ,x,-0.0625,y,0.4375,z,0.6875,0.10522542747756138,0.0933433431871493,-0.01188208429041207,0.10000000600915501,0.9316945828513565
2001,1.0,20dB_nominal_difference,real,vanilla_IBS2,REJECTED_PHYSICAL,YZ,x,-0.0625,y,0.5625,z,0.6875,0.10404591425864294,0.09630086423715152,-0.007745050021491423,0.10000000600915501,0.9316945828513565
2001,1.0,20dB_nominal_difference,real,vanilla_IBS2,REJECTED_PHYSICAL,YZ,x,-0.0625,y,0.6875,z,0.6875,0.10191397910500109,0.10823943762462382,0.006325458519622726,0.10000000600915501,0.9316945828513565
2001,1.0,20dB_nominal_difference,real,A23_compressed_feedback,REJECTED_PHYSICAL,XY,z,-0.0625,x,-0.6875,y,-0.6875,0.10026485781854057,0.11570527300932382,0.01544041519078325,0.10000000600915501,0.9316945828513565
2001,1.0,20dB_nominal_difference,real,A23_compressed_feedback,REJECTED_PHYSICAL,XY,z,-0.0625,x,-0.5625,y,-0.6875,0.1011963135624723,0.12480170945505575,0.023605395892583453,0.10000000600915501,0.9316945828513565
2001,1.0,20dB_nominal_difference,real,A23_compressed_feedback,REJECTED_PHYSICAL,XY,z,-0.0625,x,-0.4375,y,-0.6875,0.10355891452422165,0.13410315679235074,0.030544242268129088,0.10000000600915501,0.9316945828513565
2001,1.0,20dB_nominal_difference,real,A23_compressed_feedback,REJECTED_PHYSICAL,XY,z,-0.0625,x,-0.3125,y,-0.6875,0.10697317222035659,0.13845057464104776,0.03147740242069118,0.10000000600915501,0.9316945828513565
2001,1.0,20dB_nominal_difference,real,A23_compressed_feedback,REJECTED_PHYSICAL,XY,z,-0.0625,x,-0.1875,y,-0.6875,0.10899877779237235,0.13647848145432923,0.027479703661956872,0.10000000600915501,0.9316945828513565
2001,1.0,20dB_nominal_difference,real,A23_compressed_feedback,REJECTED_PHYSICAL,XY,z,-0.0625,x,-0.0625,y,-0.6875,0.10764851227651129,0.12837260207269763,0.02072408979618634,0.10000000600915501,0.9316945828513565
2001,1.0,20dB_nominal_difference,real,A23_compressed_feedback,REJECTED_PHYSICAL,XY,z,-0.0625,x,0.0625,y,-0.6875,0.10428164572074357,0.11535190263348043,0.011070256912736859,0.10000000600915501,0.9316945828513565
2001,1.0,20dB_nominal_difference,real,A23_compressed_feedback,REJECTED_PHYSICAL,XY,z,-0.0625,x,0.1875,y,-0.6875,0.10157864722454041,0.09931741544876213,-0.0022612317757782774,0.10000000600915501,0.9316945828513565
2001,1.0,20dB_nominal_difference,real,A23_compressed_feedback,REJECTED_PHYSICAL,XY,z,-0.0625,x,0.3125,y,-0.6875,0.10038335782621703,0.08249291998774341,-0.01789043783847362,0.10000000600915501,0.9316945828513565
2001,1.0,20dB_nominal_difference,real,A23_compressed_feedback,REJECTED_PHYSICAL,XY,z,-0.0625,x,0.4375,y,-0.6875,0.10006132407112178,0.06695633395632397,-0.03310499011479781,0.10000000600915501,0.9316945828513565
2001,1.0,20dB_nominal_difference,real,A23_compressed_feedback,REJECTED_PHYSICAL,XY,z,-0.0625,x,0.5625,y,-0.6875,0.1000064748803716,0.053830511553896856,-0.04617596332647475,0.10000000600915501,0.9316945828513565
2001,1.0,20dB_nominal_difference,real,A23_compressed_feedback,REJECTED_PHYSICAL,XY,z,-0.0625,x,0.6875,y,-0.6875,0.10000046305551115,0.043948117700088066,-0.05605234535542308,0.10000000600915501,0.9316945828513565
2001,1.0,20dB_nominal_difference,real,A23_compressed_feedback,REJECTED_PHYSICAL,XY,z,-0.0625,x,-0.6875,y,-0.5625,0.10090670231051312,0.11984544885289863,0.018938746542385518,0.10000000600915501,0.9316945828513565
2001,1.0,20dB_nominal_difference,real,A23_compressed_feedback,REJECTED_PHYSICAL,XY,z,-0.0625,x,-0.5625,y,-0.5625,0.10422962198918105,0.14382813362491817,0.03959851163573712,0.10000000600915501,0.9316945828513565
2001,1.0,20dB_nominal_difference,real,A23_compressed_feedback,REJECTED_PHYSICAL,XY,z,-0.0625,x,-0.4375,y,-0.5625,0.1129950720178762,0.16448297147337837,0.05148789945550217,0.10000000600915501,0.9316945828513565
2001,1.0,20dB_nominal_difference,real,A23_compressed_feedback,REJECTED_PHYSICAL,XY,z,-0.0625,x,-0.3125,y,-0.5625,0.126296389800436,0.1776622953012347,0.0513659055007987,0.10000000600915501,0.9316945828513565
2001,1.0,20dB_nominal_difference,real,A23_compressed_feedback,REJECTED_PHYSICAL,XY,z,-0.0625,x,-0.1875,y,-0.5625,0.1350472438890173,0.18134337691392505,0.04629613302490776,0.10000000600915501,0.9316945828513565
2001,1.0,20dB_nominal_difference,real,A23_compressed_feedback,REJECTED_PHYSICAL,XY,z,-0.0625,x,-0.0625,y,-0.5625,0.13076464682421354,0.17515968062841938,0.04439503380420584,0.10000000600915501,0.9316945828513565
2001,1.0,20dB_nominal_difference,real,A23_compressed_feedback,REJECTED_PHYSICAL,XY,z,-0.0625,x,0.0625,y,-0.5625,0.1177865029807636,0.16021623419151293,0.04242973121074933,0.10000000600915501,0.9316945828513565
2001,1.0,20dB_nominal_difference,real,A23_compressed_feedback,REJECTED_PHYSICAL,XY,z,-0.0625,x,0.1875,y,-0.5625,0.10677287833630011,0.13879854190083385,0.032025663564533735,0.10000000600915501,0.9316945828513565
2001,1.0,20dB_nominal_difference,real,A23_compressed_feedback,REJECTED_PHYSICAL,XY,z,-0.0625,x,0.3125,y,-0.5625,0.10169881558708468,0.11403405049057945,0.012335234903494766,0.10000000600915501,0.9316945828513565
2001,1.0,20dB_nominal_difference,real,A23_compressed_feedback,REJECTED_PHYSICAL,XY,z,-0.0625,x,0.4375,y,-0.5625,0.10028105354810429,0.08956959333520934,-0.010711460212894958,0.10000000600915501,0.9316945828513565
2001,1.0,20dB_nominal_difference,real,A23_compressed_feedback,REJECTED_PHYSICAL,XY,z,-0.0625,x,0.5625,y,-0.5625,0.10003115598664142,0.06957797855325937,-0.03045317743338205,0.10000000600915501,0.9316945828513565
2001,1.0,20dB_nominal_difference,real,A23_compressed_feedback,REJECTED_PHYSICAL,XY,z,-0.0625,x,0.6875,y,-0.5625,0.10000270827712796,0.06232438317690556,-0.0376783251002224,0.10000000600915501,0.9316945828513565
2001,1.0,20dB_nominal_difference,real,A23_compressed_feedback,REJECTED_PHYSICAL,XY,z,-0.0625,x,-0.6875,y,-0.4375,0.10237684136782078,0.12550888326349274,0.02313204189567196,0.10000000600915501,0.9316945828513565
2001,1.0,20dB_nominal_difference,real,A23_compressed_feedback,REJECTED_PHYSICAL,XY,z,-0.0625,x,-0.5625,y,-0.4375,0.11145095306522608,0.16348547311034514,0.05203452004511906,0.10000000600915501,0.9316945828513565
2001,1.0,20dB_nominal_difference,real,A23_compressed_feedback,REJECTED_PHYSICAL,XY,z,-0.0625,x,-0.4375,y,-0.4375,0.13633485022725975,0.19619089653538493,0.05985604630812519,0.10000000600915501,0.9316945828513565
2001,1.0,20dB_nominal_difference,real,A23_compressed_feedback,REJECTED_PHYSICAL,XY,z,-0.0625,x,-0.3125,y,-0.4375,0.17593559812108292,0.21858985880726728,0.04265426068618436,0.10000000600915501,0.9316945828513565
2001,1.0,20dB_nominal_difference,real,A23_compressed_feedback,REJECTED_PHYSICAL,XY,z,-0.0625,x,-0.1875,y,-0.4375,0.20452201731555533,0.22821054015532496,0.023688522839769632,0.10000000600915501,0.9316945828513565
2001,1.0,20dB_nominal_difference,real,A23_compressed_feedback,REJECTED_PHYSICAL,XY,z,-0.0625,x,-0.0625,y,-0.4375,0.19475686843627962,0.2243642984441075,0.029607430007827867,0.10000000600915501,0.9316945828513565
2001,1.0,20dB_nominal_difference,real,A23_compressed_feedback,REJECTED_PHYSICAL,XY,z,-0.0625,x,0.0625,y,-0.4375,0.1565792332237742,0.20812479769252276,0.051545564468748556,0.10000000600915501,0.9316945828513565
2001,1.0,20dB_nominal_difference,real,A23_compressed_feedback,REJECTED_PHYSICAL,XY,z,-0.0625,x,0.1875,y,-0.4375,0.12225263279337435,0.1821143346393121,0.05986170184593774,0.10000000600915501,0.9316945828513565
2001,1.0,20dB_nominal_difference,real,A23_compressed_feedback,REJECTED_PHYSICAL,XY,z,-0.0625,x,0.3125,y,-0.4375,0.10577000245474298,0.15019450050482366,0.04442449805008068,0.10000000600915501,0.9316945828513565
2001,1.0,20dB_nominal_difference,real,A23_compressed_feedback,REJECTED_PHYSICAL,XY,z,-0.0625,x,0.4375,y,-0.4375,0.10099596949293096,0.11714808178006769,0.016152112287136727,0.10000000600915501,0.9316945828513565
2001,1.0,20dB_nominal_difference,real,A23_compressed_feedback,REJECTED_PHYSICAL,XY,z,-0.0625,x,0.5625,y,-0.4375,0.10012547875286122,0.08847312653450777,-0.011652352218353451,0.10000000600915501,0.9316945828513565
2001,1.0,20dB_nominal_difference,real,A23_compressed_feedback,REJECTED_PHYSICAL,XY,z,-0.0625,x,0.6875,y,-0.4375,0.10001920014127877,0.07272502624693253,-0.02729417389434624,0.10000000600915501,0.9316945828513565
2001,1.0,20dB_nominal_difference,real,A23_compressed_feedback,REJECTED_PHYSICAL,XY,z,-0.0625,x,-0.6875,y,-0.3125,0.10477110773257149,0.13058462781181565,0.02581352007924416,0.10000000600915501,0.9316945828513565
2001,1.0,20dB_nominal_difference,real,A23_compressed_feedback,REJECTED_PHYSICAL,XY,z,-0.0625,x,-0.5625,y,-0.3125,0.12373915546056864,0.1816016048644918,0.05786244940392317,0.10000000600915501,0.9316945828513565
2001,1.0,20dB_nominal_difference,real,A23_compressed_feedback,REJECTED_PHYSICAL,XY,z,-0.0625,x,-0.4375,y,-0.3125,0.17779498655314183,0.22569325776362031,0.04789827121047849,0.10000000600915501,0.9316945828513565
2001,1.0,20dB_nominal_difference,real,A23_compressed_feedback,REJECTED_PHYSICAL,XY,z,-0.0625,x,-0.3125,y,-0.3125,0.2679106634230831,0.2570056273574973,-0.010905036065585794,0.10000000600915501,0.9316945828513565
2001,1.0,20dB_nominal_difference,real,A23_compressed_feedback,REJECTED_PHYSICAL,XY,z,-0.0625,x,-0.1875,y,-0.3125,0.3386961859462222,0.27265728584766424,-0.06603890009855795,0.10000000600915501,0.9316945828513565
2001,1.0,20dB_nominal_difference,real,A23_compressed_feedback,REJECTED_PHYSICAL,XY,z,-0.0625,x,-0.0625,y,-0.3125,0.3234887335904522,0.2717427151844418,-0.0517460184060104,0.10000000600915501,0.9316945828513565
2001,1.0,20dB_nominal_difference,real,A23_compressed_feedback,REJECTED_PHYSICAL,XY,z,-0.0625,x,0.0625,y,-0.3125,0.23782718546688542,0.2553047847434789,0.01747759927659348,0.10000000600915501,0.9316945828513565
2001,1.0,20dB_nominal_difference,real,A23_compressed_feedback,REJECTED_PHYSICAL,XY,z,-0.0625,x,0.1875,y,-0.3125,0.15602112446107677,0.226145899005522,0.07012477454444524,0.10000000600915501,0.9316945828513565
2001,1.0,20dB_nominal_difference,real,A23_compressed_feedback,REJECTED_PHYSICAL,XY,z,-0.0625,x,0.3125,y,-0.3125,0.11509792945637516,0.18851336989759776,0.0734154404412226,0.10000000600915501,0.9316945828513565
2001,1.0,20dB_nominal_difference,real,A23_compressed_feedback,REJECTED_PHYSICAL,XY,z,-0.0625,x,0.4375,y,-0.3125,0.10284563742209168,0.14769153814213482,0.04484590072004313,0.10000000600915501,0.9316945828513565
2001,1.0,20dB_nominal_difference,real,A23_compressed_feedback,REJECTED_PHYSICAL,XY,z,-0.0625,x,0.5625,y,-0.3125,0.10052268077522575,0.10949975665002926,0.008977075874803508,0.10000000600915501,0.9316945828513565
2001,1.0,20dB_nominal_difference,real,A23_compressed_feedback,REJECTED_PHYSICAL,XY,z,-0.0625,x,0.6875,y,-0.3125,0.10016497098517554,0.08261868329046287,-0.01754628769471267,0.10000000600915501,0.9316945828513565
2001,1.0,20dB_nominal_difference,real,A23_compressed_feedback,REJECTED_PHYSICAL,XY,z,-0.0625,x,-0.6875,y,-0.1875,0.10733367735530452,0.13244570811044015,0.025112030755135628,0.10000000600915501,0.9316945828513565
2001,1.0,20dB_nominal_difference,real,A23_compressed_feedback,REJECTED_PHYSICAL,XY,z,-0.0625,x,-0.5625,y,-0.1875,0.13768534076741698,0.19459764714242295,0.05691230637500597,0.10000000600915501,0.9316945828513565
2001,1.0,20dB_nominal_difference,real,A23_compressed_feedback,REJECTED_PHYSICAL,XY,z,-0.0625,x,-0.4375,y,-0.1875,0.22754499376814377,0.24833213056934753,0.020787136801203754,0.10000000600915501,0.9316945828513565
2001,1.0,20dB_nominal_difference,real,A23_compressed_feedback,REJECTED_PHYSICAL,XY,z,-0.0625,x,-0.3125,y,-0.1875,0.3843118157309954,0.28748071985415613,-0.09683109587683925,0.10000000600915501,0.9316945828513565
2001,1.0,20dB_nominal_difference,real,A23_compressed_feedback,REJECTED_PHYSICAL,XY,z,-0.0625,x,-0.1875,y,-0.1875,0.5174158828182975,0.3089152362291929,-0.2085006465891046,0.10000000600915501,0.9316945828513565
2001,1.0,20dB_nominal_difference,real,A23_compressed_feedback,REJECTED_PHYSICAL,XY,z,-0.0625,x,-0.0625,y,-0.1875,0.5036506148217931,0.3115770360284134,-0.19207357879337966,0.10000000600915501,0.9316945828513565
2001,1.0,20dB_nominal_difference,real,A23_compressed_feedback,REJECTED_PHYSICAL,XY,z,-0.0625,x,0.0625,y,-0.1875,0.35721176838000324,0.2964130242958266,-0.060798744084176626,0.10000000600915501,0.9316945828513565
2001,1.0,20dB_nominal_difference,real,A23_compressed_feedback,REJECTED_PHYSICAL,XY,z,-0.0625,x,0.1875,y,-0.1875,0.20840819636315633,0.2661874540563398,0.05777925769318348,0.10000000600915501,0.9316945828513565
2001,1.0,20dB_nominal_difference,real,A23_compressed_feedback,REJECTED_PHYSICAL,XY,z,-0.0625,x,0.3125,y,-0.1875,0.13116638756463606,0.2251632856726308,0.09399689810799475,0.10000000600915501,0.9316945828513565
2001,1.0,20dB_nominal_difference,real,A23_compressed_feedback,REJECTED_PHYSICAL,XY,z,-0.0625,x,0.4375,y,-0.1875,0.10746175163320573,0.17864969169349865,0.07118794006029291,0.10000000600915501,0.9316945828513565
2001,1.0,20dB_nominal_difference,real,A23_compressed_feedback,REJECTED_PHYSICAL,XY,z,-0.0625,x,0.5625,y,-0.1875,0.10254541586720096,0.13241229412888644,0.02986687826168548,0.10000000600915501,0.9316945828513565
2001,1.0,20dB_nominal_difference,real,A23_compressed_feedback,REJECTED_PHYSICAL,XY,z,-0.0625,x,0.6875,y,-0.1875,0.1011545478348431,0.09531411249690552,-0.005840435337937572,0.10000000600915501,0.9316945828513565
2001,1.0,20dB_nominal_difference,real,A23_compressed_feedback,REJECTED_PHYSICAL,XY,z,-0.0625,x,-0.6875,y,-0.0625,0.1086319303622552,0.12971925337701812,0.021087323014762918,0.10000000600915501,0.9316945828513565
2001,1.0,20dB_nominal_difference,real,A23_compressed_feedback,REJECTED_PHYSICAL,XY,z,-0.0625,x,-0.5625,y,-0.0625,0.14581030690719132,0.19975458579245453,0.05394427888526321,0.10000000600915501,0.9316945828513565
2001,1.0,20dB_nominal_difference,real,A23_compressed_feedback,REJECTED_PHYSICAL,XY,z,-0.0625,x,-0.4375,y,-0.0625,0.260124942599339,0.26032005388702406,0.00019511128768506802,0.10000000600915501,0.9316945828513565
2001,1.0,20dB_nominal_difference,real,A23_compressed_feedback,REJECTED_PHYSICAL,XY,z,-0.0625,x,-0.3125,y,-0.0625,0.4686354000592555,0.3054338780394017,-0.16320152201985383,0.10000000600915501,0.9316945828513565
2001,1.0,20dB_nominal_difference,real,A23_compressed_feedback,REJECTED_PHYSICAL,XY,z,-0.0625,x,-0.1875,y,-0.0625,0.658975602264724,0.3319254535379128,-0.32705014872681115,0.10000000600915501,0.9316945828513565
2001,1.0,20dB_nominal_difference,real,A23_compressed_feedback,REJECTED_PHYSICAL,XY,z,-0.0625,x,-0.0625,y,-0.0625,0.6584401254504064,0.3386310997115428,-0.3198090257388636,0.10000000600915501,0.9316945828513565
2001,1.0,20dB_nominal_difference,real,A23_compressed_feedback,REJECTED_PHYSICAL,XY,z,-0.0625,x,0.0625,y,-0.0625,0.4684559578600319,0.3263078700344161,-0.14214808782561583,0.10000000600915501,0.9316945828513565
2001,1.0,20dB_nominal_difference,real,A23_compressed_feedback,REJECTED_PHYSICAL,XY,z,-0.0625,x,0.1875,y,-0.0625,0.2634391773756436,0.2974587239999844,0.03401954662434081,0.10000000600915501,0.9316945828513565
2001,1.0,20dB_nominal_difference,real,A23_compressed_feedback,REJECTED_PHYSICAL,XY,z,-0.0625,x,0.3125,y,-0.0625,0.15461648871629483,0.25604331891782584,0.10142683020153101,0.10000000600915501,0.9316945828513565
2001,1.0,20dB_nominal_difference,real,A23_compressed_feedback,REJECTED_PHYSICAL,XY,z,-0.0625,x,0.4375,y,-0.0625,0.12071173516744532,0.2070558546415303,0.08634411947408499,0.10000000600915501,0.9316945828513565
2001,1.0,20dB_nominal_difference,real,A23_compressed_feedback,REJECTED_PHYSICAL,XY,z,-0.0625,x,0.5625,y,-0.0625,0.11112771864288029,0.15597925055067147,0.044851531907791176,0.10000000600915501,0.9316945828513565
2001,1.0,20dB_nominal_difference,real,A23_compressed_feedback,REJECTED_PHYSICAL,XY,z,-0.0625,x,0.6875,y,-0.0625,0.10530383314727672,0.11160738472750266,0.006303551580225941,0.10000000600915501,0.9316945828513565
2001,1.0,20dB_nominal_difference,real,A23_compressed_feedback,REJECTED_PHYSICAL,XY,z,-0.0625,x,-0.6875,y,0.0625,0.10777996478043661,0.12212011165097014,0.014340146870533532,0.10000000600915501,0.9316945828513565
2001,1.0,20dB_nominal_difference,real,A23_compressed_feedback,REJECTED_PHYSICAL,XY,z,-0.0625,x,-0.5625,y,0.0625,0.14264201452263953,0.19558751433506277,0.05294549981242325,0.10000000600915501,0.9316945828513565
2001,1.0,20dB_nominal_difference,real,A23_compressed_feedback,REJECTED_PHYSICAL,XY,z,-0.0625,x,-0.4375,y,0.0625,0.2539358661922832,0.2592967133320231,0.005360847139739888,0.10000000600915501,0.9316945828513565
2001,1.0,20dB_nominal_difference,real,A23_compressed_feedback,REJECTED_PHYSICAL,XY,z,-0.0625,x,-0.3125,y,0.0625,0.4660126331155374,0.307846163485894,-0.15816646962964342,0.10000000600915501,0.9316945828513565
2001,1.0,20dB_nominal_difference,real,A23_compressed_feedback,REJECTED_PHYSICAL,XY,z,-0.0625,x,-0.1875,y,0.0625,0.6733219291899666,0.3381982161892826,-0.335123713000684,0.10000000600915501,0.9316945828513565
2001,1.0,20dB_nominal_difference,real,A23_compressed_feedback,REJECTED_PHYSICAL,XY,z,-0.0625,x,-0.0625,y,0.0625,0.6925304012585348,0.3491046688726219,-0.3434257323859129,0.10000000600915501,0.9316945828513565
2001,1.0,20dB_nominal_difference,real,A23_compressed_feedback,REJECTED_PHYSICAL,XY,z,-0.0625,x,0.0625,y,0.0625,0.5082554782226824,0.3410281248071413,-0.16722735341554107,0.10000000600915501,0.9316945828513565
2001,1.0,20dB_nominal_difference,real,A23_compressed_feedback,REJECTED_PHYSICAL,XY,z,-0.0625,x,0.1875,y,0.0625,0.29970663571554834,0.31601244363999115,0.016305807924442806,0.10000000600915501,0.9316945828513565
2001,1.0,20dB_nominal_difference,real,A23_compressed_feedback,REJECTED_PHYSICAL,XY,z,-0.0625,x,0.3125,y,0.0625,0.19051662464288005,0.27746377414282297,0.08694714949994292,0.10000000600915501,0.9316945828513565
2001,1.0,20dB_nominal_difference,real,A23_compressed_feedback,REJECTED_PHYSICAL,XY,z,-0.0625,x,0.4375,y,0.0625,0.1544041608174542,0.22981283473528039,0.07540867391782619,0.10000000600915501,0.9316945828513565
2001,1.0,20dB_nominal_difference,real,A23_compressed_feedback,REJECTED_PHYSICAL,XY,z,-0.0625,x,0.5625,y,0.0625,0.13378884108952682,0.17806747429962583,0.044278633210099005,0.10000000600915501,0.9316945828513565
2001,1.0,20dB_nominal_difference,real,A23_compressed_feedback,REJECTED_PHYSICAL,XY,z,-0.0625,x,0.6875,y,0.0625,0.11508655269632756,0.13056741959903512,0.015480866902707557,0.10000000600915501,0.9316945828513565
2001,1.0,20dB_nominal_difference,real,A23_compressed_feedback,REJECTED_PHYSICAL,XY,z,-0.0625,x,-0.6875,y,0.1875,0.10536946590244586,0.11013209106347492,0.004762625161029058,0.10000000600915501,0.9316945828513565
2001,1.0,20dB_nominal_difference,real,A23_compressed_feedback,REJECTED_PHYSICAL,XY,z,-0.0625,x,-0.5625,y,0.1875,0.13039466078568404,0.18188047093562243,0.05148581014993839,0.10000000600915501,0.9316945828513565
2001,1.0,20dB_nominal_difference,real,A23_compressed_feedback,REJECTED_PHYSICAL,XY,z,-0.0625,x,-0.4375,y,0.1875,0.21332218143040824,0.24461060355564634,0.03128842212523811,0.10000000600915501,0.9316945828513565
2001,1.0,20dB_nominal_difference,real,A23_compressed_feedback,REJECTED_PHYSICAL,XY,z,-0.0625,x,-0.3125,y,0.1875,0.37832339591889463,0.29373656166644896,-0.08458683425244568,0.10000000600915501,0.9316945828513565
2001,1.0,20dB_nominal_difference,real,A23_compressed_feedback,REJECTED_PHYSICAL,XY,z,-0.0625,x,-0.1875,y,0.1875,0.5507438470346004,0.32645227938842303,-0.22429156764617741,0.10000000600915501,0.9316945828513565
2001,1.0,20dB_nominal_difference,real,A23_compressed_feedback,REJECTED_PHYSICAL,XY,z,-0.0625,x,-0.0625,y,0.1875,0.5842709100242653,0.34139643846864165,-0.2428744715556237,0.10000000600915501,0.9316945828513565
2001,1.0,20dB_nominal_difference,real,A23_compressed_feedback,REJECTED_PHYSICAL,XY,z,-0.0625,x,0.0625,y,0.1875,0.4571874337540224,0.3386237756021787,-0.11856365815184366,0.10000000600915501,0.9316945828513565
2001,1.0,20dB_nominal_difference,real,A23_compressed_feedback,REJECTED_PHYSICAL,XY,z,-0.0625,x,0.1875,y,0.1875,0.3110110184457098,0.3195597114148074,0.008548692969097604,0.10000000600915501,0.9316945828513565
2001,1.0,20dB_nominal_difference,real,A23_compressed_feedback,REJECTED_PHYSICAL,XY,z,-0.0625,x,0.3125,y,0.1875,0.24008040061687136,0.28688638402960775,0.046805983412736396,0.10000000600915501,0.9316945828513565
2001,1.0,20dB_nominal_difference,real,A23_compressed_feedback,REJECTED_PHYSICAL,XY,z,-0.0625,x,0.4375,y,0.1875,0.20648303586593814,0.24431559678619094,0.037832560920252806,0.10000000600915501,0.9316945828513565
2001,1.0,20dB_nominal_difference,real,A23_compressed_feedback,REJECTED_PHYSICAL,XY,z,-0.0625,x,0.5625,y,0.1875,0.16479810303343054,0.19624585349808255,0.03144775046465201,0.10000000600915501,0.9316945828513565
2001,1.0,20dB_nominal_difference,real,A23_compressed_feedback,REJECTED_PHYSICAL,XY,z,-0.0625,x,0.6875,y,0.1875,0.12619496065724473,0.1501989263774973,0.024003965720252568,0.10000000600915501,0.9316945828513565
2001,1.0,20dB_nominal_difference,real,A23_compressed_feedback,REJECTED_PHYSICAL,XY,z,-0.0625,x,-0.6875,y,0.3125,0.10283771954262226,0.09458403252963198,-0.008253687012990285,0.10000000600915501,0.9316945828513565
2001,1.0,20dB_nominal_difference,real,A23_compressed_feedback,REJECTED_PHYSICAL,XY,z,-0.0625,x,-0.5625,y,0.3125,0.11659010550172136,0.15947637304633416,0.042886267544612805,0.10000000600915501,0.9316945828513565
2001,1.0,20dB_nominal_difference,real,A23_compressed_feedback,REJECTED_PHYSICAL,XY,z,-0.0625,x,-0.4375,y,0.3125,0.16388891573906783,0.2172884924046588,0.053399576665590975,0.10000000600915501,0.9316945828513565
2001,1.0,20dB_nominal_difference,real,A23_compressed_feedback,REJECTED_PHYSICAL,XY,z,-0.0625,x,-0.3125,y,0.3125,0.2621725014312992,0.2642905031448492,0.0021180017135499773,0.10000000600915501,0.9316945828513565
2001,1.0,20dB_nominal_difference,real,A23_compressed_feedback,REJECTED_PHYSICAL,XY,z,-0.0625,x,-0.1875,y,0.3125,0.3723046054849758,0.29788853747575356,-0.07441606800922224,0.10000000600915501,0.9316945828513565
2001,1.0,20dB_nominal_difference,real,A23_compressed_feedback,REJECTED_PHYSICAL,XY,z,-0.0625,x,-0.0625,y,0.3125,0.4081034051787672,0.3165069685274212,-0.09159643665134598,0.10000000600915501,0.9316945828513565
2001,1.0,20dB_nominal_difference,real,A23_compressed_feedback,REJECTED_PHYSICAL,XY,z,-0.0625,x,0.0625,y,0.3125,0.3551775096182769,0.31966262369380816,-0.03551488592446872,0.10000000600915501,0.9316945828513565
2001,1.0,20dB_nominal_difference,real,A23_compressed_feedback,REJECTED_PHYSICAL,XY,z,-0.0625,x,0.1875,y,0.3125,0.29655412152484,0.3080444308876949,0.011490309362854889,0.10000000600915501,0.9316945828513565
2001,1.0,20dB_nominal_difference,real,A23_compressed_feedback,REJECTED_PHYSICAL,XY,z,-0.0625,x,0.3125,y,0.3125,0.27140413415974374,0.2835320868893173,0.012127952729573566,0.10000000600915501,0.9316945828513565
2001,1.0,20dB_nominal_difference,real,A23_compressed_feedback,REJECTED_PHYSICAL,XY,z,-0.0625,x,0.4375,y,0.3125,0.23610303361304813,0.24908549581518377,0.012982462202135642,0.10000000600915501,0.9316945828513565
2001,1.0,20dB_nominal_difference,real,A23_compressed_feedback,REJECTED_PHYSICAL,XY,z,-0.0625,x,0.5625,y,0.3125,0.1763764986896118,0.20847452850810266,0.03209802981849086,0.10000000600915501,0.9316945828513565
2001,1.0,20dB_nominal_difference,real,A23_compressed_feedback,REJECTED_PHYSICAL,XY,z,-0.0625,x,0.6875,y,0.3125,0.12765795889379147,0.16817042619516337,0.040512467301371896,0.10000000600915501,0.9316945828513565
2001,1.0,20dB_nominal_difference,real,A23_compressed_feedback,REJECTED_PHYSICAL,XY,z,-0.0625,x,-0.6875,y,0.4375,0.10114841421051789,0.07622930546030617,-0.02491910875021172,0.10000000600915501,0.9316945828513565
2001,1.0,20dB_nominal_difference,real,A23_compressed_feedback,REJECTED_PHYSICAL,XY,z,-0.0625,x,-0.5625,y,0.4375,0.10693462372443238,0.12989187606806799,0.022957252343635604,0.10000000600915501,0.9316945828513565
2001,1.0,20dB_nominal_difference,real,A23_compressed_feedback,REJECTED_PHYSICAL,XY,z,-0.0625,x,-0.4375,y,0.4375,0.12759383376306277,0.17970173493656488,0.052107901173502114,0.10000000600915501,0.9316945828513565
2001,1.0,20dB_nominal_difference,real,A23_compressed_feedback,REJECTED_PHYSICAL,XY,z,-0.0625,x,-0.3125,y,0.4375,0.17250779922464993,0.22259749773973253,0.050089698515082604,0.10000000600915501,0.9316945828513565
2001,1.0,20dB_nominal_difference,real,A23_compressed_feedback,REJECTED_PHYSICAL,XY,z,-0.0625,x,-0.1875,y,0.4375,0.2270800966164236,0.2560184866170576,0.02893839000063403,0.10000000600915501,0.9316945828513565
2001,1.0,20dB_nominal_difference,real,A23_compressed_feedback,REJECTED_PHYSICAL,XY,z,-0.0625,x,-0.0625,y,0.4375,0.255002531880477,0.2779768805158752,0.022974348635398212,0.10000000600915501,0.9316945828513565
2001,1.0,20dB_nominal_difference,real,A23_compressed_feedback,REJECTED_PHYSICAL,XY,z,-0.0625,x,0.0625,y,0.4375,0.2512553768125801,0.2872897736943425,0.03603439688176241,0.10000000600915501,0.9316945828513565
2001,1.0,20dB_nominal_difference,real,A23_compressed_feedback,REJECTED_PHYSICAL,XY,z,-0.0625,x,0.1875,y,0.4375,0.24786304214956373,0.28382344600070897,0.03596040385114524,0.10000000600915501,0.9316945828513565
2001,1.0,20dB_nominal_difference,real,A23_compressed_feedback,REJECTED_PHYSICAL,XY,z,-0.0625,x,0.3125,y,0.4375,0.24341302895259062,0.2686690875922521,0.02525605863966149,0.10000000600915501,0.9316945828513565
2001,1.0,20dB_nominal_difference,real,A23_compressed_feedback,REJECTED_PHYSICAL,XY,z,-0.0625,x,0.4375,y,0.4375,0.20839060005756693,0.24415471532375774,0.035764115266190805,0.10000000600915501,0.9316945828513565
2001,1.0,20dB_nominal_difference,real,A23_compressed_feedback,REJECTED_PHYSICAL,XY,z,-0.0625,x,0.5625,y,0.4375,0.15489601898677052,0.2136113471016757,0.05871532811490518,0.10000000600915501,0.9316945828513565
2001,1.0,20dB_nominal_difference,real,A23_compressed_feedback,REJECTED_PHYSICAL,XY,z,-0.0625,x,0.6875,y,0.4375,0.11773851679414572,0.18249578039623598,0.06475726360209026,0.10000000600915501,0.9316945828513565
2001,1.0,20dB_nominal_difference,real,A23_compressed_feedback,REJECTED_PHYSICAL,XY,z,-0.0625,x,-0.6875,y,0.5625,0.1003559096768723,0.055502142100492154,-0.04485376757638015,0.10000000600915501,0.9316945828513565
2001,1.0,20dB_nominal_difference,real,A23_compressed_feedback,REJECTED_PHYSICAL,XY,z,-0.0625,x,-0.5625,y,0.5625,0.10222028492804464,0.09481937625679365,-0.007400908671250983,0.10000000600915501,0.9316945828513565
2001,1.0,20dB_nominal_difference,real,A23_compressed_feedback,REJECTED_PHYSICAL,XY,z,-0.0625,x,-0.4375,y,0.5625,0.10913727806028901,0.13496871848391107,0.02583144042362205,0.10000000600915501,0.9316945828513565
2001,1.0,20dB_nominal_difference,real,A23_compressed_feedback,REJECTED_PHYSICAL,XY,z,-0.0625,x,-0.3125,y,0.5625,0.12494046438860903,0.17302498966464624,0.04808452527603721,0.10000000600915501,0.9316945828513565
2001,1.0,20dB_nominal_difference,real,A23_compressed_feedback,REJECTED_PHYSICAL,XY,z,-0.0625,x,-0.1875,y,0.5625,0.14612205742413914,0.20605950508605927,0.059937447661920135,0.10000000600915501,0.9316945828513565
2001,1.0,20dB_nominal_difference,real,A23_compressed_feedback,REJECTED_PHYSICAL,XY,z,-0.0625,x,-0.0625,y,0.5625,0.16207226151280418,0.23135238949354173,0.06928012798073754,0.10000000600915501,0.9316945828513565
2001,1.0,20dB_nominal_difference,real,A23_compressed_feedback,REJECTED_PHYSICAL,XY,z,-0.0625,x,0.0625,y,0.5625,0.17141133688533441,0.2468107448850093,0.07539940799967487,0.10000000600915501,0.9316945828513565
2001,1.0,20dB_nominal_difference,real,A23_compressed_feedback,REJECTED_PHYSICAL,XY,z,-0.0625,x,0.1875,y,0.5625,0.17958861939133242,0.25140276532346373,0.07181414593213131,0.10000000600915501,0.9316945828513565
2001,1.0,20dB_nominal_difference,real,A23_compressed_feedback,REJECTED_PHYSICAL,XY,z,-0.0625,x,0.3125,y,0.5625,0.17660099355584172,0.24550300756263815,0.06890201400679644,0.10000000600915501,0.9316945828513565
2001,1.0,20dB_nominal_difference,real,A23_compressed_feedback,REJECTED_PHYSICAL,XY,z,-0.0625,x,0.4375,y,0.5625,0.15297691049428866,0.23104625476348614,0.07806934426919748,0.10000000600915501,0.9316945828513565
2001,1.0,20dB_nominal_difference,real,A23_compressed_feedback,REJECTED_PHYSICAL,XY,z,-0.0625,x,0.5625,y,0.5625,0.12400536006734672,0.21142186739863222,0.0874165073312855,0.10000000600915501,0.9316945828513565
2001,1.0,20dB_nominal_difference,real,A23_compressed_feedback,REJECTED_PHYSICAL,XY,z,-0.0625,x,0.6875,y,0.5625,0.10690885512842992,0.1919007615690682,0.0849919064406383,0.10000000600915501,0.9316945828513565
2001,1.0,20dB_nominal_difference,real,A23_compressed_feedback,REJECTED_PHYSICAL,XY,z,-0.0625,x,-0.6875,y,0.6875,0.10008447943542029,0.03306526981242734,-0.06701920962299295,0.10000000600915501,0.9316945828513565
2001,1.0,20dB_nominal_difference,real,A23_compressed_feedback,REJECTED_PHYSICAL,XY,z,-0.0625,x,-0.5625,y,0.6875,0.1005447510332622,0.056058368358933804,-0.0444863826743284,0.10000000600915501,0.9316945828513565
2001,1.0,20dB_nominal_difference,real,A23_compressed_feedback,REJECTED_PHYSICAL,XY,z,-0.0625,x,-0.4375,y,0.6875,0.10232262764080495,0.08699658467400087,-0.01532604296680408,0.10000000600915501,0.9316945828513565
2001,1.0,20dB_nominal_difference,real,A23_compressed_feedback,REJECTED_PHYSICAL,XY,z,-0.0625,x,-0.3125,y,0.6875,0.10661692509131052,0.12135134141500713,0.014734416323696611,0.10000000600915501,0.9316945828513565
2001,1.0,20dB_nominal_difference,real,A23_compressed_feedback,REJECTED_PHYSICAL,XY,z,-0.0625,x,-0.1875,y,0.6875,0.11303193791873747,0.15509922103034562,0.04206728311160815,0.10000000600915501,0.9316945828513565
2001,1.0,20dB_nominal_difference,real,A23_compressed_feedback,REJECTED_PHYSICAL,XY,z,-0.0625,x,-0.0625,y,0.6875,0.11937276688178071,0.18432948882968053,0.06495672194789982,0.10000000600915501,0.9316945828513565
2001,1.0,20dB_nominal_difference,real,A23_compressed_feedback,REJECTED_PHYSICAL,XY,z,-0.0625,x,0.0625,y,0.6875,0.12481962777323295,0.20577365990096766,0.0809540321277347,0.10000000600915501,0.9316945828513565
2001,1.0,20dB_nominal_difference,real,A23_compressed_feedback,REJECTED_PHYSICAL,XY,z,-0.0625,x,0.1875,y,0.6875,0.12834929071443463,0.2174234147969385,0.08907412408250387,0.10000000600915501,0.9316945828513565
2001,1.0,20dB_nominal_difference,real,A23_compressed_feedback,REJECTED_PHYSICAL,XY,z,-0.0625,x,0.3125,y,0.6875,0.12546993569784834,0.21902126025082858,0.09355132455298024,0.10000000600915501,0.9316945828513565
2001,1.0,20dB_nominal_difference,real,A23_compressed_feedback,REJECTED_PHYSICAL,XY,z,-0.0625,x,0.4375,y,0.6875,0.11582540534158545,0.21230525745763912,0.09647985211605367,0.10000000600915501,0.9316945828513565
2001,1.0,20dB_nominal_difference,real,A23_compressed_feedback,REJECTED_PHYSICAL,XY,z,-0.0625,x,0.5625,y,0.6875,0.10638547616199451,0.20109750574472074,0.09471202958272623,0.10000000600915501,0.9316945828513565
2001,1.0,20dB_nominal_difference,real,A23_compressed_feedback,REJECTED_PHYSICAL,XY,z,-0.0625,x,0.6875,y,0.6875,0.10163460092111411,0.1931578521612276,0.0915232512401135,0.10000000600915501,0.9316945828513565
2001,1.0,20dB_nominal_difference,real,A23_compressed_feedback,REJECTED_PHYSICAL,XZ,y,-0.0625,x,-0.6875,z,-0.6875,0.10291318459824714,0.06751530317815828,-0.03539788142008886,0.10000000600915501,0.9316945828513565
2001,1.0,20dB_nominal_difference,real,A23_compressed_feedback,REJECTED_PHYSICAL,XZ,y,-0.0625,x,-0.5625,z,-0.6875,0.11546049002657596,0.17426932766630493,0.05880883763972897,0.10000000600915501,0.9316945828513565
2001,1.0,20dB_nominal_difference,real,A23_compressed_feedback,REJECTED_PHYSICAL,XZ,y,-0.0625,x,-0.4375,z,-0.6875,0.15404043140061494,0.25908574660002126,0.10504531519940633,0.10000000600915501,0.9316945828513565
2001,1.0,20dB_nominal_difference,real,A23_compressed_feedback,REJECTED_PHYSICAL,XZ,y,-0.0625,x,-0.3125,z,-0.6875,0.22440982016802116,0.3135906582881345,0.08918083812011332,0.10000000600915501,0.9316945828513565
2001,1.0,20dB_nominal_difference,real,A23_compressed_feedback,REJECTED_PHYSICAL,XZ,y,-0.0625,x,-0.1875,z,-0.6875,0.28863871102744765,0.334933447102712,0.04629473607526435,0.10000000600915501,0.9316945828513565
2001,1.0,20dB_nominal_difference,real,A23_compressed_feedback,REJECTED_PHYSICAL,XZ,y,-0.0625,x,-0.0625,z,-0.6875,0.2883854178941376,0.3248787527825777,0.03649333488844014,0.10000000600915501,0.9316945828513565
2001,1.0,20dB_nominal_difference,real,A23_compressed_feedback,REJECTED_PHYSICAL,XZ,y,-0.0625,x,0.0625,z,-0.6875,0.22390934619667607,0.2891113862793912,0.06520204008271513,0.10000000600915501,0.9316945828513565
2001,1.0,20dB_nominal_difference,real,A23_compressed_feedback,REJECTED_PHYSICAL,XZ,y,-0.0625,x,0.1875,z,-0.6875,0.1536786126262088,0.23625597249894975,0.08257735987274095,0.10000000600915501,0.9316945828513565
2001,1.0,20dB_nominal_difference,real,A23_compressed_feedback,REJECTED_PHYSICAL,XZ,y,-0.0625,x,0.3125,z,-0.6875,0.11531580262732725,0.17666961928321284,0.06135381665588559,0.10000000600915501,0.9316945828513565
2001,1.0,20dB_nominal_difference,real,A23_compressed_feedback,REJECTED_PHYSICAL,XZ,y,-0.0625,x,0.4375,z,-0.6875,0.10287822780423593,0.12121232754934685,0.018334099745110924,0.10000000600915501,0.9316945828513565
2001,1.0,20dB_nominal_difference,real,A23_compressed_feedback,REJECTED_PHYSICAL,XZ,y,-0.0625,x,0.5625,z,-0.6875,0.10035628237908936,0.08055109140189252,-0.019805190977196838,0.10000000600915501,0.9316945828513565
2001,1.0,20dB_nominal_difference,real,A23_compressed_feedback,REJECTED_PHYSICAL,XZ,y,-0.0625,x,0.6875,z,-0.6875,0.10002906531016559,0.07024106104799846,-0.029788004262167128,0.10000000600915501,0.9316945828513565
2001,1.0,20dB_nominal_difference,real,A23_compressed_feedback,REJECTED_PHYSICAL,XZ,y,-0.0625,x,-0.6875,z,-0.5625,0.10607231156288507,0.08999991056834214,-0.016072400994542935,0.10000000600915501,0.9316945828513565
2001,1.0,20dB_nominal_difference,real,A23_compressed_feedback,REJECTED_PHYSICAL,XZ,y,-0.0625,x,-0.5625,z,-0.5625,0.13222621471145993,0.19416801736974945,0.061941802658289524,0.10000000600915501,0.9316945828513565
2001,1.0,20dB_nominal_difference,real,A23_compressed_feedback,REJECTED_PHYSICAL,XZ,y,-0.0625,x,-0.4375,z,-0.5625,0.2126431660706112,0.27603357542507473,0.06339040935446352,0.10000000600915501,0.9316945828513565
2001,1.0,20dB_nominal_difference,real,A23_compressed_feedback,REJECTED_PHYSICAL,XZ,y,-0.0625,x,-0.3125,z,-0.5625,0.3593228011778993,0.32935108008457026,-0.029971721093329018,0.10000000600915501,0.9316945828513565
2001,1.0,20dB_nominal_difference,real,A23_compressed_feedback,REJECTED_PHYSICAL,XZ,y,-0.0625,x,-0.1875,z,-0.5625,0.4932030390785944,0.3515277765316994,-0.141675262546895,0.10000000600915501,0.9316945828513565
2001,1.0,20dB_nominal_difference,real,A23_compressed_feedback,REJECTED_PHYSICAL,XZ,y,-0.0625,x,-0.0625,z,-0.5625,0.4926750979995492,0.3438156980873988,-0.14885939991215041,0.10000000600915501,0.9316945828513565
2001,1.0,20dB_nominal_difference,real,A23_compressed_feedback,REJECTED_PHYSICAL,XZ,y,-0.0625,x,0.0625,z,-0.5625,0.35827977814129675,0.3110636818373519,-0.047216096303944854,0.10000000600915501,0.9316945828513565
2001,1.0,20dB_nominal_difference,real,A23_compressed_feedback,REJECTED_PHYSICAL,XZ,y,-0.0625,x,0.1875,z,-0.5625,0.21188957753242552,0.2609662847540667,0.049076707221641175,0.10000000600915501,0.9316945828513565
2001,1.0,20dB_nominal_difference,real,A23_compressed_feedback,REJECTED_PHYSICAL,XZ,y,-0.0625,x,0.3125,z,-0.5625,0.13192587787640483,0.2030506556344132,0.07112477775800838,0.10000000600915501,0.9316945828513565
2001,1.0,20dB_nominal_difference,real,A23_compressed_feedback,REJECTED_PHYSICAL,XZ,y,-0.0625,x,0.4375,z,-0.5625,0.10600109988729495,0.14758983102577694,0.041588731138481994,0.10000000600915501,0.9316945828513565
2001,1.0,20dB_nominal_difference,real,A23_compressed_feedback,REJECTED_PHYSICAL,XZ,y,-0.0625,x,0.5625,z,-0.5625,0.10074401012398494,0.10462628253075654,0.0038822724067715947,0.10000000600915501,0.9316945828513565
2001,1.0,20dB_nominal_difference,real,A23_compressed_feedback,REJECTED_PHYSICAL,XZ,y,-0.0625,x,0.6875,z,-0.5625,0.10006129239122362,0.08488217751153256,-0.015179114879691064,0.10000000600915501,0.9316945828513565
2001,1.0,20dB_nominal_difference,real,A23_compressed_feedback,REJECTED_PHYSICAL,XZ,y,-0.0625,x,-0.6875,z,-0.4375,0.10977284609148798,0.1104179349227947,0.0006450888313067199,0.10000000600915501,0.9316945828513565
2001,1.0,20dB_nominal_difference,real,A23_compressed_feedback,REJECTED_PHYSICAL,XZ,y,-0.0625,x,-0.5625,z,-0.4375,0.15186523011246558,0.20801551036841498,0.0561502802559494,0.10000000600915501,0.9316945828513565
2001,1.0,20dB_nominal_difference,real,A23_compressed_feedback,REJECTED_PHYSICAL,XZ,y,-0.0625,x,-0.4375,z,-0.4375,0.28128917057122405,0.28583278201482354,0.004543611443599493,0.10000000600915501,0.9316945828513565
2001,1.0,20dB_nominal_difference,real,A23_compressed_feedback,REJECTED_PHYSICAL,XZ,y,-0.0625,x,-0.3125,z,-0.4375,0.5173570194609473,0.33740340714503414,-0.17995361231591311,0.10000000600915501,0.9316945828513565
2001,1.0,20dB_nominal_difference,real,A23_compressed_feedback,REJECTED_PHYSICAL,XZ,y,-0.0625,x,-0.1875,z,-0.4375,0.7328254356197617,0.3601734538053596,-0.37265198181440207,0.10000000600915501,0.9316945828513565
2001,1.0,20dB_nominal_difference,real,A23_compressed_feedback,REJECTED_PHYSICAL,XZ,y,-0.0625,x,-0.0625,z,-0.4375,0.7319762919832448,0.3549176437739915,-0.3770586482092533,0.10000000600915501,0.9316945828513565
2001,1.0,20dB_nominal_difference,real,A23_compressed_feedback,REJECTED_PHYSICAL,XZ,y,-0.0625,x,0.0625,z,-0.4375,0.515681582968196,0.32559072306083936,-0.19009085990735664,0.10000000600915501,0.9316945828513565
2001,1.0,20dB_nominal_difference,real,A23_compressed_feedback,REJECTED_PHYSICAL,XZ,y,-0.0625,x,0.1875,z,-0.4375,0.28008716026754726,0.27876910595000015,-0.0013180543175471127,0.10000000600915501,0.9316945828513565
2001,1.0,20dB_nominal_difference,real,A23_compressed_feedback,REJECTED_PHYSICAL,XZ,y,-0.0625,x,0.3125,z,-0.4375,0.15140465230636926,0.22281026715234659,0.07140561484597732,0.10000000600915501,0.9316945828513565
2001,1.0,20dB_nominal_difference,real,A23_compressed_feedback,REJECTED_PHYSICAL,XZ,y,-0.0625,x,0.4375,z,-0.4375,0.10968830043688305,0.16682746259290382,0.05713916215602077,0.10000000600915501,0.9316945828513565
2001,1.0,20dB_nominal_difference,real,A23_compressed_feedback,REJECTED_PHYSICAL,XZ,y,-0.0625,x,0.5625,z,-0.4375,0.10122227154090518,0.11946464908804329,0.018242377547138103,0.10000000600915501,0.9316945828513565
2001,1.0,20dB_nominal_difference,real,A23_compressed_feedback,REJECTED_PHYSICAL,XZ,y,-0.0625,x,0.6875,z,-0.4375,0.10011151966643468,0.09001534401031769,-0.010096175656116993,0.10000000600915501,0.9316945828513565
2001,1.0,20dB_nominal_difference,real,A23_compressed_feedback,REJECTED_PHYSICAL,XZ,y,-0.0625,x,-0.6875,z,-0.3125,0.11214420370539707,0.12525879025411446,0.013114586548717388,0.10000000600915501,0.9316945828513565
2001,1.0,20dB_nominal_difference,real,A23_compressed_feedback,REJECTED_PHYSICAL,XZ,y,-0.0625,x,-0.5625,z,-0.3125,0.1644502036042143,0.21454134739067532,0.05009114378646101,0.10000000600915501,0.9316945828513565
2001,1.0,20dB_nominal_difference,real,A23_compressed_feedback,REJECTED_PHYSICAL,XZ,y,-0.0625,x,-0.4375,z,-0.3125,0.3252785546943639,0.28741814652010655,-0.03786040817425734,0.10000000600915501,0.9316945828513565
2001,1.0,20dB_nominal_difference,real,A23_compressed_feedback,REJECTED_PHYSICAL,XZ,y,-0.0625,x,-0.3125,z,-0.3125,0.618627754958439,0.33716755182749497,-0.28146020313094405,0.10000000600915501,0.9316945828513565
2001,1.0,20dB_nominal_difference,real,A23_compressed_feedback,REJECTED_PHYSICAL,XZ,y,-0.0625,x,-0.1875,z,-0.3125,0.8863797976910598,0.360973710703694,-0.5254060869873658,0.10000000600915501,0.9316945828513565
2001,1.0,20dB_nominal_difference,real,A23_compressed_feedback,REJECTED_PHYSICAL,XZ,y,-0.0625,x,-0.0625,z,-0.3125,0.8853305904537354,0.3589896178224069,-0.5263409726313285,0.10000000600915501,0.9316945828513565
2001,1.0,20dB_nominal_difference,real,A23_compressed_feedback,REJECTED_PHYSICAL,XZ,y,-0.0625,x,0.0625,z,-0.3125,0.6165820197691554,0.3341553279159345,-0.2824266918532209,0.10000000600915501,0.9316945828513565
2001,1.0,20dB_nominal_difference,real,A23_compressed_feedback,REJECTED_PHYSICAL,XZ,y,-0.0625,x,0.1875,z,-0.3125,0.32390683580753876,0.29176493327790753,-0.03214190252963123,0.10000000600915501,0.9316945828513565
2001,1.0,20dB_nominal_difference,real,A23_compressed_feedback,REJECTED_PHYSICAL,XZ,y,-0.0625,x,0.3125,z,-0.3125,0.16413463265473302,0.23879640311803338,0.07466177046330036,0.10000000600915501,0.9316945828513565
2001,1.0,20dB_nominal_difference,real,A23_compressed_feedback,REJECTED_PHYSICAL,XZ,y,-0.0625,x,0.4375,z,-0.3125,0.11237788718970991,0.18303884114706304,0.07066095395735313,0.10000000600915501,0.9316945828513565
2001,1.0,20dB_nominal_difference,real,A23_compressed_feedback,REJECTED_PHYSICAL,XZ,y,-0.0625,x,0.5625,z,-0.3125,0.10179889325449674,0.1320340951473436,0.030235201892846855,0.10000000600915501,0.9316945828513565
2001,1.0,20dB_nominal_difference,real,A23_compressed_feedback,REJECTED_PHYSICAL,XZ,y,-0.0625,x,0.6875,z,-0.3125,0.1002836516556748,0.09502517460914603,-0.0052584770465287645,0.10000000600915501,0.9316945828513565
2001,1.0,20dB_nominal_difference,real,A23_compressed_feedback,REJECTED_PHYSICAL,XZ,y,-0.0625,x,-0.6875,z,-0.1875,0.11165193354924287,0.13176500483527726,0.020113071286034387,0.10000000600915501,0.9316945828513565
2001,1.0,20dB_nominal_difference,real,A23_compressed_feedback,REJECTED_PHYSICAL,XZ,y,-0.0625,x,-0.5625,z,-0.1875,0.1618376892964568,0.21182192841183992,0.049984239115383106,0.10000000600915501,0.9316945828513565
2001,1.0,20dB_nominal_difference,real,A23_compressed_feedback,REJECTED_PHYSICAL,XZ,y,-0.0625,x,-0.4375,z,-0.1875,0.3161468167065895,0.27896577992102517,-0.037181036785564336,0.10000000600915501,0.9316945828513565
2001,1.0,20dB_nominal_difference,real,A23_compressed_feedback,REJECTED_PHYSICAL,XZ,y,-0.0625,x,-0.3125,z,-0.1875,0.5976053749803595,0.3266472650206981,-0.2709581099596614,0.10000000600915501,0.9316945828513565
2001,1.0,20dB_nominal_difference,real,A23_compressed_feedback,REJECTED_PHYSICAL,XZ,y,-0.0625,x,-0.1875,z,-0.1875,0.8545090934455207,0.35179991321698245,-0.5027091802285383,0.10000000600915501,0.9316945828513565
2001,1.0,20dB_nominal_difference,real,A23_compressed_feedback,REJECTED_PHYSICAL,XZ,y,-0.0625,x,-0.0625,z,-0.1875,0.8535440971175853,0.3538927609881992,-0.49965133612938606,0.10000000600915501,0.9316945828513565
2001,1.0,20dB_nominal_difference,real,A23_compressed_feedback,REJECTED_PHYSICAL,XZ,y,-0.0625,x,0.0625,z,-0.1875,0.5958952121257558,0.33477243511810395,-0.26112277700765185,0.10000000600915501,0.9316945828513565
2001,1.0,20dB_nominal_difference,real,A23_compressed_feedback,REJECTED_PHYSICAL,XZ,y,-0.0625,x,0.1875,z,-0.1875,0.31568087560700336,0.29835068061567327,-0.017330194991330095,0.10000000600915501,0.9316945828513565
2001,1.0,20dB_nominal_difference,real,A23_compressed_feedback,REJECTED_PHYSICAL,XZ,y,-0.0625,x,0.3125,z,-0.1875,0.16332485453803722,0.2501193751710954,0.08679452063305818,0.10000000600915501,0.9316945828513565
2001,1.0,20dB_nominal_difference,real,A23_compressed_feedback,REJECTED_PHYSICAL,XZ,y,-0.0625,x,0.4375,z,-0.1875,0.11423757594009891,0.19649682347336933,0.08225924753327042,0.10000000600915501,0.9316945828513565
2001,1.0,20dB_nominal_difference,real,A23_compressed_feedback,REJECTED_PHYSICAL,XZ,y,-0.0625,x,0.5625,z,-0.1875,0.10367817561264485,0.1440347484361933,0.040356572823548445,0.10000000600915501,0.9316945828513565
2001,1.0,20dB_nominal_difference,real,A23_compressed_feedback,REJECTED_PHYSICAL,XZ,y,-0.0625,x,0.6875,z,-0.1875,0.10128347098942649,0.10190867098565091,0.0006251999962244292,0.10000000600915501,0.9316945828513565
2001,1.0,20dB_nominal_difference,real,A23_compressed_feedback,REJECTED_PHYSICAL,XZ,y,-0.0625,x,-0.6875,z,-0.0625,0.1086319303622552,0.12971925337701812,0.021087323014762918,0.10000000600915501,0.9316945828513565
2001,1.0,20dB_nominal_difference,real,A23_compressed_feedback,REJECTED_PHYSICAL,XZ,y,-0.0625,x,-0.5625,z,-0.0625,0.14581030690719132,0.19975458579245453,0.05394427888526321,0.10000000600915501,0.9316945828513565
2001,1.0,20dB_nominal_difference,real,A23_compressed_feedback,REJECTED_PHYSICAL,XZ,y,-0.0625,x,-0.4375,z,-0.0625,0.260124942599339,0.26032005388702406,0.00019511128768506802,0.10000000600915501,0.9316945828513565
2001,1.0,20dB_nominal_difference,real,A23_compressed_feedback,REJECTED_PHYSICAL,XZ,y,-0.0625,x,-0.3125,z,-0.0625,0.4686354000592555,0.3054338780394017,-0.16320152201985383,0.10000000600915501,0.9316945828513565
2001,1.0,20dB_nominal_difference,real,A23_compressed_feedback,REJECTED_PHYSICAL,XZ,y,-0.0625,x,-0.1875,z,-0.0625,0.658975602264724,0.3319254535379128,-0.32705014872681115,0.10000000600915501,0.9316945828513565
2001,1.0,20dB_nominal_difference,real,A23_compressed_feedback,REJECTED_PHYSICAL,XZ,y,-0.0625,x,-0.0625,z,-0.0625,0.6584401254504064,0.3386310997115428,-0.3198090257388636,0.10000000600915501,0.9316945828513565
2001,1.0,20dB_nominal_difference,real,A23_compressed_feedback,REJECTED_PHYSICAL,XZ,y,-0.0625,x,0.0625,z,-0.0625,0.4684559578600319,0.3263078700344161,-0.14214808782561583,0.10000000600915501,0.9316945828513565
2001,1.0,20dB_nominal_difference,real,A23_compressed_feedback,REJECTED_PHYSICAL,XZ,y,-0.0625,x,0.1875,z,-0.0625,0.2634391773756436,0.2974587239999844,0.03401954662434081,0.10000000600915501,0.9316945828513565
2001,1.0,20dB_nominal_difference,real,A23_compressed_feedback,REJECTED_PHYSICAL,XZ,y,-0.0625,x,0.3125,z,-0.0625,0.15461648871629483,0.25604331891782584,0.10142683020153101,0.10000000600915501,0.9316945828513565
2001,1.0,20dB_nominal_difference,real,A23_compressed_feedback,REJECTED_PHYSICAL,XZ,y,-0.0625,x,0.4375,z,-0.0625,0.12071173516744532,0.2070558546415303,0.08634411947408499,0.10000000600915501,0.9316945828513565
2001,1.0,20dB_nominal_difference,real,A23_compressed_feedback,REJECTED_PHYSICAL,XZ,y,-0.0625,x,0.5625,z,-0.0625,0.11112771864288029,0.15597925055067147,0.044851531907791176,0.10000000600915501,0.9316945828513565
2001,1.0,20dB_nominal_difference,real,A23_compressed_feedback,REJECTED_PHYSICAL,XZ,y,-0.0625,x,0.6875,z,-0.0625,0.10530383314727672,0.11160738472750266,0.006303551580225941,0.10000000600915501,0.9316945828513565
2001,1.0,20dB_nominal_difference,real,A23_compressed_feedback,REJECTED_PHYSICAL,XZ,y,-0.0625,x,-0.6875,z,0.0625,0.10493740594683888,0.12113391286104508,0.016196506914206196,0.10000000600915501,0.9316945828513565
2001,1.0,20dB_nominal_difference,real,A23_compressed_feedback,REJECTED_PHYSICAL,XZ,y,-0.0625,x,-0.5625,z,0.0625,0.12620319207139394,0.18011312934586576,0.053909937274471825,0.10000000600915501,0.9316945828513565
2001,1.0,20dB_nominal_difference,real,A23_compressed_feedback,REJECTED_PHYSICAL,XZ,y,-0.0625,x,-0.4375,z,0.0625,0.1915905966188143,0.23296832973475004,0.04137773311593573,0.10000000600915501,0.9316945828513565
2001,1.0,20dB_nominal_difference,real,A23_compressed_feedback,REJECTED_PHYSICAL,XZ,y,-0.0625,x,-0.3125,z,0.0625,0.31086156614461674,0.27460466342440293,-0.03625690272021381,0.10000000600915501,0.9316945828513565
2001,1.0,20dB_nominal_difference,real,A23_compressed_feedback,REJECTED_PHYSICAL,XZ,y,-0.0625,x,-0.1875,z,0.0625,0.4197931908029856,0.30193210593970665,-0.11786108486327895,0.10000000600915501,0.9316945828513565
2001,1.0,20dB_nominal_difference,real,A23_compressed_feedback,REJECTED_PHYSICAL,XZ,y,-0.0625,x,-0.0625,z,0.0625,0.41996236518319985,0.31328224670484295,-0.1066801184783569,0.10000000600915501,0.9316945828513565
2001,1.0,20dB_nominal_difference,real,A23_compressed_feedback,REJECTED_PHYSICAL,XZ,y,-0.0625,x,0.0625,z,0.0625,0.3136409372943356,0.3084055692267146,-0.005235368067621038,0.10000000600915501,0.9316945828513565
2001,1.0,20dB_nominal_difference,real,A23_compressed_feedback,REJECTED_PHYSICAL,XZ,y,-0.0625,x,0.1875,z,0.0625,0.2031844577336356,0.2884411688368147,0.08525671110317909,0.10000000600915501,0.9316945828513565
2001,1.0,20dB_nominal_difference,real,A23_compressed_feedback,REJECTED_PHYSICAL,XZ,y,-0.0625,x,0.3125,z,0.0625,0.1516585841340695,0.2558219002798847,0.10416331614581523,0.10000000600915501,0.9316945828513565
2001,1.0,20dB_nominal_difference,real,A23_compressed_feedback,REJECTED_PHYSICAL,XZ,y,-0.0625,x,0.4375,z,0.0625,0.13878437408976096,0.2140699967627019,0.07528562267294092,0.10000000600915501,0.9316945828513565
2001,1.0,20dB_nominal_difference,real,A23_compressed_feedback,REJECTED_PHYSICAL,XZ,y,-0.0625,x,0.5625,z,0.0625,0.12863419706309265,0.16746233943493083,0.03882814237183818,0.10000000600915501,0.9316945828513565
2001,1.0,20dB_nominal_difference,real,A23_compressed_feedback,REJECTED_PHYSICAL,XZ,y,-0.0625,x,0.6875,z,0.0625,0.11457009000250318,0.12407055423899446,0.009500464236491285,0.10000000600915501,0.9316945828513565
2001,1.0,20dB_nominal_difference,real,A23_compressed_feedback,REJECTED_PHYSICAL,XZ,y,-0.0625,x,-0.6875,z,0.1875,0.10218057355436877,0.10943826401138612,0.007257690457017352,0.10000000600915501,0.9316945828513565
2001,1.0,20dB_nominal_difference,real,A23_compressed_feedback,REJECTED_PHYSICAL,XZ,y,-0.0625,x,-0.5625,z,0.1875,0.11157248004682706,0.15595602605891284,0.04438354601208579,0.10000000600915501,0.9316945828513565
2001,1.0,20dB_nominal_difference,real,A23_compressed_feedback,REJECTED_PHYSICAL,XZ,y,-0.0625,x,-0.4375,z,0.1875,0.14045073780303613,0.19957505941272435,0.059124321609688224,0.10000000600915501,0.9316945828513565
2001,1.0,20dB_nominal_difference,real,A23_compressed_feedback,REJECTED_PHYSICAL,XZ,y,-0.0625,x,-0.3125,z,0.1875,0.19313313446591374,0.23632188245094812,0.04318874798503439,0.10000000600915501,0.9316945828513565
2001,1.0,20dB_nominal_difference,real,A23_compressed_feedback,REJECTED_PHYSICAL,XZ,y,-0.0625,x,-0.1875,z,0.1875,0.24133684521131243,0.26337746812026996,0.02204062290895753,0.10000000600915501,0.9316945828513565
2001,1.0,20dB_nominal_difference,real,A23_compressed_feedback,REJECTED_PHYSICAL,XZ,y,-0.0625,x,-0.0625,z,0.1875,0.24218420132429894,0.2787408901446629,0.036556688820363975,0.10000000600915501,0.9316945828513565
2001,1.0,20dB_nominal_difference,real,A23_compressed_feedback,REJECTED_PHYSICAL,XZ,y,-0.0625,x,0.0625,z,0.1875,0.19904397316173364,0.28129881788032407,0.08225484471859043,0.10000000600915501,0.9316945828513565
2001,1.0,20dB_nominal_difference,real,A23_compressed_feedback,REJECTED_PHYSICAL,XZ,y,-0.0625,x,0.1875,z,0.1875,0.16133083934880801,0.27093380896089625,0.10960296961208824,0.10000000600915501,0.9316945828513565
2001,1.0,20dB_nominal_difference,real,A23_compressed_feedback,REJECTED_PHYSICAL,XZ,y,-0.0625,x,0.3125,z,0.1875,0.15599501697094545,0.24861624365499183,0.09262122668404638,0.10000000600915501,0.9316945828513565
2001,1.0,20dB_nominal_difference,real,A23_compressed_feedback,REJECTED_PHYSICAL,XZ,y,-0.0625,x,0.4375,z,0.1875,0.16090289062399823,0.21639784259488656,0.05549495197088833,0.10000000600915501,0.9316945828513565
2001,1.0,20dB_nominal_difference,real,A23_compressed_feedback,REJECTED_PHYSICAL,XZ,y,-0.0625,x,0.5625,z,0.1875,0.14883420192243652,0.17724402179891768,0.028409819876481168,0.10000000600915501,0.9316945828513565
2001,1.0,20dB_nominal_difference,real,A23_compressed_feedback,REJECTED_PHYSICAL,XZ,y,-0.0625,x,0.6875,z,0.1875,0.12518164673651522,0.1382107357654465,0.013029089028931296,0.10000000600915501,0.9316945828513565
2001,1.0,20dB_nominal_difference,real,A23_compressed_feedback,REJECTED_PHYSICAL,XZ,y,-0.0625,x,-0.6875,z,0.3125,0.1007435731248137,0.09836201718252534,-0.002381555942288366,0.10000000600915501,0.9316945828513565
2001,1.0,20dB_nominal_difference,real,A23_compressed_feedback,REJECTED_PHYSICAL,XZ,y,-0.0625,x,-0.5625,z,0.3125,0.10394621150546675,0.13070723944165563,0.026761027936188883,0.10000000600915501,0.9316945828513565
2001,1.0,20dB_nominal_difference,real,A23_compressed_feedback,REJECTED_PHYSICAL,XZ,y,-0.0625,x,-0.4375,z,0.3125,0.11379399302796561,0.16323978637197828,0.04944579334401267,0.10000000600915501,0.9316945828513565
2001,1.0,20dB_nominal_difference,real,A23_compressed_feedback,REJECTED_PHYSICAL,XZ,y,-0.0625,x,-0.3125,z,0.3125,0.13176570126692927,0.19323417491199785,0.06146847364506858,0.10000000600915501,0.9316945828513565
2001,1.0,20dB_nominal_difference,real,A23_compressed_feedback,REJECTED_PHYSICAL,XZ,y,-0.0625,x,-0.1875,z,0.3125,0.1482969383158086,0.21832909422273628,0.07003215590692768,0.10000000600915501,0.9316945828513565
2001,1.0,20dB_nominal_difference,real,A23_compressed_feedback,REJECTED_PHYSICAL,XZ,y,-0.0625,x,-0.0625,z,0.3125,0.1493509123910043,0.23638751551662407,0.08703660312561978,0.10000000600915501,0.9316945828513565
2001,1.0,20dB_nominal_difference,real,A23_compressed_feedback,REJECTED_PHYSICAL,XZ,y,-0.0625,x,0.0625,z,0.3125,0.1384184813435622,0.24561028199209145,0.10719180064852926,0.10000000600915501,0.9316945828513565
2001,1.0,20dB_nominal_difference,real,A23_compressed_feedback,REJECTED_PHYSICAL,XZ,y,-0.0625,x,0.1875,z,0.3125,0.13651851186502503,0.24477323155877825,0.10825471969375322,0.10000000600915501,0.9316945828513565
2001,1.0,20dB_nominal_difference,real,A23_compressed_feedback,REJECTED_PHYSICAL,XZ,y,-0.0625,x,0.3125,z,0.3125,0.15194756578828378,0.2335059124634003,0.08155834667511652,0.10000000600915501,0.9316945828513565
2001,1.0,20dB_nominal_difference,real,A23_compressed_feedback,REJECTED_PHYSICAL,XZ,y,-0.0625,x,0.4375,z,0.3125,0.1641104250991271,0.21248102509859212,0.048370599999465025,0.10000000600915501,0.9316945828513565
2001,1.0,20dB_nominal_difference,real,A23_compressed_feedback,REJECTED_PHYSICAL,XZ,y,-0.0625,x,0.5625,z,0.3125,0.15248385036603143,0.18337259984374848,0.030888749477717053,0.10000000600915501,0.9316945828513565
2001,1.0,20dB_nominal_difference,real,A23_compressed_feedback,REJECTED_PHYSICAL,XZ,y,-0.0625,x,0.6875,z,0.3125,0.12714901436724077,0.15204457722476508,0.02489556285752431,0.10000000600915501,0.9316945828513565
2001,1.0,20dB_nominal_difference,real,A23_compressed_feedback,REJECTED_PHYSICAL,XZ,y,-0.0625,x,-0.6875,z,0.4375,0.10019577522434044,0.09074727253574852,-0.009448502688591917,0.10000000600915501,0.9316945828513565
2001,1.0,20dB_nominal_difference,real,A23_compressed_feedback,REJECTED_PHYSICAL,XZ,y,-0.0625,x,-0.5625,z,0.4375,0.10103900254906549,0.10719161886229796,0.006152616313232467,0.10000000600915501,0.9316945828513565
2001,1.0,20dB_nominal_difference,real,A23_compressed_feedback,REJECTED_PHYSICAL,XZ,y,-0.0625,x,-0.4375,z,0.4375,0.10363201899043296,0.1267168306513272,0.023084811660894225,0.10000000600915501,0.9316945828513565
2001,1.0,20dB_nominal_difference,real,A23_compressed_feedback,REJECTED_PHYSICAL,XZ,y,-0.0625,x,-0.3125,z,0.4375,0.10836800822145884,0.14785289356181341,0.039484885340354575,0.10000000600915501,0.9316945828513565
2001,1.0,20dB_nominal_difference,real,A23_compressed_feedback,REJECTED_PHYSICAL,XZ,y,-0.0625,x,-0.1875,z,0.4375,0.11277653713764532,0.16890134546056423,0.05612480832291891,0.10000000600915501,0.9316945828513565
2001,1.0,20dB_nominal_difference,real,A23_compressed_feedback,REJECTED_PHYSICAL,XZ,y,-0.0625,x,-0.0625,z,0.4375,0.11351082863467063,0.18779708852944416,0.07428625989477353,0.10000000600915501,0.9316945828513565
2001,1.0,20dB_nominal_difference,real,A23_compressed_feedback,REJECTED_PHYSICAL,XZ,y,-0.0625,x,0.0625,z,0.4375,0.1128884445114052,0.2022360829618926,0.0893476384504874,0.10000000600915501,0.9316945828513565
2001,1.0,20dB_nominal_difference,real,A23_compressed_feedback,REJECTED_PHYSICAL,XZ,y,-0.0625,x,0.1875,z,0.4375,0.1189324241042333,0.2100416039220977,0.0911091798178644,0.10000000600915501,0.9316945828513565
2001,1.0,20dB_nominal_difference,real,A23_compressed_feedback,REJECTED_PHYSICAL,XZ,y,-0.0625,x,0.3125,z,0.4375,0.13329370703991425,0.20964457158381683,0.07635086454390258,0.10000000600915501,0.9316945828513565
2001,1.0,20dB_nominal_difference,real,A23_compressed_feedback,REJECTED_PHYSICAL,XZ,y,-0.0625,x,0.4375,z,0.4375,0.1427591236510871,0.20052019666685372,0.057761073015766634,0.10000000600915501,0.9316945828513565
2001,1.0,20dB_nominal_difference,real,A23_compressed_feedback,REJECTED_PHYSICAL,XZ,y,-0.0625,x,0.5625,z,0.4375,0.13521311207798298,0.18334152623188016,0.04812841415389718,0.10000000600915501,0.9316945828513565
2001,1.0,20dB_nominal_difference,real,A23_compressed_feedback,REJECTED_PHYSICAL,XZ,y,-0.0625,x,0.6875,z,0.4375,0.11823133133149435,0.16299958682473276,0.0447682554932384,0.10000000600915501,0.9316945828513565
2001,1.0,20dB_nominal_difference,real,A23_compressed_feedback,REJECTED_PHYSICAL,XZ,y,-0.0625,x,-0.6875,z,0.5625,0.10003979906963714,0.08746891543730935,-0.012570883632327792,0.10000000600915501,0.9316945828513565
2001,1.0,20dB_nominal_difference,real,A23_compressed_feedback,REJECTED_PHYSICAL,XZ,y,-0.0625,x,-0.5625,z,0.5625,0.10021122029394101,0.08693623541693608,-0.01327498487700493,0.10000000600915501,0.9316945828513565
2001,1.0,20dB_nominal_difference,real,A23_compressed_feedback,REJECTED_PHYSICAL,XZ,y,-0.0625,x,-0.4375,z,0.5625,0.1007384228546481,0.09182926192849565,-0.008909160926152446,0.10000000600915501,0.9316945828513565
2001,1.0,20dB_nominal_difference,real,A23_compressed_feedback,REJECTED_PHYSICAL,XZ,y,-0.0625,x,-0.3125,z,0.5625,0.1017026922759844,0.10206698136159092,0.0003642890856065256,0.10000000600915501,0.9316945828513565
2001,1.0,20dB_nominal_difference,real,A23_compressed_feedback,REJECTED_PHYSICAL,XZ,y,-0.0625,x,-0.1875,z,0.5625,0.10261869982254043,0.1169185224957579,0.014299822673217472,0.10000000600915501,0.9316945828513565
2001,1.0,20dB_nominal_difference,real,A23_compressed_feedback,REJECTED_PHYSICAL,XZ,y,-0.0625,x,-0.0625,z,0.5625,0.10292941156573532,0.13457700823593272,0.0316475966701974,0.10000000600915501,0.9316945828513565
2001,1.0,20dB_nominal_difference,real,A23_compressed_feedback,REJECTED_PHYSICAL,XZ,y,-0.0625,x,0.0625,z,0.5625,0.10360020211361072,0.15237447653788055,0.048774274424269834,0.10000000600915501,0.9316945828513565
2001,1.0,20dB_nominal_difference,real,A23_compressed_feedback,REJECTED_PHYSICAL,XZ,y,-0.0625,x,0.1875,z,0.5625,0.10714172335868354,0.1672926200755364,0.06015089671685288,0.10000000600915501,0.9316945828513565
2001,1.0,20dB_nominal_difference,real,A23_compressed_feedback,REJECTED_PHYSICAL,XZ,y,-0.0625,x,0.3125,z,0.5625,0.11370105986400392,0.17664017705992485,0.06293911719592094,0.10000000600915501,0.9316945828513565
2001,1.0,20dB_nominal_difference,real,A23_compressed_feedback,REJECTED_PHYSICAL,XZ,y,-0.0625,x,0.4375,z,0.5625,0.11783875597094998,0.1788048293316812,0.06096607336073123,0.10000000600915501,0.9316945828513565
2001,1.0,20dB_nominal_difference,real,A23_compressed_feedback,REJECTED_PHYSICAL,XZ,y,-0.0625,x,0.5625,z,0.5625,0.11471970445327126,0.17400955194129547,0.05928984748802421,0.10000000600915501,0.9316945828513565
2001,1.0,20dB_nominal_difference,real,A23_compressed_feedback,REJECTED_PHYSICAL,XZ,y,-0.0625,x,0.6875,z,0.5625,0.1076232633353142,0.16799316716729548,0.06036990383198128,0.10000000600915501,0.9316945828513565
2001,1.0,20dB_nominal_difference,real,A23_compressed_feedback,REJECTED_PHYSICAL,XZ,y,-0.0625,x,-0.6875,z,0.6875,0.1000062469667634,0.087098658136428,-0.012907588830335395,0.10000000600915501,0.9316945828513565
2001,1.0,20dB_nominal_difference,real,A23_compressed_feedback,REJECTED_PHYSICAL,XZ,y,-0.0625,x,-0.5625,z,0.6875,0.10003315406925006,0.07029343230349899,-0.02973972176575107,0.10000000600915501,0.9316945828513565
2001,1.0,20dB_nominal_difference,real,A23_compressed_feedback,REJECTED_PHYSICAL,XZ,y,-0.0625,x,-0.4375,z,0.6875,0.10011591910464171,0.058915614809794764,-0.041200304294846946,0.10000000600915501,0.9316945828513565
2001,1.0,20dB_nominal_difference,real,A23_compressed_feedback,REJECTED_PHYSICAL,XZ,y,-0.0625,x,-0.3125,z,0.6875,0.10026757356203281,0.05624117793406761,-0.0440263956279652,0.10000000600915501,0.9316945828513565
2001,1.0,20dB_nominal_difference,real,A23_compressed_feedback,REJECTED_PHYSICAL,XZ,y,-0.0625,x,-0.1875,z,0.6875,0.1004153361485698,0.06275659006237863,-0.03765874608619117,0.10000000600915501,0.9316945828513565
2001,1.0,20dB_nominal_difference,real,A23_compressed_feedback,REJECTED_PHYSICAL,XZ,y,-0.0625,x,-0.0625,z,0.6875,0.10049658750101519,0.07698252397836332,-0.023514063522651868,0.10000000600915501,0.9316945828513565
2001,1.0,20dB_nominal_difference,real,A23_compressed_feedback,REJECTED_PHYSICAL,XZ,y,-0.0625,x,0.0625,z,0.6875,0.10076229584922132,0.0959832182463643,-0.004779077602857021,0.10000000600915501,0.9316945828513565
2001,1.0,20dB_nominal_difference,real,A23_compressed_feedback,REJECTED_PHYSICAL,XZ,y,-0.0625,x,0.1875,z,0.6875,0.10178352509207676,0.11598442338104374,0.014200898288966979,0.10000000600915501,0.9316945828513565
2001,1.0,20dB_nominal_difference,real,A23_compressed_feedback,REJECTED_PHYSICAL,XZ,y,-0.0625,x,0.3125,z,0.6875,0.1035454290085949,0.13315258372320415,0.029607154714609257,0.10000000600915501,0.9316945828513565
2001,1.0,20dB_nominal_difference,real,A23_compressed_feedback,REJECTED_PHYSICAL,XZ,y,-0.0625,x,0.4375,z,0.6875,0.10464024269122302,0.14449535170213654,0.03985510901091352,0.10000000600915501,0.9316945828513565
2001,1.0,20dB_nominal_difference,real,A23_compressed_feedback,REJECTED_PHYSICAL,XZ,y,-0.0625,x,0.5625,z,0.6875,0.10383176183806127,0.14917239207094116,0.04534063023287989,0.10000000600915501,0.9316945828513565
2001,1.0,20dB_nominal_difference,real,A23_compressed_feedback,REJECTED_PHYSICAL,XZ,y,-0.0625,x,0.6875,z,0.6875,0.1019846703829208,0.15734171211928993,0.05535704173636913,0.10000000600915501,0.9316945828513565
2001,1.0,20dB_nominal_difference,real,A23_compressed_feedback,REJECTED_PHYSICAL,YZ,x,-0.0625,y,-0.6875,z,-0.6875,0.1025812914718184,0.090192251880472,-0.012389039591346393,0.10000000600915501,0.9316945828513565
2001,1.0,20dB_nominal_difference,real,A23_compressed_feedback,REJECTED_PHYSICAL,YZ,x,-0.0625,y,-0.5625,z,-0.6875,0.11038274032687102,0.14289446965584793,0.032511729328976904,0.10000000600915501,0.9316945828513565
2001,1.0,20dB_nominal_difference,real,A23_compressed_feedback,REJECTED_PHYSICAL,YZ,x,-0.0625,y,-0.4375,z,-0.6875,0.13197941306849825,0.199984243130033,0.06800483006153474,0.10000000600915501,0.9316945828513565
2001,1.0,20dB_nominal_difference,real,A23_compressed_feedback,REJECTED_PHYSICAL,YZ,x,-0.0625,y,-0.3125,z,-0.6875,0.17542451660236377,0.25441261062985054,0.07898809402748677,0.10000000600915501,0.9316945828513565
2001,1.0,20dB_nominal_difference,real,A23_compressed_feedback,REJECTED_PHYSICAL,YZ,x,-0.0625,y,-0.1875,z,-0.6875,0.23621913964066735,0.29826182787424493,0.062042688233577586,0.10000000600915501,0.9316945828513565
2001,1.0,20dB_nominal_difference,real,A23_compressed_feedback,REJECTED_PHYSICAL,YZ,x,-0.0625,y,-0.0625,z,-0.6875,0.2883854178941376,0.3248787527825777,0.03649333488844014,0.10000000600915501,0.9316945828513565
2001,1.0,20dB_nominal_difference,real,A23_compressed_feedback,REJECTED_PHYSICAL,YZ,x,-0.0625,y,0.0625,z,-0.6875,0.2994986646854076,0.3300793168410643,0.030580652155656696,0.10000000600915501,0.9316945828513565
2001,1.0,20dB_nominal_difference,real,A23_compressed_feedback,REJECTED_PHYSICAL,YZ,x,-0.0625,y,0.1875,z,-0.6875,0.26177681887447823,0.31302363940552647,0.05124682053104823,0.10000000600915501,0.9316945828513565
2001,1.0,20dB_nominal_difference,real,A23_compressed_feedback,REJECTED_PHYSICAL,YZ,x,-0.0625,y,0.3125,z,-0.6875,0.20045608460078157,0.2765386783829834,0.07608259378220183,0.10000000600915501,0.9316945828513565
2001,1.0,20dB_nominal_difference,real,A23_compressed_feedback,REJECTED_PHYSICAL,YZ,x,-0.0625,y,0.4375,z,-0.6875,0.14776612110937076,0.22677868347804928,0.07901256236867851,0.10000000600915501,0.9316945828513565
2001,1.0,20dB_nominal_difference,real,A23_compressed_feedback,REJECTED_PHYSICAL,YZ,x,-0.0625,y,0.5625,z,-0.6875,0.11739192145340481,0.17234502165519777,0.05495310020179296,0.10000000600915501,0.9316945828513565
2001,1.0,20dB_nominal_difference,real,A23_compressed_feedback,REJECTED_PHYSICAL,YZ,x,-0.0625,y,0.6875,z,-0.6875,0.10484907524445315,0.12791444825425943,0.02306537300980628,0.10000000600915501,0.9316945828513565
2001,1.0,20dB_nominal_difference,real,A23_compressed_feedback,REJECTED_PHYSICAL,YZ,x,-0.0625,y,-0.6875,z,-0.5625,0.10538050560233012,0.10463668061536602,-0.0007438249869640978,0.10000000600915501,0.9316945828513565
2001,1.0,20dB_nominal_difference,real,A23_compressed_feedback,REJECTED_PHYSICAL,YZ,x,-0.0625,y,-0.5625,z,-0.5625,0.12164203194667005,0.16150157242313082,0.03985954047646077,0.10000000600915501,0.9316945828513565
2001,1.0,20dB_nominal_difference,real,A23_compressed_feedback,REJECTED_PHYSICAL,YZ,x,-0.0625,y,-0.4375,z,-0.5625,0.16665865249040665,0.21955286512174815,0.0528942126313415,0.10000000600915501,0.9316945828513565
2001,1.0,20dB_nominal_difference,real,A23_compressed_feedback,REJECTED_PHYSICAL,YZ,x,-0.0625,y,-0.3125,z,-0.5625,0.2572166642687925,0.27393283059073725,0.016716166321944725,0.10000000600915501,0.9316945828513565
2001,1.0,20dB_nominal_difference,real,A23_compressed_feedback,REJECTED_PHYSICAL,YZ,x,-0.0625,y,-0.1875,z,-0.5625,0.3839384319653877,0.31747340168591087,-0.06646503027947681,0.10000000600915501,0.9316945828513565
2001,1.0,20dB_nominal_difference,real,A23_compressed_feedback,REJECTED_PHYSICAL,YZ,x,-0.0625,y,-0.0625,z,-0.5625,0.4926750979995492,0.3438156980873988,-0.14885939991215041,0.10000000600915501,0.9316945828513565
2001,1.0,20dB_nominal_difference,real,A23_compressed_feedback,REJECTED_PHYSICAL,YZ,x,-0.0625,y,0.0625,z,-0.5625,0.515839972613295,0.3488631488082109,-0.16697682380508405,0.10000000600915501,0.9316945828513565
2001,1.0,20dB_nominal_difference,real,A23_compressed_feedback,REJECTED_PHYSICAL,YZ,x,-0.0625,y,0.1875,z,-0.5625,0.4372121327440376,0.33175463104492064,-0.10545750169911694,0.10000000600915501,0.9316945828513565
2001,1.0,20dB_nominal_difference,real,A23_compressed_feedback,REJECTED_PHYSICAL,YZ,x,-0.0625,y,0.3125,z,-0.5625,0.30939447971655887,0.2953000646370564,-0.014094415079502487,0.10000000600915501,0.9316945828513565
2001,1.0,20dB_nominal_difference,real,A23_compressed_feedback,REJECTED_PHYSICAL,YZ,x,-0.0625,y,0.4375,z,-0.5625,0.19956667132929443,0.24588703737258474,0.04632036604329032,0.10000000600915501,0.9316945828513565
2001,1.0,20dB_nominal_difference,real,A23_compressed_feedback,REJECTED_PHYSICAL,YZ,x,-0.0625,y,0.5625,z,-0.5625,0.13625356649781037,0.19319767096148976,0.056944104463679396,0.10000000600915501,0.9316945828513565
2001,1.0,20dB_nominal_difference,real,A23_compressed_feedback,REJECTED_PHYSICAL,YZ,x,-0.0625,y,0.6875,z,-0.5625,0.11010820732763518,0.15261329175592006,0.04250508442828488,0.10000000600915501,0.9316945828513565
2001,1.0,20dB_nominal_difference,real,A23_compressed_feedback,REJECTED_PHYSICAL,YZ,x,-0.0625,y,-0.6875,z,-0.4375,0.10865944584711634,0.11692566965276402,0.008266223805647677,0.10000000600915501,0.9316945828513565
2001,1.0,20dB_nominal_difference,real,A23_compressed_feedback,REJECTED_PHYSICAL,YZ,x,-0.0625,y,-0.5625,z,-0.4375,0.13483092808252928,0.17357300295949374,0.03874207487696446,0.10000000600915501,0.9316945828513565
2001,1.0,20dB_nominal_difference,real,A23_compressed_feedback,REJECTED_PHYSICAL,YZ,x,-0.0625,y,-0.4375,z,-0.4375,0.20728118042856825,0.23121741991852388,0.02393623948995563,0.10000000600915501,0.9316945828513565
2001,1.0,20dB_nominal_difference,real,A23_compressed_feedback,REJECTED_PHYSICAL,YZ,x,-0.0625,y,-0.3125,z,-0.4375,0.35302626050981933,0.28504800658861196,-0.06797825392120738,0.10000000600915501,0.9316945828513565
2001,1.0,20dB_nominal_difference,real,A23_compressed_feedback,REJECTED_PHYSICAL,YZ,x,-0.0625,y,-0.1875,z,-0.4375,0.5569737488199646,0.3283020233267674,-0.22867172549319725,0.10000000600915501,0.9316945828513565
2001,1.0,20dB_nominal_difference,real,A23_compressed_feedback,REJECTED_PHYSICAL,YZ,x,-0.0625,y,-0.0625,z,-0.4375,0.7319762919832448,0.3549176437739915,-0.3770586482092533,0.10000000600915501,0.9316945828513565
2001,1.0,20dB_nominal_difference,real,A23_compressed_feedback,REJECTED_PHYSICAL,YZ,x,-0.0625,y,0.0625,z,-0.4375,0.7692609651479717,0.360878393623541,-0.4083825715244307,0.10000000600915501,0.9316945828513565
2001,1.0,20dB_nominal_difference,real,A23_compressed_feedback,REJECTED_PHYSICAL,YZ,x,-0.0625,y,0.1875,z,-0.4375,0.6427251081600341,0.3452032998065837,-0.29752180835345043,0.10000000600915501,0.9316945828513565
2001,1.0,20dB_nominal_difference,real,A23_compressed_feedback,REJECTED_PHYSICAL,YZ,x,-0.0625,y,0.3125,z,-0.4375,0.43702759277864167,0.3104386952159609,-0.12658889756268077,0.10000000600915501,0.9316945828513565
2001,1.0,20dB_nominal_difference,real,A23_compressed_feedback,REJECTED_PHYSICAL,YZ,x,-0.0625,y,0.4375,z,-0.4375,0.26027694866188095,0.26261167388402895,0.002334725222148004,0.10000000600915501,0.9316945828513565
2001,1.0,20dB_nominal_difference,real,A23_compressed_feedback,REJECTED_PHYSICAL,YZ,x,-0.0625,y,0.5625,z,-0.4375,0.1583729007198992,0.21068921961221457,0.05231631889231536,0.10000000600915501,0.9316945828513565
2001,1.0,20dB_nominal_difference,real,A23_compressed_feedback,REJECTED_PHYSICAL,YZ,x,-0.0625,y,0.6875,z,-0.4375,0.11628061118783177,0.16719813818238047,0.0509175269945487,0.10000000600915501,0.9316945828513565
2001,1.0,20dB_nominal_difference,real,A23_compressed_feedback,REJECTED_PHYSICAL,YZ,x,-0.0625,y,-0.6875,z,-0.3125,0.11076063956728796,0.12587206470192386,0.015111425134635897,0.10000000600915501,0.9316945828513565
2001,1.0,20dB_nominal_difference,real,A23_compressed_feedback,REJECTED_PHYSICAL,YZ,x,-0.0625,y,-0.5625,z,-0.3125,0.14328256909803702,0.1804119630563107,0.037129393958273665,0.10000000600915501,0.9316945828513565
2001,1.0,20dB_nominal_difference,real,A23_compressed_feedback,REJECTED_PHYSICAL,YZ,x,-0.0625,y,-0.4375,z,-0.3125,0.2333127027438409,0.2363958590278487,0.003083156284007821,0.10000000600915501,0.9316945828513565
2001,1.0,20dB_nominal_difference,real,A23_compressed_feedback,REJECTED_PHYSICAL,YZ,x,-0.0625,y,-0.3125,z,-0.3125,0.4144225198898245,0.28906216714096994,-0.12536035274885454,0.10000000600915501,0.9316945828513565
2001,1.0,20dB_nominal_difference,real,A23_compressed_feedback,REJECTED_PHYSICAL,YZ,x,-0.0625,y,-0.1875,z,-0.3125,0.667858042827263,0.33187333900264004,-0.335984703824623,0.10000000600915501,0.9316945828513565
2001,1.0,20dB_nominal_difference,real,A23_compressed_feedback,REJECTED_PHYSICAL,YZ,x,-0.0625,y,-0.0625,z,-0.3125,0.8853305904537354,0.3589896178224069,-0.5263409726313285,0.10000000600915501,0.9316945828513565
2001,1.0,20dB_nominal_difference,real,A23_compressed_feedback,REJECTED_PHYSICAL,YZ,x,-0.0625,y,0.0625,z,-0.3125,0.9316945828513565,0.36644090058770595,-0.5652536822636506,0.10000000600915501,0.9316945828513565
2001,1.0,20dB_nominal_difference,real,A23_compressed_feedback,REJECTED_PHYSICAL,YZ,x,-0.0625,y,0.1875,z,-0.3125,0.7745527641059846,0.35305186162874347,-0.42150090247724115,0.10000000600915501,0.9316945828513565
2001,1.0,20dB_nominal_difference,real,A23_compressed_feedback,REJECTED_PHYSICAL,YZ,x,-0.0625,y,0.3125,z,-0.3125,0.5190969761507854,0.32091863194213016,-0.19817834420865527,0.10000000600915501,0.9316945828513565
2001,1.0,20dB_nominal_difference,real,A23_compressed_feedback,REJECTED_PHYSICAL,YZ,x,-0.0625,y,0.4375,z,-0.3125,0.29954224890166353,0.27533277885410434,-0.02420947004755919,0.10000000600915501,0.9316945828513565
2001,1.0,20dB_nominal_difference,real,A23_compressed_feedback,REJECTED_PHYSICAL,YZ,x,-0.0625,y,0.5625,z,-0.3125,0.17282996911919932,0.22410685189616192,0.0512768827769626,0.10000000600915501,0.9316945828513565
2001,1.0,20dB_nominal_difference,real,A23_compressed_feedback,REJECTED_PHYSICAL,YZ,x,-0.0625,y,0.6875,z,-0.3125,0.12037021139817236,0.1778547986736621,0.057484587275489746,0.10000000600915501,0.9316945828513565
2001,1.0,20dB_nominal_difference,real,A23_compressed_feedback,REJECTED_PHYSICAL,YZ,x,-0.0625,y,-0.6875,z,-0.1875,0.1103244527326528,0.1298518911160934,0.019527438383440607,0.10000000600915501,0.9316945828513565
2001,1.0,20dB_nominal_difference,real,A23_compressed_feedback,REJECTED_PHYSICAL,YZ,x,-0.0625,y,-0.5625,z,-0.1875,0.14152809309676004,0.18102418811790083,0.03949609502114079,0.10000000600915501,0.9316945828513565
2001,1.0,20dB_nominal_difference,real,A23_compressed_feedback,REJECTED_PHYSICAL,YZ,x,-0.0625,y,-0.4375,z,-0.1875,0.2279088311795499,0.23416651426738777,0.006257683087837862,0.10000000600915501,0.9316945828513565
2001,1.0,20dB_nominal_difference,real,A23_compressed_feedback,REJECTED_PHYSICAL,YZ,x,-0.0625,y,-0.3125,z,-0.1875,0.40167759405322156,0.2847315090959386,-0.11694608495728298,0.10000000600915501,0.9316945828513565
2001,1.0,20dB_nominal_difference,real,A23_compressed_feedback,REJECTED_PHYSICAL,YZ,x,-0.0625,y,-0.1875,z,-0.1875,0.6448446550286767,0.3265046989567256,-0.3183399560719511,0.10000000600915501,0.9316945828513565
2001,1.0,20dB_nominal_difference,real,A23_compressed_feedback,REJECTED_PHYSICAL,YZ,x,-0.0625,y,-0.0625,z,-0.1875,0.8535440971175853,0.3538927609881992,-0.49965133612938606,0.10000000600915501,0.9316945828513565
2001,1.0,20dB_nominal_difference,real,A23_compressed_feedback,REJECTED_PHYSICAL,YZ,x,-0.0625,y,0.0625,z,-0.1875,0.8982537551954825,0.3629753775730302,-0.5352783776224522,0.10000000600915501,0.9316945828513565
2001,1.0,20dB_nominal_difference,real,A23_compressed_feedback,REJECTED_PHYSICAL,YZ,x,-0.0625,y,0.1875,z,-0.1875,0.7481625430443589,0.35234736204109596,-0.39581518100326296,0.10000000600915501,0.9316945828513565
2001,1.0,20dB_nominal_difference,real,A23_compressed_feedback,REJECTED_PHYSICAL,YZ,x,-0.0625,y,0.3125,z,-0.1875,0.5041334666461728,0.323557374971529,-0.18057609167464378,0.10000000600915501,0.9316945828513565
2001,1.0,20dB_nominal_difference,real,A23_compressed_feedback,REJECTED_PHYSICAL,YZ,x,-0.0625,y,0.4375,z,-0.1875,0.2940643035725588,0.2810260492972948,-0.013038254275264005,0.10000000600915501,0.9316945828513565
2001,1.0,20dB_nominal_difference,real,A23_compressed_feedback,REJECTED_PHYSICAL,YZ,x,-0.0625,y,0.5625,z,-0.1875,0.17192049086606648,0.23141331486019784,0.05949282399413136,0.10000000600915501,0.9316945828513565
2001,1.0,20dB_nominal_difference,real,A23_compressed_feedback,REJECTED_PHYSICAL,YZ,x,-0.0625,y,0.6875,z,-0.1875,0.12051452412837248,0.1838247940848696,0.06331026995649712,0.10000000600915501,0.9316945828513565
2001,1.0,20dB_nominal_difference,real,A23_compressed_feedback,REJECTED_PHYSICAL,YZ,x,-0.0625,y,-0.6875,z,-0.0625,0.10764851227651129,0.12837260207269763,0.02072408979618634,0.10000000600915501,0.9316945828513565
2001,1.0,20dB_nominal_difference,real,A23_compressed_feedback,REJECTED_PHYSICAL,YZ,x,-0.0625,y,-0.5625,z,-0.0625,0.13076464682421354,0.17515968062841938,0.04439503380420584,0.10000000600915501,0.9316945828513565
2001,1.0,20dB_nominal_difference,real,A23_compressed_feedback,REJECTED_PHYSICAL,YZ,x,-0.0625,y,-0.4375,z,-0.0625,0.19475686843627962,0.2243642984441075,0.029607430007827867,0.10000000600915501,0.9316945828513565
2001,1.0,20dB_nominal_difference,real,A23_compressed_feedback,REJECTED_PHYSICAL,YZ,x,-0.0625,y,-0.3125,z,-0.0625,0.3234887335904522,0.2717427151844418,-0.0517460184060104,0.10000000600915501,0.9316945828513565
2001,1.0,20dB_nominal_difference,real,A23_compressed_feedback,REJECTED_PHYSICAL,YZ,x,-0.0625,y,-0.1875,z,-0.0625,0.5036506148217931,0.3115770360284134,-0.19207357879337966,0.10000000600915501,0.9316945828513565
2001,1.0,20dB_nominal_difference,real,A23_compressed_feedback,REJECTED_PHYSICAL,YZ,x,-0.0625,y,-0.0625,z,-0.0625,0.6584401254504064,0.3386310997115428,-0.3198090257388636,0.10000000600915501,0.9316945828513565
2001,1.0,20dB_nominal_difference,real,A23_compressed_feedback,REJECTED_PHYSICAL,YZ,x,-0.0625,y,0.0625,z,-0.0625,0.6925304012585348,0.3491046688726219,-0.3434257323859129,0.10000000600915501,0.9316945828513565
2001,1.0,20dB_nominal_difference,real,A23_compressed_feedback,REJECTED_PHYSICAL,YZ,x,-0.0625,y,0.1875,z,-0.0625,0.5842709100242653,0.34139643846864165,-0.2428744715556237,0.10000000600915501,0.9316945828513565
2001,1.0,20dB_nominal_difference,real,A23_compressed_feedback,REJECTED_PHYSICAL,YZ,x,-0.0625,y,0.3125,z,-0.0625,0.4081034051787672,0.3165069685274212,-0.09159643665134598,0.10000000600915501,0.9316945828513565
2001,1.0,20dB_nominal_difference,real,A23_compressed_feedback,REJECTED_PHYSICAL,YZ,x,-0.0625,y,0.4375,z,-0.0625,0.255002531880477,0.2779768805158752,0.022974348635398212,0.10000000600915501,0.9316945828513565
2001,1.0,20dB_nominal_difference,real,A23_compressed_feedback,REJECTED_PHYSICAL,YZ,x,-0.0625,y,0.5625,z,-0.0625,0.16207226151280418,0.23135238949354173,0.06928012798073754,0.10000000600915501,0.9316945828513565
2001,1.0,20dB_nominal_difference,real,A23_compressed_feedback,REJECTED_PHYSICAL,YZ,x,-0.0625,y,0.6875,z,-0.0625,0.11937276688178071,0.18432948882968053,0.06495672194789982,0.10000000600915501,0.9316945828513565
2001,1.0,20dB_nominal_difference,real,A23_compressed_feedback,REJECTED_PHYSICAL,YZ,x,-0.0625,y,-0.6875,z,0.0625,0.1043748973846422,0.12179732291054397,0.017422425525901772,0.10000000600915501,0.9316945828513565
2001,1.0,20dB_nominal_difference,real,A23_compressed_feedback,REJECTED_PHYSICAL,YZ,x,-0.0625,y,-0.5625,z,0.0625,0.11759717338824754,0.16336922352550187,0.04577205013725433,0.10000000600915501,0.9316945828513565
2001,1.0,20dB_nominal_difference,real,A23_compressed_feedback,REJECTED_PHYSICAL,YZ,x,-0.0625,y,-0.4375,z,0.0625,0.15420042857826258,0.20759975343089,0.05339932485262741,0.10000000600915501,0.9316945828513565
2001,1.0,20dB_nominal_difference,real,A23_compressed_feedback,REJECTED_PHYSICAL,YZ,x,-0.0625,y,-0.3125,z,0.0625,0.22783766215009213,0.25063587958939787,0.02279821743930574,0.10000000600915501,0.9316945828513565
2001,1.0,20dB_nominal_difference,real,A23_compressed_feedback,REJECTED_PHYSICAL,YZ,x,-0.0625,y,-0.1875,z,0.0625,0.33094206800924714,0.2874375172842018,-0.04350455072504533,0.10000000600915501,0.9316945828513565
2001,1.0,20dB_nominal_difference,real,A23_compressed_feedback,REJECTED_PHYSICAL,YZ,x,-0.0625,y,-0.0625,z,0.0625,0.41996236518319985,0.31328224670484295,-0.1066801184783569,0.10000000600915501,0.9316945828513565
2001,1.0,20dB_nominal_difference,real,A23_compressed_feedback,REJECTED_PHYSICAL,YZ,x,-0.0625,y,0.0625,z,0.0625,0.44202895588137925,0.32461560061990974,-0.11741335526146951,0.10000000600915501,0.9316945828513565
2001,1.0,20dB_nominal_difference,real,A23_compressed_feedback,REJECTED_PHYSICAL,YZ,x,-0.0625,y,0.1875,z,0.0625,0.3878713034452588,0.3197367717378999,-0.06813453170735889,0.10000000600915501,0.9316945828513565
2001,1.0,20dB_nominal_difference,real,A23_compressed_feedback,REJECTED_PHYSICAL,YZ,x,-0.0625,y,0.3125,z,0.0625,0.2993299145642815,0.2991699081677166,-0.00016000639656488236,0.10000000600915501,0.9316945828513565
2001,1.0,20dB_nominal_difference,real,A23_compressed_feedback,REJECTED_PHYSICAL,YZ,x,-0.0625,y,0.4375,z,0.0625,0.2184398960808328,0.26562899184602545,0.047189095765192646,0.10000000600915501,0.9316945828513565
2001,1.0,20dB_nominal_difference,real,A23_compressed_feedback,REJECTED_PHYSICAL,YZ,x,-0.0625,y,0.5625,z,0.0625,0.15880662893169398,0.2235791702650163,0.06477254133332233,0.10000000600915501,0.9316945828513565
2001,1.0,20dB_nominal_difference,real,A23_compressed_feedback,REJECTED_PHYSICAL,YZ,x,-0.0625,y,0.6875,z,0.0625,0.12214642200427465,0.17932270485482804,0.05717628285055339,0.10000000600915501,0.9316945828513565
2001,1.0,20dB_nominal_difference,real,A23_compressed_feedback,REJECTED_PHYSICAL,YZ,x,-0.0625,y,-0.6875,z,0.1875,0.1019321451873601,0.11097221825871625,0.009040073071356153,0.10000000600915501,0.9316945828513565
2001,1.0,20dB_nominal_difference,real,A23_compressed_feedback,REJECTED_PHYSICAL,YZ,x,-0.0625,y,-0.5625,z,0.1875,0.10777168307507409,0.14670925728549902,0.03893757421042493,0.10000000600915501,0.9316945828513565
2001,1.0,20dB_nominal_difference,real,A23_compressed_feedback,REJECTED_PHYSICAL,YZ,x,-0.0625,y,-0.4375,z,0.1875,0.12393749618458742,0.18500476603627727,0.06106726985168985,0.10000000600915501,0.9316945828513565
2001,1.0,20dB_nominal_difference,real,A23_compressed_feedback,REJECTED_PHYSICAL,YZ,x,-0.0625,y,-0.3125,z,0.1875,0.15646455331185138,0.22253973324007623,0.06607517992822484,0.10000000600915501,0.9316945828513565
2001,1.0,20dB_nominal_difference,real,A23_compressed_feedback,REJECTED_PHYSICAL,YZ,x,-0.0625,y,-0.1875,z,0.1875,0.20208611747802344,0.25512986900501033,0.0530437515269869,0.10000000600915501,0.9316945828513565
2001,1.0,20dB_nominal_difference,real,A23_compressed_feedback,REJECTED_PHYSICAL,YZ,x,-0.0625,y,-0.0625,z,0.1875,0.24218420132429894,0.2787408901446629,0.036556688820363975,0.10000000600915501,0.9316945828513565
2001,1.0,20dB_nominal_difference,real,A23_compressed_feedback,REJECTED_PHYSICAL,YZ,x,-0.0625,y,0.0625,z,0.1875,0.2561015121649454,0.29021990269979836,0.03411839053485294,0.10000000600915501,0.9316945828513565
2001,1.0,20dB_nominal_difference,real,A23_compressed_feedback,REJECTED_PHYSICAL,YZ,x,-0.0625,y,0.1875,z,0.1875,0.2448031735315593,0.2879032462922211,0.04310007276066177,0.10000000600915501,0.9316945828513565
2001,1.0,20dB_nominal_difference,real,A23_compressed_feedback,REJECTED_PHYSICAL,YZ,x,-0.0625,y,0.3125,z,0.1875,0.22556578489219886,0.27195855470147356,0.0463927698092747,0.10000000600915501,0.9316945828513565
2001,1.0,20dB_nominal_difference,real,A23_compressed_feedback,REJECTED_PHYSICAL,YZ,x,-0.0625,y,0.4375,z,0.1875,0.20070071725995564,0.2443711861804035,0.04367046892044785,0.10000000600915501,0.9316945828513565
2001,1.0,20dB_nominal_difference,real,A23_compressed_feedback,REJECTED_PHYSICAL,YZ,x,-0.0625,y,0.5625,z,0.1875,0.16383749832359978,0.20857388536056845,0.04473638703696867,0.10000000600915501,0.9316945828513565
2001,1.0,20dB_nominal_difference,real,A23_compressed_feedback,REJECTED_PHYSICAL,YZ,x,-0.0625,y,0.6875,z,0.1875,0.12776229177607834,0.16947504696687923,0.04171275519080089,0.10000000600915501,0.9316945828513565
2001,1.0,20dB_nominal_difference,real,A23_compressed_feedback,REJECTED_PHYSICAL,YZ,x,-0.0625,y,-0.6875,z,0.3125,0.10065885925103382,0.09684572530521535,-0.0038131339458184754,0.10000000600915501,0.9316945828513565
2001,1.0,20dB_nominal_difference,real,A23_compressed_feedback,REJECTED_PHYSICAL,YZ,x,-0.0625,y,-0.5625,z,0.3125,0.10265013984543907,0.1263698902402148,0.023719750394775738,0.10000000600915501,0.9316945828513565
2001,1.0,20dB_nominal_difference,real,A23_compressed_feedback,REJECTED_PHYSICAL,YZ,x,-0.0625,y,-0.4375,z,0.3125,0.10816288279002252,0.15788349500303372,0.0497206122130112,0.10000000600915501,0.9316945828513565
2001,1.0,20dB_nominal_difference,real,A23_compressed_feedback,REJECTED_PHYSICAL,YZ,x,-0.0625,y,-0.3125,z,0.3125,0.11926016388624464,0.1888295402121296,0.06956937632588497,0.10000000600915501,0.9316945828513565
2001,1.0,20dB_nominal_difference,real,A23_compressed_feedback,REJECTED_PHYSICAL,YZ,x,-0.0625,y,-0.1875,z,0.3125,0.1349023836421356,0.21605604113815446,0.08115365749601886,0.10000000600915501,0.9316945828513565
2001,1.0,20dB_nominal_difference,real,A23_compressed_feedback,REJECTED_PHYSICAL,YZ,x,-0.0625,y,-0.0625,z,0.3125,0.1493509123910043,0.23638751551662407,0.08703660312561978,0.10000000600915501,0.9316945828513565
2001,1.0,20dB_nominal_difference,real,A23_compressed_feedback,REJECTED_PHYSICAL,YZ,x,-0.0625,y,0.0625,z,0.3125,0.15822732832834258,0.24722986233564495,0.08900253400730238,0.10000000600915501,0.9316945828513565
2001,1.0,20dB_nominal_difference,real,A23_compressed_feedback,REJECTED_PHYSICAL,YZ,x,-0.0625,y,0.1875,z,0.3125,0.16687027114792571,0.24710483559781588,0.08023456444989016,0.10000000600915501,0.9316945828513565
2001,1.0,20dB_nominal_difference,real,A23_compressed_feedback,REJECTED_PHYSICAL,YZ,x,-0.0625,y,0.3125,z,0.3125,0.17998089699842146,0.23596999734067678,0.05598910034225532,0.10000000600915501,0.9316945828513565
2001,1.0,20dB_nominal_difference,real,A23_compressed_feedback,REJECTED_PHYSICAL,YZ,x,-0.0625,y,0.4375,z,0.3125,0.18225439996599618,0.21522546134749232,0.032971061381496136,0.10000000600915501,0.9316945828513565
2001,1.0,20dB_nominal_difference,real,A23_compressed_feedback,REJECTED_PHYSICAL,YZ,x,-0.0625,y,0.5625,z,0.3125,0.15926125775956312,0.1873716791284156,0.028110421368852473,0.10000000600915501,0.9316945828513565
2001,1.0,20dB_nominal_difference,real,A23_compressed_feedback,REJECTED_PHYSICAL,YZ,x,-0.0625,y,0.6875,z,0.3125,0.12727116150529477,0.1559198163005555,0.028648654795260742,0.10000000600915501,0.9316945828513565
2001,1.0,20dB_nominal_difference,real,A23_compressed_feedback,REJECTED_PHYSICAL,YZ,x,-0.0625,y,-0.6875,z,0.4375,0.10017347087677178,0.08019433163334032,-0.019979139243431462,0.10000000600915501,0.9316945828513565
2001,1.0,20dB_nominal_difference,real,A23_compressed_feedback,REJECTED_PHYSICAL,YZ,x,-0.0625,y,-0.5625,z,0.4375,0.10069775759889944,0.10340494945751286,0.002707191858613414,0.10000000600915501,0.9316945828513565
2001,1.0,20dB_nominal_difference,real,A23_compressed_feedback,REJECTED_PHYSICAL,YZ,x,-0.0625,y,-0.4375,z,0.4375,0.1021493373214408,0.12743546134201345,0.025286124020572648,0.10000000600915501,0.9316945828513565
2001,1.0,20dB_nominal_difference,real,A23_compressed_feedback,REJECTED_PHYSICAL,YZ,x,-0.0625,y,-0.3125,z,0.4375,0.10507447681626521,0.15084326834489353,0.045768791528628325,0.10000000600915501,0.9316945828513565
2001,1.0,20dB_nominal_difference,real,A23_compressed_feedback,REJECTED_PHYSICAL,YZ,x,-0.0625,y,-0.1875,z,0.4375,0.10924385635592548,0.1716885789902619,0.062444722634336425,0.10000000600915501,0.9316945828513565
2001,1.0,20dB_nominal_difference,real,A23_compressed_feedback,REJECTED_PHYSICAL,YZ,x,-0.0625,y,-0.0625,z,0.4375,0.11351082863467063,0.18779708852944416,0.07428625989477353,0.10000000600915501,0.9316945828513565
2001,1.0,20dB_nominal_difference,real,A23_compressed_feedback,REJECTED_PHYSICAL,YZ,x,-0.0625,y,0.0625,z,0.4375,0.11831426165284584,0.19726180696924678,0.07894754531640094,0.10000000600915501,0.9316945828513565
2001,1.0,20dB_nominal_difference,real,A23_compressed_feedback,REJECTED_PHYSICAL,YZ,x,-0.0625,y,0.1875,z,0.4375,0.12805091471718763,0.19891828138745343,0.0708673666702658,0.10000000600915501,0.9316945828513565
2001,1.0,20dB_nominal_difference,real,A23_compressed_feedback,REJECTED_PHYSICAL,YZ,x,-0.0625,y,0.3125,z,0.4375,0.14324792899404548,0.19265920501734546,0.04941127602329998,0.10000000600915501,0.9316945828513565
2001,1.0,20dB_nominal_difference,real,A23_compressed_feedback,REJECTED_PHYSICAL,YZ,x,-0.0625,y,0.4375,z,0.4375,0.15026672326371782,0.1794900064717517,0.029223283208033884,0.10000000600915501,0.9316945828513565
2001,1.0,20dB_nominal_difference,real,A23_compressed_feedback,REJECTED_PHYSICAL,YZ,x,-0.0625,y,0.5625,z,0.4375,0.13798948258179247,0.16120798272254816,0.023218500140755688,0.10000000600915501,0.9316945828513565
2001,1.0,20dB_nominal_difference,real,A23_compressed_feedback,REJECTED_PHYSICAL,YZ,x,-0.0625,y,0.6875,z,0.4375,0.11781098569782782,0.13997639540795068,0.02216540971012286,0.10000000600915501,0.9316945828513565
2001,1.0,20dB_nominal_difference,real,A23_compressed_feedback,REJECTED_PHYSICAL,YZ,x,-0.0625,y,-0.6875,z,0.5625,0.10003526481044293,0.06161649020015949,-0.038418774610283445,0.10000000600915501,0.9316945828513565
2001,1.0,20dB_nominal_difference,real,A23_compressed_feedback,REJECTED_PHYSICAL,YZ,x,-0.0625,y,-0.5625,z,0.5625,0.10014184785884274,0.07872730211373537,-0.021414545745107372,0.10000000600915501,0.9316945828513565
2001,1.0,20dB_nominal_difference,real,A23_compressed_feedback,REJECTED_PHYSICAL,YZ,x,-0.0625,y,-0.4375,z,0.5625,0.1004369851301747,0.09466676163803986,-0.005770223492134838,0.10000000600915501,0.9316945828513565
2001,1.0,20dB_nominal_difference,real,A23_compressed_feedback,REJECTED_PHYSICAL,YZ,x,-0.0625,y,-0.3125,z,0.5625,0.10103281549104651,0.10975774216855935,0.008724926677512845,0.10000000600915501,0.9316945828513565
2001,1.0,20dB_nominal_difference,real,A23_compressed_feedback,REJECTED_PHYSICAL,YZ,x,-0.0625,y,-0.1875,z,0.5625,0.10189841102671866,0.12342782482566544,0.02152941379894678,0.10000000600915501,0.9316945828513565
2001,1.0,20dB_nominal_difference,real,A23_compressed_feedback,REJECTED_PHYSICAL,YZ,x,-0.0625,y,-0.0625,z,0.5625,0.10292941156573532,0.13457700823593272,0.0316475966701974,0.10000000600915501,0.9316945828513565
2001,1.0,20dB_nominal_difference,real,A23_compressed_feedback,REJECTED_PHYSICAL,YZ,x,-0.0625,y,0.0625,z,0.5625,0.10477755563853078,0.14205546166453834,0.03727790602600756,0.10000000600915501,0.9316945828513565
2001,1.0,20dB_nominal_difference,real,A23_compressed_feedback,REJECTED_PHYSICAL,YZ,x,-0.0625,y,0.1875,z,0.5625,0.10939378361030735,0.14508976403347282,0.03569598042316546,0.10000000600915501,0.9316945828513565
2001,1.0,20dB_nominal_difference,real,A23_compressed_feedback,REJECTED_PHYSICAL,YZ,x,-0.0625,y,0.3125,z,0.5625,0.11663411034284142,0.14360496454661026,0.026970854203768838,0.10000000600915501,0.9316945828513565
2001,1.0,20dB_nominal_difference,real,A23_compressed_feedback,REJECTED_PHYSICAL,YZ,x,-0.0625,y,0.4375,z,0.5625,0.12032997112165193,0.13840041196365227,0.018070440842000338,0.10000000600915501,0.9316945828513565
2001,1.0,20dB_nominal_difference,real,A23_compressed_feedback,REJECTED_PHYSICAL,YZ,x,-0.0625,y,0.5625,z,0.5625,0.11563468364887781,0.13106516255296102,0.015430478904083209,0.10000000600915501,0.9316945828513565
2001,1.0,20dB_nominal_difference,real,A23_compressed_feedback,REJECTED_PHYSICAL,YZ,x,-0.0625,y,0.6875,z,0.5625,0.10737788796766563,0.12306410131083936,0.01568621334317373,0.10000000600915501,0.9316945828513565
2001,1.0,20dB_nominal_difference,real,A23_compressed_feedback,REJECTED_PHYSICAL,YZ,x,-0.0625,y,-0.6875,z,0.6875,0.10000553525408022,0.04281436935145285,-0.05719116590262737,0.10000000600915501,0.9316945828513565
2001,1.0,20dB_nominal_difference,real,A23_compressed_feedback,REJECTED_PHYSICAL,YZ,x,-0.0625,y,-0.5625,z,0.6875,0.10002226501188655,0.05312956116636267,-0.046892703845523874,0.10000000600915501,0.9316945828513565
2001,1.0,20dB_nominal_difference,real,A23_compressed_feedback,REJECTED_PHYSICAL,YZ,x,-0.0625,y,-0.4375,z,0.6875,0.10006859982870285,0.059627715607059276,-0.040440884221643575,0.10000000600915501,0.9316945828513565
2001,1.0,20dB_nominal_difference,real,A23_compressed_feedback,REJECTED_PHYSICAL,YZ,x,-0.0625,y,-0.3125,z,0.6875,0.10016236032307876,0.06541219273526644,-0.034750167587812325,0.10000000600915501,0.9316945828513565
2001,1.0,20dB_nominal_difference,real,A23_compressed_feedback,REJECTED_PHYSICAL,YZ,x,-0.0625,y,-0.1875,z,0.6875,0.10030184886879312,0.07121884774380743,-0.029083001124985686,0.10000000600915501,0.9316945828513565
2001,1.0,20dB_nominal_difference,real,A23_compressed_feedback,REJECTED_PHYSICAL,YZ,x,-0.0625,y,-0.0625,z,0.6875,0.10049658750101519,0.07698252397836332,-0.023514063522651868,0.10000000600915501,0.9316945828513565
2001,1.0,20dB_nominal_difference,real,A23_compressed_feedback,REJECTED_PHYSICAL,YZ,x,-0.0625,y,0.0625,z,0.6875,0.10096205377880466,0.08227330762627717,-0.018688746152527483,0.10000000600915501,0.9316945828513565
2001,1.0,20dB_nominal_difference,real,A23_compressed_feedback,REJECTED_PHYSICAL,YZ,x,-0.0625,y,0.1875,z,0.6875,0.10221716538481025,0.08664677686617438,-0.015570388518635875,0.10000000600915501,0.9316945828513565
2001,1.0,20dB_nominal_difference,real,A23_compressed_feedback,REJECTED_PHYSICAL,YZ,x,-0.0625,y,0.3125,z,0.6875,0.10418879130035517,0.08996039688887593,-0.014228394411479245,0.10000000600915501,0.9316945828513565
2001,1.0,20dB_nominal_difference,real,A23_compressed_feedback,REJECTED_PHYSICAL,YZ,x,-0.0625,y,0.4375,z,0.6875,0.10522542747756138,0.09269243867523894,-0.01253298880232244,0.10000000600915501,0.9316945828513565
2001,1.0,20dB_nominal_difference,real,A23_compressed_feedback,REJECTED_PHYSICAL,YZ,x,-0.0625,y,0.5625,z,0.6875,0.10404591425864294,0.09652259182203682,-0.007523322436606125,0.10000000600915501,0.9316945828513565
2001,1.0,20dB_nominal_difference,real,A23_compressed_feedback,REJECTED_PHYSICAL,YZ,x,-0.0625,y,0.6875,z,0.6875,0.10191397910500109,0.10626337114282845,0.00434939203782736,0.10000000600915501,0.9316945828513565
2001,1.0,20dB_nominal_difference,imag,truth_OFFLINE,OFFLINE_TRUTH,XY,z,-0.0625,x,-0.6875,y,-0.6875,0.040016707583836804,0.040016707583836804,0.0,0.04000000040274644,0.09246458397011166
2001,1.0,20dB_nominal_difference,imag,truth_OFFLINE,OFFLINE_TRUTH,XY,z,-0.0625,x,-0.5625,y,-0.6875,0.040075465052344855,0.040075465052344855,0.0,0.04000000040274644,0.09246458397011166
2001,1.0,20dB_nominal_difference,imag,truth_OFFLINE,OFFLINE_TRUTH,XY,z,-0.0625,x,-0.4375,y,-0.6875,0.04022450106668207,0.04022450106668207,0.0,0.04000000040274644,0.09246458397011166
2001,1.0,20dB_nominal_difference,imag,truth_OFFLINE,OFFLINE_TRUTH,XY,z,-0.0625,x,-0.3125,y,-0.6875,0.04043987698804624,0.04043987698804624,0.0,0.04000000040274644,0.09246458397011166
2001,1.0,20dB_nominal_difference,imag,truth_OFFLINE,OFFLINE_TRUTH,XY,z,-0.0625,x,-0.1875,y,-0.6875,0.04056765488451424,0.04056765488451424,0.0,0.04000000040274644,0.09246458397011166
2001,1.0,20dB_nominal_difference,imag,truth_OFFLINE,OFFLINE_TRUTH,XY,z,-0.0625,x,-0.0625,y,-0.6875,0.0404824783380541,0.0404824783380541,0.0,0.04000000040274644,0.09246458397011166
2001,1.0,20dB_nominal_difference,imag,truth_OFFLINE,OFFLINE_TRUTH,XY,z,-0.0625,x,0.0625,y,-0.6875,0.04027009191368461,0.04027009191368461,0.0,0.04000000040274644,0.09246458397011166
2001,1.0,20dB_nominal_difference,imag,truth_OFFLINE,OFFLINE_TRUTH,XY,z,-0.0625,x,0.1875,y,-0.6875,0.04009958317391338,0.04009958317391338,0.0,0.04000000040274644,0.09246458397011166
2001,1.0,20dB_nominal_difference,imag,truth_OFFLINE,OFFLINE_TRUTH,XY,z,-0.0625,x,0.3125,y,-0.6875,0.040024182741342125,0.040024182741342125,0.0,0.04000000040274644,0.09246458397011166
2001,1.0,20dB_nominal_difference,imag,truth_OFFLINE,OFFLINE_TRUTH,XY,z,-0.0625,x,0.4375,y,-0.6875,0.04000386844947816,0.04000386844947816,0.0,0.04000000040274644,0.09246458397011166
2001,1.0,20dB_nominal_difference,imag,truth_OFFLINE,OFFLINE_TRUTH,XY,z,-0.0625,x,0.5625,y,-0.6875,0.040000408511253666,0.040000408511253666,0.0,0.04000000040274644,0.09246458397011166
2001,1.0,20dB_nominal_difference,imag,truth_OFFLINE,OFFLINE_TRUTH,XY,z,-0.0625,x,0.6875,y,-0.6875,0.040000029272418386,0.040000029272418386,0.0,0.04000000040274644,0.09246458397011166
2001,1.0,20dB_nominal_difference,imag,truth_OFFLINE,OFFLINE_TRUTH,XY,z,-0.0625,x,-0.6875,y,-0.5625,0.04005719598897021,0.04005719598897021,0.0,0.04000000040274644,0.09246458397011166
2001,1.0,20dB_nominal_difference,imag,truth_OFFLINE,OFFLINE_TRUTH,XY,z,-0.0625,x,-0.5625,y,-0.5625,0.04026681018658091,0.04026681018658091,0.0,0.04000000040274644,0.09246458397011166
2001,1.0,20dB_nominal_difference,imag,truth_OFFLINE,OFFLINE_TRUTH,XY,z,-0.0625,x,-0.4375,y,-0.5625,0.04081974644509443,0.04081974644509443,0.0,0.04000000040274644,0.09246458397011166
2001,1.0,20dB_nominal_difference,imag,truth_OFFLINE,OFFLINE_TRUTH,XY,z,-0.0625,x,-0.3125,y,-0.5625,0.04165881128079383,0.04165881128079383,0.0,0.04000000040274644,0.09246458397011166
2001,1.0,20dB_nominal_difference,imag,truth_OFFLINE,OFFLINE_TRUTH,XY,z,-0.0625,x,-0.1875,y,-0.5625,0.04221082680840545,0.04221082680840545,0.0,0.04000000040274644,0.09246458397011166
2001,1.0,20dB_nominal_difference,imag,truth_OFFLINE,OFFLINE_TRUTH,XY,z,-0.0625,x,-0.0625,y,-0.5625,0.041940674889274845,0.041940674889274845,0.0,0.04000000040274644,0.09246458397011166
2001,1.0,20dB_nominal_difference,imag,truth_OFFLINE,OFFLINE_TRUTH,XY,z,-0.0625,x,0.0625,y,-0.5625,0.041121996342774594,0.041121996342774594,0.0,0.04000000040274644,0.09246458397011166
2001,1.0,20dB_nominal_difference,imag,truth_OFFLINE,OFFLINE_TRUTH,XY,z,-0.0625,x,0.1875,y,-0.5625,0.04042724246685506,0.04042724246685506,0.0,0.04000000040274644,0.09246458397011166
2001,1.0,20dB_nominal_difference,imag,truth_OFFLINE,OFFLINE_TRUTH,XY,z,-0.0625,x,0.3125,y,-0.5625,0.04010716450029818,0.04010716450029818,0.0,0.04000000040274644,0.09246458397011166
2001,1.0,20dB_nominal_difference,imag,truth_OFFLINE,OFFLINE_TRUTH,XY,z,-0.0625,x,0.4375,y,-0.5625,0.04001773123047361,0.04001773123047361,0.0,0.04000000040274644,0.09246458397011166
2001,1.0,20dB_nominal_difference,imag,truth_OFFLINE,OFFLINE_TRUTH,XY,z,-0.0625,x,0.5625,y,-0.5625,0.04000196799220514,0.04000196799220514,0.0,0.04000000040274644,0.09246458397011166
2001,1.0,20dB_nominal_difference,imag,truth_OFFLINE,OFFLINE_TRUTH,XY,z,-0.0625,x,0.6875,y,-0.5625,0.040000173012376614,0.040000173012376614,0.0,0.04000000040274644,0.09246458397011166
2001,1.0,20dB_nominal_difference,imag,truth_OFFLINE,OFFLINE_TRUTH,XY,z,-0.0625,x,-0.6875,y,-0.4375,0.04014993431811251,0.04014993431811251,0.0,0.04000000040274644,0.09246458397011166
2001,1.0,20dB_nominal_difference,imag,truth_OFFLINE,OFFLINE_TRUTH,XY,z,-0.0625,x,-0.5625,y,-0.4375,0.04072234136565401,0.04072234136565401,0.0,0.04000000040274644,0.09246458397011166
2001,1.0,20dB_nominal_difference,imag,truth_OFFLINE,OFFLINE_TRUTH,XY,z,-0.0625,x,-0.4375,y,-0.4375,0.04229205073017777,0.04229205073017777,0.0,0.04000000040274644,0.09246458397011166
2001,1.0,20dB_nominal_difference,imag,truth_OFFLINE,OFFLINE_TRUTH,XY,z,-0.0625,x,-0.3125,y,-0.4375,0.04479011863457288,0.04479011863457288,0.0,0.04000000040274644,0.09246458397011166
2001,1.0,20dB_nominal_difference,imag,truth_OFFLINE,OFFLINE_TRUTH,XY,z,-0.0625,x,-0.1875,y,-0.4375,0.04659338803921103,0.04659338803921103,0.0,0.04000000040274644,0.09246458397011166
2001,1.0,20dB_nominal_difference,imag,truth_OFFLINE,OFFLINE_TRUTH,XY,z,-0.0625,x,-0.0625,y,-0.4375,0.04597738968844294,0.04597738968844294,0.0,0.04000000040274644,0.09246458397011166
2001,1.0,20dB_nominal_difference,imag,truth_OFFLINE,OFFLINE_TRUTH,XY,z,-0.0625,x,0.0625,y,-0.4375,0.043569095370837314,0.043569095370837314,0.0,0.04000000040274644,0.09246458397011166
2001,1.0,20dB_nominal_difference,imag,truth_OFFLINE,OFFLINE_TRUTH,XY,z,-0.0625,x,0.1875,y,-0.4375,0.04140373526410174,0.04140373526410174,0.0,0.04000000040274644,0.09246458397011166
2001,1.0,20dB_nominal_difference,imag,truth_OFFLINE,OFFLINE_TRUTH,XY,z,-0.0625,x,0.3125,y,-0.4375,0.04036400796849063,0.04036400796849063,0.0,0.04000000040274644,0.09246458397011166
2001,1.0,20dB_nominal_difference,imag,truth_OFFLINE,OFFLINE_TRUTH,XY,z,-0.0625,x,0.4375,y,-0.4375,0.040062880442796996,0.040062880442796996,0.0,0.04000000040274644,0.09246458397011166
2001,1.0,20dB_nominal_difference,imag,truth_OFFLINE,OFFLINE_TRUTH,XY,z,-0.0625,x,0.5625,y,-0.4375,0.040007977904657,0.040007977904657,0.0,0.04000000040274644,0.09246458397011166
2001,1.0,20dB_nominal_difference,imag,truth_OFFLINE,OFFLINE_TRUTH,XY,z,-0.0625,x,0.6875,y,-0.4375,0.04000125709818511,0.04000125709818511,0.0,0.04000000040274644,0.09246458397011166
2001,1.0,20dB_nominal_difference,imag,truth_OFFLINE,OFFLINE_TRUTH,XY,z,-0.0625,x,-0.6875,y,-0.3125,0.04030096782823216,0.04030096782823216,0.0,0.04000000040274644,0.09246458397011166
2001,1.0,20dB_nominal_difference,imag,truth_OFFLINE,OFFLINE_TRUTH,XY,z,-0.0625,x,-0.5625,y,-0.3125,0.041497497533830946,0.041497497533830946,0.0,0.04000000040274644,0.09246458397011166
2001,1.0,20dB_nominal_difference,imag,truth_OFFLINE,OFFLINE_TRUTH,XY,z,-0.0625,x,-0.4375,y,-0.3125,0.04490741133274539,0.04490741133274539,0.0,0.04000000040274644,0.09246458397011166
2001,1.0,20dB_nominal_difference,imag,truth_OFFLINE,OFFLINE_TRUTH,XY,z,-0.0625,x,-0.3125,y,-0.3125,0.05059202824894048,0.05059202824894048,0.0,0.04000000040274644,0.09246458397011166
2001,1.0,20dB_nominal_difference,imag,truth_OFFLINE,OFFLINE_TRUTH,XY,z,-0.0625,x,-0.1875,y,-0.3125,0.055057273851097724,0.055057273851097724,0.0,0.04000000040274644,0.09246458397011166
2001,1.0,20dB_nominal_difference,imag,truth_OFFLINE,OFFLINE_TRUTH,XY,z,-0.0625,x,-0.0625,y,-0.3125,0.054097973691774014,0.054097973691774014,0.0,0.04000000040274644,0.09246458397011166
2001,1.0,20dB_nominal_difference,imag,truth_OFFLINE,OFFLINE_TRUTH,XY,z,-0.0625,x,0.0625,y,-0.3125,0.048694368474414516,0.048694368474414516,0.0,0.04000000040274644,0.09246458397011166
2001,1.0,20dB_nominal_difference,imag,truth_OFFLINE,OFFLINE_TRUTH,XY,z,-0.0625,x,0.1875,y,-0.3125,0.0435340826044073,0.0435340826044073,0.0,0.04000000040274644,0.09246458397011166
2001,1.0,20dB_nominal_difference,imag,truth_OFFLINE,OFFLINE_TRUTH,XY,z,-0.0625,x,0.3125,y,-0.3125,0.04095291686614485,0.04095291686614485,0.0,0.04000000040274644,0.09246458397011166
2001,1.0,20dB_nominal_difference,imag,truth_OFFLINE,OFFLINE_TRUTH,XY,z,-0.0625,x,0.4375,y,-0.3125,0.04018037129013854,0.04018037129013854,0.0,0.04000000040274644,0.09246458397011166
2001,1.0,20dB_nominal_difference,imag,truth_OFFLINE,OFFLINE_TRUTH,XY,z,-0.0625,x,0.5625,y,-0.3125,0.0400338735040851,0.0400338735040851,0.0,0.04000000040274644,0.09246458397011166
2001,1.0,20dB_nominal_difference,imag,truth_OFFLINE,OFFLINE_TRUTH,XY,z,-0.0625,x,0.6875,y,-0.3125,0.040010996336509126,0.040010996336509126,0.0,0.04000000040274644,0.09246458397011166
2001,1.0,20dB_nominal_difference,imag,truth_OFFLINE,OFFLINE_TRUTH,XY,z,-0.0625,x,-0.6875,y,-0.1875,0.04046261813196294,0.04046261813196294,0.0,0.04000000040274644,0.09246458397011166
2001,1.0,20dB_nominal_difference,imag,truth_OFFLINE,OFFLINE_TRUTH,XY,z,-0.0625,x,-0.5625,y,-0.1875,0.04237724147227358,0.04237724147227358,0.0,0.04000000040274644,0.09246458397011166
2001,1.0,20dB_nominal_difference,imag,truth_OFFLINE,OFFLINE_TRUTH,XY,z,-0.0625,x,-0.4375,y,-0.1875,0.04804570805543921,0.04804570805543921,0.0,0.04000000040274644,0.09246458397011166
2001,1.0,20dB_nominal_difference,imag,truth_OFFLINE,OFFLINE_TRUTH,XY,z,-0.0625,x,-0.3125,y,-0.1875,0.05793476860533821,0.05793476860533821,0.0,0.04000000040274644,0.09246458397011166
2001,1.0,20dB_nominal_difference,imag,truth_OFFLINE,OFFLINE_TRUTH,XY,z,-0.0625,x,-0.1875,y,-0.1875,0.06633116075709011,0.06633116075709011,0.0,0.04000000040274644,0.09246458397011166
2001,1.0,20dB_nominal_difference,imag,truth_OFFLINE,OFFLINE_TRUTH,XY,z,-0.0625,x,-0.0625,y,-0.1875,0.06546292494247057,0.06546292494247057,0.0,0.04000000040274644,0.09246458397011166
2001,1.0,20dB_nominal_difference,imag,truth_OFFLINE,OFFLINE_TRUTH,XY,z,-0.0625,x,0.0625,y,-0.1875,0.05622590360314814,0.05622590360314814,0.0,0.04000000040274644,0.09246458397011166
2001,1.0,20dB_nominal_difference,imag,truth_OFFLINE,OFFLINE_TRUTH,XY,z,-0.0625,x,0.1875,y,-0.1875,0.04684095942342986,0.04684095942342986,0.0,0.04000000040274644,0.09246458397011166
2001,1.0,20dB_nominal_difference,imag,truth_OFFLINE,OFFLINE_TRUTH,XY,z,-0.0625,x,0.3125,y,-0.1875,0.04197175503334721,0.04197175503334721,0.0,0.04000000040274644,0.09246458397011166
2001,1.0,20dB_nominal_difference,imag,truth_OFFLINE,OFFLINE_TRUTH,XY,z,-0.0625,x,0.4375,y,-0.1875,0.040479200865870035,0.040479200865870035,0.0,0.04000000040274644,0.09246458397011166
2001,1.0,20dB_nominal_difference,imag,truth_OFFLINE,OFFLINE_TRUTH,XY,z,-0.0625,x,0.5625,y,-0.1875,0.040168465492061774,0.040168465492061774,0.0,0.04000000040274644,0.09246458397011166
2001,1.0,20dB_nominal_difference,imag,truth_OFFLINE,OFFLINE_TRUTH,XY,z,-0.0625,x,0.6875,y,-0.1875,0.04007742623254065,0.04007742623254065,0.0,0.04000000040274644,0.09246458397011166
2001,1.0,20dB_nominal_difference,imag,truth_OFFLINE,OFFLINE_TRUTH,XY,z,-0.0625,x,-0.6875,y,-0.0625,0.04054451366038647,0.04054451366038647,0.0,0.04000000040274644,0.09246458397011166
2001,1.0,20dB_nominal_difference,imag,truth_OFFLINE,OFFLINE_TRUTH,XY,z,-0.0625,x,-0.5625,y,-0.0625,0.042889775165007187,0.042889775165007187,0.0,0.04000000040274644,0.09246458397011166
2001,1.0,20dB_nominal_difference,imag,truth_OFFLINE,OFFLINE_TRUTH,XY,z,-0.0625,x,-0.4375,y,-0.0625,0.0501008949749696,0.0501008949749696,0.0,0.04000000040274644,0.09246458397011166
2001,1.0,20dB_nominal_difference,imag,truth_OFFLINE,OFFLINE_TRUTH,XY,z,-0.0625,x,-0.3125,y,-0.0625,0.06325402053547836,0.06325402053547836,0.0,0.04000000040274644,0.09246458397011166
2001,1.0,20dB_nominal_difference,imag,truth_OFFLINE,OFFLINE_TRUTH,XY,z,-0.0625,x,-0.1875,y,-0.0625,0.07526104378803249,0.07526104378803249,0.0,0.04000000040274644,0.09246458397011166
2001,1.0,20dB_nominal_difference,imag,truth_OFFLINE,OFFLINE_TRUTH,XY,z,-0.0625,x,-0.0625,y,-0.0625,0.07522816100604189,0.07522816100604189,0.0,0.04000000040274644,0.09246458397011166
2001,1.0,20dB_nominal_difference,imag,truth_OFFLINE,OFFLINE_TRUTH,XY,z,-0.0625,x,0.0625,y,-0.0625,0.0632481310043695,0.0632481310043695,0.0,0.04000000040274644,0.09246458397011166
2001,1.0,20dB_nominal_difference,imag,truth_OFFLINE,OFFLINE_TRUTH,XY,z,-0.0625,x,0.1875,y,-0.0625,0.050328233333019494,0.050328233333019494,0.0,0.04000000040274644,0.09246458397011166
2001,1.0,20dB_nominal_difference,imag,truth_OFFLINE,OFFLINE_TRUTH,XY,z,-0.0625,x,0.3125,y,-0.0625,0.04348375045580265,0.04348375045580265,0.0,0.04000000040274644,0.09246458397011166
2001,1.0,20dB_nominal_difference,imag,truth_OFFLINE,OFFLINE_TRUTH,XY,z,-0.0625,x,0.4375,y,-0.0625,0.04135727588851929,0.04135727588851929,0.0,0.04000000040274644,0.09246458397011166
2001,1.0,20dB_nominal_difference,imag,truth_OFFLINE,OFFLINE_TRUTH,XY,z,-0.0625,x,0.5625,y,-0.0625,0.04074390816086866,0.04074390816086866,0.0,0.04000000040274644,0.09246458397011166
2001,1.0,20dB_nominal_difference,imag,truth_OFFLINE,OFFLINE_TRUTH,XY,z,-0.0625,x,0.6875,y,-0.0625,0.040356308162189845,0.040356308162189845,0.0,0.04000000040274644,0.09246458397011166
2001,1.0,20dB_nominal_difference,imag,truth_OFFLINE,OFFLINE_TRUTH,XY,z,-0.0625,x,-0.6875,y,0.0625,0.04049077053906569,0.04049077053906569,0.0,0.04000000040274644,0.09246458397011166
2001,1.0,20dB_nominal_difference,imag,truth_OFFLINE,OFFLINE_TRUTH,XY,z,-0.0625,x,-0.5625,y,0.0625,0.042689915156793684,0.042689915156793684,0.0,0.04000000040274644,0.09246458397011166
2001,1.0,20dB_nominal_difference,imag,truth_OFFLINE,OFFLINE_TRUTH,XY,z,-0.0625,x,-0.4375,y,0.0625,0.04971048265474745,0.04971048265474745,0.0,0.04000000040274644,0.09246458397011166
2001,1.0,20dB_nominal_difference,imag,truth_OFFLINE,OFFLINE_TRUTH,XY,z,-0.0625,x,-0.3125,y,0.0625,0.06308862742492329,0.06308862742492329,0.0,0.04000000040274644,0.09246458397011166
2001,1.0,20dB_nominal_difference,imag,truth_OFFLINE,OFFLINE_TRUTH,XY,z,-0.0625,x,-0.1875,y,0.0625,0.07616667885102474,0.07616667885102474,0.0,0.04000000040274644,0.09246458397011166
2001,1.0,20dB_nominal_difference,imag,truth_OFFLINE,OFFLINE_TRUTH,XY,z,-0.0625,x,-0.0625,y,0.0625,0.07738345775658874,0.07738345775658874,0.0,0.04000000040274644,0.09246458397011166
2001,1.0,20dB_nominal_difference,imag,truth_OFFLINE,OFFLINE_TRUTH,XY,z,-0.0625,x,0.0625,y,0.0625,0.065781225296112,0.065781225296112,0.0,0.04000000040274644,0.09246458397011166
2001,1.0,20dB_nominal_difference,imag,truth_OFFLINE,OFFLINE_TRUTH,XY,z,-0.0625,x,0.1875,y,0.0625,0.05268128167956864,0.05268128167956864,0.0,0.04000000040274644,0.09246458397011166
2001,1.0,20dB_nominal_difference,imag,truth_OFFLINE,OFFLINE_TRUTH,XY,z,-0.0625,x,0.3125,y,0.0625,0.045866438562636315,0.045866438562636315,0.0,0.04000000040274644,0.09246458397011166
2001,1.0,20dB_nominal_difference,imag,truth_OFFLINE,OFFLINE_TRUTH,XY,z,-0.0625,x,0.4375,y,0.0625,0.043615713560426365,0.043615713560426365,0.0,0.04000000040274644,0.09246458397011166
2001,1.0,20dB_nominal_difference,imag,truth_OFFLINE,OFFLINE_TRUTH,XY,z,-0.0625,x,0.5625,y,0.0625,0.042266725449647956,0.042266725449647956,0.0,0.04000000040274644,0.09246458397011166
2001,1.0,20dB_nominal_difference,imag,truth_OFFLINE,OFFLINE_TRUTH,XY,z,-0.0625,x,0.6875,y,0.0625,0.04101406403433369,0.04101406403433369,0.0,0.04000000040274644,0.09246458397011166
2001,1.0,20dB_nominal_difference,imag,truth_OFFLINE,OFFLINE_TRUTH,XY,z,-0.0625,x,-0.6875,y,0.1875,0.0403387130716136,0.0403387130716136,0.0,0.04000000040274644,0.09246458397011166
2001,1.0,20dB_nominal_difference,imag,truth_OFFLINE,OFFLINE_TRUTH,XY,z,-0.0625,x,-0.5625,y,0.1875,0.04191733625799617,0.04191733625799617,0.0,0.04000000040274644,0.09246458397011166
2001,1.0,20dB_nominal_difference,imag,truth_OFFLINE,OFFLINE_TRUTH,XY,z,-0.0625,x,-0.4375,y,0.1875,0.04714853025735485,0.04714853025735485,0.0,0.04000000040274644,0.09246458397011166
2001,1.0,20dB_nominal_difference,imag,truth_OFFLINE,OFFLINE_TRUTH,XY,z,-0.0625,x,-0.3125,y,0.1875,0.05755728959904926,0.05755728959904926,0.0,0.04000000040274644,0.09246458397011166
2001,1.0,20dB_nominal_difference,imag,truth_OFFLINE,OFFLINE_TRUTH,XY,z,-0.0625,x,-0.1875,y,0.1875,0.0684365430525398,0.0684365430525398,0.0,0.04000000040274644,0.09246458397011166
2001,1.0,20dB_nominal_difference,imag,truth_OFFLINE,OFFLINE_TRUTH,XY,z,-0.0625,x,-0.0625,y,0.1875,0.07056893671150717,0.07056893671150717,0.0,0.04000000040274644,0.09246458397011166
2001,1.0,20dB_nominal_difference,imag,truth_OFFLINE,OFFLINE_TRUTH,XY,z,-0.0625,x,0.0625,y,0.1875,0.06261888328020784,0.06261888328020784,0.0,0.04000000040274644,0.09246458397011166
2001,1.0,20dB_nominal_difference,imag,truth_OFFLINE,OFFLINE_TRUTH,XY,z,-0.0625,x,0.1875,y,0.1875,0.05354254395806715,0.05354254395806715,0.0,0.04000000040274644,0.09246458397011166
2001,1.0,20dB_nominal_difference,imag,truth_OFFLINE,OFFLINE_TRUTH,XY,z,-0.0625,x,0.3125,y,0.1875,0.04922298495661685,0.04922298495661685,0.0,0.04000000040274644,0.09246458397011166
2001,1.0,20dB_nominal_difference,imag,truth_OFFLINE,OFFLINE_TRUTH,XY,z,-0.0625,x,0.4375,y,0.1875,0.04712117347535782,0.04712117347535782,0.0,0.04000000040274644,0.09246458397011166
2001,1.0,20dB_nominal_difference,imag,truth_OFFLINE,OFFLINE_TRUTH,XY,z,-0.0625,x,0.5625,y,0.1875,0.04435226197510026,0.04435226197510026,0.0,0.04000000040274644,0.09246458397011166
2001,1.0,20dB_nominal_difference,imag,truth_OFFLINE,OFFLINE_TRUTH,XY,z,-0.0625,x,0.6875,y,0.1875,0.041761077940884066,0.041761077940884066,0.0,0.04000000040274644,0.09246458397011166
2001,1.0,20dB_nominal_difference,imag,truth_OFFLINE,OFFLINE_TRUTH,XY,z,-0.0625,x,-0.6875,y,0.3125,0.04017900717773762,0.04017900717773762,0.0,0.04000000040274644,0.09246458397011166
2001,1.0,20dB_nominal_difference,imag,truth_OFFLINE,OFFLINE_TRUTH,XY,z,-0.0625,x,-0.5625,y,0.3125,0.04104652792939842,0.04104652792939842,0.0,0.04000000040274644,0.09246458397011166
2001,1.0,20dB_nominal_difference,imag,truth_OFFLINE,OFFLINE_TRUTH,XY,z,-0.0625,x,-0.4375,y,0.3125,0.044030246572164554,0.044030246572164554,0.0,0.04000000040274644,0.09246458397011166
2001,1.0,20dB_nominal_difference,imag,truth_OFFLINE,OFFLINE_TRUTH,XY,z,-0.0625,x,-0.3125,y,0.3125,0.050230805896160885,0.050230805896160885,0.0,0.04000000040274644,0.09246458397011166
2001,1.0,20dB_nominal_difference,imag,truth_OFFLINE,OFFLINE_TRUTH,XY,z,-0.0625,x,-0.1875,y,0.3125,0.05718454712314706,0.05718454712314706,0.0,0.04000000040274644,0.09246458397011166
2001,1.0,20dB_nominal_difference,imag,truth_OFFLINE,OFFLINE_TRUTH,XY,z,-0.0625,x,-0.0625,y,0.3125,0.05947908919312968,0.05947908919312968,0.0,0.04000000040274644,0.09246458397011166
2001,1.0,20dB_nominal_difference,imag,truth_OFFLINE,OFFLINE_TRUTH,XY,z,-0.0625,x,0.0625,y,0.3125,0.056261516899947794,0.056261516899947794,0.0,0.04000000040274644,0.09246458397011166
2001,1.0,20dB_nominal_difference,imag,truth_OFFLINE,OFFLINE_TRUTH,XY,z,-0.0625,x,0.1875,y,0.3125,0.05278894199433189,0.05278894199433189,0.0,0.04000000040274644,0.09246458397011166
2001,1.0,20dB_nominal_difference,imag,truth_OFFLINE,OFFLINE_TRUTH,XY,z,-0.0625,x,0.3125,y,0.3125,0.05139165534540846,0.05139165534540846,0.0,0.04000000040274644,0.09246458397011166
2001,1.0,20dB_nominal_difference,imag,truth_OFFLINE,OFFLINE_TRUTH,XY,z,-0.0625,x,0.4375,y,0.3125,0.049124619231150315,0.049124619231150315,0.0,0.04000000040274644,0.09246458397011166
2001,1.0,20dB_nominal_difference,imag,truth_OFFLINE,OFFLINE_TRUTH,XY,z,-0.0625,x,0.5625,y,0.3125,0.04513228330993601,0.04513228330993601,0.0,0.04000000040274644,0.09246458397011166
2001,1.0,20dB_nominal_difference,imag,truth_OFFLINE,OFFLINE_TRUTH,XY,z,-0.0625,x,0.6875,y,0.3125,0.04185957183135759,0.04185957183135759,0.0,0.04000000040274644,0.09246458397011166
2001,1.0,20dB_nominal_difference,imag,truth_OFFLINE,OFFLINE_TRUTH,XY,z,-0.0625,x,-0.6875,y,0.4375,0.04007244361445326,0.04007244361445326,0.0,0.04000000040274644,0.09246458397011166
2001,1.0,20dB_nominal_difference,imag,truth_OFFLINE,OFFLINE_TRUTH,XY,z,-0.0625,x,-0.5625,y,0.4375,0.04043744937458506,0.04043744937458506,0.0,0.04000000040274644,0.09246458397011166
2001,1.0,20dB_nominal_difference,imag,truth_OFFLINE,OFFLINE_TRUTH,XY,z,-0.0625,x,-0.4375,y,0.4375,0.04174074479347994,0.04174074479347994,0.0,0.04000000040274644,0.09246458397011166
2001,1.0,20dB_nominal_difference,imag,truth_OFFLINE,OFFLINE_TRUTH,XY,z,-0.0625,x,-0.3125,y,0.4375,0.04457510652310411,0.04457510652310411,0.0,0.04000000040274644,0.09246458397011166
2001,1.0,20dB_nominal_difference,imag,truth_OFFLINE,OFFLINE_TRUTH,XY,z,-0.0625,x,-0.1875,y,0.4375,0.04802682470978569,0.04802682470978569,0.0,0.04000000040274644,0.09246458397011166
2001,1.0,20dB_nominal_difference,imag,truth_OFFLINE,OFFLINE_TRUTH,XY,z,-0.0625,x,-0.0625,y,0.4375,0.04983387286069964,0.04983387286069964,0.0,0.04000000040274644,0.09246458397011166
2001,1.0,20dB_nominal_difference,imag,truth_OFFLINE,OFFLINE_TRUTH,XY,z,-0.0625,x,0.0625,y,0.4375,0.04973028459734544,0.04973028459734544,0.0,0.04000000040274644,0.09246458397011166
2001,1.0,20dB_nominal_difference,imag,truth_OFFLINE,OFFLINE_TRUTH,XY,z,-0.0625,x,0.1875,y,0.4375,0.04972590352492027,0.04972590352492027,0.0,0.04000000040274644,0.09246458397011166
2001,1.0,20dB_nominal_difference,imag,truth_OFFLINE,OFFLINE_TRUTH,XY,z,-0.0625,x,0.3125,y,0.4375,0.049573508104575656,0.049573508104575656,0.0,0.04000000040274644,0.09246458397011166
2001,1.0,20dB_nominal_difference,imag,truth_OFFLINE,OFFLINE_TRUTH,XY,z,-0.0625,x,0.4375,y,0.4375,0.04727384745480763,0.04727384745480763,0.0,0.04000000040274644,0.09246458397011166
2001,1.0,20dB_nominal_difference,imag,truth_OFFLINE,OFFLINE_TRUTH,XY,z,-0.0625,x,0.5625,y,0.4375,0.0436894650027847,0.0436894650027847,0.0,0.04000000040274644,0.09246458397011166
2001,1.0,20dB_nominal_difference,imag,truth_OFFLINE,OFFLINE_TRUTH,XY,z,-0.0625,x,0.6875,y,0.4375,0.04119266407982923,0.04119266407982923,0.0,0.04000000040274644,0.09246458397011166
2001,1.0,20dB_nominal_difference,imag,truth_OFFLINE,OFFLINE_TRUTH,XY,z,-0.0625,x,-0.6875,y,0.5625,0.040022451420081685,0.040022451420081685,0.0,0.04000000040274644,0.09246458397011166
2001,1.0,20dB_nominal_difference,imag,truth_OFFLINE,OFFLINE_TRUTH,XY,z,-0.0625,x,-0.5625,y,0.5625,0.04014006360989089,0.04014006360989089,0.0,0.04000000040274644,0.09246458397011166
2001,1.0,20dB_nominal_difference,imag,truth_OFFLINE,OFFLINE_TRUTH,XY,z,-0.0625,x,-0.4375,y,0.5625,0.0405764904136124,0.0405764904136124,0.0,0.04000000040274644,0.09246458397011166
2001,1.0,20dB_nominal_difference,imag,truth_OFFLINE,OFFLINE_TRUTH,XY,z,-0.0625,x,-0.3125,y,0.5625,0.04157448042627756,0.04157448042627756,0.0,0.04000000040274644,0.09246458397011166
2001,1.0,20dB_nominal_difference,imag,truth_OFFLINE,OFFLINE_TRUTH,XY,z,-0.0625,x,-0.1875,y,0.5625,0.04291862029997867,0.04291862029997867,0.0,0.04000000040274644,0.09246458397011166
2001,1.0,20dB_nominal_difference,imag,truth_OFFLINE,OFFLINE_TRUTH,XY,z,-0.0625,x,-0.0625,y,0.5625,0.04395950305677281,0.04395950305677281,0.0,0.04000000040274644,0.09246458397011166
2001,1.0,20dB_nominal_difference,imag,truth_OFFLINE,OFFLINE_TRUTH,XY,z,-0.0625,x,0.0625,y,0.5625,0.044636294922852926,0.044636294922852926,0.0,0.04000000040274644,0.09246458397011166
2001,1.0,20dB_nominal_difference,imag,truth_OFFLINE,OFFLINE_TRUTH,XY,z,-0.0625,x,0.1875,y,0.5625,0.04526764849049132,0.04526764849049132,0.0,0.04000000040274644,0.09246458397011166
2001,1.0,20dB_nominal_difference,imag,truth_OFFLINE,OFFLINE_TRUTH,XY,z,-0.0625,x,0.3125,y,0.5625,0.045122874035641525,0.045122874035641525,0.0,0.04000000040274644,0.09246458397011166
2001,1.0,20dB_nominal_difference,imag,truth_OFFLINE,OFFLINE_TRUTH,XY,z,-0.0625,x,0.4375,y,0.5625,0.043556284939509374,0.043556284939509374,0.0,0.04000000040274644,0.09246458397011166
2001,1.0,20dB_nominal_difference,imag,truth_OFFLINE,OFFLINE_TRUTH,XY,z,-0.0625,x,0.5625,y,0.5625,0.04161337822156552,0.04161337822156552,0.0,0.04000000040274644,0.09246458397011166
2001,1.0,20dB_nominal_difference,imag,truth_OFFLINE,OFFLINE_TRUTH,XY,z,-0.0625,x,0.6875,y,0.5625,0.04046451236387989,0.04046451236387989,0.0,0.04000000040274644,0.09246458397011166
2001,1.0,20dB_nominal_difference,imag,truth_OFFLINE,OFFLINE_TRUTH,XY,z,-0.0625,x,-0.6875,y,0.6875,0.04000532921441526,0.04000532921441526,0.0,0.04000000040274644,0.09246458397011166
2001,1.0,20dB_nominal_difference,imag,truth_OFFLINE,OFFLINE_TRUTH,XY,z,-0.0625,x,-0.5625,y,0.6875,0.0400343674625972,0.0400343674625972,0.0,0.04000000040274644,0.09246458397011166
2001,1.0,20dB_nominal_difference,imag,truth_OFFLINE,OFFLINE_TRUTH,XY,z,-0.0625,x,-0.4375,y,0.6875,0.0401465809212508,0.0401465809212508,0.0,0.04000000040274644,0.09246458397011166
2001,1.0,20dB_nominal_difference,imag,truth_OFFLINE,OFFLINE_TRUTH,XY,z,-0.0625,x,-0.3125,y,0.6875,0.04041812520218987,0.04041812520218987,0.0,0.04000000040274644,0.09246458397011166
2001,1.0,20dB_nominal_difference,imag,truth_OFFLINE,OFFLINE_TRUTH,XY,z,-0.0625,x,-0.1875,y,0.6875,0.04082696886905938,0.04082696886905938,0.0,0.04000000040274644,0.09246458397011166
2001,1.0,20dB_nominal_difference,imag,truth_OFFLINE,OFFLINE_TRUTH,XY,z,-0.0625,x,-0.0625,y,0.6875,0.04124290782960705,0.04124290782960705,0.0,0.04000000040274644,0.09246458397011166
2001,1.0,20dB_nominal_difference,imag,truth_OFFLINE,OFFLINE_TRUTH,XY,z,-0.0625,x,0.0625,y,0.6875,0.041621273675340145,0.041621273675340145,0.0,0.04000000040274644,0.09246458397011166
2001,1.0,20dB_nominal_difference,imag,truth_OFFLINE,OFFLINE_TRUTH,XY,z,-0.0625,x,0.1875,y,0.6875,0.04188129109090286,0.04188129109090286,0.0,0.04000000040274644,0.09246458397011166
2001,1.0,20dB_nominal_difference,imag,truth_OFFLINE,OFFLINE_TRUTH,XY,z,-0.0625,x,0.3125,y,0.6875,0.041704080861728936,0.041704080861728936,0.0,0.04000000040274644,0.09246458397011166
2001,1.0,20dB_nominal_difference,imag,truth_OFFLINE,OFFLINE_TRUTH,XY,z,-0.0625,x,0.4375,y,0.6875,0.04106222753645379,0.04106222753645379,0.0,0.04000000040274644,0.09246458397011166
2001,1.0,20dB_nominal_difference,imag,truth_OFFLINE,OFFLINE_TRUTH,XY,z,-0.0625,x,0.5625,y,0.6875,0.040429106007384266,0.040429106007384266,0.0,0.04000000040274644,0.09246458397011166
2001,1.0,20dB_nominal_difference,imag,truth_OFFLINE,OFFLINE_TRUTH,XY,z,-0.0625,x,0.6875,y,0.6875,0.040109892468231004,0.040109892468231004,0.0,0.04000000040274644,0.09246458397011166
2001,1.0,20dB_nominal_difference,imag,truth_OFFLINE,OFFLINE_TRUTH,XZ,y,-0.0625,x,-0.6875,z,-0.6875,0.04018376756319858,0.04018376756319858,0.0,0.04000000040274644,0.09246458397011166
2001,1.0,20dB_nominal_difference,imag,truth_OFFLINE,OFFLINE_TRUTH,XZ,y,-0.0625,x,-0.5625,z,-0.6875,0.04097526829564783,0.04097526829564783,0.0,0.04000000040274644,0.09246458397011166
2001,1.0,20dB_nominal_difference,imag,truth_OFFLINE,OFFLINE_TRUTH,XZ,y,-0.0625,x,-0.4375,z,-0.6875,0.043408942364542284,0.043408942364542284,0.0,0.04000000040274644,0.09246458397011166
2001,1.0,20dB_nominal_difference,imag,truth_OFFLINE,OFFLINE_TRUTH,XZ,y,-0.0625,x,-0.3125,z,-0.6875,0.04784793710090712,0.04784793710090712,0.0,0.04000000040274644,0.09246458397011166
2001,1.0,20dB_nominal_difference,imag,truth_OFFLINE,OFFLINE_TRUTH,XZ,y,-0.0625,x,-0.1875,z,-0.6875,0.05189958105400788,0.05189958105400788,0.0,0.04000000040274644,0.09246458397011166
2001,1.0,20dB_nominal_difference,imag,truth_OFFLINE,OFFLINE_TRUTH,XZ,y,-0.0625,x,-0.0625,z,-0.6875,0.05188360299030687,0.05188360299030687,0.0,0.04000000040274644,0.09246458397011166
2001,1.0,20dB_nominal_difference,imag,truth_OFFLINE,OFFLINE_TRUTH,XZ,y,-0.0625,x,0.0625,z,-0.6875,0.04781636656307429,0.04781636656307429,0.0,0.04000000040274644,0.09246458397011166
2001,1.0,20dB_nominal_difference,imag,truth_OFFLINE,OFFLINE_TRUTH,XZ,y,-0.0625,x,0.1875,z,-0.6875,0.043386118444131413,0.043386118444131413,0.0,0.04000000040274644,0.09246458397011166
2001,1.0,20dB_nominal_difference,imag,truth_OFFLINE,OFFLINE_TRUTH,XZ,y,-0.0625,x,0.3125,z,-0.6875,0.04096614141054461,0.04096614141054461,0.0,0.04000000040274644,0.09246458397011166
2001,1.0,20dB_nominal_difference,imag,truth_OFFLINE,OFFLINE_TRUTH,XZ,y,-0.0625,x,0.4375,z,-0.6875,0.04018156269101637,0.04018156269101637,0.0,0.04000000040274644,0.09246458397011166
2001,1.0,20dB_nominal_difference,imag,truth_OFFLINE,OFFLINE_TRUTH,XZ,y,-0.0625,x,0.5625,z,-0.6875,0.04002247497263146,0.04002247497263146,0.0,0.04000000040274644,0.09246458397011166
2001,1.0,20dB_nominal_difference,imag,truth_OFFLINE,OFFLINE_TRUTH,XZ,y,-0.0625,x,0.6875,z,-0.6875,0.04000183358507068,0.04000183358507068,0.0,0.04000000040274644,0.09246458397011166
2001,1.0,20dB_nominal_difference,imag,truth_OFFLINE,OFFLINE_TRUTH,XZ,y,-0.0625,x,-0.6875,z,-0.5625,0.04038304949832752,0.04038304949832752,0.0,0.04000000040274644,0.09246458397011166
2001,1.0,20dB_nominal_difference,imag,truth_OFFLINE,OFFLINE_TRUTH,XZ,y,-0.0625,x,-0.5625,z,-0.5625,0.04203287253138969,0.04203287253138969,0.0,0.04000000040274644,0.09246458397011166
2001,1.0,20dB_nominal_difference,imag,truth_OFFLINE,OFFLINE_TRUTH,XZ,y,-0.0625,x,-0.4375,z,-0.5625,0.04710568089382111,0.04710568089382111,0.0,0.04000000040274644,0.09246458397011166
2001,1.0,20dB_nominal_difference,imag,truth_OFFLINE,OFFLINE_TRUTH,XZ,y,-0.0625,x,-0.3125,z,-0.5625,0.05635842757326712,0.05635842757326712,0.0,0.04000000040274644,0.09246458397011166
2001,1.0,20dB_nominal_difference,imag,truth_OFFLINE,OFFLINE_TRUTH,XZ,y,-0.0625,x,-0.1875,z,-0.5625,0.06480377125006712,0.06480377125006712,0.0,0.04000000040274644,0.09246458397011166
2001,1.0,20dB_nominal_difference,imag,truth_OFFLINE,OFFLINE_TRUTH,XZ,y,-0.0625,x,-0.0625,z,-0.5625,0.06477046815458143,0.06477046815458143,0.0,0.04000000040274644,0.09246458397011166
2001,1.0,20dB_nominal_difference,imag,truth_OFFLINE,OFFLINE_TRUTH,XZ,y,-0.0625,x,0.0625,z,-0.5625,0.05629263308365276,0.05629263308365276,0.0,0.04000000040274644,0.09246458397011166
2001,1.0,20dB_nominal_difference,imag,truth_OFFLINE,OFFLINE_TRUTH,XZ,y,-0.0625,x,0.1875,z,-0.5625,0.04705814619147775,0.04705814619147775,0.0,0.04000000040274644,0.09246458397011166
2001,1.0,20dB_nominal_difference,imag,truth_OFFLINE,OFFLINE_TRUTH,XZ,y,-0.0625,x,0.3125,z,-0.5625,0.04201393249692052,0.04201393249692052,0.0,0.04000000040274644,0.09246458397011166
2001,1.0,20dB_nominal_difference,imag,truth_OFFLINE,OFFLINE_TRUTH,XZ,y,-0.0625,x,0.4375,z,-0.5625,0.040378564776072656,0.040378564776072656,0.0,0.04000000040274644,0.09246458397011166
2001,1.0,20dB_nominal_difference,imag,truth_OFFLINE,OFFLINE_TRUTH,XZ,y,-0.0625,x,0.5625,z,-0.5625,0.0400469392710066,0.0400469392710066,0.0,0.04000000040274644,0.09246458397011166
2001,1.0,20dB_nominal_difference,imag,truth_OFFLINE,OFFLINE_TRUTH,XZ,y,-0.0625,x,0.6875,z,-0.5625,0.040003869576968366,0.040003869576968366,0.0,0.04000000040274644,0.09246458397011166
2001,1.0,20dB_nominal_difference,imag,truth_OFFLINE,OFFLINE_TRUTH,XZ,y,-0.0625,x,-0.6875,z,-0.4375,0.04061648414344554,0.04061648414344554,0.0,0.04000000040274644,0.09246458397011166
2001,1.0,20dB_nominal_difference,imag,truth_OFFLINE,OFFLINE_TRUTH,XZ,y,-0.0625,x,-0.5625,z,-0.4375,0.04327172777115688,0.04327172777115688,0.0,0.04000000040274644,0.09246458397011166
2001,1.0,20dB_nominal_difference,imag,truth_OFFLINE,OFFLINE_TRUTH,XZ,y,-0.0625,x,-0.4375,z,-0.4375,0.0514359622570256,0.0514359622570256,0.0,0.04000000040274644,0.09246458397011166
2001,1.0,20dB_nominal_difference,imag,truth_OFFLINE,OFFLINE_TRUTH,XZ,y,-0.0625,x,-0.3125,z,-0.4375,0.06632743649841531,0.06632743649841531,0.0,0.04000000040274644,0.09246458397011166
2001,1.0,20dB_nominal_difference,imag,truth_OFFLINE,OFFLINE_TRUTH,XZ,y,-0.0625,x,-0.1875,z,-0.4375,0.07991947137067627,0.07991947137067627,0.0,0.04000000040274644,0.09246458397011166
2001,1.0,20dB_nominal_difference,imag,truth_OFFLINE,OFFLINE_TRUTH,XZ,y,-0.0625,x,-0.0625,z,-0.4375,0.07986590868028234,0.07986590868028234,0.0,0.04000000040274644,0.09246458397011166
2001,1.0,20dB_nominal_difference,imag,truth_OFFLINE,OFFLINE_TRUTH,XZ,y,-0.0625,x,0.0625,z,-0.4375,0.06622176240723161,0.06622176240723161,0.0,0.04000000040274644,0.09246458397011166
2001,1.0,20dB_nominal_difference,imag,truth_OFFLINE,OFFLINE_TRUTH,XZ,y,-0.0625,x,0.1875,z,-0.4375,0.051360187223972564,0.051360187223972564,0.0,0.04000000040274644,0.09246458397011166
2001,1.0,20dB_nominal_difference,imag,truth_OFFLINE,OFFLINE_TRUTH,XZ,y,-0.0625,x,0.3125,z,-0.4375,0.04324277786813884,0.04324277786813884,0.0,0.04000000040274644,0.09246458397011166
2001,1.0,20dB_nominal_difference,imag,truth_OFFLINE,OFFLINE_TRUTH,XZ,y,-0.0625,x,0.4375,z,-0.4375,0.04061128804061444,0.04061128804061444,0.0,0.04000000040274644,0.09246458397011166
2001,1.0,20dB_nominal_difference,imag,truth_OFFLINE,OFFLINE_TRUTH,XZ,y,-0.0625,x,0.5625,z,-0.4375,0.04007721589812776,0.04007721589812776,0.0,0.04000000040274644,0.09246458397011166
2001,1.0,20dB_nominal_difference,imag,truth_OFFLINE,OFFLINE_TRUTH,XZ,y,-0.0625,x,0.6875,z,-0.4375,0.04000709354536091,0.04000709354536091,0.0,0.04000000040274644,0.09246458397011166
2001,1.0,20dB_nominal_difference,imag,truth_OFFLINE,OFFLINE_TRUTH,XZ,y,-0.0625,x,-0.6875,z,-0.3125,0.04076607253906586,0.04076607253906586,0.0,0.04000000040274644,0.09246458397011166
2001,1.0,20dB_nominal_difference,imag,truth_OFFLINE,OFFLINE_TRUTH,XZ,y,-0.0625,x,-0.5625,z,-0.3125,0.044065604655525614,0.044065604655525614,0.0,0.04000000040274644,0.09246458397011166
2001,1.0,20dB_nominal_difference,imag,truth_OFFLINE,OFFLINE_TRUTH,XZ,y,-0.0625,x,-0.4375,z,-0.3125,0.05421087118823959,0.05421087118823959,0.0,0.04000000040274644,0.09246458397011166
2001,1.0,20dB_nominal_difference,imag,truth_OFFLINE,OFFLINE_TRUTH,XZ,y,-0.0625,x,-0.3125,z,-0.3125,0.07271572957697064,0.07271572957697064,0.0,0.04000000040274644,0.09246458397011166
2001,1.0,20dB_nominal_difference,imag,truth_OFFLINE,OFFLINE_TRUTH,XZ,y,-0.0625,x,-0.1875,z,-0.3125,0.08960588835301427,0.08960588835301427,0.0,0.04000000040274644,0.09246458397011166
2001,1.0,20dB_nominal_difference,imag,truth_OFFLINE,OFFLINE_TRUTH,XZ,y,-0.0625,x,-0.0625,z,-0.3125,0.08953973087819014,0.08953973087819014,0.0,0.04000000040274644,0.09246458397011166
2001,1.0,20dB_nominal_difference,imag,truth_OFFLINE,OFFLINE_TRUTH,XZ,y,-0.0625,x,0.0625,z,-0.3125,0.07258685108154793,0.07258685108154793,0.0,0.04000000040274644,0.09246458397011166
2001,1.0,20dB_nominal_difference,imag,truth_OFFLINE,OFFLINE_TRUTH,XZ,y,-0.0625,x,0.1875,z,-0.3125,0.05412491071653576,0.05412491071653576,0.0,0.04000000040274644,0.09246458397011166
2001,1.0,20dB_nominal_difference,imag,truth_OFFLINE,OFFLINE_TRUTH,XZ,y,-0.0625,x,0.3125,z,-0.3125,0.044046896787959665,0.044046896787959665,0.0,0.04000000040274644,0.09246458397011166
2001,1.0,20dB_nominal_difference,imag,truth_OFFLINE,OFFLINE_TRUTH,XZ,y,-0.0625,x,0.4375,z,-0.3125,0.0407823951108199,0.0407823951108199,0.0,0.04000000040274644,0.09246458397011166
2001,1.0,20dB_nominal_difference,imag,truth_OFFLINE,OFFLINE_TRUTH,XZ,y,-0.0625,x,0.5625,z,-0.3125,0.04011478401694134,0.04011478401694134,0.0,0.04000000040274644,0.09246458397011166
2001,1.0,20dB_nominal_difference,imag,truth_OFFLINE,OFFLINE_TRUTH,XZ,y,-0.0625,x,0.6875,z,-0.3125,0.04001857042719662,0.04001857042719662,0.0,0.04000000040274644,0.09246458397011166
2001,1.0,20dB_nominal_difference,imag,truth_OFFLINE,OFFLINE_TRUTH,XZ,y,-0.0625,x,-0.6875,z,-0.1875,0.04073501948222544,0.04073501948222544,0.0,0.04000000040274644,0.09246458397011166
2001,1.0,20dB_nominal_difference,imag,truth_OFFLINE,OFFLINE_TRUTH,XZ,y,-0.0625,x,-0.5625,z,-0.1875,0.04390080377678321,0.04390080377678321,0.0,0.04000000040274644,0.09246458397011166
2001,1.0,20dB_nominal_difference,imag,truth_OFFLINE,OFFLINE_TRUTH,XZ,y,-0.0625,x,-0.4375,z,-0.1875,0.05363482907430367,0.05363482907430367,0.0,0.04000000040274644,0.09246458397011166
2001,1.0,20dB_nominal_difference,imag,truth_OFFLINE,OFFLINE_TRUTH,XZ,y,-0.0625,x,-0.3125,z,-0.1875,0.0713896115297189,0.0713896115297189,0.0,0.04000000040274644,0.09246458397011166
2001,1.0,20dB_nominal_difference,imag,truth_OFFLINE,OFFLINE_TRUTH,XZ,y,-0.0625,x,-0.1875,z,-0.1875,0.08759546472341781,0.08759546472341781,0.0,0.04000000040274644,0.09246458397011166
2001,1.0,20dB_nominal_difference,imag,truth_OFFLINE,OFFLINE_TRUTH,XZ,y,-0.0625,x,-0.0625,z,-0.1875,0.08753479187993465,0.08753479187993465,0.0,0.04000000040274644,0.09246458397011166
2001,1.0,20dB_nominal_difference,imag,truth_OFFLINE,OFFLINE_TRUTH,XZ,y,-0.0625,x,0.0625,z,-0.1875,0.07128294695870013,0.07128294695870013,0.0,0.04000000040274644,0.09246458397011166
2001,1.0,20dB_nominal_difference,imag,truth_OFFLINE,OFFLINE_TRUTH,XZ,y,-0.0625,x,0.1875,z,-0.1875,0.053609524693752277,0.053609524693752277,0.0,0.04000000040274644,0.09246458397011166
2001,1.0,20dB_nominal_difference,imag,truth_OFFLINE,OFFLINE_TRUTH,XZ,y,-0.0625,x,0.3125,z,-0.1875,0.04400322254002618,0.04400322254002618,0.0,0.04000000040274644,0.09246458397011166
2001,1.0,20dB_nominal_difference,imag,truth_OFFLINE,OFFLINE_TRUTH,XZ,y,-0.0625,x,0.4375,z,-0.1875,0.0409094794667403,0.0409094794667403,0.0,0.04000000040274644,0.09246458397011166
2001,1.0,20dB_nominal_difference,imag,truth_OFFLINE,OFFLINE_TRUTH,XZ,y,-0.0625,x,0.5625,z,-0.1875,0.04024141077691492,0.04024141077691492,0.0,0.04000000040274644,0.09246458397011166
2001,1.0,20dB_nominal_difference,imag,truth_OFFLINE,OFFLINE_TRUTH,XZ,y,-0.0625,x,0.6875,z,-0.1875,0.04008582566839842,0.04008582566839842,0.0,0.04000000040274644,0.09246458397011166
2001,1.0,20dB_nominal_difference,imag,truth_OFFLINE,OFFLINE_TRUTH,XZ,y,-0.0625,x,-0.6875,z,-0.0625,0.04054451366038647,0.04054451366038647,0.0,0.04000000040274644,0.09246458397011166
2001,1.0,20dB_nominal_difference,imag,truth_OFFLINE,OFFLINE_TRUTH,XZ,y,-0.0625,x,-0.5625,z,-0.0625,0.042889775165007187,0.042889775165007187,0.0,0.04000000040274644,0.09246458397011166
2001,1.0,20dB_nominal_difference,imag,truth_OFFLINE,OFFLINE_TRUTH,XZ,y,-0.0625,x,-0.4375,z,-0.0625,0.0501008949749696,0.0501008949749696,0.0,0.04000000040274644,0.09246458397011166
2001,1.0,20dB_nominal_difference,imag,truth_OFFLINE,OFFLINE_TRUTH,XZ,y,-0.0625,x,-0.3125,z,-0.0625,0.06325402053547836,0.06325402053547836,0.0,0.04000000040274644,0.09246458397011166
2001,1.0,20dB_nominal_difference,imag,truth_OFFLINE,OFFLINE_TRUTH,XZ,y,-0.0625,x,-0.1875,z,-0.0625,0.07526104378803249,0.07526104378803249,0.0,0.04000000040274644,0.09246458397011166
2001,1.0,20dB_nominal_difference,imag,truth_OFFLINE,OFFLINE_TRUTH,XZ,y,-0.0625,x,-0.0625,z,-0.0625,0.07522816100604189,0.07522816100604189,0.0,0.04000000040274644,0.09246458397011166
2001,1.0,20dB_nominal_difference,imag,truth_OFFLINE,OFFLINE_TRUTH,XZ,y,-0.0625,x,0.0625,z,-0.0625,0.0632481310043695,0.0632481310043695,0.0,0.04000000040274644,0.09246458397011166
2001,1.0,20dB_nominal_difference,imag,truth_OFFLINE,OFFLINE_TRUTH,XZ,y,-0.0625,x,0.1875,z,-0.0625,0.050328233333019494,0.050328233333019494,0.0,0.04000000040274644,0.09246458397011166
2001,1.0,20dB_nominal_difference,imag,truth_OFFLINE,OFFLINE_TRUTH,XZ,y,-0.0625,x,0.3125,z,-0.0625,0.04348375045580265,0.04348375045580265,0.0,0.04000000040274644,0.09246458397011166
2001,1.0,20dB_nominal_difference,imag,truth_OFFLINE,OFFLINE_TRUTH,XZ,y,-0.0625,x,0.4375,z,-0.0625,0.04135727588851929,0.04135727588851929,0.0,0.04000000040274644,0.09246458397011166
2001,1.0,20dB_nominal_difference,imag,truth_OFFLINE,OFFLINE_TRUTH,XZ,y,-0.0625,x,0.5625,z,-0.0625,0.04074390816086866,0.04074390816086866,0.0,0.04000000040274644,0.09246458397011166
2001,1.0,20dB_nominal_difference,imag,truth_OFFLINE,OFFLINE_TRUTH,XZ,y,-0.0625,x,0.6875,z,-0.0625,0.040356308162189845,0.040356308162189845,0.0,0.04000000040274644,0.09246458397011166
2001,1.0,20dB_nominal_difference,imag,truth_OFFLINE,OFFLINE_TRUTH,XZ,y,-0.0625,x,-0.6875,z,0.0625,0.040311458141579104,0.040311458141579104,0.0,0.04000000040274644,0.09246458397011166
2001,1.0,20dB_nominal_difference,imag,truth_OFFLINE,OFFLINE_TRUTH,XZ,y,-0.0625,x,-0.5625,z,0.0625,0.041652932275827434,0.041652932275827434,0.0,0.04000000040274644,0.09246458397011166
2001,1.0,20dB_nominal_difference,imag,truth_OFFLINE,OFFLINE_TRUTH,XZ,y,-0.0625,x,-0.4375,z,0.0625,0.04577765789134244,0.04577765789134244,0.0,0.04000000040274644,0.09246458397011166
2001,1.0,20dB_nominal_difference,imag,truth_OFFLINE,OFFLINE_TRUTH,XZ,y,-0.0625,x,-0.3125,z,0.0625,0.05330145250564673,0.05330145250564673,0.0,0.04000000040274644,0.09246458397011166
2001,1.0,20dB_nominal_difference,imag,truth_OFFLINE,OFFLINE_TRUTH,XZ,y,-0.0625,x,-0.1875,z,0.0625,0.06017331018930952,0.06017331018930952,0.0,0.04000000040274644,0.09246458397011166
2001,1.0,20dB_nominal_difference,imag,truth_OFFLINE,OFFLINE_TRUTH,XZ,y,-0.0625,x,-0.0625,z,0.0625,0.06018647493002061,0.06018647493002061,0.0,0.04000000040274644,0.09246458397011166
2001,1.0,20dB_nominal_difference,imag,truth_OFFLINE,OFFLINE_TRUTH,XZ,y,-0.0625,x,0.0625,z,0.0625,0.053491890172596236,0.053491890172596236,0.0,0.04000000040274644,0.09246458397011166
2001,1.0,20dB_nominal_difference,imag,truth_OFFLINE,OFFLINE_TRUTH,XZ,y,-0.0625,x,0.1875,z,0.0625,0.04655986430589124,0.04655986430589124,0.0,0.04000000040274644,0.09246458397011166
2001,1.0,20dB_nominal_difference,imag,truth_OFFLINE,OFFLINE_TRUTH,XZ,y,-0.0625,x,0.3125,z,0.0625,0.04336575155887842,0.04336575155887842,0.0,0.04000000040274644,0.09246458397011166
2001,1.0,20dB_nominal_difference,imag,truth_OFFLINE,OFFLINE_TRUTH,XZ,y,-0.0625,x,0.4375,z,0.0625,0.04258781070926103,0.04258781070926103,0.0,0.04000000040274644,0.09246458397011166
2001,1.0,20dB_nominal_difference,imag,truth_OFFLINE,OFFLINE_TRUTH,XZ,y,-0.0625,x,0.5625,z,0.0625,0.041923047358749,0.041923047358749,0.0,0.04000000040274644,0.09246458397011166
2001,1.0,20dB_nominal_difference,imag,truth_OFFLINE,OFFLINE_TRUTH,XZ,y,-0.0625,x,0.6875,z,0.0625,0.04097958907938566,0.04097958907938566,0.0,0.04000000040274644,0.09246458397011166
2001,1.0,20dB_nominal_difference,imag,truth_OFFLINE,OFFLINE_TRUTH,XZ,y,-0.0625,x,-0.6875,z,0.1875,0.04013755348411614,0.04013755348411614,0.0,0.04000000040274644,0.09246458397011166
2001,1.0,20dB_nominal_difference,imag,truth_OFFLINE,OFFLINE_TRUTH,XZ,y,-0.0625,x,-0.5625,z,0.1875,0.040730007504714005,0.040730007504714005,0.0,0.04000000040274644,0.09246458397011166
2001,1.0,20dB_nominal_difference,imag,truth_OFFLINE,OFFLINE_TRUTH,XZ,y,-0.0625,x,-0.4375,z,0.1875,0.04255168831986915,0.04255168831986915,0.0,0.04000000040274644,0.09246458397011166
2001,1.0,20dB_nominal_difference,imag,truth_OFFLINE,OFFLINE_TRUTH,XZ,y,-0.0625,x,-0.3125,z,0.1875,0.04587500399009995,0.04587500399009995,0.0,0.04000000040274644,0.09246458397011166
2001,1.0,20dB_nominal_difference,imag,truth_OFFLINE,OFFLINE_TRUTH,XZ,y,-0.0625,x,-0.1875,z,0.1875,0.048916288033010596,0.048916288033010596,0.0,0.04000000040274644,0.09246458397011166
2001,1.0,20dB_nominal_difference,imag,truth_OFFLINE,OFFLINE_TRUTH,XZ,y,-0.0625,x,-0.0625,z,0.1875,0.04897405992868381,0.04897405992868381,0.0,0.04000000040274644,0.09246458397011166
2001,1.0,20dB_nominal_difference,imag,truth_OFFLINE,OFFLINE_TRUTH,XZ,y,-0.0625,x,0.0625,z,0.1875,0.04627405037899198,0.04627405037899198,0.0,0.04000000040274644,0.09246458397011166
2001,1.0,20dB_nominal_difference,imag,truth_OFFLINE,OFFLINE_TRUTH,XZ,y,-0.0625,x,0.1875,z,0.1875,0.043956939681644894,0.043956939681644894,0.0,0.04000000040274644,0.09246458397011166
2001,1.0,20dB_nominal_difference,imag,truth_OFFLINE,OFFLINE_TRUTH,XZ,y,-0.0625,x,0.3125,z,0.1875,0.043717738871877104,0.043717738871877104,0.0,0.04000000040274644,0.09246458397011166
2001,1.0,20dB_nominal_difference,imag,truth_OFFLINE,OFFLINE_TRUTH,XZ,y,-0.0625,x,0.4375,z,0.1875,0.04408655934080634,0.04408655934080634,0.0,0.04000000040274644,0.09246458397011166
2001,1.0,20dB_nominal_difference,imag,truth_OFFLINE,OFFLINE_TRUTH,XZ,y,-0.0625,x,0.5625,z,0.1875,0.04328284034671861,0.04328284034671861,0.0,0.04000000040274644,0.09246458397011166
2001,1.0,20dB_nominal_difference,imag,truth_OFFLINE,OFFLINE_TRUTH,XZ,y,-0.0625,x,0.6875,z,0.1875,0.04169329837206688,0.04169329837206688,0.0,0.04000000040274644,0.09246458397011166
2001,1.0,20dB_nominal_difference,imag,truth_OFFLINE,OFFLINE_TRUTH,XZ,y,-0.0625,x,-0.6875,z,0.3125,0.04004690558381313,0.04004690558381313,0.0,0.04000000040274644,0.09246458397011166
2001,1.0,20dB_nominal_difference,imag,truth_OFFLINE,OFFLINE_TRUTH,XZ,y,-0.0625,x,-0.5625,z,0.3125,0.04024893233553024,0.04024893233553024,0.0,0.04000000040274644,0.09246458397011166
2001,1.0,20dB_nominal_difference,imag,truth_OFFLINE,OFFLINE_TRUTH,XZ,y,-0.0625,x,-0.4375,z,0.3125,0.04087014551883898,0.04087014551883898,0.0,0.04000000040274644,0.09246458397011166
2001,1.0,20dB_nominal_difference,imag,truth_OFFLINE,OFFLINE_TRUTH,XZ,y,-0.0625,x,-0.3125,z,0.3125,0.04200386789419406,0.04200386789419406,0.0,0.04000000040274644,0.09246458397011166
2001,1.0,20dB_nominal_difference,imag,truth_OFFLINE,OFFLINE_TRUTH,XZ,y,-0.0625,x,-0.1875,z,0.3125,0.04304725185441845,0.04304725185441845,0.0,0.04000000040274644,0.09246458397011166
2001,1.0,20dB_nominal_difference,imag,truth_OFFLINE,OFFLINE_TRUTH,XZ,y,-0.0625,x,-0.0625,z,0.3125,0.043118397710292765,0.043118397710292765,0.0,0.04000000040274644,0.09246458397011166
2001,1.0,20dB_nominal_difference,imag,truth_OFFLINE,OFFLINE_TRUTH,XZ,y,-0.0625,x,0.0625,z,0.3125,0.04245177919332601,0.04245177919332601,0.0,0.04000000040274644,0.09246458397011166
2001,1.0,20dB_nominal_difference,imag,truth_OFFLINE,OFFLINE_TRUTH,XZ,y,-0.0625,x,0.1875,z,0.3125,0.04239868480922753,0.04239868480922753,0.0,0.04000000040274644,0.09246458397011166
2001,1.0,20dB_nominal_difference,imag,truth_OFFLINE,OFFLINE_TRUTH,XZ,y,-0.0625,x,0.3125,z,0.3125,0.04347703085596035,0.04347703085596035,0.0,0.04000000040274644,0.09246458397011166
2001,1.0,20dB_nominal_difference,imag,truth_OFFLINE,OFFLINE_TRUTH,XZ,y,-0.0625,x,0.4375,z,0.3125,0.044308170291546226,0.044308170291546226,0.0,0.04000000040274644,0.09246458397011166
2001,1.0,20dB_nominal_difference,imag,truth_OFFLINE,OFFLINE_TRUTH,XZ,y,-0.0625,x,0.5625,z,0.3125,0.043529000055675095,0.043529000055675095,0.0,0.04000000040274644,0.09246458397011166
2001,1.0,20dB_nominal_difference,imag,truth_OFFLINE,OFFLINE_TRUTH,XZ,y,-0.0625,x,0.6875,z,0.3125,0.0418256575138533,0.0418256575138533,0.0,0.04000000040274644,0.09246458397011166
2001,1.0,20dB_nominal_difference,imag,truth_OFFLINE,OFFLINE_TRUTH,XZ,y,-0.0625,x,-0.6875,z,0.4375,0.04001234976253653,0.04001234976253653,0.0,0.04000000040274644,0.09246458397011166
2001,1.0,20dB_nominal_difference,imag,truth_OFFLINE,OFFLINE_TRUTH,XZ,y,-0.0625,x,-0.5625,z,0.4375,0.04006554170420292,0.04006554170420292,0.0,0.04000000040274644,0.09246458397011166
2001,1.0,20dB_nominal_difference,imag,truth_OFFLINE,OFFLINE_TRUTH,XZ,y,-0.0625,x,-0.4375,z,0.4375,0.04022911398585992,0.04022911398585992,0.0,0.04000000040274644,0.09246458397011166
2001,1.0,20dB_nominal_difference,imag,truth_OFFLINE,OFFLINE_TRUTH,XZ,y,-0.0625,x,-0.3125,z,0.4375,0.04052789543410356,0.04052789543410356,0.0,0.04000000040274644,0.09246458397011166
2001,1.0,20dB_nominal_difference,imag,truth_OFFLINE,OFFLINE_TRUTH,XZ,y,-0.0625,x,-0.1875,z,0.4375,0.04080637516124392,0.04080637516124392,0.0,0.04000000040274644,0.09246458397011166
2001,1.0,20dB_nominal_difference,imag,truth_OFFLINE,OFFLINE_TRUTH,XZ,y,-0.0625,x,-0.0625,z,0.4375,0.040855824932046376,0.040855824932046376,0.0,0.04000000040274644,0.09246458397011166
2001,1.0,20dB_nominal_difference,imag,truth_OFFLINE,OFFLINE_TRUTH,XZ,y,-0.0625,x,0.0625,z,0.4375,0.0408320210894075,0.0408320210894075,0.0,0.04000000040274644,0.09246458397011166
2001,1.0,20dB_nominal_difference,imag,truth_OFFLINE,OFFLINE_TRUTH,XZ,y,-0.0625,x,0.1875,z,0.4375,0.041258120845922945,0.041258120845922945,0.0,0.04000000040274644,0.09246458397011166
2001,1.0,20dB_nominal_difference,imag,truth_OFFLINE,OFFLINE_TRUTH,XZ,y,-0.0625,x,0.3125,z,0.4375,0.04223461269576298,0.04223461269576298,0.0,0.04000000040274644,0.09246458397011166
2001,1.0,20dB_nominal_difference,imag,truth_OFFLINE,OFFLINE_TRUTH,XZ,y,-0.0625,x,0.4375,z,0.4375,0.042874614895089654,0.042874614895089654,0.0,0.04000000040274644,0.09246458397011166
2001,1.0,20dB_nominal_difference,imag,truth_OFFLINE,OFFLINE_TRUTH,XZ,y,-0.0625,x,0.5625,z,0.4375,0.04236787463476232,0.04236787463476232,0.0,0.04000000040274644,0.09246458397011166
2001,1.0,20dB_nominal_difference,imag,truth_OFFLINE,OFFLINE_TRUTH,XZ,y,-0.0625,x,0.6875,z,0.4375,0.04122599328266111,0.04122599328266111,0.0,0.04000000040274644,0.09246458397011166
2001,1.0,20dB_nominal_difference,imag,truth_OFFLINE,OFFLINE_TRUTH,XZ,y,-0.0625,x,-0.6875,z,0.5625,0.040002510578604614,0.040002510578604614,0.0,0.04000000040274644,0.09246458397011166
2001,1.0,20dB_nominal_difference,imag,truth_OFFLINE,OFFLINE_TRUTH,XZ,y,-0.0625,x,-0.5625,z,0.5625,0.04001332407411071,0.04001332407411071,0.0,0.04000000040274644,0.09246458397011166
2001,1.0,20dB_nominal_difference,imag,truth_OFFLINE,OFFLINE_TRUTH,XZ,y,-0.0625,x,-0.4375,z,0.5625,0.04004658127897162,0.04004658127897162,0.0,0.04000000040274644,0.09246458397011166
2001,1.0,20dB_nominal_difference,imag,truth_OFFLINE,OFFLINE_TRUTH,XZ,y,-0.0625,x,-0.3125,z,0.5625,0.04010742078037276,0.04010742078037276,0.0,0.04000000040274644,0.09246458397011166
2001,1.0,20dB_nominal_difference,imag,truth_OFFLINE,OFFLINE_TRUTH,XZ,y,-0.0625,x,-0.1875,z,0.5625,0.04016536426961573,0.04016536426961573,0.0,0.04000000040274644,0.09246458397011166
2001,1.0,20dB_nominal_difference,imag,truth_OFFLINE,OFFLINE_TRUTH,XZ,y,-0.0625,x,-0.0625,z,0.5625,0.04018627310123466,0.04018627310123466,0.0,0.04000000040274644,0.09246458397011166
2001,1.0,20dB_nominal_difference,imag,truth_OFFLINE,OFFLINE_TRUTH,XZ,y,-0.0625,x,0.0625,z,0.5625,0.0402350510100591,0.0402350510100591,0.0,0.04000000040274644,0.09246458397011166
2001,1.0,20dB_nominal_difference,imag,truth_OFFLINE,OFFLINE_TRUTH,XZ,y,-0.0625,x,0.1875,z,0.5625,0.04047720429484549,0.04047720429484549,0.0,0.04000000040274644,0.09246458397011166
2001,1.0,20dB_nominal_difference,imag,truth_OFFLINE,OFFLINE_TRUTH,XZ,y,-0.0625,x,0.3125,z,0.5625,0.0409204828671949,0.0409204828671949,0.0,0.04000000040274644,0.09246458397011166
2001,1.0,20dB_nominal_difference,imag,truth_OFFLINE,OFFLINE_TRUTH,XZ,y,-0.0625,x,0.4375,z,0.5625,0.0411994381221375,0.0411994381221375,0.0,0.04000000040274644,0.09246458397011166
2001,1.0,20dB_nominal_difference,imag,truth_OFFLINE,OFFLINE_TRUTH,XZ,y,-0.0625,x,0.5625,z,0.5625,0.04098983494479729,0.04098983494479729,0.0,0.04000000040274644,0.09246458397011166
2001,1.0,20dB_nominal_difference,imag,truth_OFFLINE,OFFLINE_TRUTH,XZ,y,-0.0625,x,0.6875,z,0.5625,0.040512639549706235,0.040512639549706235,0.0,0.04000000040274644,0.09246458397011166
2001,1.0,20dB_nominal_difference,imag,truth_OFFLINE,OFFLINE_TRUTH,XZ,y,-0.0625,x,-0.6875,z,0.6875,0.04000039406705946,0.04000039406705946,0.0,0.04000000040274644,0.09246458397011166
2001,1.0,20dB_nominal_difference,imag,truth_OFFLINE,OFFLINE_TRUTH,XZ,y,-0.0625,x,-0.5625,z,0.6875,0.04000209140718957,0.04000209140718957,0.0,0.04000000040274644,0.09246458397011166
2001,1.0,20dB_nominal_difference,imag,truth_OFFLINE,OFFLINE_TRUTH,XZ,y,-0.0625,x,-0.4375,z,0.6875,0.040007312483018226,0.040007312483018226,0.0,0.04000000040274644,0.09246458397011166
2001,1.0,20dB_nominal_difference,imag,truth_OFFLINE,OFFLINE_TRUTH,XZ,y,-0.0625,x,-0.3125,z,0.6875,0.040016882198969934,0.040016882198969934,0.0,0.04000000040274644,0.09246458397011166
2001,1.0,20dB_nominal_difference,imag,truth_OFFLINE,OFFLINE_TRUTH,XZ,y,-0.0625,x,-0.1875,z,0.6875,0.0400262450492707,0.0400262450492707,0.0,0.04000000040274644,0.09246458397011166
2001,1.0,20dB_nominal_difference,imag,truth_OFFLINE,OFFLINE_TRUTH,XZ,y,-0.0625,x,-0.0625,z,0.6875,0.04003171121742498,0.04003171121742498,0.0,0.04000000040274644,0.09246458397011166
2001,1.0,20dB_nominal_difference,imag,truth_OFFLINE,OFFLINE_TRUTH,XZ,y,-0.0625,x,0.0625,z,0.6875,0.040050155234095816,0.040050155234095816,0.0,0.04000000040274644,0.09246458397011166
2001,1.0,20dB_nominal_difference,imag,truth_OFFLINE,OFFLINE_TRUTH,XZ,y,-0.0625,x,0.1875,z,0.6875,0.04011945713034547,0.04011945713034547,0.0,0.04000000040274644,0.09246458397011166
2001,1.0,20dB_nominal_difference,imag,truth_OFFLINE,OFFLINE_TRUTH,XZ,y,-0.0625,x,0.3125,z,0.6875,0.04023828247449674,0.04023828247449674,0.0,0.04000000040274644,0.09246458397011166
2001,1.0,20dB_nominal_difference,imag,truth_OFFLINE,OFFLINE_TRUTH,XZ,y,-0.0625,x,0.4375,z,0.6875,0.040312016454979366,0.040312016454979366,0.0,0.04000000040274644,0.09246458397011166
2001,1.0,20dB_nominal_difference,imag,truth_OFFLINE,OFFLINE_TRUTH,XZ,y,-0.0625,x,0.5625,z,0.6875,0.04025767111161847,0.04025767111161847,0.0,0.04000000040274644,0.09246458397011166
2001,1.0,20dB_nominal_difference,imag,truth_OFFLINE,OFFLINE_TRUTH,XZ,y,-0.0625,x,0.6875,z,0.6875,0.04013346276904124,0.04013346276904124,0.0,0.04000000040274644,0.09246458397011166
2001,1.0,20dB_nominal_difference,imag,truth_OFFLINE,OFFLINE_TRUTH,YZ,x,-0.0625,y,-0.6875,z,-0.6875,0.040162831302886455,0.040162831302886455,0.0,0.04000000040274644,0.09246458397011166
2001,1.0,20dB_nominal_difference,imag,truth_OFFLINE,OFFLINE_TRUTH,YZ,x,-0.0625,y,-0.5625,z,-0.6875,0.04065495708385279,0.04065495708385279,0.0,0.04000000040274644,0.09246458397011166
2001,1.0,20dB_nominal_difference,imag,truth_OFFLINE,OFFLINE_TRUTH,YZ,x,-0.0625,y,-0.4375,z,-0.6875,0.042017303955148806,0.042017303955148806,0.0,0.04000000040274644,0.09246458397011166
2001,1.0,20dB_nominal_difference,imag,truth_OFFLINE,OFFLINE_TRUTH,YZ,x,-0.0625,y,-0.3125,z,-0.6875,0.04475787893080464,0.04475787893080464,0.0,0.04000000040274644,0.09246458397011166
2001,1.0,20dB_nominal_difference,imag,truth_OFFLINE,OFFLINE_TRUTH,YZ,x,-0.0625,y,-0.1875,z,-0.6875,0.048592884697165994,0.048592884697165994,0.0,0.04000000040274644,0.09246458397011166
2001,1.0,20dB_nominal_difference,imag,truth_OFFLINE,OFFLINE_TRUTH,YZ,x,-0.0625,y,-0.0625,z,-0.6875,0.05188360299030687,0.05188360299030687,0.0,0.04000000040274644,0.09246458397011166
2001,1.0,20dB_nominal_difference,imag,truth_OFFLINE,OFFLINE_TRUTH,YZ,x,-0.0625,y,0.0625,z,-0.6875,0.052584641418285324,0.052584641418285324,0.0,0.04000000040274644,0.09246458397011166
2001,1.0,20dB_nominal_difference,imag,truth_OFFLINE,OFFLINE_TRUTH,YZ,x,-0.0625,y,0.1875,z,-0.6875,0.0502050972317852,0.0502050972317852,0.0,0.04000000040274644,0.09246458397011166
2001,1.0,20dB_nominal_difference,imag,truth_OFFLINE,OFFLINE_TRUTH,YZ,x,-0.0625,y,0.3125,z,-0.6875,0.046336903781670505,0.046336903781670505,0.0,0.04000000040274644,0.09246458397011166
2001,1.0,20dB_nominal_difference,imag,truth_OFFLINE,OFFLINE_TRUTH,YZ,x,-0.0625,y,0.4375,z,-0.6875,0.04301315079266866,0.04301315079266866,0.0,0.04000000040274644,0.09246458397011166
2001,1.0,20dB_nominal_difference,imag,truth_OFFLINE,OFFLINE_TRUTH,YZ,x,-0.0625,y,0.5625,z,-0.6875,0.0410971057769741,0.0410971057769741,0.0,0.04000000040274644,0.09246458397011166
2001,1.0,20dB_nominal_difference,imag,truth_OFFLINE,OFFLINE_TRUTH,YZ,x,-0.0625,y,0.6875,z,-0.6875,0.04030588622494467,0.04030588622494467,0.0,0.04000000040274644,0.09246458397011166
2001,1.0,20dB_nominal_difference,imag,truth_OFFLINE,OFFLINE_TRUTH,YZ,x,-0.0625,y,-0.6875,z,-0.5625,0.04033940945723504,0.04033940945723504,0.0,0.04000000040274644,0.09246458397011166
2001,1.0,20dB_nominal_difference,imag,truth_OFFLINE,OFFLINE_TRUTH,YZ,x,-0.0625,y,-0.5625,z,-0.5625,0.041365208190342985,0.041365208190342985,0.0,0.04000000040274644,0.09246458397011166
2001,1.0,20dB_nominal_difference,imag,truth_OFFLINE,OFFLINE_TRUTH,YZ,x,-0.0625,y,-0.4375,z,-0.5625,0.04420491655137334,0.04420491655137334,0.0,0.04000000040274644,0.09246458397011166
2001,1.0,20dB_nominal_difference,imag,truth_OFFLINE,OFFLINE_TRUTH,YZ,x,-0.0625,y,-0.3125,z,-0.5625,0.04991743650819989,0.04991743650819989,0.0,0.04000000040274644,0.09246458397011166
2001,1.0,20dB_nominal_difference,imag,truth_OFFLINE,OFFLINE_TRUTH,YZ,x,-0.0625,y,-0.1875,z,-0.5625,0.05791121435197185,0.05791121435197185,0.0,0.04000000040274644,0.09246458397011166
2001,1.0,20dB_nominal_difference,imag,truth_OFFLINE,OFFLINE_TRUTH,YZ,x,-0.0625,y,-0.0625,z,-0.5625,0.06477046815458143,0.06477046815458143,0.0,0.04000000040274644,0.09246458397011166
2001,1.0,20dB_nominal_difference,imag,truth_OFFLINE,OFFLINE_TRUTH,YZ,x,-0.0625,y,0.0625,z,-0.5625,0.0662317399936571,0.0662317399936571,0.0,0.04000000040274644,0.09246458397011166
2001,1.0,20dB_nominal_difference,imag,truth_OFFLINE,OFFLINE_TRUTH,YZ,x,-0.0625,y,0.1875,z,-0.5625,0.0612717933010412,0.0612717933010412,0.0,0.04000000040274644,0.09246458397011166
2001,1.0,20dB_nominal_difference,imag,truth_OFFLINE,OFFLINE_TRUTH,YZ,x,-0.0625,y,0.3125,z,-0.5625,0.05320888892676498,0.05320888892676498,0.0,0.04000000040274644,0.09246458397011166
2001,1.0,20dB_nominal_difference,imag,truth_OFFLINE,OFFLINE_TRUTH,YZ,x,-0.0625,y,0.4375,z,-0.5625,0.04628080638120824,0.04628080638120824,0.0,0.04000000040274644,0.09246458397011166
2001,1.0,20dB_nominal_difference,imag,truth_OFFLINE,OFFLINE_TRUTH,YZ,x,-0.0625,y,0.5625,z,-0.5625,0.042286929649873274,0.042286929649873274,0.0,0.04000000040274644,0.09246458397011166
2001,1.0,20dB_nominal_difference,imag,truth_OFFLINE,OFFLINE_TRUTH,YZ,x,-0.0625,y,0.6875,z,-0.5625,0.04063764221858026,0.04063764221858026,0.0,0.04000000040274644,0.09246458397011166
2001,1.0,20dB_nominal_difference,imag,truth_OFFLINE,OFFLINE_TRUTH,YZ,x,-0.0625,y,-0.6875,z,-0.4375,0.040546249373600574,0.040546249373600574,0.0,0.04000000040274644,0.09246458397011166
2001,1.0,20dB_nominal_difference,imag,truth_OFFLINE,OFFLINE_TRUTH,YZ,x,-0.0625,y,-0.5625,z,-0.4375,0.04219718131888095,0.04219718131888095,0.0,0.04000000040274644,0.09246458397011166
2001,1.0,20dB_nominal_difference,imag,truth_OFFLINE,OFFLINE_TRUTH,YZ,x,-0.0625,y,-0.4375,z,-0.4375,0.046767439700994694,0.046767439700994694,0.0,0.04000000040274644,0.09246458397011166
2001,1.0,20dB_nominal_difference,imag,truth_OFFLINE,OFFLINE_TRUTH,YZ,x,-0.0625,y,-0.3125,z,-0.4375,0.055961233421583094,0.055961233421583094,0.0,0.04000000040274644,0.09246458397011166
2001,1.0,20dB_nominal_difference,imag,truth_OFFLINE,OFFLINE_TRUTH,YZ,x,-0.0625,y,-0.1875,z,-0.4375,0.06882651279876037,0.06882651279876037,0.0,0.04000000040274644,0.09246458397011166
2001,1.0,20dB_nominal_difference,imag,truth_OFFLINE,OFFLINE_TRUTH,YZ,x,-0.0625,y,-0.0625,z,-0.4375,0.07986590868028234,0.07986590868028234,0.0,0.04000000040274644,0.09246458397011166
2001,1.0,20dB_nominal_difference,imag,truth_OFFLINE,OFFLINE_TRUTH,YZ,x,-0.0625,y,0.0625,z,-0.4375,0.0822178885765637,0.0822178885765637,0.0,0.04000000040274644,0.09246458397011166
2001,1.0,20dB_nominal_difference,imag,truth_OFFLINE,OFFLINE_TRUTH,YZ,x,-0.0625,y,0.1875,z,-0.4375,0.07423587778259876,0.07423587778259876,0.0,0.04000000040274644,0.09246458397011166
2001,1.0,20dB_nominal_difference,imag,truth_OFFLINE,OFFLINE_TRUTH,YZ,x,-0.0625,y,0.3125,z,-0.4375,0.06126026688148893,0.06126026688148893,0.0,0.04000000040274644,0.09246458397011166
2001,1.0,20dB_nominal_difference,imag,truth_OFFLINE,OFFLINE_TRUTH,YZ,x,-0.0625,y,0.4375,z,-0.4375,0.050110634941240996,0.050110634941240996,0.0,0.04000000040274644,0.09246458397011166
2001,1.0,20dB_nominal_difference,imag,truth_OFFLINE,OFFLINE_TRUTH,YZ,x,-0.0625,y,0.5625,z,-0.4375,0.04368235893646047,0.04368235893646047,0.0,0.04000000040274644,0.09246458397011166
2001,1.0,20dB_nominal_difference,imag,truth_OFFLINE,OFFLINE_TRUTH,YZ,x,-0.0625,y,0.6875,z,-0.4375,0.041027058968690654,0.041027058968690654,0.0,0.04000000040274644,0.09246458397011166
2001,1.0,20dB_nominal_difference,imag,truth_OFFLINE,OFFLINE_TRUTH,YZ,x,-0.0625,y,-0.6875,z,-0.3125,0.04067879547109257,0.04067879547109257,0.0,0.04000000040274644,0.09246458397011166
2001,1.0,20dB_nominal_difference,imag,truth_OFFLINE,OFFLINE_TRUTH,YZ,x,-0.0625,y,-0.5625,z,-0.3125,0.0427303220871997,0.0427303220871997,0.0,0.04000000040274644,0.09246458397011166
2001,1.0,20dB_nominal_difference,imag,truth_OFFLINE,OFFLINE_TRUTH,YZ,x,-0.0625,y,-0.4375,z,-0.3125,0.04840954279566198,0.04840954279566198,0.0,0.04000000040274644,0.09246458397011166
2001,1.0,20dB_nominal_difference,imag,truth_OFFLINE,OFFLINE_TRUTH,YZ,x,-0.0625,y,-0.3125,z,-0.3125,0.059834191402860615,0.059834191402860615,0.0,0.04000000040274644,0.09246458397011166
2001,1.0,20dB_nominal_difference,imag,truth_OFFLINE,OFFLINE_TRUTH,YZ,x,-0.0625,y,-0.1875,z,-0.3125,0.075821244738125,0.075821244738125,0.0,0.04000000040274644,0.09246458397011166
2001,1.0,20dB_nominal_difference,imag,truth_OFFLINE,OFFLINE_TRUTH,YZ,x,-0.0625,y,-0.0625,z,-0.3125,0.08953973087819014,0.08953973087819014,0.0,0.04000000040274644,0.09246458397011166
2001,1.0,20dB_nominal_difference,imag,truth_OFFLINE,OFFLINE_TRUTH,YZ,x,-0.0625,y,0.0625,z,-0.3125,0.09246458397011166,0.09246458397011166,0.0,0.04000000040274644,0.09246458397011166
2001,1.0,20dB_nominal_difference,imag,truth_OFFLINE,OFFLINE_TRUTH,YZ,x,-0.0625,y,0.1875,z,-0.3125,0.08255232476601863,0.08255232476601863,0.0,0.04000000040274644,0.09246458397011166
2001,1.0,20dB_nominal_difference,imag,truth_OFFLINE,OFFLINE_TRUTH,YZ,x,-0.0625,y,0.3125,z,-0.3125,0.06643855128553187,0.06643855128553187,0.0,0.04000000040274644,0.09246458397011166
2001,1.0,20dB_nominal_difference,imag,truth_OFFLINE,OFFLINE_TRUTH,YZ,x,-0.0625,y,0.4375,z,-0.3125,0.05258913910695796,0.05258913910695796,0.0,0.04000000040274644,0.09246458397011166
2001,1.0,20dB_nominal_difference,imag,truth_OFFLINE,OFFLINE_TRUTH,YZ,x,-0.0625,y,0.5625,z,-0.3125,0.04459557947474058,0.04459557947474058,0.0,0.04000000040274644,0.09246458397011166
2001,1.0,20dB_nominal_difference,imag,truth_OFFLINE,OFFLINE_TRUTH,YZ,x,-0.0625,y,0.6875,z,-0.3125,0.041285629707085714,0.041285629707085714,0.0,0.04000000040274644,0.09246458397011166
2001,1.0,20dB_nominal_difference,imag,truth_OFFLINE,OFFLINE_TRUTH,YZ,x,-0.0625,y,-0.6875,z,-0.1875,0.04065128022482266,0.04065128022482266,0.0,0.04000000040274644,0.09246458397011166
2001,1.0,20dB_nominal_difference,imag,truth_OFFLINE,OFFLINE_TRUTH,YZ,x,-0.0625,y,-0.5625,z,-0.1875,0.04261964740624892,0.04261964740624892,0.0,0.04000000040274644,0.09246458397011166
2001,1.0,20dB_nominal_difference,imag,truth_OFFLINE,OFFLINE_TRUTH,YZ,x,-0.0625,y,-0.4375,z,-0.1875,0.04806865943328114,0.04806865943328114,0.0,0.04000000040274644,0.09246458397011166
2001,1.0,20dB_nominal_difference,imag,truth_OFFLINE,OFFLINE_TRUTH,YZ,x,-0.0625,y,-0.3125,z,-0.1875,0.05903022582407174,0.05903022582407174,0.0,0.04000000040274644,0.09246458397011166
2001,1.0,20dB_nominal_difference,imag,truth_OFFLINE,OFFLINE_TRUTH,YZ,x,-0.0625,y,-0.1875,z,-0.1875,0.0743695501448296,0.0743695501448296,0.0,0.04000000040274644,0.09246458397011166
2001,1.0,20dB_nominal_difference,imag,truth_OFFLINE,OFFLINE_TRUTH,YZ,x,-0.0625,y,-0.0625,z,-0.1875,0.08753479187993465,0.08753479187993465,0.0,0.04000000040274644,0.09246458397011166
2001,1.0,20dB_nominal_difference,imag,truth_OFFLINE,OFFLINE_TRUTH,YZ,x,-0.0625,y,0.0625,z,-0.1875,0.09035621871766206,0.09035621871766206,0.0,0.04000000040274644,0.09246458397011166
2001,1.0,20dB_nominal_difference,imag,truth_OFFLINE,OFFLINE_TRUTH,YZ,x,-0.0625,y,0.1875,z,-0.1875,0.08089153863545867,0.08089153863545867,0.0,0.04000000040274644,0.09246458397011166
2001,1.0,20dB_nominal_difference,imag,truth_OFFLINE,OFFLINE_TRUTH,YZ,x,-0.0625,y,0.3125,z,-0.1875,0.06550301256891934,0.06550301256891934,0.0,0.04000000040274644,0.09246458397011166
2001,1.0,20dB_nominal_difference,imag,truth_OFFLINE,OFFLINE_TRUTH,YZ,x,-0.0625,y,0.4375,z,-0.1875,0.05225438682855693,0.05225438682855693,0.0,0.04000000040274644,0.09246458397011166
2001,1.0,20dB_nominal_difference,imag,truth_OFFLINE,OFFLINE_TRUTH,YZ,x,-0.0625,y,0.5625,z,-0.1875,0.044546662085668945,0.044546662085668945,0.0,0.04000000040274644,0.09246458397011166
2001,1.0,20dB_nominal_difference,imag,truth_OFFLINE,OFFLINE_TRUTH,YZ,x,-0.0625,y,0.6875,z,-0.1875,0.041298747575853424,0.041298747575853424,0.0,0.04000000040274644,0.09246458397011166
2001,1.0,20dB_nominal_difference,imag,truth_OFFLINE,OFFLINE_TRUTH,YZ,x,-0.0625,y,-0.6875,z,-0.0625,0.0404824783380541,0.0404824783380541,0.0,0.04000000040274644,0.09246458397011166
2001,1.0,20dB_nominal_difference,imag,truth_OFFLINE,OFFLINE_TRUTH,YZ,x,-0.0625,y,-0.5625,z,-0.0625,0.041940674889274845,0.041940674889274845,0.0,0.04000000040274644,0.09246458397011166
2001,1.0,20dB_nominal_difference,imag,truth_OFFLINE,OFFLINE_TRUTH,YZ,x,-0.0625,y,-0.4375,z,-0.0625,0.04597738968844294,0.04597738968844294,0.0,0.04000000040274644,0.09246458397011166
2001,1.0,20dB_nominal_difference,imag,truth_OFFLINE,OFFLINE_TRUTH,YZ,x,-0.0625,y,-0.3125,z,-0.0625,0.054097973691774014,0.054097973691774014,0.0,0.04000000040274644,0.09246458397011166
2001,1.0,20dB_nominal_difference,imag,truth_OFFLINE,OFFLINE_TRUTH,YZ,x,-0.0625,y,-0.1875,z,-0.0625,0.06546292494247057,0.06546292494247057,0.0,0.04000000040274644,0.09246458397011166
2001,1.0,20dB_nominal_difference,imag,truth_OFFLINE,OFFLINE_TRUTH,YZ,x,-0.0625,y,-0.0625,z,-0.0625,0.07522816100604189,0.07522816100604189,0.0,0.04000000040274644,0.09246458397011166
2001,1.0,20dB_nominal_difference,imag,truth_OFFLINE,OFFLINE_TRUTH,YZ,x,-0.0625,y,0.0625,z,-0.0625,0.07738345775658874,0.07738345775658874,0.0,0.04000000040274644,0.09246458397011166
2001,1.0,20dB_nominal_difference,imag,truth_OFFLINE,OFFLINE_TRUTH,YZ,x,-0.0625,y,0.1875,z,-0.0625,0.07056893671150717,0.07056893671150717,0.0,0.04000000040274644,0.09246458397011166
2001,1.0,20dB_nominal_difference,imag,truth_OFFLINE,OFFLINE_TRUTH,YZ,x,-0.0625,y,0.3125,z,-0.0625,0.05947908919312968,0.05947908919312968,0.0,0.04000000040274644,0.09246458397011166
2001,1.0,20dB_nominal_difference,imag,truth_OFFLINE,OFFLINE_TRUTH,YZ,x,-0.0625,y,0.4375,z,-0.0625,0.04983387286069964,0.04983387286069964,0.0,0.04000000040274644,0.09246458397011166
2001,1.0,20dB_nominal_difference,imag,truth_OFFLINE,OFFLINE_TRUTH,YZ,x,-0.0625,y,0.5625,z,-0.0625,0.04395950305677281,0.04395950305677281,0.0,0.04000000040274644,0.09246458397011166
2001,1.0,20dB_nominal_difference,imag,truth_OFFLINE,OFFLINE_TRUTH,YZ,x,-0.0625,y,0.6875,z,-0.0625,0.04124290782960705,0.04124290782960705,0.0,0.04000000040274644,0.09246458397011166
2001,1.0,20dB_nominal_difference,imag,truth_OFFLINE,OFFLINE_TRUTH,YZ,x,-0.0625,y,-0.6875,z,0.0625,0.040275974352199234,0.040275974352199234,0.0,0.04000000040274644,0.09246458397011166
2001,1.0,20dB_nominal_difference,imag,truth_OFFLINE,OFFLINE_TRUTH,YZ,x,-0.0625,y,-0.5625,z,0.0625,0.04111005314425662,0.04111005314425662,0.0,0.04000000040274644,0.09246458397011166
2001,1.0,20dB_nominal_difference,imag,truth_OFFLINE,OFFLINE_TRUTH,YZ,x,-0.0625,y,-0.4375,z,0.0625,0.04341903593437623,0.04341903593437623,0.0,0.04000000040274644,0.09246458397011166
2001,1.0,20dB_nominal_difference,imag,truth_OFFLINE,OFFLINE_TRUTH,YZ,x,-0.0625,y,-0.3125,z,0.0625,0.048064188900780645,0.048064188900780645,0.0,0.04000000040274644,0.09246458397011166
2001,1.0,20dB_nominal_difference,imag,truth_OFFLINE,OFFLINE_TRUTH,YZ,x,-0.0625,y,-0.1875,z,0.0625,0.05456843013752576,0.05456843013752576,0.0,0.04000000040274644,0.09246458397011166
2001,1.0,20dB_nominal_difference,imag,truth_OFFLINE,OFFLINE_TRUTH,YZ,x,-0.0625,y,-0.0625,z,0.0625,0.06018647493002061,0.06018647493002061,0.0,0.04000000040274644,0.09246458397011166
2001,1.0,20dB_nominal_difference,imag,truth_OFFLINE,OFFLINE_TRUTH,YZ,x,-0.0625,y,0.0625,z,0.0625,0.06159192535196833,0.06159192535196833,0.0,0.04000000040274644,0.09246458397011166
2001,1.0,20dB_nominal_difference,imag,truth_OFFLINE,OFFLINE_TRUTH,YZ,x,-0.0625,y,0.1875,z,0.0625,0.05821630819609783,0.05821630819609783,0.0,0.04000000040274644,0.09246458397011166
2001,1.0,20dB_nominal_difference,imag,truth_OFFLINE,OFFLINE_TRUTH,YZ,x,-0.0625,y,0.3125,z,0.0625,0.05269510000741223,0.05269510000741223,0.0,0.04000000040274644,0.09246458397011166
2001,1.0,20dB_nominal_difference,imag,truth_OFFLINE,OFFLINE_TRUTH,YZ,x,-0.0625,y,0.4375,z,0.0625,0.04762748903019977,0.04762748903019977,0.0,0.04000000040274644,0.09246458397011166
2001,1.0,20dB_nominal_difference,imag,truth_OFFLINE,OFFLINE_TRUTH,YZ,x,-0.0625,y,0.5625,z,0.0625,0.043831778223804546,0.043831778223804546,0.0,0.04000000040274644,0.09246458397011166
2001,1.0,20dB_nominal_difference,imag,truth_OFFLINE,OFFLINE_TRUTH,YZ,x,-0.0625,y,0.6875,z,0.0625,0.04145504458154612,0.04145504458154612,0.0,0.04000000040274644,0.09246458397011166
2001,1.0,20dB_nominal_difference,imag,truth_OFFLINE,OFFLINE_TRUTH,YZ,x,-0.0625,y,-0.6875,z,0.1875,0.040121882291388467,0.040121882291388467,0.0,0.04000000040274644,0.09246458397011166
2001,1.0,20dB_nominal_difference,imag,truth_OFFLINE,OFFLINE_TRUTH,YZ,x,-0.0625,y,-0.5625,z,0.1875,0.040490248145876276,0.040490248145876276,0.0,0.04000000040274644,0.09246458397011166
2001,1.0,20dB_nominal_difference,imag,truth_OFFLINE,OFFLINE_TRUTH,YZ,x,-0.0625,y,-0.4375,z,0.1875,0.04151001040399258,0.04151001040399258,0.0,0.04000000040274644,0.09246458397011166
2001,1.0,20dB_nominal_difference,imag,truth_OFFLINE,OFFLINE_TRUTH,YZ,x,-0.0625,y,-0.3125,z,0.1875,0.043561892060171706,0.043561892060171706,0.0,0.04000000040274644,0.09246458397011166
2001,1.0,20dB_nominal_difference,imag,truth_OFFLINE,OFFLINE_TRUTH,YZ,x,-0.0625,y,-0.1875,z,0.1875,0.04644024281803608,0.04644024281803608,0.0,0.04000000040274644,0.09246458397011166
2001,1.0,20dB_nominal_difference,imag,truth_OFFLINE,OFFLINE_TRUTH,YZ,x,-0.0625,y,-0.0625,z,0.1875,0.04897405992868381,0.04897405992868381,0.0,0.04000000040274644,0.09246458397011166
2001,1.0,20dB_nominal_difference,imag,truth_OFFLINE,OFFLINE_TRUTH,YZ,x,-0.0625,y,0.0625,z,0.1875,0.04987530505994937,0.04987530505994937,0.0,0.04000000040274644,0.09246458397011166
2001,1.0,20dB_nominal_difference,imag,truth_OFFLINE,OFFLINE_TRUTH,YZ,x,-0.0625,y,0.1875,z,0.1875,0.04923314464801794,0.04923314464801794,0.0,0.04000000040274644,0.09246458397011166
2001,1.0,20dB_nominal_difference,imag,truth_OFFLINE,OFFLINE_TRUTH,YZ,x,-0.0625,y,0.3125,z,0.1875,0.04813068972420026,0.04813068972420026,0.0,0.04000000040274644,0.09246458397011166
2001,1.0,20dB_nominal_difference,imag,truth_OFFLINE,OFFLINE_TRUTH,YZ,x,-0.0625,y,0.4375,z,0.1875,0.04662287940390382,0.04662287940390382,0.0,0.04000000040274644,0.09246458397011166
2001,1.0,20dB_nominal_difference,imag,truth_OFFLINE,OFFLINE_TRUTH,YZ,x,-0.0625,y,0.5625,z,0.1875,0.044238648409191395,0.044238648409191395,0.0,0.04000000040274644,0.09246458397011166
2001,1.0,20dB_nominal_difference,imag,truth_OFFLINE,OFFLINE_TRUTH,YZ,x,-0.0625,y,0.6875,z,0.1875,0.041851809876312575,0.041851809876312575,0.0,0.04000000040274644,0.09246458397011166
2001,1.0,20dB_nominal_difference,imag,truth_OFFLINE,OFFLINE_TRUTH,YZ,x,-0.0625,y,-0.6875,z,0.3125,0.040041561719250184,0.040041561719250184,0.0,0.04000000040274644,0.09246458397011166
2001,1.0,20dB_nominal_difference,imag,truth_OFFLINE,OFFLINE_TRUTH,YZ,x,-0.0625,y,-0.5625,z,0.3125,0.04016717438226305,0.04016717438226305,0.0,0.04000000040274644,0.09246458397011166
2001,1.0,20dB_nominal_difference,imag,truth_OFFLINE,OFFLINE_TRUTH,YZ,x,-0.0625,y,-0.4375,z,0.3125,0.040514926888339936,0.040514926888339936,0.0,0.04000000040274644,0.09246458397011166
2001,1.0,20dB_nominal_difference,imag,truth_OFFLINE,OFFLINE_TRUTH,YZ,x,-0.0625,y,-0.3125,z,0.3125,0.04121499222767107,0.04121499222767107,0.0,0.04000000040274644,0.09246458397011166
2001,1.0,20dB_nominal_difference,imag,truth_OFFLINE,OFFLINE_TRUTH,YZ,x,-0.0625,y,-0.1875,z,0.3125,0.042202243968647794,0.042202243968647794,0.0,0.04000000040274644,0.09246458397011166
2001,1.0,20dB_nominal_difference,imag,truth_OFFLINE,OFFLINE_TRUTH,YZ,x,-0.0625,y,-0.0625,z,0.3125,0.043118397710292765,0.043118397710292765,0.0,0.04000000040274644,0.09246458397011166
2001,1.0,20dB_nominal_difference,imag,truth_OFFLINE,OFFLINE_TRUTH,YZ,x,-0.0625,y,0.0625,z,0.3125,0.04370349346053963,0.04370349346053963,0.0,0.04000000040274644,0.09246458397011166
2001,1.0,20dB_nominal_difference,imag,truth_OFFLINE,OFFLINE_TRUTH,YZ,x,-0.0625,y,0.1875,z,0.3125,0.04432481272709743,0.04432481272709743,0.0,0.04000000040274644,0.09246458397011166
2001,1.0,20dB_nominal_difference,imag,truth_OFFLINE,OFFLINE_TRUTH,YZ,x,-0.0625,y,0.3125,z,0.3125,0.04527166155046348,0.04527166155046348,0.0,0.04000000040274644,0.09246458397011166
2001,1.0,20dB_nominal_difference,imag,truth_OFFLINE,OFFLINE_TRUTH,YZ,x,-0.0625,y,0.4375,z,0.3125,0.04548057025102747,0.04548057025102747,0.0,0.04000000040274644,0.09246458397011166
2001,1.0,20dB_nominal_difference,imag,truth_OFFLINE,OFFLINE_TRUTH,YZ,x,-0.0625,y,0.5625,z,0.3125,0.04396664690422693,0.04396664690422693,0.0,0.04000000040274644,0.09246458397011166
2001,1.0,20dB_nominal_difference,imag,truth_OFFLINE,OFFLINE_TRUTH,YZ,x,-0.0625,y,0.6875,z,0.3125,0.04182874666482642,0.04182874666482642,0.0,0.04000000040274644,0.09246458397011166
2001,1.0,20dB_nominal_difference,imag,truth_OFFLINE,OFFLINE_TRUTH,YZ,x,-0.0625,y,-0.6875,z,0.4375,0.040010942774183086,0.040010942774183086,0.0,0.04000000040274644,0.09246458397011166
2001,1.0,20dB_nominal_difference,imag,truth_OFFLINE,OFFLINE_TRUTH,YZ,x,-0.0625,y,-0.5625,z,0.4375,0.04004401550005805,0.04004401550005805,0.0,0.04000000040274644,0.09246458397011166
2001,1.0,20dB_nominal_difference,imag,truth_OFFLINE,OFFLINE_TRUTH,YZ,x,-0.0625,y,-0.4375,z,0.4375,0.04013558398247328,0.04013558398247328,0.0,0.04000000040274644,0.09246458397011166
2001,1.0,20dB_nominal_difference,imag,truth_OFFLINE,OFFLINE_TRUTH,YZ,x,-0.0625,y,-0.3125,z,0.4375,0.04032012856082906,0.04032012856082906,0.0,0.04000000040274644,0.09246458397011166
2001,1.0,20dB_nominal_difference,imag,truth_OFFLINE,OFFLINE_TRUTH,YZ,x,-0.0625,y,-0.1875,z,0.4375,0.040583487619334155,0.040583487619334155,0.0,0.04000000040274644,0.09246458397011166
2001,1.0,20dB_nominal_difference,imag,truth_OFFLINE,OFFLINE_TRUTH,YZ,x,-0.0625,y,-0.0625,z,0.4375,0.040855824932046376,0.040855824932046376,0.0,0.04000000040274644,0.09246458397011166
2001,1.0,20dB_nominal_difference,imag,truth_OFFLINE,OFFLINE_TRUTH,YZ,x,-0.0625,y,0.0625,z,0.4375,0.04117573008032967,0.04117573008032967,0.0,0.04000000040274644,0.09246458397011166
2001,1.0,20dB_nominal_difference,imag,truth_OFFLINE,OFFLINE_TRUTH,YZ,x,-0.0625,y,0.1875,z,0.4375,0.041841050245169674,0.041841050245169674,0.0,0.04000000040274644,0.09246458397011166
2001,1.0,20dB_nominal_difference,imag,truth_OFFLINE,OFFLINE_TRUTH,YZ,x,-0.0625,y,0.3125,z,0.4375,0.04288016937655089,0.04288016937655089,0.0,0.04000000040274644,0.09246458397011166
2001,1.0,20dB_nominal_difference,imag,truth_OFFLINE,OFFLINE_TRUTH,YZ,x,-0.0625,y,0.4375,z,0.4375,0.043366912039912754,0.043366912039912754,0.0,0.04000000040274644,0.09246458397011166
2001,1.0,20dB_nominal_difference,imag,truth_OFFLINE,OFFLINE_TRUTH,YZ,x,-0.0625,y,0.5625,z,0.4375,0.042549808083138775,0.042549808083138775,0.0,0.04000000040274644,0.09246458397011166
2001,1.0,20dB_nominal_difference,imag,truth_OFFLINE,OFFLINE_TRUTH,YZ,x,-0.0625,y,0.6875,z,0.4375,0.04119637699550357,0.04119637699550357,0.0,0.04000000040274644,0.09246458397011166
2001,1.0,20dB_nominal_difference,imag,truth_OFFLINE,OFFLINE_TRUTH,YZ,x,-0.0625,y,-0.6875,z,0.5625,0.04000222455132532,0.04000222455132532,0.0,0.04000000040274644,0.09246458397011166
2001,1.0,20dB_nominal_difference,imag,truth_OFFLINE,OFFLINE_TRUTH,YZ,x,-0.0625,y,-0.5625,z,0.5625,0.04000894796087011,0.04000894796087011,0.0,0.04000000040274644,0.09246458397011166
2001,1.0,20dB_nominal_difference,imag,truth_OFFLINE,OFFLINE_TRUTH,YZ,x,-0.0625,y,-0.4375,z,0.5625,0.040027565989594976,0.040027565989594976,0.0,0.04000000040274644,0.09246458397011166
2001,1.0,20dB_nominal_difference,imag,truth_OFFLINE,OFFLINE_TRUTH,YZ,x,-0.0625,y,-0.3125,z,0.5625,0.04006516133148572,0.04006516133148572,0.0,0.04000000040274644,0.09246458397011166
2001,1.0,20dB_nominal_difference,imag,truth_OFFLINE,OFFLINE_TRUTH,YZ,x,-0.0625,y,-0.1875,z,0.5625,0.040119910208704194,0.040119910208704194,0.0,0.04000000040274644,0.09246458397011166
2001,1.0,20dB_nominal_difference,imag,truth_OFFLINE,OFFLINE_TRUTH,YZ,x,-0.0625,y,-0.0625,z,0.5625,0.04018627310123466,0.04018627310123466,0.0,0.04000000040274644,0.09246458397011166
2001,1.0,20dB_nominal_difference,imag,truth_OFFLINE,OFFLINE_TRUTH,YZ,x,-0.0625,y,0.0625,z,0.5625,0.04030992270462864,0.04030992270462864,0.0,0.04000000040274644,0.09246458397011166
2001,1.0,20dB_nominal_difference,imag,truth_OFFLINE,OFFLINE_TRUTH,YZ,x,-0.0625,y,0.1875,z,0.5625,0.04062249667888878,0.04062249667888878,0.0,0.04000000040274644,0.09246458397011166
2001,1.0,20dB_nominal_difference,imag,truth_OFFLINE,OFFLINE_TRUTH,YZ,x,-0.0625,y,0.3125,z,0.5625,0.04111287628694723,0.04111287628694723,0.0,0.04000000040274644,0.09246458397011166
2001,1.0,20dB_nominal_difference,imag,truth_OFFLINE,OFFLINE_TRUTH,YZ,x,-0.0625,y,0.4375,z,0.5625,0.04136441020087273,0.04136441020087273,0.0,0.04000000040274644,0.09246458397011166
2001,1.0,20dB_nominal_difference,imag,truth_OFFLINE,OFFLINE_TRUTH,YZ,x,-0.0625,y,0.5625,z,0.5625,0.04105039501746476,0.04105039501746476,0.0,0.04000000040274644,0.09246458397011166
2001,1.0,20dB_nominal_difference,imag,truth_OFFLINE,OFFLINE_TRUTH,YZ,x,-0.0625,y,0.6875,z,0.5625,0.04049586450118124,0.04049586450118124,0.0,0.04000000040274644,0.09246458397011166
2001,1.0,20dB_nominal_difference,imag,truth_OFFLINE,OFFLINE_TRUTH,YZ,x,-0.0625,y,-0.6875,z,0.6875,0.040000349171230964,0.040000349171230964,0.0,0.04000000040274644,0.09246458397011166
2001,1.0,20dB_nominal_difference,imag,truth_OFFLINE,OFFLINE_TRUTH,YZ,x,-0.0625,y,-0.5625,z,0.6875,0.04000140450895627,0.04000140450895627,0.0,0.04000000040274644,0.09246458397011166
2001,1.0,20dB_nominal_difference,imag,truth_OFFLINE,OFFLINE_TRUTH,YZ,x,-0.0625,y,-0.4375,z,0.6875,0.04000432746896438,0.04000432746896438,0.0,0.04000000040274644,0.09246458397011166
2001,1.0,20dB_nominal_difference,imag,truth_OFFLINE,OFFLINE_TRUTH,YZ,x,-0.0625,y,-0.3125,z,0.6875,0.04001024449717641,0.04001024449717641,0.0,0.04000000040274644,0.09246458397011166
2001,1.0,20dB_nominal_difference,imag,truth_OFFLINE,OFFLINE_TRUTH,YZ,x,-0.0625,y,-0.1875,z,0.6875,0.04001908162051439,0.04001908162051439,0.0,0.04000000040274644,0.09246458397011166
2001,1.0,20dB_nominal_difference,imag,truth_OFFLINE,OFFLINE_TRUTH,YZ,x,-0.0625,y,-0.0625,z,0.6875,0.04003171121742498,0.04003171121742498,0.0,0.04000000040274644,0.09246458397011166
2001,1.0,20dB_nominal_difference,imag,truth_OFFLINE,OFFLINE_TRUTH,YZ,x,-0.0625,y,0.0625,z,0.6875,0.04006291313410764,0.04006291313410764,0.0,0.04000000040274644,0.09246458397011166
2001,1.0,20dB_nominal_difference,imag,truth_OFFLINE,OFFLINE_TRUTH,YZ,x,-0.0625,y,0.1875,z,0.6875,0.040147652515939165,0.040147652515939165,0.0,0.04000000040274644,0.09246458397011166
2001,1.0,20dB_nominal_difference,imag,truth_OFFLINE,OFFLINE_TRUTH,YZ,x,-0.0625,y,0.3125,z,0.6875,0.040280786099357375,0.040280786099357375,0.0,0.04000000040274644,0.09246458397011166
2001,1.0,20dB_nominal_difference,imag,truth_OFFLINE,OFFLINE_TRUTH,YZ,x,-0.0625,y,0.4375,z,0.6875,0.040350967379744904,0.040350967379744904,0.0,0.04000000040274644,0.09246458397011166
2001,1.0,20dB_nominal_difference,imag,truth_OFFLINE,OFFLINE_TRUTH,YZ,x,-0.0625,y,0.5625,z,0.6875,0.04027192003554585,0.04027192003554585,0.0,0.04000000040274644,0.09246458397011166
2001,1.0,20dB_nominal_difference,imag,truth_OFFLINE,OFFLINE_TRUTH,YZ,x,-0.0625,y,0.6875,z,0.6875,0.040128665940895446,0.040128665940895446,0.0,0.04000000040274644,0.09246458397011166
2001,1.0,20dB_nominal_difference,imag,dressed_linear_chi,REJECTED_PHYSICAL,XY,z,-0.0625,x,-0.6875,y,-0.6875,0.040016707583836804,0.08805450757612494,0.04803779999228814,0.04000000040274644,0.09246458397011166
2001,1.0,20dB_nominal_difference,imag,dressed_linear_chi,REJECTED_PHYSICAL,XY,z,-0.0625,x,-0.5625,y,-0.6875,0.040075465052344855,0.0868523338215282,0.04677686876918334,0.04000000040274644,0.09246458397011166
2001,1.0,20dB_nominal_difference,imag,dressed_linear_chi,REJECTED_PHYSICAL,XY,z,-0.0625,x,-0.4375,y,-0.6875,0.04022450106668207,0.07787271131093385,0.03764821024425177,0.04000000040274644,0.09246458397011166
2001,1.0,20dB_nominal_difference,imag,dressed_linear_chi,REJECTED_PHYSICAL,XY,z,-0.0625,x,-0.3125,y,-0.6875,0.04043987698804624,0.06984567887455242,0.029405801886506183,0.04000000040274644,0.09246458397011166
2001,1.0,20dB_nominal_difference,imag,dressed_linear_chi,REJECTED_PHYSICAL,XY,z,-0.0625,x,-0.1875,y,-0.6875,0.04056765488451424,0.06384067190156194,0.023273017017047697,0.04000000040274644,0.09246458397011166
2001,1.0,20dB_nominal_difference,imag,dressed_linear_chi,REJECTED_PHYSICAL,XY,z,-0.0625,x,-0.0625,y,-0.6875,0.0404824783380541,0.05976882891090135,0.01928635057284725,0.04000000040274644,0.09246458397011166
2001,1.0,20dB_nominal_difference,imag,dressed_linear_chi,REJECTED_PHYSICAL,XY,z,-0.0625,x,0.0625,y,-0.6875,0.04027009191368461,0.05673923558471268,0.016469143671028072,0.04000000040274644,0.09246458397011166
2001,1.0,20dB_nominal_difference,imag,dressed_linear_chi,REJECTED_PHYSICAL,XY,z,-0.0625,x,0.1875,y,-0.6875,0.04009958317391338,0.053246476545845314,0.013146893371931936,0.04000000040274644,0.09246458397011166
2001,1.0,20dB_nominal_difference,imag,dressed_linear_chi,REJECTED_PHYSICAL,XY,z,-0.0625,x,0.3125,y,-0.6875,0.040024182741342125,0.04742266257250399,0.007398479831161868,0.04000000040274644,0.09246458397011166
2001,1.0,20dB_nominal_difference,imag,dressed_linear_chi,REJECTED_PHYSICAL,XY,z,-0.0625,x,0.4375,y,-0.6875,0.04000386844947816,0.037294484865433214,-0.002709383584044947,0.04000000040274644,0.09246458397011166
2001,1.0,20dB_nominal_difference,imag,dressed_linear_chi,REJECTED_PHYSICAL,XY,z,-0.0625,x,0.5625,y,-0.6875,0.040000408511253666,0.020688286967109698,-0.019312121544143968,0.04000000040274644,0.09246458397011166
2001,1.0,20dB_nominal_difference,imag,dressed_linear_chi,REJECTED_PHYSICAL,XY,z,-0.0625,x,0.6875,y,-0.6875,0.040000029272418386,-0.008985829042182453,-0.04898585831460084,0.04000000040274644,0.09246458397011166
2001,1.0,20dB_nominal_difference,imag,dressed_linear_chi,REJECTED_PHYSICAL,XY,z,-0.0625,x,-0.6875,y,-0.5625,0.04005719598897021,0.05663379678376423,0.01657660079479402,0.04000000040274644,0.09246458397011166
2001,1.0,20dB_nominal_difference,imag,dressed_linear_chi,REJECTED_PHYSICAL,XY,z,-0.0625,x,-0.5625,y,-0.5625,0.04026681018658091,0.05194326587576599,0.01167645568918508,0.04000000040274644,0.09246458397011166
2001,1.0,20dB_nominal_difference,imag,dressed_linear_chi,REJECTED_PHYSICAL,XY,z,-0.0625,x,-0.4375,y,-0.5625,0.04081974644509443,0.042915253831593385,0.0020955073864989543,0.04000000040274644,0.09246458397011166
2001,1.0,20dB_nominal_difference,imag,dressed_linear_chi,REJECTED_PHYSICAL,XY,z,-0.0625,x,-0.3125,y,-0.5625,0.04165881128079383,0.03622899666238466,-0.005429814618409169,0.04000000040274644,0.09246458397011166
2001,1.0,20dB_nominal_difference,imag,dressed_linear_chi,REJECTED_PHYSICAL,XY,z,-0.0625,x,-0.1875,y,-0.5625,0.04221082680840545,0.033393782890864455,-0.008817043917540991,0.04000000040274644,0.09246458397011166
2001,1.0,20dB_nominal_difference,imag,dressed_linear_chi,REJECTED_PHYSICAL,XY,z,-0.0625,x,-0.0625,y,-0.5625,0.041940674889274845,0.03425362621064231,-0.007687048678632534,0.04000000040274644,0.09246458397011166
2001,1.0,20dB_nominal_difference,imag,dressed_linear_chi,REJECTED_PHYSICAL,XY,z,-0.0625,x,0.0625,y,-0.5625,0.041121996342774594,0.037586743566419965,-0.003535252776354629,0.04000000040274644,0.09246458397011166
2001,1.0,20dB_nominal_difference,imag,dressed_linear_chi,REJECTED_PHYSICAL,XY,z,-0.0625,x,0.1875,y,-0.5625,0.04042724246685506,0.04147689231636974,0.0010496498495146805,0.04000000040274644,0.09246458397011166
2001,1.0,20dB_nominal_difference,imag,dressed_linear_chi,REJECTED_PHYSICAL,XY,z,-0.0625,x,0.3125,y,-0.5625,0.04010716450029818,0.043664843152421945,0.0035576786521237663,0.04000000040274644,0.09246458397011166
2001,1.0,20dB_nominal_difference,imag,dressed_linear_chi,REJECTED_PHYSICAL,XY,z,-0.0625,x,0.4375,y,-0.5625,0.04001773123047361,0.04189531353264829,0.0018775823021746768,0.04000000040274644,0.09246458397011166
2001,1.0,20dB_nominal_difference,imag,dressed_linear_chi,REJECTED_PHYSICAL,XY,z,-0.0625,x,0.5625,y,-0.5625,0.04000196799220514,0.03422508003541211,-0.005776887956793028,0.04000000040274644,0.09246458397011166
2001,1.0,20dB_nominal_difference,imag,dressed_linear_chi,REJECTED_PHYSICAL,XY,z,-0.0625,x,0.6875,y,-0.5625,0.040000173012376614,0.017959447575339765,-0.02204072543703685,0.04000000040274644,0.09246458397011166
2001,1.0,20dB_nominal_difference,imag,dressed_linear_chi,REJECTED_PHYSICAL,XY,z,-0.0625,x,-0.6875,y,-0.4375,0.04014993431811251,0.04312181815917143,0.0029718838410589254,0.04000000040274644,0.09246458397011166
2001,1.0,20dB_nominal_difference,imag,dressed_linear_chi,REJECTED_PHYSICAL,XY,z,-0.0625,x,-0.5625,y,-0.4375,0.04072234136565401,0.03129173825184406,-0.00943060311380995,0.04000000040274644,0.09246458397011166
2001,1.0,20dB_nominal_difference,imag,dressed_linear_chi,REJECTED_PHYSICAL,XY,z,-0.0625,x,-0.4375,y,-0.4375,0.04229205073017777,0.02076112478984268,-0.02153092594033509,0.04000000040274644,0.09246458397011166
2001,1.0,20dB_nominal_difference,imag,dressed_linear_chi,REJECTED_PHYSICAL,XY,z,-0.0625,x,-0.3125,y,-0.4375,0.04479011863457288,0.015046213622246299,-0.02974390501232658,0.04000000040274644,0.09246458397011166
2001,1.0,20dB_nominal_difference,imag,dressed_linear_chi,REJECTED_PHYSICAL,XY,z,-0.0625,x,-0.1875,y,-0.4375,0.04659338803921103,0.014615871332837177,-0.03197751670637385,0.04000000040274644,0.09246458397011166
2001,1.0,20dB_nominal_difference,imag,dressed_linear_chi,REJECTED_PHYSICAL,XY,z,-0.0625,x,-0.0625,y,-0.4375,0.04597738968844294,0.018824196720416266,-0.027153192968026676,0.04000000040274644,0.09246458397011166
2001,1.0,20dB_nominal_difference,imag,dressed_linear_chi,REJECTED_PHYSICAL,XY,z,-0.0625,x,0.0625,y,-0.4375,0.043569095370837314,0.026127088925090206,-0.01744200644574711,0.04000000040274644,0.09246458397011166
2001,1.0,20dB_nominal_difference,imag,dressed_linear_chi,REJECTED_PHYSICAL,XY,z,-0.0625,x,0.1875,y,-0.4375,0.04140373526410174,0.034403925068705286,-0.006999810195396451,0.04000000040274644,0.09246458397011166
2001,1.0,20dB_nominal_difference,imag,dressed_linear_chi,REJECTED_PHYSICAL,XY,z,-0.0625,x,0.3125,y,-0.4375,0.04036400796849063,0.0413385794113904,0.0009745714428997729,0.04000000040274644,0.09246458397011166
2001,1.0,20dB_nominal_difference,imag,dressed_linear_chi,REJECTED_PHYSICAL,XY,z,-0.0625,x,0.4375,y,-0.4375,0.040062880442796996,0.04486346049069891,0.004800580047901917,0.04000000040274644,0.09246458397011166
2001,1.0,20dB_nominal_difference,imag,dressed_linear_chi,REJECTED_PHYSICAL,XY,z,-0.0625,x,0.5625,y,-0.4375,0.040007977904657,0.04371688605818465,0.003708908153527646,0.04000000040274644,0.09246458397011166
2001,1.0,20dB_nominal_difference,imag,dressed_linear_chi,REJECTED_PHYSICAL,XY,z,-0.0625,x,0.6875,y,-0.4375,0.04000125709818511,0.03660053457277181,-0.003400722525413298,0.04000000040274644,0.09246458397011166
2001,1.0,20dB_nominal_difference,imag,dressed_linear_chi,REJECTED_PHYSICAL,XY,z,-0.0625,x,-0.6875,y,-0.3125,0.04030096782823216,0.03635830437767156,-0.003942663450560602,0.04000000040274644,0.09246458397011166
2001,1.0,20dB_nominal_difference,imag,dressed_linear_chi,REJECTED_PHYSICAL,XY,z,-0.0625,x,-0.5625,y,-0.3125,0.041497497533830946,0.02119891998094222,-0.020298577552888726,0.04000000040274644,0.09246458397011166
2001,1.0,20dB_nominal_difference,imag,dressed_linear_chi,REJECTED_PHYSICAL,XY,z,-0.0625,x,-0.4375,y,-0.3125,0.04490741133274539,0.01072080392994049,-0.034186607402804894,0.04000000040274644,0.09246458397011166
2001,1.0,20dB_nominal_difference,imag,dressed_linear_chi,REJECTED_PHYSICAL,XY,z,-0.0625,x,-0.3125,y,-0.3125,0.05059202824894048,0.006676137548386828,-0.04391589070055365,0.04000000040274644,0.09246458397011166
2001,1.0,20dB_nominal_difference,imag,dressed_linear_chi,REJECTED_PHYSICAL,XY,z,-0.0625,x,-0.1875,y,-0.3125,0.055057273851097724,0.008504407465516686,-0.04655286638558104,0.04000000040274644,0.09246458397011166
2001,1.0,20dB_nominal_difference,imag,dressed_linear_chi,REJECTED_PHYSICAL,XY,z,-0.0625,x,-0.0625,y,-0.3125,0.054097973691774014,0.014967131567319991,-0.03913084212445402,0.04000000040274644,0.09246458397011166
2001,1.0,20dB_nominal_difference,imag,dressed_linear_chi,REJECTED_PHYSICAL,XY,z,-0.0625,x,0.0625,y,-0.3125,0.048694368474414516,0.024235286946737798,-0.02445908152767672,0.04000000040274644,0.09246458397011166
2001,1.0,20dB_nominal_difference,imag,dressed_linear_chi,REJECTED_PHYSICAL,XY,z,-0.0625,x,0.1875,y,-0.3125,0.0435340826044073,0.03413481330191144,-0.009399269302495857,0.04000000040274644,0.09246458397011166
2001,1.0,20dB_nominal_difference,imag,dressed_linear_chi,REJECTED_PHYSICAL,XY,z,-0.0625,x,0.3125,y,-0.3125,0.04095291686614485,0.042498920797650205,0.0015460039315053561,0.04000000040274644,0.09246458397011166
2001,1.0,20dB_nominal_difference,imag,dressed_linear_chi,REJECTED_PHYSICAL,XY,z,-0.0625,x,0.4375,y,-0.3125,0.04018037129013854,0.047604646078778116,0.007424274788639579,0.04000000040274644,0.09246458397011166
2001,1.0,20dB_nominal_difference,imag,dressed_linear_chi,REJECTED_PHYSICAL,XY,z,-0.0625,x,0.5625,y,-0.3125,0.0400338735040851,0.048669264798053176,0.008635391293968078,0.04000000040274644,0.09246458397011166
2001,1.0,20dB_nominal_difference,imag,dressed_linear_chi,REJECTED_PHYSICAL,XY,z,-0.0625,x,0.6875,y,-0.3125,0.040010996336509126,0.045092651076028244,0.0050816547395191175,0.04000000040274644,0.09246458397011166
2001,1.0,20dB_nominal_difference,imag,dressed_linear_chi,REJECTED_PHYSICAL,XY,z,-0.0625,x,-0.6875,y,-0.1875,0.04046261813196294,0.03323137812506383,-0.007231240006899106,0.04000000040274644,0.09246458397011166
2001,1.0,20dB_nominal_difference,imag,dressed_linear_chi,REJECTED_PHYSICAL,XY,z,-0.0625,x,-0.5625,y,-0.1875,0.04237724147227358,0.019273665227859862,-0.023103576244413716,0.04000000040274644,0.09246458397011166
2001,1.0,20dB_nominal_difference,imag,dressed_linear_chi,REJECTED_PHYSICAL,XY,z,-0.0625,x,-0.4375,y,-0.1875,0.04804570805543921,0.011511313936197407,-0.0365343941192418,0.04000000040274644,0.09246458397011166
2001,1.0,20dB_nominal_difference,imag,dressed_linear_chi,REJECTED_PHYSICAL,XY,z,-0.0625,x,-0.3125,y,-0.1875,0.05793476860533821,0.010430852156182169,-0.04750391644915604,0.04000000040274644,0.09246458397011166
2001,1.0,20dB_nominal_difference,imag,dressed_linear_chi,REJECTED_PHYSICAL,XY,z,-0.0625,x,-0.1875,y,-0.1875,0.06633116075709011,0.014724085188027914,-0.0516070755690622,0.04000000040274644,0.09246458397011166
2001,1.0,20dB_nominal_difference,imag,dressed_linear_chi,REJECTED_PHYSICAL,XY,z,-0.0625,x,-0.0625,y,-0.1875,0.06546292494247057,0.0227016990084173,-0.042761225934053265,0.04000000040274644,0.09246458397011166
2001,1.0,20dB_nominal_difference,imag,dressed_linear_chi,REJECTED_PHYSICAL,XY,z,-0.0625,x,0.0625,y,-0.1875,0.05622590360314814,0.0323711117351084,-0.023854791868039744,0.04000000040274644,0.09246458397011166
2001,1.0,20dB_nominal_difference,imag,dressed_linear_chi,REJECTED_PHYSICAL,XY,z,-0.0625,x,0.1875,y,-0.1875,0.04684095942342986,0.04162559072659725,-0.0052153686968326105,0.04000000040274644,0.09246458397011166
2001,1.0,20dB_nominal_difference,imag,dressed_linear_chi,REJECTED_PHYSICAL,XY,z,-0.0625,x,0.3125,y,-0.1875,0.04197175503334721,0.04853884148657895,0.006567086453231737,0.04000000040274644,0.09246458397011166
2001,1.0,20dB_nominal_difference,imag,dressed_linear_chi,REJECTED_PHYSICAL,XY,z,-0.0625,x,0.4375,y,-0.1875,0.040479200865870035,0.05173584038597381,0.011256639520103771,0.04000000040274644,0.09246458397011166
2001,1.0,20dB_nominal_difference,imag,dressed_linear_chi,REJECTED_PHYSICAL,XY,z,-0.0625,x,0.5625,y,-0.1875,0.040168465492061774,0.05077617999896929,0.010607714506907513,0.04000000040274644,0.09246458397011166
2001,1.0,20dB_nominal_difference,imag,dressed_linear_chi,REJECTED_PHYSICAL,XY,z,-0.0625,x,0.6875,y,-0.1875,0.04007742623254065,0.04585370681438185,0.005776280581841195,0.04000000040274644,0.09246458397011166
2001,1.0,20dB_nominal_difference,imag,dressed_linear_chi,REJECTED_PHYSICAL,XY,z,-0.0625,x,-0.6875,y,-0.0625,0.04054451366038647,0.03166427105222015,-0.00888024260816632,0.04000000040274644,0.09246458397011166
2001,1.0,20dB_nominal_difference,imag,dressed_linear_chi,REJECTED_PHYSICAL,XY,z,-0.0625,x,-0.5625,y,-0.0625,0.042889775165007187,0.022912047393132497,-0.01997772777187469,0.04000000040274644,0.09246458397011166
2001,1.0,20dB_nominal_difference,imag,dressed_linear_chi,REJECTED_PHYSICAL,XY,z,-0.0625,x,-0.4375,y,-0.0625,0.0501008949749696,0.020375289059773236,-0.029725605915196362,0.04000000040274644,0.09246458397011166
2001,1.0,20dB_nominal_difference,imag,dressed_linear_chi,REJECTED_PHYSICAL,XY,z,-0.0625,x,-0.3125,y,-0.0625,0.06325402053547836,0.023548499706900854,-0.039705520828577506,0.04000000040274644,0.09246458397011166
2001,1.0,20dB_nominal_difference,imag,dressed_linear_chi,REJECTED_PHYSICAL,XY,z,-0.0625,x,-0.1875,y,-0.0625,0.07526104378803249,0.03064368187644289,-0.0446173619115896,0.04000000040274644,0.09246458397011166
2001,1.0,20dB_nominal_difference,imag,dressed_linear_chi,REJECTED_PHYSICAL,XY,z,-0.0625,x,-0.0625,y,-0.0625,0.07522816100604189,0.03973957495932894,-0.03548858604671295,0.04000000040274644,0.09246458397011166
2001,1.0,20dB_nominal_difference,imag,dressed_linear_chi,REJECTED_PHYSICAL,XY,z,-0.0625,x,0.0625,y,-0.0625,0.0632481310043695,0.04883459152879071,-0.014413539475578795,0.04000000040274644,0.09246458397011166
2001,1.0,20dB_nominal_difference,imag,dressed_linear_chi,REJECTED_PHYSICAL,XY,z,-0.0625,x,0.1875,y,-0.0625,0.050328233333019494,0.05597484696100721,0.005646613627987719,0.04000000040274644,0.09246458397011166
2001,1.0,20dB_nominal_difference,imag,dressed_linear_chi,REJECTED_PHYSICAL,XY,z,-0.0625,x,0.3125,y,-0.0625,0.04348375045580265,0.05948324066553454,0.01599949020973189,0.04000000040274644,0.09246458397011166
2001,1.0,20dB_nominal_difference,imag,dressed_linear_chi,REJECTED_PHYSICAL,XY,z,-0.0625,x,0.4375,y,-0.0625,0.04135727588851929,0.05826611011390183,0.016908834225382537,0.04000000040274644,0.09246458397011166
2001,1.0,20dB_nominal_difference,imag,dressed_linear_chi,REJECTED_PHYSICAL,XY,z,-0.0625,x,0.5625,y,-0.0625,0.04074390816086866,0.05213003579720425,0.011386127636335591,0.04000000040274644,0.09246458397011166
2001,1.0,20dB_nominal_difference,imag,dressed_linear_chi,REJECTED_PHYSICAL,XY,z,-0.0625,x,0.6875,y,-0.0625,0.040356308162189845,0.042159623947907884,0.001803315785718039,0.04000000040274644,0.09246458397011166
2001,1.0,20dB_nominal_difference,imag,dressed_linear_chi,REJECTED_PHYSICAL,XY,z,-0.0625,x,-0.6875,y,0.0625,0.04049077053906569,0.030132168410675654,-0.010358602128390036,0.04000000040274644,0.09246458397011166
2001,1.0,20dB_nominal_difference,imag,dressed_linear_chi,REJECTED_PHYSICAL,XY,z,-0.0625,x,-0.5625,y,0.0625,0.042689915156793684,0.029332936098834264,-0.01335697905795942,0.04000000040274644,0.09246458397011166
2001,1.0,20dB_nominal_difference,imag,dressed_linear_chi,REJECTED_PHYSICAL,XY,z,-0.0625,x,-0.4375,y,0.0625,0.04971048265474745,0.03359038214732438,-0.016120100507423074,0.04000000040274644,0.09246458397011166
2001,1.0,20dB_nominal_difference,imag,dressed_linear_chi,REJECTED_PHYSICAL,XY,z,-0.0625,x,-0.3125,y,0.0625,0.06308862742492329,0.041727258647617366,-0.02136136877730592,0.04000000040274644,0.09246458397011166
2001,1.0,20dB_nominal_difference,imag,dressed_linear_chi,REJECTED_PHYSICAL,XY,z,-0.0625,x,-0.1875,y,0.0625,0.07616667885102474,0.05175702342019376,-0.024409655430830977,0.04000000040274644,0.09246458397011166
2001,1.0,20dB_nominal_difference,imag,dressed_linear_chi,REJECTED_PHYSICAL,XY,z,-0.0625,x,-0.0625,y,0.0625,0.07738345775658874,0.06177100419610819,-0.01561245356048055,0.04000000040274644,0.09246458397011166
2001,1.0,20dB_nominal_difference,imag,dressed_linear_chi,REJECTED_PHYSICAL,XY,z,-0.0625,x,0.0625,y,0.0625,0.065781225296112,0.0699121823162552,0.004130957020143211,0.04000000040274644,0.09246458397011166
2001,1.0,20dB_nominal_difference,imag,dressed_linear_chi,REJECTED_PHYSICAL,XY,z,-0.0625,x,0.1875,y,0.0625,0.05268128167956864,0.07442248387917286,0.021741202199604216,0.04000000040274644,0.09246458397011166
2001,1.0,20dB_nominal_difference,imag,dressed_linear_chi,REJECTED_PHYSICAL,XY,z,-0.0625,x,0.3125,y,0.0625,0.045866438562636315,0.07381128573402089,0.027944847171384575,0.04000000040274644,0.09246458397011166
2001,1.0,20dB_nominal_difference,imag,dressed_linear_chi,REJECTED_PHYSICAL,XY,z,-0.0625,x,0.4375,y,0.0625,0.043615713560426365,0.06712984254541898,0.023514128984992617,0.04000000040274644,0.09246458397011166
2001,1.0,20dB_nominal_difference,imag,dressed_linear_chi,REJECTED_PHYSICAL,XY,z,-0.0625,x,0.5625,y,0.0625,0.042266725449647956,0.05428868698439892,0.012021961534750963,0.04000000040274644,0.09246458397011166
2001,1.0,20dB_nominal_difference,imag,dressed_linear_chi,REJECTED_PHYSICAL,XY,z,-0.0625,x,0.6875,y,0.0625,0.04101406403433369,0.03717366509955146,-0.0038403989347822326,0.04000000040274644,0.09246458397011166
2001,1.0,20dB_nominal_difference,imag,dressed_linear_chi,REJECTED_PHYSICAL,XY,z,-0.0625,x,-0.6875,y,0.1875,0.0403387130716136,0.027664137527345666,-0.012674575544267937,0.04000000040274644,0.09246458397011166
2001,1.0,20dB_nominal_difference,imag,dressed_linear_chi,REJECTED_PHYSICAL,XY,z,-0.0625,x,-0.5625,y,0.1875,0.04191733625799617,0.03578451795486336,-0.006132818303132816,0.04000000040274644,0.09246458397011166
2001,1.0,20dB_nominal_difference,imag,dressed_linear_chi,REJECTED_PHYSICAL,XY,z,-0.0625,x,-0.4375,y,0.1875,0.04714853025735485,0.046970603351760114,-0.000177926905594733,0.04000000040274644,0.09246458397011166
2001,1.0,20dB_nominal_difference,imag,dressed_linear_chi,REJECTED_PHYSICAL,XY,z,-0.0625,x,-0.3125,y,0.1875,0.05755728959904926,0.059792375093752716,0.0022350854947034565,0.04000000040274644,0.09246458397011166
2001,1.0,20dB_nominal_difference,imag,dressed_linear_chi,REJECTED_PHYSICAL,XY,z,-0.0625,x,-0.1875,y,0.1875,0.0684365430525398,0.07239055512728507,0.003954012074745272,0.04000000040274644,0.09246458397011166
2001,1.0,20dB_nominal_difference,imag,dressed_linear_chi,REJECTED_PHYSICAL,XY,z,-0.0625,x,-0.0625,y,0.1875,0.07056893671150717,0.08312983704268669,0.012560900331179514,0.04000000040274644,0.09246458397011166
2001,1.0,20dB_nominal_difference,imag,dressed_linear_chi,REJECTED_PHYSICAL,XY,z,-0.0625,x,0.0625,y,0.1875,0.06261888328020784,0.09043655841931283,0.02781767513910499,0.04000000040274644,0.09246458397011166
2001,1.0,20dB_nominal_difference,imag,dressed_linear_chi,REJECTED_PHYSICAL,XY,z,-0.0625,x,0.1875,y,0.1875,0.05354254395806715,0.09274626538115438,0.03920372142308723,0.04000000040274644,0.09246458397011166
2001,1.0,20dB_nominal_difference,imag,dressed_linear_chi,REJECTED_PHYSICAL,XY,z,-0.0625,x,0.3125,y,0.1875,0.04922298495661685,0.0886246385329296,0.03940165357631274,0.04000000040274644,0.09246458397011166
2001,1.0,20dB_nominal_difference,imag,dressed_linear_chi,REJECTED_PHYSICAL,XY,z,-0.0625,x,0.4375,y,0.1875,0.04712117347535782,0.07705168831831799,0.029930514842960172,0.04000000040274644,0.09246458397011166
2001,1.0,20dB_nominal_difference,imag,dressed_linear_chi,REJECTED_PHYSICAL,XY,z,-0.0625,x,0.5625,y,0.1875,0.04435226197510026,0.05780948973344865,0.013457227758348386,0.04000000040274644,0.09246458397011166
2001,1.0,20dB_nominal_difference,imag,dressed_linear_chi,REJECTED_PHYSICAL,XY,z,-0.0625,x,0.6875,y,0.1875,0.041761077940884066,0.03327701755377765,-0.008484060387106418,0.04000000040274644,0.09246458397011166
2001,1.0,20dB_nominal_difference,imag,dressed_linear_chi,REJECTED_PHYSICAL,XY,z,-0.0625,x,-0.6875,y,0.3125,0.04017900717773762,0.02378720881324947,-0.01639179836448815,0.04000000040274644,0.09246458397011166
2001,1.0,20dB_nominal_difference,imag,dressed_linear_chi,REJECTED_PHYSICAL,XY,z,-0.0625,x,-0.5625,y,0.3125,0.04104652792939842,0.039782041671556974,-0.0012644862578414448,0.04000000040274644,0.09246458397011166
2001,1.0,20dB_nominal_difference,imag,dressed_linear_chi,REJECTED_PHYSICAL,XY,z,-0.0625,x,-0.4375,y,0.3125,0.044030246572164554,0.05641211630341886,0.012381869731254304,0.04000000040274644,0.09246458397011166
2001,1.0,20dB_nominal_difference,imag,dressed_linear_chi,REJECTED_PHYSICAL,XY,z,-0.0625,x,-0.3125,y,0.3125,0.050230805896160885,0.07248082139289108,0.022250015496730197,0.04000000040274644,0.09246458397011166
2001,1.0,20dB_nominal_difference,imag,dressed_linear_chi,REJECTED_PHYSICAL,XY,z,-0.0625,x,-0.1875,y,0.3125,0.05718454712314706,0.08662703441737432,0.029442487294227264,0.04000000040274644,0.09246458397011166
2001,1.0,20dB_nominal_difference,imag,dressed_linear_chi,REJECTED_PHYSICAL,XY,z,-0.0625,x,-0.0625,y,0.3125,0.05947908919312968,0.09775665792952365,0.03827756873639397,0.04000000040274644,0.09246458397011166
2001,1.0,20dB_nominal_difference,imag,dressed_linear_chi,REJECTED_PHYSICAL,XY,z,-0.0625,x,0.0625,y,0.3125,0.056261516899947794,0.10469628497952807,0.048434768079580276,0.04000000040274644,0.09246458397011166
2001,1.0,20dB_nominal_difference,imag,dressed_linear_chi,REJECTED_PHYSICAL,XY,z,-0.0625,x,0.1875,y,0.3125,0.05278894199433189,0.10603305693606085,0.05324411494172897,0.04000000040274644,0.09246458397011166
2001,1.0,20dB_nominal_difference,imag,dressed_linear_chi,REJECTED_PHYSICAL,XY,z,-0.0625,x,0.3125,y,0.3125,0.05139165534540846,0.10020632259001641,0.04881466724460795,0.04000000040274644,0.09246458397011166
2001,1.0,20dB_nominal_difference,imag,dressed_linear_chi,REJECTED_PHYSICAL,XY,z,-0.0625,x,0.4375,y,0.3125,0.049124619231150315,0.08583817571525806,0.03671355648410775,0.04000000040274644,0.09246458397011166
2001,1.0,20dB_nominal_difference,imag,dressed_linear_chi,REJECTED_PHYSICAL,XY,z,-0.0625,x,0.5625,y,0.3125,0.04513228330993601,0.06224617793906853,0.01711389462913252,0.04000000040274644,0.09246458397011166
2001,1.0,20dB_nominal_difference,imag,dressed_linear_chi,REJECTED_PHYSICAL,XY,z,-0.0625,x,0.6875,y,0.3125,0.04185957183135759,0.03177115112008494,-0.010088420711272653,0.04000000040274644,0.09246458397011166
2001,1.0,20dB_nominal_difference,imag,dressed_linear_chi,REJECTED_PHYSICAL,XY,z,-0.0625,x,-0.6875,y,0.4375,0.04007244361445326,0.018286065440843446,-0.021786378173609813,0.04000000040274644,0.09246458397011166
2001,1.0,20dB_nominal_difference,imag,dressed_linear_chi,REJECTED_PHYSICAL,XY,z,-0.0625,x,-0.5625,y,0.4375,0.04043744937458506,0.03926643451734583,-0.001171014857239229,0.04000000040274644,0.09246458397011166
2001,1.0,20dB_nominal_difference,imag,dressed_linear_chi,REJECTED_PHYSICAL,XY,z,-0.0625,x,-0.4375,y,0.4375,0.04174074479347994,0.058409341411835125,0.016668596618355187,0.04000000040274644,0.09246458397011166
2001,1.0,20dB_nominal_difference,imag,dressed_linear_chi,REJECTED_PHYSICAL,XY,z,-0.0625,x,-0.3125,y,0.4375,0.04457510652310411,0.0752425797716648,0.030667473248560694,0.04000000040274644,0.09246458397011166
2001,1.0,20dB_nominal_difference,imag,dressed_linear_chi,REJECTED_PHYSICAL,XY,z,-0.0625,x,-0.1875,y,0.4375,0.04802682470978569,0.08930503761842014,0.04127821290863445,0.04000000040274644,0.09246458397011166
2001,1.0,20dB_nominal_difference,imag,dressed_linear_chi,REJECTED_PHYSICAL,XY,z,-0.0625,x,-0.0625,y,0.4375,0.04983387286069964,0.10029782226263528,0.050463949401935645,0.04000000040274644,0.09246458397011166
2001,1.0,20dB_nominal_difference,imag,dressed_linear_chi,REJECTED_PHYSICAL,XY,z,-0.0625,x,0.0625,y,0.4375,0.04973028459734544,0.10753254866382489,0.05780226406647945,0.04000000040274644,0.09246458397011166
2001,1.0,20dB_nominal_difference,imag,dressed_linear_chi,REJECTED_PHYSICAL,XY,z,-0.0625,x,0.1875,y,0.4375,0.04972590352492027,0.10967905897595184,0.059953155451031574,0.04000000040274644,0.09246458397011166
2001,1.0,20dB_nominal_difference,imag,dressed_linear_chi,REJECTED_PHYSICAL,XY,z,-0.0625,x,0.3125,y,0.4375,0.049573508104575656,0.10485311461196922,0.05527960650739357,0.04000000040274644,0.09246458397011166
2001,1.0,20dB_nominal_difference,imag,dressed_linear_chi,REJECTED_PHYSICAL,XY,z,-0.0625,x,0.4375,y,0.4375,0.04727384745480763,0.0910133662583798,0.04373951880357217,0.04000000040274644,0.09246458397011166
2001,1.0,20dB_nominal_difference,imag,dressed_linear_chi,REJECTED_PHYSICAL,XY,z,-0.0625,x,0.5625,y,0.4375,0.0436894650027847,0.0665917363570272,0.0229022713542425,0.04000000040274644,0.09246458397011166
2001,1.0,20dB_nominal_difference,imag,dressed_linear_chi,REJECTED_PHYSICAL,XY,z,-0.0625,x,0.6875,y,0.4375,0.04119266407982923,0.03306752694571066,-0.008125137134118568,0.04000000040274644,0.09246458397011166
2001,1.0,20dB_nominal_difference,imag,dressed_linear_chi,REJECTED_PHYSICAL,XY,z,-0.0625,x,-0.6875,y,0.5625,0.040022451420081685,0.010730098988268495,-0.02929235243181319,0.04000000040274644,0.09246458397011166
2001,1.0,20dB_nominal_difference,imag,dressed_linear_chi,REJECTED_PHYSICAL,XY,z,-0.0625,x,-0.5625,y,0.5625,0.04014006360989089,0.032667117120452026,-0.007472946489438866,0.04000000040274644,0.09246458397011166
2001,1.0,20dB_nominal_difference,imag,dressed_linear_chi,REJECTED_PHYSICAL,XY,z,-0.0625,x,-0.4375,y,0.5625,0.0405764904136124,0.050456932081255165,0.009880441667642764,0.04000000040274644,0.09246458397011166
2001,1.0,20dB_nominal_difference,imag,dressed_linear_chi,REJECTED_PHYSICAL,XY,z,-0.0625,x,-0.3125,y,0.5625,0.04157448042627756,0.06491459517242479,0.02334011474614723,0.04000000040274644,0.09246458397011166
2001,1.0,20dB_nominal_difference,imag,dressed_linear_chi,REJECTED_PHYSICAL,XY,z,-0.0625,x,-0.1875,y,0.5625,0.04291862029997867,0.0769082101329682,0.033989589832989525,0.04000000040274644,0.09246458397011166
2001,1.0,20dB_nominal_difference,imag,dressed_linear_chi,REJECTED_PHYSICAL,XY,z,-0.0625,x,-0.0625,y,0.5625,0.04395950305677281,0.08712825191221739,0.043168748855444576,0.04000000040274644,0.09246458397011166
2001,1.0,20dB_nominal_difference,imag,dressed_linear_chi,REJECTED_PHYSICAL,XY,z,-0.0625,x,0.0625,y,0.5625,0.044636294922852926,0.09540046692725845,0.05076417200440553,0.04000000040274644,0.09246458397011166
2001,1.0,20dB_nominal_difference,imag,dressed_linear_chi,REJECTED_PHYSICAL,XY,z,-0.0625,x,0.1875,y,0.5625,0.04526764849049132,0.10039372662445117,0.05512607813395985,0.04000000040274644,0.09246458397011166
2001,1.0,20dB_nominal_difference,imag,dressed_linear_chi,REJECTED_PHYSICAL,XY,z,-0.0625,x,0.3125,y,0.5625,0.045122874035641525,0.09974413470064508,0.05462126066500356,0.04000000040274644,0.09246458397011166
2001,1.0,20dB_nominal_difference,imag,dressed_linear_chi,REJECTED_PHYSICAL,XY,z,-0.0625,x,0.4375,y,0.5625,0.043556284939509374,0.09054629922351234,0.04699001428400297,0.04000000040274644,0.09246458397011166
2001,1.0,20dB_nominal_difference,imag,dressed_linear_chi,REJECTED_PHYSICAL,XY,z,-0.0625,x,0.5625,y,0.5625,0.04161337822156552,0.07004044831548631,0.028427070093920787,0.04000000040274644,0.09246458397011166
2001,1.0,20dB_nominal_difference,imag,dressed_linear_chi,REJECTED_PHYSICAL,XY,z,-0.0625,x,0.6875,y,0.5625,0.04046451236387989,0.037625491347972745,-0.0028390210159071477,0.04000000040274644,0.09246458397011166
2001,1.0,20dB_nominal_difference,imag,dressed_linear_chi,REJECTED_PHYSICAL,XY,z,-0.0625,x,-0.6875,y,0.6875,0.04000532921441526,-0.0007383490554407623,-0.040743678269856025,0.04000000040274644,0.09246458397011166
2001,1.0,20dB_nominal_difference,imag,dressed_linear_chi,REJECTED_PHYSICAL,XY,z,-0.0625,x,-0.5625,y,0.6875,0.0400343674625972,0.01827318499210468,-0.021761182470492517,0.04000000040274644,0.09246458397011166
2001,1.0,20dB_nominal_difference,imag,dressed_linear_chi,REJECTED_PHYSICAL,XY,z,-0.0625,x,-0.4375,y,0.6875,0.0401465809212508,0.030610773171781874,-0.009535807749468925,0.04000000040274644,0.09246458397011166
2001,1.0,20dB_nominal_difference,imag,dressed_linear_chi,REJECTED_PHYSICAL,XY,z,-0.0625,x,-0.3125,y,0.6875,0.04041812520218987,0.03976437900144977,-0.0006537462007400949,0.04000000040274644,0.09246458397011166
2001,1.0,20dB_nominal_difference,imag,dressed_linear_chi,REJECTED_PHYSICAL,XY,z,-0.0625,x,-0.1875,y,0.6875,0.04082696886905938,0.04822328582760846,0.00739631695854908,0.04000000040274644,0.09246458397011166
2001,1.0,20dB_nominal_difference,imag,dressed_linear_chi,REJECTED_PHYSICAL,XY,z,-0.0625,x,-0.0625,y,0.6875,0.04124290782960705,0.05764477156571012,0.01640186373610307,0.04000000040274644,0.09246458397011166
2001,1.0,20dB_nominal_difference,imag,dressed_linear_chi,REJECTED_PHYSICAL,XY,z,-0.0625,x,0.0625,y,0.6875,0.041621273675340145,0.06823470806698734,0.026613434391647192,0.04000000040274644,0.09246458397011166
2001,1.0,20dB_nominal_difference,imag,dressed_linear_chi,REJECTED_PHYSICAL,XY,z,-0.0625,x,0.1875,y,0.6875,0.04188129109090286,0.07848436563089059,0.03660307453998773,0.04000000040274644,0.09246458397011166
2001,1.0,20dB_nominal_difference,imag,dressed_linear_chi,REJECTED_PHYSICAL,XY,z,-0.0625,x,0.3125,y,0.6875,0.041704080861728936,0.08539170356791695,0.04368762270618801,0.04000000040274644,0.09246458397011166
2001,1.0,20dB_nominal_difference,imag,dressed_linear_chi,REJECTED_PHYSICAL,XY,z,-0.0625,x,0.4375,y,0.6875,0.04106222753645379,0.08513682489009908,0.04407459735364529,0.04000000040274644,0.09246458397011166
2001,1.0,20dB_nominal_difference,imag,dressed_linear_chi,REJECTED_PHYSICAL,XY,z,-0.0625,x,0.5625,y,0.6875,0.040429106007384266,0.07410361930263829,0.03367451329525402,0.04000000040274644,0.09246458397011166
2001,1.0,20dB_nominal_difference,imag,dressed_linear_chi,REJECTED_PHYSICAL,XY,z,-0.0625,x,0.6875,y,0.6875,0.040109892468231004,0.05028307626764922,0.010173183799418214,0.04000000040274644,0.09246458397011166
2001,1.0,20dB_nominal_difference,imag,dressed_linear_chi,REJECTED_PHYSICAL,XZ,y,-0.0625,x,-0.6875,z,-0.6875,0.04018376756319858,0.07430419032451269,0.034120422761314106,0.04000000040274644,0.09246458397011166
2001,1.0,20dB_nominal_difference,imag,dressed_linear_chi,REJECTED_PHYSICAL,XZ,y,-0.0625,x,-0.5625,z,-0.6875,0.04097526829564783,0.060972959792365694,0.019997691496717866,0.04000000040274644,0.09246458397011166
2001,1.0,20dB_nominal_difference,imag,dressed_linear_chi,REJECTED_PHYSICAL,XZ,y,-0.0625,x,-0.4375,z,-0.6875,0.043408942364542284,0.05689707574600393,0.013488133381461646,0.04000000040274644,0.09246458397011166
2001,1.0,20dB_nominal_difference,imag,dressed_linear_chi,REJECTED_PHYSICAL,XZ,y,-0.0625,x,-0.3125,z,-0.6875,0.04784793710090712,0.06099343731008966,0.013145500209182537,0.04000000040274644,0.09246458397011166
2001,1.0,20dB_nominal_difference,imag,dressed_linear_chi,REJECTED_PHYSICAL,XZ,y,-0.0625,x,-0.1875,z,-0.6875,0.05189958105400788,0.0691373471327508,0.017237766078742917,0.04000000040274644,0.09246458397011166
2001,1.0,20dB_nominal_difference,imag,dressed_linear_chi,REJECTED_PHYSICAL,XZ,y,-0.0625,x,-0.0625,z,-0.6875,0.05188360299030687,0.07743612880757852,0.025552525817271653,0.04000000040274644,0.09246458397011166
2001,1.0,20dB_nominal_difference,imag,dressed_linear_chi,REJECTED_PHYSICAL,XZ,y,-0.0625,x,0.0625,z,-0.6875,0.04781636656307429,0.08284137169786339,0.0350250051347891,0.04000000040274644,0.09246458397011166
2001,1.0,20dB_nominal_difference,imag,dressed_linear_chi,REJECTED_PHYSICAL,XZ,y,-0.0625,x,0.1875,z,-0.6875,0.043386118444131413,0.08347798830392575,0.040091869859794335,0.04000000040274644,0.09246458397011166
2001,1.0,20dB_nominal_difference,imag,dressed_linear_chi,REJECTED_PHYSICAL,XZ,y,-0.0625,x,0.3125,z,-0.6875,0.04096614141054461,0.07878465354820245,0.03781851213765784,0.04000000040274644,0.09246458397011166
2001,1.0,20dB_nominal_difference,imag,dressed_linear_chi,REJECTED_PHYSICAL,XZ,y,-0.0625,x,0.4375,z,-0.6875,0.04018156269101637,0.069475124329621,0.029293561638604623,0.04000000040274644,0.09246458397011166
2001,1.0,20dB_nominal_difference,imag,dressed_linear_chi,REJECTED_PHYSICAL,XZ,y,-0.0625,x,0.5625,z,-0.6875,0.04002247497263146,0.05739444468355143,0.01737196971091997,0.04000000040274644,0.09246458397011166
2001,1.0,20dB_nominal_difference,imag,dressed_linear_chi,REJECTED_PHYSICAL,XZ,y,-0.0625,x,0.6875,z,-0.6875,0.04000183358507068,0.04878948771502452,0.008787654129953838,0.04000000040274644,0.09246458397011166
2001,1.0,20dB_nominal_difference,imag,dressed_linear_chi,REJECTED_PHYSICAL,XZ,y,-0.0625,x,-0.6875,z,-0.5625,0.04038304949832752,0.07674553428016233,0.036362484781834806,0.04000000040274644,0.09246458397011166
2001,1.0,20dB_nominal_difference,imag,dressed_linear_chi,REJECTED_PHYSICAL,XZ,y,-0.0625,x,-0.5625,z,-0.5625,0.04203287253138969,0.06488352018681898,0.02285064765542929,0.04000000040274644,0.09246458397011166
2001,1.0,20dB_nominal_difference,imag,dressed_linear_chi,REJECTED_PHYSICAL,XZ,y,-0.0625,x,-0.4375,z,-0.5625,0.04710568089382111,0.06128698501113774,0.014181304117316627,0.04000000040274644,0.09246458397011166
2001,1.0,20dB_nominal_difference,imag,dressed_linear_chi,REJECTED_PHYSICAL,XZ,y,-0.0625,x,-0.3125,z,-0.5625,0.05635842757326712,0.06493245919954521,0.008574031626278095,0.04000000040274644,0.09246458397011166
2001,1.0,20dB_nominal_difference,imag,dressed_linear_chi,REJECTED_PHYSICAL,XZ,y,-0.0625,x,-0.1875,z,-0.5625,0.06480377125006712,0.07257455370312679,0.007770782453059677,0.04000000040274644,0.09246458397011166
2001,1.0,20dB_nominal_difference,imag,dressed_linear_chi,REJECTED_PHYSICAL,XZ,y,-0.0625,x,-0.0625,z,-0.5625,0.06477046815458143,0.08072603824096541,0.015955570086383986,0.04000000040274644,0.09246458397011166
2001,1.0,20dB_nominal_difference,imag,dressed_linear_chi,REJECTED_PHYSICAL,XZ,y,-0.0625,x,0.0625,z,-0.5625,0.05629263308365276,0.08637292528245377,0.030080292198801012,0.04000000040274644,0.09246458397011166
2001,1.0,20dB_nominal_difference,imag,dressed_linear_chi,REJECTED_PHYSICAL,XZ,y,-0.0625,x,0.1875,z,-0.5625,0.04705814619147775,0.0874101721343877,0.04035202594290995,0.04000000040274644,0.09246458397011166
2001,1.0,20dB_nominal_difference,imag,dressed_linear_chi,REJECTED_PHYSICAL,XZ,y,-0.0625,x,0.3125,z,-0.5625,0.04201393249692052,0.08292684522569749,0.040912912728776965,0.04000000040274644,0.09246458397011166
2001,1.0,20dB_nominal_difference,imag,dressed_linear_chi,REJECTED_PHYSICAL,XZ,y,-0.0625,x,0.4375,z,-0.5625,0.040378564776072656,0.0734193245016884,0.03304075972561574,0.04000000040274644,0.09246458397011166
2001,1.0,20dB_nominal_difference,imag,dressed_linear_chi,REJECTED_PHYSICAL,XZ,y,-0.0625,x,0.5625,z,-0.5625,0.0400469392710066,0.061113196138046756,0.021066256867040153,0.04000000040274644,0.09246458397011166
2001,1.0,20dB_nominal_difference,imag,dressed_linear_chi,REJECTED_PHYSICAL,XZ,y,-0.0625,x,0.6875,z,-0.5625,0.040003869576968366,0.05207533364670803,0.012071464069739662,0.04000000040274644,0.09246458397011166
2001,1.0,20dB_nominal_difference,imag,dressed_linear_chi,REJECTED_PHYSICAL,XZ,y,-0.0625,x,-0.6875,z,-0.4375,0.04061648414344554,0.072968057390628,0.032351573247182464,0.04000000040274644,0.09246458397011166
2001,1.0,20dB_nominal_difference,imag,dressed_linear_chi,REJECTED_PHYSICAL,XZ,y,-0.0625,x,-0.5625,z,-0.4375,0.04327172777115688,0.060759787424458436,0.01748805965330156,0.04000000040274644,0.09246458397011166
2001,1.0,20dB_nominal_difference,imag,dressed_linear_chi,REJECTED_PHYSICAL,XZ,y,-0.0625,x,-0.4375,z,-0.4375,0.0514359622570256,0.0572320374167683,0.005796075159742703,0.04000000040274644,0.09246458397011166
2001,1.0,20dB_nominal_difference,imag,dressed_linear_chi,REJECTED_PHYSICAL,XZ,y,-0.0625,x,-0.3125,z,-0.4375,0.06632743649841531,0.060753598611116164,-0.005573837887299149,0.04000000040274644,0.09246458397011166
2001,1.0,20dB_nominal_difference,imag,dressed_linear_chi,REJECTED_PHYSICAL,XZ,y,-0.0625,x,-0.1875,z,-0.4375,0.07991947137067627,0.06826575689823673,-0.011653714472439541,0.04000000040274644,0.09246458397011166
2001,1.0,20dB_nominal_difference,imag,dressed_linear_chi,REJECTED_PHYSICAL,XZ,y,-0.0625,x,-0.0625,z,-0.4375,0.07986590868028234,0.07658224600469274,-0.003283662675589605,0.04000000040274644,0.09246458397011166
2001,1.0,20dB_nominal_difference,imag,dressed_linear_chi,REJECTED_PHYSICAL,XZ,y,-0.0625,x,0.0625,z,-0.4375,0.06622176240723161,0.08282392955482779,0.016602167147596172,0.04000000040274644,0.09246458397011166
2001,1.0,20dB_nominal_difference,imag,dressed_linear_chi,REJECTED_PHYSICAL,XZ,y,-0.0625,x,0.1875,z,-0.4375,0.051360187223972564,0.08480400457767784,0.033443817353705274,0.04000000040274644,0.09246458397011166
2001,1.0,20dB_nominal_difference,imag,dressed_linear_chi,REJECTED_PHYSICAL,XZ,y,-0.0625,x,0.3125,z,-0.4375,0.04324277786813884,0.08135621934564784,0.038113441477508996,0.04000000040274644,0.09246458397011166
2001,1.0,20dB_nominal_difference,imag,dressed_linear_chi,REJECTED_PHYSICAL,XZ,y,-0.0625,x,0.4375,z,-0.4375,0.04061128804061444,0.0726228305933348,0.03201154255272036,0.04000000040274644,0.09246458397011166
2001,1.0,20dB_nominal_difference,imag,dressed_linear_chi,REJECTED_PHYSICAL,XZ,y,-0.0625,x,0.5625,z,-0.4375,0.04007721589812776,0.060280943463489126,0.020203727565361367,0.04000000040274644,0.09246458397011166
2001,1.0,20dB_nominal_difference,imag,dressed_linear_chi,REJECTED_PHYSICAL,XZ,y,-0.0625,x,0.6875,z,-0.4375,0.04000709354536091,0.048406312660667805,0.008399219115306895,0.04000000040274644,0.09246458397011166
2001,1.0,20dB_nominal_difference,imag,dressed_linear_chi,REJECTED_PHYSICAL,XZ,y,-0.0625,x,-0.6875,z,-0.3125,0.04076607253906586,0.061132576816586265,0.020366504277520403,0.04000000040274644,0.09246458397011166
2001,1.0,20dB_nominal_difference,imag,dressed_linear_chi,REJECTED_PHYSICAL,XZ,y,-0.0625,x,-0.5625,z,-0.3125,0.044065604655525614,0.04954619516008834,0.005480590504562725,0.04000000040274644,0.09246458397011166
2001,1.0,20dB_nominal_difference,imag,dressed_linear_chi,REJECTED_PHYSICAL,XZ,y,-0.0625,x,-0.4375,z,-0.3125,0.05421087118823959,0.046280969637247836,-0.007929901550991755,0.04000000040274644,0.09246458397011166
2001,1.0,20dB_nominal_difference,imag,dressed_linear_chi,REJECTED_PHYSICAL,XZ,y,-0.0625,x,-0.3125,z,-0.3125,0.07271572957697064,0.049897074980870294,-0.02281865459610035,0.04000000040274644,0.09246458397011166
2001,1.0,20dB_nominal_difference,imag,dressed_linear_chi,REJECTED_PHYSICAL,XZ,y,-0.0625,x,-0.1875,z,-0.3125,0.08960588835301427,0.05759215506383088,-0.03201373328918339,0.04000000040274644,0.09246458397011166
2001,1.0,20dB_nominal_difference,imag,dressed_linear_chi,REJECTED_PHYSICAL,XZ,y,-0.0625,x,-0.0625,z,-0.3125,0.08953973087819014,0.06648827095942594,-0.0230514599187642,0.04000000040274644,0.09246458397011166
2001,1.0,20dB_nominal_difference,imag,dressed_linear_chi,REJECTED_PHYSICAL,XZ,y,-0.0625,x,0.0625,z,-0.3125,0.07258685108154793,0.07389730258228758,0.0013104515007396483,0.04000000040274644,0.09246458397011166
2001,1.0,20dB_nominal_difference,imag,dressed_linear_chi,REJECTED_PHYSICAL,XZ,y,-0.0625,x,0.1875,z,-0.3125,0.05412491071653576,0.07761609445470818,0.023491183738172425,0.04000000040274644,0.09246458397011166
2001,1.0,20dB_nominal_difference,imag,dressed_linear_chi,REJECTED_PHYSICAL,XZ,y,-0.0625,x,0.3125,z,-0.3125,0.044046896787959665,0.07623561298099184,0.03218871619303217,0.04000000040274644,0.09246458397011166
2001,1.0,20dB_nominal_difference,imag,dressed_linear_chi,REJECTED_PHYSICAL,XZ,y,-0.0625,x,0.4375,z,-0.3125,0.0407823951108199,0.06943731531001573,0.028654920199195834,0.04000000040274644,0.09246458397011166
2001,1.0,20dB_nominal_difference,imag,dressed_linear_chi,REJECTED_PHYSICAL,XZ,y,-0.0625,x,0.5625,z,-0.3125,0.04011478401694134,0.058191373224170645,0.018076589207229307,0.04000000040274644,0.09246458397011166
2001,1.0,20dB_nominal_difference,imag,dressed_linear_chi,REJECTED_PHYSICAL,XZ,y,-0.0625,x,0.6875,z,-0.3125,0.04001857042719662,0.04529675711077515,0.005278186683578531,0.04000000040274644,0.09246458397011166
2001,1.0,20dB_nominal_difference,imag,dressed_linear_chi,REJECTED_PHYSICAL,XZ,y,-0.0625,x,-0.6875,z,-0.1875,0.04073501948222544,0.045692878272913406,0.004957858790687969,0.04000000040274644,0.09246458397011166
2001,1.0,20dB_nominal_difference,imag,dressed_linear_chi,REJECTED_PHYSICAL,XZ,y,-0.0625,x,-0.5625,z,-0.1875,0.04390080377678321,0.035432397222449064,-0.008468406554334146,0.04000000040274644,0.09246458397011166
2001,1.0,20dB_nominal_difference,imag,dressed_linear_chi,REJECTED_PHYSICAL,XZ,y,-0.0625,x,-0.4375,z,-0.1875,0.05363482907430367,0.032608194029636633,-0.021026635044667036,0.04000000040274644,0.09246458397011166
2001,1.0,20dB_nominal_difference,imag,dressed_linear_chi,REJECTED_PHYSICAL,XZ,y,-0.0625,x,-0.3125,z,-0.1875,0.0713896115297189,0.036229855652995045,-0.035159755876723854,0.04000000040274644,0.09246458397011166
2001,1.0,20dB_nominal_difference,imag,dressed_linear_chi,REJECTED_PHYSICAL,XZ,y,-0.0625,x,-0.1875,z,-0.1875,0.08759546472341781,0.043937748589238185,-0.043657716134179625,0.04000000040274644,0.09246458397011166
2001,1.0,20dB_nominal_difference,imag,dressed_linear_chi,REJECTED_PHYSICAL,XZ,y,-0.0625,x,-0.0625,z,-0.1875,0.08753479187993465,0.05327269567190963,-0.03426209620802503,0.04000000040274644,0.09246458397011166
2001,1.0,20dB_nominal_difference,imag,dressed_linear_chi,REJECTED_PHYSICAL,XZ,y,-0.0625,x,0.0625,z,-0.1875,0.07128294695870013,0.06183424137892226,-0.009448705579777873,0.04000000040274644,0.09246458397011166
2001,1.0,20dB_nominal_difference,imag,dressed_linear_chi,REJECTED_PHYSICAL,XZ,y,-0.0625,x,0.1875,z,-0.1875,0.053609524693752277,0.06749076587816416,0.013881241184411884,0.04000000040274644,0.09246458397011166
2001,1.0,20dB_nominal_difference,imag,dressed_linear_chi,REJECTED_PHYSICAL,XZ,y,-0.0625,x,0.3125,z,-0.1875,0.04400322254002618,0.06865022342808,0.02464700088805382,0.04000000040274644,0.09246458397011166
2001,1.0,20dB_nominal_difference,imag,dressed_linear_chi,REJECTED_PHYSICAL,XZ,y,-0.0625,x,0.4375,z,-0.1875,0.0409094794667403,0.06456125589120848,0.023651776424468182,0.04000000040274644,0.09246458397011166
2001,1.0,20dB_nominal_difference,imag,dressed_linear_chi,REJECTED_PHYSICAL,XZ,y,-0.0625,x,0.5625,z,-0.1875,0.04024141077691492,0.05556515751920253,0.015323746742287613,0.04000000040274644,0.09246458397011166
2001,1.0,20dB_nominal_difference,imag,dressed_linear_chi,REJECTED_PHYSICAL,XZ,y,-0.0625,x,0.6875,z,-0.1875,0.04008582566839842,0.043517813914301345,0.003431988245902927,0.04000000040274644,0.09246458397011166
2001,1.0,20dB_nominal_difference,imag,dressed_linear_chi,REJECTED_PHYSICAL,XZ,y,-0.0625,x,-0.6875,z,-0.0625,0.04054451366038647,0.03166427105222015,-0.00888024260816632,0.04000000040274644,0.09246458397011166
2001,1.0,20dB_nominal_difference,imag,dressed_linear_chi,REJECTED_PHYSICAL,XZ,y,-0.0625,x,-0.5625,z,-0.0625,0.042889775165007187,0.022912047393132497,-0.01997772777187469,0.04000000040274644,0.09246458397011166
2001,1.0,20dB_nominal_difference,imag,dressed_linear_chi,REJECTED_PHYSICAL,XZ,y,-0.0625,x,-0.4375,z,-0.0625,0.0501008949749696,0.020375289059773236,-0.029725605915196362,0.04000000040274644,0.09246458397011166
2001,1.0,20dB_nominal_difference,imag,dressed_linear_chi,REJECTED_PHYSICAL,XZ,y,-0.0625,x,-0.3125,z,-0.0625,0.06325402053547836,0.023548499706900854,-0.039705520828577506,0.04000000040274644,0.09246458397011166
2001,1.0,20dB_nominal_difference,imag,dressed_linear_chi,REJECTED_PHYSICAL,XZ,y,-0.0625,x,-0.1875,z,-0.0625,0.07526104378803249,0.03064368187644289,-0.0446173619115896,0.04000000040274644,0.09246458397011166
2001,1.0,20dB_nominal_difference,imag,dressed_linear_chi,REJECTED_PHYSICAL,XZ,y,-0.0625,x,-0.0625,z,-0.0625,0.07522816100604189,0.03973957495932894,-0.03548858604671295,0.04000000040274644,0.09246458397011166
2001,1.0,20dB_nominal_difference,imag,dressed_linear_chi,REJECTED_PHYSICAL,XZ,y,-0.0625,x,0.0625,z,-0.0625,0.0632481310043695,0.04883459152879071,-0.014413539475578795,0.04000000040274644,0.09246458397011166
2001,1.0,20dB_nominal_difference,imag,dressed_linear_chi,REJECTED_PHYSICAL,XZ,y,-0.0625,x,0.1875,z,-0.0625,0.050328233333019494,0.05597484696100721,0.005646613627987719,0.04000000040274644,0.09246458397011166
2001,1.0,20dB_nominal_difference,imag,dressed_linear_chi,REJECTED_PHYSICAL,XZ,y,-0.0625,x,0.3125,z,-0.0625,0.04348375045580265,0.05948324066553454,0.01599949020973189,0.04000000040274644,0.09246458397011166
2001,1.0,20dB_nominal_difference,imag,dressed_linear_chi,REJECTED_PHYSICAL,XZ,y,-0.0625,x,0.4375,z,-0.0625,0.04135727588851929,0.05826611011390183,0.016908834225382537,0.04000000040274644,0.09246458397011166
2001,1.0,20dB_nominal_difference,imag,dressed_linear_chi,REJECTED_PHYSICAL,XZ,y,-0.0625,x,0.5625,z,-0.0625,0.04074390816086866,0.05213003579720425,0.011386127636335591,0.04000000040274644,0.09246458397011166
2001,1.0,20dB_nominal_difference,imag,dressed_linear_chi,REJECTED_PHYSICAL,XZ,y,-0.0625,x,0.6875,z,-0.0625,0.040356308162189845,0.042159623947907884,0.001803315785718039,0.04000000040274644,0.09246458397011166
2001,1.0,20dB_nominal_difference,imag,dressed_linear_chi,REJECTED_PHYSICAL,XZ,y,-0.0625,x,-0.6875,z,0.0625,0.040311458141579104,0.023037991358373717,-0.017273466783205387,0.04000000040274644,0.09246458397011166
2001,1.0,20dB_nominal_difference,imag,dressed_linear_chi,REJECTED_PHYSICAL,XZ,y,-0.0625,x,-0.5625,z,0.0625,0.041652932275827434,0.015587305198345006,-0.026065627077482428,0.04000000040274644,0.09246458397011166
2001,1.0,20dB_nominal_difference,imag,dressed_linear_chi,REJECTED_PHYSICAL,XZ,y,-0.0625,x,-0.4375,z,0.0625,0.04577765789134244,0.012884414631432372,-0.03289324325991007,0.04000000040274644,0.09246458397011166
2001,1.0,20dB_nominal_difference,imag,dressed_linear_chi,REJECTED_PHYSICAL,XZ,y,-0.0625,x,-0.3125,z,0.0625,0.05330145250564673,0.01487297349012498,-0.03842847901552175,0.04000000040274644,0.09246458397011166
2001,1.0,20dB_nominal_difference,imag,dressed_linear_chi,REJECTED_PHYSICAL,XZ,y,-0.0625,x,-0.1875,z,0.0625,0.06017331018930952,0.020413979519878788,-0.03975933066943073,0.04000000040274644,0.09246458397011166
2001,1.0,20dB_nominal_difference,imag,dressed_linear_chi,REJECTED_PHYSICAL,XZ,y,-0.0625,x,-0.0625,z,0.0625,0.06018647493002061,0.028211743530108864,-0.03197473139991175,0.04000000040274644,0.09246458397011166
2001,1.0,20dB_nominal_difference,imag,dressed_linear_chi,REJECTED_PHYSICAL,XZ,y,-0.0625,x,0.0625,z,0.0625,0.053491890172596236,0.03675483464342458,-0.01673705552917166,0.04000000040274644,0.09246458397011166
2001,1.0,20dB_nominal_difference,imag,dressed_linear_chi,REJECTED_PHYSICAL,XZ,y,-0.0625,x,0.1875,z,0.0625,0.04655986430589124,0.04436555176647789,-0.002194312539413351,0.04000000040274644,0.09246458397011166
2001,1.0,20dB_nominal_difference,imag,dressed_linear_chi,REJECTED_PHYSICAL,XZ,y,-0.0625,x,0.3125,z,0.0625,0.04336575155887842,0.04939050690265763,0.006024755343779213,0.04000000040274644,0.09246458397011166
2001,1.0,20dB_nominal_difference,imag,dressed_linear_chi,REJECTED_PHYSICAL,XZ,y,-0.0625,x,0.4375,z,0.0625,0.04258781070926103,0.05050929397526721,0.007921483266006182,0.04000000040274644,0.09246458397011166
2001,1.0,20dB_nominal_difference,imag,dressed_linear_chi,REJECTED_PHYSICAL,XZ,y,-0.0625,x,0.5625,z,0.0625,0.041923047358749,0.047094589071069226,0.005171541712320225,0.04000000040274644,0.09246458397011166
2001,1.0,20dB_nominal_difference,imag,dressed_linear_chi,REJECTED_PHYSICAL,XZ,y,-0.0625,x,0.6875,z,0.0625,0.04097958907938566,0.03961635128375522,-0.0013632377956304398,0.04000000040274644,0.09246458397011166
2001,1.0,20dB_nominal_difference,imag,dressed_linear_chi,REJECTED_PHYSICAL,XZ,y,-0.0625,x,-0.6875,z,0.1875,0.04013755348411614,0.02183146871638633,-0.018306084767729814,0.04000000040274644,0.09246458397011166
2001,1.0,20dB_nominal_difference,imag,dressed_linear_chi,REJECTED_PHYSICAL,XZ,y,-0.0625,x,-0.5625,z,0.1875,0.040730007504714005,0.015316425371036124,-0.025413582133677882,0.04000000040274644,0.09246458397011166
2001,1.0,20dB_nominal_difference,imag,dressed_linear_chi,REJECTED_PHYSICAL,XZ,y,-0.0625,x,-0.4375,z,0.1875,0.04255168831986915,0.011888225540900028,-0.03066346277896912,0.04000000040274644,0.09246458397011166
2001,1.0,20dB_nominal_difference,imag,dressed_linear_chi,REJECTED_PHYSICAL,XZ,y,-0.0625,x,-0.3125,z,0.1875,0.04587500399009995,0.011895198698722558,-0.033979805291377396,0.04000000040274644,0.09246458397011166
2001,1.0,20dB_nominal_difference,imag,dressed_linear_chi,REJECTED_PHYSICAL,XZ,y,-0.0625,x,-0.1875,z,0.1875,0.048916288033010596,0.014889127677732487,-0.03402716035527811,0.04000000040274644,0.09246458397011166
2001,1.0,20dB_nominal_difference,imag,dressed_linear_chi,REJECTED_PHYSICAL,XZ,y,-0.0625,x,-0.0625,z,0.1875,0.04897405992868381,0.020236437651206394,-0.028737622277477417,0.04000000040274644,0.09246458397011166
2001,1.0,20dB_nominal_difference,imag,dressed_linear_chi,REJECTED_PHYSICAL,XZ,y,-0.0625,x,0.0625,z,0.1875,0.04627405037899198,0.02695603127049885,-0.01931801910849313,0.04000000040274644,0.09246458397011166
2001,1.0,20dB_nominal_difference,imag,dressed_linear_chi,REJECTED_PHYSICAL,XZ,y,-0.0625,x,0.1875,z,0.1875,0.043956939681644894,0.033704981992755324,-0.01025195768888957,0.04000000040274644,0.09246458397011166
2001,1.0,20dB_nominal_difference,imag,dressed_linear_chi,REJECTED_PHYSICAL,XZ,y,-0.0625,x,0.3125,z,0.1875,0.043717738871877104,0.038943191278132276,-0.004774547593744828,0.04000000040274644,0.09246458397011166
2001,1.0,20dB_nominal_difference,imag,dressed_linear_chi,REJECTED_PHYSICAL,XZ,y,-0.0625,x,0.4375,z,0.1875,0.04408655934080634,0.04124758036852777,-0.002838978972278569,0.04000000040274644,0.09246458397011166
2001,1.0,20dB_nominal_difference,imag,dressed_linear_chi,REJECTED_PHYSICAL,XZ,y,-0.0625,x,0.5625,z,0.1875,0.04328284034671861,0.039690234566577026,-0.003592605780141582,0.04000000040274644,0.09246458397011166
2001,1.0,20dB_nominal_difference,imag,dressed_linear_chi,REJECTED_PHYSICAL,XZ,y,-0.0625,x,0.6875,z,0.1875,0.04169329837206688,0.03432226492142106,-0.007371033450645818,0.04000000040274644,0.09246458397011166
2001,1.0,20dB_nominal_difference,imag,dressed_linear_chi,REJECTED_PHYSICAL,XZ,y,-0.0625,x,-0.6875,z,0.3125,0.04004690558381313,0.027753503997945995,-0.012293401585867135,0.04000000040274644,0.09246458397011166
2001,1.0,20dB_nominal_difference,imag,dressed_linear_chi,REJECTED_PHYSICAL,XZ,y,-0.0625,x,-0.5625,z,0.3125,0.04024893233553024,0.02186825742044069,-0.018380674915089545,0.04000000040274644,0.09246458397011166
2001,1.0,20dB_nominal_difference,imag,dressed_linear_chi,REJECTED_PHYSICAL,XZ,y,-0.0625,x,-0.4375,z,0.3125,0.04087014551883898,0.01727393088685403,-0.02359621463198495,0.04000000040274644,0.09246458397011166
2001,1.0,20dB_nominal_difference,imag,dressed_linear_chi,REJECTED_PHYSICAL,XZ,y,-0.0625,x,-0.3125,z,0.3125,0.04200386789419406,0.014732408271432015,-0.027271459622762045,0.04000000040274644,0.09246458397011166
2001,1.0,20dB_nominal_difference,imag,dressed_linear_chi,REJECTED_PHYSICAL,XZ,y,-0.0625,x,-0.1875,z,0.3125,0.04304725185441845,0.0144859097219464,-0.028561342132472047,0.04000000040274644,0.09246458397011166
2001,1.0,20dB_nominal_difference,imag,dressed_linear_chi,REJECTED_PHYSICAL,XZ,y,-0.0625,x,-0.0625,z,0.3125,0.043118397710292765,0.01651920796248937,-0.026599189747803394,0.04000000040274644,0.09246458397011166
2001,1.0,20dB_nominal_difference,imag,dressed_linear_chi,REJECTED_PHYSICAL,XZ,y,-0.0625,x,0.0625,z,0.3125,0.04245177919332601,0.02034089250526208,-0.02211088668806393,0.04000000040274644,0.09246458397011166
2001,1.0,20dB_nominal_difference,imag,dressed_linear_chi,REJECTED_PHYSICAL,XZ,y,-0.0625,x,0.1875,z,0.3125,0.04239868480922753,0.02493147576089523,-0.0174672090483323,0.04000000040274644,0.09246458397011166
2001,1.0,20dB_nominal_difference,imag,dressed_linear_chi,REJECTED_PHYSICAL,XZ,y,-0.0625,x,0.3125,z,0.3125,0.04347703085596035,0.02890071406017642,-0.01457631679578393,0.04000000040274644,0.09246458397011166
2001,1.0,20dB_nominal_difference,imag,dressed_linear_chi,REJECTED_PHYSICAL,XZ,y,-0.0625,x,0.4375,z,0.3125,0.044308170291546226,0.03083131959409332,-0.013476850697452906,0.04000000040274644,0.09246458397011166
2001,1.0,20dB_nominal_difference,imag,dressed_linear_chi,REJECTED_PHYSICAL,XZ,y,-0.0625,x,0.5625,z,0.3125,0.043529000055675095,0.029686184848133755,-0.01384281520754134,0.04000000040274644,0.09246458397011166
2001,1.0,20dB_nominal_difference,imag,dressed_linear_chi,REJECTED_PHYSICAL,XZ,y,-0.0625,x,0.6875,z,0.3125,0.0418256575138533,0.02539277292942099,-0.016432884584432313,0.04000000040274644,0.09246458397011166
2001,1.0,20dB_nominal_difference,imag,dressed_linear_chi,REJECTED_PHYSICAL,XZ,y,-0.0625,x,-0.6875,z,0.4375,0.04001234976253653,0.03855840396872713,-0.0014539457938093983,0.04000000040274644,0.09246458397011166
2001,1.0,20dB_nominal_difference,imag,dressed_linear_chi,REJECTED_PHYSICAL,XZ,y,-0.0625,x,-0.5625,z,0.4375,0.04006554170420292,0.033090426840548526,-0.0069751148636543955,0.04000000040274644,0.09246458397011166
2001,1.0,20dB_nominal_difference,imag,dressed_linear_chi,REJECTED_PHYSICAL,XZ,y,-0.0625,x,-0.4375,z,0.4375,0.04022911398585992,0.02715209143466287,-0.013077022551197047,0.04000000040274644,0.09246458397011166
2001,1.0,20dB_nominal_difference,imag,dressed_linear_chi,REJECTED_PHYSICAL,XZ,y,-0.0625,x,-0.3125,z,0.4375,0.04052789543410356,0.022037726064618075,-0.018490169369485485,0.04000000040274644,0.09246458397011166
2001,1.0,20dB_nominal_difference,imag,dressed_linear_chi,REJECTED_PHYSICAL,XZ,y,-0.0625,x,-0.1875,z,0.4375,0.04080637516124392,0.018543789759963437,-0.022262585401280482,0.04000000040274644,0.09246458397011166
2001,1.0,20dB_nominal_difference,imag,dressed_linear_chi,REJECTED_PHYSICAL,XZ,y,-0.0625,x,-0.0625,z,0.4375,0.040855824932046376,0.017095978623446213,-0.023759846308600164,0.04000000040274644,0.09246458397011166
2001,1.0,20dB_nominal_difference,imag,dressed_linear_chi,REJECTED_PHYSICAL,XZ,y,-0.0625,x,0.0625,z,0.4375,0.0408320210894075,0.01755648953267151,-0.02327553155673599,0.04000000040274644,0.09246458397011166
2001,1.0,20dB_nominal_difference,imag,dressed_linear_chi,REJECTED_PHYSICAL,XZ,y,-0.0625,x,0.1875,z,0.4375,0.041258120845922945,0.01913707498070145,-0.022121045865221494,0.04000000040274644,0.09246458397011166
2001,1.0,20dB_nominal_difference,imag,dressed_linear_chi,REJECTED_PHYSICAL,XZ,y,-0.0625,x,0.3125,z,0.4375,0.04223461269576298,0.020546690694373048,-0.02168792200138993,0.04000000040274644,0.09246458397011166
2001,1.0,20dB_nominal_difference,imag,dressed_linear_chi,REJECTED_PHYSICAL,XZ,y,-0.0625,x,0.4375,z,0.4375,0.042874614895089654,0.020399717561774864,-0.02247489733331479,0.04000000040274644,0.09246458397011166
2001,1.0,20dB_nominal_difference,imag,dressed_linear_chi,REJECTED_PHYSICAL,XZ,y,-0.0625,x,0.5625,z,0.4375,0.04236787463476232,0.017769769819177054,-0.024598104815585265,0.04000000040274644,0.09246458397011166
2001,1.0,20dB_nominal_difference,imag,dressed_linear_chi,REJECTED_PHYSICAL,XZ,y,-0.0625,x,0.6875,z,0.4375,0.04122599328266111,0.013014569274279113,-0.028211424008382,0.04000000040274644,0.09246458397011166
2001,1.0,20dB_nominal_difference,imag,dressed_linear_chi,REJECTED_PHYSICAL,XZ,y,-0.0625,x,-0.6875,z,0.5625,0.040002510578604614,0.05113353969090275,0.011131029112298137,0.04000000040274644,0.09246458397011166
2001,1.0,20dB_nominal_difference,imag,dressed_linear_chi,REJECTED_PHYSICAL,XZ,y,-0.0625,x,-0.5625,z,0.5625,0.04001332407411071,0.04528302368284878,0.0052696996087380765,0.04000000040274644,0.09246458397011166
2001,1.0,20dB_nominal_difference,imag,dressed_linear_chi,REJECTED_PHYSICAL,XZ,y,-0.0625,x,-0.4375,z,0.5625,0.04004658127897162,0.03820719111045685,-0.0018393901685147679,0.04000000040274644,0.09246458397011166
2001,1.0,20dB_nominal_difference,imag,dressed_linear_chi,REJECTED_PHYSICAL,XZ,y,-0.0625,x,-0.3125,z,0.5625,0.04010742078037276,0.0314450530039444,-0.008662367776428356,0.04000000040274644,0.09246458397011166
2001,1.0,20dB_nominal_difference,imag,dressed_linear_chi,REJECTED_PHYSICAL,XZ,y,-0.0625,x,-0.1875,z,0.5625,0.04016536426961573,0.02575677686918163,-0.014408587400434096,0.04000000040274644,0.09246458397011166
2001,1.0,20dB_nominal_difference,imag,dressed_linear_chi,REJECTED_PHYSICAL,XZ,y,-0.0625,x,-0.0625,z,0.5625,0.04018627310123466,0.02168639867544381,-0.01849987442579085,0.04000000040274644,0.09246458397011166
2001,1.0,20dB_nominal_difference,imag,dressed_linear_chi,REJECTED_PHYSICAL,XZ,y,-0.0625,x,0.0625,z,0.5625,0.0402350510100591,0.019267637091378343,-0.020967413918680757,0.04000000040274644,0.09246458397011166
2001,1.0,20dB_nominal_difference,imag,dressed_linear_chi,REJECTED_PHYSICAL,XZ,y,-0.0625,x,0.1875,z,0.5625,0.04047720429484549,0.017809874894167084,-0.022667329400678407,0.04000000040274644,0.09246458397011166
2001,1.0,20dB_nominal_difference,imag,dressed_linear_chi,REJECTED_PHYSICAL,XZ,y,-0.0625,x,0.3125,z,0.5625,0.0409204828671949,0.015983511901706247,-0.024936970965488654,0.04000000040274644,0.09246458397011166
2001,1.0,20dB_nominal_difference,imag,dressed_linear_chi,REJECTED_PHYSICAL,XZ,y,-0.0625,x,0.4375,z,0.5625,0.0411994381221375,0.012262023198286197,-0.028937414923851303,0.04000000040274644,0.09246458397011166
2001,1.0,20dB_nominal_difference,imag,dressed_linear_chi,REJECTED_PHYSICAL,XZ,y,-0.0625,x,0.5625,z,0.5625,0.04098983494479729,0.005763298255608146,-0.035226536689189146,0.04000000040274644,0.09246458397011166
2001,1.0,20dB_nominal_difference,imag,dressed_linear_chi,REJECTED_PHYSICAL,XZ,y,-0.0625,x,0.6875,z,0.5625,0.040512639549706235,-0.0017794835437830933,-0.04229212309348933,0.04000000040274644,0.09246458397011166
2001,1.0,20dB_nominal_difference,imag,dressed_linear_chi,REJECTED_PHYSICAL,XZ,y,-0.0625,x,-0.6875,z,0.6875,0.04000039406705946,0.06178895523877078,0.021788561171711324,0.04000000040274644,0.09246458397011166
2001,1.0,20dB_nominal_difference,imag,dressed_linear_chi,REJECTED_PHYSICAL,XZ,y,-0.0625,x,-0.5625,z,0.6875,0.04000209140718957,0.05236510046464181,0.012363009057452239,0.04000000040274644,0.09246458397011166
2001,1.0,20dB_nominal_difference,imag,dressed_linear_chi,REJECTED_PHYSICAL,XZ,y,-0.0625,x,-0.4375,z,0.6875,0.040007312483018226,0.04651521048792101,0.006507898004902785,0.04000000040274644,0.09246458397011166
2001,1.0,20dB_nominal_difference,imag,dressed_linear_chi,REJECTED_PHYSICAL,XZ,y,-0.0625,x,-0.3125,z,0.6875,0.040016882198969934,0.0410063250308217,0.0009894428318517681,0.04000000040274644,0.09246458397011166
2001,1.0,20dB_nominal_difference,imag,dressed_linear_chi,REJECTED_PHYSICAL,XZ,y,-0.0625,x,-0.1875,z,0.6875,0.0400262450492707,0.03567794683615132,-0.004348298213119384,0.04000000040274644,0.09246458397011166
2001,1.0,20dB_nominal_difference,imag,dressed_linear_chi,REJECTED_PHYSICAL,XZ,y,-0.0625,x,-0.0625,z,0.6875,0.04003171121742498,0.03100789635435471,-0.00902381486307027,0.04000000040274644,0.09246458397011166
2001,1.0,20dB_nominal_difference,imag,dressed_linear_chi,REJECTED_PHYSICAL,XZ,y,-0.0625,x,0.0625,z,0.6875,0.040050155234095816,0.027127120711777603,-0.012923034522318213,0.04000000040274644,0.09246458397011166
2001,1.0,20dB_nominal_difference,imag,dressed_linear_chi,REJECTED_PHYSICAL,XZ,y,-0.0625,x,0.1875,z,0.6875,0.04011945713034547,0.023396440832112307,-0.01672301629823316,0.04000000040274644,0.09246458397011166
2001,1.0,20dB_nominal_difference,imag,dressed_linear_chi,REJECTED_PHYSICAL,XZ,y,-0.0625,x,0.3125,z,0.6875,0.04023828247449674,0.01838217574691166,-0.02185610672758508,0.04000000040274644,0.09246458397011166
2001,1.0,20dB_nominal_difference,imag,dressed_linear_chi,REJECTED_PHYSICAL,XZ,y,-0.0625,x,0.4375,z,0.6875,0.040312016454979366,0.010183447361649424,-0.030128569093329942,0.04000000040274644,0.09246458397011166
2001,1.0,20dB_nominal_difference,imag,dressed_linear_chi,REJECTED_PHYSICAL,XZ,y,-0.0625,x,0.5625,z,0.6875,0.04025767111161847,-0.0029247662071875055,-0.04318243731880598,0.04000000040274644,0.09246458397011166
2001,1.0,20dB_nominal_difference,imag,dressed_linear_chi,REJECTED_PHYSICAL,XZ,y,-0.0625,x,0.6875,z,0.6875,0.04013346276904124,-0.019593951799064452,-0.059727414568105694,0.04000000040274644,0.09246458397011166
2001,1.0,20dB_nominal_difference,imag,dressed_linear_chi,REJECTED_PHYSICAL,YZ,x,-0.0625,y,-0.6875,z,-0.6875,0.040162831302886455,-0.016472291231773135,-0.05663512253465959,0.04000000040274644,0.09246458397011166
2001,1.0,20dB_nominal_difference,imag,dressed_linear_chi,REJECTED_PHYSICAL,YZ,x,-0.0625,y,-0.5625,z,-0.6875,0.04065495708385279,-0.007792848375249732,-0.04844780545910252,0.04000000040274644,0.09246458397011166
2001,1.0,20dB_nominal_difference,imag,dressed_linear_chi,REJECTED_PHYSICAL,YZ,x,-0.0625,y,-0.4375,z,-0.6875,0.042017303955148806,0.0015398029984533962,-0.04047750095669541,0.04000000040274644,0.09246458397011166
2001,1.0,20dB_nominal_difference,imag,dressed_linear_chi,REJECTED_PHYSICAL,YZ,x,-0.0625,y,-0.3125,z,-0.6875,0.04475787893080464,0.019274353910434385,-0.025483525020370257,0.04000000040274644,0.09246458397011166
2001,1.0,20dB_nominal_difference,imag,dressed_linear_chi,REJECTED_PHYSICAL,YZ,x,-0.0625,y,-0.1875,z,-0.6875,0.048592884697165994,0.04581649448416721,-0.002776390212998782,0.04000000040274644,0.09246458397011166
2001,1.0,20dB_nominal_difference,imag,dressed_linear_chi,REJECTED_PHYSICAL,YZ,x,-0.0625,y,-0.0625,z,-0.6875,0.05188360299030687,0.07743612880757852,0.025552525817271653,0.04000000040274644,0.09246458397011166
2001,1.0,20dB_nominal_difference,imag,dressed_linear_chi,REJECTED_PHYSICAL,YZ,x,-0.0625,y,0.0625,z,-0.6875,0.052584641418285324,0.10765313044444219,0.05506848902615687,0.04000000040274644,0.09246458397011166
2001,1.0,20dB_nominal_difference,imag,dressed_linear_chi,REJECTED_PHYSICAL,YZ,x,-0.0625,y,0.1875,z,-0.6875,0.0502050972317852,0.12855846453161235,0.07835336729982714,0.04000000040274644,0.09246458397011166
2001,1.0,20dB_nominal_difference,imag,dressed_linear_chi,REJECTED_PHYSICAL,YZ,x,-0.0625,y,0.3125,z,-0.6875,0.046336903781670505,0.13228098478933212,0.08594408100766161,0.04000000040274644,0.09246458397011166
2001,1.0,20dB_nominal_difference,imag,dressed_linear_chi,REJECTED_PHYSICAL,YZ,x,-0.0625,y,0.4375,z,-0.6875,0.04301315079266866,0.11241624566598685,0.0694030948733182,0.04000000040274644,0.09246458397011166
2001,1.0,20dB_nominal_difference,imag,dressed_linear_chi,REJECTED_PHYSICAL,YZ,x,-0.0625,y,0.5625,z,-0.6875,0.0410971057769741,0.06505901782179187,0.02396191204481777,0.04000000040274644,0.09246458397011166
2001,1.0,20dB_nominal_difference,imag,dressed_linear_chi,REJECTED_PHYSICAL,YZ,x,-0.0625,y,0.6875,z,-0.6875,0.04030588622494467,-0.00957126911911247,-0.04987715534405714,0.04000000040274644,0.09246458397011166
2001,1.0,20dB_nominal_difference,imag,dressed_linear_chi,REJECTED_PHYSICAL,YZ,x,-0.0625,y,-0.6875,z,-0.5625,0.04033940945723504,0.015984831212793392,-0.02435457824444165,0.04000000040274644,0.09246458397011166
2001,1.0,20dB_nominal_difference,imag,dressed_linear_chi,REJECTED_PHYSICAL,YZ,x,-0.0625,y,-0.5625,z,-0.5625,0.041365208190342985,0.00865209146796024,-0.032713116722382744,0.04000000040274644,0.09246458397011166
2001,1.0,20dB_nominal_difference,imag,dressed_linear_chi,REJECTED_PHYSICAL,YZ,x,-0.0625,y,-0.4375,z,-0.5625,0.04420491655137334,0.012179464996500314,-0.032025451554873026,0.04000000040274644,0.09246458397011166
2001,1.0,20dB_nominal_difference,imag,dressed_linear_chi,REJECTED_PHYSICAL,YZ,x,-0.0625,y,-0.3125,z,-0.5625,0.04991743650819989,0.026474318569624067,-0.02344311793857582,0.04000000040274644,0.09246458397011166
2001,1.0,20dB_nominal_difference,imag,dressed_linear_chi,REJECTED_PHYSICAL,YZ,x,-0.0625,y,-0.1875,z,-0.5625,0.05791121435197185,0.05060350655772923,-0.00730770779424262,0.04000000040274644,0.09246458397011166
2001,1.0,20dB_nominal_difference,imag,dressed_linear_chi,REJECTED_PHYSICAL,YZ,x,-0.0625,y,-0.0625,z,-0.5625,0.06477046815458143,0.08072603824096541,0.015955570086383986,0.04000000040274644,0.09246458397011166
2001,1.0,20dB_nominal_difference,imag,dressed_linear_chi,REJECTED_PHYSICAL,YZ,x,-0.0625,y,0.0625,z,-0.5625,0.0662317399936571,0.11050102959880714,0.044269289605150045,0.04000000040274644,0.09246458397011166
2001,1.0,20dB_nominal_difference,imag,dressed_linear_chi,REJECTED_PHYSICAL,YZ,x,-0.0625,y,0.1875,z,-0.5625,0.0612717933010412,0.13219087211860003,0.07091907881755884,0.04000000040274644,0.09246458397011166
2001,1.0,20dB_nominal_difference,imag,dressed_linear_chi,REJECTED_PHYSICAL,YZ,x,-0.0625,y,0.3125,z,-0.5625,0.05320888892676498,0.1380906388776829,0.0848817499509179,0.04000000040274644,0.09246458397011166
2001,1.0,20dB_nominal_difference,imag,dressed_linear_chi,REJECTED_PHYSICAL,YZ,x,-0.0625,y,0.4375,z,-0.5625,0.04628080638120824,0.12207450236181988,0.07579369598061164,0.04000000040274644,0.09246458397011166
2001,1.0,20dB_nominal_difference,imag,dressed_linear_chi,REJECTED_PHYSICAL,YZ,x,-0.0625,y,0.5625,z,-0.5625,0.042286929649873274,0.08121634130651695,0.038929411656643674,0.04000000040274644,0.09246458397011166
2001,1.0,20dB_nominal_difference,imag,dressed_linear_chi,REJECTED_PHYSICAL,YZ,x,-0.0625,y,0.6875,z,-0.5625,0.04063764221858026,0.018929645606318685,-0.021707996612261575,0.04000000040274644,0.09246458397011166
2001,1.0,20dB_nominal_difference,imag,dressed_linear_chi,REJECTED_PHYSICAL,YZ,x,-0.0625,y,-0.6875,z,-0.4375,0.040546249373600574,0.03932237815119007,-0.0012238712224105011,0.04000000040274644,0.09246458397011166
2001,1.0,20dB_nominal_difference,imag,dressed_linear_chi,REJECTED_PHYSICAL,YZ,x,-0.0625,y,-0.5625,z,-0.4375,0.04219718131888095,0.022704027007509998,-0.019493154311370952,0.04000000040274644,0.09246458397011166
2001,1.0,20dB_nominal_difference,imag,dressed_linear_chi,REJECTED_PHYSICAL,YZ,x,-0.0625,y,-0.4375,z,-0.4375,0.046767439700994694,0.019304039322429436,-0.027463400378565258,0.04000000040274644,0.09246458397011166
2001,1.0,20dB_nominal_difference,imag,dressed_linear_chi,REJECTED_PHYSICAL,YZ,x,-0.0625,y,-0.3125,z,-0.4375,0.055961233421583094,0.028593200889283122,-0.027368032532299972,0.04000000040274644,0.09246458397011166
2001,1.0,20dB_nominal_difference,imag,dressed_linear_chi,REJECTED_PHYSICAL,YZ,x,-0.0625,y,-0.1875,z,-0.4375,0.06882651279876037,0.048990086644852535,-0.019836426153907835,0.04000000040274644,0.09246458397011166
2001,1.0,20dB_nominal_difference,imag,dressed_linear_chi,REJECTED_PHYSICAL,YZ,x,-0.0625,y,-0.0625,z,-0.4375,0.07986590868028234,0.07658224600469274,-0.003283662675589605,0.04000000040274644,0.09246458397011166
2001,1.0,20dB_nominal_difference,imag,dressed_linear_chi,REJECTED_PHYSICAL,YZ,x,-0.0625,y,0.0625,z,-0.4375,0.0822178885765637,0.10525260903073866,0.023034720454174956,0.04000000040274644,0.09246458397011166
2001,1.0,20dB_nominal_difference,imag,dressed_linear_chi,REJECTED_PHYSICAL,YZ,x,-0.0625,y,0.1875,z,-0.4375,0.07423587778259876,0.12756780331197168,0.05333192552937292,0.04000000040274644,0.09246458397011166
2001,1.0,20dB_nominal_difference,imag,dressed_linear_chi,REJECTED_PHYSICAL,YZ,x,-0.0625,y,0.3125,z,-0.4375,0.06126026688148893,0.13610162302109227,0.07484135613960334,0.04000000040274644,0.09246458397011166
2001,1.0,20dB_nominal_difference,imag,dressed_linear_chi,REJECTED_PHYSICAL,YZ,x,-0.0625,y,0.4375,z,-0.4375,0.050110634941240996,0.12494880967854405,0.07483817473730306,0.04000000040274644,0.09246458397011166
2001,1.0,20dB_nominal_difference,imag,dressed_linear_chi,REJECTED_PHYSICAL,YZ,x,-0.0625,y,0.5625,z,-0.4375,0.04368235893646047,0.09123999626218393,0.04755763732572346,0.04000000040274644,0.09246458397011166
2001,1.0,20dB_nominal_difference,imag,dressed_linear_chi,REJECTED_PHYSICAL,YZ,x,-0.0625,y,0.6875,z,-0.4375,0.041027058968690654,0.03707006458071249,-0.003956994387978162,0.04000000040274644,0.09246458397011166
2001,1.0,20dB_nominal_difference,imag,dressed_linear_chi,REJECTED_PHYSICAL,YZ,x,-0.0625,y,-0.6875,z,-0.3125,0.04067879547109257,0.05244820036277967,0.011769404891687096,0.04000000040274644,0.09246458397011166
2001,1.0,20dB_nominal_difference,imag,dressed_linear_chi,REJECTED_PHYSICAL,YZ,x,-0.0625,y,-0.5625,z,-0.3125,0.0427303220871997,0.030498990027007077,-0.012231332060192623,0.04000000040274644,0.09246458397011166
2001,1.0,20dB_nominal_difference,imag,dressed_linear_chi,REJECTED_PHYSICAL,YZ,x,-0.0625,y,-0.4375,z,-0.3125,0.04840954279566198,0.02152479112399107,-0.02688475167167091,0.04000000040274644,0.09246458397011166
2001,1.0,20dB_nominal_difference,imag,dressed_linear_chi,REJECTED_PHYSICAL,YZ,x,-0.0625,y,-0.3125,z,-0.3125,0.059834191402860615,0.025782279865258318,-0.0340519115376023,0.04000000040274644,0.09246458397011166
2001,1.0,20dB_nominal_difference,imag,dressed_linear_chi,REJECTED_PHYSICAL,YZ,x,-0.0625,y,-0.1875,z,-0.3125,0.075821244738125,0.041980884025821,-0.033840360712304,0.04000000040274644,0.09246458397011166
2001,1.0,20dB_nominal_difference,imag,dressed_linear_chi,REJECTED_PHYSICAL,YZ,x,-0.0625,y,-0.0625,z,-0.3125,0.08953973087819014,0.06648827095942594,-0.0230514599187642,0.04000000040274644,0.09246458397011166
2001,1.0,20dB_nominal_difference,imag,dressed_linear_chi,REJECTED_PHYSICAL,YZ,x,-0.0625,y,0.0625,z,-0.3125,0.09246458397011166,0.09358240365408366,0.0011178196839719962,0.04000000040274644,0.09246458397011166
2001,1.0,20dB_nominal_difference,imag,dressed_linear_chi,REJECTED_PHYSICAL,YZ,x,-0.0625,y,0.1875,z,-0.3125,0.08255232476601863,0.11625589785964033,0.033703573093621694,0.04000000040274644,0.09246458397011166
2001,1.0,20dB_nominal_difference,imag,dressed_linear_chi,REJECTED_PHYSICAL,YZ,x,-0.0625,y,0.3125,z,-0.3125,0.06643855128553187,0.12742057711544277,0.0609820258299109,0.04000000040274644,0.09246458397011166
2001,1.0,20dB_nominal_difference,imag,dressed_linear_chi,REJECTED_PHYSICAL,YZ,x,-0.0625,y,0.4375,z,-0.3125,0.05258913910695796,0.12128647717281649,0.06869733806585852,0.04000000040274644,0.09246458397011166
2001,1.0,20dB_nominal_difference,imag,dressed_linear_chi,REJECTED_PHYSICAL,YZ,x,-0.0625,y,0.5625,z,-0.3125,0.04459557947474058,0.0946453887438885,0.05004980926914792,0.04000000040274644,0.09246458397011166
2001,1.0,20dB_nominal_difference,imag,dressed_linear_chi,REJECTED_PHYSICAL,YZ,x,-0.0625,y,0.6875,z,-0.3125,0.041285629707085714,0.04836553370177852,0.007079903994692806,0.04000000040274644,0.09246458397011166
2001,1.0,20dB_nominal_difference,imag,dressed_linear_chi,REJECTED_PHYSICAL,YZ,x,-0.0625,y,-0.6875,z,-0.1875,0.04065128022482266,0.058314441000207023,0.017663160775384365,0.04000000040274644,0.09246458397011166
2001,1.0,20dB_nominal_difference,imag,dressed_linear_chi,REJECTED_PHYSICAL,YZ,x,-0.0625,y,-0.5625,z,-0.1875,0.04261964740624892,0.03356016469405404,-0.00905948271219488,0.04000000040274644,0.09246458397011166
2001,1.0,20dB_nominal_difference,imag,dressed_linear_chi,REJECTED_PHYSICAL,YZ,x,-0.0625,y,-0.4375,z,-0.1875,0.04806865943328114,0.020608795928885832,-0.027459863504395308,0.04000000040274644,0.09246458397011166
2001,1.0,20dB_nominal_difference,imag,dressed_linear_chi,REJECTED_PHYSICAL,YZ,x,-0.0625,y,-0.3125,z,-0.1875,0.05903022582407174,0.020413204246721568,-0.03861702157735017,0.04000000040274644,0.09246458397011166
2001,1.0,20dB_nominal_difference,imag,dressed_linear_chi,REJECTED_PHYSICAL,YZ,x,-0.0625,y,-0.1875,z,-0.1875,0.0743695501448296,0.032315966459104464,-0.042053583685725135,0.04000000040274644,0.09246458397011166
2001,1.0,20dB_nominal_difference,imag,dressed_linear_chi,REJECTED_PHYSICAL,YZ,x,-0.0625,y,-0.0625,z,-0.1875,0.08753479187993465,0.05327269567190963,-0.03426209620802503,0.04000000040274644,0.09246458397011166
2001,1.0,20dB_nominal_difference,imag,dressed_linear_chi,REJECTED_PHYSICAL,YZ,x,-0.0625,y,0.0625,z,-0.1875,0.09035621871766206,0.07817538001090427,-0.01218083870675779,0.04000000040274644,0.09246458397011166
2001,1.0,20dB_nominal_difference,imag,dressed_linear_chi,REJECTED_PHYSICAL,YZ,x,-0.0625,y,0.1875,z,-0.1875,0.08089153863545867,0.10060278428772643,0.019711245652267756,0.04000000040274644,0.09246458397011166
2001,1.0,20dB_nominal_difference,imag,dressed_linear_chi,REJECTED_PHYSICAL,YZ,x,-0.0625,y,0.3125,z,-0.1875,0.06550301256891934,0.11390749803251823,0.04840448546359889,0.04000000040274644,0.09246458397011166
2001,1.0,20dB_nominal_difference,imag,dressed_linear_chi,REJECTED_PHYSICAL,YZ,x,-0.0625,y,0.4375,z,-0.1875,0.05225438682855693,0.11244960897186793,0.060195222143310995,0.04000000040274644,0.09246458397011166
2001,1.0,20dB_nominal_difference,imag,dressed_linear_chi,REJECTED_PHYSICAL,YZ,x,-0.0625,y,0.5625,z,-0.1875,0.044546662085668945,0.09272625616656194,0.04817959408089299,0.04000000040274644,0.09246458397011166
2001,1.0,20dB_nominal_difference,imag,dressed_linear_chi,REJECTED_PHYSICAL,YZ,x,-0.0625,y,0.6875,z,-0.1875,0.041298747575853424,0.054742574958115825,0.0134438273822624,0.04000000040274644,0.09246458397011166
2001,1.0,20dB_nominal_difference,imag,dressed_linear_chi,REJECTED_PHYSICAL,YZ,x,-0.0625,y,-0.6875,z,-0.0625,0.0404824783380541,0.05976882891090135,0.01928635057284725,0.04000000040274644,0.09246458397011166
2001,1.0,20dB_nominal_difference,imag,dressed_linear_chi,REJECTED_PHYSICAL,YZ,x,-0.0625,y,-0.5625,z,-0.0625,0.041940674889274845,0.03425362621064231,-0.007687048678632534,0.04000000040274644,0.09246458397011166
2001,1.0,20dB_nominal_difference,imag,dressed_linear_chi,REJECTED_PHYSICAL,YZ,x,-0.0625,y,-0.4375,z,-0.0625,0.04597738968844294,0.018824196720416266,-0.027153192968026676,0.04000000040274644,0.09246458397011166
2001,1.0,20dB_nominal_difference,imag,dressed_linear_chi,REJECTED_PHYSICAL,YZ,x,-0.0625,y,-0.3125,z,-0.0625,0.054097973691774014,0.014967131567319991,-0.03913084212445402,0.04000000040274644,0.09246458397011166
2001,1.0,20dB_nominal_difference,imag,dressed_linear_chi,REJECTED_PHYSICAL,YZ,x,-0.0625,y,-0.1875,z,-0.0625,0.06546292494247057,0.0227016990084173,-0.042761225934053265,0.04000000040274644,0.09246458397011166
2001,1.0,20dB_nominal_difference,imag,dressed_linear_chi,REJECTED_PHYSICAL,YZ,x,-0.0625,y,-0.0625,z,-0.0625,0.07522816100604189,0.03973957495932894,-0.03548858604671295,0.04000000040274644,0.09246458397011166
2001,1.0,20dB_nominal_difference,imag,dressed_linear_chi,REJECTED_PHYSICAL,YZ,x,-0.0625,y,0.0625,z,-0.0625,0.07738345775658874,0.06177100419610819,-0.01561245356048055,0.04000000040274644,0.09246458397011166
2001,1.0,20dB_nominal_difference,imag,dressed_linear_chi,REJECTED_PHYSICAL,YZ,x,-0.0625,y,0.1875,z,-0.0625,0.07056893671150717,0.08312983704268669,0.012560900331179514,0.04000000040274644,0.09246458397011166
2001,1.0,20dB_nominal_difference,imag,dressed_linear_chi,REJECTED_PHYSICAL,YZ,x,-0.0625,y,0.3125,z,-0.0625,0.05947908919312968,0.09775665792952365,0.03827756873639397,0.04000000040274644,0.09246458397011166
2001,1.0,20dB_nominal_difference,imag,dressed_linear_chi,REJECTED_PHYSICAL,YZ,x,-0.0625,y,0.4375,z,-0.0625,0.04983387286069964,0.10029782226263528,0.050463949401935645,0.04000000040274644,0.09246458397011166
2001,1.0,20dB_nominal_difference,imag,dressed_linear_chi,REJECTED_PHYSICAL,YZ,x,-0.0625,y,0.5625,z,-0.0625,0.04395950305677281,0.08712825191221739,0.043168748855444576,0.04000000040274644,0.09246458397011166
2001,1.0,20dB_nominal_difference,imag,dressed_linear_chi,REJECTED_PHYSICAL,YZ,x,-0.0625,y,0.6875,z,-0.0625,0.04124290782960705,0.05764477156571012,0.01640186373610307,0.04000000040274644,0.09246458397011166
2001,1.0,20dB_nominal_difference,imag,dressed_linear_chi,REJECTED_PHYSICAL,YZ,x,-0.0625,y,-0.6875,z,0.0625,0.040275974352199234,0.05919821827347036,0.018922243921271127,0.04000000040274644,0.09246458397011166
2001,1.0,20dB_nominal_difference,imag,dressed_linear_chi,REJECTED_PHYSICAL,YZ,x,-0.0625,y,-0.5625,z,0.0625,0.04111005314425662,0.03475339398144901,-0.006356659162807608,0.04000000040274644,0.09246458397011166
2001,1.0,20dB_nominal_difference,imag,dressed_linear_chi,REJECTED_PHYSICAL,YZ,x,-0.0625,y,-0.4375,z,0.0625,0.04341903593437623,0.018234701115055377,-0.025184334819320853,0.04000000040274644,0.09246458397011166
2001,1.0,20dB_nominal_difference,imag,dressed_linear_chi,REJECTED_PHYSICAL,YZ,x,-0.0625,y,-0.3125,z,0.0625,0.048064188900780645,0.011562593386630123,-0.036501595514150526,0.04000000040274644,0.09246458397011166
2001,1.0,20dB_nominal_difference,imag,dressed_linear_chi,REJECTED_PHYSICAL,YZ,x,-0.0625,y,-0.1875,z,0.0625,0.05456843013752576,0.015375888119983624,-0.03919254201754214,0.04000000040274644,0.09246458397011166
2001,1.0,20dB_nominal_difference,imag,dressed_linear_chi,REJECTED_PHYSICAL,YZ,x,-0.0625,y,-0.0625,z,0.0625,0.06018647493002061,0.028211743530108864,-0.03197473139991175,0.04000000040274644,0.09246458397011166
2001,1.0,20dB_nominal_difference,imag,dressed_linear_chi,REJECTED_PHYSICAL,YZ,x,-0.0625,y,0.0625,z,0.0625,0.06159192535196833,0.04668579377696757,-0.014906131575000758,0.04000000040274644,0.09246458397011166
2001,1.0,20dB_nominal_difference,imag,dressed_linear_chi,REJECTED_PHYSICAL,YZ,x,-0.0625,y,0.1875,z,0.0625,0.05821630819609783,0.06603537086569784,0.007819062669600016,0.04000000040274644,0.09246458397011166
2001,1.0,20dB_nominal_difference,imag,dressed_linear_chi,REJECTED_PHYSICAL,YZ,x,-0.0625,y,0.3125,z,0.0625,0.05269510000741223,0.08094746388439243,0.0282523638769802,0.04000000040274644,0.09246458397011166
2001,1.0,20dB_nominal_difference,imag,dressed_linear_chi,REJECTED_PHYSICAL,YZ,x,-0.0625,y,0.4375,z,0.0625,0.04762748903019977,0.0865272292288394,0.038899740198639635,0.04000000040274644,0.09246458397011166
2001,1.0,20dB_nominal_difference,imag,dressed_linear_chi,REJECTED_PHYSICAL,YZ,x,-0.0625,y,0.5625,z,0.0625,0.043831778223804546,0.07922460775377854,0.035392829529973996,0.04000000040274644,0.09246458397011166
2001,1.0,20dB_nominal_difference,imag,dressed_linear_chi,REJECTED_PHYSICAL,YZ,x,-0.0625,y,0.6875,z,0.0625,0.04145504458154612,0.05802709913721314,0.016572054555667022,0.04000000040274644,0.09246458397011166
2001,1.0,20dB_nominal_difference,imag,dressed_linear_chi,REJECTED_PHYSICAL,YZ,x,-0.0625,y,-0.6875,z,0.1875,0.040121882291388467,0.05827292147536875,0.018151039183980283,0.04000000040274644,0.09246458397011166
2001,1.0,20dB_nominal_difference,imag,dressed_linear_chi,REJECTED_PHYSICAL,YZ,x,-0.0625,y,-0.5625,z,0.1875,0.040490248145876276,0.036568321673967515,-0.003921926471908761,0.04000000040274644,0.09246458397011166
2001,1.0,20dB_nominal_difference,imag,dressed_linear_chi,REJECTED_PHYSICAL,YZ,x,-0.0625,y,-0.4375,z,0.1875,0.04151001040399258,0.020249917408987034,-0.021260092995005548,0.04000000040274644,0.09246458397011166
2001,1.0,20dB_nominal_difference,imag,dressed_linear_chi,REJECTED_PHYSICAL,YZ,x,-0.0625,y,-0.3125,z,0.1875,0.043561892060171706,0.011602830814700819,-0.03195906124547089,0.04000000040274644,0.09246458397011166
2001,1.0,20dB_nominal_difference,imag,dressed_linear_chi,REJECTED_PHYSICAL,YZ,x,-0.0625,y,-0.1875,z,0.1875,0.04644024281803608,0.011805777348562186,-0.034634465469473893,0.04000000040274644,0.09246458397011166
2001,1.0,20dB_nominal_difference,imag,dressed_linear_chi,REJECTED_PHYSICAL,YZ,x,-0.0625,y,-0.0625,z,0.1875,0.04897405992868381,0.020236437651206394,-0.028737622277477417,0.04000000040274644,0.09246458397011166
2001,1.0,20dB_nominal_difference,imag,dressed_linear_chi,REJECTED_PHYSICAL,YZ,x,-0.0625,y,0.0625,z,0.1875,0.04987530505994937,0.03450725730972777,-0.015368047750221596,0.04000000040274644,0.09246458397011166
2001,1.0,20dB_nominal_difference,imag,dressed_linear_chi,REJECTED_PHYSICAL,YZ,x,-0.0625,y,0.1875,z,0.1875,0.04923314464801794,0.05086618654877674,0.0016330419007588026,0.04000000040274644,0.09246458397011166
2001,1.0,20dB_nominal_difference,imag,dressed_linear_chi,REJECTED_PHYSICAL,YZ,x,-0.0625,y,0.3125,z,0.1875,0.04813068972420026,0.06488281328492938,0.016752123560729124,0.04000000040274644,0.09246458397011166
2001,1.0,20dB_nominal_difference,imag,dressed_linear_chi,REJECTED_PHYSICAL,YZ,x,-0.0625,y,0.4375,z,0.1875,0.04662287940390382,0.07228708730734298,0.025664207903439165,0.04000000040274644,0.09246458397011166
2001,1.0,20dB_nominal_difference,imag,dressed_linear_chi,REJECTED_PHYSICAL,YZ,x,-0.0625,y,0.5625,z,0.1875,0.044238648409191395,0.069798487199922,0.025559838790730607,0.04000000040274644,0.09246458397011166
2001,1.0,20dB_nominal_difference,imag,dressed_linear_chi,REJECTED_PHYSICAL,YZ,x,-0.0625,y,0.6875,z,0.1875,0.041851809876312575,0.056184803748841605,0.01433299387252903,0.04000000040274644,0.09246458397011166
2001,1.0,20dB_nominal_difference,imag,dressed_linear_chi,REJECTED_PHYSICAL,YZ,x,-0.0625,y,-0.6875,z,0.3125,0.040041561719250184,0.05786191372612273,0.01782035200687255,0.04000000040274644,0.09246458397011166
2001,1.0,20dB_nominal_difference,imag,dressed_linear_chi,REJECTED_PHYSICAL,YZ,x,-0.0625,y,-0.5625,z,0.3125,0.04016717438226305,0.040422713247488175,0.00025553886522512725,0.04000000040274644,0.09246458397011166
2001,1.0,20dB_nominal_difference,imag,dressed_linear_chi,REJECTED_PHYSICAL,YZ,x,-0.0625,y,-0.4375,z,0.3125,0.040514926888339936,0.02549683217209578,-0.015018094716244157,0.04000000040274644,0.09246458397011166
2001,1.0,20dB_nominal_difference,imag,dressed_linear_chi,REJECTED_PHYSICAL,YZ,x,-0.0625,y,-0.3125,z,0.3125,0.04121499222767107,0.015671956416168968,-0.0255430358115021,0.04000000040274644,0.09246458397011166
2001,1.0,20dB_nominal_difference,imag,dressed_linear_chi,REJECTED_PHYSICAL,YZ,x,-0.0625,y,-0.1875,z,0.3125,0.042202243968647794,0.012610810363677161,-0.029591433604970633,0.04000000040274644,0.09246458397011166
2001,1.0,20dB_nominal_difference,imag,dressed_linear_chi,REJECTED_PHYSICAL,YZ,x,-0.0625,y,-0.0625,z,0.3125,0.043118397710292765,0.01651920796248937,-0.026599189747803394,0.04000000040274644,0.09246458397011166
2001,1.0,20dB_nominal_difference,imag,dressed_linear_chi,REJECTED_PHYSICAL,YZ,x,-0.0625,y,0.0625,z,0.3125,0.04370349346053963,0.02602455517616096,-0.01767893828437867,0.04000000040274644,0.09246458397011166
2001,1.0,20dB_nominal_difference,imag,dressed_linear_chi,REJECTED_PHYSICAL,YZ,x,-0.0625,y,0.1875,z,0.3125,0.04432481272709743,0.03843727022384709,-0.00588754250325034,0.04000000040274644,0.09246458397011166
2001,1.0,20dB_nominal_difference,imag,dressed_linear_chi,REJECTED_PHYSICAL,YZ,x,-0.0625,y,0.3125,z,0.3125,0.04527166155046348,0.05029777376895026,0.0050261122184867835,0.04000000040274644,0.09246458397011166
2001,1.0,20dB_nominal_difference,imag,dressed_linear_chi,REJECTED_PHYSICAL,YZ,x,-0.0625,y,0.4375,z,0.3125,0.04548057025102747,0.05808876292052739,0.012608192669499925,0.04000000040274644,0.09246458397011166
2001,1.0,20dB_nominal_difference,imag,dressed_linear_chi,REJECTED_PHYSICAL,YZ,x,-0.0625,y,0.5625,z,0.3125,0.04396664690422693,0.05897342925208169,0.015006782347854762,0.04000000040274644,0.09246458397011166
2001,1.0,20dB_nominal_difference,imag,dressed_linear_chi,REJECTED_PHYSICAL,YZ,x,-0.0625,y,0.6875,z,0.3125,0.04182874666482642,0.05170897606497977,0.009880229400153345,0.04000000040274644,0.09246458397011166
2001,1.0,20dB_nominal_difference,imag,dressed_linear_chi,REJECTED_PHYSICAL,YZ,x,-0.0625,y,-0.6875,z,0.4375,0.040010942774183086,0.05814443608372927,0.01813349330954618,0.04000000040274644,0.09246458397011166
2001,1.0,20dB_nominal_difference,imag,dressed_linear_chi,REJECTED_PHYSICAL,YZ,x,-0.0625,y,-0.5625,z,0.4375,0.04004401550005805,0.04644997828592756,0.0064059627858695095,0.04000000040274644,0.09246458397011166
2001,1.0,20dB_nominal_difference,imag,dressed_linear_chi,REJECTED_PHYSICAL,YZ,x,-0.0625,y,-0.4375,z,0.4375,0.04013558398247328,0.03399400876546793,-0.0061415752170053475,0.04000000040274644,0.09246458397011166
2001,1.0,20dB_nominal_difference,imag,dressed_linear_chi,REJECTED_PHYSICAL,YZ,x,-0.0625,y,-0.3125,z,0.4375,0.04032012856082906,0.02369612917917,-0.01662399938165906,0.04000000040274644,0.09246458397011166
2001,1.0,20dB_nominal_difference,imag,dressed_linear_chi,REJECTED_PHYSICAL,YZ,x,-0.0625,y,-0.1875,z,0.4375,0.040583487619334155,0.017729756497763996,-0.02285373112157016,0.04000000040274644,0.09246458397011166
2001,1.0,20dB_nominal_difference,imag,dressed_linear_chi,REJECTED_PHYSICAL,YZ,x,-0.0625,y,-0.0625,z,0.4375,0.040855824932046376,0.017095978623446213,-0.023759846308600164,0.04000000040274644,0.09246458397011166
2001,1.0,20dB_nominal_difference,imag,dressed_linear_chi,REJECTED_PHYSICAL,YZ,x,-0.0625,y,0.0625,z,0.4375,0.04117573008032967,0.021399140118321423,-0.019776589962008245,0.04000000040274644,0.09246458397011166
2001,1.0,20dB_nominal_difference,imag,dressed_linear_chi,REJECTED_PHYSICAL,YZ,x,-0.0625,y,0.1875,z,0.4375,0.041841050245169674,0.02900229042420535,-0.012838759820964323,0.04000000040274644,0.09246458397011166
2001,1.0,20dB_nominal_difference,imag,dressed_linear_chi,REJECTED_PHYSICAL,YZ,x,-0.0625,y,0.3125,z,0.4375,0.04288016937655089,0.03744143055773756,-0.005438738818813328,0.04000000040274644,0.09246458397011166
2001,1.0,20dB_nominal_difference,imag,dressed_linear_chi,REJECTED_PHYSICAL,YZ,x,-0.0625,y,0.4375,z,0.4375,0.043366912039912754,0.04400813869920166,0.0006412266592889029,0.04000000040274644,0.09246458397011166
2001,1.0,20dB_nominal_difference,imag,dressed_linear_chi,REJECTED_PHYSICAL,YZ,x,-0.0625,y,0.5625,z,0.4375,0.042549808083138775,0.04641166767393813,0.003861859590799356,0.04000000040274644,0.09246458397011166
2001,1.0,20dB_nominal_difference,imag,dressed_linear_chi,REJECTED_PHYSICAL,YZ,x,-0.0625,y,0.6875,z,0.4375,0.04119637699550357,0.04362553678295975,0.0024291597874561838,0.04000000040274644,0.09246458397011166
2001,1.0,20dB_nominal_difference,imag,dressed_linear_chi,REJECTED_PHYSICAL,YZ,x,-0.0625,y,-0.6875,z,0.5625,0.04000222455132532,0.058912058379392285,0.018909833828066963,0.04000000040274644,0.09246458397011166
2001,1.0,20dB_nominal_difference,imag,dressed_linear_chi,REJECTED_PHYSICAL,YZ,x,-0.0625,y,-0.5625,z,0.5625,0.04000894796087011,0.05472897847257069,0.01472003051170058,0.04000000040274644,0.09246458397011166
2001,1.0,20dB_nominal_difference,imag,dressed_linear_chi,REJECTED_PHYSICAL,YZ,x,-0.0625,y,-0.4375,z,0.5625,0.040027565989594976,0.04556385393423457,0.0055362879446395966,0.04000000040274644,0.09246458397011166
2001,1.0,20dB_nominal_difference,imag,dressed_linear_chi,REJECTED_PHYSICAL,YZ,x,-0.0625,y,-0.3125,z,0.5625,0.04006516133148572,0.0353089155827189,-0.0047562457487668255,0.04000000040274644,0.09246458397011166
2001,1.0,20dB_nominal_difference,imag,dressed_linear_chi,REJECTED_PHYSICAL,YZ,x,-0.0625,y,-0.1875,z,0.5625,0.040119910208704194,0.02678103490142375,-0.013338875307280444,0.04000000040274644,0.09246458397011166
2001,1.0,20dB_nominal_difference,imag,dressed_linear_chi,REJECTED_PHYSICAL,YZ,x,-0.0625,y,-0.0625,z,0.5625,0.04018627310123466,0.02168639867544381,-0.01849987442579085,0.04000000040274644,0.09246458397011166
2001,1.0,20dB_nominal_difference,imag,dressed_linear_chi,REJECTED_PHYSICAL,YZ,x,-0.0625,y,0.0625,z,0.5625,0.04030992270462864,0.020506534727917206,-0.019803387976711433,0.04000000040274644,0.09246458397011166
2001,1.0,20dB_nominal_difference,imag,dressed_linear_chi,REJECTED_PHYSICAL,YZ,x,-0.0625,y,0.1875,z,0.5625,0.04062249667888878,0.022595017281221697,-0.018027479397667082,0.04000000040274644,0.09246458397011166
2001,1.0,20dB_nominal_difference,imag,dressed_linear_chi,REJECTED_PHYSICAL,YZ,x,-0.0625,y,0.3125,z,0.5625,0.04111287628694723,0.026456024451949826,-0.014656851834997403,0.04000000040274644,0.09246458397011166
2001,1.0,20dB_nominal_difference,imag,dressed_linear_chi,REJECTED_PHYSICAL,YZ,x,-0.0625,y,0.4375,z,0.5625,0.04136441020087273,0.03016126861859095,-0.011203141582281782,0.04000000040274644,0.09246458397011166
2001,1.0,20dB_nominal_difference,imag,dressed_linear_chi,REJECTED_PHYSICAL,YZ,x,-0.0625,y,0.5625,z,0.5625,0.04105039501746476,0.031858981947310044,-0.009191413070154718,0.04000000040274644,0.09246458397011166
2001,1.0,20dB_nominal_difference,imag,dressed_linear_chi,REJECTED_PHYSICAL,YZ,x,-0.0625,y,0.6875,z,0.5625,0.04049586450118124,0.03068335478835255,-0.009812509712828692,0.04000000040274644,0.09246458397011166
2001,1.0,20dB_nominal_difference,imag,dressed_linear_chi,REJECTED_PHYSICAL,YZ,x,-0.0625,y,-0.6875,z,0.6875,0.040000349171230964,0.06236444303917187,0.022364093867940908,0.04000000040274644,0.09246458397011166
2001,1.0,20dB_nominal_difference,imag,dressed_linear_chi,REJECTED_PHYSICAL,YZ,x,-0.0625,y,-0.5625,z,0.6875,0.04000140450895627,0.06782955965590143,0.027828155146945158,0.04000000040274644,0.09246458397011166
2001,1.0,20dB_nominal_difference,imag,dressed_linear_chi,REJECTED_PHYSICAL,YZ,x,-0.0625,y,-0.4375,z,0.6875,0.04000432746896438,0.0618912952079541,0.021886967738989717,0.04000000040274644,0.09246458397011166
2001,1.0,20dB_nominal_difference,imag,dressed_linear_chi,REJECTED_PHYSICAL,YZ,x,-0.0625,y,-0.3125,z,0.6875,0.04001024449717641,0.05173701684687117,0.011726772349694756,0.04000000040274644,0.09246458397011166
2001,1.0,20dB_nominal_difference,imag,dressed_linear_chi,REJECTED_PHYSICAL,YZ,x,-0.0625,y,-0.1875,z,0.6875,0.04001908162051439,0.04069170966892021,0.0006726280484058225,0.04000000040274644,0.09246458397011166
2001,1.0,20dB_nominal_difference,imag,dressed_linear_chi,REJECTED_PHYSICAL,YZ,x,-0.0625,y,-0.0625,z,0.6875,0.04003171121742498,0.03100789635435471,-0.00902381486307027,0.04000000040274644,0.09246458397011166
2001,1.0,20dB_nominal_difference,imag,dressed_linear_chi,REJECTED_PHYSICAL,YZ,x,-0.0625,y,0.0625,z,0.6875,0.04006291313410764,0.023967564434756863,-0.016095348699350778,0.04000000040274644,0.09246458397011166
2001,1.0,20dB_nominal_difference,imag,dressed_linear_chi,REJECTED_PHYSICAL,YZ,x,-0.0625,y,0.1875,z,0.6875,0.040147652515939165,0.019890404427239033,-0.020257248088700133,0.04000000040274644,0.09246458397011166
2001,1.0,20dB_nominal_difference,imag,dressed_linear_chi,REJECTED_PHYSICAL,YZ,x,-0.0625,y,0.3125,z,0.6875,0.040280786099357375,0.018257619080193035,-0.02202316701916434,0.04000000040274644,0.09246458397011166
2001,1.0,20dB_nominal_difference,imag,dressed_linear_chi,REJECTED_PHYSICAL,YZ,x,-0.0625,y,0.4375,z,0.6875,0.040350967379744904,0.017930200062537264,-0.02242076731720764,0.04000000040274644,0.09246458397011166
2001,1.0,20dB_nominal_difference,imag,dressed_linear_chi,REJECTED_PHYSICAL,YZ,x,-0.0625,y,0.5625,z,0.6875,0.04027192003554585,0.01728610716296572,-0.022985812872580128,0.04000000040274644,0.09246458397011166
2001,1.0,20dB_nominal_difference,imag,dressed_linear_chi,REJECTED_PHYSICAL,YZ,x,-0.0625,y,0.6875,z,0.6875,0.040128665940895446,0.013461983239330063,-0.026666682701565383,0.04000000040274644,0.09246458397011166
2001,1.0,20dB_nominal_difference,imag,linear_a_exact_conversion,REJECTED_PHYSICAL,XY,z,-0.0625,x,-0.6875,y,-0.6875,0.040016707583836804,0.08865914805055357,0.048642440466716765,0.04000000040274644,0.09246458397011166
2001,1.0,20dB_nominal_difference,imag,linear_a_exact_conversion,REJECTED_PHYSICAL,XY,z,-0.0625,x,-0.5625,y,-0.6875,0.040075465052344855,0.08771961708096156,0.0476441520286167,0.04000000040274644,0.09246458397011166
2001,1.0,20dB_nominal_difference,imag,linear_a_exact_conversion,REJECTED_PHYSICAL,XY,z,-0.0625,x,-0.4375,y,-0.6875,0.04022450106668207,0.0788756630501602,0.03865116198347812,0.04000000040274644,0.09246458397011166
2001,1.0,20dB_nominal_difference,imag,linear_a_exact_conversion,REJECTED_PHYSICAL,XY,z,-0.0625,x,-0.3125,y,-0.6875,0.04043987698804624,0.07077257212517742,0.030332695137131174,0.04000000040274644,0.09246458397011166
2001,1.0,20dB_nominal_difference,imag,linear_a_exact_conversion,REJECTED_PHYSICAL,XY,z,-0.0625,x,-0.1875,y,-0.6875,0.04056765488451424,0.06458082434467814,0.0240131694601639,0.04000000040274644,0.09246458397011166
2001,1.0,20dB_nominal_difference,imag,linear_a_exact_conversion,REJECTED_PHYSICAL,XY,z,-0.0625,x,-0.0625,y,-0.6875,0.0404824783380541,0.060292235710386825,0.019809757372332724,0.04000000040274644,0.09246458397011166
2001,1.0,20dB_nominal_difference,imag,linear_a_exact_conversion,REJECTED_PHYSICAL,XY,z,-0.0625,x,0.0625,y,-0.6875,0.04027009191368461,0.05704154942722237,0.016771457513537764,0.04000000040274644,0.09246458397011166
2001,1.0,20dB_nominal_difference,imag,linear_a_exact_conversion,REJECTED_PHYSICAL,XY,z,-0.0625,x,0.1875,y,-0.6875,0.04009958317391338,0.05333775158855856,0.01323816841464518,0.04000000040274644,0.09246458397011166
2001,1.0,20dB_nominal_difference,imag,linear_a_exact_conversion,REJECTED_PHYSICAL,XY,z,-0.0625,x,0.3125,y,-0.6875,0.040024182741342125,0.04737943460065785,0.007355251859315723,0.04000000040274644,0.09246458397011166
2001,1.0,20dB_nominal_difference,imag,linear_a_exact_conversion,REJECTED_PHYSICAL,XY,z,-0.0625,x,0.4375,y,-0.6875,0.04000386844947816,0.037340580762175946,-0.0026632876873022154,0.04000000040274644,0.09246458397011166
2001,1.0,20dB_nominal_difference,imag,linear_a_exact_conversion,REJECTED_PHYSICAL,XY,z,-0.0625,x,0.5625,y,-0.6875,0.040000408511253666,0.021271753006562727,-0.01872865550469094,0.04000000040274644,0.09246458397011166
2001,1.0,20dB_nominal_difference,imag,linear_a_exact_conversion,REJECTED_PHYSICAL,XY,z,-0.0625,x,0.6875,y,-0.6875,0.040000029272418386,-0.006973162438360159,-0.046973191710778545,0.04000000040274644,0.09246458397011166
2001,1.0,20dB_nominal_difference,imag,linear_a_exact_conversion,REJECTED_PHYSICAL,XY,z,-0.0625,x,-0.6875,y,-0.5625,0.04005719598897021,0.0569092970954258,0.01685210110645559,0.04000000040274644,0.09246458397011166
2001,1.0,20dB_nominal_difference,imag,linear_a_exact_conversion,REJECTED_PHYSICAL,XY,z,-0.0625,x,-0.5625,y,-0.5625,0.04026681018658091,0.052304121248564615,0.012037311061983705,0.04000000040274644,0.09246458397011166
2001,1.0,20dB_nominal_difference,imag,linear_a_exact_conversion,REJECTED_PHYSICAL,XY,z,-0.0625,x,-0.4375,y,-0.5625,0.04081974644509443,0.04302426708683582,0.0022045206417413907,0.04000000040274644,0.09246458397011166
2001,1.0,20dB_nominal_difference,imag,linear_a_exact_conversion,REJECTED_PHYSICAL,XY,z,-0.0625,x,-0.3125,y,-0.5625,0.04165881128079383,0.03598277735840137,-0.005676033922392458,0.04000000040274644,0.09246458397011166
2001,1.0,20dB_nominal_difference,imag,linear_a_exact_conversion,REJECTED_PHYSICAL,XY,z,-0.0625,x,-0.1875,y,-0.5625,0.04221082680840545,0.0329618906474877,-0.009248936160917744,0.04000000040274644,0.09246458397011166
2001,1.0,20dB_nominal_difference,imag,linear_a_exact_conversion,REJECTED_PHYSICAL,XY,z,-0.0625,x,-0.0625,y,-0.5625,0.041940674889274845,0.03389893737954864,-0.008041737509726206,0.04000000040274644,0.09246458397011166
2001,1.0,20dB_nominal_difference,imag,linear_a_exact_conversion,REJECTED_PHYSICAL,XY,z,-0.0625,x,0.0625,y,-0.5625,0.041121996342774594,0.03745373207771641,-0.003668264265058181,0.04000000040274644,0.09246458397011166
2001,1.0,20dB_nominal_difference,imag,linear_a_exact_conversion,REJECTED_PHYSICAL,XY,z,-0.0625,x,0.1875,y,-0.5625,0.04042724246685506,0.04151074398008043,0.0010835015132253725,0.04000000040274644,0.09246458397011166
2001,1.0,20dB_nominal_difference,imag,linear_a_exact_conversion,REJECTED_PHYSICAL,XY,z,-0.0625,x,0.3125,y,-0.5625,0.04010716450029818,0.043707691439139426,0.0036005269388412475,0.04000000040274644,0.09246458397011166
2001,1.0,20dB_nominal_difference,imag,linear_a_exact_conversion,REJECTED_PHYSICAL,XY,z,-0.0625,x,0.4375,y,-0.5625,0.04001773123047361,0.04188330750745888,0.0018655762769852688,0.04000000040274644,0.09246458397011166
2001,1.0,20dB_nominal_difference,imag,linear_a_exact_conversion,REJECTED_PHYSICAL,XY,z,-0.0625,x,0.5625,y,-0.5625,0.04000196799220514,0.03434720737774261,-0.005654760614462524,0.04000000040274644,0.09246458397011166
2001,1.0,20dB_nominal_difference,imag,linear_a_exact_conversion,REJECTED_PHYSICAL,XY,z,-0.0625,x,0.6875,y,-0.5625,0.040000173012376614,0.01862413089475389,-0.021376042117622722,0.04000000040274644,0.09246458397011166
2001,1.0,20dB_nominal_difference,imag,linear_a_exact_conversion,REJECTED_PHYSICAL,XY,z,-0.0625,x,-0.6875,y,-0.4375,0.04014993431811251,0.04317484111547674,0.003024906797364231,0.04000000040274644,0.09246458397011166
2001,1.0,20dB_nominal_difference,imag,linear_a_exact_conversion,REJECTED_PHYSICAL,XY,z,-0.0625,x,-0.5625,y,-0.4375,0.04072234136565401,0.03089930492838896,-0.00982303643726505,0.04000000040274644,0.09246458397011166
2001,1.0,20dB_nominal_difference,imag,linear_a_exact_conversion,REJECTED_PHYSICAL,XY,z,-0.0625,x,-0.4375,y,-0.4375,0.04229205073017777,0.019449019767160187,-0.022843030963017583,0.04000000040274644,0.09246458397011166
2001,1.0,20dB_nominal_difference,imag,linear_a_exact_conversion,REJECTED_PHYSICAL,XY,z,-0.0625,x,-0.3125,y,-0.4375,0.04479011863457288,0.01291605691938341,-0.031874061715189465,0.04000000040274644,0.09246458397011166
2001,1.0,20dB_nominal_difference,imag,linear_a_exact_conversion,REJECTED_PHYSICAL,XY,z,-0.0625,x,-0.1875,y,-0.4375,0.04659338803921103,0.01223944426056981,-0.03435394377864122,0.04000000040274644,0.09246458397011166
2001,1.0,20dB_nominal_difference,imag,linear_a_exact_conversion,REJECTED_PHYSICAL,XY,z,-0.0625,x,-0.0625,y,-0.4375,0.04597738968844294,0.01687823206871694,-0.029099157619726004,0.04000000040274644,0.09246458397011166
2001,1.0,20dB_nominal_difference,imag,linear_a_exact_conversion,REJECTED_PHYSICAL,XY,z,-0.0625,x,0.0625,y,-0.4375,0.043569095370837314,0.02500345546409982,-0.018565639906737496,0.04000000040274644,0.09246458397011166
2001,1.0,20dB_nominal_difference,imag,linear_a_exact_conversion,REJECTED_PHYSICAL,XY,z,-0.0625,x,0.1875,y,-0.4375,0.04140373526410174,0.03404476725315901,-0.007358968010942726,0.04000000040274644,0.09246458397011166
2001,1.0,20dB_nominal_difference,imag,linear_a_exact_conversion,REJECTED_PHYSICAL,XY,z,-0.0625,x,0.3125,y,-0.4375,0.04036400796849063,0.04137075223418194,0.001006744265691313,0.04000000040274644,0.09246458397011166
2001,1.0,20dB_nominal_difference,imag,linear_a_exact_conversion,REJECTED_PHYSICAL,XY,z,-0.0625,x,0.4375,y,-0.4375,0.040062880442796996,0.04491196761167007,0.004849087168873077,0.04000000040274644,0.09246458397011166
2001,1.0,20dB_nominal_difference,imag,linear_a_exact_conversion,REJECTED_PHYSICAL,XY,z,-0.0625,x,0.5625,y,-0.4375,0.040007977904657,0.04367357500390867,0.003665597099251669,0.04000000040274644,0.09246458397011166
2001,1.0,20dB_nominal_difference,imag,linear_a_exact_conversion,REJECTED_PHYSICAL,XY,z,-0.0625,x,0.6875,y,-0.4375,0.04000125709818511,0.03667708896120014,-0.0033241681369849743,0.04000000040274644,0.09246458397011166
2001,1.0,20dB_nominal_difference,imag,linear_a_exact_conversion,REJECTED_PHYSICAL,XY,z,-0.0625,x,-0.6875,y,-0.3125,0.04030096782823216,0.036285087140355075,-0.004015880687877088,0.04000000040274644,0.09246458397011166
2001,1.0,20dB_nominal_difference,imag,linear_a_exact_conversion,REJECTED_PHYSICAL,XY,z,-0.0625,x,-0.5625,y,-0.3125,0.041497497533830946,0.020168473215964135,-0.02132902431786681,0.04000000040274644,0.09246458397011166
2001,1.0,20dB_nominal_difference,imag,linear_a_exact_conversion,REJECTED_PHYSICAL,XY,z,-0.0625,x,-0.4375,y,-0.3125,0.04490741133274539,0.00815195039399281,-0.03675546093875258,0.04000000040274644,0.09246458397011166
2001,1.0,20dB_nominal_difference,imag,linear_a_exact_conversion,REJECTED_PHYSICAL,XY,z,-0.0625,x,-0.3125,y,-0.3125,0.05059202824894048,0.0029202951004823952,-0.04767173314845808,0.04000000040274644,0.09246458397011166
2001,1.0,20dB_nominal_difference,imag,linear_a_exact_conversion,REJECTED_PHYSICAL,XY,z,-0.0625,x,-0.1875,y,-0.3125,0.055057273851097724,0.004521862805399451,-0.050535411045698274,0.04000000040274644,0.09246458397011166
2001,1.0,20dB_nominal_difference,imag,linear_a_exact_conversion,REJECTED_PHYSICAL,XY,z,-0.0625,x,-0.0625,y,-0.3125,0.054097973691774014,0.01177336485258239,-0.042324608839191626,0.04000000040274644,0.09246458397011166
2001,1.0,20dB_nominal_difference,imag,linear_a_exact_conversion,REJECTED_PHYSICAL,XY,z,-0.0625,x,0.0625,y,-0.3125,0.048694368474414516,0.022387556829487523,-0.026306811644926993,0.04000000040274644,0.09246458397011166
2001,1.0,20dB_nominal_difference,imag,linear_a_exact_conversion,REJECTED_PHYSICAL,XY,z,-0.0625,x,0.1875,y,-0.3125,0.0435340826044073,0.03353964799087201,-0.009994434613535289,0.04000000040274644,0.09246458397011166
2001,1.0,20dB_nominal_difference,imag,linear_a_exact_conversion,REJECTED_PHYSICAL,XY,z,-0.0625,x,0.3125,y,-0.3125,0.04095291686614485,0.04260614503155082,0.0016532281654059733,0.04000000040274644,0.09246458397011166
2001,1.0,20dB_nominal_difference,imag,linear_a_exact_conversion,REJECTED_PHYSICAL,XY,z,-0.0625,x,0.4375,y,-0.3125,0.04018037129013854,0.04781597493778475,0.007635603647646212,0.04000000040274644,0.09246458397011166
2001,1.0,20dB_nominal_difference,imag,linear_a_exact_conversion,REJECTED_PHYSICAL,XY,z,-0.0625,x,0.5625,y,-0.3125,0.0400338735040851,0.04868020919496714,0.008646335690882044,0.04000000040274644,0.09246458397011166
2001,1.0,20dB_nominal_difference,imag,linear_a_exact_conversion,REJECTED_PHYSICAL,XY,z,-0.0625,x,0.6875,y,-0.3125,0.040010996336509126,0.044991861674416926,0.0049808653379078,0.04000000040274644,0.09246458397011166
2001,1.0,20dB_nominal_difference,imag,linear_a_exact_conversion,REJECTED_PHYSICAL,XY,z,-0.0625,x,-0.6875,y,-0.1875,0.04046261813196294,0.03310443719638707,-0.007358180935575873,0.04000000040274644,0.09246458397011166
2001,1.0,20dB_nominal_difference,imag,linear_a_exact_conversion,REJECTED_PHYSICAL,XY,z,-0.0625,x,-0.5625,y,-0.1875,0.04237724147227358,0.017972376302567015,-0.024404865169706563,0.04000000040274644,0.09246458397011166
2001,1.0,20dB_nominal_difference,imag,linear_a_exact_conversion,REJECTED_PHYSICAL,XY,z,-0.0625,x,-0.4375,y,-0.1875,0.04804570805543921,0.008534163135608997,-0.03951154491983021,0.04000000040274644,0.09246458397011166
2001,1.0,20dB_nominal_difference,imag,linear_a_exact_conversion,REJECTED_PHYSICAL,XY,z,-0.0625,x,-0.3125,y,-0.1875,0.05793476860533821,0.006367069380558739,-0.05156769922477947,0.04000000040274644,0.09246458397011166
2001,1.0,20dB_nominal_difference,imag,linear_a_exact_conversion,REJECTED_PHYSICAL,XY,z,-0.0625,x,-0.1875,y,-0.1875,0.06633116075709011,0.010731640869043758,-0.05559951988804636,0.04000000040274644,0.09246458397011166
2001,1.0,20dB_nominal_difference,imag,linear_a_exact_conversion,REJECTED_PHYSICAL,XY,z,-0.0625,x,-0.0625,y,-0.1875,0.06546292494247057,0.019843023792014643,-0.04561990115045592,0.04000000040274644,0.09246458397011166
2001,1.0,20dB_nominal_difference,imag,linear_a_exact_conversion,REJECTED_PHYSICAL,XY,z,-0.0625,x,0.0625,y,-0.1875,0.05622590360314814,0.031098796404532492,-0.02512710719861565,0.04000000040274644,0.09246458397011166
2001,1.0,20dB_nominal_difference,imag,linear_a_exact_conversion,REJECTED_PHYSICAL,XY,z,-0.0625,x,0.1875,y,-0.1875,0.04684095942342986,0.041664046128381184,-0.005176913295048678,0.04000000040274644,0.09246458397011166
2001,1.0,20dB_nominal_difference,imag,linear_a_exact_conversion,REJECTED_PHYSICAL,XY,z,-0.0625,x,0.3125,y,-0.1875,0.04197175503334721,0.049172632075550574,0.00720087704220336,0.04000000040274644,0.09246458397011166
2001,1.0,20dB_nominal_difference,imag,linear_a_exact_conversion,REJECTED_PHYSICAL,XY,z,-0.0625,x,0.4375,y,-0.1875,0.040479200865870035,0.05228213038154457,0.011802929515674535,0.04000000040274644,0.09246458397011166
2001,1.0,20dB_nominal_difference,imag,linear_a_exact_conversion,REJECTED_PHYSICAL,XY,z,-0.0625,x,0.5625,y,-0.1875,0.040168465492061774,0.05093859169330959,0.010770126201247815,0.04000000040274644,0.09246458397011166
2001,1.0,20dB_nominal_difference,imag,linear_a_exact_conversion,REJECTED_PHYSICAL,XY,z,-0.0625,x,0.6875,y,-0.1875,0.04007742623254065,0.04578594415702052,0.005708517924479864,0.04000000040274644,0.09246458397011166
2001,1.0,20dB_nominal_difference,imag,linear_a_exact_conversion,REJECTED_PHYSICAL,XY,z,-0.0625,x,-0.6875,y,-0.0625,0.04054451366038647,0.03153206178244136,-0.00901245187794511,0.04000000040274644,0.09246458397011166
2001,1.0,20dB_nominal_difference,imag,linear_a_exact_conversion,REJECTED_PHYSICAL,XY,z,-0.0625,x,-0.5625,y,-0.0625,0.042889775165007187,0.021771456997100966,-0.02111831816790622,0.04000000040274644,0.09246458397011166
2001,1.0,20dB_nominal_difference,imag,linear_a_exact_conversion,REJECTED_PHYSICAL,XY,z,-0.0625,x,-0.4375,y,-0.0625,0.0501008949749696,0.018094245147054943,-0.03200664982791465,0.04000000040274644,0.09246458397011166
2001,1.0,20dB_nominal_difference,imag,linear_a_exact_conversion,REJECTED_PHYSICAL,XY,z,-0.0625,x,-0.3125,y,-0.0625,0.06325402053547836,0.020931578455721106,-0.04232244207975726,0.04000000040274644,0.09246458397011166
2001,1.0,20dB_nominal_difference,imag,linear_a_exact_conversion,REJECTED_PHYSICAL,XY,z,-0.0625,x,-0.1875,y,-0.0625,0.07526104378803249,0.028782164472318527,-0.046478879315713956,0.04000000040274644,0.09246458397011166
2001,1.0,20dB_nominal_difference,imag,linear_a_exact_conversion,REJECTED_PHYSICAL,XY,z,-0.0625,x,-0.0625,y,-0.0625,0.07522816100604189,0.03937164008533804,-0.03585652092070385,0.04000000040274644,0.09246458397011166
2001,1.0,20dB_nominal_difference,imag,linear_a_exact_conversion,REJECTED_PHYSICAL,XY,z,-0.0625,x,0.0625,y,-0.0625,0.0632481310043695,0.04997406560961093,-0.013274065394758575,0.04000000040274644,0.09246458397011166
2001,1.0,20dB_nominal_difference,imag,linear_a_exact_conversion,REJECTED_PHYSICAL,XY,z,-0.0625,x,0.1875,y,-0.0625,0.050328233333019494,0.05796389175049812,0.007635658417478625,0.04000000040274644,0.09246458397011166
2001,1.0,20dB_nominal_difference,imag,linear_a_exact_conversion,REJECTED_PHYSICAL,XY,z,-0.0625,x,0.3125,y,-0.0625,0.04348375045580265,0.06140256520093361,0.017918814745130962,0.04000000040274644,0.09246458397011166
2001,1.0,20dB_nominal_difference,imag,linear_a_exact_conversion,REJECTED_PHYSICAL,XY,z,-0.0625,x,0.4375,y,-0.0625,0.04135727588851929,0.05944841091995485,0.018091135031435557,0.04000000040274644,0.09246458397011166
2001,1.0,20dB_nominal_difference,imag,linear_a_exact_conversion,REJECTED_PHYSICAL,XY,z,-0.0625,x,0.5625,y,-0.0625,0.04074390816086866,0.052485831718501214,0.011741923557632553,0.04000000040274644,0.09246458397011166
2001,1.0,20dB_nominal_difference,imag,linear_a_exact_conversion,REJECTED_PHYSICAL,XY,z,-0.0625,x,0.6875,y,-0.0625,0.040356308162189845,0.04215708542530169,0.0018007772631118413,0.04000000040274644,0.09246458397011166
2001,1.0,20dB_nominal_difference,imag,linear_a_exact_conversion,REJECTED_PHYSICAL,XY,z,-0.0625,x,-0.6875,y,0.0625,0.04049077053906569,0.030023195535552737,-0.010467575003512954,0.04000000040274644,0.09246458397011166
2001,1.0,20dB_nominal_difference,imag,linear_a_exact_conversion,REJECTED_PHYSICAL,XY,z,-0.0625,x,-0.5625,y,0.0625,0.042689915156793684,0.028630347750444513,-0.014059567406349172,0.04000000040274644,0.09246458397011166
2001,1.0,20dB_nominal_difference,imag,linear_a_exact_conversion,REJECTED_PHYSICAL,XY,z,-0.0625,x,-0.4375,y,0.0625,0.04971048265474745,0.03275450805285644,-0.016955974601891008,0.04000000040274644,0.09246458397011166
2001,1.0,20dB_nominal_difference,imag,linear_a_exact_conversion,REJECTED_PHYSICAL,XY,z,-0.0625,x,-0.3125,y,0.0625,0.06308862742492329,0.041741409446151935,-0.02134721797877135,0.04000000040274644,0.09246458397011166
2001,1.0,20dB_nominal_difference,imag,linear_a_exact_conversion,REJECTED_PHYSICAL,XY,z,-0.0625,x,-0.1875,y,0.0625,0.07616667885102474,0.0534536734902719,-0.02271300536075284,0.04000000040274644,0.09246458397011166
2001,1.0,20dB_nominal_difference,imag,linear_a_exact_conversion,REJECTED_PHYSICAL,XY,z,-0.0625,x,-0.0625,y,0.0625,0.07738345775658874,0.06533843973146607,-0.012045018025122672,0.04000000040274644,0.09246458397011166
2001,1.0,20dB_nominal_difference,imag,linear_a_exact_conversion,REJECTED_PHYSICAL,XY,z,-0.0625,x,0.0625,y,0.0625,0.065781225296112,0.07474599708193659,0.008964771785824596,0.04000000040274644,0.09246458397011166
2001,1.0,20dB_nominal_difference,imag,linear_a_exact_conversion,REJECTED_PHYSICAL,XY,z,-0.0625,x,0.1875,y,0.0625,0.05268128167956864,0.07937161009327057,0.026690328413701926,0.04000000040274644,0.09246458397011166
2001,1.0,20dB_nominal_difference,imag,linear_a_exact_conversion,REJECTED_PHYSICAL,XY,z,-0.0625,x,0.3125,y,0.0625,0.045866438562636315,0.07769868157403864,0.03183224301140233,0.04000000040274644,0.09246458397011166
2001,1.0,20dB_nominal_difference,imag,linear_a_exact_conversion,REJECTED_PHYSICAL,XY,z,-0.0625,x,0.4375,y,0.0625,0.043615713560426365,0.0692970564836794,0.025681342923253032,0.04000000040274644,0.09246458397011166
2001,1.0,20dB_nominal_difference,imag,linear_a_exact_conversion,REJECTED_PHYSICAL,XY,z,-0.0625,x,0.5625,y,0.0625,0.042266725449647956,0.05490134021346979,0.012634614763821835,0.04000000040274644,0.09246458397011166
2001,1.0,20dB_nominal_difference,imag,linear_a_exact_conversion,REJECTED_PHYSICAL,XY,z,-0.0625,x,0.6875,y,0.0625,0.04101406403433369,0.037141219860753784,-0.0038728441735799077,0.04000000040274644,0.09246458397011166
2001,1.0,20dB_nominal_difference,imag,linear_a_exact_conversion,REJECTED_PHYSICAL,XY,z,-0.0625,x,-0.6875,y,0.1875,0.0403387130716136,0.027609110894661903,-0.0127296021769517,0.04000000040274644,0.09246458397011166
2001,1.0,20dB_nominal_difference,imag,linear_a_exact_conversion,REJECTED_PHYSICAL,XY,z,-0.0625,x,-0.5625,y,0.1875,0.04191733625799617,0.035525346965687446,-0.0063919892923087265,0.04000000040274644,0.09246458397011166
2001,1.0,20dB_nominal_difference,imag,linear_a_exact_conversion,REJECTED_PHYSICAL,XY,z,-0.0625,x,-0.4375,y,0.1875,0.04714853025735485,0.0475531875315087,0.0004046572741538551,0.04000000040274644,0.09246458397011166
2001,1.0,20dB_nominal_difference,imag,linear_a_exact_conversion,REJECTED_PHYSICAL,XY,z,-0.0625,x,-0.3125,y,0.1875,0.05755728959904926,0.06229969868748702,0.00474240908843776,0.04000000040274644,0.09246458397011166
2001,1.0,20dB_nominal_difference,imag,linear_a_exact_conversion,REJECTED_PHYSICAL,XY,z,-0.0625,x,-0.1875,y,0.1875,0.0684365430525398,0.07736677297075807,0.008930229918218277,0.04000000040274644,0.09246458397011166
2001,1.0,20dB_nominal_difference,imag,linear_a_exact_conversion,REJECTED_PHYSICAL,XY,z,-0.0625,x,-0.0625,y,0.1875,0.07056893671150717,0.09028503252768517,0.019716095816178003,0.04000000040274644,0.09246458397011166
2001,1.0,20dB_nominal_difference,imag,linear_a_exact_conversion,REJECTED_PHYSICAL,XY,z,-0.0625,x,0.0625,y,0.1875,0.06261888328020784,0.09868224126916658,0.03606335798895874,0.04000000040274644,0.09246458397011166
2001,1.0,20dB_nominal_difference,imag,linear_a_exact_conversion,REJECTED_PHYSICAL,XY,z,-0.0625,x,0.1875,y,0.1875,0.05354254395806715,0.10054749421376226,0.04700495025569511,0.04000000040274644,0.09246458397011166
2001,1.0,20dB_nominal_difference,imag,linear_a_exact_conversion,REJECTED_PHYSICAL,XY,z,-0.0625,x,0.3125,y,0.1875,0.04922298495661685,0.09455932065934775,0.04533633570273089,0.04000000040274644,0.09246458397011166
2001,1.0,20dB_nominal_difference,imag,linear_a_exact_conversion,REJECTED_PHYSICAL,XY,z,-0.0625,x,0.4375,y,0.1875,0.04712117347535782,0.08037295965787256,0.03325178618251474,0.04000000040274644,0.09246458397011166
2001,1.0,20dB_nominal_difference,imag,linear_a_exact_conversion,REJECTED_PHYSICAL,XY,z,-0.0625,x,0.5625,y,0.1875,0.04435226197510026,0.058777125556143964,0.014424863581043702,0.04000000040274644,0.09246458397011166
2001,1.0,20dB_nominal_difference,imag,linear_a_exact_conversion,REJECTED_PHYSICAL,XY,z,-0.0625,x,0.6875,y,0.1875,0.041761077940884066,0.03311007365136278,-0.008651004289521286,0.04000000040274644,0.09246458397011166
2001,1.0,20dB_nominal_difference,imag,linear_a_exact_conversion,REJECTED_PHYSICAL,XY,z,-0.0625,x,-0.6875,y,0.3125,0.04017900717773762,0.0238482306928499,-0.01633077648488772,0.04000000040274644,0.09246458397011166
2001,1.0,20dB_nominal_difference,imag,linear_a_exact_conversion,REJECTED_PHYSICAL,XY,z,-0.0625,x,-0.5625,y,0.3125,0.04104652792939842,0.03975494207590806,-0.0012915858534903596,0.04000000040274644,0.09246458397011166
2001,1.0,20dB_nominal_difference,imag,linear_a_exact_conversion,REJECTED_PHYSICAL,XY,z,-0.0625,x,-0.4375,y,0.3125,0.044030246572164554,0.05766567546403313,0.013635428891868577,0.04000000040274644,0.09246458397011166
2001,1.0,20dB_nominal_difference,imag,linear_a_exact_conversion,REJECTED_PHYSICAL,XY,z,-0.0625,x,-0.3125,y,0.3125,0.050230805896160885,0.07607909843584348,0.0258482925396826,0.04000000040274644,0.09246458397011166
2001,1.0,20dB_nominal_difference,imag,linear_a_exact_conversion,REJECTED_PHYSICAL,XY,z,-0.0625,x,-0.1875,y,0.3125,0.05718454712314706,0.09294388417807077,0.035759337054923714,0.04000000040274644,0.09246458397011166
2001,1.0,20dB_nominal_difference,imag,linear_a_exact_conversion,REJECTED_PHYSICAL,XY,z,-0.0625,x,-0.0625,y,0.3125,0.05947908919312968,0.10634595571605517,0.04686686652292549,0.04000000040274644,0.09246458397011166
2001,1.0,20dB_nominal_difference,imag,linear_a_exact_conversion,REJECTED_PHYSICAL,XY,z,-0.0625,x,0.0625,y,0.3125,0.056261516899947794,0.11438588950251152,0.05812437260256373,0.04000000040274644,0.09246458397011166
2001,1.0,20dB_nominal_difference,imag,linear_a_exact_conversion,REJECTED_PHYSICAL,XY,z,-0.0625,x,0.1875,y,0.3125,0.05278894199433189,0.11523168917429864,0.06244274717996676,0.04000000040274644,0.09246458397011166
2001,1.0,20dB_nominal_difference,imag,linear_a_exact_conversion,REJECTED_PHYSICAL,XY,z,-0.0625,x,0.3125,y,0.3125,0.05139165534540846,0.10738796971677539,0.05599631437136693,0.04000000040274644,0.09246458397011166
2001,1.0,20dB_nominal_difference,imag,linear_a_exact_conversion,REJECTED_PHYSICAL,XY,z,-0.0625,x,0.4375,y,0.3125,0.049124619231150315,0.09008239302672205,0.040957773795571736,0.04000000040274644,0.09246458397011166
2001,1.0,20dB_nominal_difference,imag,linear_a_exact_conversion,REJECTED_PHYSICAL,XY,z,-0.0625,x,0.5625,y,0.3125,0.04513228330993601,0.06363096698650851,0.0184986836765725,0.04000000040274644,0.09246458397011166
2001,1.0,20dB_nominal_difference,imag,linear_a_exact_conversion,REJECTED_PHYSICAL,XY,z,-0.0625,x,0.6875,y,0.3125,0.04185957183135759,0.03146144261677682,-0.010398129214580769,0.04000000040274644,0.09246458397011166
2001,1.0,20dB_nominal_difference,imag,linear_a_exact_conversion,REJECTED_PHYSICAL,XY,z,-0.0625,x,-0.6875,y,0.4375,0.04007244361445326,0.018585080993046316,-0.021487362621406943,0.04000000040274644,0.09246458397011166
2001,1.0,20dB_nominal_difference,imag,linear_a_exact_conversion,REJECTED_PHYSICAL,XY,z,-0.0625,x,-0.5625,y,0.4375,0.04043744937458506,0.03924584746597125,-0.0011916019086138097,0.04000000040274644,0.09246458397011166
2001,1.0,20dB_nominal_difference,imag,linear_a_exact_conversion,REJECTED_PHYSICAL,XY,z,-0.0625,x,-0.4375,y,0.4375,0.04174074479347994,0.059385291756552154,0.017644546963072216,0.04000000040274644,0.09246458397011166
2001,1.0,20dB_nominal_difference,imag,linear_a_exact_conversion,REJECTED_PHYSICAL,XY,z,-0.0625,x,-0.3125,y,0.4375,0.04457510652310411,0.07814733539300543,0.03357222886990132,0.04000000040274644,0.09246458397011166
2001,1.0,20dB_nominal_difference,imag,linear_a_exact_conversion,REJECTED_PHYSICAL,XY,z,-0.0625,x,-0.1875,y,0.4375,0.04802682470978569,0.0945025445907061,0.04647571988092041,0.04000000040274644,0.09246458397011166
2001,1.0,20dB_nominal_difference,imag,linear_a_exact_conversion,REJECTED_PHYSICAL,XY,z,-0.0625,x,-0.0625,y,0.4375,0.04983387286069964,0.10754083621316977,0.057706963352470136,0.04000000040274644,0.09246458397011166
2001,1.0,20dB_nominal_difference,imag,linear_a_exact_conversion,REJECTED_PHYSICAL,XY,z,-0.0625,x,0.0625,y,0.4375,0.04973028459734544,0.1159977634402571,0.06626747884291166,0.04000000040274644,0.09246458397011166
2001,1.0,20dB_nominal_difference,imag,linear_a_exact_conversion,REJECTED_PHYSICAL,XY,z,-0.0625,x,0.1875,y,0.4375,0.04972590352492027,0.11810835528851177,0.0683824517635915,0.04000000040274644,0.09246458397011166
2001,1.0,20dB_nominal_difference,imag,linear_a_exact_conversion,REJECTED_PHYSICAL,XY,z,-0.0625,x,0.3125,y,0.4375,0.049573508104575656,0.11186186481576507,0.062288356711189416,0.04000000040274644,0.09246458397011166
2001,1.0,20dB_nominal_difference,imag,linear_a_exact_conversion,REJECTED_PHYSICAL,XY,z,-0.0625,x,0.4375,y,0.4375,0.04727384745480763,0.0955423662077223,0.04826851875291467,0.04000000040274644,0.09246458397011166
2001,1.0,20dB_nominal_difference,imag,linear_a_exact_conversion,REJECTED_PHYSICAL,XY,z,-0.0625,x,0.5625,y,0.4375,0.0436894650027847,0.06833745013681612,0.024647985134031422,0.04000000040274644,0.09246458397011166
2001,1.0,20dB_nominal_difference,imag,linear_a_exact_conversion,REJECTED_PHYSICAL,XY,z,-0.0625,x,0.6875,y,0.4375,0.04119266407982923,0.032728331236338094,-0.008464332843491136,0.04000000040274644,0.09246458397011166
2001,1.0,20dB_nominal_difference,imag,linear_a_exact_conversion,REJECTED_PHYSICAL,XY,z,-0.0625,x,-0.6875,y,0.5625,0.040022451420081685,0.0114907150573318,-0.028531736362749888,0.04000000040274644,0.09246458397011166
2001,1.0,20dB_nominal_difference,imag,linear_a_exact_conversion,REJECTED_PHYSICAL,XY,z,-0.0625,x,-0.5625,y,0.5625,0.04014006360989089,0.03268155042376134,-0.007458513186129549,0.04000000040274644,0.09246458397011166
2001,1.0,20dB_nominal_difference,imag,linear_a_exact_conversion,REJECTED_PHYSICAL,XY,z,-0.0625,x,-0.4375,y,0.5625,0.0405764904136124,0.050701694596681,0.0101252041830686,0.04000000040274644,0.09246458397011166
2001,1.0,20dB_nominal_difference,imag,linear_a_exact_conversion,REJECTED_PHYSICAL,XY,z,-0.0625,x,-0.3125,y,0.5625,0.04157448042627756,0.0661132914792861,0.024538811053008543,0.04000000040274644,0.09246458397011166
2001,1.0,20dB_nominal_difference,imag,linear_a_exact_conversion,REJECTED_PHYSICAL,XY,z,-0.0625,x,-0.1875,y,0.5625,0.04291862029997867,0.0794816281437105,0.03656300784373183,0.04000000040274644,0.09246458397011166
2001,1.0,20dB_nominal_difference,imag,linear_a_exact_conversion,REJECTED_PHYSICAL,XY,z,-0.0625,x,-0.0625,y,0.5625,0.04395950305677281,0.09118877297113635,0.04722926991436354,0.04000000040274644,0.09246458397011166
2001,1.0,20dB_nominal_difference,imag,linear_a_exact_conversion,REJECTED_PHYSICAL,XY,z,-0.0625,x,0.0625,y,0.5625,0.044636294922852926,0.10070085516391845,0.05606456024106553,0.04000000040274644,0.09246458397011166
2001,1.0,20dB_nominal_difference,imag,linear_a_exact_conversion,REJECTED_PHYSICAL,XY,z,-0.0625,x,0.1875,y,0.5625,0.04526764849049132,0.10627293766565259,0.061005289175161265,0.04000000040274644,0.09246458397011166
2001,1.0,20dB_nominal_difference,imag,linear_a_exact_conversion,REJECTED_PHYSICAL,XY,z,-0.0625,x,0.3125,y,0.5625,0.045122874035641525,0.10520923290357968,0.06008635886793816,0.04000000040274644,0.09246458397011166
2001,1.0,20dB_nominal_difference,imag,linear_a_exact_conversion,REJECTED_PHYSICAL,XY,z,-0.0625,x,0.4375,y,0.5625,0.043556284939509374,0.09457289065416591,0.051016605714656535,0.04000000040274644,0.09246458397011166
2001,1.0,20dB_nominal_difference,imag,linear_a_exact_conversion,REJECTED_PHYSICAL,XY,z,-0.0625,x,0.5625,y,0.5625,0.04161337822156552,0.07197509182371266,0.030361713602147136,0.04000000040274644,0.09246458397011166
2001,1.0,20dB_nominal_difference,imag,linear_a_exact_conversion,REJECTED_PHYSICAL,XY,z,-0.0625,x,0.6875,y,0.5625,0.04046451236387989,0.037471221188254265,-0.0029932911756256272,0.04000000040274644,0.09246458397011166
2001,1.0,20dB_nominal_difference,imag,linear_a_exact_conversion,REJECTED_PHYSICAL,XY,z,-0.0625,x,-0.6875,y,0.6875,0.04000532921441526,0.0009431014473528529,-0.03906222776706241,0.04000000040274644,0.09246458397011166
2001,1.0,20dB_nominal_difference,imag,linear_a_exact_conversion,REJECTED_PHYSICAL,XY,z,-0.0625,x,-0.5625,y,0.6875,0.0400343674625972,0.01887816279974344,-0.02115620466285376,0.04000000040274644,0.09246458397011166
2001,1.0,20dB_nominal_difference,imag,linear_a_exact_conversion,REJECTED_PHYSICAL,XY,z,-0.0625,x,-0.4375,y,0.6875,0.0401465809212508,0.030691113549312917,-0.009455467371937882,0.04000000040274644,0.09246458397011166
2001,1.0,20dB_nominal_difference,imag,linear_a_exact_conversion,REJECTED_PHYSICAL,XY,z,-0.0625,x,-0.3125,y,0.6875,0.04041812520218987,0.03975903701075525,-0.0006590881914346203,0.04000000040274644,0.09246458397011166
2001,1.0,20dB_nominal_difference,imag,linear_a_exact_conversion,REJECTED_PHYSICAL,XY,z,-0.0625,x,-0.1875,y,0.6875,0.04082696886905938,0.048501677163118706,0.007674708294059328,0.04000000040274644,0.09246458397011166
2001,1.0,20dB_nominal_difference,imag,linear_a_exact_conversion,REJECTED_PHYSICAL,XY,z,-0.0625,x,-0.0625,y,0.6875,0.04124290782960705,0.058580265743727655,0.017337357914120603,0.04000000040274644,0.09246458397011166
2001,1.0,20dB_nominal_difference,imag,linear_a_exact_conversion,REJECTED_PHYSICAL,XY,z,-0.0625,x,0.0625,y,0.6875,0.041621273675340145,0.07012799044193871,0.028506716766598564,0.04000000040274644,0.09246458397011166
2001,1.0,20dB_nominal_difference,imag,linear_a_exact_conversion,REJECTED_PHYSICAL,XY,z,-0.0625,x,0.1875,y,0.6875,0.04188129109090286,0.0813394706112817,0.03945817952037884,0.04000000040274644,0.09246458397011166
2001,1.0,20dB_nominal_difference,imag,linear_a_exact_conversion,REJECTED_PHYSICAL,XY,z,-0.0625,x,0.3125,y,0.6875,0.041704080861728936,0.08875091080243745,0.047046829940708516,0.04000000040274644,0.09246458397011166
2001,1.0,20dB_nominal_difference,imag,linear_a_exact_conversion,REJECTED_PHYSICAL,XY,z,-0.0625,x,0.4375,y,0.6875,0.04106222753645379,0.08819756155270655,0.047135334016252764,0.04000000040274644,0.09246458397011166
2001,1.0,20dB_nominal_difference,imag,linear_a_exact_conversion,REJECTED_PHYSICAL,XY,z,-0.0625,x,0.5625,y,0.6875,0.040429106007384266,0.07609773436637977,0.03566862835899551,0.04000000040274644,0.09246458397011166
2001,1.0,20dB_nominal_difference,imag,linear_a_exact_conversion,REJECTED_PHYSICAL,XY,z,-0.0625,x,0.6875,y,0.6875,0.040109892468231004,0.05079487639712635,0.010684983928895345,0.04000000040274644,0.09246458397011166
2001,1.0,20dB_nominal_difference,imag,linear_a_exact_conversion,REJECTED_PHYSICAL,XZ,y,-0.0625,x,-0.6875,z,-0.6875,0.04018376756319858,0.07293247690697016,0.03274870934377158,0.04000000040274644,0.09246458397011166
2001,1.0,20dB_nominal_difference,imag,linear_a_exact_conversion,REJECTED_PHYSICAL,XZ,y,-0.0625,x,-0.5625,z,-0.6875,0.04097526829564783,0.06170278956297306,0.02072752126732523,0.04000000040274644,0.09246458397011166
2001,1.0,20dB_nominal_difference,imag,linear_a_exact_conversion,REJECTED_PHYSICAL,XZ,y,-0.0625,x,-0.4375,z,-0.6875,0.043408942364542284,0.05850693173257065,0.015097989368028364,0.04000000040274644,0.09246458397011166
2001,1.0,20dB_nominal_difference,imag,linear_a_exact_conversion,REJECTED_PHYSICAL,XZ,y,-0.0625,x,-0.3125,z,-0.6875,0.04784793710090712,0.06385729089965214,0.01600935379874502,0.04000000040274644,0.09246458397011166
2001,1.0,20dB_nominal_difference,imag,linear_a_exact_conversion,REJECTED_PHYSICAL,XZ,y,-0.0625,x,-0.1875,z,-0.6875,0.05189958105400788,0.07367993940857927,0.021780358354571386,0.04000000040274644,0.09246458397011166
2001,1.0,20dB_nominal_difference,imag,linear_a_exact_conversion,REJECTED_PHYSICAL,XZ,y,-0.0625,x,-0.0625,z,-0.6875,0.05188360299030687,0.08306747211088485,0.031183869120577974,0.04000000040274644,0.09246458397011166
2001,1.0,20dB_nominal_difference,imag,linear_a_exact_conversion,REJECTED_PHYSICAL,XZ,y,-0.0625,x,0.0625,z,-0.6875,0.04781636656307429,0.08816389198376424,0.04034752542068996,0.04000000040274644,0.09246458397011166
2001,1.0,20dB_nominal_difference,imag,linear_a_exact_conversion,REJECTED_PHYSICAL,XZ,y,-0.0625,x,0.1875,z,-0.6875,0.043386118444131413,0.08722251675664078,0.043836398312509364,0.04000000040274644,0.09246458397011166
2001,1.0,20dB_nominal_difference,imag,linear_a_exact_conversion,REJECTED_PHYSICAL,XZ,y,-0.0625,x,0.3125,z,-0.6875,0.04096614141054461,0.08054777034934871,0.0395816289388041,0.04000000040274644,0.09246458397011166
2001,1.0,20dB_nominal_difference,imag,linear_a_exact_conversion,REJECTED_PHYSICAL,XZ,y,-0.0625,x,0.4375,z,-0.6875,0.04018156269101637,0.06976962790618317,0.029588065215166798,0.04000000040274644,0.09246458397011166
2001,1.0,20dB_nominal_difference,imag,linear_a_exact_conversion,REJECTED_PHYSICAL,XZ,y,-0.0625,x,0.5625,z,-0.6875,0.04002247497263146,0.0571420150566131,0.017119540083981644,0.04000000040274644,0.09246458397011166
2001,1.0,20dB_nominal_difference,imag,linear_a_exact_conversion,REJECTED_PHYSICAL,XZ,y,-0.0625,x,0.6875,z,-0.6875,0.04000183358507068,0.048623044305616994,0.008621210720546314,0.04000000040274644,0.09246458397011166
2001,1.0,20dB_nominal_difference,imag,linear_a_exact_conversion,REJECTED_PHYSICAL,XZ,y,-0.0625,x,-0.6875,z,-0.5625,0.04038304949832752,0.0759900112343763,0.035606961736048784,0.04000000040274644,0.09246458397011166
2001,1.0,20dB_nominal_difference,imag,linear_a_exact_conversion,REJECTED_PHYSICAL,XZ,y,-0.0625,x,-0.5625,z,-0.5625,0.04203287253138969,0.06617961331511163,0.02414674078372194,0.04000000040274644,0.09246458397011166
2001,1.0,20dB_nominal_difference,imag,linear_a_exact_conversion,REJECTED_PHYSICAL,XZ,y,-0.0625,x,-0.4375,z,-0.5625,0.04710568089382111,0.06364731640565742,0.01654163551183631,0.04000000040274644,0.09246458397011166
2001,1.0,20dB_nominal_difference,imag,linear_a_exact_conversion,REJECTED_PHYSICAL,XZ,y,-0.0625,x,-0.3125,z,-0.5625,0.05635842757326712,0.06870985391176372,0.012351426338496604,0.04000000040274644,0.09246458397011166
2001,1.0,20dB_nominal_difference,imag,linear_a_exact_conversion,REJECTED_PHYSICAL,XZ,y,-0.0625,x,-0.1875,z,-0.5625,0.06480377125006712,0.07815545324441009,0.013351681994342973,0.04000000040274644,0.09246458397011166
2001,1.0,20dB_nominal_difference,imag,linear_a_exact_conversion,REJECTED_PHYSICAL,XZ,y,-0.0625,x,-0.0625,z,-0.5625,0.06477046815458143,0.08754296108411225,0.02277249292953082,0.04000000040274644,0.09246458397011166
2001,1.0,20dB_nominal_difference,imag,linear_a_exact_conversion,REJECTED_PHYSICAL,XZ,y,-0.0625,x,0.0625,z,-0.5625,0.05629263308365276,0.09300261682514385,0.03670998374149109,0.04000000040274644,0.09246458397011166
2001,1.0,20dB_nominal_difference,imag,linear_a_exact_conversion,REJECTED_PHYSICAL,XZ,y,-0.0625,x,0.1875,z,-0.5625,0.04705814619147775,0.09243058651817021,0.04537244032669246,0.04000000040274644,0.09246458397011166
2001,1.0,20dB_nominal_difference,imag,linear_a_exact_conversion,REJECTED_PHYSICAL,XZ,y,-0.0625,x,0.3125,z,-0.5625,0.04201393249692052,0.08572038083518933,0.04370644833826881,0.04000000040274644,0.09246458397011166
2001,1.0,20dB_nominal_difference,imag,linear_a_exact_conversion,REJECTED_PHYSICAL,XZ,y,-0.0625,x,0.4375,z,-0.5625,0.040378564776072656,0.07436469847232588,0.03398613369625322,0.04000000040274644,0.09246458397011166
2001,1.0,20dB_nominal_difference,imag,linear_a_exact_conversion,REJECTED_PHYSICAL,XZ,y,-0.0625,x,0.5625,z,-0.5625,0.0400469392710066,0.0611453998746262,0.021098460603619598,0.04000000040274644,0.09246458397011166
2001,1.0,20dB_nominal_difference,imag,linear_a_exact_conversion,REJECTED_PHYSICAL,XZ,y,-0.0625,x,0.6875,z,-0.5625,0.040003869576968366,0.05197225138879975,0.011968381811831387,0.04000000040274644,0.09246458397011166
2001,1.0,20dB_nominal_difference,imag,linear_a_exact_conversion,REJECTED_PHYSICAL,XZ,y,-0.0625,x,-0.6875,z,-0.4375,0.04061648414344554,0.0728312016287036,0.03221471748525806,0.04000000040274644,0.09246458397011166
2001,1.0,20dB_nominal_difference,imag,linear_a_exact_conversion,REJECTED_PHYSICAL,XZ,y,-0.0625,x,-0.5625,z,-0.4375,0.04327172777115688,0.06208210268745629,0.018810374916299416,0.04000000040274644,0.09246458397011166
2001,1.0,20dB_nominal_difference,imag,linear_a_exact_conversion,REJECTED_PHYSICAL,XZ,y,-0.0625,x,-0.4375,z,-0.4375,0.0514359622570256,0.05925497233117076,0.007819010074145163,0.04000000040274644,0.09246458397011166
2001,1.0,20dB_nominal_difference,imag,linear_a_exact_conversion,REJECTED_PHYSICAL,XZ,y,-0.0625,x,-0.3125,z,-0.4375,0.06632743649841531,0.06399109022331984,-0.002336346275095477,0.04000000040274644,0.09246458397011166
2001,1.0,20dB_nominal_difference,imag,linear_a_exact_conversion,REJECTED_PHYSICAL,XZ,y,-0.0625,x,-0.1875,z,-0.4375,0.07991947137067627,0.07327210301892272,-0.0066473683517535576,0.04000000040274644,0.09246458397011166
2001,1.0,20dB_nominal_difference,imag,linear_a_exact_conversion,REJECTED_PHYSICAL,XZ,y,-0.0625,x,-0.0625,z,-0.4375,0.07986590868028234,0.08301890640809512,0.003152997727812773,0.04000000040274644,0.09246458397011166
2001,1.0,20dB_nominal_difference,imag,linear_a_exact_conversion,REJECTED_PHYSICAL,XZ,y,-0.0625,x,0.0625,z,-0.4375,0.06622176240723161,0.08944007692910674,0.02321831452187513,0.04000000040274644,0.09246458397011166
2001,1.0,20dB_nominal_difference,imag,linear_a_exact_conversion,REJECTED_PHYSICAL,XZ,y,-0.0625,x,0.1875,z,-0.4375,0.051360187223972564,0.09016004686999905,0.03879985964602649,0.04000000040274644,0.09246458397011166
2001,1.0,20dB_nominal_difference,imag,linear_a_exact_conversion,REJECTED_PHYSICAL,XZ,y,-0.0625,x,0.3125,z,-0.4375,0.04324277786813884,0.08463478841114888,0.04139201054301004,0.04000000040274644,0.09246458397011166
2001,1.0,20dB_nominal_difference,imag,linear_a_exact_conversion,REJECTED_PHYSICAL,XZ,y,-0.0625,x,0.4375,z,-0.4375,0.04061128804061444,0.07396237534115499,0.03335108730054055,0.04000000040274644,0.09246458397011166
2001,1.0,20dB_nominal_difference,imag,linear_a_exact_conversion,REJECTED_PHYSICAL,XZ,y,-0.0625,x,0.5625,z,-0.4375,0.04007721589812776,0.06049213481274811,0.02041491891462035,0.04000000040274644,0.09246458397011166
2001,1.0,20dB_nominal_difference,imag,linear_a_exact_conversion,REJECTED_PHYSICAL,XZ,y,-0.0625,x,0.6875,z,-0.4375,0.04000709354536091,0.048346761399839525,0.008339667854478615,0.04000000040274644,0.09246458397011166
2001,1.0,20dB_nominal_difference,imag,linear_a_exact_conversion,REJECTED_PHYSICAL,XZ,y,-0.0625,x,-0.6875,z,-0.3125,0.04076607253906586,0.0613055816668317,0.020539509127765837,0.04000000040274644,0.09246458397011166
2001,1.0,20dB_nominal_difference,imag,linear_a_exact_conversion,REJECTED_PHYSICAL,XZ,y,-0.0625,x,-0.5625,z,-0.3125,0.044065604655525614,0.050179414353555676,0.006113809698030062,0.04000000040274644,0.09246458397011166
2001,1.0,20dB_nominal_difference,imag,linear_a_exact_conversion,REJECTED_PHYSICAL,XZ,y,-0.0625,x,-0.4375,z,-0.3125,0.05421087118823959,0.04690997350848589,-0.007300897679753698,0.04000000040274644,0.09246458397011166
2001,1.0,20dB_nominal_difference,imag,linear_a_exact_conversion,REJECTED_PHYSICAL,XZ,y,-0.0625,x,-0.3125,z,-0.3125,0.07271572957697064,0.05127431679932577,-0.021441412777644872,0.04000000040274644,0.09246458397011166
2001,1.0,20dB_nominal_difference,imag,linear_a_exact_conversion,REJECTED_PHYSICAL,XZ,y,-0.0625,x,-0.1875,z,-0.3125,0.08960588835301427,0.06057094187530519,-0.029034946477709073,0.04000000040274644,0.09246458397011166
2001,1.0,20dB_nominal_difference,imag,linear_a_exact_conversion,REJECTED_PHYSICAL,XZ,y,-0.0625,x,-0.0625,z,-0.3125,0.08953973087819014,0.07112776696593129,-0.018411963912258855,0.04000000040274644,0.09246458397011166
2001,1.0,20dB_nominal_difference,imag,linear_a_exact_conversion,REJECTED_PHYSICAL,XZ,y,-0.0625,x,0.0625,z,-0.3125,0.07258685108154793,0.07929592439721934,0.0067090733156714155,0.04000000040274644,0.09246458397011166
2001,1.0,20dB_nominal_difference,imag,linear_a_exact_conversion,REJECTED_PHYSICAL,XZ,y,-0.0625,x,0.1875,z,-0.3125,0.05412491071653576,0.08244354584062201,0.02831863512408625,0.04000000040274644,0.09246458397011166
2001,1.0,20dB_nominal_difference,imag,linear_a_exact_conversion,REJECTED_PHYSICAL,XZ,y,-0.0625,x,0.3125,z,-0.3125,0.044046896787959665,0.07949562476628583,0.03544872797832616,0.04000000040274644,0.09246458397011166
2001,1.0,20dB_nominal_difference,imag,linear_a_exact_conversion,REJECTED_PHYSICAL,XZ,y,-0.0625,x,0.4375,z,-0.3125,0.0407823951108199,0.07094097406893826,0.03015857895811836,0.04000000040274644,0.09246458397011166
2001,1.0,20dB_nominal_difference,imag,linear_a_exact_conversion,REJECTED_PHYSICAL,XZ,y,-0.0625,x,0.5625,z,-0.3125,0.04011478401694134,0.05849962193112863,0.01838483791418729,0.04000000040274644,0.09246458397011166
2001,1.0,20dB_nominal_difference,imag,linear_a_exact_conversion,REJECTED_PHYSICAL,XZ,y,-0.0625,x,0.6875,z,-0.3125,0.04001857042719662,0.04526058578983334,0.005242015362636715,0.04000000040274644,0.09246458397011166
2001,1.0,20dB_nominal_difference,imag,linear_a_exact_conversion,REJECTED_PHYSICAL,XZ,y,-0.0625,x,-0.6875,z,-0.1875,0.04073501948222544,0.04577482821020046,0.00503980872797502,0.04000000040274644,0.09246458397011166
2001,1.0,20dB_nominal_difference,imag,linear_a_exact_conversion,REJECTED_PHYSICAL,XZ,y,-0.0625,x,-0.5625,z,-0.1875,0.04390080377678321,0.03504487711817516,-0.00885592665860805,0.04000000040274644,0.09246458397011166
2001,1.0,20dB_nominal_difference,imag,linear_a_exact_conversion,REJECTED_PHYSICAL,XZ,y,-0.0625,x,-0.4375,z,-0.1875,0.05363482907430367,0.03152074555654416,-0.02211408351775951,0.04000000040274644,0.09246458397011166
2001,1.0,20dB_nominal_difference,imag,linear_a_exact_conversion,REJECTED_PHYSICAL,XZ,y,-0.0625,x,-0.3125,z,-0.1875,0.0713896115297189,0.0353250005820701,-0.0360646109476488,0.04000000040274644,0.09246458397011166
2001,1.0,20dB_nominal_difference,imag,linear_a_exact_conversion,REJECTED_PHYSICAL,XZ,y,-0.0625,x,-0.1875,z,-0.1875,0.08759546472341781,0.044293757831118746,-0.04330170689229906,0.04000000040274644,0.09246458397011166
2001,1.0,20dB_nominal_difference,imag,linear_a_exact_conversion,REJECTED_PHYSICAL,XZ,y,-0.0625,x,-0.0625,z,-0.1875,0.08753479187993465,0.055357609026286725,-0.03217718285364793,0.04000000040274644,0.09246458397011166
2001,1.0,20dB_nominal_difference,imag,linear_a_exact_conversion,REJECTED_PHYSICAL,XZ,y,-0.0625,x,0.0625,z,-0.1875,0.07128294695870013,0.065205008926147,-0.006077938032553132,0.04000000040274644,0.09246458397011166
2001,1.0,20dB_nominal_difference,imag,linear_a_exact_conversion,REJECTED_PHYSICAL,XZ,y,-0.0625,x,0.1875,z,-0.1875,0.053609524693752277,0.07108635935544946,0.017476834661697187,0.04000000040274644,0.09246458397011166
2001,1.0,20dB_nominal_difference,imag,linear_a_exact_conversion,REJECTED_PHYSICAL,XZ,y,-0.0625,x,0.3125,z,-0.1875,0.04400322254002618,0.07141874003431618,0.027415517494290005,0.04000000040274644,0.09246458397011166
2001,1.0,20dB_nominal_difference,imag,linear_a_exact_conversion,REJECTED_PHYSICAL,XZ,y,-0.0625,x,0.4375,z,-0.1875,0.0409094794667403,0.06600829972397768,0.025098820257237378,0.04000000040274644,0.09246458397011166
2001,1.0,20dB_nominal_difference,imag,linear_a_exact_conversion,REJECTED_PHYSICAL,XZ,y,-0.0625,x,0.5625,z,-0.1875,0.04024141077691492,0.055922374338932386,0.015680963562017466,0.04000000040274644,0.09246458397011166
2001,1.0,20dB_nominal_difference,imag,linear_a_exact_conversion,REJECTED_PHYSICAL,XZ,y,-0.0625,x,0.6875,z,-0.1875,0.04008582566839842,0.0434990101959619,0.0034131845275634787,0.04000000040274644,0.09246458397011166
2001,1.0,20dB_nominal_difference,imag,linear_a_exact_conversion,REJECTED_PHYSICAL,XZ,y,-0.0625,x,-0.6875,z,-0.0625,0.04054451366038647,0.03153206178244136,-0.00901245187794511,0.04000000040274644,0.09246458397011166
2001,1.0,20dB_nominal_difference,imag,linear_a_exact_conversion,REJECTED_PHYSICAL,XZ,y,-0.0625,x,-0.5625,z,-0.0625,0.042889775165007187,0.021771456997100966,-0.02111831816790622,0.04000000040274644,0.09246458397011166
2001,1.0,20dB_nominal_difference,imag,linear_a_exact_conversion,REJECTED_PHYSICAL,XZ,y,-0.0625,x,-0.4375,z,-0.0625,0.0501008949749696,0.018094245147054943,-0.03200664982791465,0.04000000040274644,0.09246458397011166
2001,1.0,20dB_nominal_difference,imag,linear_a_exact_conversion,REJECTED_PHYSICAL,XZ,y,-0.0625,x,-0.3125,z,-0.0625,0.06325402053547836,0.020931578455721106,-0.04232244207975726,0.04000000040274644,0.09246458397011166
2001,1.0,20dB_nominal_difference,imag,linear_a_exact_conversion,REJECTED_PHYSICAL,XZ,y,-0.0625,x,-0.1875,z,-0.0625,0.07526104378803249,0.028782164472318527,-0.046478879315713956,0.04000000040274644,0.09246458397011166
2001,1.0,20dB_nominal_difference,imag,linear_a_exact_conversion,REJECTED_PHYSICAL,XZ,y,-0.0625,x,-0.0625,z,-0.0625,0.07522816100604189,0.03937164008533804,-0.03585652092070385,0.04000000040274644,0.09246458397011166
2001,1.0,20dB_nominal_difference,imag,linear_a_exact_conversion,REJECTED_PHYSICAL,XZ,y,-0.0625,x,0.0625,z,-0.0625,0.0632481310043695,0.04997406560961093,-0.013274065394758575,0.04000000040274644,0.09246458397011166
2001,1.0,20dB_nominal_difference,imag,linear_a_exact_conversion,REJECTED_PHYSICAL,XZ,y,-0.0625,x,0.1875,z,-0.0625,0.050328233333019494,0.05796389175049812,0.007635658417478625,0.04000000040274644,0.09246458397011166
2001,1.0,20dB_nominal_difference,imag,linear_a_exact_conversion,REJECTED_PHYSICAL,XZ,y,-0.0625,x,0.3125,z,-0.0625,0.04348375045580265,0.06140256520093361,0.017918814745130962,0.04000000040274644,0.09246458397011166
2001,1.0,20dB_nominal_difference,imag,linear_a_exact_conversion,REJECTED_PHYSICAL,XZ,y,-0.0625,x,0.4375,z,-0.0625,0.04135727588851929,0.05944841091995485,0.018091135031435557,0.04000000040274644,0.09246458397011166
2001,1.0,20dB_nominal_difference,imag,linear_a_exact_conversion,REJECTED_PHYSICAL,XZ,y,-0.0625,x,0.5625,z,-0.0625,0.04074390816086866,0.052485831718501214,0.011741923557632553,0.04000000040274644,0.09246458397011166
2001,1.0,20dB_nominal_difference,imag,linear_a_exact_conversion,REJECTED_PHYSICAL,XZ,y,-0.0625,x,0.6875,z,-0.0625,0.040356308162189845,0.04215708542530169,0.0018007772631118413,0.04000000040274644,0.09246458397011166
2001,1.0,20dB_nominal_difference,imag,linear_a_exact_conversion,REJECTED_PHYSICAL,XZ,y,-0.0625,x,-0.6875,z,0.0625,0.040311458141579104,0.022838865667047965,-0.01747259247453114,0.04000000040274644,0.09246458397011166
2001,1.0,20dB_nominal_difference,imag,linear_a_exact_conversion,REJECTED_PHYSICAL,XZ,y,-0.0625,x,-0.5625,z,0.0625,0.041652932275827434,0.014318644552589325,-0.027334287723238107,0.04000000040274644,0.09246458397011166
2001,1.0,20dB_nominal_difference,imag,linear_a_exact_conversion,REJECTED_PHYSICAL,XZ,y,-0.0625,x,-0.4375,z,0.0625,0.04577765789134244,0.010390668335461779,-0.035386989555880655,0.04000000040274644,0.09246458397011166
2001,1.0,20dB_nominal_difference,imag,linear_a_exact_conversion,REJECTED_PHYSICAL,XZ,y,-0.0625,x,-0.3125,z,0.0625,0.05330145250564673,0.011692314336017697,-0.04160913816962904,0.04000000040274644,0.09246458397011166
2001,1.0,20dB_nominal_difference,imag,linear_a_exact_conversion,REJECTED_PHYSICAL,XZ,y,-0.0625,x,-0.1875,z,0.0625,0.06017331018930952,0.01741649731419945,-0.04275681287511007,0.04000000040274644,0.09246458397011166
2001,1.0,20dB_nominal_difference,imag,linear_a_exact_conversion,REJECTED_PHYSICAL,XZ,y,-0.0625,x,-0.0625,z,0.0625,0.06018647493002061,0.026181234440135825,-0.03400524048988479,0.04000000040274644,0.09246458397011166
2001,1.0,20dB_nominal_difference,imag,linear_a_exact_conversion,REJECTED_PHYSICAL,XZ,y,-0.0625,x,0.0625,z,0.0625,0.053491890172596236,0.036038243944695444,-0.01745364622790079,0.04000000040274644,0.09246458397011166
2001,1.0,20dB_nominal_difference,imag,linear_a_exact_conversion,REJECTED_PHYSICAL,XZ,y,-0.0625,x,0.1875,z,0.0625,0.04655986430589124,0.044746247810582916,-0.0018136164953083261,0.04000000040274644,0.09246458397011166
2001,1.0,20dB_nominal_difference,imag,linear_a_exact_conversion,REJECTED_PHYSICAL,XZ,y,-0.0625,x,0.3125,z,0.0625,0.04336575155887842,0.05025395631599,0.006888204757111584,0.04000000040274644,0.09246458397011166
2001,1.0,20dB_nominal_difference,imag,linear_a_exact_conversion,REJECTED_PHYSICAL,XZ,y,-0.0625,x,0.4375,z,0.0625,0.04258781070926103,0.05121540551523581,0.008627594805974782,0.04000000040274644,0.09246458397011166
2001,1.0,20dB_nominal_difference,imag,linear_a_exact_conversion,REJECTED_PHYSICAL,XZ,y,-0.0625,x,0.5625,z,0.0625,0.041923047358749,0.04734697626818203,0.00542392890943303,0.04000000040274644,0.09246458397011166
2001,1.0,20dB_nominal_difference,imag,linear_a_exact_conversion,REJECTED_PHYSICAL,XZ,y,-0.0625,x,0.6875,z,0.0625,0.04097958907938566,0.03961358725736041,-0.001366001822025252,0.04000000040274644,0.09246458397011166
2001,1.0,20dB_nominal_difference,imag,linear_a_exact_conversion,REJECTED_PHYSICAL,XZ,y,-0.0625,x,-0.6875,z,0.1875,0.04013755348411614,0.02172913525782585,-0.01840841822629029,0.04000000040274644,0.09246458397011166
2001,1.0,20dB_nominal_difference,imag,linear_a_exact_conversion,REJECTED_PHYSICAL,XZ,y,-0.0625,x,-0.5625,z,0.1875,0.040730007504714005,0.014444613903551833,-0.026285393601162173,0.04000000040274644,0.09246458397011166
2001,1.0,20dB_nominal_difference,imag,linear_a_exact_conversion,REJECTED_PHYSICAL,XZ,y,-0.0625,x,-0.4375,z,0.1875,0.04255168831986915,0.010025499561593994,-0.032526188758275155,0.04000000040274644,0.09246458397011166
2001,1.0,20dB_nominal_difference,imag,linear_a_exact_conversion,REJECTED_PHYSICAL,XZ,y,-0.0625,x,-0.3125,z,0.1875,0.04587500399009995,0.00923923094756778,-0.03663577304253217,0.04000000040274644,0.09246458397011166
2001,1.0,20dB_nominal_difference,imag,linear_a_exact_conversion,REJECTED_PHYSICAL,XZ,y,-0.0625,x,-0.1875,z,0.1875,0.048916288033010596,0.011942062463335016,-0.036974225569675584,0.04000000040274644,0.09246458397011166
2001,1.0,20dB_nominal_difference,imag,linear_a_exact_conversion,REJECTED_PHYSICAL,XZ,y,-0.0625,x,-0.0625,z,0.1875,0.04897405992868381,0.017611203666731596,-0.03136285626195222,0.04000000040274644,0.09246458397011166
2001,1.0,20dB_nominal_difference,imag,linear_a_exact_conversion,REJECTED_PHYSICAL,XZ,y,-0.0625,x,0.0625,z,0.1875,0.04627405037899198,0.02512506615028242,-0.02114898422870956,0.04000000040274644,0.09246458397011166
2001,1.0,20dB_nominal_difference,imag,linear_a_exact_conversion,REJECTED_PHYSICAL,XZ,y,-0.0625,x,0.1875,z,0.1875,0.043956939681644894,0.032798708136021475,-0.011158231545623419,0.04000000040274644,0.09246458397011166
2001,1.0,20dB_nominal_difference,imag,linear_a_exact_conversion,REJECTED_PHYSICAL,XZ,y,-0.0625,x,0.3125,z,0.1875,0.043717738871877104,0.03871985977862525,-0.004997879093251854,0.04000000040274644,0.09246458397011166
2001,1.0,20dB_nominal_difference,imag,linear_a_exact_conversion,REJECTED_PHYSICAL,XZ,y,-0.0625,x,0.4375,z,0.1875,0.04408655934080634,0.041276252674759976,-0.0028103066660463624,0.04000000040274644,0.09246458397011166
2001,1.0,20dB_nominal_difference,imag,linear_a_exact_conversion,REJECTED_PHYSICAL,XZ,y,-0.0625,x,0.5625,z,0.1875,0.04328284034671861,0.03965153505623567,-0.0036313052904829377,0.04000000040274644,0.09246458397011166
2001,1.0,20dB_nominal_difference,imag,linear_a_exact_conversion,REJECTED_PHYSICAL,XZ,y,-0.0625,x,0.6875,z,0.1875,0.04169329837206688,0.034228114413502986,-0.007465183958563895,0.04000000040274644,0.09246458397011166
2001,1.0,20dB_nominal_difference,imag,linear_a_exact_conversion,REJECTED_PHYSICAL,XZ,y,-0.0625,x,-0.6875,z,0.3125,0.04004690558381313,0.02775517317225706,-0.01229173241155607,0.04000000040274644,0.09246458397011166
2001,1.0,20dB_nominal_difference,imag,linear_a_exact_conversion,REJECTED_PHYSICAL,XZ,y,-0.0625,x,-0.5625,z,0.3125,0.04024893233553024,0.021527280828334956,-0.01872165150719528,0.04000000040274644,0.09246458397011166
2001,1.0,20dB_nominal_difference,imag,linear_a_exact_conversion,REJECTED_PHYSICAL,XZ,y,-0.0625,x,-0.4375,z,0.3125,0.04087014551883898,0.016352545488945543,-0.02451760002989344,0.04000000040274644,0.09246458397011166
2001,1.0,20dB_nominal_difference,imag,linear_a_exact_conversion,REJECTED_PHYSICAL,XZ,y,-0.0625,x,-0.3125,z,0.3125,0.04200386789419406,0.013158590708216187,-0.028845277185977874,0.04000000040274644,0.09246458397011166
2001,1.0,20dB_nominal_difference,imag,linear_a_exact_conversion,REJECTED_PHYSICAL,XZ,y,-0.0625,x,-0.1875,z,0.3125,0.04304725185441845,0.012393645914378726,-0.03065360594003972,0.04000000040274644,0.09246458397011166
2001,1.0,20dB_nominal_difference,imag,linear_a_exact_conversion,REJECTED_PHYSICAL,XZ,y,-0.0625,x,-0.0625,z,0.3125,0.043118397710292765,0.01422676283157391,-0.028891634878718854,0.04000000040274644,0.09246458397011166
2001,1.0,20dB_nominal_difference,imag,linear_a_exact_conversion,REJECTED_PHYSICAL,XZ,y,-0.0625,x,0.0625,z,0.3125,0.04245177919332601,0.018233643391954688,-0.024218135801371322,0.04000000040274644,0.09246458397011166
2001,1.0,20dB_nominal_difference,imag,linear_a_exact_conversion,REJECTED_PHYSICAL,XZ,y,-0.0625,x,0.1875,z,0.3125,0.04239868480922753,0.023289166810501638,-0.019109517998725893,0.04000000040274644,0.09246458397011166
2001,1.0,20dB_nominal_difference,imag,linear_a_exact_conversion,REJECTED_PHYSICAL,XZ,y,-0.0625,x,0.3125,z,0.3125,0.04347703085596035,0.027773796322205953,-0.015703234533754398,0.04000000040274644,0.09246458397011166
2001,1.0,20dB_nominal_difference,imag,linear_a_exact_conversion,REJECTED_PHYSICAL,XZ,y,-0.0625,x,0.4375,z,0.3125,0.044308170291546226,0.030067820594457104,-0.014240349697089122,0.04000000040274644,0.09246458397011166
2001,1.0,20dB_nominal_difference,imag,linear_a_exact_conversion,REJECTED_PHYSICAL,XZ,y,-0.0625,x,0.5625,z,0.3125,0.043529000055675095,0.029110046940672665,-0.01441895311500243,0.04000000040274644,0.09246458397011166
2001,1.0,20dB_nominal_difference,imag,linear_a_exact_conversion,REJECTED_PHYSICAL,XZ,y,-0.0625,x,0.6875,z,0.3125,0.0418256575138533,0.02498329673922319,-0.01684236077463011,0.04000000040274644,0.09246458397011166
2001,1.0,20dB_nominal_difference,imag,linear_a_exact_conversion,REJECTED_PHYSICAL,XZ,y,-0.0625,x,-0.6875,z,0.4375,0.04001234976253653,0.038563879862934684,-0.0014484698996018452,0.04000000040274644,0.09246458397011166
2001,1.0,20dB_nominal_difference,imag,linear_a_exact_conversion,REJECTED_PHYSICAL,XZ,y,-0.0625,x,-0.5625,z,0.4375,0.04006554170420292,0.033061988907652946,-0.007003552796549975,0.04000000040274644,0.09246458397011166
2001,1.0,20dB_nominal_difference,imag,linear_a_exact_conversion,REJECTED_PHYSICAL,XZ,y,-0.0625,x,-0.4375,z,0.4375,0.04022911398585992,0.026940679115765826,-0.013288434870094092,0.04000000040274644,0.09246458397011166
2001,1.0,20dB_nominal_difference,imag,linear_a_exact_conversion,REJECTED_PHYSICAL,XZ,y,-0.0625,x,-0.3125,z,0.4375,0.04052789543410356,0.02147675276669621,-0.019051142667407348,0.04000000040274644,0.09246458397011166
2001,1.0,20dB_nominal_difference,imag,linear_a_exact_conversion,REJECTED_PHYSICAL,XZ,y,-0.0625,x,-0.1875,z,0.4375,0.04080637516124392,0.017532777625615798,-0.023273597535628122,0.04000000040274644,0.09246458397011166
2001,1.0,20dB_nominal_difference,imag,linear_a_exact_conversion,REJECTED_PHYSICAL,XZ,y,-0.0625,x,-0.0625,z,0.4375,0.040855824932046376,0.01566681791279516,-0.025189007019251218,0.04000000040274644,0.09246458397011166
2001,1.0,20dB_nominal_difference,imag,linear_a_exact_conversion,REJECTED_PHYSICAL,XZ,y,-0.0625,x,0.0625,z,0.4375,0.0408320210894075,0.015875375035080474,-0.024956646054327025,0.04000000040274644,0.09246458397011166
2001,1.0,20dB_nominal_difference,imag,linear_a_exact_conversion,REJECTED_PHYSICAL,XZ,y,-0.0625,x,0.1875,z,0.4375,0.041258120845922945,0.017420875803642422,-0.023837245042280523,0.04000000040274644,0.09246458397011166
2001,1.0,20dB_nominal_difference,imag,linear_a_exact_conversion,REJECTED_PHYSICAL,XZ,y,-0.0625,x,0.3125,z,0.4375,0.04223461269576298,0.018945513975254073,-0.023289098720508907,0.04000000040274644,0.09246458397011166
2001,1.0,20dB_nominal_difference,imag,linear_a_exact_conversion,REJECTED_PHYSICAL,XZ,y,-0.0625,x,0.4375,z,0.4375,0.042874614895089654,0.01895118991939302,-0.023923424975696633,0.04000000040274644,0.09246458397011166
2001,1.0,20dB_nominal_difference,imag,linear_a_exact_conversion,REJECTED_PHYSICAL,XZ,y,-0.0625,x,0.5625,z,0.4375,0.04236787463476232,0.01648408132289591,-0.02588379331186641,0.04000000040274644,0.09246458397011166
2001,1.0,20dB_nominal_difference,imag,linear_a_exact_conversion,REJECTED_PHYSICAL,XZ,y,-0.0625,x,0.6875,z,0.4375,0.04122599328266111,0.011969419845247178,-0.029256573437413932,0.04000000040274644,0.09246458397011166
2001,1.0,20dB_nominal_difference,imag,linear_a_exact_conversion,REJECTED_PHYSICAL,XZ,y,-0.0625,x,-0.6875,z,0.5625,0.040002510578604614,0.05107194304220269,0.011069432463598074,0.04000000040274644,0.09246458397011166
2001,1.0,20dB_nominal_difference,imag,linear_a_exact_conversion,REJECTED_PHYSICAL,XZ,y,-0.0625,x,-0.5625,z,0.5625,0.04001332407411071,0.04524017715095466,0.005226853076843951,0.04000000040274644,0.09246458397011166
2001,1.0,20dB_nominal_difference,imag,linear_a_exact_conversion,REJECTED_PHYSICAL,XZ,y,-0.0625,x,-0.4375,z,0.5625,0.04004658127897162,0.038215793002256755,-0.0018307882767148662,0.04000000040274644,0.09246458397011166
2001,1.0,20dB_nominal_difference,imag,linear_a_exact_conversion,REJECTED_PHYSICAL,XZ,y,-0.0625,x,-0.3125,z,0.5625,0.04010742078037276,0.03142459234495619,-0.008682828435416567,0.04000000040274644,0.09246458397011166
2001,1.0,20dB_nominal_difference,imag,linear_a_exact_conversion,REJECTED_PHYSICAL,XZ,y,-0.0625,x,-0.1875,z,0.5625,0.04016536426961573,0.025562963196963984,-0.014602401072651743,0.04000000040274644,0.09246458397011166
2001,1.0,20dB_nominal_difference,imag,linear_a_exact_conversion,REJECTED_PHYSICAL,XZ,y,-0.0625,x,-0.0625,z,0.5625,0.04018627310123466,0.021184863906779088,-0.019001409194455574,0.04000000040274644,0.09246458397011166
2001,1.0,20dB_nominal_difference,imag,linear_a_exact_conversion,REJECTED_PHYSICAL,XZ,y,-0.0625,x,0.0625,z,0.5625,0.0402350510100591,0.01840481505767946,-0.02183023595237964,0.04000000040274644,0.09246458397011166
2001,1.0,20dB_nominal_difference,imag,linear_a_exact_conversion,REJECTED_PHYSICAL,XZ,y,-0.0625,x,0.1875,z,0.5625,0.04047720429484549,0.016620160368482382,-0.02385704392636311,0.04000000040274644,0.09246458397011166
2001,1.0,20dB_nominal_difference,imag,linear_a_exact_conversion,REJECTED_PHYSICAL,XZ,y,-0.0625,x,0.3125,z,0.5625,0.0409204828671949,0.014527234647977323,-0.026393248219217576,0.04000000040274644,0.09246458397011166
2001,1.0,20dB_nominal_difference,imag,linear_a_exact_conversion,REJECTED_PHYSICAL,XZ,y,-0.0625,x,0.4375,z,0.5625,0.0411994381221375,0.0105742476537857,-0.0306251904683518,0.04000000040274644,0.09246458397011166
2001,1.0,20dB_nominal_difference,imag,linear_a_exact_conversion,REJECTED_PHYSICAL,XZ,y,-0.0625,x,0.5625,z,0.5625,0.04098983494479729,0.003900765937800882,-0.03708906900699641,0.04000000040274644,0.09246458397011166
2001,1.0,20dB_nominal_difference,imag,linear_a_exact_conversion,REJECTED_PHYSICAL,XZ,y,-0.0625,x,0.6875,z,0.5625,0.040512639549706235,-0.003694331188912757,-0.04420697073861899,0.04000000040274644,0.09246458397011166
2001,1.0,20dB_nominal_difference,imag,linear_a_exact_conversion,REJECTED_PHYSICAL,XZ,y,-0.0625,x,-0.6875,z,0.6875,0.04000039406705946,0.0616520936272359,0.021651699560176443,0.04000000040274644,0.09246458397011166
2001,1.0,20dB_nominal_difference,imag,linear_a_exact_conversion,REJECTED_PHYSICAL,XZ,y,-0.0625,x,-0.5625,z,0.6875,0.04000209140718957,0.05214512764818157,0.012143036240992,0.04000000040274644,0.09246458397011166
2001,1.0,20dB_nominal_difference,imag,linear_a_exact_conversion,REJECTED_PHYSICAL,XZ,y,-0.0625,x,-0.4375,z,0.6875,0.040007312483018226,0.04635239400575912,0.006345081522740895,0.04000000040274644,0.09246458397011166
2001,1.0,20dB_nominal_difference,imag,linear_a_exact_conversion,REJECTED_PHYSICAL,XZ,y,-0.0625,x,-0.3125,z,0.6875,0.040016882198969934,0.04097455243180158,0.0009576702328316436,0.04000000040274644,0.09246458397011166
2001,1.0,20dB_nominal_difference,imag,linear_a_exact_conversion,REJECTED_PHYSICAL,XZ,y,-0.0625,x,-0.1875,z,0.6875,0.0400262450492707,0.035755000861118304,-0.004271244188152397,0.04000000040274644,0.09246458397011166
2001,1.0,20dB_nominal_difference,imag,linear_a_exact_conversion,REJECTED_PHYSICAL,XZ,y,-0.0625,x,-0.0625,z,0.6875,0.04003171121742498,0.031079353713066898,-0.00895235750435808,0.04000000040274644,0.09246458397011166
2001,1.0,20dB_nominal_difference,imag,linear_a_exact_conversion,REJECTED_PHYSICAL,XZ,y,-0.0625,x,0.0625,z,0.6875,0.040050155234095816,0.027050951535977814,-0.012999203698118002,0.04000000040274644,0.09246458397011166
2001,1.0,20dB_nominal_difference,imag,linear_a_exact_conversion,REJECTED_PHYSICAL,XZ,y,-0.0625,x,0.1875,z,0.6875,0.04011945713034547,0.02305640173589655,-0.01706305539444892,0.04000000040274644,0.09246458397011166
2001,1.0,20dB_nominal_difference,imag,linear_a_exact_conversion,REJECTED_PHYSICAL,XZ,y,-0.0625,x,0.3125,z,0.6875,0.04023828247449674,0.017681645170152506,-0.022556637304344235,0.04000000040274644,0.09246458397011166
2001,1.0,20dB_nominal_difference,imag,linear_a_exact_conversion,REJECTED_PHYSICAL,XZ,y,-0.0625,x,0.4375,z,0.6875,0.040312016454979366,0.00902347403965925,-0.031288542415320114,0.04000000040274644,0.09246458397011166
2001,1.0,20dB_nominal_difference,imag,linear_a_exact_conversion,REJECTED_PHYSICAL,XZ,y,-0.0625,x,0.5625,z,0.6875,0.04025767111161847,-0.0046051371925897875,-0.04486280830420826,0.04000000040274644,0.09246458397011166
2001,1.0,20dB_nominal_difference,imag,linear_a_exact_conversion,REJECTED_PHYSICAL,XZ,y,-0.0625,x,0.6875,z,0.6875,0.04013346276904124,-0.02202000230015405,-0.06215346506919529,0.04000000040274644,0.09246458397011166
2001,1.0,20dB_nominal_difference,imag,linear_a_exact_conversion,REJECTED_PHYSICAL,YZ,x,-0.0625,y,-0.6875,z,-0.6875,0.040162831302886455,-0.015873667509570474,-0.056036498812456925,0.04000000040274644,0.09246458397011166
2001,1.0,20dB_nominal_difference,imag,linear_a_exact_conversion,REJECTED_PHYSICAL,YZ,x,-0.0625,y,-0.5625,z,-0.6875,0.04065495708385279,-0.009012774636210938,-0.04966773172006373,0.04000000040274644,0.09246458397011166
2001,1.0,20dB_nominal_difference,imag,linear_a_exact_conversion,REJECTED_PHYSICAL,YZ,x,-0.0625,y,-0.4375,z,-0.6875,0.042017303955148806,-0.0010053792518887582,-0.04302268320703757,0.04000000040274644,0.09246458397011166
2001,1.0,20dB_nominal_difference,imag,linear_a_exact_conversion,REJECTED_PHYSICAL,YZ,x,-0.0625,y,-0.3125,z,-0.6875,0.04475787893080464,0.016990963524266278,-0.027766915406538365,0.04000000040274644,0.09246458397011166
2001,1.0,20dB_nominal_difference,imag,linear_a_exact_conversion,REJECTED_PHYSICAL,YZ,x,-0.0625,y,-0.1875,z,-0.6875,0.048592884697165994,0.046405454476097,-0.0021874302210689936,0.04000000040274644,0.09246458397011166
2001,1.0,20dB_nominal_difference,imag,linear_a_exact_conversion,REJECTED_PHYSICAL,YZ,x,-0.0625,y,-0.0625,z,-0.6875,0.05188360299030687,0.08306747211088485,0.031183869120577974,0.04000000040274644,0.09246458397011166
2001,1.0,20dB_nominal_difference,imag,linear_a_exact_conversion,REJECTED_PHYSICAL,YZ,x,-0.0625,y,0.0625,z,-0.6875,0.052584641418285324,0.11828959950440732,0.06570495808612199,0.04000000040274644,0.09246458397011166
2001,1.0,20dB_nominal_difference,imag,linear_a_exact_conversion,REJECTED_PHYSICAL,YZ,x,-0.0625,y,0.1875,z,-0.6875,0.0502050972317852,0.14140051240223647,0.09119541517045127,0.04000000040274644,0.09246458397011166
2001,1.0,20dB_nominal_difference,imag,linear_a_exact_conversion,REJECTED_PHYSICAL,YZ,x,-0.0625,y,0.3125,z,-0.6875,0.046336903781670505,0.14318109614165297,0.09684419235998247,0.04000000040274644,0.09246458397011166
2001,1.0,20dB_nominal_difference,imag,linear_a_exact_conversion,REJECTED_PHYSICAL,YZ,x,-0.0625,y,0.4375,z,-0.6875,0.04301315079266866,0.1183989498571761,0.07538579906450743,0.04000000040274644,0.09246458397011166
2001,1.0,20dB_nominal_difference,imag,linear_a_exact_conversion,REJECTED_PHYSICAL,YZ,x,-0.0625,y,0.5625,z,-0.6875,0.0410971057769741,0.06618202515556515,0.02508491937859105,0.04000000040274644,0.09246458397011166
2001,1.0,20dB_nominal_difference,imag,linear_a_exact_conversion,REJECTED_PHYSICAL,YZ,x,-0.0625,y,0.6875,z,-0.6875,0.04030588622494467,-0.010247481115714179,-0.05055336734065885,0.04000000040274644,0.09246458397011166
2001,1.0,20dB_nominal_difference,imag,linear_a_exact_conversion,REJECTED_PHYSICAL,YZ,x,-0.0625,y,-0.6875,z,-0.5625,0.04033940945723504,0.015899098438889574,-0.024440311018345467,0.04000000040274644,0.09246458397011166
2001,1.0,20dB_nominal_difference,imag,linear_a_exact_conversion,REJECTED_PHYSICAL,YZ,x,-0.0625,y,-0.5625,z,-0.5625,0.041365208190342985,0.007329934015480931,-0.03403527417486205,0.04000000040274644,0.09246458397011166
2001,1.0,20dB_nominal_difference,imag,linear_a_exact_conversion,REJECTED_PHYSICAL,YZ,x,-0.0625,y,-0.4375,z,-0.5625,0.04420491655137334,0.00982062814477738,-0.03438428840659596,0.04000000040274644,0.09246458397011166
2001,1.0,20dB_nominal_difference,imag,linear_a_exact_conversion,REJECTED_PHYSICAL,YZ,x,-0.0625,y,-0.3125,z,-0.5625,0.04991743650819989,0.024659301361756664,-0.025258135146443223,0.04000000040274644,0.09246458397011166
2001,1.0,20dB_nominal_difference,imag,linear_a_exact_conversion,REJECTED_PHYSICAL,YZ,x,-0.0625,y,-0.1875,z,-0.5625,0.05791121435197185,0.05198338003661591,-0.005927834315355943,0.04000000040274644,0.09246458397011166
2001,1.0,20dB_nominal_difference,imag,linear_a_exact_conversion,REJECTED_PHYSICAL,YZ,x,-0.0625,y,-0.0625,z,-0.5625,0.06477046815458143,0.08754296108411225,0.02277249292953082,0.04000000040274644,0.09246458397011166
2001,1.0,20dB_nominal_difference,imag,linear_a_exact_conversion,REJECTED_PHYSICAL,YZ,x,-0.0625,y,0.0625,z,-0.5625,0.0662317399936571,0.12277317647699393,0.05654143648333683,0.04000000040274644,0.09246458397011166
2001,1.0,20dB_nominal_difference,imag,linear_a_exact_conversion,REJECTED_PHYSICAL,YZ,x,-0.0625,y,0.1875,z,-0.5625,0.0612717933010412,0.14706382175574612,0.08579202845470492,0.04000000040274644,0.09246458397011166
2001,1.0,20dB_nominal_difference,imag,linear_a_exact_conversion,REJECTED_PHYSICAL,YZ,x,-0.0625,y,0.3125,z,-0.5625,0.05320888892676498,0.15118494123361428,0.0979760523068493,0.04000000040274644,0.09246458397011166
2001,1.0,20dB_nominal_difference,imag,linear_a_exact_conversion,REJECTED_PHYSICAL,YZ,x,-0.0625,y,0.4375,z,-0.5625,0.04628080638120824,0.1300380019223362,0.08375719554112795,0.04000000040274644,0.09246458397011166
2001,1.0,20dB_nominal_difference,imag,linear_a_exact_conversion,REJECTED_PHYSICAL,YZ,x,-0.0625,y,0.5625,z,-0.5625,0.042286929649873274,0.08366454326812175,0.04137761361824848,0.04000000040274644,0.09246458397011166
2001,1.0,20dB_nominal_difference,imag,linear_a_exact_conversion,REJECTED_PHYSICAL,YZ,x,-0.0625,y,0.6875,z,-0.5625,0.04063764221858026,0.01826955917389572,-0.02236808304468454,0.04000000040274644,0.09246458397011166
2001,1.0,20dB_nominal_difference,imag,linear_a_exact_conversion,REJECTED_PHYSICAL,YZ,x,-0.0625,y,-0.6875,z,-0.4375,0.040546249373600574,0.03930908300223692,-0.001237166371363653,0.04000000040274644,0.09246458397011166
2001,1.0,20dB_nominal_difference,imag,linear_a_exact_conversion,REJECTED_PHYSICAL,YZ,x,-0.0625,y,-0.5625,z,-0.4375,0.04219718131888095,0.021761567838768304,-0.020435613480112646,0.04000000040274644,0.09246458397011166
2001,1.0,20dB_nominal_difference,imag,linear_a_exact_conversion,REJECTED_PHYSICAL,YZ,x,-0.0625,y,-0.4375,z,-0.4375,0.046767439700994694,0.01729028247966856,-0.029477157221326135,0.04000000040274644,0.09246458397011166
2001,1.0,20dB_nominal_difference,imag,linear_a_exact_conversion,REJECTED_PHYSICAL,YZ,x,-0.0625,y,-0.3125,z,-0.4375,0.055961233421583094,0.026891545642784807,-0.029069687778798287,0.04000000040274644,0.09246458397011166
2001,1.0,20dB_nominal_difference,imag,linear_a_exact_conversion,REJECTED_PHYSICAL,YZ,x,-0.0625,y,-0.1875,z,-0.4375,0.06882651279876037,0.05017670549350181,-0.01864980730525856,0.04000000040274644,0.09246458397011166
2001,1.0,20dB_nominal_difference,imag,linear_a_exact_conversion,REJECTED_PHYSICAL,YZ,x,-0.0625,y,-0.0625,z,-0.4375,0.07986590868028234,0.08301890640809512,0.003152997727812773,0.04000000040274644,0.09246458397011166
2001,1.0,20dB_nominal_difference,imag,linear_a_exact_conversion,REJECTED_PHYSICAL,YZ,x,-0.0625,y,0.0625,z,-0.4375,0.0822178885765637,0.11727966936834287,0.03506178079177917,0.04000000040274644,0.09246458397011166
2001,1.0,20dB_nominal_difference,imag,linear_a_exact_conversion,REJECTED_PHYSICAL,YZ,x,-0.0625,y,0.1875,z,-0.4375,0.07423587778259876,0.142696330728575,0.06846045294597623,0.04000000040274644,0.09246458397011166
2001,1.0,20dB_nominal_difference,imag,linear_a_exact_conversion,REJECTED_PHYSICAL,YZ,x,-0.0625,y,0.3125,z,-0.4375,0.06126026688148893,0.15010887926882252,0.08884861238733359,0.04000000040274644,0.09246458397011166
2001,1.0,20dB_nominal_difference,imag,linear_a_exact_conversion,REJECTED_PHYSICAL,YZ,x,-0.0625,y,0.4375,z,-0.4375,0.050110634941240996,0.13426989728805197,0.08415926234681098,0.04000000040274644,0.09246458397011166
2001,1.0,20dB_nominal_difference,imag,linear_a_exact_conversion,REJECTED_PHYSICAL,YZ,x,-0.0625,y,0.5625,z,-0.4375,0.04368235893646047,0.09493511785527911,0.05125275891881864,0.04000000040274644,0.09246458397011166
2001,1.0,20dB_nominal_difference,imag,linear_a_exact_conversion,REJECTED_PHYSICAL,YZ,x,-0.0625,y,0.6875,z,-0.4375,0.041027058968690654,0.03692596036252554,-0.004101098606165116,0.04000000040274644,0.09246458397011166
2001,1.0,20dB_nominal_difference,imag,linear_a_exact_conversion,REJECTED_PHYSICAL,YZ,x,-0.0625,y,-0.6875,z,-0.3125,0.04067879547109257,0.05274025576827456,0.01206146029718199,0.04000000040274644,0.09246458397011166
2001,1.0,20dB_nominal_difference,imag,linear_a_exact_conversion,REJECTED_PHYSICAL,YZ,x,-0.0625,y,-0.5625,z,-0.3125,0.0427303220871997,0.029896813196303367,-0.012833508890896333,0.04000000040274644,0.09246458397011166
2001,1.0,20dB_nominal_difference,imag,linear_a_exact_conversion,REJECTED_PHYSICAL,YZ,x,-0.0625,y,-0.4375,z,-0.3125,0.04840954279566198,0.019617416014122507,-0.028792126781539473,0.04000000040274644,0.09246458397011166
2001,1.0,20dB_nominal_difference,imag,linear_a_exact_conversion,REJECTED_PHYSICAL,YZ,x,-0.0625,y,-0.3125,z,-0.3125,0.059834191402860615,0.02364683079077453,-0.036187360612086085,0.04000000040274644,0.09246458397011166
2001,1.0,20dB_nominal_difference,imag,linear_a_exact_conversion,REJECTED_PHYSICAL,YZ,x,-0.0625,y,-0.1875,z,-0.3125,0.075821244738125,0.042003357885531334,-0.03381788685259367,0.04000000040274644,0.09246458397011166
2001,1.0,20dB_nominal_difference,imag,linear_a_exact_conversion,REJECTED_PHYSICAL,YZ,x,-0.0625,y,-0.0625,z,-0.3125,0.08953973087819014,0.07112776696593129,-0.018411963912258855,0.04000000040274644,0.09246458397011166
2001,1.0,20dB_nominal_difference,imag,linear_a_exact_conversion,REJECTED_PHYSICAL,YZ,x,-0.0625,y,0.0625,z,-0.3125,0.09246458397011166,0.10363631670049037,0.011171732730378706,0.04000000040274644,0.09246458397011166
2001,1.0,20dB_nominal_difference,imag,linear_a_exact_conversion,REJECTED_PHYSICAL,YZ,x,-0.0625,y,0.1875,z,-0.3125,0.08255232476601863,0.12988149865439014,0.047329173888371504,0.04000000040274644,0.09246458397011166
2001,1.0,20dB_nominal_difference,imag,linear_a_exact_conversion,REJECTED_PHYSICAL,YZ,x,-0.0625,y,0.3125,z,-0.3125,0.06643855128553187,0.14086595979719288,0.074427408511661,0.04000000040274644,0.09246458397011166
2001,1.0,20dB_nominal_difference,imag,linear_a_exact_conversion,REJECTED_PHYSICAL,YZ,x,-0.0625,y,0.4375,z,-0.3125,0.05258913910695796,0.13097227080658805,0.07838313169963008,0.04000000040274644,0.09246458397011166
2001,1.0,20dB_nominal_difference,imag,linear_a_exact_conversion,REJECTED_PHYSICAL,YZ,x,-0.0625,y,0.5625,z,-0.3125,0.04459557947474058,0.09911213046956488,0.054516550994824296,0.04000000040274644,0.09246458397011166
2001,1.0,20dB_nominal_difference,imag,linear_a_exact_conversion,REJECTED_PHYSICAL,YZ,x,-0.0625,y,0.6875,z,-0.3125,0.041285629707085714,0.048757289711868324,0.00747166000478261,0.04000000040274644,0.09246458397011166
2001,1.0,20dB_nominal_difference,imag,linear_a_exact_conversion,REJECTED_PHYSICAL,YZ,x,-0.0625,y,-0.6875,z,-0.1875,0.04065128022482266,0.058816271187253966,0.018164990962431307,0.04000000040274644,0.09246458397011166
2001,1.0,20dB_nominal_difference,imag,linear_a_exact_conversion,REJECTED_PHYSICAL,YZ,x,-0.0625,y,-0.5625,z,-0.1875,0.04261964740624892,0.033131490822434245,-0.009488156583814675,0.04000000040274644,0.09246458397011166
2001,1.0,20dB_nominal_difference,imag,linear_a_exact_conversion,REJECTED_PHYSICAL,YZ,x,-0.0625,y,-0.4375,z,-0.1875,0.04806865943328114,0.018648265588853543,-0.029420393844427597,0.04000000040274644,0.09246458397011166
2001,1.0,20dB_nominal_difference,imag,linear_a_exact_conversion,REJECTED_PHYSICAL,YZ,x,-0.0625,y,-0.3125,z,-0.1875,0.05903022582407174,0.017633719814331823,-0.04139650600973992,0.04000000040274644,0.09246458397011166
2001,1.0,20dB_nominal_difference,imag,linear_a_exact_conversion,REJECTED_PHYSICAL,YZ,x,-0.0625,y,-0.1875,z,-0.1875,0.0743695501448296,0.03076411615430145,-0.043605433990528145,0.04000000040274644,0.09246458397011166
2001,1.0,20dB_nominal_difference,imag,linear_a_exact_conversion,REJECTED_PHYSICAL,YZ,x,-0.0625,y,-0.0625,z,-0.1875,0.08753479187993465,0.055357609026286725,-0.03217718285364793,0.04000000040274644,0.09246458397011166
2001,1.0,20dB_nominal_difference,imag,linear_a_exact_conversion,REJECTED_PHYSICAL,YZ,x,-0.0625,y,0.0625,z,-0.1875,0.09035621871766206,0.08510969937599705,-0.005246519341665007,0.04000000040274644,0.09246458397011166
2001,1.0,20dB_nominal_difference,imag,linear_a_exact_conversion,REJECTED_PHYSICAL,YZ,x,-0.0625,y,0.1875,z,-0.1875,0.08089153863545867,0.11131570767146172,0.03042416903600305,0.04000000040274644,0.09246458397011166
2001,1.0,20dB_nominal_difference,imag,linear_a_exact_conversion,REJECTED_PHYSICAL,YZ,x,-0.0625,y,0.3125,z,-0.1875,0.06550301256891934,0.12537701254044012,0.05987399997152078,0.04000000040274644,0.09246458397011166
2001,1.0,20dB_nominal_difference,imag,linear_a_exact_conversion,REJECTED_PHYSICAL,YZ,x,-0.0625,y,0.4375,z,-0.1875,0.05225438682855693,0.12136072865585494,0.06910634182729801,0.04000000040274644,0.09246458397011166
2001,1.0,20dB_nominal_difference,imag,linear_a_exact_conversion,REJECTED_PHYSICAL,YZ,x,-0.0625,y,0.5625,z,-0.1875,0.044546662085668945,0.0972963558412753,0.052749693755606356,0.04000000040274644,0.09246458397011166
2001,1.0,20dB_nominal_difference,imag,linear_a_exact_conversion,REJECTED_PHYSICAL,YZ,x,-0.0625,y,0.6875,z,-0.1875,0.041298747575853424,0.05551515307164395,0.014216405495790528,0.04000000040274644,0.09246458397011166
2001,1.0,20dB_nominal_difference,imag,linear_a_exact_conversion,REJECTED_PHYSICAL,YZ,x,-0.0625,y,-0.6875,z,-0.0625,0.0404824783380541,0.060292235710386825,0.019809757372332724,0.04000000040274644,0.09246458397011166
2001,1.0,20dB_nominal_difference,imag,linear_a_exact_conversion,REJECTED_PHYSICAL,YZ,x,-0.0625,y,-0.5625,z,-0.0625,0.041940674889274845,0.03389893737954864,-0.008041737509726206,0.04000000040274644,0.09246458397011166
2001,1.0,20dB_nominal_difference,imag,linear_a_exact_conversion,REJECTED_PHYSICAL,YZ,x,-0.0625,y,-0.4375,z,-0.0625,0.04597738968844294,0.01687823206871694,-0.029099157619726004,0.04000000040274644,0.09246458397011166
2001,1.0,20dB_nominal_difference,imag,linear_a_exact_conversion,REJECTED_PHYSICAL,YZ,x,-0.0625,y,-0.3125,z,-0.0625,0.054097973691774014,0.01177336485258239,-0.042324608839191626,0.04000000040274644,0.09246458397011166
2001,1.0,20dB_nominal_difference,imag,linear_a_exact_conversion,REJECTED_PHYSICAL,YZ,x,-0.0625,y,-0.1875,z,-0.0625,0.06546292494247057,0.019843023792014643,-0.04561990115045592,0.04000000040274644,0.09246458397011166
2001,1.0,20dB_nominal_difference,imag,linear_a_exact_conversion,REJECTED_PHYSICAL,YZ,x,-0.0625,y,-0.0625,z,-0.0625,0.07522816100604189,0.03937164008533804,-0.03585652092070385,0.04000000040274644,0.09246458397011166
2001,1.0,20dB_nominal_difference,imag,linear_a_exact_conversion,REJECTED_PHYSICAL,YZ,x,-0.0625,y,0.0625,z,-0.0625,0.07738345775658874,0.06533843973146607,-0.012045018025122672,0.04000000040274644,0.09246458397011166
2001,1.0,20dB_nominal_difference,imag,linear_a_exact_conversion,REJECTED_PHYSICAL,YZ,x,-0.0625,y,0.1875,z,-0.0625,0.07056893671150717,0.09028503252768517,0.019716095816178003,0.04000000040274644,0.09246458397011166
2001,1.0,20dB_nominal_difference,imag,linear_a_exact_conversion,REJECTED_PHYSICAL,YZ,x,-0.0625,y,0.3125,z,-0.0625,0.05947908919312968,0.10634595571605517,0.04686686652292549,0.04000000040274644,0.09246458397011166
2001,1.0,20dB_nominal_difference,imag,linear_a_exact_conversion,REJECTED_PHYSICAL,YZ,x,-0.0625,y,0.4375,z,-0.0625,0.04983387286069964,0.10754083621316977,0.057706963352470136,0.04000000040274644,0.09246458397011166
2001,1.0,20dB_nominal_difference,imag,linear_a_exact_conversion,REJECTED_PHYSICAL,YZ,x,-0.0625,y,0.5625,z,-0.0625,0.04395950305677281,0.09118877297113635,0.04722926991436354,0.04000000040274644,0.09246458397011166
2001,1.0,20dB_nominal_difference,imag,linear_a_exact_conversion,REJECTED_PHYSICAL,YZ,x,-0.0625,y,0.6875,z,-0.0625,0.04124290782960705,0.058580265743727655,0.017337357914120603,0.04000000040274644,0.09246458397011166
2001,1.0,20dB_nominal_difference,imag,linear_a_exact_conversion,REJECTED_PHYSICAL,YZ,x,-0.0625,y,-0.6875,z,0.0625,0.040275974352199234,0.05960848524847758,0.019332510896278347,0.04000000040274644,0.09246458397011166
2001,1.0,20dB_nominal_difference,imag,linear_a_exact_conversion,REJECTED_PHYSICAL,YZ,x,-0.0625,y,-0.5625,z,0.0625,0.04111005314425662,0.0344857175557188,-0.006624335588537818,0.04000000040274644,0.09246458397011166
2001,1.0,20dB_nominal_difference,imag,linear_a_exact_conversion,REJECTED_PHYSICAL,YZ,x,-0.0625,y,-0.4375,z,0.0625,0.04341903593437623,0.0165492425005871,-0.026869793433789133,0.04000000040274644,0.09246458397011166
2001,1.0,20dB_nominal_difference,imag,linear_a_exact_conversion,REJECTED_PHYSICAL,YZ,x,-0.0625,y,-0.3125,z,0.0625,0.048064188900780645,0.008481214492475448,-0.039582974408305195,0.04000000040274644,0.09246458397011166
2001,1.0,20dB_nominal_difference,imag,linear_a_exact_conversion,REJECTED_PHYSICAL,YZ,x,-0.0625,y,-0.1875,z,0.0625,0.05456843013752576,0.011959175950438342,-0.04260925418708742,0.04000000040274644,0.09246458397011166
2001,1.0,20dB_nominal_difference,imag,linear_a_exact_conversion,REJECTED_PHYSICAL,YZ,x,-0.0625,y,-0.0625,z,0.0625,0.06018647493002061,0.026181234440135825,-0.03400524048988479,0.04000000040274644,0.09246458397011166
2001,1.0,20dB_nominal_difference,imag,linear_a_exact_conversion,REJECTED_PHYSICAL,YZ,x,-0.0625,y,0.0625,z,0.0625,0.06159192535196833,0.047473813805219804,-0.014118111546748524,0.04000000040274644,0.09246458397011166
2001,1.0,20dB_nominal_difference,imag,linear_a_exact_conversion,REJECTED_PHYSICAL,YZ,x,-0.0625,y,0.1875,z,0.0625,0.05821630819609783,0.06983084287949917,0.011614534683401345,0.04000000040274644,0.09246458397011166
2001,1.0,20dB_nominal_difference,imag,linear_a_exact_conversion,REJECTED_PHYSICAL,YZ,x,-0.0625,y,0.3125,z,0.0625,0.05269510000741223,0.08645061322156684,0.03375551321415461,0.04000000040274644,0.09246458397011166
2001,1.0,20dB_nominal_difference,imag,linear_a_exact_conversion,REJECTED_PHYSICAL,YZ,x,-0.0625,y,0.4375,z,0.0625,0.04762748903019977,0.0916679302187401,0.044040441188540336,0.04000000040274644,0.09246458397011166
2001,1.0,20dB_nominal_difference,imag,linear_a_exact_conversion,REJECTED_PHYSICAL,YZ,x,-0.0625,y,0.5625,z,0.0625,0.043831778223804546,0.08237251778525985,0.0385407395614553,0.04000000040274644,0.09246458397011166
2001,1.0,20dB_nominal_difference,imag,linear_a_exact_conversion,REJECTED_PHYSICAL,YZ,x,-0.0625,y,0.6875,z,0.0625,0.04145504458154612,0.05892149751034466,0.01746645292879854,0.04000000040274644,0.09246458397011166
2001,1.0,20dB_nominal_difference,imag,linear_a_exact_conversion,REJECTED_PHYSICAL,YZ,x,-0.0625,y,-0.6875,z,0.1875,0.040121882291388467,0.058513911489687924,0.018392029198299457,0.04000000040274644,0.09246458397011166
2001,1.0,20dB_nominal_difference,imag,linear_a_exact_conversion,REJECTED_PHYSICAL,YZ,x,-0.0625,y,-0.5625,z,0.1875,0.040490248145876276,0.03643926948973655,-0.004050978656139723,0.04000000040274644,0.09246458397011166
2001,1.0,20dB_nominal_difference,imag,linear_a_exact_conversion,REJECTED_PHYSICAL,YZ,x,-0.0625,y,-0.4375,z,0.1875,0.04151001040399258,0.01907483852892993,-0.02243517187506265,0.04000000040274644,0.09246458397011166
2001,1.0,20dB_nominal_difference,imag,linear_a_exact_conversion,REJECTED_PHYSICAL,YZ,x,-0.0625,y,-0.3125,z,0.1875,0.043561892060171706,0.00917430273169822,-0.03438758932847349,0.04000000040274644,0.09246458397011166
2001,1.0,20dB_nominal_difference,imag,linear_a_exact_conversion,REJECTED_PHYSICAL,YZ,x,-0.0625,y,-0.1875,z,0.1875,0.04644024281803608,0.008685328476960727,-0.037754914341075356,0.04000000040274644,0.09246458397011166
2001,1.0,20dB_nominal_difference,imag,linear_a_exact_conversion,REJECTED_PHYSICAL,YZ,x,-0.0625,y,-0.0625,z,0.1875,0.04897405992868381,0.017611203666731596,-0.03136285626195222,0.04000000040274644,0.09246458397011166
2001,1.0,20dB_nominal_difference,imag,linear_a_exact_conversion,REJECTED_PHYSICAL,YZ,x,-0.0625,y,0.0625,z,0.1875,0.04987530505994937,0.03357712063426195,-0.016298184425687416,0.04000000040274644,0.09246458397011166
2001,1.0,20dB_nominal_difference,imag,linear_a_exact_conversion,REJECTED_PHYSICAL,YZ,x,-0.0625,y,0.1875,z,0.1875,0.04923314464801794,0.05210437099919358,0.0028712263511756417,0.04000000040274644,0.09246458397011166
2001,1.0,20dB_nominal_difference,imag,linear_a_exact_conversion,REJECTED_PHYSICAL,YZ,x,-0.0625,y,0.3125,z,0.1875,0.04813068972420026,0.06769372560526143,0.019563035881061175,0.04000000040274644,0.09246458397011166
2001,1.0,20dB_nominal_difference,imag,linear_a_exact_conversion,REJECTED_PHYSICAL,YZ,x,-0.0625,y,0.4375,z,0.1875,0.04662287940390382,0.07534893606186702,0.028726056657963198,0.04000000040274644,0.09246458397011166
2001,1.0,20dB_nominal_difference,imag,linear_a_exact_conversion,REJECTED_PHYSICAL,YZ,x,-0.0625,y,0.5625,z,0.1875,0.044238648409191395,0.07187348167275816,0.027634833263566763,0.04000000040274644,0.09246458397011166
2001,1.0,20dB_nominal_difference,imag,linear_a_exact_conversion,REJECTED_PHYSICAL,YZ,x,-0.0625,y,0.6875,z,0.1875,0.041851809876312575,0.056880843525808446,0.015029033649495871,0.04000000040274644,0.09246458397011166
2001,1.0,20dB_nominal_difference,imag,linear_a_exact_conversion,REJECTED_PHYSICAL,YZ,x,-0.0625,y,-0.6875,z,0.3125,0.040041561719250184,0.05791683963373528,0.017875277914485094,0.04000000040274644,0.09246458397011166
2001,1.0,20dB_nominal_difference,imag,linear_a_exact_conversion,REJECTED_PHYSICAL,YZ,x,-0.0625,y,-0.5625,z,0.3125,0.04016717438226305,0.04042649450725748,0.00025932012499443186,0.04000000040274644,0.09246458397011166
2001,1.0,20dB_nominal_difference,imag,linear_a_exact_conversion,REJECTED_PHYSICAL,YZ,x,-0.0625,y,-0.4375,z,0.3125,0.040514926888339936,0.02492219143062515,-0.015592735457714786,0.04000000040274644,0.09246458397011166
2001,1.0,20dB_nominal_difference,imag,linear_a_exact_conversion,REJECTED_PHYSICAL,YZ,x,-0.0625,y,-0.3125,z,0.3125,0.04121499222767107,0.014199761464437327,-0.02701523076323374,0.04000000040274644,0.09246458397011166
2001,1.0,20dB_nominal_difference,imag,linear_a_exact_conversion,REJECTED_PHYSICAL,YZ,x,-0.0625,y,-0.1875,z,0.3125,0.042202243968647794,0.010400650572051546,-0.031801593396596245,0.04000000040274644,0.09246458397011166
2001,1.0,20dB_nominal_difference,imag,linear_a_exact_conversion,REJECTED_PHYSICAL,YZ,x,-0.0625,y,-0.0625,z,0.3125,0.043118397710292765,0.01422676283157391,-0.028891634878718854,0.04000000040274644,0.09246458397011166
2001,1.0,20dB_nominal_difference,imag,linear_a_exact_conversion,REJECTED_PHYSICAL,YZ,x,-0.0625,y,0.0625,z,0.3125,0.04370349346053963,0.024481149071882848,-0.019222344388656783,0.04000000040274644,0.09246458397011166
2001,1.0,20dB_nominal_difference,imag,linear_a_exact_conversion,REJECTED_PHYSICAL,YZ,x,-0.0625,y,0.1875,z,0.3125,0.04432481272709743,0.03815948405201427,-0.006165328675083161,0.04000000040274644,0.09246458397011166
2001,1.0,20dB_nominal_difference,imag,linear_a_exact_conversion,REJECTED_PHYSICAL,YZ,x,-0.0625,y,0.3125,z,0.3125,0.04527166155046348,0.05116351166268518,0.005891850112221701,0.04000000040274644,0.09246458397011166
2001,1.0,20dB_nominal_difference,imag,linear_a_exact_conversion,REJECTED_PHYSICAL,YZ,x,-0.0625,y,0.4375,z,0.3125,0.04548057025102747,0.059428613881749234,0.013948043630721767,0.04000000040274644,0.09246458397011166
2001,1.0,20dB_nominal_difference,imag,linear_a_exact_conversion,REJECTED_PHYSICAL,YZ,x,-0.0625,y,0.5625,z,0.3125,0.04396664690422693,0.060020355398233756,0.01605370849400683,0.04000000040274644,0.09246458397011166
2001,1.0,20dB_nominal_difference,imag,linear_a_exact_conversion,REJECTED_PHYSICAL,YZ,x,-0.0625,y,0.6875,z,0.3125,0.04182874666482642,0.05210807645037876,0.010279329785552335,0.04000000040274644,0.09246458397011166
2001,1.0,20dB_nominal_difference,imag,linear_a_exact_conversion,REJECTED_PHYSICAL,YZ,x,-0.0625,y,-0.6875,z,0.4375,0.040010942774183086,0.05799769889028117,0.017986756116098082,0.04000000040274644,0.09246458397011166
2001,1.0,20dB_nominal_difference,imag,linear_a_exact_conversion,REJECTED_PHYSICAL,YZ,x,-0.0625,y,-0.5625,z,0.4375,0.04004401550005805,0.046475628917208654,0.0064316134171506015,0.04000000040274644,0.09246458397011166
2001,1.0,20dB_nominal_difference,imag,linear_a_exact_conversion,REJECTED_PHYSICAL,YZ,x,-0.0625,y,-0.4375,z,0.4375,0.04013558398247328,0.033879857925089164,-0.0062557260573841145,0.04000000040274644,0.09246458397011166
2001,1.0,20dB_nominal_difference,imag,linear_a_exact_conversion,REJECTED_PHYSICAL,YZ,x,-0.0625,y,-0.3125,z,0.4375,0.04032012856082906,0.023132585149054842,-0.01718754341177422,0.04000000040274644,0.09246458397011166
2001,1.0,20dB_nominal_difference,imag,linear_a_exact_conversion,REJECTED_PHYSICAL,YZ,x,-0.0625,y,-0.1875,z,0.4375,0.040583487619334155,0.016622365146845577,-0.023961122472488577,0.04000000040274644,0.09246458397011166
2001,1.0,20dB_nominal_difference,imag,linear_a_exact_conversion,REJECTED_PHYSICAL,YZ,x,-0.0625,y,-0.0625,z,0.4375,0.040855824932046376,0.01566681791279516,-0.025189007019251218,0.04000000040274644,0.09246458397011166
2001,1.0,20dB_nominal_difference,imag,linear_a_exact_conversion,REJECTED_PHYSICAL,YZ,x,-0.0625,y,0.0625,z,0.4375,0.04117573008032967,0.020082368516582457,-0.02109336156374721,0.04000000040274644,0.09246458397011166
2001,1.0,20dB_nominal_difference,imag,linear_a_exact_conversion,REJECTED_PHYSICAL,YZ,x,-0.0625,y,0.1875,z,0.4375,0.041841050245169674,0.02818506803782669,-0.013655982207342984,0.04000000040274644,0.09246458397011166
2001,1.0,20dB_nominal_difference,imag,linear_a_exact_conversion,REJECTED_PHYSICAL,YZ,x,-0.0625,y,0.3125,z,0.4375,0.04288016937655089,0.03722937505133821,-0.005650794325212684,0.04000000040274644,0.09246458397011166
2001,1.0,20dB_nominal_difference,imag,linear_a_exact_conversion,REJECTED_PHYSICAL,YZ,x,-0.0625,y,0.4375,z,0.4375,0.043366912039912754,0.04419043796026102,0.0008235259203482684,0.04000000040274644,0.09246458397011166
2001,1.0,20dB_nominal_difference,imag,linear_a_exact_conversion,REJECTED_PHYSICAL,YZ,x,-0.0625,y,0.5625,z,0.4375,0.042549808083138775,0.046648261603405114,0.004098453520266339,0.04000000040274644,0.09246458397011166
2001,1.0,20dB_nominal_difference,imag,linear_a_exact_conversion,REJECTED_PHYSICAL,YZ,x,-0.0625,y,0.6875,z,0.4375,0.04119637699550357,0.04370857987655311,0.002512202881049544,0.04000000040274644,0.09246458397011166
2001,1.0,20dB_nominal_difference,imag,linear_a_exact_conversion,REJECTED_PHYSICAL,YZ,x,-0.0625,y,-0.6875,z,0.5625,0.04000222455132532,0.05853599125167903,0.018533766700353706,0.04000000040274644,0.09246458397011166
2001,1.0,20dB_nominal_difference,imag,linear_a_exact_conversion,REJECTED_PHYSICAL,YZ,x,-0.0625,y,-0.5625,z,0.5625,0.04000894796087011,0.05455760351055896,0.01454865554968885,0.04000000040274644,0.09246458397011166
2001,1.0,20dB_nominal_difference,imag,linear_a_exact_conversion,REJECTED_PHYSICAL,YZ,x,-0.0625,y,-0.4375,z,0.5625,0.040027565989594976,0.04555301063758372,0.005525444647988743,0.04000000040274644,0.09246458397011166
2001,1.0,20dB_nominal_difference,imag,linear_a_exact_conversion,REJECTED_PHYSICAL,YZ,x,-0.0625,y,-0.3125,z,0.5625,0.04006516133148572,0.035268862270225056,-0.004796299061260667,0.04000000040274644,0.09246458397011166
2001,1.0,20dB_nominal_difference,imag,linear_a_exact_conversion,REJECTED_PHYSICAL,YZ,x,-0.0625,y,-0.1875,z,0.5625,0.040119910208704194,0.026533758510723787,-0.013586151697980407,0.04000000040274644,0.09246458397011166
2001,1.0,20dB_nominal_difference,imag,linear_a_exact_conversion,REJECTED_PHYSICAL,YZ,x,-0.0625,y,-0.0625,z,0.5625,0.04018627310123466,0.021184863906779088,-0.019001409194455574,0.04000000040274644,0.09246458397011166
2001,1.0,20dB_nominal_difference,imag,linear_a_exact_conversion,REJECTED_PHYSICAL,YZ,x,-0.0625,y,0.0625,z,0.5625,0.04030992270462864,0.01985812919790568,-0.020451793506722958,0.04000000040274644,0.09246458397011166
2001,1.0,20dB_nominal_difference,imag,linear_a_exact_conversion,REJECTED_PHYSICAL,YZ,x,-0.0625,y,0.1875,z,0.5625,0.04062249667888878,0.021979667499353896,-0.018642829179534883,0.04000000040274644,0.09246458397011166
2001,1.0,20dB_nominal_difference,imag,linear_a_exact_conversion,REJECTED_PHYSICAL,YZ,x,-0.0625,y,0.3125,z,0.5625,0.04111287628694723,0.026004410017623165,-0.015108466269324064,0.04000000040274644,0.09246458397011166
2001,1.0,20dB_nominal_difference,imag,linear_a_exact_conversion,REJECTED_PHYSICAL,YZ,x,-0.0625,y,0.4375,z,0.5625,0.04136441020087273,0.029887689439334786,-0.011476720761537947,0.04000000040274644,0.09246458397011166
2001,1.0,20dB_nominal_difference,imag,linear_a_exact_conversion,REJECTED_PHYSICAL,YZ,x,-0.0625,y,0.5625,z,0.5625,0.04105039501746476,0.03169348418608263,-0.009356910831382133,0.04000000040274644,0.09246458397011166
2001,1.0,20dB_nominal_difference,imag,linear_a_exact_conversion,REJECTED_PHYSICAL,YZ,x,-0.0625,y,0.6875,z,0.5625,0.04049586450118124,0.030553842843467585,-0.009942021657713657,0.04000000040274644,0.09246458397011166
2001,1.0,20dB_nominal_difference,imag,linear_a_exact_conversion,REJECTED_PHYSICAL,YZ,x,-0.0625,y,-0.6875,z,0.6875,0.040000349171230964,0.06162386868006007,0.021623519508829105,0.04000000040274644,0.09246458397011166
2001,1.0,20dB_nominal_difference,imag,linear_a_exact_conversion,REJECTED_PHYSICAL,YZ,x,-0.0625,y,-0.5625,z,0.6875,0.04000140450895627,0.06704650298148342,0.027045098472527146,0.04000000040274644,0.09246458397011166
2001,1.0,20dB_nominal_difference,imag,linear_a_exact_conversion,REJECTED_PHYSICAL,YZ,x,-0.0625,y,-0.4375,z,0.6875,0.04000432746896438,0.0613812212105525,0.02137689374158812,0.04000000040274644,0.09246458397011166
2001,1.0,20dB_nominal_difference,imag,linear_a_exact_conversion,REJECTED_PHYSICAL,YZ,x,-0.0625,y,-0.3125,z,0.6875,0.04001024449717641,0.05152198932039796,0.01151174482322155,0.04000000040274644,0.09246458397011166
2001,1.0,20dB_nominal_difference,imag,linear_a_exact_conversion,REJECTED_PHYSICAL,YZ,x,-0.0625,y,-0.1875,z,0.6875,0.04001908162051439,0.040680864730513654,0.0006617831099992658,0.04000000040274644,0.09246458397011166
2001,1.0,20dB_nominal_difference,imag,linear_a_exact_conversion,REJECTED_PHYSICAL,YZ,x,-0.0625,y,-0.0625,z,0.6875,0.04003171121742498,0.031079353713066898,-0.00895235750435808,0.04000000040274644,0.09246458397011166
2001,1.0,20dB_nominal_difference,imag,linear_a_exact_conversion,REJECTED_PHYSICAL,YZ,x,-0.0625,y,0.0625,z,0.6875,0.04006291313410764,0.02403568003775194,-0.0160272330963557,0.04000000040274644,0.09246458397011166
2001,1.0,20dB_nominal_difference,imag,linear_a_exact_conversion,REJECTED_PHYSICAL,YZ,x,-0.0625,y,0.1875,z,0.6875,0.040147652515939165,0.019933354618471545,-0.02021429789746762,0.04000000040274644,0.09246458397011166
2001,1.0,20dB_nominal_difference,imag,linear_a_exact_conversion,REJECTED_PHYSICAL,YZ,x,-0.0625,y,0.3125,z,0.6875,0.040280786099357375,0.01829974867575993,-0.021981037423597447,0.04000000040274644,0.09246458397011166
2001,1.0,20dB_nominal_difference,imag,linear_a_exact_conversion,REJECTED_PHYSICAL,YZ,x,-0.0625,y,0.4375,z,0.6875,0.040350967379744904,0.018003416797935157,-0.022347550581809747,0.04000000040274644,0.09246458397011166
2001,1.0,20dB_nominal_difference,imag,linear_a_exact_conversion,REJECTED_PHYSICAL,YZ,x,-0.0625,y,0.5625,z,0.6875,0.04027192003554585,0.017395522393282327,-0.02287639764226352,0.04000000040274644,0.09246458397011166
2001,1.0,20dB_nominal_difference,imag,linear_a_exact_conversion,REJECTED_PHYSICAL,YZ,x,-0.0625,y,0.6875,z,0.6875,0.040128665940895446,0.013491397484864831,-0.026637268456030615,0.04000000040274644,0.09246458397011166
2001,1.0,20dB_nominal_difference,imag,vanilla_IBS2,REJECTED_PHYSICAL,XY,z,-0.0625,x,-0.6875,y,-0.6875,0.040016707583836804,0.08689962527282279,0.04688291768898598,0.04000000040274644,0.09246458397011166
2001,1.0,20dB_nominal_difference,imag,vanilla_IBS2,REJECTED_PHYSICAL,XY,z,-0.0625,x,-0.5625,y,-0.6875,0.040075465052344855,0.08194765083113395,0.041872185778789095,0.04000000040274644,0.09246458397011166
2001,1.0,20dB_nominal_difference,imag,vanilla_IBS2,REJECTED_PHYSICAL,XY,z,-0.0625,x,-0.4375,y,-0.6875,0.04022450106668207,0.07358821138463123,0.03336371031794916,0.04000000040274644,0.09246458397011166
2001,1.0,20dB_nominal_difference,imag,vanilla_IBS2,REJECTED_PHYSICAL,XY,z,-0.0625,x,-0.3125,y,-0.6875,0.04043987698804624,0.0669104746940348,0.026470597705988558,0.04000000040274644,0.09246458397011166
2001,1.0,20dB_nominal_difference,imag,vanilla_IBS2,REJECTED_PHYSICAL,XY,z,-0.0625,x,-0.1875,y,-0.6875,0.04056765488451424,0.06232546273451027,0.02175780784999603,0.04000000040274644,0.09246458397011166
2001,1.0,20dB_nominal_difference,imag,vanilla_IBS2,REJECTED_PHYSICAL,XY,z,-0.0625,x,-0.0625,y,-0.6875,0.0404824783380541,0.059446611169506273,0.018964132831452173,0.04000000040274644,0.09246458397011166
2001,1.0,20dB_nominal_difference,imag,vanilla_IBS2,REJECTED_PHYSICAL,XY,z,-0.0625,x,0.0625,y,-0.6875,0.04027009191368461,0.057270266813583104,0.017000174899898496,0.04000000040274644,0.09246458397011166
2001,1.0,20dB_nominal_difference,imag,vanilla_IBS2,REJECTED_PHYSICAL,XY,z,-0.0625,x,0.1875,y,-0.6875,0.04009958317391338,0.054347599628482186,0.014248016454568808,0.04000000040274644,0.09246458397011166
2001,1.0,20dB_nominal_difference,imag,vanilla_IBS2,REJECTED_PHYSICAL,XY,z,-0.0625,x,0.3125,y,-0.6875,0.040024182741342125,0.049033583379662536,0.009009400638320411,0.04000000040274644,0.09246458397011166
2001,1.0,20dB_nominal_difference,imag,vanilla_IBS2,REJECTED_PHYSICAL,XY,z,-0.0625,x,0.4375,y,-0.6875,0.04000386844947816,0.03973874104320519,-0.00026512740627297054,0.04000000040274644,0.09246458397011166
2001,1.0,20dB_nominal_difference,imag,vanilla_IBS2,REJECTED_PHYSICAL,XY,z,-0.0625,x,0.5625,y,-0.6875,0.040000408511253666,0.024902816524726763,-0.015097591986526902,0.04000000040274644,0.09246458397011166
2001,1.0,20dB_nominal_difference,imag,vanilla_IBS2,REJECTED_PHYSICAL,XY,z,-0.0625,x,0.6875,y,-0.6875,0.040000029272418386,0.00047232943071687933,-0.03952769984170151,0.04000000040274644,0.09246458397011166
2001,1.0,20dB_nominal_difference,imag,vanilla_IBS2,REJECTED_PHYSICAL,XY,z,-0.0625,x,-0.6875,y,-0.5625,0.04005719598897021,0.05675910618338344,0.01670191019441323,0.04000000040274644,0.09246458397011166
2001,1.0,20dB_nominal_difference,imag,vanilla_IBS2,REJECTED_PHYSICAL,XY,z,-0.0625,x,-0.5625,y,-0.5625,0.04026681018658091,0.04737203598602656,0.007105225799445648,0.04000000040274644,0.09246458397011166
2001,1.0,20dB_nominal_difference,imag,vanilla_IBS2,REJECTED_PHYSICAL,XY,z,-0.0625,x,-0.4375,y,-0.5625,0.04081974644509443,0.036875364927071747,-0.003944381518022684,0.04000000040274644,0.09246458397011166
2001,1.0,20dB_nominal_difference,imag,vanilla_IBS2,REJECTED_PHYSICAL,XY,z,-0.0625,x,-0.3125,y,-0.5625,0.04165881128079383,0.029816648279936953,-0.011842163000856876,0.04000000040274644,0.09246458397011166
2001,1.0,20dB_nominal_difference,imag,vanilla_IBS2,REJECTED_PHYSICAL,XY,z,-0.0625,x,-0.1875,y,-0.5625,0.04221082680840545,0.027139038384310015,-0.015071788424095432,0.04000000040274644,0.09246458397011166
2001,1.0,20dB_nominal_difference,imag,vanilla_IBS2,REJECTED_PHYSICAL,XY,z,-0.0625,x,-0.0625,y,-0.5625,0.041940674889274845,0.02842112741389723,-0.013519547475377616,0.04000000040274644,0.09246458397011166
2001,1.0,20dB_nominal_difference,imag,vanilla_IBS2,REJECTED_PHYSICAL,XY,z,-0.0625,x,0.0625,y,-0.5625,0.041121996342774594,0.03239186208031016,-0.008730134262464433,0.04000000040274644,0.09246458397011166
2001,1.0,20dB_nominal_difference,imag,vanilla_IBS2,REJECTED_PHYSICAL,XY,z,-0.0625,x,0.1875,y,-0.5625,0.04042724246685506,0.03726805183021724,-0.003159190636637818,0.04000000040274644,0.09246458397011166
2001,1.0,20dB_nominal_difference,imag,vanilla_IBS2,REJECTED_PHYSICAL,XY,z,-0.0625,x,0.3125,y,-0.5625,0.04010716450029818,0.04109271272559164,0.0009855482252934603,0.04000000040274644,0.09246458397011166
2001,1.0,20dB_nominal_difference,imag,vanilla_IBS2,REJECTED_PHYSICAL,XY,z,-0.0625,x,0.4375,y,-0.5625,0.04001773123047361,0.04209296226923866,0.0020752310387650436,0.04000000040274644,0.09246458397011166
2001,1.0,20dB_nominal_difference,imag,vanilla_IBS2,REJECTED_PHYSICAL,XY,z,-0.0625,x,0.5625,y,-0.5625,0.04000196799220514,0.039076092465929094,-0.0009258755262760432,0.04000000040274644,0.09246458397011166
2001,1.0,20dB_nominal_difference,imag,vanilla_IBS2,REJECTED_PHYSICAL,XY,z,-0.0625,x,0.6875,y,-0.5625,0.040000173012376614,0.03112525770981326,-0.008874915302563353,0.04000000040274644,0.09246458397011166
2001,1.0,20dB_nominal_difference,imag,vanilla_IBS2,REJECTED_PHYSICAL,XY,z,-0.0625,x,-0.6875,y,-0.4375,0.04014993431811251,0.042530398298555545,0.0023804639804430386,0.04000000040274644,0.09246458397011166
2001,1.0,20dB_nominal_difference,imag,vanilla_IBS2,REJECTED_PHYSICAL,XY,z,-0.0625,x,-0.5625,y,-0.4375,0.04072234136565401,0.025400183205332397,-0.015322158160321613,0.04000000040274644,0.09246458397011166
2001,1.0,20dB_nominal_difference,imag,vanilla_IBS2,REJECTED_PHYSICAL,XY,z,-0.0625,x,-0.4375,y,-0.4375,0.04229205073017777,0.012052847755389475,-0.030239202974788295,0.04000000040274644,0.09246458397011166
2001,1.0,20dB_nominal_difference,imag,vanilla_IBS2,REJECTED_PHYSICAL,XY,z,-0.0625,x,-0.3125,y,-0.4375,0.04479011863457288,0.004483884997399289,-0.04030623363717359,0.04000000040274644,0.09246458397011166
2001,1.0,20dB_nominal_difference,imag,vanilla_IBS2,REJECTED_PHYSICAL,XY,z,-0.0625,x,-0.1875,y,-0.4375,0.04659338803921103,0.003001424348153224,-0.043591963691057806,0.04000000040274644,0.09246458397011166
2001,1.0,20dB_nominal_difference,imag,vanilla_IBS2,REJECTED_PHYSICAL,XY,z,-0.0625,x,-0.0625,y,-0.4375,0.04597738968844294,0.006871751857304029,-0.03910563783113891,0.04000000040274644,0.09246458397011166
2001,1.0,20dB_nominal_difference,imag,vanilla_IBS2,REJECTED_PHYSICAL,XY,z,-0.0625,x,0.0625,y,-0.4375,0.043569095370837314,0.01460076020648466,-0.028968335164352654,0.04000000040274644,0.09246458397011166
2001,1.0,20dB_nominal_difference,imag,vanilla_IBS2,REJECTED_PHYSICAL,XY,z,-0.0625,x,0.1875,y,-0.4375,0.04140373526410174,0.024256068364917106,-0.017147666899184632,0.04000000040274644,0.09246458397011166
2001,1.0,20dB_nominal_difference,imag,vanilla_IBS2,REJECTED_PHYSICAL,XY,z,-0.0625,x,0.3125,y,-0.4375,0.04036400796849063,0.03382883814556565,-0.0065351698229249786,0.04000000040274644,0.09246458397011166
2001,1.0,20dB_nominal_difference,imag,vanilla_IBS2,REJECTED_PHYSICAL,XY,z,-0.0625,x,0.4375,y,-0.4375,0.040062880442796996,0.04165058970185014,0.0015877092590531466,0.04000000040274644,0.09246458397011166
2001,1.0,20dB_nominal_difference,imag,vanilla_IBS2,REJECTED_PHYSICAL,XY,z,-0.0625,x,0.5625,y,-0.4375,0.040007977904657,0.046892101720366744,0.006884123815709742,0.04000000040274644,0.09246458397011166
2001,1.0,20dB_nominal_difference,imag,vanilla_IBS2,REJECTED_PHYSICAL,XY,z,-0.0625,x,0.6875,y,-0.4375,0.04000125709818511,0.049018587522148646,0.009017330423963535,0.04000000040274644,0.09246458397011166
2001,1.0,20dB_nominal_difference,imag,vanilla_IBS2,REJECTED_PHYSICAL,XY,z,-0.0625,x,-0.6875,y,-0.3125,0.04030096782823216,0.03562857186501413,-0.004672395963218036,0.04000000040274644,0.09246458397011166
2001,1.0,20dB_nominal_difference,imag,vanilla_IBS2,REJECTED_PHYSICAL,XY,z,-0.0625,x,-0.5625,y,-0.3125,0.041497497533830946,0.014397790817422942,-0.027099706716408004,0.04000000040274644,0.09246458397011166
2001,1.0,20dB_nominal_difference,imag,vanilla_IBS2,REJECTED_PHYSICAL,XY,z,-0.0625,x,-0.4375,y,-0.3125,0.04490741133274539,3.986144788442614e-05,-0.04486754988486096,0.04000000040274644,0.09246458397011166
2001,1.0,20dB_nominal_difference,imag,vanilla_IBS2,REJECTED_PHYSICAL,XY,z,-0.0625,x,-0.3125,y,-0.3125,0.05059202824894048,-0.007076353419774473,-0.05766838166871495,0.04000000040274644,0.09246458397011166
2001,1.0,20dB_nominal_difference,imag,vanilla_IBS2,REJECTED_PHYSICAL,XY,z,-0.0625,x,-0.1875,y,-0.3125,0.055057273851097724,-0.007378333041903502,-0.062435606893001226,0.04000000040274644,0.09246458397011166
2001,1.0,20dB_nominal_difference,imag,vanilla_IBS2,REJECTED_PHYSICAL,XY,z,-0.0625,x,-0.0625,y,-0.3125,0.054097973691774014,-0.0019907226718316046,-0.05608869636360562,0.04000000040274644,0.09246458397011166
2001,1.0,20dB_nominal_difference,imag,vanilla_IBS2,REJECTED_PHYSICAL,XY,z,-0.0625,x,0.0625,y,-0.3125,0.048694368474414516,0.007423120941167184,-0.04127124753324733,0.04000000040274644,0.09246458397011166
2001,1.0,20dB_nominal_difference,imag,vanilla_IBS2,REJECTED_PHYSICAL,XY,z,-0.0625,x,0.1875,y,-0.3125,0.0435340826044073,0.01891688594634351,-0.02461719665806379,0.04000000040274644,0.09246458397011166
2001,1.0,20dB_nominal_difference,imag,vanilla_IBS2,REJECTED_PHYSICAL,XY,z,-0.0625,x,0.3125,y,-0.3125,0.04095291686614485,0.03058520032437379,-0.010367716541771058,0.04000000040274644,0.09246458397011166
2001,1.0,20dB_nominal_difference,imag,vanilla_IBS2,REJECTED_PHYSICAL,XY,z,-0.0625,x,0.4375,y,-0.3125,0.04018037129013854,0.040944061206676464,0.0007636899165379268,0.04000000040274644,0.09246458397011166
2001,1.0,20dB_nominal_difference,imag,vanilla_IBS2,REJECTED_PHYSICAL,XY,z,-0.0625,x,0.5625,y,-0.3125,0.0400338735040851,0.0493291418560635,0.0092952683519784,0.04000000040274644,0.09246458397011166
2001,1.0,20dB_nominal_difference,imag,vanilla_IBS2,REJECTED_PHYSICAL,XY,z,-0.0625,x,0.6875,y,-0.3125,0.040010996336509126,0.05535067347081194,0.015339677134302815,0.04000000040274644,0.09246458397011166
2001,1.0,20dB_nominal_difference,imag,vanilla_IBS2,REJECTED_PHYSICAL,XY,z,-0.0625,x,-0.6875,y,-0.1875,0.04046261813196294,0.03295620022071965,-0.0075064179112432905,0.04000000040274644,0.09246458397011166
2001,1.0,20dB_nominal_difference,imag,vanilla_IBS2,REJECTED_PHYSICAL,XY,z,-0.0625,x,-0.5625,y,-0.1875,0.04237724147227358,0.012443093189599446,-0.02993414828267413,0.04000000040274644,0.09246458397011166
2001,1.0,20dB_nominal_difference,imag,vanilla_IBS2,REJECTED_PHYSICAL,XY,z,-0.0625,x,-0.4375,y,-0.1875,0.04804570805543921,6.150218865477036e-05,-0.04798420586678444,0.04000000040274644,0.09246458397011166
2001,1.0,20dB_nominal_difference,imag,vanilla_IBS2,REJECTED_PHYSICAL,XY,z,-0.0625,x,-0.3125,y,-0.1875,0.05793476860533821,-0.004972090927916513,-0.06290685953325473,0.04000000040274644,0.09246458397011166
2001,1.0,20dB_nominal_difference,imag,vanilla_IBS2,REJECTED_PHYSICAL,XY,z,-0.0625,x,-0.1875,y,-0.1875,0.06633116075709011,-0.0036484788755591704,-0.06997963963264928,0.04000000040274644,0.09246458397011166
2001,1.0,20dB_nominal_difference,imag,vanilla_IBS2,REJECTED_PHYSICAL,XY,z,-0.0625,x,-0.0625,y,-0.1875,0.06546292494247057,0.0026184982302874873,-0.06284442671218307,0.04000000040274644,0.09246458397011166
2001,1.0,20dB_nominal_difference,imag,vanilla_IBS2,REJECTED_PHYSICAL,XY,z,-0.0625,x,0.0625,y,-0.1875,0.05622590360314814,0.01210269764569178,-0.04412320595745636,0.04000000040274644,0.09246458397011166
2001,1.0,20dB_nominal_difference,imag,vanilla_IBS2,REJECTED_PHYSICAL,XY,z,-0.0625,x,0.1875,y,-0.1875,0.04684095942342986,0.022950624482820783,-0.02389033494060908,0.04000000040274644,0.09246458397011166
2001,1.0,20dB_nominal_difference,imag,vanilla_IBS2,REJECTED_PHYSICAL,XY,z,-0.0625,x,0.3125,y,-0.1875,0.04197175503334721,0.03343796476131957,-0.008533790272027643,0.04000000040274644,0.09246458397011166
2001,1.0,20dB_nominal_difference,imag,vanilla_IBS2,REJECTED_PHYSICAL,XY,z,-0.0625,x,0.4375,y,-0.1875,0.040479200865870035,0.042280100206245085,0.0018008993403750492,0.04000000040274644,0.09246458397011166
2001,1.0,20dB_nominal_difference,imag,vanilla_IBS2,REJECTED_PHYSICAL,XY,z,-0.0625,x,0.5625,y,-0.1875,0.040168465492061774,0.04893857808402141,0.008770112591959638,0.04000000040274644,0.09246458397011166
2001,1.0,20dB_nominal_difference,imag,vanilla_IBS2,REJECTED_PHYSICAL,XY,z,-0.0625,x,0.6875,y,-0.1875,0.04007742623254065,0.053430791313403364,0.013353365080862711,0.04000000040274644,0.09246458397011166
2001,1.0,20dB_nominal_difference,imag,vanilla_IBS2,REJECTED_PHYSICAL,XY,z,-0.0625,x,-0.6875,y,-0.0625,0.04054451366038647,0.03212050263754614,-0.008424011022840329,0.04000000040274644,0.09246458397011166
2001,1.0,20dB_nominal_difference,imag,vanilla_IBS2,REJECTED_PHYSICAL,XY,z,-0.0625,x,-0.5625,y,-0.0625,0.042889775165007187,0.016912802995440773,-0.025976972169566414,0.04000000040274644,0.09246458397011166
2001,1.0,20dB_nominal_difference,imag,vanilla_IBS2,REJECTED_PHYSICAL,XY,z,-0.0625,x,-0.4375,y,-0.0625,0.0501008949749696,0.00949622627044876,-0.04060466870452084,0.04000000040274644,0.09246458397011166
2001,1.0,20dB_nominal_difference,imag,vanilla_IBS2,REJECTED_PHYSICAL,XY,z,-0.0625,x,-0.3125,y,-0.0625,0.06325402053547836,0.00827393280976027,-0.054980087725718094,0.04000000040274644,0.09246458397011166
2001,1.0,20dB_nominal_difference,imag,vanilla_IBS2,REJECTED_PHYSICAL,XY,z,-0.0625,x,-0.1875,y,-0.0625,0.07526104378803249,0.011892122590218886,-0.0633689211978136,0.04000000040274644,0.09246458397011166
2001,1.0,20dB_nominal_difference,imag,vanilla_IBS2,REJECTED_PHYSICAL,XY,z,-0.0625,x,-0.0625,y,-0.0625,0.07522816100604189,0.018818558388083242,-0.056409602617958646,0.04000000040274644,0.09246458397011166
2001,1.0,20dB_nominal_difference,imag,vanilla_IBS2,REJECTED_PHYSICAL,XY,z,-0.0625,x,0.0625,y,-0.0625,0.0632481310043695,0.027392417336718565,-0.03585571366765094,0.04000000040274644,0.09246458397011166
2001,1.0,20dB_nominal_difference,imag,vanilla_IBS2,REJECTED_PHYSICAL,XY,z,-0.0625,x,0.1875,y,-0.0625,0.050328233333019494,0.03592790595579495,-0.01440032737722454,0.04000000040274644,0.09246458397011166
2001,1.0,20dB_nominal_difference,imag,vanilla_IBS2,REJECTED_PHYSICAL,XY,z,-0.0625,x,0.3125,y,-0.0625,0.04348375045580265,0.0428983550499814,-0.0005853954058212471,0.04000000040274644,0.09246458397011166
2001,1.0,20dB_nominal_difference,imag,vanilla_IBS2,REJECTED_PHYSICAL,XY,z,-0.0625,x,0.4375,y,-0.0625,0.04135727588851929,0.047191156226922826,0.005833880338403534,0.04000000040274644,0.09246458397011166
2001,1.0,20dB_nominal_difference,imag,vanilla_IBS2,REJECTED_PHYSICAL,XY,z,-0.0625,x,0.5625,y,-0.0625,0.04074390816086866,0.04837926015062689,0.007635351989758232,0.04000000040274644,0.09246458397011166
2001,1.0,20dB_nominal_difference,imag,vanilla_IBS2,REJECTED_PHYSICAL,XY,z,-0.0625,x,0.6875,y,-0.0625,0.040356308162189845,0.04705402750363506,0.006697719341445217,0.04000000040274644,0.09246458397011166
2001,1.0,20dB_nominal_difference,imag,vanilla_IBS2,REJECTED_PHYSICAL,XY,z,-0.0625,x,-0.6875,y,0.0625,0.04049077053906569,0.031138260528052703,-0.009352510011012987,0.04000000040274644,0.09246458397011166
2001,1.0,20dB_nominal_difference,imag,vanilla_IBS2,REJECTED_PHYSICAL,XY,z,-0.0625,x,-0.5625,y,0.0625,0.042689915156793684,0.024690831209300882,-0.017999083947492802,0.04000000040274644,0.09246458397011166
2001,1.0,20dB_nominal_difference,imag,vanilla_IBS2,REJECTED_PHYSICAL,XY,z,-0.0625,x,-0.4375,y,0.0625,0.04971048265474745,0.02439005851191042,-0.02532042414283703,0.04000000040274644,0.09246458397011166
2001,1.0,20dB_nominal_difference,imag,vanilla_IBS2,REJECTED_PHYSICAL,XY,z,-0.0625,x,-0.3125,y,0.0625,0.06308862742492329,0.0282057118989109,-0.03488291552601239,0.04000000040274644,0.09246458397011166
2001,1.0,20dB_nominal_difference,imag,vanilla_IBS2,REJECTED_PHYSICAL,XY,z,-0.0625,x,-0.1875,y,0.0625,0.07616667885102474,0.03465282921755123,-0.04151384963347351,0.04000000040274644,0.09246458397011166
2001,1.0,20dB_nominal_difference,imag,vanilla_IBS2,REJECTED_PHYSICAL,XY,z,-0.0625,x,-0.0625,y,0.0625,0.07738345775658874,0.042282296144773475,-0.035101161611815264,0.04000000040274644,0.09246458397011166
2001,1.0,20dB_nominal_difference,imag,vanilla_IBS2,REJECTED_PHYSICAL,XY,z,-0.0625,x,0.0625,y,0.0625,0.065781225296112,0.04962444177607052,-0.016156783520041476,0.04000000040274644,0.09246458397011166
2001,1.0,20dB_nominal_difference,imag,vanilla_IBS2,REJECTED_PHYSICAL,XY,z,-0.0625,x,0.1875,y,0.0625,0.05268128167956864,0.05519475546873948,0.002513473789170842,0.04000000040274644,0.09246458397011166
2001,1.0,20dB_nominal_difference,imag,vanilla_IBS2,REJECTED_PHYSICAL,XY,z,-0.0625,x,0.3125,y,0.0625,0.045866438562636315,0.05761450304267936,0.011748064480043043,0.04000000040274644,0.09246458397011166
2001,1.0,20dB_nominal_difference,imag,vanilla_IBS2,REJECTED_PHYSICAL,XY,z,-0.0625,x,0.4375,y,0.0625,0.043615713560426365,0.0558464693935803,0.012230755833153938,0.04000000040274644,0.09246458397011166
2001,1.0,20dB_nominal_difference,imag,vanilla_IBS2,REJECTED_PHYSICAL,XY,z,-0.0625,x,0.5625,y,0.0625,0.042266725449647956,0.04949490787302169,0.007228182423373732,0.04000000040274644,0.09246458397011166
2001,1.0,20dB_nominal_difference,imag,vanilla_IBS2,REJECTED_PHYSICAL,XY,z,-0.0625,x,0.6875,y,0.0625,0.04101406403433369,0.03970090565773862,-0.0013131583765950694,0.04000000040274644,0.09246458397011166
2001,1.0,20dB_nominal_difference,imag,vanilla_IBS2,REJECTED_PHYSICAL,XY,z,-0.0625,x,-0.6875,y,0.1875,0.0403387130716136,0.028581003317199954,-0.011757709754413648,0.04000000040274644,0.09246458397011166
2001,1.0,20dB_nominal_difference,imag,vanilla_IBS2,REJECTED_PHYSICAL,XY,z,-0.0625,x,-0.5625,y,0.1875,0.04191733625799617,0.03253827204342198,-0.009379064214574191,0.04000000040274644,0.09246458397011166
2001,1.0,20dB_nominal_difference,imag,vanilla_IBS2,REJECTED_PHYSICAL,XY,z,-0.0625,x,-0.4375,y,0.1875,0.04714853025735485,0.04007067611911064,-0.007077854138244209,0.04000000040274644,0.09246458397011166
2001,1.0,20dB_nominal_difference,imag,vanilla_IBS2,REJECTED_PHYSICAL,XY,z,-0.0625,x,-0.3125,y,0.1875,0.05755728959904926,0.04916797944322794,-0.008389310155821318,0.04000000040274644,0.09246458397011166
2001,1.0,20dB_nominal_difference,imag,vanilla_IBS2,REJECTED_PHYSICAL,XY,z,-0.0625,x,-0.1875,y,0.1875,0.0684365430525398,0.05850048951322571,-0.009936053539314087,0.04000000040274644,0.09246458397011166
2001,1.0,20dB_nominal_difference,imag,vanilla_IBS2,REJECTED_PHYSICAL,XY,z,-0.0625,x,-0.0625,y,0.1875,0.07056893671150717,0.06692679408620056,-0.003642142625306613,0.04000000040274644,0.09246458397011166
2001,1.0,20dB_nominal_difference,imag,vanilla_IBS2,REJECTED_PHYSICAL,XY,z,-0.0625,x,0.0625,y,0.1875,0.06261888328020784,0.07328021629256101,0.010661333012353169,0.04000000040274644,0.09246458397011166
2001,1.0,20dB_nominal_difference,imag,vanilla_IBS2,REJECTED_PHYSICAL,XY,z,-0.0625,x,0.1875,y,0.1875,0.05354254395806715,0.07626327346421723,0.022720729506150075,0.04000000040274644,0.09246458397011166
2001,1.0,20dB_nominal_difference,imag,vanilla_IBS2,REJECTED_PHYSICAL,XY,z,-0.0625,x,0.3125,y,0.1875,0.04922298495661685,0.07452255882367863,0.025299573867061775,0.04000000040274644,0.09246458397011166
2001,1.0,20dB_nominal_difference,imag,vanilla_IBS2,REJECTED_PHYSICAL,XY,z,-0.0625,x,0.4375,y,0.1875,0.04712117347535782,0.0669102339445931,0.01978906046923528,0.04000000040274644,0.09246458397011166
2001,1.0,20dB_nominal_difference,imag,vanilla_IBS2,REJECTED_PHYSICAL,XY,z,-0.0625,x,0.5625,y,0.1875,0.04435226197510026,0.052880869863969504,0.008528607888869243,0.04000000040274644,0.09246458397011166
2001,1.0,20dB_nominal_difference,imag,vanilla_IBS2,REJECTED_PHYSICAL,XY,z,-0.0625,x,0.6875,y,0.1875,0.041761077940884066,0.0339059918374523,-0.007855086103431767,0.04000000040274644,0.09246458397011166
2001,1.0,20dB_nominal_difference,imag,vanilla_IBS2,REJECTED_PHYSICAL,XY,z,-0.0625,x,-0.6875,y,0.3125,0.04017900717773762,0.02367741001284416,-0.01650159716489346,0.04000000040274644,0.09246458397011166
2001,1.0,20dB_nominal_difference,imag,vanilla_IBS2,REJECTED_PHYSICAL,XY,z,-0.0625,x,-0.5625,y,0.3125,0.04104652792939842,0.037512499418886534,-0.0035340285105118843,0.04000000040274644,0.09246458397011166
2001,1.0,20dB_nominal_difference,imag,vanilla_IBS2,REJECTED_PHYSICAL,XY,z,-0.0625,x,-0.4375,y,0.3125,0.044030246572164554,0.05185760349771998,0.007827356925555425,0.04000000040274644,0.09246458397011166
2001,1.0,20dB_nominal_difference,imag,vanilla_IBS2,REJECTED_PHYSICAL,XY,z,-0.0625,x,-0.3125,y,0.3125,0.050230805896160885,0.06522822747141044,0.014997421575249553,0.04000000040274644,0.09246458397011166
2001,1.0,20dB_nominal_difference,imag,vanilla_IBS2,REJECTED_PHYSICAL,XY,z,-0.0625,x,-0.1875,y,0.3125,0.05718454712314706,0.07679906887536884,0.019614521752221788,0.04000000040274644,0.09246458397011166
2001,1.0,20dB_nominal_difference,imag,vanilla_IBS2,REJECTED_PHYSICAL,XY,z,-0.0625,x,-0.0625,y,0.3125,0.05947908919312968,0.08597598189186267,0.026496892698732996,0.04000000040274644,0.09246458397011166
2001,1.0,20dB_nominal_difference,imag,vanilla_IBS2,REJECTED_PHYSICAL,XY,z,-0.0625,x,0.0625,y,0.3125,0.056261516899947794,0.09198443476317095,0.03572291786322315,0.04000000040274644,0.09246458397011166
2001,1.0,20dB_nominal_difference,imag,vanilla_IBS2,REJECTED_PHYSICAL,XY,z,-0.0625,x,0.1875,y,0.3125,0.05278894199433189,0.09365319918133264,0.04086425718700075,0.04000000040274644,0.09246458397011166
2001,1.0,20dB_nominal_difference,imag,vanilla_IBS2,REJECTED_PHYSICAL,XY,z,-0.0625,x,0.3125,y,0.3125,0.05139165534540846,0.08946665943956585,0.038075004094157386,0.04000000040274644,0.09246458397011166
2001,1.0,20dB_nominal_difference,imag,vanilla_IBS2,REJECTED_PHYSICAL,XY,z,-0.0625,x,0.4375,y,0.3125,0.049124619231150315,0.07789117153735847,0.028766552306208157,0.04000000040274644,0.09246458397011166
2001,1.0,20dB_nominal_difference,imag,vanilla_IBS2,REJECTED_PHYSICAL,XY,z,-0.0625,x,0.5625,y,0.3125,0.04513228330993601,0.05793102235702667,0.012798739047090661,0.04000000040274644,0.09246458397011166
2001,1.0,20dB_nominal_difference,imag,vanilla_IBS2,REJECTED_PHYSICAL,XY,z,-0.0625,x,0.6875,y,0.3125,0.04185957183135759,0.030978548809587753,-0.01088102302176984,0.04000000040274644,0.09246458397011166
2001,1.0,20dB_nominal_difference,imag,vanilla_IBS2,REJECTED_PHYSICAL,XY,z,-0.0625,x,-0.6875,y,0.4375,0.04007244361445326,0.016245090597589582,-0.023827353016863676,0.04000000040274644,0.09246458397011166
2001,1.0,20dB_nominal_difference,imag,vanilla_IBS2,REJECTED_PHYSICAL,XY,z,-0.0625,x,-0.5625,y,0.4375,0.04043744937458506,0.03731595568914223,-0.0031214936854428305,0.04000000040274644,0.09246458397011166
2001,1.0,20dB_nominal_difference,imag,vanilla_IBS2,REJECTED_PHYSICAL,XY,z,-0.0625,x,-0.4375,y,0.4375,0.04174074479347994,0.055747814874062905,0.014007070080582967,0.04000000040274644,0.09246458397011166
2001,1.0,20dB_nominal_difference,imag,vanilla_IBS2,REJECTED_PHYSICAL,XY,z,-0.0625,x,-0.3125,y,0.4375,0.04457510652310411,0.07113153329905747,0.026556426775953358,0.04000000040274644,0.09246458397011166
2001,1.0,20dB_nominal_difference,imag,vanilla_IBS2,REJECTED_PHYSICAL,XY,z,-0.0625,x,-0.1875,y,0.4375,0.04802682470978569,0.08355495422111539,0.0355281295113297,0.04000000040274644,0.09246458397011166
2001,1.0,20dB_nominal_difference,imag,vanilla_IBS2,REJECTED_PHYSICAL,XY,z,-0.0625,x,-0.0625,y,0.4375,0.04983387286069964,0.09319838148216651,0.043364508621466874,0.04000000040274644,0.09246458397011166
2001,1.0,20dB_nominal_difference,imag,vanilla_IBS2,REJECTED_PHYSICAL,XY,z,-0.0625,x,0.0625,y,0.4375,0.04973028459734544,0.09972997738521189,0.04999969278786645,0.04000000040274644,0.09246458397011166
2001,1.0,20dB_nominal_difference,imag,vanilla_IBS2,REJECTED_PHYSICAL,XY,z,-0.0625,x,0.1875,y,0.4375,0.04972590352492027,0.10200826561936405,0.05228236209444378,0.04000000040274644,0.09246458397011166
2001,1.0,20dB_nominal_difference,imag,vanilla_IBS2,REJECTED_PHYSICAL,XY,z,-0.0625,x,0.3125,y,0.4375,0.049573508104575656,0.09813894742323583,0.04856543931866017,0.04000000040274644,0.09246458397011166
2001,1.0,20dB_nominal_difference,imag,vanilla_IBS2,REJECTED_PHYSICAL,XY,z,-0.0625,x,0.4375,y,0.4375,0.04727384745480763,0.08587914606109487,0.03860529860628724,0.04000000040274644,0.09246458397011166
2001,1.0,20dB_nominal_difference,imag,vanilla_IBS2,REJECTED_PHYSICAL,XY,z,-0.0625,x,0.5625,y,0.4375,0.0436894650027847,0.06335155035122891,0.019662085348444214,0.04000000040274644,0.09246458397011166
2001,1.0,20dB_nominal_difference,imag,vanilla_IBS2,REJECTED_PHYSICAL,XY,z,-0.0625,x,0.6875,y,0.4375,0.04119266407982923,0.031190964656966073,-0.010001699422863157,0.04000000040274644,0.09246458397011166
2001,1.0,20dB_nominal_difference,imag,vanilla_IBS2,REJECTED_PHYSICAL,XY,z,-0.0625,x,-0.6875,y,0.5625,0.040022451420081685,0.0064765658518703625,-0.03354588556821132,0.04000000040274644,0.09246458397011166
2001,1.0,20dB_nominal_difference,imag,vanilla_IBS2,REJECTED_PHYSICAL,XY,z,-0.0625,x,-0.5625,y,0.5625,0.04014006360989089,0.03053019123252397,-0.009609872377366921,0.04000000040274644,0.09246458397011166
2001,1.0,20dB_nominal_difference,imag,vanilla_IBS2,REJECTED_PHYSICAL,XY,z,-0.0625,x,-0.4375,y,0.5625,0.0405764904136124,0.04892348602652984,0.008346995612917442,0.04000000040274644,0.09246458397011166
2001,1.0,20dB_nominal_difference,imag,vanilla_IBS2,REJECTED_PHYSICAL,XY,z,-0.0625,x,-0.3125,y,0.5625,0.04157448042627756,0.06308859385784021,0.021514113431562655,0.04000000040274644,0.09246458397011166
2001,1.0,20dB_nominal_difference,imag,vanilla_IBS2,REJECTED_PHYSICAL,XY,z,-0.0625,x,-0.1875,y,0.5625,0.04291862029997867,0.07444215899788234,0.03152353869790367,0.04000000040274644,0.09246458397011166
2001,1.0,20dB_nominal_difference,imag,vanilla_IBS2,REJECTED_PHYSICAL,XY,z,-0.0625,x,-0.0625,y,0.5625,0.04395950305677281,0.08407591984305296,0.04011641678628015,0.04000000040274644,0.09246458397011166
2001,1.0,20dB_nominal_difference,imag,vanilla_IBS2,REJECTED_PHYSICAL,XY,z,-0.0625,x,0.0625,y,0.5625,0.044636294922852926,0.09208025950812976,0.04744396458527683,0.04000000040274644,0.09246458397011166
2001,1.0,20dB_nominal_difference,imag,vanilla_IBS2,REJECTED_PHYSICAL,XY,z,-0.0625,x,0.1875,y,0.5625,0.04526764849049132,0.09722683145456198,0.05195918296407066,0.04000000040274644,0.09246458397011166
2001,1.0,20dB_nominal_difference,imag,vanilla_IBS2,REJECTED_PHYSICAL,XY,z,-0.0625,x,0.3125,y,0.5625,0.045122874035641525,0.09706528115207837,0.05194240711643684,0.04000000040274644,0.09246458397011166
2001,1.0,20dB_nominal_difference,imag,vanilla_IBS2,REJECTED_PHYSICAL,XY,z,-0.0625,x,0.4375,y,0.5625,0.043556284939509374,0.08840403451016349,0.044847749570654113,0.04000000040274644,0.09246458397011166
2001,1.0,20dB_nominal_difference,imag,vanilla_IBS2,REJECTED_PHYSICAL,XY,z,-0.0625,x,0.5625,y,0.5625,0.04161337822156552,0.06805175233890397,0.026438374117338445,0.04000000040274644,0.09246458397011166
2001,1.0,20dB_nominal_difference,imag,vanilla_IBS2,REJECTED_PHYSICAL,XY,z,-0.0625,x,0.6875,y,0.5625,0.04046451236387989,0.03463936489134973,-0.005825147472530164,0.04000000040274644,0.09246458397011166
2001,1.0,20dB_nominal_difference,imag,vanilla_IBS2,REJECTED_PHYSICAL,XY,z,-0.0625,x,-0.6875,y,0.6875,0.04000532921441526,-0.004994242270603189,-0.04499957148501845,0.04000000040274644,0.09246458397011166
2001,1.0,20dB_nominal_difference,imag,vanilla_IBS2,REJECTED_PHYSICAL,XY,z,-0.0625,x,-0.5625,y,0.6875,0.0400343674625972,0.016372553448007907,-0.02366181401458929,0.04000000040274644,0.09246458397011166
2001,1.0,20dB_nominal_difference,imag,vanilla_IBS2,REJECTED_PHYSICAL,XY,z,-0.0625,x,-0.4375,y,0.6875,0.0401465809212508,0.029685158587991572,-0.010461422333259227,0.04000000040274644,0.09246458397011166
2001,1.0,20dB_nominal_difference,imag,vanilla_IBS2,REJECTED_PHYSICAL,XY,z,-0.0625,x,-0.3125,y,0.6875,0.04041812520218987,0.03925043517667361,-0.0011676900255162548,0.04000000040274644,0.09246458397011166
2001,1.0,20dB_nominal_difference,imag,vanilla_IBS2,REJECTED_PHYSICAL,XY,z,-0.0625,x,-0.1875,y,0.6875,0.04082696886905938,0.04785334574530756,0.007026376876248179,0.04000000040274644,0.09246458397011166
2001,1.0,20dB_nominal_difference,imag,vanilla_IBS2,REJECTED_PHYSICAL,XY,z,-0.0625,x,-0.0625,y,0.6875,0.04124290782960705,0.057375528633942484,0.016132620804335432,0.04000000040274644,0.09246458397011166
2001,1.0,20dB_nominal_difference,imag,vanilla_IBS2,REJECTED_PHYSICAL,XY,z,-0.0625,x,0.0625,y,0.6875,0.041621273675340145,0.06815784214558057,0.026536568470240426,0.04000000040274644,0.09246458397011166
2001,1.0,20dB_nominal_difference,imag,vanilla_IBS2,REJECTED_PHYSICAL,XY,z,-0.0625,x,0.1875,y,0.6875,0.04188129109090286,0.07870598437985478,0.03682469328895192,0.04000000040274644,0.09246458397011166
2001,1.0,20dB_nominal_difference,imag,vanilla_IBS2,REJECTED_PHYSICAL,XY,z,-0.0625,x,0.3125,y,0.6875,0.041704080861728936,0.08588102746322133,0.0441769466014924,0.04000000040274644,0.09246458397011166
2001,1.0,20dB_nominal_difference,imag,vanilla_IBS2,REJECTED_PHYSICAL,XY,z,-0.0625,x,0.4375,y,0.6875,0.04106222753645379,0.08553064656730922,0.044468419030855424,0.04000000040274644,0.09246458397011166
2001,1.0,20dB_nominal_difference,imag,vanilla_IBS2,REJECTED_PHYSICAL,XY,z,-0.0625,x,0.5625,y,0.6875,0.040429106007384266,0.07336366468571018,0.03293455867832591,0.04000000040274644,0.09246458397011166
2001,1.0,20dB_nominal_difference,imag,vanilla_IBS2,REJECTED_PHYSICAL,XY,z,-0.0625,x,0.6875,y,0.6875,0.040109892468231004,0.045354694639469735,0.005244802171238731,0.04000000040274644,0.09246458397011166
2001,1.0,20dB_nominal_difference,imag,vanilla_IBS2,REJECTED_PHYSICAL,XZ,y,-0.0625,x,-0.6875,z,-0.6875,0.04018376756319858,0.07725364312677074,0.03706987556357216,0.04000000040274644,0.09246458397011166
2001,1.0,20dB_nominal_difference,imag,vanilla_IBS2,REJECTED_PHYSICAL,XZ,y,-0.0625,x,-0.5625,z,-0.6875,0.04097526829564783,0.05642288229058115,0.015447613994933322,0.04000000040274644,0.09246458397011166
2001,1.0,20dB_nominal_difference,imag,vanilla_IBS2,REJECTED_PHYSICAL,XZ,y,-0.0625,x,-0.4375,z,-0.6875,0.043408942364542284,0.04834210771382423,0.004933165349281947,0.04000000040274644,0.09246458397011166
2001,1.0,20dB_nominal_difference,imag,vanilla_IBS2,REJECTED_PHYSICAL,XZ,y,-0.0625,x,-0.3125,z,-0.6875,0.04784793710090712,0.04998373672139157,0.0021357996204844493,0.04000000040274644,0.09246458397011166
2001,1.0,20dB_nominal_difference,imag,vanilla_IBS2,REJECTED_PHYSICAL,XZ,y,-0.0625,x,-0.1875,z,-0.6875,0.05189958105400788,0.05733316129071772,0.00543358023670984,0.04000000040274644,0.09246458397011166
2001,1.0,20dB_nominal_difference,imag,vanilla_IBS2,REJECTED_PHYSICAL,XZ,y,-0.0625,x,-0.0625,z,-0.6875,0.05188360299030687,0.06638447664874246,0.014500873658435588,0.04000000040274644,0.09246458397011166
2001,1.0,20dB_nominal_difference,imag,vanilla_IBS2,REJECTED_PHYSICAL,XZ,y,-0.0625,x,0.0625,z,-0.6875,0.04781636656307429,0.07374876238083505,0.025932395817760766,0.04000000040274644,0.09246458397011166
2001,1.0,20dB_nominal_difference,imag,vanilla_IBS2,REJECTED_PHYSICAL,XZ,y,-0.0625,x,0.1875,z,-0.6875,0.043386118444131413,0.07704435332026793,0.03365823487613652,0.04000000040274644,0.09246458397011166
2001,1.0,20dB_nominal_difference,imag,vanilla_IBS2,REJECTED_PHYSICAL,XZ,y,-0.0625,x,0.3125,z,-0.6875,0.04096614141054461,0.07510183164028172,0.034135690229737115,0.04000000040274644,0.09246458397011166
2001,1.0,20dB_nominal_difference,imag,vanilla_IBS2,REJECTED_PHYSICAL,XZ,y,-0.0625,x,0.4375,z,-0.6875,0.04018156269101637,0.06797544970052388,0.02779388700950751,0.04000000040274644,0.09246458397011166
2001,1.0,20dB_nominal_difference,imag,vanilla_IBS2,REJECTED_PHYSICAL,XZ,y,-0.0625,x,0.5625,z,-0.6875,0.04002247497263146,0.056775656417025734,0.016753181444394277,0.04000000040274644,0.09246458397011166
2001,1.0,20dB_nominal_difference,imag,vanilla_IBS2,REJECTED_PHYSICAL,XZ,y,-0.0625,x,0.6875,z,-0.6875,0.04000183358507068,0.04593697452870763,0.005935140943636952,0.04000000040274644,0.09246458397011166
2001,1.0,20dB_nominal_difference,imag,vanilla_IBS2,REJECTED_PHYSICAL,XZ,y,-0.0625,x,-0.6875,z,-0.5625,0.04038304949832752,0.08283228271009896,0.04244923321177144,0.04000000040274644,0.09246458397011166
2001,1.0,20dB_nominal_difference,imag,vanilla_IBS2,REJECTED_PHYSICAL,XZ,y,-0.0625,x,-0.5625,z,-0.5625,0.04203287253138969,0.061701201269795905,0.019668328738406217,0.04000000040274644,0.09246458397011166
2001,1.0,20dB_nominal_difference,imag,vanilla_IBS2,REJECTED_PHYSICAL,XZ,y,-0.0625,x,-0.4375,z,-0.5625,0.04710568089382111,0.05314347122848741,0.006037790334666296,0.04000000040274644,0.09246458397011166
2001,1.0,20dB_nominal_difference,imag,vanilla_IBS2,REJECTED_PHYSICAL,XZ,y,-0.0625,x,-0.3125,z,-0.5625,0.05635842757326712,0.05383672089056997,-0.0025217066826971474,0.04000000040274644,0.09246458397011166
2001,1.0,20dB_nominal_difference,imag,vanilla_IBS2,REJECTED_PHYSICAL,XZ,y,-0.0625,x,-0.1875,z,-0.5625,0.06480377125006712,0.06022049707622022,-0.0045832741738468935,0.04000000040274644,0.09246458397011166
2001,1.0,20dB_nominal_difference,imag,vanilla_IBS2,REJECTED_PHYSICAL,XZ,y,-0.0625,x,-0.0625,z,-0.5625,0.06477046815458143,0.06861672999203114,0.0038462618374497104,0.04000000040274644,0.09246458397011166
2001,1.0,20dB_nominal_difference,imag,vanilla_IBS2,REJECTED_PHYSICAL,XZ,y,-0.0625,x,0.0625,z,-0.5625,0.05629263308365276,0.07575458703287037,0.01946195394921761,0.04000000040274644,0.09246458397011166
2001,1.0,20dB_nominal_difference,imag,vanilla_IBS2,REJECTED_PHYSICAL,XZ,y,-0.0625,x,0.1875,z,-0.5625,0.04705814619147775,0.07916798651364979,0.03210984032217203,0.04000000040274644,0.09246458397011166
2001,1.0,20dB_nominal_difference,imag,vanilla_IBS2,REJECTED_PHYSICAL,XZ,y,-0.0625,x,0.3125,z,-0.5625,0.04201393249692052,0.07747965514810026,0.03546572265117974,0.04000000040274644,0.09246458397011166
2001,1.0,20dB_nominal_difference,imag,vanilla_IBS2,REJECTED_PHYSICAL,XZ,y,-0.0625,x,0.4375,z,-0.5625,0.040378564776072656,0.07060518971160899,0.030226624935536336,0.04000000040274644,0.09246458397011166
2001,1.0,20dB_nominal_difference,imag,vanilla_IBS2,REJECTED_PHYSICAL,XZ,y,-0.0625,x,0.5625,z,-0.5625,0.0400469392710066,0.06001686789706581,0.01996992862605921,0.04000000040274644,0.09246458397011166
2001,1.0,20dB_nominal_difference,imag,vanilla_IBS2,REJECTED_PHYSICAL,XZ,y,-0.0625,x,0.6875,z,-0.5625,0.040003869576968366,0.050607282723208795,0.010603413146240429,0.04000000040274644,0.09246458397011166
2001,1.0,20dB_nominal_difference,imag,vanilla_IBS2,REJECTED_PHYSICAL,XZ,y,-0.0625,x,-0.6875,z,-0.4375,0.04061648414344554,0.07765114667822154,0.037034662534776,0.04000000040274644,0.09246458397011166
2001,1.0,20dB_nominal_difference,imag,vanilla_IBS2,REJECTED_PHYSICAL,XZ,y,-0.0625,x,-0.5625,z,-0.4375,0.04327172777115688,0.05690510960952322,0.013633381838366342,0.04000000040274644,0.09246458397011166
2001,1.0,20dB_nominal_difference,imag,vanilla_IBS2,REJECTED_PHYSICAL,XZ,y,-0.0625,x,-0.4375,z,-0.4375,0.0514359622570256,0.048137209181222954,-0.0032987530758026434,0.04000000040274644,0.09246458397011166
2001,1.0,20dB_nominal_difference,imag,vanilla_IBS2,REJECTED_PHYSICAL,XZ,y,-0.0625,x,-0.3125,z,-0.4375,0.06632743649841531,0.048181095876390745,-0.018146340622024568,0.04000000040274644,0.09246458397011166
2001,1.0,20dB_nominal_difference,imag,vanilla_IBS2,REJECTED_PHYSICAL,XZ,y,-0.0625,x,-0.1875,z,-0.4375,0.07991947137067627,0.05386316896697853,-0.026056302403697745,0.04000000040274644,0.09246458397011166
2001,1.0,20dB_nominal_difference,imag,vanilla_IBS2,REJECTED_PHYSICAL,XZ,y,-0.0625,x,-0.0625,z,-0.4375,0.07986590868028234,0.061888356688866344,-0.017977551991416,0.04000000040274644,0.09246458397011166
2001,1.0,20dB_nominal_difference,imag,vanilla_IBS2,REJECTED_PHYSICAL,XZ,y,-0.0625,x,0.0625,z,-0.4375,0.06622176240723161,0.06923131671519564,0.003009554307964027,0.04000000040274644,0.09246458397011166
2001,1.0,20dB_nominal_difference,imag,vanilla_IBS2,REJECTED_PHYSICAL,XZ,y,-0.0625,x,0.1875,z,-0.4375,0.051360187223972564,0.07348408650983768,0.022123899285865112,0.04000000040274644,0.09246458397011166
2001,1.0,20dB_nominal_difference,imag,vanilla_IBS2,REJECTED_PHYSICAL,XZ,y,-0.0625,x,0.3125,z,-0.4375,0.04324277786813884,0.0731591759533461,0.02991639808520726,0.04000000040274644,0.09246458397011166
2001,1.0,20dB_nominal_difference,imag,vanilla_IBS2,REJECTED_PHYSICAL,XZ,y,-0.0625,x,0.4375,z,-0.4375,0.04061128804061444,0.06795723355569164,0.0273459455150772,0.04000000040274644,0.09246458397011166
2001,1.0,20dB_nominal_difference,imag,vanilla_IBS2,REJECTED_PHYSICAL,XZ,y,-0.0625,x,0.5625,z,-0.4375,0.04007721589812776,0.05899179810696101,0.01891458220883325,0.04000000040274644,0.09246458397011166
2001,1.0,20dB_nominal_difference,imag,vanilla_IBS2,REJECTED_PHYSICAL,XZ,y,-0.0625,x,0.6875,z,-0.4375,0.04000709354536091,0.04967039551699966,0.009663301971638748,0.04000000040274644,0.09246458397011166
2001,1.0,20dB_nominal_difference,imag,vanilla_IBS2,REJECTED_PHYSICAL,XZ,y,-0.0625,x,-0.6875,z,-0.3125,0.04076607253906586,0.06387321414328175,0.023107141604215883,0.04000000040274644,0.09246458397011166
2001,1.0,20dB_nominal_difference,imag,vanilla_IBS2,REJECTED_PHYSICAL,XZ,y,-0.0625,x,-0.5625,z,-0.3125,0.044065604655525614,0.0445554366468018,0.0004898319912761892,0.04000000040274644,0.09246458397011166
2001,1.0,20dB_nominal_difference,imag,vanilla_IBS2,REJECTED_PHYSICAL,XZ,y,-0.0625,x,-0.4375,z,-0.3125,0.05421087118823959,0.0361123297706891,-0.01809854141755049,0.04000000040274644,0.09246458397011166
2001,1.0,20dB_nominal_difference,imag,vanilla_IBS2,REJECTED_PHYSICAL,XZ,y,-0.0625,x,-0.3125,z,-0.3125,0.07271572957697064,0.035838104885923885,-0.03687762469104676,0.04000000040274644,0.09246458397011166
2001,1.0,20dB_nominal_difference,imag,vanilla_IBS2,REJECTED_PHYSICAL,XZ,y,-0.0625,x,-0.1875,z,-0.3125,0.08960588835301427,0.041086289570478794,-0.04851959878253547,0.04000000040274644,0.09246458397011166
2001,1.0,20dB_nominal_difference,imag,vanilla_IBS2,REJECTED_PHYSICAL,XZ,y,-0.0625,x,-0.0625,z,-0.3125,0.08953973087819014,0.0490525389212915,-0.04048719195689864,0.04000000040274644,0.09246458397011166
2001,1.0,20dB_nominal_difference,imag,vanilla_IBS2,REJECTED_PHYSICAL,XZ,y,-0.0625,x,0.0625,z,-0.3125,0.07258685108154793,0.05706503964500855,-0.015521811436539378,0.04000000040274644,0.09246458397011166
2001,1.0,20dB_nominal_difference,imag,vanilla_IBS2,REJECTED_PHYSICAL,XZ,y,-0.0625,x,0.1875,z,-0.3125,0.05412491071653576,0.06286545677421791,0.008740546057682153,0.04000000040274644,0.09246458397011166
2001,1.0,20dB_nominal_difference,imag,vanilla_IBS2,REJECTED_PHYSICAL,XZ,y,-0.0625,x,0.3125,z,-0.3125,0.044046896787959665,0.06489031861675167,0.020843421828792,0.04000000040274644,0.09246458397011166
2001,1.0,20dB_nominal_difference,imag,vanilla_IBS2,REJECTED_PHYSICAL,XZ,y,-0.0625,x,0.4375,z,-0.3125,0.0407823951108199,0.06254143231174245,0.021759037200922544,0.04000000040274644,0.09246458397011166
2001,1.0,20dB_nominal_difference,imag,vanilla_IBS2,REJECTED_PHYSICAL,XZ,y,-0.0625,x,0.5625,z,-0.3125,0.04011478401694134,0.05637945852689827,0.01626467450995693,0.04000000040274644,0.09246458397011166
2001,1.0,20dB_nominal_difference,imag,vanilla_IBS2,REJECTED_PHYSICAL,XZ,y,-0.0625,x,0.6875,z,-0.3125,0.04001857042719662,0.04869493153564318,0.008676361108446558,0.04000000040274644,0.09246458397011166
2001,1.0,20dB_nominal_difference,imag,vanilla_IBS2,REJECTED_PHYSICAL,XZ,y,-0.0625,x,-0.6875,z,-0.1875,0.04073501948222544,0.04689990725534428,0.006164887773118841,0.04000000040274644,0.09246458397011166
2001,1.0,20dB_nominal_difference,imag,vanilla_IBS2,REJECTED_PHYSICAL,XZ,y,-0.0625,x,-0.5625,z,-0.1875,0.04390080377678321,0.029578745361556337,-0.014322058415226872,0.04000000040274644,0.09246458397011166
2001,1.0,20dB_nominal_difference,imag,vanilla_IBS2,REJECTED_PHYSICAL,XZ,y,-0.0625,x,-0.4375,z,-0.1875,0.05363482907430367,0.02171121389683923,-0.031923615177464434,0.04000000040274644,0.09246458397011166
2001,1.0,20dB_nominal_difference,imag,vanilla_IBS2,REJECTED_PHYSICAL,XZ,y,-0.0625,x,-0.3125,z,-0.1875,0.0713896115297189,0.021136345445675216,-0.05025326608404368,0.04000000040274644,0.09246458397011166
2001,1.0,20dB_nominal_difference,imag,vanilla_IBS2,REJECTED_PHYSICAL,XZ,y,-0.0625,x,-0.1875,z,-0.1875,0.08759546472341781,0.02583045160055039,-0.06176501312286742,0.04000000040274644,0.09246458397011166
2001,1.0,20dB_nominal_difference,imag,vanilla_IBS2,REJECTED_PHYSICAL,XZ,y,-0.0625,x,-0.0625,z,-0.1875,0.08753479187993465,0.03358770515284285,-0.0539470867270918,0.04000000040274644,0.09246458397011166
2001,1.0,20dB_nominal_difference,imag,vanilla_IBS2,REJECTED_PHYSICAL,XZ,y,-0.0625,x,0.0625,z,-0.1875,0.07128294695870013,0.04219782098799488,-0.029085125970705256,0.04000000040274644,0.09246458397011166
2001,1.0,20dB_nominal_difference,imag,vanilla_IBS2,REJECTED_PHYSICAL,XZ,y,-0.0625,x,0.1875,z,-0.1875,0.053609524693752277,0.04964495908150765,-0.003964565612244626,0.04000000040274644,0.09246458397011166
2001,1.0,20dB_nominal_difference,imag,vanilla_IBS2,REJECTED_PHYSICAL,XZ,y,-0.0625,x,0.3125,z,-0.1875,0.04400322254002618,0.054345953536898875,0.010342730996872697,0.04000000040274644,0.09246458397011166
2001,1.0,20dB_nominal_difference,imag,vanilla_IBS2,REJECTED_PHYSICAL,XZ,y,-0.0625,x,0.4375,z,-0.1875,0.0409094794667403,0.05541374493910569,0.014504265472365392,0.04000000040274644,0.09246458397011166
2001,1.0,20dB_nominal_difference,imag,vanilla_IBS2,REJECTED_PHYSICAL,XZ,y,-0.0625,x,0.5625,z,-0.1875,0.04024141077691492,0.05288120898440442,0.012639798207489499,0.04000000040274644,0.09246458397011166
2001,1.0,20dB_nominal_difference,imag,vanilla_IBS2,REJECTED_PHYSICAL,XZ,y,-0.0625,x,0.6875,z,-0.1875,0.04008582566839842,0.04812980702021567,0.008043981351817255,0.04000000040274644,0.09246458397011166
2001,1.0,20dB_nominal_difference,imag,vanilla_IBS2,REJECTED_PHYSICAL,XZ,y,-0.0625,x,-0.6875,z,-0.0625,0.04054451366038647,0.03212050263754614,-0.008424011022840329,0.04000000040274644,0.09246458397011166
2001,1.0,20dB_nominal_difference,imag,vanilla_IBS2,REJECTED_PHYSICAL,XZ,y,-0.0625,x,-0.5625,z,-0.0625,0.042889775165007187,0.016912802995440773,-0.025976972169566414,0.04000000040274644,0.09246458397011166
2001,1.0,20dB_nominal_difference,imag,vanilla_IBS2,REJECTED_PHYSICAL,XZ,y,-0.0625,x,-0.4375,z,-0.0625,0.0501008949749696,0.00949622627044876,-0.04060466870452084,0.04000000040274644,0.09246458397011166
2001,1.0,20dB_nominal_difference,imag,vanilla_IBS2,REJECTED_PHYSICAL,XZ,y,-0.0625,x,-0.3125,z,-0.0625,0.06325402053547836,0.00827393280976027,-0.054980087725718094,0.04000000040274644,0.09246458397011166
2001,1.0,20dB_nominal_difference,imag,vanilla_IBS2,REJECTED_PHYSICAL,XZ,y,-0.0625,x,-0.1875,z,-0.0625,0.07526104378803249,0.011892122590218886,-0.0633689211978136,0.04000000040274644,0.09246458397011166
2001,1.0,20dB_nominal_difference,imag,vanilla_IBS2,REJECTED_PHYSICAL,XZ,y,-0.0625,x,-0.0625,z,-0.0625,0.07522816100604189,0.018818558388083242,-0.056409602617958646,0.04000000040274644,0.09246458397011166
2001,1.0,20dB_nominal_difference,imag,vanilla_IBS2,REJECTED_PHYSICAL,XZ,y,-0.0625,x,0.0625,z,-0.0625,0.0632481310043695,0.027392417336718565,-0.03585571366765094,0.04000000040274644,0.09246458397011166
2001,1.0,20dB_nominal_difference,imag,vanilla_IBS2,REJECTED_PHYSICAL,XZ,y,-0.0625,x,0.1875,z,-0.0625,0.050328233333019494,0.03592790595579495,-0.01440032737722454,0.04000000040274644,0.09246458397011166
2001,1.0,20dB_nominal_difference,imag,vanilla_IBS2,REJECTED_PHYSICAL,XZ,y,-0.0625,x,0.3125,z,-0.0625,0.04348375045580265,0.0428983550499814,-0.0005853954058212471,0.04000000040274644,0.09246458397011166
2001,1.0,20dB_nominal_difference,imag,vanilla_IBS2,REJECTED_PHYSICAL,XZ,y,-0.0625,x,0.4375,z,-0.0625,0.04135727588851929,0.047191156226922826,0.005833880338403534,0.04000000040274644,0.09246458397011166
2001,1.0,20dB_nominal_difference,imag,vanilla_IBS2,REJECTED_PHYSICAL,XZ,y,-0.0625,x,0.5625,z,-0.0625,0.04074390816086866,0.04837926015062689,0.007635351989758232,0.04000000040274644,0.09246458397011166
2001,1.0,20dB_nominal_difference,imag,vanilla_IBS2,REJECTED_PHYSICAL,XZ,y,-0.0625,x,0.6875,z,-0.0625,0.040356308162189845,0.04705402750363506,0.006697719341445217,0.04000000040274644,0.09246458397011166
2001,1.0,20dB_nominal_difference,imag,vanilla_IBS2,REJECTED_PHYSICAL,XZ,y,-0.0625,x,-0.6875,z,0.0625,0.040311458141579104,0.02365627012914228,-0.016655188012436824,0.04000000040274644,0.09246458397011166
2001,1.0,20dB_nominal_difference,imag,vanilla_IBS2,REJECTED_PHYSICAL,XZ,y,-0.0625,x,-0.5625,z,0.0625,0.041652932275827434,0.010369563799993618,-0.031283368475833816,0.04000000040274644,0.09246458397011166
2001,1.0,20dB_nominal_difference,imag,vanilla_IBS2,REJECTED_PHYSICAL,XZ,y,-0.0625,x,-0.4375,z,0.0625,0.04577765789134244,0.003015909003718009,-0.04276174888762443,0.04000000040274644,0.09246458397011166
2001,1.0,20dB_nominal_difference,imag,vanilla_IBS2,REJECTED_PHYSICAL,XZ,y,-0.0625,x,-0.3125,z,0.0625,0.05330145250564673,0.0005462724828923585,-0.052755180022754374,0.04000000040274644,0.09246458397011166
2001,1.0,20dB_nominal_difference,imag,vanilla_IBS2,REJECTED_PHYSICAL,XZ,y,-0.0625,x,-0.1875,z,0.0625,0.06017331018930952,0.002292509891717455,-0.057880800297592065,0.04000000040274644,0.09246458397011166
2001,1.0,20dB_nominal_difference,imag,vanilla_IBS2,REJECTED_PHYSICAL,XZ,y,-0.0625,x,-0.0625,z,0.0625,0.06018647493002061,0.0074317779675977455,-0.05275469696242287,0.04000000040274644,0.09246458397011166
2001,1.0,20dB_nominal_difference,imag,vanilla_IBS2,REJECTED_PHYSICAL,XZ,y,-0.0625,x,0.0625,z,0.0625,0.053491890172596236,0.0149057405037099,-0.038586149668886335,0.04000000040274644,0.09246458397011166
2001,1.0,20dB_nominal_difference,imag,vanilla_IBS2,REJECTED_PHYSICAL,XZ,y,-0.0625,x,0.1875,z,0.0625,0.04655986430589124,0.023425815892576994,-0.023134048413314248,0.04000000040274644,0.09246458397011166
2001,1.0,20dB_nominal_difference,imag,vanilla_IBS2,REJECTED_PHYSICAL,XZ,y,-0.0625,x,0.3125,z,0.0625,0.04336575155887842,0.03160021263818104,-0.011765538920697378,0.04000000040274644,0.09246458397011166
2001,1.0,20dB_nominal_difference,imag,vanilla_IBS2,REJECTED_PHYSICAL,XZ,y,-0.0625,x,0.4375,z,0.0625,0.04258781070926103,0.03817649414406675,-0.004411316565194279,0.04000000040274644,0.09246458397011166
2001,1.0,20dB_nominal_difference,imag,vanilla_IBS2,REJECTED_PHYSICAL,XZ,y,-0.0625,x,0.5625,z,0.0625,0.041923047358749,0.042350270570708295,0.00042722321195929475,0.04000000040274644,0.09246458397011166
2001,1.0,20dB_nominal_difference,imag,vanilla_IBS2,REJECTED_PHYSICAL,XZ,y,-0.0625,x,0.6875,z,0.0625,0.04097958907938566,0.0440424202477431,0.003062831168357441,0.04000000040274644,0.09246458397011166
2001,1.0,20dB_nominal_difference,imag,vanilla_IBS2,REJECTED_PHYSICAL,XZ,y,-0.0625,x,-0.6875,z,0.1875,0.04013755348411614,0.023536232283308225,-0.016601321200807918,0.04000000040274644,0.09246458397011166
2001,1.0,20dB_nominal_difference,imag,vanilla_IBS2,REJECTED_PHYSICAL,XZ,y,-0.0625,x,-0.5625,z,0.1875,0.040730007504714005,0.011866171591049999,-0.028863835913664006,0.04000000040274644,0.09246458397011166
2001,1.0,20dB_nominal_difference,imag,vanilla_IBS2,REJECTED_PHYSICAL,XZ,y,-0.0625,x,-0.4375,z,0.1875,0.04255168831986915,0.004132852454587714,-0.038418835865281435,0.04000000040274644,0.09246458397011166
2001,1.0,20dB_nominal_difference,imag,vanilla_IBS2,REJECTED_PHYSICAL,XZ,y,-0.0625,x,-0.3125,z,0.1875,0.04587500399009995,-0.0002059664473758674,-0.04608097043747582,0.04000000040274644,0.09246458397011166
2001,1.0,20dB_nominal_difference,imag,vanilla_IBS2,REJECTED_PHYSICAL,XZ,y,-0.0625,x,-0.1875,z,0.1875,0.048916288033010596,-0.0011461630547569615,-0.05006245108776756,0.04000000040274644,0.09246458397011166
2001,1.0,20dB_nominal_difference,imag,vanilla_IBS2,REJECTED_PHYSICAL,XZ,y,-0.0625,x,-0.0625,z,0.1875,0.04897405992868381,0.0011869822807305044,-0.047787077647953306,0.04000000040274644,0.09246458397011166
2001,1.0,20dB_nominal_difference,imag,vanilla_IBS2,REJECTED_PHYSICAL,XZ,y,-0.0625,x,0.0625,z,0.1875,0.04627405037899198,0.006340809141765498,-0.03993324123722648,0.04000000040274644,0.09246458397011166
2001,1.0,20dB_nominal_difference,imag,vanilla_IBS2,REJECTED_PHYSICAL,XZ,y,-0.0625,x,0.1875,z,0.1875,0.043956939681644894,0.013452537110133257,-0.030504402571511637,0.04000000040274644,0.09246458397011166
2001,1.0,20dB_nominal_difference,imag,vanilla_IBS2,REJECTED_PHYSICAL,XZ,y,-0.0625,x,0.3125,z,0.1875,0.043717738871877104,0.021325656467207615,-0.02239208240466949,0.04000000040274644,0.09246458397011166
2001,1.0,20dB_nominal_difference,imag,vanilla_IBS2,REJECTED_PHYSICAL,XZ,y,-0.0625,x,0.4375,z,0.1875,0.04408655934080634,0.028659224092167583,-0.015427335248638756,0.04000000040274644,0.09246458397011166
2001,1.0,20dB_nominal_difference,imag,vanilla_IBS2,REJECTED_PHYSICAL,XZ,y,-0.0625,x,0.5625,z,0.1875,0.04328284034671861,0.03437338296908277,-0.008909457377635835,0.04000000040274644,0.09246458397011166
2001,1.0,20dB_nominal_difference,imag,vanilla_IBS2,REJECTED_PHYSICAL,XZ,y,-0.0625,x,0.6875,z,0.1875,0.04169329837206688,0.03786888466895995,-0.0038244137031069325,0.04000000040274644,0.09246458397011166
2001,1.0,20dB_nominal_difference,imag,vanilla_IBS2,REJECTED_PHYSICAL,XZ,y,-0.0625,x,-0.6875,z,0.3125,0.04004690558381313,0.0314181737307741,-0.008628731853039029,0.04000000040274644,0.09246458397011166
2001,1.0,20dB_nominal_difference,imag,vanilla_IBS2,REJECTED_PHYSICAL,XZ,y,-0.0625,x,-0.5625,z,0.3125,0.04024893233553024,0.0211397178505385,-0.019109214484991737,0.04000000040274644,0.09246458397011166
2001,1.0,20dB_nominal_difference,imag,vanilla_IBS2,REJECTED_PHYSICAL,XZ,y,-0.0625,x,-0.4375,z,0.3125,0.04087014551883898,0.012758314395764532,-0.02811183112307445,0.04000000040274644,0.09246458397011166
2001,1.0,20dB_nominal_difference,imag,vanilla_IBS2,REJECTED_PHYSICAL,XZ,y,-0.0625,x,-0.3125,z,0.3125,0.04200386789419406,0.006197615633834204,-0.035806252260359855,0.04000000040274644,0.09246458397011166
2001,1.0,20dB_nominal_difference,imag,vanilla_IBS2,REJECTED_PHYSICAL,XZ,y,-0.0625,x,-0.1875,z,0.3125,0.04304725185441845,0.002073506816867521,-0.04097374503755093,0.04000000040274644,0.09246458397011166
2001,1.0,20dB_nominal_difference,imag,vanilla_IBS2,REJECTED_PHYSICAL,XZ,y,-0.0625,x,-0.0625,z,0.3125,0.043118397710292765,0.0008776794266736054,-0.04224071828361916,0.04000000040274644,0.09246458397011166
2001,1.0,20dB_nominal_difference,imag,vanilla_IBS2,REJECTED_PHYSICAL,XZ,y,-0.0625,x,0.0625,z,0.3125,0.04245177919332601,0.0027000953762614036,-0.039751683817064606,0.04000000040274644,0.09246458397011166
2001,1.0,20dB_nominal_difference,imag,vanilla_IBS2,REJECTED_PHYSICAL,XZ,y,-0.0625,x,0.1875,z,0.3125,0.04239868480922753,0.007076908222813892,-0.03532177658641364,0.04000000040274644,0.09246458397011166
2001,1.0,20dB_nominal_difference,imag,vanilla_IBS2,REJECTED_PHYSICAL,XZ,y,-0.0625,x,0.3125,z,0.3125,0.04347703085596035,0.013028521184485636,-0.030448509671474715,0.04000000040274644,0.09246458397011166
2001,1.0,20dB_nominal_difference,imag,vanilla_IBS2,REJECTED_PHYSICAL,XZ,y,-0.0625,x,0.4375,z,0.3125,0.044308170291546226,0.01928652077428393,-0.025021649517262295,0.04000000040274644,0.09246458397011166
2001,1.0,20dB_nominal_difference,imag,vanilla_IBS2,REJECTED_PHYSICAL,XZ,y,-0.0625,x,0.5625,z,0.3125,0.043529000055675095,0.024627599429520315,-0.01890140062615478,0.04000000040274644,0.09246458397011166
2001,1.0,20dB_nominal_difference,imag,vanilla_IBS2,REJECTED_PHYSICAL,XZ,y,-0.0625,x,0.6875,z,0.3125,0.0418256575138533,0.028133208887369927,-0.013692448626483375,0.04000000040274644,0.09246458397011166
2001,1.0,20dB_nominal_difference,imag,vanilla_IBS2,REJECTED_PHYSICAL,XZ,y,-0.0625,x,-0.6875,z,0.4375,0.04001234976253653,0.04491872066050883,0.004906370897972301,0.04000000040274644,0.09246458397011166
2001,1.0,20dB_nominal_difference,imag,vanilla_IBS2,REJECTED_PHYSICAL,XZ,y,-0.0625,x,-0.5625,z,0.4375,0.04006554170420292,0.03593793531246341,-0.004127606391739515,0.04000000040274644,0.09246458397011166
2001,1.0,20dB_nominal_difference,imag,vanilla_IBS2,REJECTED_PHYSICAL,XZ,y,-0.0625,x,-0.4375,z,0.4375,0.04022911398585992,0.026999430008945002,-0.013229683976914916,0.04000000040274644,0.09246458397011166
2001,1.0,20dB_nominal_difference,imag,vanilla_IBS2,REJECTED_PHYSICAL,XZ,y,-0.0625,x,-0.3125,z,0.4375,0.04052789543410356,0.018446193054184143,-0.022081702379919417,0.04000000040274644,0.09246458397011166
2001,1.0,20dB_nominal_difference,imag,vanilla_IBS2,REJECTED_PHYSICAL,XZ,y,-0.0625,x,-0.1875,z,0.4375,0.04080637516124392,0.01131559943288201,-0.02949077572836191,0.04000000040274644,0.09246458397011166
2001,1.0,20dB_nominal_difference,imag,vanilla_IBS2,REJECTED_PHYSICAL,XZ,y,-0.0625,x,-0.0625,z,0.4375,0.040855824932046376,0.006534422455561163,-0.03432140247648521,0.04000000040274644,0.09246458397011166
2001,1.0,20dB_nominal_difference,imag,vanilla_IBS2,REJECTED_PHYSICAL,XZ,y,-0.0625,x,0.0625,z,0.4375,0.0408320210894075,0.0046026539012599815,-0.03622936718814752,0.04000000040274644,0.09246458397011166
2001,1.0,20dB_nominal_difference,imag,vanilla_IBS2,REJECTED_PHYSICAL,XZ,y,-0.0625,x,0.1875,z,0.4375,0.041258120845922945,0.005369804943657505,-0.03588831590226544,0.04000000040274644,0.09246458397011166
2001,1.0,20dB_nominal_difference,imag,vanilla_IBS2,REJECTED_PHYSICAL,XZ,y,-0.0625,x,0.3125,z,0.4375,0.04223461269576298,0.008036910941228208,-0.03419770175453477,0.04000000040274644,0.09246458397011166
2001,1.0,20dB_nominal_difference,imag,vanilla_IBS2,REJECTED_PHYSICAL,XZ,y,-0.0625,x,0.4375,z,0.4375,0.042874614895089654,0.011404544763620017,-0.03147007013146964,0.04000000040274644,0.09246458397011166
2001,1.0,20dB_nominal_difference,imag,vanilla_IBS2,REJECTED_PHYSICAL,XZ,y,-0.0625,x,0.5625,z,0.4375,0.04236787463476232,0.014261460372974318,-0.028106414261788,0.04000000040274644,0.09246458397011166
2001,1.0,20dB_nominal_difference,imag,vanilla_IBS2,REJECTED_PHYSICAL,XZ,y,-0.0625,x,0.6875,z,0.4375,0.04122599328266111,0.015680795770110684,-0.025545197512550428,0.04000000040274644,0.09246458397011166
2001,1.0,20dB_nominal_difference,imag,vanilla_IBS2,REJECTED_PHYSICAL,XZ,y,-0.0625,x,-0.6875,z,0.5625,0.040002510578604614,0.06049672806441719,0.02049421748581258,0.04000000040274644,0.09246458397011166
2001,1.0,20dB_nominal_difference,imag,vanilla_IBS2,REJECTED_PHYSICAL,XZ,y,-0.0625,x,-0.5625,z,0.5625,0.04001332407411071,0.052404971577431896,0.012391647503321189,0.04000000040274644,0.09246458397011166
2001,1.0,20dB_nominal_difference,imag,vanilla_IBS2,REJECTED_PHYSICAL,XZ,y,-0.0625,x,-0.4375,z,0.5625,0.04004658127897162,0.04359886599943214,0.0035522847204605204,0.04000000040274644,0.09246458397011166
2001,1.0,20dB_nominal_difference,imag,vanilla_IBS2,REJECTED_PHYSICAL,XZ,y,-0.0625,x,-0.3125,z,0.5625,0.04010742078037276,0.03424055106264748,-0.005866869717725279,0.04000000040274644,0.09246458397011166
2001,1.0,20dB_nominal_difference,imag,vanilla_IBS2,REJECTED_PHYSICAL,XZ,y,-0.0625,x,-0.1875,z,0.5625,0.04016536426961573,0.025269997175224504,-0.014895367094391224,0.04000000040274644,0.09246458397011166
2001,1.0,20dB_nominal_difference,imag,vanilla_IBS2,REJECTED_PHYSICAL,XZ,y,-0.0625,x,-0.0625,z,0.5625,0.04018627310123466,0.017791094171140977,-0.022395178930093684,0.04000000040274644,0.09246458397011166
2001,1.0,20dB_nominal_difference,imag,vanilla_IBS2,REJECTED_PHYSICAL,XZ,y,-0.0625,x,0.0625,z,0.5625,0.0402350510100591,0.012559413783603087,-0.027675637226456013,0.04000000040274644,0.09246458397011166
2001,1.0,20dB_nominal_difference,imag,vanilla_IBS2,REJECTED_PHYSICAL,XZ,y,-0.0625,x,0.1875,z,0.5625,0.04047720429484549,0.00962313363776383,-0.03085407065708166,0.04000000040274644,0.09246458397011166
2001,1.0,20dB_nominal_difference,imag,vanilla_IBS2,REJECTED_PHYSICAL,XZ,y,-0.0625,x,0.3125,z,0.5625,0.0409204828671949,0.00826873749068592,-0.03265174537650898,0.04000000040274644,0.09246458397011166
2001,1.0,20dB_nominal_difference,imag,vanilla_IBS2,REJECTED_PHYSICAL,XZ,y,-0.0625,x,0.4375,z,0.5625,0.0411994381221375,0.0072948516461086715,-0.03390458647602883,0.04000000040274644,0.09246458397011166
2001,1.0,20dB_nominal_difference,imag,vanilla_IBS2,REJECTED_PHYSICAL,XZ,y,-0.0625,x,0.5625,z,0.5625,0.04098983494479729,0.0055547704651800756,-0.035435064479617216,0.04000000040274644,0.09246458397011166
2001,1.0,20dB_nominal_difference,imag,vanilla_IBS2,REJECTED_PHYSICAL,XZ,y,-0.0625,x,0.6875,z,0.5625,0.040512639549706235,0.0026247035839467373,-0.0378879359657595,0.04000000040274644,0.09246458397011166
2001,1.0,20dB_nominal_difference,imag,vanilla_IBS2,REJECTED_PHYSICAL,XZ,y,-0.0625,x,-0.6875,z,0.6875,0.04000039406705946,0.07256759368431473,0.03256719961725527,0.04000000040274644,0.09246458397011166
2001,1.0,20dB_nominal_difference,imag,vanilla_IBS2,REJECTED_PHYSICAL,XZ,y,-0.0625,x,-0.5625,z,0.6875,0.04000209140718957,0.06420814763924948,0.02420605623205991,0.04000000040274644,0.09246458397011166
2001,1.0,20dB_nominal_difference,imag,vanilla_IBS2,REJECTED_PHYSICAL,XZ,y,-0.0625,x,-0.4375,z,0.6875,0.040007312483018226,0.0584490754472433,0.018441762964225075,0.04000000040274644,0.09246458397011166
2001,1.0,20dB_nominal_difference,imag,vanilla_IBS2,REJECTED_PHYSICAL,XZ,y,-0.0625,x,-0.3125,z,0.6875,0.040016882198969934,0.05122619112056029,0.011209308921590354,0.04000000040274644,0.09246458397011166
2001,1.0,20dB_nominal_difference,imag,vanilla_IBS2,REJECTED_PHYSICAL,XZ,y,-0.0625,x,-0.1875,z,0.6875,0.0400262450492707,0.04293220801016909,0.0029059629608983867,0.04000000040274644,0.09246458397011166
2001,1.0,20dB_nominal_difference,imag,vanilla_IBS2,REJECTED_PHYSICAL,XZ,y,-0.0625,x,-0.0625,z,0.6875,0.04003171121742498,0.03476684975766697,-0.005264861459758005,0.04000000040274644,0.09246458397011166
2001,1.0,20dB_nominal_difference,imag,vanilla_IBS2,REJECTED_PHYSICAL,XZ,y,-0.0625,x,0.0625,z,0.6875,0.040050155234095816,0.02767282846429693,-0.012377326769798885,0.04000000040274644,0.09246458397011166
2001,1.0,20dB_nominal_difference,imag,vanilla_IBS2,REJECTED_PHYSICAL,XZ,y,-0.0625,x,0.1875,z,0.6875,0.04011945713034547,0.02183098233533515,-0.018288474795010317,0.04000000040274644,0.09246458397011166
2001,1.0,20dB_nominal_difference,imag,vanilla_IBS2,REJECTED_PHYSICAL,XZ,y,-0.0625,x,0.3125,z,0.6875,0.04023828247449674,0.0165446979325246,-0.02369358454197214,0.04000000040274644,0.09246458397011166
2001,1.0,20dB_nominal_difference,imag,vanilla_IBS2,REJECTED_PHYSICAL,XZ,y,-0.0625,x,0.4375,z,0.6875,0.040312016454979366,0.010486303206277945,-0.02982571324870142,0.04000000040274644,0.09246458397011166
2001,1.0,20dB_nominal_difference,imag,vanilla_IBS2,REJECTED_PHYSICAL,XZ,y,-0.0625,x,0.5625,z,0.6875,0.04025767111161847,0.0022705095782212664,-0.03798716153339721,0.04000000040274644,0.09246458397011166
2001,1.0,20dB_nominal_difference,imag,vanilla_IBS2,REJECTED_PHYSICAL,XZ,y,-0.0625,x,0.6875,z,0.6875,0.04013346276904124,-0.008216785494246315,-0.04835024826328756,0.04000000040274644,0.09246458397011166
2001,1.0,20dB_nominal_difference,imag,vanilla_IBS2,REJECTED_PHYSICAL,YZ,x,-0.0625,y,-0.6875,z,-0.6875,0.040162831302886455,0.0008504513420889565,-0.0393123799607975,0.04000000040274644,0.09246458397011166
2001,1.0,20dB_nominal_difference,imag,vanilla_IBS2,REJECTED_PHYSICAL,YZ,x,-0.0625,y,-0.5625,z,-0.6875,0.04065495708385279,0.0011143858210506188,-0.03954057126280217,0.04000000040274644,0.09246458397011166
2001,1.0,20dB_nominal_difference,imag,vanilla_IBS2,REJECTED_PHYSICAL,YZ,x,-0.0625,y,-0.4375,z,-0.6875,0.042017303955148806,0.002640193683391398,-0.03937711027175741,0.04000000040274644,0.09246458397011166
2001,1.0,20dB_nominal_difference,imag,vanilla_IBS2,REJECTED_PHYSICAL,YZ,x,-0.0625,y,-0.3125,z,-0.6875,0.04475787893080464,0.014130520588135072,-0.03062735834266957,0.04000000040274644,0.09246458397011166
2001,1.0,20dB_nominal_difference,imag,vanilla_IBS2,REJECTED_PHYSICAL,YZ,x,-0.0625,y,-0.1875,z,-0.6875,0.048592884697165994,0.03652352191977337,-0.012069362777392623,0.04000000040274644,0.09246458397011166
2001,1.0,20dB_nominal_difference,imag,vanilla_IBS2,REJECTED_PHYSICAL,YZ,x,-0.0625,y,-0.0625,z,-0.6875,0.05188360299030687,0.06638447664874246,0.014500873658435588,0.04000000040274644,0.09246458397011166
2001,1.0,20dB_nominal_difference,imag,vanilla_IBS2,REJECTED_PHYSICAL,YZ,x,-0.0625,y,0.0625,z,-0.6875,0.052584641418285324,0.09708460816256063,0.04449996674427531,0.04000000040274644,0.09246458397011166
2001,1.0,20dB_nominal_difference,imag,vanilla_IBS2,REJECTED_PHYSICAL,YZ,x,-0.0625,y,0.1875,z,-0.6875,0.0502050972317852,0.1201160533867621,0.06991095615497689,0.04000000040274644,0.09246458397011166
2001,1.0,20dB_nominal_difference,imag,vanilla_IBS2,REJECTED_PHYSICAL,YZ,x,-0.0625,y,0.3125,z,-0.6875,0.046336903781670505,0.12668647218099308,0.08034956839932257,0.04000000040274644,0.09246458397011166
2001,1.0,20dB_nominal_difference,imag,vanilla_IBS2,REJECTED_PHYSICAL,YZ,x,-0.0625,y,0.4375,z,-0.6875,0.04301315079266866,0.10937675838496735,0.0663636075922987,0.04000000040274644,0.09246458397011166
2001,1.0,20dB_nominal_difference,imag,vanilla_IBS2,REJECTED_PHYSICAL,YZ,x,-0.0625,y,0.5625,z,-0.6875,0.0410971057769741,0.06352074541909862,0.022423639642124522,0.04000000040274644,0.09246458397011166
2001,1.0,20dB_nominal_difference,imag,vanilla_IBS2,REJECTED_PHYSICAL,YZ,x,-0.0625,y,0.6875,z,-0.6875,0.04030588622494467,-0.010280917924040504,-0.05058680414898518,0.04000000040274644,0.09246458397011166
2001,1.0,20dB_nominal_difference,imag,vanilla_IBS2,REJECTED_PHYSICAL,YZ,x,-0.0625,y,-0.6875,z,-0.5625,0.04033940945723504,0.02501063895460163,-0.015328770502633413,0.04000000040274644,0.09246458397011166
2001,1.0,20dB_nominal_difference,imag,vanilla_IBS2,REJECTED_PHYSICAL,YZ,x,-0.0625,y,-0.5625,z,-0.5625,0.041365208190342985,0.013236131667152005,-0.02812907652319098,0.04000000040274644,0.09246458397011166
2001,1.0,20dB_nominal_difference,imag,vanilla_IBS2,REJECTED_PHYSICAL,YZ,x,-0.0625,y,-0.4375,z,-0.5625,0.04420491655137334,0.010433543126416513,-0.03377137342495683,0.04000000040274644,0.09246458397011166
2001,1.0,20dB_nominal_difference,imag,vanilla_IBS2,REJECTED_PHYSICAL,YZ,x,-0.0625,y,-0.3125,z,-0.5625,0.04991743650819989,0.01923450631331023,-0.030682930194889657,0.04000000040274644,0.09246458397011166
2001,1.0,20dB_nominal_difference,imag,vanilla_IBS2,REJECTED_PHYSICAL,YZ,x,-0.0625,y,-0.1875,z,-0.5625,0.05791121435197185,0.039757602054797316,-0.018153612297174535,0.04000000040274644,0.09246458397011166
2001,1.0,20dB_nominal_difference,imag,vanilla_IBS2,REJECTED_PHYSICAL,YZ,x,-0.0625,y,-0.0625,z,-0.5625,0.06477046815458143,0.06861672999203114,0.0038462618374497104,0.04000000040274644,0.09246458397011166
2001,1.0,20dB_nominal_difference,imag,vanilla_IBS2,REJECTED_PHYSICAL,YZ,x,-0.0625,y,0.0625,z,-0.5625,0.0662317399936571,0.09938775809521522,0.03315601810155812,0.04000000040274644,0.09246458397011166
2001,1.0,20dB_nominal_difference,imag,vanilla_IBS2,REJECTED_PHYSICAL,YZ,x,-0.0625,y,0.1875,z,-0.5625,0.0612717933010412,0.123767655241031,0.06249586193998981,0.04000000040274644,0.09246458397011166
2001,1.0,20dB_nominal_difference,imag,vanilla_IBS2,REJECTED_PHYSICAL,YZ,x,-0.0625,y,0.3125,z,-0.5625,0.05320888892676498,0.13313374227709857,0.07992485335033359,0.04000000040274644,0.09246458397011166
2001,1.0,20dB_nominal_difference,imag,vanilla_IBS2,REJECTED_PHYSICAL,YZ,x,-0.0625,y,0.4375,z,-0.5625,0.04628080638120824,0.12027048040047822,0.07398967401926998,0.04000000040274644,0.09246458397011166
2001,1.0,20dB_nominal_difference,imag,vanilla_IBS2,REJECTED_PHYSICAL,YZ,x,-0.0625,y,0.5625,z,-0.5625,0.042286929649873274,0.08112956884498676,0.038842639195113486,0.04000000040274644,0.09246458397011166
2001,1.0,20dB_nominal_difference,imag,vanilla_IBS2,REJECTED_PHYSICAL,YZ,x,-0.0625,y,0.6875,z,-0.5625,0.04063764221858026,0.018015741190944772,-0.022621901027635487,0.04000000040274644,0.09246458397011166
2001,1.0,20dB_nominal_difference,imag,vanilla_IBS2,REJECTED_PHYSICAL,YZ,x,-0.0625,y,-0.6875,z,-0.4375,0.040546249373600574,0.04311789835667585,0.0025716489830752767,0.04000000040274644,0.09246458397011166
2001,1.0,20dB_nominal_difference,imag,vanilla_IBS2,REJECTED_PHYSICAL,YZ,x,-0.0625,y,-0.5625,z,-0.4375,0.04219718131888095,0.022673460163465744,-0.019523721155415206,0.04000000040274644,0.09246458397011166
2001,1.0,20dB_nominal_difference,imag,vanilla_IBS2,REJECTED_PHYSICAL,YZ,x,-0.0625,y,-0.4375,z,-0.4375,0.046767439700994694,0.013689794486732298,-0.033077645214262395,0.04000000040274644,0.09246458397011166
2001,1.0,20dB_nominal_difference,imag,vanilla_IBS2,REJECTED_PHYSICAL,YZ,x,-0.0625,y,-0.3125,z,-0.4375,0.055961233421583094,0.01801205778220038,-0.037949175639382715,0.04000000040274644,0.09246458397011166
2001,1.0,20dB_nominal_difference,imag,vanilla_IBS2,REJECTED_PHYSICAL,YZ,x,-0.0625,y,-0.1875,z,-0.4375,0.06882651279876037,0.03519894486025206,-0.03362756793850831,0.04000000040274644,0.09246458397011166
2001,1.0,20dB_nominal_difference,imag,vanilla_IBS2,REJECTED_PHYSICAL,YZ,x,-0.0625,y,-0.0625,z,-0.4375,0.07986590868028234,0.061888356688866344,-0.017977551991416,0.04000000040274644,0.09246458397011166
2001,1.0,20dB_nominal_difference,imag,vanilla_IBS2,REJECTED_PHYSICAL,YZ,x,-0.0625,y,0.0625,z,-0.4375,0.0822178885765637,0.09193842372004608,0.009720535143482381,0.04000000040274644,0.09246458397011166
2001,1.0,20dB_nominal_difference,imag,vanilla_IBS2,REJECTED_PHYSICAL,YZ,x,-0.0625,y,0.1875,z,-0.4375,0.07423587778259876,0.11738077142374859,0.04314489364114983,0.04000000040274644,0.09246458397011166
2001,1.0,20dB_nominal_difference,imag,vanilla_IBS2,REJECTED_PHYSICAL,YZ,x,-0.0625,y,0.3125,z,-0.4375,0.06126026688148893,0.12986708167821798,0.06860681479672905,0.04000000040274644,0.09246458397011166
2001,1.0,20dB_nominal_difference,imag,vanilla_IBS2,REJECTED_PHYSICAL,YZ,x,-0.0625,y,0.4375,z,-0.4375,0.050110634941240996,0.12233330798173311,0.07222267304049212,0.04000000040274644,0.09246458397011166
2001,1.0,20dB_nominal_difference,imag,vanilla_IBS2,REJECTED_PHYSICAL,YZ,x,-0.0625,y,0.5625,z,-0.4375,0.04368235893646047,0.0906319640724857,0.046949605136025224,0.04000000040274644,0.09246458397011166
2001,1.0,20dB_nominal_difference,imag,vanilla_IBS2,REJECTED_PHYSICAL,YZ,x,-0.0625,y,0.6875,z,-0.4375,0.041027058968690654,0.035725151096998996,-0.005301907871691658,0.04000000040274644,0.09246458397011166
2001,1.0,20dB_nominal_difference,imag,vanilla_IBS2,REJECTED_PHYSICAL,YZ,x,-0.0625,y,-0.6875,z,-0.3125,0.04067879547109257,0.05324522780401975,0.012566432332927181,0.04000000040274644,0.09246458397011166
2001,1.0,20dB_nominal_difference,imag,vanilla_IBS2,REJECTED_PHYSICAL,YZ,x,-0.0625,y,-0.5625,z,-0.3125,0.0427303220871997,0.02711463663023045,-0.015615685456969251,0.04000000040274644,0.09246458397011166
2001,1.0,20dB_nominal_difference,imag,vanilla_IBS2,REJECTED_PHYSICAL,YZ,x,-0.0625,y,-0.4375,z,-0.3125,0.04840954279566198,0.012626859321831024,-0.035782683473830956,0.04000000040274644,0.09246458397011166
2001,1.0,20dB_nominal_difference,imag,vanilla_IBS2,REJECTED_PHYSICAL,YZ,x,-0.0625,y,-0.3125,z,-0.3125,0.059834191402860615,0.01210618472377303,-0.04772800667908758,0.04000000040274644,0.09246458397011166
2001,1.0,20dB_nominal_difference,imag,vanilla_IBS2,REJECTED_PHYSICAL,YZ,x,-0.0625,y,-0.1875,z,-0.3125,0.075821244738125,0.025279071637533554,-0.05054217310059145,0.04000000040274644,0.09246458397011166
2001,1.0,20dB_nominal_difference,imag,vanilla_IBS2,REJECTED_PHYSICAL,YZ,x,-0.0625,y,-0.0625,z,-0.3125,0.08953973087819014,0.0490525389212915,-0.04048719195689864,0.04000000040274644,0.09246458397011166
2001,1.0,20dB_nominal_difference,imag,vanilla_IBS2,REJECTED_PHYSICAL,YZ,x,-0.0625,y,0.0625,z,-0.3125,0.09246458397011166,0.07770356029341391,-0.014761023676697752,0.04000000040274644,0.09246458397011166
2001,1.0,20dB_nominal_difference,imag,vanilla_IBS2,REJECTED_PHYSICAL,YZ,x,-0.0625,y,0.1875,z,-0.3125,0.08255232476601863,0.10372374396153958,0.021171419195520944,0.04000000040274644,0.09246458397011166
2001,1.0,20dB_nominal_difference,imag,vanilla_IBS2,REJECTED_PHYSICAL,YZ,x,-0.0625,y,0.3125,z,-0.3125,0.06643855128553187,0.11913617708781732,0.052697625802285444,0.04000000040274644,0.09246458397011166
2001,1.0,20dB_nominal_difference,imag,vanilla_IBS2,REJECTED_PHYSICAL,YZ,x,-0.0625,y,0.4375,z,-0.3125,0.05258913910695796,0.1170227612048729,0.06443362209791494,0.04000000040274644,0.09246458397011166
2001,1.0,20dB_nominal_difference,imag,vanilla_IBS2,REJECTED_PHYSICAL,YZ,x,-0.0625,y,0.5625,z,-0.3125,0.04459557947474058,0.09296431497424487,0.04836873549950429,0.04000000040274644,0.09246458397011166
2001,1.0,20dB_nominal_difference,imag,vanilla_IBS2,REJECTED_PHYSICAL,YZ,x,-0.0625,y,0.6875,z,-0.3125,0.041285629707085714,0.04687090348228997,0.005585273775204257,0.04000000040274644,0.09246458397011166
2001,1.0,20dB_nominal_difference,imag,vanilla_IBS2,REJECTED_PHYSICAL,YZ,x,-0.0625,y,-0.6875,z,-0.1875,0.04065128022482266,0.05785112920673725,0.017199848981914595,0.04000000040274644,0.09246458397011166
2001,1.0,20dB_nominal_difference,imag,vanilla_IBS2,REJECTED_PHYSICAL,YZ,x,-0.0625,y,-0.5625,z,-0.1875,0.04261964740624892,0.0282625085970097,-0.01435713880923922,0.04000000040274644,0.09246458397011166
2001,1.0,20dB_nominal_difference,imag,vanilla_IBS2,REJECTED_PHYSICAL,YZ,x,-0.0625,y,-0.4375,z,-0.1875,0.04806865943328114,0.009529699851730224,-0.038538959581550916,0.04000000040274644,0.09246458397011166
2001,1.0,20dB_nominal_difference,imag,vanilla_IBS2,REJECTED_PHYSICAL,YZ,x,-0.0625,y,-0.3125,z,-0.1875,0.05903022582407174,0.004489108065729816,-0.054541117758341924,0.04000000040274644,0.09246458397011166
2001,1.0,20dB_nominal_difference,imag,vanilla_IBS2,REJECTED_PHYSICAL,YZ,x,-0.0625,y,-0.1875,z,-0.1875,0.0743695501448296,0.01336340925594676,-0.06100614088888284,0.04000000040274644,0.09246458397011166
2001,1.0,20dB_nominal_difference,imag,vanilla_IBS2,REJECTED_PHYSICAL,YZ,x,-0.0625,y,-0.0625,z,-0.1875,0.08753479187993465,0.03358770515284285,-0.0539470867270918,0.04000000040274644,0.09246458397011166
2001,1.0,20dB_nominal_difference,imag,vanilla_IBS2,REJECTED_PHYSICAL,YZ,x,-0.0625,y,0.0625,z,-0.1875,0.09035621871766206,0.06005063907708434,-0.030305579640577715,0.04000000040274644,0.09246458397011166
2001,1.0,20dB_nominal_difference,imag,vanilla_IBS2,REJECTED_PHYSICAL,YZ,x,-0.0625,y,0.1875,z,-0.1875,0.08089153863545867,0.08586935375226012,0.004977815116801454,0.04000000040274644,0.09246458397011166
2001,1.0,20dB_nominal_difference,imag,vanilla_IBS2,REJECTED_PHYSICAL,YZ,x,-0.0625,y,0.3125,z,-0.1875,0.06550301256891934,0.1035804109147053,0.038077398345785954,0.04000000040274644,0.09246458397011166
2001,1.0,20dB_nominal_difference,imag,vanilla_IBS2,REJECTED_PHYSICAL,YZ,x,-0.0625,y,0.4375,z,-0.1875,0.05225438682855693,0.10652082483396325,0.054266438005406314,0.04000000040274644,0.09246458397011166
2001,1.0,20dB_nominal_difference,imag,vanilla_IBS2,REJECTED_PHYSICAL,YZ,x,-0.0625,y,0.5625,z,-0.1875,0.044546662085668945,0.09012286959530114,0.04557620750963219,0.04000000040274644,0.09246458397011166
2001,1.0,20dB_nominal_difference,imag,vanilla_IBS2,REJECTED_PHYSICAL,YZ,x,-0.0625,y,0.6875,z,-0.1875,0.041298747575853424,0.053594842606590226,0.012296095030736802,0.04000000040274644,0.09246458397011166
2001,1.0,20dB_nominal_difference,imag,vanilla_IBS2,REJECTED_PHYSICAL,YZ,x,-0.0625,y,-0.6875,z,-0.0625,0.0404824783380541,0.059446611169506273,0.018964132831452173,0.04000000040274644,0.09246458397011166
2001,1.0,20dB_nominal_difference,imag,vanilla_IBS2,REJECTED_PHYSICAL,YZ,x,-0.0625,y,-0.5625,z,-0.0625,0.041940674889274845,0.02842112741389723,-0.013519547475377616,0.04000000040274644,0.09246458397011166
2001,1.0,20dB_nominal_difference,imag,vanilla_IBS2,REJECTED_PHYSICAL,YZ,x,-0.0625,y,-0.4375,z,-0.0625,0.04597738968844294,0.006871751857304029,-0.03910563783113891,0.04000000040274644,0.09246458397011166
2001,1.0,20dB_nominal_difference,imag,vanilla_IBS2,REJECTED_PHYSICAL,YZ,x,-0.0625,y,-0.3125,z,-0.0625,0.054097973691774014,-0.0019907226718316046,-0.05608869636360562,0.04000000040274644,0.09246458397011166
2001,1.0,20dB_nominal_difference,imag,vanilla_IBS2,REJECTED_PHYSICAL,YZ,x,-0.0625,y,-0.1875,z,-0.0625,0.06546292494247057,0.0026184982302874873,-0.06284442671218307,0.04000000040274644,0.09246458397011166
2001,1.0,20dB_nominal_difference,imag,vanilla_IBS2,REJECTED_PHYSICAL,YZ,x,-0.0625,y,-0.0625,z,-0.0625,0.07522816100604189,0.018818558388083242,-0.056409602617958646,0.04000000040274644,0.09246458397011166
2001,1.0,20dB_nominal_difference,imag,vanilla_IBS2,REJECTED_PHYSICAL,YZ,x,-0.0625,y,0.0625,z,-0.0625,0.07738345775658874,0.042282296144773475,-0.035101161611815264,0.04000000040274644,0.09246458397011166
2001,1.0,20dB_nominal_difference,imag,vanilla_IBS2,REJECTED_PHYSICAL,YZ,x,-0.0625,y,0.1875,z,-0.0625,0.07056893671150717,0.06692679408620056,-0.003642142625306613,0.04000000040274644,0.09246458397011166
2001,1.0,20dB_nominal_difference,imag,vanilla_IBS2,REJECTED_PHYSICAL,YZ,x,-0.0625,y,0.3125,z,-0.0625,0.05947908919312968,0.08597598189186267,0.026496892698732996,0.04000000040274644,0.09246458397011166
2001,1.0,20dB_nominal_difference,imag,vanilla_IBS2,REJECTED_PHYSICAL,YZ,x,-0.0625,y,0.4375,z,-0.0625,0.04983387286069964,0.09319838148216651,0.043364508621466874,0.04000000040274644,0.09246458397011166
2001,1.0,20dB_nominal_difference,imag,vanilla_IBS2,REJECTED_PHYSICAL,YZ,x,-0.0625,y,0.5625,z,-0.0625,0.04395950305677281,0.08407591984305296,0.04011641678628015,0.04000000040274644,0.09246458397011166
2001,1.0,20dB_nominal_difference,imag,vanilla_IBS2,REJECTED_PHYSICAL,YZ,x,-0.0625,y,0.6875,z,-0.0625,0.04124290782960705,0.057375528633942484,0.016132620804335432,0.04000000040274644,0.09246458397011166
2001,1.0,20dB_nominal_difference,imag,vanilla_IBS2,REJECTED_PHYSICAL,YZ,x,-0.0625,y,-0.6875,z,0.0625,0.040275974352199234,0.06006856587408747,0.01979259152188824,0.04000000040274644,0.09246458397011166
2001,1.0,20dB_nominal_difference,imag,vanilla_IBS2,REJECTED_PHYSICAL,YZ,x,-0.0625,y,-0.5625,z,0.0625,0.04111005314425662,0.029586692069606423,-0.011523361074650199,0.04000000040274644,0.09246458397011166
2001,1.0,20dB_nominal_difference,imag,vanilla_IBS2,REJECTED_PHYSICAL,YZ,x,-0.0625,y,-0.4375,z,0.0625,0.04341903593437623,0.006733800309828987,-0.036685235624547244,0.04000000040274644,0.09246458397011166
2001,1.0,20dB_nominal_difference,imag,vanilla_IBS2,REJECTED_PHYSICAL,YZ,x,-0.0625,y,-0.3125,z,0.0625,0.048064188900780645,-0.005037442996039844,-0.05310163189682049,0.04000000040274644,0.09246458397011166
2001,1.0,20dB_nominal_difference,imag,vanilla_IBS2,REJECTED_PHYSICAL,YZ,x,-0.0625,y,-0.1875,z,0.0625,0.05456843013752576,-0.004427636499076085,-0.05899606663660185,0.04000000040274644,0.09246458397011166
2001,1.0,20dB_nominal_difference,imag,vanilla_IBS2,REJECTED_PHYSICAL,YZ,x,-0.0625,y,-0.0625,z,0.0625,0.06018647493002061,0.0074317779675977455,-0.05275469696242287,0.04000000040274644,0.09246458397011166
2001,1.0,20dB_nominal_difference,imag,vanilla_IBS2,REJECTED_PHYSICAL,YZ,x,-0.0625,y,0.0625,z,0.0625,0.06159192535196833,0.027119236678956785,-0.034472688673011544,0.04000000040274644,0.09246458397011166
2001,1.0,20dB_nominal_difference,imag,vanilla_IBS2,REJECTED_PHYSICAL,YZ,x,-0.0625,y,0.1875,z,0.0625,0.05821630819609783,0.0495023986131393,-0.008713909582958528,0.04000000040274644,0.09246458397011166
2001,1.0,20dB_nominal_difference,imag,vanilla_IBS2,REJECTED_PHYSICAL,YZ,x,-0.0625,y,0.3125,z,0.0625,0.05269510000741223,0.0686646019468844,0.015969501939472164,0.04000000040274644,0.09246458397011166
2001,1.0,20dB_nominal_difference,imag,vanilla_IBS2,REJECTED_PHYSICAL,YZ,x,-0.0625,y,0.4375,z,0.0625,0.04762748903019977,0.07900004652053028,0.03137255749033051,0.04000000040274644,0.09246458397011166
2001,1.0,20dB_nominal_difference,imag,vanilla_IBS2,REJECTED_PHYSICAL,YZ,x,-0.0625,y,0.5625,z,0.0625,0.043831778223804546,0.07625689497605381,0.03242511675224927,0.04000000040274644,0.09246458397011166
2001,1.0,20dB_nominal_difference,imag,vanilla_IBS2,REJECTED_PHYSICAL,YZ,x,-0.0625,y,0.6875,z,0.0625,0.04145504458154612,0.0589946723384409,0.017539627756894778,0.04000000040274644,0.09246458397011166
2001,1.0,20dB_nominal_difference,imag,vanilla_IBS2,REJECTED_PHYSICAL,YZ,x,-0.0625,y,-0.6875,z,0.1875,0.040121882291388467,0.06101628410851162,0.020894401817123154,0.04000000040274644,0.09246458397011166
2001,1.0,20dB_nominal_difference,imag,vanilla_IBS2,REJECTED_PHYSICAL,YZ,x,-0.0625,y,-0.5625,z,0.1875,0.040490248145876276,0.03302810442829796,-0.007462143717578314,0.04000000040274644,0.09246458397011166
2001,1.0,20dB_nominal_difference,imag,vanilla_IBS2,REJECTED_PHYSICAL,YZ,x,-0.0625,y,-0.4375,z,0.1875,0.04151001040399258,0.010432318581146082,-0.0310776918228465,0.04000000040274644,0.09246458397011166
2001,1.0,20dB_nominal_difference,imag,vanilla_IBS2,REJECTED_PHYSICAL,YZ,x,-0.0625,y,-0.3125,z,0.1875,0.043561892060171706,-0.0032060117741586,-0.046767903834330306,0.04000000040274644,0.09246458397011166
2001,1.0,20dB_nominal_difference,imag,vanilla_IBS2,REJECTED_PHYSICAL,YZ,x,-0.0625,y,-0.1875,z,0.1875,0.04644024281803608,-0.006163002258787076,-0.05260324507682316,0.04000000040274644,0.09246458397011166
2001,1.0,20dB_nominal_difference,imag,vanilla_IBS2,REJECTED_PHYSICAL,YZ,x,-0.0625,y,-0.0625,z,0.1875,0.04897405992868381,0.0011869822807305044,-0.047787077647953306,0.04000000040274644,0.09246458397011166
2001,1.0,20dB_nominal_difference,imag,vanilla_IBS2,REJECTED_PHYSICAL,YZ,x,-0.0625,y,0.0625,z,0.1875,0.04987530505994937,0.016393595171033337,-0.03348170988891603,0.04000000040274644,0.09246458397011166
2001,1.0,20dB_nominal_difference,imag,vanilla_IBS2,REJECTED_PHYSICAL,YZ,x,-0.0625,y,0.1875,z,0.1875,0.04923314464801794,0.035379052560014904,-0.013854092088003034,0.04000000040274644,0.09246458397011166
2001,1.0,20dB_nominal_difference,imag,vanilla_IBS2,REJECTED_PHYSICAL,YZ,x,-0.0625,y,0.3125,z,0.1875,0.04813068972420026,0.05322403117544988,0.005093341451249622,0.04000000040274644,0.09246458397011166
2001,1.0,20dB_nominal_difference,imag,vanilla_IBS2,REJECTED_PHYSICAL,YZ,x,-0.0625,y,0.4375,z,0.1875,0.04662287940390382,0.06512498797826147,0.018502108574357648,0.04000000040274644,0.09246458397011166
2001,1.0,20dB_nominal_difference,imag,vanilla_IBS2,REJECTED_PHYSICAL,YZ,x,-0.0625,y,0.5625,z,0.1875,0.044238648409191395,0.06731653838277384,0.02307788997358244,0.04000000040274644,0.09246458397011166
2001,1.0,20dB_nominal_difference,imag,vanilla_IBS2,REJECTED_PHYSICAL,YZ,x,-0.0625,y,0.6875,z,0.1875,0.041851809876312575,0.058396940567955885,0.01654513069164331,0.04000000040274644,0.09246458397011166
2001,1.0,20dB_nominal_difference,imag,vanilla_IBS2,REJECTED_PHYSICAL,YZ,x,-0.0625,y,-0.6875,z,0.3125,0.040041561719250184,0.06279283841136606,0.022751276692115872,0.04000000040274644,0.09246458397011166
2001,1.0,20dB_nominal_difference,imag,vanilla_IBS2,REJECTED_PHYSICAL,YZ,x,-0.0625,y,-0.5625,z,0.3125,0.04016717438226305,0.03921216878514658,-0.0009550055971164692,0.04000000040274644,0.09246458397011166
2001,1.0,20dB_nominal_difference,imag,vanilla_IBS2,REJECTED_PHYSICAL,YZ,x,-0.0625,y,-0.4375,z,0.3125,0.040514926888339936,0.018453085031725814,-0.022061841856614122,0.04000000040274644,0.09246458397011166
2001,1.0,20dB_nominal_difference,imag,vanilla_IBS2,REJECTED_PHYSICAL,YZ,x,-0.0625,y,-0.3125,z,0.3125,0.04121499222767107,0.004050038768914577,-0.03716495345875649,0.04000000040274644,0.09246458397011166
2001,1.0,20dB_nominal_difference,imag,vanilla_IBS2,REJECTED_PHYSICAL,YZ,x,-0.0625,y,-0.1875,z,0.3125,0.042202243968647794,-0.0019294716857768332,-0.04413171565442463,0.04000000040274644,0.09246458397011166
2001,1.0,20dB_nominal_difference,imag,vanilla_IBS2,REJECTED_PHYSICAL,YZ,x,-0.0625,y,-0.0625,z,0.3125,0.043118397710292765,0.0008776794266736054,-0.04224071828361916,0.04000000040274644,0.09246458397011166
2001,1.0,20dB_nominal_difference,imag,vanilla_IBS2,REJECTED_PHYSICAL,YZ,x,-0.0625,y,0.0625,z,0.3125,0.04370349346053963,0.01100580512270587,-0.032697688337833763,0.04000000040274644,0.09246458397011166
2001,1.0,20dB_nominal_difference,imag,vanilla_IBS2,REJECTED_PHYSICAL,YZ,x,-0.0625,y,0.1875,z,0.3125,0.04432481272709743,0.025474961110542205,-0.018849851616555224,0.04000000040274644,0.09246458397011166
2001,1.0,20dB_nominal_difference,imag,vanilla_IBS2,REJECTED_PHYSICAL,YZ,x,-0.0625,y,0.3125,z,0.3125,0.04527166155046348,0.04043894582420771,-0.004832715726255765,0.04000000040274644,0.09246458397011166
2001,1.0,20dB_nominal_difference,imag,vanilla_IBS2,REJECTED_PHYSICAL,YZ,x,-0.0625,y,0.4375,z,0.3125,0.04548057025102747,0.052017130094050866,0.006536559843023398,0.04000000040274644,0.09246458397011166
2001,1.0,20dB_nominal_difference,imag,vanilla_IBS2,REJECTED_PHYSICAL,YZ,x,-0.0625,y,0.5625,z,0.3125,0.04396664690422693,0.05712926428556055,0.013162617381333626,0.04000000040274644,0.09246458397011166
2001,1.0,20dB_nominal_difference,imag,vanilla_IBS2,REJECTED_PHYSICAL,YZ,x,-0.0625,y,0.6875,z,0.3125,0.04182874666482642,0.05470377329814543,0.012875026633319006,0.04000000040274644,0.09246458397011166
2001,1.0,20dB_nominal_difference,imag,vanilla_IBS2,REJECTED_PHYSICAL,YZ,x,-0.0625,y,-0.6875,z,0.4375,0.040010942774183086,0.06521525217954918,0.025204309405366096,0.04000000040274644,0.09246458397011166
2001,1.0,20dB_nominal_difference,imag,vanilla_IBS2,REJECTED_PHYSICAL,YZ,x,-0.0625,y,-0.5625,z,0.4375,0.04004401550005805,0.04803254798374684,0.00798853248368879,0.04000000040274644,0.09246458397011166
2001,1.0,20dB_nominal_difference,imag,vanilla_IBS2,REJECTED_PHYSICAL,YZ,x,-0.0625,y,-0.4375,z,0.4375,0.04013558398247328,0.03068463633276508,-0.009450947649708198,0.04000000040274644,0.09246458397011166
2001,1.0,20dB_nominal_difference,imag,vanilla_IBS2,REJECTED_PHYSICAL,YZ,x,-0.0625,y,-0.3125,z,0.4375,0.04032012856082906,0.01659324280511608,-0.02372688575571298,0.04000000040274644,0.09246458397011166
2001,1.0,20dB_nominal_difference,imag,vanilla_IBS2,REJECTED_PHYSICAL,YZ,x,-0.0625,y,-0.1875,z,0.4375,0.040583487619334155,0.008183828973270788,-0.03239965864606337,0.04000000040274644,0.09246458397011166
2001,1.0,20dB_nominal_difference,imag,vanilla_IBS2,REJECTED_PHYSICAL,YZ,x,-0.0625,y,-0.0625,z,0.4375,0.040855824932046376,0.006534422455561163,-0.03432140247648521,0.04000000040274644,0.09246458397011166
2001,1.0,20dB_nominal_difference,imag,vanilla_IBS2,REJECTED_PHYSICAL,YZ,x,-0.0625,y,0.0625,z,0.4375,0.04117573008032967,0.011129058805902831,-0.030046671274426836,0.04000000040274644,0.09246458397011166
2001,1.0,20dB_nominal_difference,imag,vanilla_IBS2,REJECTED_PHYSICAL,YZ,x,-0.0625,y,0.1875,z,0.4375,0.041841050245169674,0.02006475765520837,-0.021776292589961305,0.04000000040274644,0.09246458397011166
2001,1.0,20dB_nominal_difference,imag,vanilla_IBS2,REJECTED_PHYSICAL,YZ,x,-0.0625,y,0.3125,z,0.4375,0.04288016937655089,0.030563962321016346,-0.012316207055534545,0.04000000040274644,0.09246458397011166
2001,1.0,20dB_nominal_difference,imag,vanilla_IBS2,REJECTED_PHYSICAL,YZ,x,-0.0625,y,0.4375,z,0.4375,0.043366912039912754,0.03967818729575184,-0.003688724744160911,0.04000000040274644,0.09246458397011166
2001,1.0,20dB_nominal_difference,imag,vanilla_IBS2,REJECTED_PHYSICAL,YZ,x,-0.0625,y,0.5625,z,0.4375,0.042549808083138775,0.04508929863746965,0.0025394905543308782,0.04000000040274644,0.09246458397011166
2001,1.0,20dB_nominal_difference,imag,vanilla_IBS2,REJECTED_PHYSICAL,YZ,x,-0.0625,y,0.6875,z,0.4375,0.04119637699550357,0.046391900622029074,0.005195523626525506,0.04000000040274644,0.09246458397011166
2001,1.0,20dB_nominal_difference,imag,vanilla_IBS2,REJECTED_PHYSICAL,YZ,x,-0.0625,y,-0.6875,z,0.5625,0.04000222455132532,0.06760666754265758,0.02760444299133226,0.04000000040274644,0.09246458397011166
2001,1.0,20dB_nominal_difference,imag,vanilla_IBS2,REJECTED_PHYSICAL,YZ,x,-0.0625,y,-0.5625,z,0.5625,0.04000894796087011,0.0594006768419513,0.01939172888108119,0.04000000040274644,0.09246458397011166
2001,1.0,20dB_nominal_difference,imag,vanilla_IBS2,REJECTED_PHYSICAL,YZ,x,-0.0625,y,-0.4375,z,0.5625,0.040027565989594976,0.04690209438156088,0.006874528391965902,0.04000000040274644,0.09246458397011166
2001,1.0,20dB_nominal_difference,imag,vanilla_IBS2,REJECTED_PHYSICAL,YZ,x,-0.0625,y,-0.3125,z,0.5625,0.04006516133148572,0.03400568892040802,-0.006059472411077703,0.04000000040274644,0.09246458397011166
2001,1.0,20dB_nominal_difference,imag,vanilla_IBS2,REJECTED_PHYSICAL,YZ,x,-0.0625,y,-0.1875,z,0.5625,0.040119910208704194,0.023718959816713066,-0.016400950391991128,0.04000000040274644,0.09246458397011166
2001,1.0,20dB_nominal_difference,imag,vanilla_IBS2,REJECTED_PHYSICAL,YZ,x,-0.0625,y,-0.0625,z,0.5625,0.04018627310123466,0.017791094171140977,-0.022395178930093684,0.04000000040274644,0.09246458397011166
2001,1.0,20dB_nominal_difference,imag,vanilla_IBS2,REJECTED_PHYSICAL,YZ,x,-0.0625,y,0.0625,z,0.5625,0.04030992270462864,0.016569164885502655,-0.023740757819125984,0.04000000040274644,0.09246458397011166
2001,1.0,20dB_nominal_difference,imag,vanilla_IBS2,REJECTED_PHYSICAL,YZ,x,-0.0625,y,0.1875,z,0.5625,0.04062249667888878,0.019157481418689195,-0.021465015260199585,0.04000000040274644,0.09246458397011166
2001,1.0,20dB_nominal_difference,imag,vanilla_IBS2,REJECTED_PHYSICAL,YZ,x,-0.0625,y,0.3125,z,0.5625,0.04111287628694723,0.023784974017452776,-0.017327902269494454,0.04000000040274644,0.09246458397011166
2001,1.0,20dB_nominal_difference,imag,vanilla_IBS2,REJECTED_PHYSICAL,YZ,x,-0.0625,y,0.4375,z,0.5625,0.04136441020087273,0.028310166747623315,-0.013054243453249417,0.04000000040274644,0.09246458397011166
2001,1.0,20dB_nominal_difference,imag,vanilla_IBS2,REJECTED_PHYSICAL,YZ,x,-0.0625,y,0.5625,z,0.5625,0.04105039501746476,0.030855114407973488,-0.010195280609491274,0.04000000040274644,0.09246458397011166
2001,1.0,20dB_nominal_difference,imag,vanilla_IBS2,REJECTED_PHYSICAL,YZ,x,-0.0625,y,0.6875,z,0.5625,0.04049586450118124,0.031516387568567505,-0.008979476932613736,0.04000000040274644,0.09246458397011166
2001,1.0,20dB_nominal_difference,imag,vanilla_IBS2,REJECTED_PHYSICAL,YZ,x,-0.0625,y,-0.6875,z,0.6875,0.040000349171230964,0.07112925702927014,0.03112890785803918,0.04000000040274644,0.09246458397011166
2001,1.0,20dB_nominal_difference,imag,vanilla_IBS2,REJECTED_PHYSICAL,YZ,x,-0.0625,y,-0.5625,z,0.6875,0.04000140450895627,0.07586420629045568,0.03586280178149941,0.04000000040274644,0.09246458397011166
2001,1.0,20dB_nominal_difference,imag,vanilla_IBS2,REJECTED_PHYSICAL,YZ,x,-0.0625,y,-0.4375,z,0.6875,0.04000432746896438,0.06855146320065167,0.02854713573168729,0.04000000040274644,0.09246458397011166
2001,1.0,20dB_nominal_difference,imag,vanilla_IBS2,REJECTED_PHYSICAL,YZ,x,-0.0625,y,-0.3125,z,0.6875,0.04001024449717641,0.057028238039602636,0.017017993542426224,0.04000000040274644,0.09246458397011166
2001,1.0,20dB_nominal_difference,imag,vanilla_IBS2,REJECTED_PHYSICAL,YZ,x,-0.0625,y,-0.1875,z,0.6875,0.04001908162051439,0.044999104902746466,0.004980023282232078,0.04000000040274644,0.09246458397011166
2001,1.0,20dB_nominal_difference,imag,vanilla_IBS2,REJECTED_PHYSICAL,YZ,x,-0.0625,y,-0.0625,z,0.6875,0.04003171121742498,0.03476684975766697,-0.005264861459758005,0.04000000040274644,0.09246458397011166
2001,1.0,20dB_nominal_difference,imag,vanilla_IBS2,REJECTED_PHYSICAL,YZ,x,-0.0625,y,0.0625,z,0.6875,0.04006291313410764,0.027465789827504847,-0.012597123306602794,0.04000000040274644,0.09246458397011166
2001,1.0,20dB_nominal_difference,imag,vanilla_IBS2,REJECTED_PHYSICAL,YZ,x,-0.0625,y,0.1875,z,0.6875,0.040147652515939165,0.02317330281263484,-0.016974349703304324,0.04000000040274644,0.09246458397011166
2001,1.0,20dB_nominal_difference,imag,vanilla_IBS2,REJECTED_PHYSICAL,YZ,x,-0.0625,y,0.3125,z,0.6875,0.040280786099357375,0.02111492253466124,-0.019165863564696135,0.04000000040274644,0.09246458397011166
2001,1.0,20dB_nominal_difference,imag,vanilla_IBS2,REJECTED_PHYSICAL,YZ,x,-0.0625,y,0.4375,z,0.6875,0.040350967379744904,0.01990305854057549,-0.020447908839169415,0.04000000040274644,0.09246458397011166
2001,1.0,20dB_nominal_difference,imag,vanilla_IBS2,REJECTED_PHYSICAL,YZ,x,-0.0625,y,0.5625,z,0.6875,0.04027192003554585,0.017520231663582804,-0.022751688371963043,0.04000000040274644,0.09246458397011166
2001,1.0,20dB_nominal_difference,imag,vanilla_IBS2,REJECTED_PHYSICAL,YZ,x,-0.0625,y,0.6875,z,0.6875,0.040128665940895446,0.010184357788194966,-0.02994430815270048,0.04000000040274644,0.09246458397011166
2001,1.0,20dB_nominal_difference,imag,A23_compressed_feedback,REJECTED_PHYSICAL,XY,z,-0.0625,x,-0.6875,y,-0.6875,0.040016707583836804,0.10522743321493802,0.06521072563110122,0.04000000040274644,0.09246458397011166
2001,1.0,20dB_nominal_difference,imag,A23_compressed_feedback,REJECTED_PHYSICAL,XY,z,-0.0625,x,-0.5625,y,-0.6875,0.040075465052344855,0.09244917815048478,0.05237371309813993,0.04000000040274644,0.09246458397011166
2001,1.0,20dB_nominal_difference,imag,A23_compressed_feedback,REJECTED_PHYSICAL,XY,z,-0.0625,x,-0.4375,y,-0.6875,0.04022450106668207,0.07672427876570995,0.036499777699027874,0.04000000040274644,0.09246458397011166
2001,1.0,20dB_nominal_difference,imag,A23_compressed_feedback,REJECTED_PHYSICAL,XY,z,-0.0625,x,-0.3125,y,-0.6875,0.04043987698804624,0.06442509362609347,0.02398521663804723,0.04000000040274644,0.09246458397011166
2001,1.0,20dB_nominal_difference,imag,A23_compressed_feedback,REJECTED_PHYSICAL,XY,z,-0.0625,x,-0.1875,y,-0.6875,0.04056765488451424,0.05636674633725962,0.015799091452745377,0.04000000040274644,0.09246458397011166
2001,1.0,20dB_nominal_difference,imag,A23_compressed_feedback,REJECTED_PHYSICAL,XY,z,-0.0625,x,-0.0625,y,-0.6875,0.0404824783380541,0.0523084243151869,0.011825945977132796,0.04000000040274644,0.09246458397011166
2001,1.0,20dB_nominal_difference,imag,A23_compressed_feedback,REJECTED_PHYSICAL,XY,z,-0.0625,x,0.0625,y,-0.6875,0.04027009191368461,0.051004761705112145,0.010734669791427537,0.04000000040274644,0.09246458397011166
2001,1.0,20dB_nominal_difference,imag,A23_compressed_feedback,REJECTED_PHYSICAL,XY,z,-0.0625,x,0.1875,y,-0.6875,0.04009958317391338,0.050351768631696416,0.010252185457783038,0.04000000040274644,0.09246458397011166
2001,1.0,20dB_nominal_difference,imag,A23_compressed_feedback,REJECTED_PHYSICAL,XY,z,-0.0625,x,0.3125,y,-0.6875,0.040024182741342125,0.04769541297605442,0.007671230234712292,0.04000000040274644,0.09246458397011166
2001,1.0,20dB_nominal_difference,imag,A23_compressed_feedback,REJECTED_PHYSICAL,XY,z,-0.0625,x,0.4375,y,-0.6875,0.04000386844947816,0.04018480969559046,0.0001809412461123011,0.04000000040274644,0.09246458397011166
2001,1.0,20dB_nominal_difference,imag,A23_compressed_feedback,REJECTED_PHYSICAL,XY,z,-0.0625,x,0.5625,y,-0.6875,0.040000408511253666,0.02476547525570893,-0.015234933255544737,0.04000000040274644,0.09246458397011166
2001,1.0,20dB_nominal_difference,imag,A23_compressed_feedback,REJECTED_PHYSICAL,XY,z,-0.0625,x,0.6875,y,-0.6875,0.040000029272418386,-0.005127282591367771,-0.04512731186378616,0.04000000040274644,0.09246458397011166
2001,1.0,20dB_nominal_difference,imag,A23_compressed_feedback,REJECTED_PHYSICAL,XY,z,-0.0625,x,-0.6875,y,-0.5625,0.04005719598897021,0.06362618809687426,0.02356899210790405,0.04000000040274644,0.09246458397011166
2001,1.0,20dB_nominal_difference,imag,A23_compressed_feedback,REJECTED_PHYSICAL,XY,z,-0.0625,x,-0.5625,y,-0.5625,0.04026681018658091,0.05310762623870935,0.012840816052128438,0.04000000040274644,0.09246458397011166
2001,1.0,20dB_nominal_difference,imag,A23_compressed_feedback,REJECTED_PHYSICAL,XY,z,-0.0625,x,-0.4375,y,-0.5625,0.04081974644509443,0.03990433059437928,-0.0009154158507151539,0.04000000040274644,0.09246458397011166
2001,1.0,20dB_nominal_difference,imag,A23_compressed_feedback,REJECTED_PHYSICAL,XY,z,-0.0625,x,-0.3125,y,-0.5625,0.04165881128079383,0.030602616710575126,-0.011056194570218704,0.04000000040274644,0.09246458397011166
2001,1.0,20dB_nominal_difference,imag,A23_compressed_feedback,REJECTED_PHYSICAL,XY,z,-0.0625,x,-0.1875,y,-0.5625,0.04221082680840545,0.0267662571751408,-0.015444569633264647,0.04000000040274644,0.09246458397011166
2001,1.0,20dB_nominal_difference,imag,A23_compressed_feedback,REJECTED_PHYSICAL,XY,z,-0.0625,x,-0.0625,y,-0.5625,0.041940674889274845,0.02818960402852095,-0.013751070860753896,0.04000000040274644,0.09246458397011166
2001,1.0,20dB_nominal_difference,imag,A23_compressed_feedback,REJECTED_PHYSICAL,XY,z,-0.0625,x,0.0625,y,-0.5625,0.041121996342774594,0.0334139336821761,-0.007708062660598494,0.04000000040274644,0.09246458397011166
2001,1.0,20dB_nominal_difference,imag,A23_compressed_feedback,REJECTED_PHYSICAL,XY,z,-0.0625,x,0.1875,y,-0.5625,0.04042724246685506,0.040087645235344305,-0.00033959723151075205,0.04000000040274644,0.09246458397011166
2001,1.0,20dB_nominal_difference,imag,A23_compressed_feedback,REJECTED_PHYSICAL,XY,z,-0.0625,x,0.3125,y,-0.5625,0.04010716450029818,0.04538747706862582,0.005280312568327644,0.04000000040274644,0.09246458397011166
2001,1.0,20dB_nominal_difference,imag,A23_compressed_feedback,REJECTED_PHYSICAL,XY,z,-0.0625,x,0.4375,y,-0.5625,0.04001773123047361,0.04650748096790609,0.006489749737432479,0.04000000040274644,0.09246458397011166
2001,1.0,20dB_nominal_difference,imag,A23_compressed_feedback,REJECTED_PHYSICAL,XY,z,-0.0625,x,0.5625,y,-0.5625,0.04000196799220514,0.041228103392995194,0.0012261354007900571,0.04000000040274644,0.09246458397011166
2001,1.0,20dB_nominal_difference,imag,A23_compressed_feedback,REJECTED_PHYSICAL,XY,z,-0.0625,x,0.6875,y,-0.5625,0.040000173012376614,0.027869977772292366,-0.012130195240084247,0.04000000040274644,0.09246458397011166
2001,1.0,20dB_nominal_difference,imag,A23_compressed_feedback,REJECTED_PHYSICAL,XY,z,-0.0625,x,-0.6875,y,-0.4375,0.04014993431811251,0.04186274083079722,0.0017128065126847114,0.04000000040274644,0.09246458397011166
2001,1.0,20dB_nominal_difference,imag,A23_compressed_feedback,REJECTED_PHYSICAL,XY,z,-0.0625,x,-0.5625,y,-0.4375,0.04072234136565401,0.028118827401022062,-0.012603513964631947,0.04000000040274644,0.09246458397011166
2001,1.0,20dB_nominal_difference,imag,A23_compressed_feedback,REJECTED_PHYSICAL,XY,z,-0.0625,x,-0.4375,y,-0.4375,0.04229205073017777,0.016046120547390606,-0.026245930182787165,0.04000000040274644,0.09246458397011166
2001,1.0,20dB_nominal_difference,imag,A23_compressed_feedback,REJECTED_PHYSICAL,XY,z,-0.0625,x,-0.3125,y,-0.4375,0.04479011863457288,0.009355697958468842,-0.035434420676104035,0.04000000040274644,0.09246458397011166
2001,1.0,20dB_nominal_difference,imag,A23_compressed_feedback,REJECTED_PHYSICAL,XY,z,-0.0625,x,-0.1875,y,-0.4375,0.04659338803921103,0.008846538192827817,-0.03774684984638321,0.04000000040274644,0.09246458397011166
2001,1.0,20dB_nominal_difference,imag,A23_compressed_feedback,REJECTED_PHYSICAL,XY,z,-0.0625,x,-0.0625,y,-0.4375,0.04597738968844294,0.013980024374752497,-0.03199736531369045,0.04000000040274644,0.09246458397011166
2001,1.0,20dB_nominal_difference,imag,A23_compressed_feedback,REJECTED_PHYSICAL,XY,z,-0.0625,x,0.0625,y,-0.4375,0.043569095370837314,0.023124487276439686,-0.020444608094397628,0.04000000040274644,0.09246458397011166
2001,1.0,20dB_nominal_difference,imag,A23_compressed_feedback,REJECTED_PHYSICAL,XY,z,-0.0625,x,0.1875,y,-0.4375,0.04140373526410174,0.03390876258639655,-0.007494972677705186,0.04000000040274644,0.09246458397011166
2001,1.0,20dB_nominal_difference,imag,A23_compressed_feedback,REJECTED_PHYSICAL,XY,z,-0.0625,x,0.3125,y,-0.4375,0.04036400796849063,0.04368221510580849,0.003318207137317862,0.04000000040274644,0.09246458397011166
2001,1.0,20dB_nominal_difference,imag,A23_compressed_feedback,REJECTED_PHYSICAL,XY,z,-0.0625,x,0.4375,y,-0.4375,0.040062880442796996,0.05008814697905183,0.010025266536254837,0.04000000040274644,0.09246458397011166
2001,1.0,20dB_nominal_difference,imag,A23_compressed_feedback,REJECTED_PHYSICAL,XY,z,-0.0625,x,0.5625,y,-0.4375,0.040007977904657,0.051784635888779844,0.011776657984122842,0.04000000040274644,0.09246458397011166
2001,1.0,20dB_nominal_difference,imag,A23_compressed_feedback,REJECTED_PHYSICAL,XY,z,-0.0625,x,0.6875,y,-0.4375,0.04000125709818511,0.04812615180766591,0.008124894709480801,0.04000000040274644,0.09246458397011166
2001,1.0,20dB_nominal_difference,imag,A23_compressed_feedback,REJECTED_PHYSICAL,XY,z,-0.0625,x,-0.6875,y,-0.3125,0.04030096782823216,0.030580940296345428,-0.009720027531886735,0.04000000040274644,0.09246458397011166
2001,1.0,20dB_nominal_difference,imag,A23_compressed_feedback,REJECTED_PHYSICAL,XY,z,-0.0625,x,-0.5625,y,-0.3125,0.041497497533830946,0.015825332263080368,-0.02567216527075058,0.04000000040274644,0.09246458397011166
2001,1.0,20dB_nominal_difference,imag,A23_compressed_feedback,REJECTED_PHYSICAL,XY,z,-0.0625,x,-0.4375,y,-0.3125,0.04490741133274539,0.0055290458440196075,-0.03937836548872578,0.04000000040274644,0.09246458397011166
2001,1.0,20dB_nominal_difference,imag,A23_compressed_feedback,REJECTED_PHYSICAL,XY,z,-0.0625,x,-0.3125,y,-0.3125,0.05059202824894048,0.001539213305203263,-0.049052814943737214,0.04000000040274644,0.09246458397011166
2001,1.0,20dB_nominal_difference,imag,A23_compressed_feedback,REJECTED_PHYSICAL,XY,z,-0.0625,x,-0.1875,y,-0.3125,0.055057273851097724,0.0037218237426590237,-0.0513354501084387,0.04000000040274644,0.09246458397011166
2001,1.0,20dB_nominal_difference,imag,A23_compressed_feedback,REJECTED_PHYSICAL,XY,z,-0.0625,x,-0.0625,y,-0.3125,0.054097973691774014,0.01107245261091682,-0.04302552108085719,0.04000000040274644,0.09246458397011166
2001,1.0,20dB_nominal_difference,imag,A23_compressed_feedback,REJECTED_PHYSICAL,XY,z,-0.0625,x,0.0625,y,-0.3125,0.048694368474414516,0.02182098215895158,-0.026873386315462936,0.04000000040274644,0.09246458397011166
2001,1.0,20dB_nominal_difference,imag,A23_compressed_feedback,REJECTED_PHYSICAL,XY,z,-0.0625,x,0.1875,y,-0.3125,0.0435340826044073,0.033715717057782965,-0.009818365546624332,0.04000000040274644,0.09246458397011166
2001,1.0,20dB_nominal_difference,imag,A23_compressed_feedback,REJECTED_PHYSICAL,XY,z,-0.0625,x,0.3125,y,-0.3125,0.04095291686614485,0.04444578604280947,0.003492869176664623,0.04000000040274644,0.09246458397011166
2001,1.0,20dB_nominal_difference,imag,A23_compressed_feedback,REJECTED_PHYSICAL,XY,z,-0.0625,x,0.4375,y,-0.3125,0.04018037129013854,0.05217092846252105,0.01199055717238251,0.04000000040274644,0.09246458397011166
2001,1.0,20dB_nominal_difference,imag,A23_compressed_feedback,REJECTED_PHYSICAL,XY,z,-0.0625,x,0.5625,y,-0.3125,0.0400338735040851,0.05610087268513844,0.016066999181053344,0.04000000040274644,0.09246458397011166
2001,1.0,20dB_nominal_difference,imag,A23_compressed_feedback,REJECTED_PHYSICAL,XY,z,-0.0625,x,0.6875,y,-0.3125,0.040010996336509126,0.056161383010306265,0.01615038667379714,0.04000000040274644,0.09246458397011166
2001,1.0,20dB_nominal_difference,imag,A23_compressed_feedback,REJECTED_PHYSICAL,XY,z,-0.0625,x,-0.6875,y,-0.1875,0.04046261813196294,0.026117935608335044,-0.014344682523627895,0.04000000040274644,0.09246458397011166
2001,1.0,20dB_nominal_difference,imag,A23_compressed_feedback,REJECTED_PHYSICAL,XY,z,-0.0625,x,-0.5625,y,-0.1875,0.04237724147227358,0.013787639986330254,-0.028589601485943323,0.04000000040274644,0.09246458397011166
2001,1.0,20dB_nominal_difference,imag,A23_compressed_feedback,REJECTED_PHYSICAL,XY,z,-0.0625,x,-0.4375,y,-0.1875,0.04804570805543921,0.007039853211797412,-0.0410058548436418,0.04000000040274644,0.09246458397011166
2001,1.0,20dB_nominal_difference,imag,A23_compressed_feedback,REJECTED_PHYSICAL,XY,z,-0.0625,x,-0.3125,y,-0.1875,0.05793476860533821,0.0063999946167807645,-0.05153477398855744,0.04000000040274644,0.09246458397011166
2001,1.0,20dB_nominal_difference,imag,A23_compressed_feedback,REJECTED_PHYSICAL,XY,z,-0.0625,x,-0.1875,y,-0.1875,0.06633116075709011,0.011016193571844527,-0.05531496718524559,0.04000000040274644,0.09246458397011166
2001,1.0,20dB_nominal_difference,imag,A23_compressed_feedback,REJECTED_PHYSICAL,XY,z,-0.0625,x,-0.0625,y,-0.1875,0.06546292494247057,0.019513683495894153,-0.045949241446576417,0.04000000040274644,0.09246458397011166
2001,1.0,20dB_nominal_difference,imag,A23_compressed_feedback,REJECTED_PHYSICAL,XY,z,-0.0625,x,0.0625,y,-0.1875,0.05622590360314814,0.030071148960848518,-0.026154754642299625,0.04000000040274644,0.09246458397011166
2001,1.0,20dB_nominal_difference,imag,A23_compressed_feedback,REJECTED_PHYSICAL,XY,z,-0.0625,x,0.1875,y,-0.1875,0.04684095942342986,0.04064089925901611,-0.006200060164413754,0.04000000040274644,0.09246458397011166
2001,1.0,20dB_nominal_difference,imag,A23_compressed_feedback,REJECTED_PHYSICAL,XY,z,-0.0625,x,0.3125,y,-0.1875,0.04197175503334721,0.049298429906370164,0.007326674873022951,0.04000000040274644,0.09246458397011166
2001,1.0,20dB_nominal_difference,imag,A23_compressed_feedback,REJECTED_PHYSICAL,XY,z,-0.0625,x,0.4375,y,-0.1875,0.040479200865870035,0.05467834006629032,0.014199139200420284,0.04000000040274644,0.09246458397011166
2001,1.0,20dB_nominal_difference,imag,A23_compressed_feedback,REJECTED_PHYSICAL,XY,z,-0.0625,x,0.5625,y,-0.1875,0.040168465492061774,0.0564095490448948,0.016241083552833026,0.04000000040274644,0.09246458397011166
2001,1.0,20dB_nominal_difference,imag,A23_compressed_feedback,REJECTED_PHYSICAL,XY,z,-0.0625,x,0.6875,y,-0.1875,0.04007742623254065,0.055212045532046464,0.015134619299505811,0.04000000040274644,0.09246458397011166
2001,1.0,20dB_nominal_difference,imag,A23_compressed_feedback,REJECTED_PHYSICAL,XY,z,-0.0625,x,-0.6875,y,-0.0625,0.04054451366038647,0.025493426995737485,-0.015051086664648987,0.04000000040274644,0.09246458397011166
2001,1.0,20dB_nominal_difference,imag,A23_compressed_feedback,REJECTED_PHYSICAL,XY,z,-0.0625,x,-0.5625,y,-0.0625,0.042889775165007187,0.018807751301940692,-0.024082023863066494,0.04000000040274644,0.09246458397011166
2001,1.0,20dB_nominal_difference,imag,A23_compressed_feedback,REJECTED_PHYSICAL,XY,z,-0.0625,x,-0.4375,y,-0.0625,0.0501008949749696,0.017438036210846698,-0.0326628587641229,0.04000000040274644,0.09246458397011166
2001,1.0,20dB_nominal_difference,imag,A23_compressed_feedback,REJECTED_PHYSICAL,XY,z,-0.0625,x,-0.3125,y,-0.0625,0.06325402053547836,0.02094721400462104,-0.042306806530857326,0.04000000040274644,0.09246458397011166
2001,1.0,20dB_nominal_difference,imag,A23_compressed_feedback,REJECTED_PHYSICAL,XY,z,-0.0625,x,-0.1875,y,-0.0625,0.07526104378803249,0.028013497701276365,-0.04724754608675612,0.04000000040274644,0.09246458397011166
2001,1.0,20dB_nominal_difference,imag,A23_compressed_feedback,REJECTED_PHYSICAL,XY,z,-0.0625,x,-0.0625,y,-0.0625,0.07522816100604189,0.03707089213363021,-0.03815726887241168,0.04000000040274644,0.09246458397011166
2001,1.0,20dB_nominal_difference,imag,A23_compressed_feedback,REJECTED_PHYSICAL,XY,z,-0.0625,x,0.0625,y,-0.0625,0.0632481310043695,0.04635729013246879,-0.016890840871900716,0.04000000040274644,0.09246458397011166
2001,1.0,20dB_nominal_difference,imag,A23_compressed_feedback,REJECTED_PHYSICAL,XY,z,-0.0625,x,0.1875,y,-0.0625,0.050328233333019494,0.05406940375119433,0.003741170418174837,0.04000000040274644,0.09246458397011166
2001,1.0,20dB_nominal_difference,imag,A23_compressed_feedback,REJECTED_PHYSICAL,XY,z,-0.0625,x,0.3125,y,-0.0625,0.04348375045580265,0.058635307495201607,0.01515155703939896,0.04000000040274644,0.09246458397011166
2001,1.0,20dB_nominal_difference,imag,A23_compressed_feedback,REJECTED_PHYSICAL,XY,z,-0.0625,x,0.4375,y,-0.0625,0.04135727588851929,0.059068186171930694,0.017710910283411402,0.04000000040274644,0.09246458397011166
2001,1.0,20dB_nominal_difference,imag,A23_compressed_feedback,REJECTED_PHYSICAL,XY,z,-0.0625,x,0.5625,y,-0.0625,0.04074390816086866,0.05532126196537353,0.014577353804504867,0.04000000040274644,0.09246458397011166
2001,1.0,20dB_nominal_difference,imag,A23_compressed_feedback,REJECTED_PHYSICAL,XY,z,-0.0625,x,0.6875,y,-0.0625,0.040356308162189845,0.04901945697434505,0.008663148812155207,0.04000000040274644,0.09246458397011166
2001,1.0,20dB_nominal_difference,imag,A23_compressed_feedback,REJECTED_PHYSICAL,XY,z,-0.0625,x,-0.6875,y,0.0625,0.04049077053906569,0.026086820203503502,-0.014403950335562188,0.04000000040274644,0.09246458397011166
2001,1.0,20dB_nominal_difference,imag,A23_compressed_feedback,REJECTED_PHYSICAL,XY,z,-0.0625,x,-0.5625,y,0.0625,0.042689915156793684,0.027276243844691853,-0.01541367131210183,0.04000000040274644,0.09246458397011166
2001,1.0,20dB_nominal_difference,imag,A23_compressed_feedback,REJECTED_PHYSICAL,XY,z,-0.0625,x,-0.4375,y,0.0625,0.04971048265474745,0.03244081687598903,-0.017269665778758422,0.04000000040274644,0.09246458397011166
2001,1.0,20dB_nominal_difference,imag,A23_compressed_feedback,REJECTED_PHYSICAL,XY,z,-0.0625,x,-0.3125,y,0.0625,0.06308862742492329,0.04055997685633309,-0.022528650568590193,0.04000000040274644,0.09246458397011166
2001,1.0,20dB_nominal_difference,imag,A23_compressed_feedback,REJECTED_PHYSICAL,XY,z,-0.0625,x,-0.1875,y,0.0625,0.07616667885102474,0.050102214660931996,-0.026064464190092743,0.04000000040274644,0.09246458397011166
2001,1.0,20dB_nominal_difference,imag,A23_compressed_feedback,REJECTED_PHYSICAL,XY,z,-0.0625,x,-0.0625,y,0.0625,0.07738345775658874,0.05951339029081807,-0.01787006746577067,0.04000000040274644,0.09246458397011166
2001,1.0,20dB_nominal_difference,imag,A23_compressed_feedback,REJECTED_PHYSICAL,XY,z,-0.0625,x,0.0625,y,0.0625,0.065781225296112,0.06719582166817267,0.001414596372060678,0.04000000040274644,0.09246458397011166
2001,1.0,20dB_nominal_difference,imag,A23_compressed_feedback,REJECTED_PHYSICAL,XY,z,-0.0625,x,0.1875,y,0.0625,0.05268128167956864,0.07158613062720465,0.018904848947636006,0.04000000040274644,0.09246458397011166
2001,1.0,20dB_nominal_difference,imag,A23_compressed_feedback,REJECTED_PHYSICAL,XY,z,-0.0625,x,0.3125,y,0.0625,0.045866438562636315,0.07136131987439054,0.025494881311754224,0.04000000040274644,0.09246458397011166
2001,1.0,20dB_nominal_difference,imag,A23_compressed_feedback,REJECTED_PHYSICAL,XY,z,-0.0625,x,0.4375,y,0.0625,0.043615713560426365,0.06574701292947571,0.022131299369049347,0.04000000040274644,0.09246458397011166
2001,1.0,20dB_nominal_difference,imag,A23_compressed_feedback,REJECTED_PHYSICAL,XY,z,-0.0625,x,0.5625,y,0.0625,0.042266725449647956,0.05486018660043414,0.012593461150786182,0.04000000040274644,0.09246458397011166
2001,1.0,20dB_nominal_difference,imag,A23_compressed_feedback,REJECTED_PHYSICAL,XY,z,-0.0625,x,0.6875,y,0.0625,0.04101406403433369,0.041111152342375806,9.708830804211477e-05,0.04000000040274644,0.09246458397011166
2001,1.0,20dB_nominal_difference,imag,A23_compressed_feedback,REJECTED_PHYSICAL,XY,z,-0.0625,x,-0.6875,y,0.1875,0.0403387130716136,0.025828201566673842,-0.01451051150493976,0.04000000040274644,0.09246458397011166
2001,1.0,20dB_nominal_difference,imag,A23_compressed_feedback,REJECTED_PHYSICAL,XY,z,-0.0625,x,-0.5625,y,0.1875,0.04191733625799617,0.035602710463922625,-0.006314625794073547,0.04000000040274644,0.09246458397011166
2001,1.0,20dB_nominal_difference,imag,A23_compressed_feedback,REJECTED_PHYSICAL,XY,z,-0.0625,x,-0.4375,y,0.1875,0.04714853025735485,0.0473040814697661,0.00015555121241125208,0.04000000040274644,0.09246458397011166
2001,1.0,20dB_nominal_difference,imag,A23_compressed_feedback,REJECTED_PHYSICAL,XY,z,-0.0625,x,-0.3125,y,0.1875,0.05755728959904926,0.059767200342616233,0.0022099107435669743,0.04000000040274644,0.09246458397011166
2001,1.0,20dB_nominal_difference,imag,A23_compressed_feedback,REJECTED_PHYSICAL,XY,z,-0.0625,x,-0.1875,y,0.1875,0.0684365430525398,0.07154057302549889,0.0031040299729590964,0.04000000040274644,0.09246458397011166
2001,1.0,20dB_nominal_difference,imag,A23_compressed_feedback,REJECTED_PHYSICAL,XY,z,-0.0625,x,-0.0625,y,0.1875,0.07056893671150717,0.08129432232079795,0.010725385609290775,0.04000000040274644,0.09246458397011166
2001,1.0,20dB_nominal_difference,imag,A23_compressed_feedback,REJECTED_PHYSICAL,XY,z,-0.0625,x,0.0625,y,0.1875,0.06261888328020784,0.08768293396518609,0.025064050684978245,0.04000000040274644,0.09246458397011166
2001,1.0,20dB_nominal_difference,imag,A23_compressed_feedback,REJECTED_PHYSICAL,XY,z,-0.0625,x,0.1875,y,0.1875,0.05354254395806715,0.08933398605821014,0.035791442100142984,0.04000000040274644,0.09246458397011166
2001,1.0,20dB_nominal_difference,imag,A23_compressed_feedback,REJECTED_PHYSICAL,XY,z,-0.0625,x,0.3125,y,0.1875,0.04922298495661685,0.08500521557575338,0.03578223061913653,0.04000000040274644,0.09246458397011166
2001,1.0,20dB_nominal_difference,imag,A23_compressed_feedback,REJECTED_PHYSICAL,XY,z,-0.0625,x,0.4375,y,0.1875,0.04712117347535782,0.07388994700562693,0.02676877353026911,0.04000000040274644,0.09246458397011166
2001,1.0,20dB_nominal_difference,imag,A23_compressed_feedback,REJECTED_PHYSICAL,XY,z,-0.0625,x,0.5625,y,0.1875,0.04435226197510026,0.056012190900498436,0.011659928925398175,0.04000000040274644,0.09246458397011166
2001,1.0,20dB_nominal_difference,imag,A23_compressed_feedback,REJECTED_PHYSICAL,XY,z,-0.0625,x,0.6875,y,0.1875,0.041761077940884066,0.03421778441064091,-0.0075432935302431545,0.04000000040274644,0.09246458397011166
2001,1.0,20dB_nominal_difference,imag,A23_compressed_feedback,REJECTED_PHYSICAL,XY,z,-0.0625,x,-0.6875,y,0.3125,0.04017900717773762,0.023348016411143185,-0.016830990766594434,0.04000000040274644,0.09246458397011166
2001,1.0,20dB_nominal_difference,imag,A23_compressed_feedback,REJECTED_PHYSICAL,XY,z,-0.0625,x,-0.5625,y,0.3125,0.04104652792939842,0.040652164599857585,-0.00039436332954083386,0.04000000040274644,0.09246458397011166
2001,1.0,20dB_nominal_difference,imag,A23_compressed_feedback,REJECTED_PHYSICAL,XY,z,-0.0625,x,-0.4375,y,0.3125,0.044030246572164554,0.057528540188746854,0.0134982936165823,0.04000000040274644,0.09246458397011166
2001,1.0,20dB_nominal_difference,imag,A23_compressed_feedback,REJECTED_PHYSICAL,XY,z,-0.0625,x,-0.3125,y,0.3125,0.050230805896160885,0.07313919190235826,0.02290838600619738,0.04000000040274644,0.09246458397011166
2001,1.0,20dB_nominal_difference,imag,A23_compressed_feedback,REJECTED_PHYSICAL,XY,z,-0.0625,x,-0.1875,y,0.3125,0.05718454712314706,0.086436452580789,0.02925190545764194,0.04000000040274644,0.09246458397011166
2001,1.0,20dB_nominal_difference,imag,A23_compressed_feedback,REJECTED_PHYSICAL,XY,z,-0.0625,x,-0.0625,y,0.3125,0.05947908919312968,0.09652969074719381,0.03705060155406413,0.04000000040274644,0.09246458397011166
2001,1.0,20dB_nominal_difference,imag,A23_compressed_feedback,REJECTED_PHYSICAL,XY,z,-0.0625,x,0.0625,y,0.3125,0.056261516899947794,0.10239142524756212,0.04612990834761432,0.04000000040274644,0.09246458397011166
2001,1.0,20dB_nominal_difference,imag,A23_compressed_feedback,REJECTED_PHYSICAL,XY,z,-0.0625,x,0.1875,y,0.3125,0.05278894199433189,0.10275452225871234,0.04996558026438046,0.04000000040274644,0.09246458397011166
2001,1.0,20dB_nominal_difference,imag,A23_compressed_feedback,REJECTED_PHYSICAL,XY,z,-0.0625,x,0.3125,y,0.3125,0.05139165534540846,0.09624205501819948,0.044850399672791016,0.04000000040274644,0.09246458397011166
2001,1.0,20dB_nominal_difference,imag,A23_compressed_feedback,REJECTED_PHYSICAL,XY,z,-0.0625,x,0.4375,y,0.3125,0.049124619231150315,0.08170636388783767,0.03258174465668735,0.04000000040274644,0.09246458397011166
2001,1.0,20dB_nominal_difference,imag,A23_compressed_feedback,REJECTED_PHYSICAL,XY,z,-0.0625,x,0.5625,y,0.3125,0.04513228330993601,0.05872375822905421,0.013591474919118197,0.04000000040274644,0.09246458397011166
2001,1.0,20dB_nominal_difference,imag,A23_compressed_feedback,REJECTED_PHYSICAL,XY,z,-0.0625,x,0.6875,y,0.3125,0.04185957183135759,0.030006707099123855,-0.011852864732233737,0.04000000040274644,0.09246458397011166
2001,1.0,20dB_nominal_difference,imag,A23_compressed_feedback,REJECTED_PHYSICAL,XY,z,-0.0625,x,-0.6875,y,0.4375,0.04007244361445326,0.017925108532890224,-0.022147335081563035,0.04000000040274644,0.09246458397011166
2001,1.0,20dB_nominal_difference,imag,A23_compressed_feedback,REJECTED_PHYSICAL,XY,z,-0.0625,x,-0.5625,y,0.4375,0.04043744937458506,0.040073558991206494,-0.00036389038337856366,0.04000000040274644,0.09246458397011166
2001,1.0,20dB_nominal_difference,imag,A23_compressed_feedback,REJECTED_PHYSICAL,XY,z,-0.0625,x,-0.4375,y,0.4375,0.04174074479347994,0.059498344571042805,0.017757599777562867,0.04000000040274644,0.09246458397011166
2001,1.0,20dB_nominal_difference,imag,A23_compressed_feedback,REJECTED_PHYSICAL,XY,z,-0.0625,x,-0.3125,y,0.4375,0.04457510652310411,0.07616115778547089,0.03158605126236678,0.04000000040274644,0.09246458397011166
2001,1.0,20dB_nominal_difference,imag,A23_compressed_feedback,REJECTED_PHYSICAL,XY,z,-0.0625,x,-0.1875,y,0.4375,0.04802682470978569,0.0897766177050821,0.041749792995296416,0.04000000040274644,0.09246458397011166
2001,1.0,20dB_nominal_difference,imag,A23_compressed_feedback,REJECTED_PHYSICAL,XY,z,-0.0625,x,-0.0625,y,0.4375,0.04983387286069964,0.10009579601402588,0.05026192315332624,0.04000000040274644,0.09246458397011166
2001,1.0,20dB_nominal_difference,imag,A23_compressed_feedback,REJECTED_PHYSICAL,XY,z,-0.0625,x,0.0625,y,0.4375,0.04973028459734544,0.10644655390937191,0.056716269312026474,0.04000000040274644,0.09246458397011166
2001,1.0,20dB_nominal_difference,imag,A23_compressed_feedback,REJECTED_PHYSICAL,XY,z,-0.0625,x,0.1875,y,0.4375,0.04972590352492027,0.10755959597779702,0.05783369245287675,0.04000000040274644,0.09246458397011166
2001,1.0,20dB_nominal_difference,imag,A23_compressed_feedback,REJECTED_PHYSICAL,XY,z,-0.0625,x,0.3125,y,0.4375,0.049573508104575656,0.10169855808407333,0.05212504997949767,0.04000000040274644,0.09246458397011166
2001,1.0,20dB_nominal_difference,imag,A23_compressed_feedback,REJECTED_PHYSICAL,XY,z,-0.0625,x,0.4375,y,0.4375,0.04727384745480763,0.08705391097829862,0.03978006352349099,0.04000000040274644,0.09246458397011166
2001,1.0,20dB_nominal_difference,imag,A23_compressed_feedback,REJECTED_PHYSICAL,XY,z,-0.0625,x,0.5625,y,0.4375,0.0436894650027847,0.06232711588909373,0.018637650886309032,0.04000000040274644,0.09246458397011166
2001,1.0,20dB_nominal_difference,imag,A23_compressed_feedback,REJECTED_PHYSICAL,XY,z,-0.0625,x,0.6875,y,0.4375,0.04119266407982923,0.029258879770189365,-0.011933784309639865,0.04000000040274644,0.09246458397011166
2001,1.0,20dB_nominal_difference,imag,A23_compressed_feedback,REJECTED_PHYSICAL,XY,z,-0.0625,x,-0.6875,y,0.5625,0.040022451420081685,0.009204412789458626,-0.03081803863062306,0.04000000040274644,0.09246458397011166
2001,1.0,20dB_nominal_difference,imag,A23_compressed_feedback,REJECTED_PHYSICAL,XY,z,-0.0625,x,-0.5625,y,0.5625,0.04014006360989089,0.03250608004604141,-0.007633983563849478,0.04000000040274644,0.09246458397011166
2001,1.0,20dB_nominal_difference,imag,A23_compressed_feedback,REJECTED_PHYSICAL,XY,z,-0.0625,x,-0.4375,y,0.5625,0.0405764904136124,0.050946457872780467,0.010369967459168065,0.04000000040274644,0.09246458397011166
2001,1.0,20dB_nominal_difference,imag,A23_compressed_feedback,REJECTED_PHYSICAL,XY,z,-0.0625,x,-0.3125,y,0.5625,0.04157448042627756,0.06592471334776528,0.024350232921487726,0.04000000040274644,0.09246458397011166
2001,1.0,20dB_nominal_difference,imag,A23_compressed_feedback,REJECTED_PHYSICAL,XY,z,-0.0625,x,-0.1875,y,0.5625,0.04291862029997867,0.07830634391049288,0.035387723610514205,0.04000000040274644,0.09246458397011166
2001,1.0,20dB_nominal_difference,imag,A23_compressed_feedback,REJECTED_PHYSICAL,XY,z,-0.0625,x,-0.0625,y,0.5625,0.04395950305677281,0.08862549475277529,0.04466599169600247,0.04000000040274644,0.09246458397011166
2001,1.0,20dB_nominal_difference,imag,A23_compressed_feedback,REJECTED_PHYSICAL,XY,z,-0.0625,x,0.0625,y,0.5625,0.044636294922852926,0.09655331757257021,0.05191702264971729,0.04000000040274644,0.09246458397011166
2001,1.0,20dB_nominal_difference,imag,A23_compressed_feedback,REJECTED_PHYSICAL,XY,z,-0.0625,x,0.1875,y,0.5625,0.04526764849049132,0.10070463915819858,0.055436990667707256,0.04000000040274644,0.09246458397011166
2001,1.0,20dB_nominal_difference,imag,A23_compressed_feedback,REJECTED_PHYSICAL,XY,z,-0.0625,x,0.3125,y,0.5625,0.045122874035641525,0.09880519958365494,0.053682325548013415,0.04000000040274644,0.09246458397011166
2001,1.0,20dB_nominal_difference,imag,A23_compressed_feedback,REJECTED_PHYSICAL,XY,z,-0.0625,x,0.4375,y,0.5625,0.043556284939509374,0.08816413985133079,0.04460785491182141,0.04000000040274644,0.09246458397011166
2001,1.0,20dB_nominal_difference,imag,A23_compressed_feedback,REJECTED_PHYSICAL,XY,z,-0.0625,x,0.5625,y,0.5625,0.04161337822156552,0.06628319729287804,0.02466981907131252,0.04000000040274644,0.09246458397011166
2001,1.0,20dB_nominal_difference,imag,A23_compressed_feedback,REJECTED_PHYSICAL,XY,z,-0.0625,x,0.6875,y,0.5625,0.04046451236387989,0.032718629870644306,-0.007745882493235587,0.04000000040274644,0.09246458397011166
2001,1.0,20dB_nominal_difference,imag,A23_compressed_feedback,REJECTED_PHYSICAL,XY,z,-0.0625,x,-0.6875,y,0.6875,0.04000532921441526,-0.0029637313462766712,-0.042969060560691934,0.04000000040274644,0.09246458397011166
2001,1.0,20dB_nominal_difference,imag,A23_compressed_feedback,REJECTED_PHYSICAL,XY,z,-0.0625,x,-0.5625,y,0.6875,0.0400343674625972,0.01749258762217382,-0.022541779840423378,0.04000000040274644,0.09246458397011166
2001,1.0,20dB_nominal_difference,imag,A23_compressed_feedback,REJECTED_PHYSICAL,XY,z,-0.0625,x,-0.4375,y,0.6875,0.0401465809212508,0.03089145400581969,-0.009255126915431108,0.04000000040274644,0.09246458397011166
2001,1.0,20dB_nominal_difference,imag,A23_compressed_feedback,REJECTED_PHYSICAL,XY,z,-0.0625,x,-0.3125,y,0.6875,0.04041812520218987,0.04142225494116648,0.0010041297389766085,0.04000000040274644,0.09246458397011166
2001,1.0,20dB_nominal_difference,imag,A23_compressed_feedback,REJECTED_PHYSICAL,XY,z,-0.0625,x,-0.1875,y,0.6875,0.04082696886905938,0.05125237608323799,0.01042540721417861,0.04000000040274644,0.09246458397011166
2001,1.0,20dB_nominal_difference,imag,A23_compressed_feedback,REJECTED_PHYSICAL,XY,z,-0.0625,x,-0.0625,y,0.6875,0.04124290782960705,0.06164038302544558,0.02039747519583853,0.04000000040274644,0.09246458397011166
2001,1.0,20dB_nominal_difference,imag,A23_compressed_feedback,REJECTED_PHYSICAL,XY,z,-0.0625,x,0.0625,y,0.6875,0.041621273675340145,0.07247763241217775,0.030856358736837605,0.04000000040274644,0.09246458397011166
2001,1.0,20dB_nominal_difference,imag,A23_compressed_feedback,REJECTED_PHYSICAL,XY,z,-0.0625,x,0.1875,y,0.6875,0.04188129109090286,0.08211581832641385,0.040234527235510985,0.04000000040274644,0.09246458397011166
2001,1.0,20dB_nominal_difference,imag,A23_compressed_feedback,REJECTED_PHYSICAL,XY,z,-0.0625,x,0.3125,y,0.6875,0.041704080861728936,0.08761540349635044,0.045911322634621506,0.04000000040274644,0.09246458397011166
2001,1.0,20dB_nominal_difference,imag,A23_compressed_feedback,REJECTED_PHYSICAL,XY,z,-0.0625,x,0.4375,y,0.6875,0.04106222753645379,0.08536939252367799,0.0443071649872242,0.04000000040274644,0.09246458397011166
2001,1.0,20dB_nominal_difference,imag,A23_compressed_feedback,REJECTED_PHYSICAL,XY,z,-0.0625,x,0.5625,y,0.6875,0.040429106007384266,0.07195372048752721,0.031524614480142946,0.04000000040274644,0.09246458397011166
2001,1.0,20dB_nominal_difference,imag,A23_compressed_feedback,REJECTED_PHYSICAL,XY,z,-0.0625,x,0.6875,y,0.6875,0.040109892468231004,0.04497063797240856,0.0048607455041775535,0.04000000040274644,0.09246458397011166
2001,1.0,20dB_nominal_difference,imag,A23_compressed_feedback,REJECTED_PHYSICAL,XZ,y,-0.0625,x,-0.6875,z,-0.6875,0.04018376756319858,0.06843244548304445,0.028248677919845866,0.04000000040274644,0.09246458397011166
2001,1.0,20dB_nominal_difference,imag,A23_compressed_feedback,REJECTED_PHYSICAL,XZ,y,-0.0625,x,-0.5625,z,-0.6875,0.04097526829564783,0.0557069189565608,0.014731650660912969,0.04000000040274644,0.09246458397011166
2001,1.0,20dB_nominal_difference,imag,A23_compressed_feedback,REJECTED_PHYSICAL,XZ,y,-0.0625,x,-0.4375,z,-0.6875,0.043408942364542284,0.049462160688564606,0.006053218324022322,0.04000000040274644,0.09246458397011166
2001,1.0,20dB_nominal_difference,imag,A23_compressed_feedback,REJECTED_PHYSICAL,XZ,y,-0.0625,x,-0.3125,z,-0.6875,0.04784793710090712,0.05102599663906788,0.003178059538160756,0.04000000040274644,0.09246458397011166
2001,1.0,20dB_nominal_difference,imag,A23_compressed_feedback,REJECTED_PHYSICAL,XZ,y,-0.0625,x,-0.1875,z,-0.6875,0.05189958105400788,0.05746922112140762,0.005569640067399739,0.04000000040274644,0.09246458397011166
2001,1.0,20dB_nominal_difference,imag,A23_compressed_feedback,REJECTED_PHYSICAL,XZ,y,-0.0625,x,-0.0625,z,-0.6875,0.05188360299030687,0.06532071124129799,0.013437108250991113,0.04000000040274644,0.09246458397011166
2001,1.0,20dB_nominal_difference,imag,A23_compressed_feedback,REJECTED_PHYSICAL,XZ,y,-0.0625,x,0.0625,z,-0.6875,0.04781636656307429,0.07143648337758655,0.023620116814512267,0.04000000040274644,0.09246458397011166
2001,1.0,20dB_nominal_difference,imag,A23_compressed_feedback,REJECTED_PHYSICAL,XZ,y,-0.0625,x,0.1875,z,-0.6875,0.043386118444131413,0.07347755606852219,0.030091437624390774,0.04000000040274644,0.09246458397011166
2001,1.0,20dB_nominal_difference,imag,A23_compressed_feedback,REJECTED_PHYSICAL,XZ,y,-0.0625,x,0.3125,z,-0.6875,0.04096614141054461,0.07018971142922613,0.02922357001868152,0.04000000040274644,0.09246458397011166
2001,1.0,20dB_nominal_difference,imag,A23_compressed_feedback,REJECTED_PHYSICAL,XZ,y,-0.0625,x,0.4375,z,-0.6875,0.04018156269101637,0.06147677391056439,0.02129521121954802,0.04000000040274644,0.09246458397011166
2001,1.0,20dB_nominal_difference,imag,A23_compressed_feedback,REJECTED_PHYSICAL,XZ,y,-0.0625,x,0.5625,z,-0.6875,0.04002247497263146,0.04821298534072577,0.00819051036809431,0.04000000040274644,0.09246458397011166
2001,1.0,20dB_nominal_difference,imag,A23_compressed_feedback,REJECTED_PHYSICAL,XZ,y,-0.0625,x,0.6875,z,-0.6875,0.04000183358507068,0.03410935063202174,-0.005892482953048943,0.04000000040274644,0.09246458397011166
2001,1.0,20dB_nominal_difference,imag,A23_compressed_feedback,REJECTED_PHYSICAL,XZ,y,-0.0625,x,-0.6875,z,-0.5625,0.04038304949832752,0.07240913926567008,0.03202608976734256,0.04000000040274644,0.09246458397011166
2001,1.0,20dB_nominal_difference,imag,A23_compressed_feedback,REJECTED_PHYSICAL,XZ,y,-0.0625,x,-0.5625,z,-0.5625,0.04203287253138969,0.0593415923709697,0.01730871983958001,0.04000000040274644,0.09246458397011166
2001,1.0,20dB_nominal_difference,imag,A23_compressed_feedback,REJECTED_PHYSICAL,XZ,y,-0.0625,x,-0.4375,z,-0.5625,0.04710568089382111,0.054560822837688844,0.0074551419438677324,0.04000000040274644,0.09246458397011166
2001,1.0,20dB_nominal_difference,imag,A23_compressed_feedback,REJECTED_PHYSICAL,XZ,y,-0.0625,x,-0.3125,z,-0.5625,0.05635842757326712,0.056836881424797106,0.0004784538515299891,0.04000000040274644,0.09246458397011166
2001,1.0,20dB_nominal_difference,imag,A23_compressed_feedback,REJECTED_PHYSICAL,XZ,y,-0.0625,x,-0.1875,z,-0.5625,0.06480377125006712,0.06361554971333568,-0.0011882215367314403,0.04000000040274644,0.09246458397011166
2001,1.0,20dB_nominal_difference,imag,A23_compressed_feedback,REJECTED_PHYSICAL,XZ,y,-0.0625,x,-0.0625,z,-0.5625,0.06477046815458143,0.0717626366240866,0.006992168469505178,0.04000000040274644,0.09246458397011166
2001,1.0,20dB_nominal_difference,imag,A23_compressed_feedback,REJECTED_PHYSICAL,XZ,y,-0.0625,x,0.0625,z,-0.5625,0.05629263308365276,0.07823935404265402,0.021946720959001256,0.04000000040274644,0.09246458397011166
2001,1.0,20dB_nominal_difference,imag,A23_compressed_feedback,REJECTED_PHYSICAL,XZ,y,-0.0625,x,0.1875,z,-0.5625,0.04705814619147775,0.0806089480877738,0.03355080189629605,0.04000000040274644,0.09246458397011166
2001,1.0,20dB_nominal_difference,imag,A23_compressed_feedback,REJECTED_PHYSICAL,XZ,y,-0.0625,x,0.3125,z,-0.5625,0.04201393249692052,0.07742166662205438,0.03540773412513386,0.04000000040274644,0.09246458397011166
2001,1.0,20dB_nominal_difference,imag,A23_compressed_feedback,REJECTED_PHYSICAL,XZ,y,-0.0625,x,0.4375,z,-0.5625,0.040378564776072656,0.06851806735866317,0.028139502582590514,0.04000000040274644,0.09246458397011166
2001,1.0,20dB_nominal_difference,imag,A23_compressed_feedback,REJECTED_PHYSICAL,XZ,y,-0.0625,x,0.5625,z,-0.5625,0.0400469392710066,0.05540088203296166,0.015353942761955057,0.04000000040274644,0.09246458397011166
2001,1.0,20dB_nominal_difference,imag,A23_compressed_feedback,REJECTED_PHYSICAL,XZ,y,-0.0625,x,0.6875,z,-0.5625,0.040003869576968366,0.04339011967321237,0.003386250096244006,0.04000000040274644,0.09246458397011166
2001,1.0,20dB_nominal_difference,imag,A23_compressed_feedback,REJECTED_PHYSICAL,XZ,y,-0.0625,x,-0.6875,z,-0.4375,0.04061648414344554,0.06970425649934739,0.029087772355901848,0.04000000040274644,0.09246458397011166
2001,1.0,20dB_nominal_difference,imag,A23_compressed_feedback,REJECTED_PHYSICAL,XZ,y,-0.0625,x,-0.5625,z,-0.4375,0.04327172777115688,0.05658990468929474,0.013318176918137865,0.04000000040274644,0.09246458397011166
2001,1.0,20dB_nominal_difference,imag,A23_compressed_feedback,REJECTED_PHYSICAL,XZ,y,-0.0625,x,-0.4375,z,-0.4375,0.0514359622570256,0.05239248923636794,0.0009565269793423425,0.04000000040274644,0.09246458397011166
2001,1.0,20dB_nominal_difference,imag,A23_compressed_feedback,REJECTED_PHYSICAL,XZ,y,-0.0625,x,-0.3125,z,-0.4375,0.06632743649841531,0.05514532431880095,-0.011182112179614359,0.04000000040274644,0.09246458397011166
2001,1.0,20dB_nominal_difference,imag,A23_compressed_feedback,REJECTED_PHYSICAL,XZ,y,-0.0625,x,-0.1875,z,-0.4375,0.07991947137067627,0.062230842164128386,-0.017688629206547887,0.04000000040274644,0.09246458397011166
2001,1.0,20dB_nominal_difference,imag,A23_compressed_feedback,REJECTED_PHYSICAL,XZ,y,-0.0625,x,-0.0625,z,-0.4375,0.07986590868028234,0.07073209235703506,-0.009133816323247279,0.04000000040274644,0.09246458397011166
2001,1.0,20dB_nominal_difference,imag,A23_compressed_feedback,REJECTED_PHYSICAL,XZ,y,-0.0625,x,0.0625,z,-0.4375,0.06622176240723161,0.07778727972664051,0.0115655173194089,0.04000000040274644,0.09246458397011166
2001,1.0,20dB_nominal_difference,imag,A23_compressed_feedback,REJECTED_PHYSICAL,XZ,y,-0.0625,x,0.1875,z,-0.4375,0.051360187223972564,0.08099922436939444,0.029639037145421876,0.04000000040274644,0.09246458397011166
2001,1.0,20dB_nominal_difference,imag,A23_compressed_feedback,REJECTED_PHYSICAL,XZ,y,-0.0625,x,0.3125,z,-0.4375,0.04324277786813884,0.07883971955650544,0.0355969416883666,0.04000000040274644,0.09246458397011166
2001,1.0,20dB_nominal_difference,imag,A23_compressed_feedback,REJECTED_PHYSICAL,XZ,y,-0.0625,x,0.4375,z,-0.4375,0.04061128804061444,0.07103961154842042,0.030428323507805985,0.04000000040274644,0.09246458397011166
2001,1.0,20dB_nominal_difference,imag,A23_compressed_feedback,REJECTED_PHYSICAL,XZ,y,-0.0625,x,0.5625,z,-0.4375,0.04007721589812776,0.058957544620672556,0.018880328722544797,0.04000000040274644,0.09246458397011166
2001,1.0,20dB_nominal_difference,imag,A23_compressed_feedback,REJECTED_PHYSICAL,XZ,y,-0.0625,x,0.6875,z,-0.4375,0.04000709354536091,0.04670393806999056,0.006696844524629653,0.04000000040274644,0.09246458397011166
2001,1.0,20dB_nominal_difference,imag,A23_compressed_feedback,REJECTED_PHYSICAL,XZ,y,-0.0625,x,-0.6875,z,-0.3125,0.04076607253906586,0.05763131630721982,0.01686524376815396,0.04000000040274644,0.09246458397011166
2001,1.0,20dB_nominal_difference,imag,A23_compressed_feedback,REJECTED_PHYSICAL,XZ,y,-0.0625,x,-0.5625,z,-0.3125,0.044065604655525614,0.04617813695386443,0.0021125322983388192,0.04000000040274644,0.09246458397011166
2001,1.0,20dB_nominal_difference,imag,A23_compressed_feedback,REJECTED_PHYSICAL,XZ,y,-0.0625,x,-0.4375,z,-0.3125,0.05421087118823959,0.042931483965215365,-0.011279387223024226,0.04000000040274644,0.09246458397011166
2001,1.0,20dB_nominal_difference,imag,A23_compressed_feedback,REJECTED_PHYSICAL,XZ,y,-0.0625,x,-0.3125,z,-0.3125,0.07271572957697064,0.04626133280973553,-0.026454396767235114,0.04000000040274644,0.09246458397011166
2001,1.0,20dB_nominal_difference,imag,A23_compressed_feedback,REJECTED_PHYSICAL,XZ,y,-0.0625,x,-0.1875,z,-0.3125,0.08960588835301427,0.05378846229902834,-0.035817426053985926,0.04000000040274644,0.09246458397011166
2001,1.0,20dB_nominal_difference,imag,A23_compressed_feedback,REJECTED_PHYSICAL,XZ,y,-0.0625,x,-0.0625,z,-0.3125,0.08953973087819014,0.06290069190176262,-0.026639038976427526,0.04000000040274644,0.09246458397011166
2001,1.0,20dB_nominal_difference,imag,A23_compressed_feedback,REJECTED_PHYSICAL,XZ,y,-0.0625,x,0.0625,z,-0.3125,0.07258685108154793,0.07098917824074966,-0.0015976728407982727,0.04000000040274644,0.09246458397011166
2001,1.0,20dB_nominal_difference,imag,A23_compressed_feedback,REJECTED_PHYSICAL,XZ,y,-0.0625,x,0.1875,z,-0.3125,0.05412491071653576,0.07576778863505529,0.02164287791851953,0.04000000040274644,0.09246458397011166
2001,1.0,20dB_nominal_difference,imag,A23_compressed_feedback,REJECTED_PHYSICAL,XZ,y,-0.0625,x,0.3125,z,-0.3125,0.044046896787959665,0.07564828673820907,0.03160138995024941,0.04000000040274644,0.09246458397011166
2001,1.0,20dB_nominal_difference,imag,A23_compressed_feedback,REJECTED_PHYSICAL,XZ,y,-0.0625,x,0.4375,z,-0.3125,0.0407823951108199,0.07013144936367302,0.02934905425285312,0.04000000040274644,0.09246458397011166
2001,1.0,20dB_nominal_difference,imag,A23_compressed_feedback,REJECTED_PHYSICAL,XZ,y,-0.0625,x,0.5625,z,-0.3125,0.04011478401694134,0.06012370436271722,0.02000892034577588,0.04000000040274644,0.09246458397011166
2001,1.0,20dB_nominal_difference,imag,A23_compressed_feedback,REJECTED_PHYSICAL,XZ,y,-0.0625,x,0.6875,z,-0.3125,0.04001857042719662,0.048733702676816086,0.008715132249619464,0.04000000040274644,0.09246458397011166
2001,1.0,20dB_nominal_difference,imag,A23_compressed_feedback,REJECTED_PHYSICAL,XZ,y,-0.0625,x,-0.6875,z,-0.1875,0.04073501948222544,0.041070759559025484,0.00033574007680004653,0.04000000040274644,0.09246458397011166
2001,1.0,20dB_nominal_difference,imag,A23_compressed_feedback,REJECTED_PHYSICAL,XZ,y,-0.0625,x,-0.5625,z,-0.1875,0.04390080377678321,0.032035742709614796,-0.011865061067168413,0.04000000040274644,0.09246458397011166
2001,1.0,20dB_nominal_difference,imag,A23_compressed_feedback,REJECTED_PHYSICAL,XZ,y,-0.0625,x,-0.4375,z,-0.1875,0.05363482907430367,0.02990671807763074,-0.02372811099667293,0.04000000040274644,0.09246458397011166
2001,1.0,20dB_nominal_difference,imag,A23_compressed_feedback,REJECTED_PHYSICAL,XZ,y,-0.0625,x,-0.3125,z,-0.1875,0.0713896115297189,0.03363458952168843,-0.03775502200803047,0.04000000040274644,0.09246458397011166
2001,1.0,20dB_nominal_difference,imag,A23_compressed_feedback,REJECTED_PHYSICAL,XZ,y,-0.0625,x,-0.1875,z,-0.1875,0.08759546472341781,0.041308257625936665,-0.046287207097481145,0.04000000040274644,0.09246458397011166
2001,1.0,20dB_nominal_difference,imag,A23_compressed_feedback,REJECTED_PHYSICAL,XZ,y,-0.0625,x,-0.0625,z,-0.1875,0.08753479187993465,0.050775902342567486,-0.03675888953736717,0.04000000040274644,0.09246458397011166
2001,1.0,20dB_nominal_difference,imag,A23_compressed_feedback,REJECTED_PHYSICAL,XZ,y,-0.0625,x,0.0625,z,-0.1875,0.07128294695870013,0.05979707731997693,-0.011485869638723202,0.04000000040274644,0.09246458397011166
2001,1.0,20dB_nominal_difference,imag,A23_compressed_feedback,REJECTED_PHYSICAL,XZ,y,-0.0625,x,0.1875,z,-0.1875,0.053609524693752277,0.06628213242572731,0.012672607731975032,0.04000000040274644,0.09246458397011166
2001,1.0,20dB_nominal_difference,imag,A23_compressed_feedback,REJECTED_PHYSICAL,XZ,y,-0.0625,x,0.3125,z,-0.1875,0.04400322254002618,0.06861969306396401,0.024616470523937832,0.04000000040274644,0.09246458397011166
2001,1.0,20dB_nominal_difference,imag,A23_compressed_feedback,REJECTED_PHYSICAL,XZ,y,-0.0625,x,0.4375,z,-0.1875,0.0409094794667403,0.06605028968827373,0.02514081022153343,0.04000000040274644,0.09246458397011166
2001,1.0,20dB_nominal_difference,imag,A23_compressed_feedback,REJECTED_PHYSICAL,XZ,y,-0.0625,x,0.5625,z,-0.1875,0.04024141077691492,0.05899075462926609,0.01874934385235117,0.04000000040274644,0.09246458397011166
2001,1.0,20dB_nominal_difference,imag,A23_compressed_feedback,REJECTED_PHYSICAL,XZ,y,-0.0625,x,0.6875,z,-0.1875,0.04008582566839842,0.04974841925394506,0.009662593585546643,0.04000000040274644,0.09246458397011166
2001,1.0,20dB_nominal_difference,imag,A23_compressed_feedback,REJECTED_PHYSICAL,XZ,y,-0.0625,x,-0.6875,z,-0.0625,0.04054451366038647,0.025493426995737485,-0.015051086664648987,0.04000000040274644,0.09246458397011166
2001,1.0,20dB_nominal_difference,imag,A23_compressed_feedback,REJECTED_PHYSICAL,XZ,y,-0.0625,x,-0.5625,z,-0.0625,0.042889775165007187,0.018807751301940692,-0.024082023863066494,0.04000000040274644,0.09246458397011166
2001,1.0,20dB_nominal_difference,imag,A23_compressed_feedback,REJECTED_PHYSICAL,XZ,y,-0.0625,x,-0.4375,z,-0.0625,0.0501008949749696,0.017438036210846698,-0.0326628587641229,0.04000000040274644,0.09246458397011166
2001,1.0,20dB_nominal_difference,imag,A23_compressed_feedback,REJECTED_PHYSICAL,XZ,y,-0.0625,x,-0.3125,z,-0.0625,0.06325402053547836,0.02094721400462104,-0.042306806530857326,0.04000000040274644,0.09246458397011166
2001,1.0,20dB_nominal_difference,imag,A23_compressed_feedback,REJECTED_PHYSICAL,XZ,y,-0.0625,x,-0.1875,z,-0.0625,0.07526104378803249,0.028013497701276365,-0.04724754608675612,0.04000000040274644,0.09246458397011166
2001,1.0,20dB_nominal_difference,imag,A23_compressed_feedback,REJECTED_PHYSICAL,XZ,y,-0.0625,x,-0.0625,z,-0.0625,0.07522816100604189,0.03707089213363021,-0.03815726887241168,0.04000000040274644,0.09246458397011166
2001,1.0,20dB_nominal_difference,imag,A23_compressed_feedback,REJECTED_PHYSICAL,XZ,y,-0.0625,x,0.0625,z,-0.0625,0.0632481310043695,0.04635729013246879,-0.016890840871900716,0.04000000040274644,0.09246458397011166
2001,1.0,20dB_nominal_difference,imag,A23_compressed_feedback,REJECTED_PHYSICAL,XZ,y,-0.0625,x,0.1875,z,-0.0625,0.050328233333019494,0.05406940375119433,0.003741170418174837,0.04000000040274644,0.09246458397011166
2001,1.0,20dB_nominal_difference,imag,A23_compressed_feedback,REJECTED_PHYSICAL,XZ,y,-0.0625,x,0.3125,z,-0.0625,0.04348375045580265,0.058635307495201607,0.01515155703939896,0.04000000040274644,0.09246458397011166
2001,1.0,20dB_nominal_difference,imag,A23_compressed_feedback,REJECTED_PHYSICAL,XZ,y,-0.0625,x,0.4375,z,-0.0625,0.04135727588851929,0.059068186171930694,0.017710910283411402,0.04000000040274644,0.09246458397011166
2001,1.0,20dB_nominal_difference,imag,A23_compressed_feedback,REJECTED_PHYSICAL,XZ,y,-0.0625,x,0.5625,z,-0.0625,0.04074390816086866,0.05532126196537353,0.014577353804504867,0.04000000040274644,0.09246458397011166
2001,1.0,20dB_nominal_difference,imag,A23_compressed_feedback,REJECTED_PHYSICAL,XZ,y,-0.0625,x,0.6875,z,-0.0625,0.040356308162189845,0.04901945697434505,0.008663148812155207,0.04000000040274644,0.09246458397011166
2001,1.0,20dB_nominal_difference,imag,A23_compressed_feedback,REJECTED_PHYSICAL,XZ,y,-0.0625,x,-0.6875,z,0.0625,0.040311458141579104,0.015449071148972347,-0.024862386992606757,0.04000000040274644,0.09246458397011166
2001,1.0,20dB_nominal_difference,imag,A23_compressed_feedback,REJECTED_PHYSICAL,XZ,y,-0.0625,x,-0.5625,z,0.0625,0.041652932275827434,0.010484918588643356,-0.03116801368718408,0.04000000040274644,0.09246458397011166
2001,1.0,20dB_nominal_difference,imag,A23_compressed_feedback,REJECTED_PHYSICAL,XZ,y,-0.0625,x,-0.4375,z,0.0625,0.04577765789134244,0.009086119306264115,-0.03669153858507832,0.04000000040274644,0.09246458397011166
2001,1.0,20dB_nominal_difference,imag,A23_compressed_feedback,REJECTED_PHYSICAL,XZ,y,-0.0625,x,-0.3125,z,0.0625,0.05330145250564673,0.01140000463748338,-0.041901447868163355,0.04000000040274644,0.09246458397011166
2001,1.0,20dB_nominal_difference,imag,A23_compressed_feedback,REJECTED_PHYSICAL,XZ,y,-0.0625,x,-0.1875,z,0.0625,0.06017331018930952,0.01676540351480065,-0.04340790667450887,0.04000000040274644,0.09246458397011166
2001,1.0,20dB_nominal_difference,imag,A23_compressed_feedback,REJECTED_PHYSICAL,XZ,y,-0.0625,x,-0.0625,z,0.0625,0.06018647493002061,0.024278748502649695,-0.03590772642737092,0.04000000040274644,0.09246458397011166
2001,1.0,20dB_nominal_difference,imag,A23_compressed_feedback,REJECTED_PHYSICAL,XZ,y,-0.0625,x,0.0625,z,0.0625,0.053491890172596236,0.03273037607209912,-0.02076151410049712,0.04000000040274644,0.09246458397011166
2001,1.0,20dB_nominal_difference,imag,A23_compressed_feedback,REJECTED_PHYSICAL,XZ,y,-0.0625,x,0.1875,z,0.0625,0.04655986430589124,0.04067669544880327,-0.005883168857087971,0.04000000040274644,0.09246458397011166
2001,1.0,20dB_nominal_difference,imag,A23_compressed_feedback,REJECTED_PHYSICAL,XZ,y,-0.0625,x,0.3125,z,0.0625,0.04336575155887842,0.04665784989465501,0.0032920983357765943,0.04000000040274644,0.09246458397011166
2001,1.0,20dB_nominal_difference,imag,A23_compressed_feedback,REJECTED_PHYSICAL,XZ,y,-0.0625,x,0.4375,z,0.0625,0.04258781070926103,0.04952594719431011,0.006938136485049082,0.04000000040274644,0.09246458397011166
2001,1.0,20dB_nominal_difference,imag,A23_compressed_feedback,REJECTED_PHYSICAL,XZ,y,-0.0625,x,0.5625,z,0.0625,0.041923047358749,0.0488170644481124,0.006894017089363401,0.04000000040274644,0.09246458397011166
2001,1.0,20dB_nominal_difference,imag,A23_compressed_feedback,REJECTED_PHYSICAL,XZ,y,-0.0625,x,0.6875,z,0.0625,0.04097958907938566,0.045577191349289045,0.004597602269903384,0.04000000040274644,0.09246458397011166
2001,1.0,20dB_nominal_difference,imag,A23_compressed_feedback,REJECTED_PHYSICAL,XZ,y,-0.0625,x,-0.6875,z,0.1875,0.04013755348411614,0.013615592348221302,-0.02652196113589484,0.04000000040274644,0.09246458397011166
2001,1.0,20dB_nominal_difference,imag,A23_compressed_feedback,REJECTED_PHYSICAL,XZ,y,-0.0625,x,-0.5625,z,0.1875,0.040730007504714005,0.009474347531351582,-0.031255659973362424,0.04000000040274644,0.09246458397011166
2001,1.0,20dB_nominal_difference,imag,A23_compressed_feedback,REJECTED_PHYSICAL,XZ,y,-0.0625,x,-0.4375,z,0.1875,0.04255168831986915,0.007066832742218594,-0.035484855577650555,0.04000000040274644,0.09246458397011166
2001,1.0,20dB_nominal_difference,imag,A23_compressed_feedback,REJECTED_PHYSICAL,XZ,y,-0.0625,x,-0.3125,z,0.1875,0.04587500399009995,0.007092989855625183,-0.03878201413447477,0.04000000040274644,0.09246458397011166
2001,1.0,20dB_nominal_difference,imag,A23_compressed_feedback,REJECTED_PHYSICAL,XZ,y,-0.0625,x,-0.1875,z,0.1875,0.048916288033010596,0.009593890276724158,-0.03932239775628644,0.04000000040274644,0.09246458397011166
2001,1.0,20dB_nominal_difference,imag,A23_compressed_feedback,REJECTED_PHYSICAL,XZ,y,-0.0625,x,-0.0625,z,0.1875,0.04897405992868381,0.014342414231895795,-0.03463164569678802,0.04000000040274644,0.09246458397011166
2001,1.0,20dB_nominal_difference,imag,A23_compressed_feedback,REJECTED_PHYSICAL,XZ,y,-0.0625,x,0.0625,z,0.1875,0.04627405037899198,0.020694107252955764,-0.025579943126036217,0.04000000040274644,0.09246458397011166
2001,1.0,20dB_nominal_difference,imag,A23_compressed_feedback,REJECTED_PHYSICAL,XZ,y,-0.0625,x,0.1875,z,0.1875,0.043956939681644894,0.027598024953812104,-0.01635891472783279,0.04000000040274644,0.09246458397011166
2001,1.0,20dB_nominal_difference,imag,A23_compressed_feedback,REJECTED_PHYSICAL,XZ,y,-0.0625,x,0.3125,z,0.1875,0.043717738871877104,0.03377027618231847,-0.009947462689558637,0.04000000040274644,0.09246458397011166
2001,1.0,20dB_nominal_difference,imag,A23_compressed_feedback,REJECTED_PHYSICAL,XZ,y,-0.0625,x,0.4375,z,0.1875,0.04408655934080634,0.037991452499363206,-0.006095106841443133,0.04000000040274644,0.09246458397011166
2001,1.0,20dB_nominal_difference,imag,A23_compressed_feedback,REJECTED_PHYSICAL,XZ,y,-0.0625,x,0.5625,z,0.1875,0.04328284034671861,0.0394588600915741,-0.0038239802551445073,0.04000000040274644,0.09246458397011166
2001,1.0,20dB_nominal_difference,imag,A23_compressed_feedback,REJECTED_PHYSICAL,XZ,y,-0.0625,x,0.6875,z,0.1875,0.04169329837206688,0.03875097769540022,-0.0029423206766666585,0.04000000040274644,0.09246458397011166
2001,1.0,20dB_nominal_difference,imag,A23_compressed_feedback,REJECTED_PHYSICAL,XZ,y,-0.0625,x,-0.6875,z,0.3125,0.04004690558381313,0.020407721851450428,-0.019639183732362703,0.04000000040274644,0.09246458397011166
2001,1.0,20dB_nominal_difference,imag,A23_compressed_feedback,REJECTED_PHYSICAL,XZ,y,-0.0625,x,-0.5625,z,0.3125,0.04024893233553024,0.016150371773230577,-0.02409856056229966,0.04000000040274644,0.09246458397011166
2001,1.0,20dB_nominal_difference,imag,A23_compressed_feedback,REJECTED_PHYSICAL,XZ,y,-0.0625,x,-0.4375,z,0.3125,0.04087014551883898,0.011812433450765117,-0.029057712068073865,0.04000000040274644,0.09246458397011166
2001,1.0,20dB_nominal_difference,imag,A23_compressed_feedback,REJECTED_PHYSICAL,XZ,y,-0.0625,x,-0.3125,z,0.3125,0.04200386789419406,0.00867058872636075,-0.03333327916783331,0.04000000040274644,0.09246458397011166
2001,1.0,20dB_nominal_difference,imag,A23_compressed_feedback,REJECTED_PHYSICAL,XZ,y,-0.0625,x,-0.1875,z,0.3125,0.04304725185441845,0.007447887549195675,-0.03559936430522277,0.04000000040274644,0.09246458397011166
2001,1.0,20dB_nominal_difference,imag,A23_compressed_feedback,REJECTED_PHYSICAL,XZ,y,-0.0625,x,-0.0625,z,0.3125,0.043118397710292765,0.008504672115673573,-0.03461372559461919,0.04000000040274644,0.09246458397011166
2001,1.0,20dB_nominal_difference,imag,A23_compressed_feedback,REJECTED_PHYSICAL,XZ,y,-0.0625,x,0.0625,z,0.3125,0.04245177919332601,0.011684790463582374,-0.030766988729743636,0.04000000040274644,0.09246458397011166
2001,1.0,20dB_nominal_difference,imag,A23_compressed_feedback,REJECTED_PHYSICAL,XZ,y,-0.0625,x,0.1875,z,0.3125,0.04239868480922753,0.01630004218690542,-0.026098642622322112,0.04000000040274644,0.09246458397011166
2001,1.0,20dB_nominal_difference,imag,A23_compressed_feedback,REJECTED_PHYSICAL,XZ,y,-0.0625,x,0.3125,z,0.3125,0.04347703085596035,0.021278131472565572,-0.02219889938339478,0.04000000040274644,0.09246458397011166
2001,1.0,20dB_nominal_difference,imag,A23_compressed_feedback,REJECTED_PHYSICAL,XZ,y,-0.0625,x,0.4375,z,0.3125,0.044308170291546226,0.02544035704739706,-0.018867813244149167,0.04000000040274644,0.09246458397011166
2001,1.0,20dB_nominal_difference,imag,A23_compressed_feedback,REJECTED_PHYSICAL,XZ,y,-0.0625,x,0.5625,z,0.3125,0.043529000055675095,0.02779943650813343,-0.015729563547541663,0.04000000040274644,0.09246458397011166
2001,1.0,20dB_nominal_difference,imag,A23_compressed_feedback,REJECTED_PHYSICAL,XZ,y,-0.0625,x,0.6875,z,0.3125,0.0418256575138533,0.028615356031462084,-0.013210301482391218,0.04000000040274644,0.09246458397011166
2001,1.0,20dB_nominal_difference,imag,A23_compressed_feedback,REJECTED_PHYSICAL,XZ,y,-0.0625,x,-0.6875,z,0.4375,0.04001234976253653,0.03423925399603363,-0.005773095766502902,0.04000000040274644,0.09246458397011166
2001,1.0,20dB_nominal_difference,imag,A23_compressed_feedback,REJECTED_PHYSICAL,XZ,y,-0.0625,x,-0.5625,z,0.4375,0.04006554170420292,0.028850388223090717,-0.011215153481112204,0.04000000040274644,0.09246458397011166
2001,1.0,20dB_nominal_difference,imag,A23_compressed_feedback,REJECTED_PHYSICAL,XZ,y,-0.0625,x,-0.4375,z,0.4375,0.04022911398585992,0.021896489706990055,-0.018332624278869863,0.04000000040274644,0.09246458397011166
2001,1.0,20dB_nominal_difference,imag,A23_compressed_feedback,REJECTED_PHYSICAL,XZ,y,-0.0625,x,-0.3125,z,0.4375,0.04052789543410356,0.015308034419760436,-0.025219861014343124,0.04000000040274644,0.09246458397011166
2001,1.0,20dB_nominal_difference,imag,A23_compressed_feedback,REJECTED_PHYSICAL,XZ,y,-0.0625,x,-0.1875,z,0.4375,0.04080637516124392,0.010241978472327124,-0.030564396688916796,0.04000000040274644,0.09246458397011166
2001,1.0,20dB_nominal_difference,imag,A23_compressed_feedback,REJECTED_PHYSICAL,XZ,y,-0.0625,x,-0.0625,z,0.4375,0.040855824932046376,0.00738579431713382,-0.033470030614912556,0.04000000040274644,0.09246458397011166
2001,1.0,20dB_nominal_difference,imag,A23_compressed_feedback,REJECTED_PHYSICAL,XZ,y,-0.0625,x,0.0625,z,0.4375,0.0408320210894075,0.006894929543914831,-0.03393709154549267,0.04000000040274644,0.09246458397011166
2001,1.0,20dB_nominal_difference,imag,A23_compressed_feedback,REJECTED_PHYSICAL,XZ,y,-0.0625,x,0.1875,z,0.4375,0.041258120845922945,0.008343988083962153,-0.03291413276196079,0.04000000040274644,0.09246458397011166
2001,1.0,20dB_nominal_difference,imag,A23_compressed_feedback,REJECTED_PHYSICAL,XZ,y,-0.0625,x,0.3125,z,0.4375,0.04223461269576298,0.010853055256203475,-0.031381557439559504,0.04000000040274644,0.09246458397011166
2001,1.0,20dB_nominal_difference,imag,A23_compressed_feedback,REJECTED_PHYSICAL,XZ,y,-0.0625,x,0.4375,z,0.4375,0.042874614895089654,0.013393181775581606,-0.029481433119508047,0.04000000040274644,0.09246458397011166
2001,1.0,20dB_nominal_difference,imag,A23_compressed_feedback,REJECTED_PHYSICAL,XZ,y,-0.0625,x,0.5625,z,0.4375,0.04236787463476232,0.015092489323454045,-0.027275385311308274,0.04000000040274644,0.09246458397011166
2001,1.0,20dB_nominal_difference,imag,A23_compressed_feedback,REJECTED_PHYSICAL,XZ,y,-0.0625,x,0.6875,z,0.4375,0.04122599328266111,0.016247047439202876,-0.024978945843458236,0.04000000040274644,0.09246458397011166
2001,1.0,20dB_nominal_difference,imag,A23_compressed_feedback,REJECTED_PHYSICAL,XZ,y,-0.0625,x,-0.6875,z,0.5625,0.040002510578604614,0.05245857397052446,0.012456063391919847,0.04000000040274644,0.09246458397011166
2001,1.0,20dB_nominal_difference,imag,A23_compressed_feedback,REJECTED_PHYSICAL,XZ,y,-0.0625,x,-0.5625,z,0.5625,0.04001332407411071,0.04391949150277683,0.0039061674286661255,0.04000000040274644,0.09246458397011166
2001,1.0,20dB_nominal_difference,imag,A23_compressed_feedback,REJECTED_PHYSICAL,XZ,y,-0.0625,x,-0.4375,z,0.5625,0.04004658127897162,0.034202781304894986,-0.0058437999740766355,0.04000000040274644,0.09246458397011166
2001,1.0,20dB_nominal_difference,imag,A23_compressed_feedback,REJECTED_PHYSICAL,XZ,y,-0.0625,x,-0.3125,z,0.5625,0.04010742078037276,0.025065927883359245,-0.015041492897013512,0.04000000040274644,0.09246458397011166
2001,1.0,20dB_nominal_difference,imag,A23_compressed_feedback,REJECTED_PHYSICAL,XZ,y,-0.0625,x,-0.1875,z,0.5625,0.04016536426961573,0.017217984294259702,-0.022947379975356025,0.04000000040274644,0.09246458397011166
2001,1.0,20dB_nominal_difference,imag,A23_compressed_feedback,REJECTED_PHYSICAL,XZ,y,-0.0625,x,-0.0625,z,0.5625,0.04018627310123466,0.01126679946284859,-0.02891947363838607,0.04000000040274644,0.09246458397011166
2001,1.0,20dB_nominal_difference,imag,A23_compressed_feedback,REJECTED_PHYSICAL,XZ,y,-0.0625,x,0.0625,z,0.5625,0.0402350510100591,0.007475680101266882,-0.03275937090879222,0.04000000040274644,0.09246458397011166
2001,1.0,20dB_nominal_difference,imag,A23_compressed_feedback,REJECTED_PHYSICAL,XZ,y,-0.0625,x,0.1875,z,0.5625,0.04047720429484549,0.00554647716135423,-0.03493072713349126,0.04000000040274644,0.09246458397011166
2001,1.0,20dB_nominal_difference,imag,A23_compressed_feedback,REJECTED_PHYSICAL,XZ,y,-0.0625,x,0.3125,z,0.5625,0.0409204828671949,0.004688140940923326,-0.036232341926271575,0.04000000040274644,0.09246458397011166
2001,1.0,20dB_nominal_difference,imag,A23_compressed_feedback,REJECTED_PHYSICAL,XZ,y,-0.0625,x,0.4375,z,0.5625,0.0411994381221375,0.0040025542226566554,-0.037196883899480844,0.04000000040274644,0.09246458397011166
2001,1.0,20dB_nominal_difference,imag,A23_compressed_feedback,REJECTED_PHYSICAL,XZ,y,-0.0625,x,0.5625,z,0.5625,0.04098983494479729,0.0030985692926645964,-0.037891265652132695,0.04000000040274644,0.09246458397011166
2001,1.0,20dB_nominal_difference,imag,A23_compressed_feedback,REJECTED_PHYSICAL,XZ,y,-0.0625,x,0.6875,z,0.5625,0.040512639549706235,0.0035377253247346682,-0.03697491422497157,0.04000000040274644,0.09246458397011166
2001,1.0,20dB_nominal_difference,imag,A23_compressed_feedback,REJECTED_PHYSICAL,XZ,y,-0.0625,x,-0.6875,z,0.6875,0.04000039406705946,0.06974736315252723,0.029746969085467777,0.04000000040274644,0.09246458397011166
2001,1.0,20dB_nominal_difference,imag,A23_compressed_feedback,REJECTED_PHYSICAL,XZ,y,-0.0625,x,-0.5625,z,0.6875,0.04000209140718957,0.05309098070040382,0.013088889293214251,0.04000000040274644,0.09246458397011166
2001,1.0,20dB_nominal_difference,imag,A23_compressed_feedback,REJECTED_PHYSICAL,XZ,y,-0.0625,x,-0.4375,z,0.6875,0.040007312483018226,0.04329924297787498,0.0032919304948567513,0.04000000040274644,0.09246458397011166
2001,1.0,20dB_nominal_difference,imag,A23_compressed_feedback,REJECTED_PHYSICAL,XZ,y,-0.0625,x,-0.3125,z,0.6875,0.040016882198969934,0.0347625616406691,-0.005254320558300836,0.04000000040274644,0.09246458397011166
2001,1.0,20dB_nominal_difference,imag,A23_compressed_feedback,REJECTED_PHYSICAL,XZ,y,-0.0625,x,-0.1875,z,0.6875,0.0400262450492707,0.026786979187997273,-0.013239265861273428,0.04000000040274644,0.09246458397011166
2001,1.0,20dB_nominal_difference,imag,A23_compressed_feedback,REJECTED_PHYSICAL,XZ,y,-0.0625,x,-0.0625,z,0.6875,0.04003171121742498,0.019788124586358147,-0.02024358663106683,0.04000000040274644,0.09246458397011166
2001,1.0,20dB_nominal_difference,imag,A23_compressed_feedback,REJECTED_PHYSICAL,XZ,y,-0.0625,x,0.0625,z,0.6875,0.040050155234095816,0.014080669285246244,-0.025969485948849572,0.04000000040274644,0.09246458397011166
2001,1.0,20dB_nominal_difference,imag,A23_compressed_feedback,REJECTED_PHYSICAL,XZ,y,-0.0625,x,0.1875,z,0.6875,0.04011945713034547,0.009410060343391018,-0.03070939678695445,0.04000000040274644,0.09246458397011166
2001,1.0,20dB_nominal_difference,imag,A23_compressed_feedback,REJECTED_PHYSICAL,XZ,y,-0.0625,x,0.3125,z,0.6875,0.04023828247449674,0.004932105055431943,-0.0353061774190648,0.04000000040274644,0.09246458397011166
2001,1.0,20dB_nominal_difference,imag,A23_compressed_feedback,REJECTED_PHYSICAL,XZ,y,-0.0625,x,0.4375,z,0.6875,0.040312016454979366,-0.0004031706713266206,-0.040715187126305986,0.04000000040274644,0.09246458397011166
2001,1.0,20dB_nominal_difference,imag,A23_compressed_feedback,REJECTED_PHYSICAL,XZ,y,-0.0625,x,0.5625,z,0.6875,0.04025767111161847,-0.0069313268051403795,-0.04718899791675885,0.04000000040274644,0.09246458397011166
2001,1.0,20dB_nominal_difference,imag,A23_compressed_feedback,REJECTED_PHYSICAL,XZ,y,-0.0625,x,0.6875,z,0.6875,0.04013346276904124,-0.009824626225134428,-0.04995808899417567,0.04000000040274644,0.09246458397011166
2001,1.0,20dB_nominal_difference,imag,A23_compressed_feedback,REJECTED_PHYSICAL,YZ,x,-0.0625,y,-0.6875,z,-0.6875,0.040162831302886455,-0.020855624905467822,-0.06101845620835428,0.04000000040274644,0.09246458397011166
2001,1.0,20dB_nominal_difference,imag,A23_compressed_feedback,REJECTED_PHYSICAL,YZ,x,-0.0625,y,-0.5625,z,-0.6875,0.04065495708385279,-0.014018939563621803,-0.054673896647474594,0.04000000040274644,0.09246458397011166
2001,1.0,20dB_nominal_difference,imag,A23_compressed_feedback,REJECTED_PHYSICAL,YZ,x,-0.0625,y,-0.4375,z,-0.6875,0.042017303955148806,-0.007594373326242632,-0.04961167728139144,0.04000000040274644,0.09246458397011166
2001,1.0,20dB_nominal_difference,imag,A23_compressed_feedback,REJECTED_PHYSICAL,YZ,x,-0.0625,y,-0.3125,z,-0.6875,0.04475787893080464,0.008274495858276415,-0.03648338307252823,0.04000000040274644,0.09246458397011166
2001,1.0,20dB_nominal_difference,imag,A23_compressed_feedback,REJECTED_PHYSICAL,YZ,x,-0.0625,y,-0.1875,z,-0.6875,0.048592884697165994,0.03390737737774647,-0.014685507319419526,0.04000000040274644,0.09246458397011166
2001,1.0,20dB_nominal_difference,imag,A23_compressed_feedback,REJECTED_PHYSICAL,YZ,x,-0.0625,y,-0.0625,z,-0.6875,0.05188360299030687,0.06532071124129799,0.013437108250991113,0.04000000040274644,0.09246458397011166
2001,1.0,20dB_nominal_difference,imag,A23_compressed_feedback,REJECTED_PHYSICAL,YZ,x,-0.0625,y,0.0625,z,-0.6875,0.052584641418285324,0.09565177697427932,0.04306713555599399,0.04000000040274644,0.09246458397011166
2001,1.0,20dB_nominal_difference,imag,A23_compressed_feedback,REJECTED_PHYSICAL,YZ,x,-0.0625,y,0.1875,z,-0.6875,0.0502050972317852,0.11655883702327205,0.06635373979148684,0.04000000040274644,0.09246458397011166
2001,1.0,20dB_nominal_difference,imag,A23_compressed_feedback,REJECTED_PHYSICAL,YZ,x,-0.0625,y,0.3125,z,-0.6875,0.046336903781670505,0.11980479118036005,0.07346788739868955,0.04000000040274644,0.09246458397011166
2001,1.0,20dB_nominal_difference,imag,A23_compressed_feedback,REJECTED_PHYSICAL,YZ,x,-0.0625,y,0.4375,z,-0.6875,0.04301315079266866,0.09881562272374854,0.05580247193107988,0.04000000040274644,0.09246458397011166
2001,1.0,20dB_nominal_difference,imag,A23_compressed_feedback,REJECTED_PHYSICAL,YZ,x,-0.0625,y,0.5625,z,-0.6875,0.0410971057769741,0.04986670319598806,0.00876959741901396,0.04000000040274644,0.09246458397011166
2001,1.0,20dB_nominal_difference,imag,A23_compressed_feedback,REJECTED_PHYSICAL,YZ,x,-0.0625,y,0.6875,z,-0.6875,0.04030588622494467,-0.025879821383465597,-0.06618570760841028,0.04000000040274644,0.09246458397011166
2001,1.0,20dB_nominal_difference,imag,A23_compressed_feedback,REJECTED_PHYSICAL,YZ,x,-0.0625,y,-0.6875,z,-0.5625,0.04033940945723504,0.0034776858184523973,-0.036861723638782644,0.04000000040274644,0.09246458397011166
2001,1.0,20dB_nominal_difference,imag,A23_compressed_feedback,REJECTED_PHYSICAL,YZ,x,-0.0625,y,-0.5625,z,-0.5625,0.041365208190342985,-0.0011130952284017503,-0.042478303418744735,0.04000000040274644,0.09246458397011166
2001,1.0,20dB_nominal_difference,imag,A23_compressed_feedback,REJECTED_PHYSICAL,YZ,x,-0.0625,y,-0.4375,z,-0.5625,0.04420491655137334,0.0024779343141620377,-0.0417269822372113,0.04000000040274644,0.09246458397011166
2001,1.0,20dB_nominal_difference,imag,A23_compressed_feedback,REJECTED_PHYSICAL,YZ,x,-0.0625,y,-0.3125,z,-0.5625,0.04991743650819989,0.016703221650962875,-0.03321421485723701,0.04000000040274644,0.09246458397011166
2001,1.0,20dB_nominal_difference,imag,A23_compressed_feedback,REJECTED_PHYSICAL,YZ,x,-0.0625,y,-0.1875,z,-0.5625,0.05791121435197185,0.04107967639616246,-0.01683153795580939,0.04000000040274644,0.09246458397011166
2001,1.0,20dB_nominal_difference,imag,A23_compressed_feedback,REJECTED_PHYSICAL,YZ,x,-0.0625,y,-0.0625,z,-0.5625,0.06477046815458143,0.0717626366240866,0.006992168469505178,0.04000000040274644,0.09246458397011166
2001,1.0,20dB_nominal_difference,imag,A23_compressed_feedback,REJECTED_PHYSICAL,YZ,x,-0.0625,y,0.0625,z,-0.5625,0.0662317399936571,0.1021847737371617,0.0359530337435046,0.04000000040274644,0.09246458397011166
2001,1.0,20dB_nominal_difference,imag,A23_compressed_feedback,REJECTED_PHYSICAL,YZ,x,-0.0625,y,0.1875,z,-0.5625,0.0612717933010412,0.124293310281263,0.0630215169802218,0.04000000040274644,0.09246458397011166
2001,1.0,20dB_nominal_difference,imag,A23_compressed_feedback,REJECTED_PHYSICAL,YZ,x,-0.0625,y,0.3125,z,-0.5625,0.05320888892676498,0.13009804490714263,0.07688915598037765,0.04000000040274644,0.09246458397011166
2001,1.0,20dB_nominal_difference,imag,A23_compressed_feedback,REJECTED_PHYSICAL,YZ,x,-0.0625,y,0.4375,z,-0.5625,0.04628080638120824,0.11331463731678401,0.06703383093557577,0.04000000040274644,0.09246458397011166
2001,1.0,20dB_nominal_difference,imag,A23_compressed_feedback,REJECTED_PHYSICAL,YZ,x,-0.0625,y,0.5625,z,-0.5625,0.042286929649873274,0.07101448890420191,0.028727559254328634,0.04000000040274644,0.09246458397011166
2001,1.0,20dB_nominal_difference,imag,A23_compressed_feedback,REJECTED_PHYSICAL,YZ,x,-0.0625,y,0.6875,z,-0.5625,0.04063764221858026,0.006466327993854458,-0.0341713142247258,0.04000000040274644,0.09246458397011166
2001,1.0,20dB_nominal_difference,imag,A23_compressed_feedback,REJECTED_PHYSICAL,YZ,x,-0.0625,y,-0.6875,z,-0.4375,0.040546249373600574,0.025491615064658562,-0.015054634308942012,0.04000000040274644,0.09246458397011166
2001,1.0,20dB_nominal_difference,imag,A23_compressed_feedback,REJECTED_PHYSICAL,YZ,x,-0.0625,y,-0.5625,z,-0.4375,0.04219718131888095,0.01227838551556477,-0.02991879580331618,0.04000000040274644,0.09246458397011166
2001,1.0,20dB_nominal_difference,imag,A23_compressed_feedback,REJECTED_PHYSICAL,YZ,x,-0.0625,y,-0.4375,z,-0.4375,0.046767439700994694,0.010415269181104764,-0.036352170519889926,0.04000000040274644,0.09246458397011166
2001,1.0,20dB_nominal_difference,imag,A23_compressed_feedback,REJECTED_PHYSICAL,YZ,x,-0.0625,y,-0.3125,z,-0.4375,0.055961233421583094,0.020784298832136498,-0.035176934589446596,0.04000000040274644,0.09246458397011166
2001,1.0,20dB_nominal_difference,imag,A23_compressed_feedback,REJECTED_PHYSICAL,YZ,x,-0.0625,y,-0.1875,z,-0.4375,0.06882651279876037,0.04216598594889351,-0.02666052684986686,0.04000000040274644,0.09246458397011166
2001,1.0,20dB_nominal_difference,imag,A23_compressed_feedback,REJECTED_PHYSICAL,YZ,x,-0.0625,y,-0.0625,z,-0.4375,0.07986590868028234,0.07073209235703506,-0.009133816323247279,0.04000000040274644,0.09246458397011166
2001,1.0,20dB_nominal_difference,imag,A23_compressed_feedback,REJECTED_PHYSICAL,YZ,x,-0.0625,y,0.0625,z,-0.4375,0.0822178885765637,0.10025991417948243,0.018042025602918732,0.04000000040274644,0.09246458397011166
2001,1.0,20dB_nominal_difference,imag,A23_compressed_feedback,REJECTED_PHYSICAL,YZ,x,-0.0625,y,0.1875,z,-0.4375,0.07423587778259876,0.12312211853789656,0.04888624075529781,0.04000000040274644,0.09246458397011166
2001,1.0,20dB_nominal_difference,imag,A23_compressed_feedback,REJECTED_PHYSICAL,YZ,x,-0.0625,y,0.3125,z,-0.4375,0.06126026688148893,0.1317049247523465,0.07044465787085756,0.04000000040274644,0.09246458397011166
2001,1.0,20dB_nominal_difference,imag,A23_compressed_feedback,REJECTED_PHYSICAL,YZ,x,-0.0625,y,0.4375,z,-0.4375,0.050110634941240996,0.11998913234579253,0.06987849740455154,0.04000000040274644,0.09246458397011166
2001,1.0,20dB_nominal_difference,imag,A23_compressed_feedback,REJECTED_PHYSICAL,YZ,x,-0.0625,y,0.5625,z,-0.4375,0.04368235893646047,0.08507598538823727,0.0413936264517768,0.04000000040274644,0.09246458397011166
2001,1.0,20dB_nominal_difference,imag,A23_compressed_feedback,REJECTED_PHYSICAL,YZ,x,-0.0625,y,0.6875,z,-0.4375,0.041027058968690654,0.028854773592513747,-0.012172285376176907,0.04000000040274644,0.09246458397011166
2001,1.0,20dB_nominal_difference,imag,A23_compressed_feedback,REJECTED_PHYSICAL,YZ,x,-0.0625,y,-0.6875,z,-0.3125,0.04067879547109257,0.03990927648408617,-0.000769518987006404,0.04000000040274644,0.09246458397011166
2001,1.0,20dB_nominal_difference,imag,A23_compressed_feedback,REJECTED_PHYSICAL,YZ,x,-0.0625,y,-0.5625,z,-0.3125,0.0427303220871997,0.021092732028419048,-0.021637590058780652,0.04000000040274644,0.09246458397011166
2001,1.0,20dB_nominal_difference,imag,A23_compressed_feedback,REJECTED_PHYSICAL,YZ,x,-0.0625,y,-0.4375,z,-0.3125,0.04840954279566198,0.014084294253317461,-0.03432524854234452,0.04000000040274644,0.09246458397011166
2001,1.0,20dB_nominal_difference,imag,A23_compressed_feedback,REJECTED_PHYSICAL,YZ,x,-0.0625,y,-0.3125,z,-0.3125,0.059834191402860615,0.019861551726857662,-0.03997263967600295,0.04000000040274644,0.09246458397011166
2001,1.0,20dB_nominal_difference,imag,A23_compressed_feedback,REJECTED_PHYSICAL,YZ,x,-0.0625,y,-0.1875,z,-0.3125,0.075821244738125,0.0373191766377288,-0.0385020681003962,0.04000000040274644,0.09246458397011166
2001,1.0,20dB_nominal_difference,imag,A23_compressed_feedback,REJECTED_PHYSICAL,YZ,x,-0.0625,y,-0.0625,z,-0.3125,0.08953973087819014,0.06290069190176262,-0.026639038976427526,0.04000000040274644,0.09246458397011166
2001,1.0,20dB_nominal_difference,imag,A23_compressed_feedback,REJECTED_PHYSICAL,YZ,x,-0.0625,y,0.0625,z,-0.3125,0.09246458397011166,0.09085201965271045,-0.0016125643174012133,0.04000000040274644,0.09246458397011166
2001,1.0,20dB_nominal_difference,imag,A23_compressed_feedback,REJECTED_PHYSICAL,YZ,x,-0.0625,y,0.1875,z,-0.3125,0.08255232476601863,0.11408020657897239,0.031527881812953754,0.04000000040274644,0.09246458397011166
2001,1.0,20dB_nominal_difference,imag,A23_compressed_feedback,REJECTED_PHYSICAL,YZ,x,-0.0625,y,0.3125,z,-0.3125,0.06643855128553187,0.12542230004040142,0.058983748754869544,0.04000000040274644,0.09246458397011166
2001,1.0,20dB_nominal_difference,imag,A23_compressed_feedback,REJECTED_PHYSICAL,YZ,x,-0.0625,y,0.4375,z,-0.3125,0.05258913910695796,0.11907246290345622,0.06648332379649825,0.04000000040274644,0.09246458397011166
2001,1.0,20dB_nominal_difference,imag,A23_compressed_feedback,REJECTED_PHYSICAL,YZ,x,-0.0625,y,0.5625,z,-0.3125,0.04459557947474058,0.09188407872333582,0.04728849924859523,0.04000000040274644,0.09246458397011166
2001,1.0,20dB_nominal_difference,imag,A23_compressed_feedback,REJECTED_PHYSICAL,YZ,x,-0.0625,y,0.6875,z,-0.3125,0.041285629707085714,0.044614826922067446,0.003329197214981733,0.04000000040274644,0.09246458397011166
2001,1.0,20dB_nominal_difference,imag,A23_compressed_feedback,REJECTED_PHYSICAL,YZ,x,-0.0625,y,-0.6875,z,-0.1875,0.04065128022482266,0.04821127002088883,0.007559989796066174,0.04000000040274644,0.09246458397011166
2001,1.0,20dB_nominal_difference,imag,A23_compressed_feedback,REJECTED_PHYSICAL,YZ,x,-0.0625,y,-0.5625,z,-0.1875,0.04261964740624892,0.02586233965653055,-0.01675730774971837,0.04000000040274644,0.09246458397011166
2001,1.0,20dB_nominal_difference,imag,A23_compressed_feedback,REJECTED_PHYSICAL,YZ,x,-0.0625,y,-0.4375,z,-0.1875,0.04806865943328114,0.014689675620630862,-0.03337898381265028,0.04000000040274644,0.09246458397011166
2001,1.0,20dB_nominal_difference,imag,A23_compressed_feedback,REJECTED_PHYSICAL,YZ,x,-0.0625,y,-0.3125,z,-0.1875,0.05903022582407174,0.0159054709908334,-0.04312475483323834,0.04000000040274644,0.09246458397011166
2001,1.0,20dB_nominal_difference,imag,A23_compressed_feedback,REJECTED_PHYSICAL,YZ,x,-0.0625,y,-0.1875,z,-0.1875,0.0743695501448296,0.028929558070731994,-0.0454399920740976,0.04000000040274644,0.09246458397011166
2001,1.0,20dB_nominal_difference,imag,A23_compressed_feedback,REJECTED_PHYSICAL,YZ,x,-0.0625,y,-0.0625,z,-0.1875,0.08753479187993465,0.050775902342567486,-0.03675888953736717,0.04000000040274644,0.09246458397011166
2001,1.0,20dB_nominal_difference,imag,A23_compressed_feedback,REJECTED_PHYSICAL,YZ,x,-0.0625,y,0.0625,z,-0.1875,0.09035621871766206,0.07636127170974907,-0.013994947007912983,0.04000000040274644,0.09246458397011166
2001,1.0,20dB_nominal_difference,imag,A23_compressed_feedback,REJECTED_PHYSICAL,YZ,x,-0.0625,y,0.1875,z,-0.1875,0.08089153863545867,0.09928285557660164,0.018391316941142974,0.04000000040274644,0.09246458397011166
2001,1.0,20dB_nominal_difference,imag,A23_compressed_feedback,REJECTED_PHYSICAL,YZ,x,-0.0625,y,0.3125,z,-0.1875,0.06550301256891934,0.11294302644211615,0.04744001387319681,0.04000000040274644,0.09246458397011166
2001,1.0,20dB_nominal_difference,imag,A23_compressed_feedback,REJECTED_PHYSICAL,YZ,x,-0.0625,y,0.4375,z,-0.1875,0.05225438682855693,0.11180894970584368,0.05955456287728675,0.04000000040274644,0.09246458397011166
2001,1.0,20dB_nominal_difference,imag,A23_compressed_feedback,REJECTED_PHYSICAL,YZ,x,-0.0625,y,0.5625,z,-0.1875,0.044546662085668945,0.09254606282462333,0.04799940073895438,0.04000000040274644,0.09246458397011166
2001,1.0,20dB_nominal_difference,imag,A23_compressed_feedback,REJECTED_PHYSICAL,YZ,x,-0.0625,y,0.6875,z,-0.1875,0.041298747575853424,0.055161268363243504,0.01386252078739008,0.04000000040274644,0.09246458397011166
2001,1.0,20dB_nominal_difference,imag,A23_compressed_feedback,REJECTED_PHYSICAL,YZ,x,-0.0625,y,-0.6875,z,-0.0625,0.0404824783380541,0.0523084243151869,0.011825945977132796,0.04000000040274644,0.09246458397011166
2001,1.0,20dB_nominal_difference,imag,A23_compressed_feedback,REJECTED_PHYSICAL,YZ,x,-0.0625,y,-0.5625,z,-0.0625,0.041940674889274845,0.02818960402852095,-0.013751070860753896,0.04000000040274644,0.09246458397011166
2001,1.0,20dB_nominal_difference,imag,A23_compressed_feedback,REJECTED_PHYSICAL,YZ,x,-0.0625,y,-0.4375,z,-0.0625,0.04597738968844294,0.013980024374752497,-0.03199736531369045,0.04000000040274644,0.09246458397011166
2001,1.0,20dB_nominal_difference,imag,A23_compressed_feedback,REJECTED_PHYSICAL,YZ,x,-0.0625,y,-0.3125,z,-0.0625,0.054097973691774014,0.01107245261091682,-0.04302552108085719,0.04000000040274644,0.09246458397011166
2001,1.0,20dB_nominal_difference,imag,A23_compressed_feedback,REJECTED_PHYSICAL,YZ,x,-0.0625,y,-0.1875,z,-0.0625,0.06546292494247057,0.019513683495894153,-0.045949241446576417,0.04000000040274644,0.09246458397011166
2001,1.0,20dB_nominal_difference,imag,A23_compressed_feedback,REJECTED_PHYSICAL,YZ,x,-0.0625,y,-0.0625,z,-0.0625,0.07522816100604189,0.03707089213363021,-0.03815726887241168,0.04000000040274644,0.09246458397011166
2001,1.0,20dB_nominal_difference,imag,A23_compressed_feedback,REJECTED_PHYSICAL,YZ,x,-0.0625,y,0.0625,z,-0.0625,0.07738345775658874,0.05951339029081807,-0.01787006746577067,0.04000000040274644,0.09246458397011166
2001,1.0,20dB_nominal_difference,imag,A23_compressed_feedback,REJECTED_PHYSICAL,YZ,x,-0.0625,y,0.1875,z,-0.0625,0.07056893671150717,0.08129432232079795,0.010725385609290775,0.04000000040274644,0.09246458397011166
2001,1.0,20dB_nominal_difference,imag,A23_compressed_feedback,REJECTED_PHYSICAL,YZ,x,-0.0625,y,0.3125,z,-0.0625,0.05947908919312968,0.09652969074719381,0.03705060155406413,0.04000000040274644,0.09246458397011166
2001,1.0,20dB_nominal_difference,imag,A23_compressed_feedback,REJECTED_PHYSICAL,YZ,x,-0.0625,y,0.4375,z,-0.0625,0.04983387286069964,0.10009579601402588,0.05026192315332624,0.04000000040274644,0.09246458397011166
2001,1.0,20dB_nominal_difference,imag,A23_compressed_feedback,REJECTED_PHYSICAL,YZ,x,-0.0625,y,0.5625,z,-0.0625,0.04395950305677281,0.08862549475277529,0.04466599169600247,0.04000000040274644,0.09246458397011166
2001,1.0,20dB_nominal_difference,imag,A23_compressed_feedback,REJECTED_PHYSICAL,YZ,x,-0.0625,y,0.6875,z,-0.0625,0.04124290782960705,0.06164038302544558,0.02039747519583853,0.04000000040274644,0.09246458397011166
2001,1.0,20dB_nominal_difference,imag,A23_compressed_feedback,REJECTED_PHYSICAL,YZ,x,-0.0625,y,-0.6875,z,0.0625,0.040275974352199234,0.053956172754243234,0.013680198402044,0.04000000040274644,0.09246458397011166
2001,1.0,20dB_nominal_difference,imag,A23_compressed_feedback,REJECTED_PHYSICAL,YZ,x,-0.0625,y,-0.5625,z,0.0625,0.04111005314425662,0.0297626807785331,-0.011347372365723522,0.04000000040274644,0.09246458397011166
2001,1.0,20dB_nominal_difference,imag,A23_compressed_feedback,REJECTED_PHYSICAL,YZ,x,-0.0625,y,-0.4375,z,0.0625,0.04341903593437623,0.013712785514067568,-0.029706250420308663,0.04000000040274644,0.09246458397011166
2001,1.0,20dB_nominal_difference,imag,A23_compressed_feedback,REJECTED_PHYSICAL,YZ,x,-0.0625,y,-0.3125,z,0.0625,0.048064188900780645,0.0073604951924951326,-0.04070369370828551,0.04000000040274644,0.09246458397011166
2001,1.0,20dB_nominal_difference,imag,A23_compressed_feedback,REJECTED_PHYSICAL,YZ,x,-0.0625,y,-0.1875,z,0.0625,0.05456843013752576,0.01135045227423893,-0.043217977863286836,0.04000000040274644,0.09246458397011166
2001,1.0,20dB_nominal_difference,imag,A23_compressed_feedback,REJECTED_PHYSICAL,YZ,x,-0.0625,y,-0.0625,z,0.0625,0.06018647493002061,0.024278748502649695,-0.03590772642737092,0.04000000040274644,0.09246458397011166
2001,1.0,20dB_nominal_difference,imag,A23_compressed_feedback,REJECTED_PHYSICAL,YZ,x,-0.0625,y,0.0625,z,0.0625,0.06159192535196833,0.042888546567711947,-0.01870337878425638,0.04000000040274644,0.09246458397011166
2001,1.0,20dB_nominal_difference,imag,A23_compressed_feedback,REJECTED_PHYSICAL,YZ,x,-0.0625,y,0.1875,z,0.0625,0.05821630819609783,0.06262846281769291,0.004412154621595082,0.04000000040274644,0.09246458397011166
2001,1.0,20dB_nominal_difference,imag,A23_compressed_feedback,REJECTED_PHYSICAL,YZ,x,-0.0625,y,0.3125,z,0.0625,0.05269510000741223,0.07847821244568173,0.0257831124382695,0.04000000040274644,0.09246458397011166
2001,1.0,20dB_nominal_difference,imag,A23_compressed_feedback,REJECTED_PHYSICAL,YZ,x,-0.0625,y,0.4375,z,0.0625,0.04762748903019977,0.08588521918552836,0.03825773015532859,0.04000000040274644,0.09246458397011166
2001,1.0,20dB_nominal_difference,imag,A23_compressed_feedback,REJECTED_PHYSICAL,YZ,x,-0.0625,y,0.5625,z,0.0625,0.043831778223804546,0.08162672106286464,0.0377949428390601,0.04000000040274644,0.09246458397011166
2001,1.0,20dB_nominal_difference,imag,A23_compressed_feedback,REJECTED_PHYSICAL,YZ,x,-0.0625,y,0.6875,z,0.0625,0.04145504458154612,0.06493501891815726,0.023479974336611135,0.04000000040274644,0.09246458397011166
2001,1.0,20dB_nominal_difference,imag,A23_compressed_feedback,REJECTED_PHYSICAL,YZ,x,-0.0625,y,-0.6875,z,0.1875,0.040121882291388467,0.05449951437188309,0.014377632080494626,0.04000000040274644,0.09246458397011166
2001,1.0,20dB_nominal_difference,imag,A23_compressed_feedback,REJECTED_PHYSICAL,YZ,x,-0.0625,y,-0.5625,z,0.1875,0.040490248145876276,0.031885003585314126,-0.00860524456056215,0.04000000040274644,0.09246458397011166
2001,1.0,20dB_nominal_difference,imag,A23_compressed_feedback,REJECTED_PHYSICAL,YZ,x,-0.0625,y,-0.4375,z,0.1875,0.04151001040399258,0.015236905280089596,-0.026273105123902987,0.04000000040274644,0.09246458397011166
2001,1.0,20dB_nominal_difference,imag,A23_compressed_feedback,REJECTED_PHYSICAL,YZ,x,-0.0625,y,-0.3125,z,0.1875,0.043561892060171706,0.006279147793882632,-0.037282744266289074,0.04000000040274644,0.09246458397011166
2001,1.0,20dB_nominal_difference,imag,A23_compressed_feedback,REJECTED_PHYSICAL,YZ,x,-0.0625,y,-0.1875,z,0.1875,0.04644024281803608,0.006172330282469031,-0.04026791253556705,0.04000000040274644,0.09246458397011166
2001,1.0,20dB_nominal_difference,imag,A23_compressed_feedback,REJECTED_PHYSICAL,YZ,x,-0.0625,y,-0.0625,z,0.1875,0.04897405992868381,0.014342414231895795,-0.03463164569678802,0.04000000040274644,0.09246458397011166
2001,1.0,20dB_nominal_difference,imag,A23_compressed_feedback,REJECTED_PHYSICAL,YZ,x,-0.0625,y,0.0625,z,0.1875,0.04987530505994937,0.02855978498105117,-0.021315520078898198,0.04000000040274644,0.09246458397011166
2001,1.0,20dB_nominal_difference,imag,A23_compressed_feedback,REJECTED_PHYSICAL,YZ,x,-0.0625,y,0.1875,z,0.1875,0.04923314464801794,0.045357868610994376,-0.0038752760370235617,0.04000000040274644,0.09246458397011166
2001,1.0,20dB_nominal_difference,imag,A23_compressed_feedback,REJECTED_PHYSICAL,YZ,x,-0.0625,y,0.3125,z,0.1875,0.04813068972420026,0.06070143562360614,0.012570745899405877,0.04000000040274644,0.09246458397011166
2001,1.0,20dB_nominal_difference,imag,A23_compressed_feedback,REJECTED_PHYSICAL,YZ,x,-0.0625,y,0.4375,z,0.1875,0.04662287940390382,0.0707633884010454,0.024140508997141583,0.04000000040274644,0.09246458397011166
2001,1.0,20dB_nominal_difference,imag,A23_compressed_feedback,REJECTED_PHYSICAL,YZ,x,-0.0625,y,0.5625,z,0.1875,0.044238648409191395,0.07264643478228874,0.02840778637309735,0.04000000040274644,0.09246458397011166
2001,1.0,20dB_nominal_difference,imag,A23_compressed_feedback,REJECTED_PHYSICAL,YZ,x,-0.0625,y,0.6875,z,0.1875,0.041851809876312575,0.06545465652880385,0.023602846652491273,0.04000000040274644,0.09246458397011166
2001,1.0,20dB_nominal_difference,imag,A23_compressed_feedback,REJECTED_PHYSICAL,YZ,x,-0.0625,y,-0.6875,z,0.3125,0.040041561719250184,0.054797156851098115,0.014755595131847932,0.04000000040274644,0.09246458397011166
2001,1.0,20dB_nominal_difference,imag,A23_compressed_feedback,REJECTED_PHYSICAL,YZ,x,-0.0625,y,-0.5625,z,0.3125,0.04016717438226305,0.0353156970258572,-0.004851477356405849,0.04000000040274644,0.09246458397011166
2001,1.0,20dB_nominal_difference,imag,A23_compressed_feedback,REJECTED_PHYSICAL,YZ,x,-0.0625,y,-0.4375,z,0.3125,0.040514926888339936,0.019317897198068396,-0.02119702969027154,0.04000000040274644,0.09246458397011166
2001,1.0,20dB_nominal_difference,imag,A23_compressed_feedback,REJECTED_PHYSICAL,YZ,x,-0.0625,y,-0.3125,z,0.3125,0.04121499222767107,0.008695301279052846,-0.03251969094861822,0.04000000040274644,0.09246458397011166
2001,1.0,20dB_nominal_difference,imag,A23_compressed_feedback,REJECTED_PHYSICAL,YZ,x,-0.0625,y,-0.1875,z,0.3125,0.042202243968647794,0.005023173896195873,-0.03717907007245192,0.04000000040274644,0.09246458397011166
2001,1.0,20dB_nominal_difference,imag,A23_compressed_feedback,REJECTED_PHYSICAL,YZ,x,-0.0625,y,-0.0625,z,0.3125,0.043118397710292765,0.008504672115673573,-0.03461372559461919,0.04000000040274644,0.09246458397011166
2001,1.0,20dB_nominal_difference,imag,A23_compressed_feedback,REJECTED_PHYSICAL,YZ,x,-0.0625,y,0.0625,z,0.3125,0.04370349346053963,0.01792449104455316,-0.02577900241598647,0.04000000040274644,0.09246458397011166
2001,1.0,20dB_nominal_difference,imag,A23_compressed_feedback,REJECTED_PHYSICAL,YZ,x,-0.0625,y,0.1875,z,0.3125,0.04432481272709743,0.03092696879913192,-0.01339784392796551,0.04000000040274644,0.09246458397011166
2001,1.0,20dB_nominal_difference,imag,A23_compressed_feedback,REJECTED_PHYSICAL,YZ,x,-0.0625,y,0.3125,z,0.3125,0.04527166155046348,0.04453097754910521,-0.0007406840013582661,0.04000000040274644,0.09246458397011166
2001,1.0,20dB_nominal_difference,imag,A23_compressed_feedback,REJECTED_PHYSICAL,YZ,x,-0.0625,y,0.4375,z,0.3125,0.04548057025102747,0.05575565958464601,0.010275089333618544,0.04000000040274644,0.09246458397011166
2001,1.0,20dB_nominal_difference,imag,A23_compressed_feedback,REJECTED_PHYSICAL,YZ,x,-0.0625,y,0.5625,z,0.3125,0.04396664690422693,0.06220648549651339,0.018239838592286464,0.04000000040274644,0.09246458397011166
2001,1.0,20dB_nominal_difference,imag,A23_compressed_feedback,REJECTED_PHYSICAL,YZ,x,-0.0625,y,0.6875,z,0.3125,0.04182874666482642,0.0630181118605094,0.02118936519568298,0.04000000040274644,0.09246458397011166
2001,1.0,20dB_nominal_difference,imag,A23_compressed_feedback,REJECTED_PHYSICAL,YZ,x,-0.0625,y,-0.6875,z,0.4375,0.040010942774183086,0.05529035711288011,0.015279414338697027,0.04000000040274644,0.09246458397011166
2001,1.0,20dB_nominal_difference,imag,A23_compressed_feedback,REJECTED_PHYSICAL,YZ,x,-0.0625,y,-0.5625,z,0.4375,0.04004401550005805,0.040347194209910266,0.0003031787098522129,0.04000000040274644,0.09246458397011166
2001,1.0,20dB_nominal_difference,imag,A23_compressed_feedback,REJECTED_PHYSICAL,YZ,x,-0.0625,y,-0.4375,z,0.4375,0.04013558398247328,0.026212186276809997,-0.013923397705663282,0.04000000040274644,0.09246458397011166
2001,1.0,20dB_nominal_difference,imag,A23_compressed_feedback,REJECTED_PHYSICAL,YZ,x,-0.0625,y,-0.3125,z,0.4375,0.04032012856082906,0.014914174587397834,-0.025405953973431226,0.04000000040274644,0.09246458397011166
2001,1.0,20dB_nominal_difference,imag,A23_compressed_feedback,REJECTED_PHYSICAL,YZ,x,-0.0625,y,-0.1875,z,0.4375,0.040583487619334155,0.008343401345983742,-0.03224008627335041,0.04000000040274644,0.09246458397011166
2001,1.0,20dB_nominal_difference,imag,A23_compressed_feedback,REJECTED_PHYSICAL,YZ,x,-0.0625,y,-0.0625,z,0.4375,0.040855824932046376,0.00738579431713382,-0.033470030614912556,0.04000000040274644,0.09246458397011166
2001,1.0,20dB_nominal_difference,imag,A23_compressed_feedback,REJECTED_PHYSICAL,YZ,x,-0.0625,y,0.0625,z,0.4375,0.04117573008032967,0.011768762076660208,-0.02940696800366946,0.04000000040274644,0.09246458397011166
2001,1.0,20dB_nominal_difference,imag,A23_compressed_feedback,REJECTED_PHYSICAL,YZ,x,-0.0625,y,0.1875,z,0.4375,0.041841050245169674,0.02020967535271355,-0.021631374892456125,0.04000000040274644,0.09246458397011166
2001,1.0,20dB_nominal_difference,imag,A23_compressed_feedback,REJECTED_PHYSICAL,YZ,x,-0.0625,y,0.3125,z,0.4375,0.04288016937655089,0.030782666449108688,-0.012097502927442202,0.04000000040274644,0.09246458397011166
2001,1.0,20dB_nominal_difference,imag,A23_compressed_feedback,REJECTED_PHYSICAL,YZ,x,-0.0625,y,0.4375,z,0.4375,0.043366912039912754,0.04140551492614058,-0.001961397113772176,0.04000000040274644,0.09246458397011166
2001,1.0,20dB_nominal_difference,imag,A23_compressed_feedback,REJECTED_PHYSICAL,YZ,x,-0.0625,y,0.5625,z,0.4375,0.042549808083138775,0.05032467373095122,0.0077748656478124414,0.04000000040274644,0.09246458397011166
2001,1.0,20dB_nominal_difference,imag,A23_compressed_feedback,REJECTED_PHYSICAL,YZ,x,-0.0625,y,0.6875,z,0.4375,0.04119637699550357,0.05690245805629686,0.01570608106079329,0.04000000040274644,0.09246458397011166
2001,1.0,20dB_nominal_difference,imag,A23_compressed_feedback,REJECTED_PHYSICAL,YZ,x,-0.0625,y,-0.6875,z,0.5625,0.04000222455132532,0.05610896212804055,0.016106737576715227,0.04000000040274644,0.09246458397011166
2001,1.0,20dB_nominal_difference,imag,A23_compressed_feedback,REJECTED_PHYSICAL,YZ,x,-0.0625,y,-0.5625,z,0.5625,0.04000894796087011,0.047065936374657676,0.007056988413787567,0.04000000040274644,0.09246458397011166
2001,1.0,20dB_nominal_difference,imag,A23_compressed_feedback,REJECTED_PHYSICAL,YZ,x,-0.0625,y,-0.4375,z,0.5625,0.040027565989594976,0.03596173439394219,-0.00406583159565279,0.04000000040274644,0.09246458397011166
2001,1.0,20dB_nominal_difference,imag,A23_compressed_feedback,REJECTED_PHYSICAL,YZ,x,-0.0625,y,-0.3125,z,0.5625,0.04006516133148572,0.024987669731341637,-0.015077491600144086,0.04000000040274644,0.09246458397011166
2001,1.0,20dB_nominal_difference,imag,A23_compressed_feedback,REJECTED_PHYSICAL,YZ,x,-0.0625,y,-0.1875,z,0.5625,0.040119910208704194,0.016273315025561723,-0.02384659518314247,0.04000000040274644,0.09246458397011166
2001,1.0,20dB_nominal_difference,imag,A23_compressed_feedback,REJECTED_PHYSICAL,YZ,x,-0.0625,y,-0.0625,z,0.5625,0.04018627310123466,0.01126679946284859,-0.02891947363838607,0.04000000040274644,0.09246458397011166
2001,1.0,20dB_nominal_difference,imag,A23_compressed_feedback,REJECTED_PHYSICAL,YZ,x,-0.0625,y,0.0625,z,0.5625,0.04030992270462864,0.010529237982593725,-0.029780684722034913,0.04000000040274644,0.09246458397011166
2001,1.0,20dB_nominal_difference,imag,A23_compressed_feedback,REJECTED_PHYSICAL,YZ,x,-0.0625,y,0.1875,z,0.5625,0.04062249667888878,0.013768462263391356,-0.026854034415497424,0.04000000040274644,0.09246458397011166
2001,1.0,20dB_nominal_difference,imag,A23_compressed_feedback,REJECTED_PHYSICAL,YZ,x,-0.0625,y,0.3125,z,0.5625,0.04111287628694723,0.02005549136694927,-0.021057384919997958,0.04000000040274644,0.09246458397011166
2001,1.0,20dB_nominal_difference,imag,A23_compressed_feedback,REJECTED_PHYSICAL,YZ,x,-0.0625,y,0.4375,z,0.5625,0.04136441020087273,0.02815778128375306,-0.013206628917119673,0.04000000040274644,0.09246458397011166
2001,1.0,20dB_nominal_difference,imag,A23_compressed_feedback,REJECTED_PHYSICAL,YZ,x,-0.0625,y,0.5625,z,0.5625,0.04105039501746476,0.03691961601170036,-0.004130779005764404,0.04000000040274644,0.09246458397011166
2001,1.0,20dB_nominal_difference,imag,A23_compressed_feedback,REJECTED_PHYSICAL,YZ,x,-0.0625,y,0.6875,z,0.5625,0.04049586450118124,0.046025373602515525,0.005529509101334283,0.04000000040274644,0.09246458397011166
2001,1.0,20dB_nominal_difference,imag,A23_compressed_feedback,REJECTED_PHYSICAL,YZ,x,-0.0625,y,-0.6875,z,0.6875,0.040000349171230964,0.057189289702049485,0.01718894053081852,0.04000000040274644,0.09246458397011166
2001,1.0,20dB_nominal_difference,imag,A23_compressed_feedback,REJECTED_PHYSICAL,YZ,x,-0.0625,y,-0.5625,z,0.6875,0.04000140450895627,0.05616147972253357,0.016160075213577298,0.04000000040274644,0.09246458397011166
2001,1.0,20dB_nominal_difference,imag,A23_compressed_feedback,REJECTED_PHYSICAL,YZ,x,-0.0625,y,-0.4375,z,0.6875,0.04000432746896438,0.04912206805459751,0.009117740585633131,0.04000000040274644,0.09246458397011166
2001,1.0,20dB_nominal_difference,imag,A23_compressed_feedback,REJECTED_PHYSICAL,YZ,x,-0.0625,y,-0.3125,z,0.6875,0.04001024449717641,0.0391662938720216,-0.0008439506251548129,0.04000000040274644,0.09246458397011166
2001,1.0,20dB_nominal_difference,imag,A23_compressed_feedback,REJECTED_PHYSICAL,YZ,x,-0.0625,y,-0.1875,z,0.6875,0.04001908162051439,0.028723618914416403,-0.011295462706097985,0.04000000040274644,0.09246458397011166
2001,1.0,20dB_nominal_difference,imag,A23_compressed_feedback,REJECTED_PHYSICAL,YZ,x,-0.0625,y,-0.0625,z,0.6875,0.04003171121742498,0.019788124586358147,-0.02024358663106683,0.04000000040274644,0.09246458397011166
2001,1.0,20dB_nominal_difference,imag,A23_compressed_feedback,REJECTED_PHYSICAL,YZ,x,-0.0625,y,0.0625,z,0.6875,0.04006291313410764,0.013734713726800098,-0.026328199407307542,0.04000000040274644,0.09246458397011166
2001,1.0,20dB_nominal_difference,imag,A23_compressed_feedback,REJECTED_PHYSICAL,YZ,x,-0.0625,y,0.1875,z,0.6875,0.040147652515939165,0.011240920714409144,-0.02890673180153002,0.04000000040274644,0.09246458397011166
2001,1.0,20dB_nominal_difference,imag,A23_compressed_feedback,REJECTED_PHYSICAL,YZ,x,-0.0625,y,0.3125,z,0.6875,0.040280786099357375,0.012345292347912571,-0.027935493751444804,0.04000000040274644,0.09246458397011166
2001,1.0,20dB_nominal_difference,imag,A23_compressed_feedback,REJECTED_PHYSICAL,YZ,x,-0.0625,y,0.4375,z,0.6875,0.040350967379744904,0.016592884809953638,-0.023758082569791266,0.04000000040274644,0.09246458397011166
2001,1.0,20dB_nominal_difference,imag,A23_compressed_feedback,REJECTED_PHYSICAL,YZ,x,-0.0625,y,0.5625,z,0.6875,0.04027192003554585,0.02312770817069546,-0.017144211864850385,0.04000000040274644,0.09246458397011166
2001,1.0,20dB_nominal_difference,imag,A23_compressed_feedback,REJECTED_PHYSICAL,YZ,x,-0.0625,y,0.6875,z,0.6875,0.040128665940895446,0.030308216767527187,-0.00982044917336826,0.04000000040274644,0.09246458397011166
