scene,t,noise,component,method,status,plane,fixed_axis,fixed_coordinate,horizontal_axis,horizontal_coordinate,vertical_axis,vertical_coordinate,truth,estimate,signed_error,truth_global_color_min,truth_global_color_max
2009,1.0,20dB_nominal_difference,real,truth_OFFLINE,OFFLINE_TRUTH,XY,z,-0.0625,x,-0.6875,y,-0.6875,0.1,0.1,0.0,0.1,2.3000000000000003
2009,1.0,20dB_nominal_difference,real,truth_OFFLINE,OFFLINE_TRUTH,XY,z,-0.0625,x,-0.5625,y,-0.6875,0.1,0.1,0.0,0.1,2.3000000000000003
2009,1.0,20dB_nominal_difference,real,truth_OFFLINE,OFFLINE_TRUTH,XY,z,-0.0625,x,-0.4375,y,-0.6875,0.1,0.1,0.0,0.1,2.3000000000000003
2009,1.0,20dB_nominal_difference,real,truth_OFFLINE,OFFLINE_TRUTH,XY,z,-0.0625,x,-0.3125,y,-0.6875,0.1,0.1,0.0,0.1,2.3000000000000003
2009,1.0,20dB_nominal_difference,real,truth_OFFLINE,OFFLINE_TRUTH,XY,z,-0.0625,x,-0.1875,y,-0.6875,0.1,0.1,0.0,0.1,2.3000000000000003
2009,1.0,20dB_nominal_difference,real,truth_OFFLINE,OFFLINE_TRUTH,XY,z,-0.0625,x,-0.0625,y,-0.6875,0.1,0.1,0.0,0.1,2.3000000000000003
2009,1.0,20dB_nominal_difference,real,truth_OFFLINE,OFFLINE_TRUTH,XY,z,-0.0625,x,0.0625,y,-0.6875,0.1,0.1,0.0,0.1,2.3000000000000003
2009,1.0,20dB_nominal_difference,real,truth_OFFLINE,OFFLINE_TRUTH,XY,z,-0.0625,x,0.1875,y,-0.6875,0.1,0.1,0.0,0.1,2.3000000000000003
2009,1.0,20dB_nominal_difference,real,truth_OFFLINE,OFFLINE_TRUTH,XY,z,-0.0625,x,0.3125,y,-0.6875,0.1,0.1,0.0,0.1,2.3000000000000003
2009,1.0,20dB_nominal_difference,real,truth_OFFLINE,OFFLINE_TRUTH,XY,z,-0.0625,x,0.4375,y,-0.6875,0.1,0.1,0.0,0.1,2.3000000000000003
2009,1.0,20dB_nominal_difference,real,truth_OFFLINE,OFFLINE_TRUTH,XY,z,-0.0625,x,0.5625,y,-0.6875,0.1,0.1,0.0,0.1,2.3000000000000003
2009,1.0,20dB_nominal_difference,real,truth_OFFLINE,OFFLINE_TRUTH,XY,z,-0.0625,x,0.6875,y,-0.6875,0.1,0.1,0.0,0.1,2.3000000000000003
2009,1.0,20dB_nominal_difference,real,truth_OFFLINE,OFFLINE_TRUTH,XY,z,-0.0625,x,-0.6875,y,-0.5625,0.1,0.1,0.0,0.1,2.3000000000000003
2009,1.0,20dB_nominal_difference,real,truth_OFFLINE,OFFLINE_TRUTH,XY,z,-0.0625,x,-0.5625,y,-0.5625,0.1,0.1,0.0,0.1,2.3000000000000003
2009,1.0,20dB_nominal_difference,real,truth_OFFLINE,OFFLINE_TRUTH,XY,z,-0.0625,x,-0.4375,y,-0.5625,0.1,0.1,0.0,0.1,2.3000000000000003
2009,1.0,20dB_nominal_difference,real,truth_OFFLINE,OFFLINE_TRUTH,XY,z,-0.0625,x,-0.3125,y,-0.5625,0.1,0.1,0.0,0.1,2.3000000000000003
2009,1.0,20dB_nominal_difference,real,truth_OFFLINE,OFFLINE_TRUTH,XY,z,-0.0625,x,-0.1875,y,-0.5625,0.1,0.1,0.0,0.1,2.3000000000000003
2009,1.0,20dB_nominal_difference,real,truth_OFFLINE,OFFLINE_TRUTH,XY,z,-0.0625,x,-0.0625,y,-0.5625,0.1,0.1,0.0,0.1,2.3000000000000003
2009,1.0,20dB_nominal_difference,real,truth_OFFLINE,OFFLINE_TRUTH,XY,z,-0.0625,x,0.0625,y,-0.5625,0.1,0.1,0.0,0.1,2.3000000000000003
2009,1.0,20dB_nominal_difference,real,truth_OFFLINE,OFFLINE_TRUTH,XY,z,-0.0625,x,0.1875,y,-0.5625,0.1,0.1,0.0,0.1,2.3000000000000003
2009,1.0,20dB_nominal_difference,real,truth_OFFLINE,OFFLINE_TRUTH,XY,z,-0.0625,x,0.3125,y,-0.5625,0.1,0.1,0.0,0.1,2.3000000000000003
2009,1.0,20dB_nominal_difference,real,truth_OFFLINE,OFFLINE_TRUTH,XY,z,-0.0625,x,0.4375,y,-0.5625,0.1,0.1,0.0,0.1,2.3000000000000003
2009,1.0,20dB_nominal_difference,real,truth_OFFLINE,OFFLINE_TRUTH,XY,z,-0.0625,x,0.5625,y,-0.5625,0.1,0.1,0.0,0.1,2.3000000000000003
2009,1.0,20dB_nominal_difference,real,truth_OFFLINE,OFFLINE_TRUTH,XY,z,-0.0625,x,0.6875,y,-0.5625,0.1,0.1,0.0,0.1,2.3000000000000003
2009,1.0,20dB_nominal_difference,real,truth_OFFLINE,OFFLINE_TRUTH,XY,z,-0.0625,x,-0.6875,y,-0.4375,0.1,0.1,0.0,0.1,2.3000000000000003
2009,1.0,20dB_nominal_difference,real,truth_OFFLINE,OFFLINE_TRUTH,XY,z,-0.0625,x,-0.5625,y,-0.4375,0.1,0.1,0.0,0.1,2.3000000000000003
2009,1.0,20dB_nominal_difference,real,truth_OFFLINE,OFFLINE_TRUTH,XY,z,-0.0625,x,-0.4375,y,-0.4375,0.1,0.1,0.0,0.1,2.3000000000000003
2009,1.0,20dB_nominal_difference,real,truth_OFFLINE,OFFLINE_TRUTH,XY,z,-0.0625,x,-0.3125,y,-0.4375,0.1,0.1,0.0,0.1,2.3000000000000003
2009,1.0,20dB_nominal_difference,real,truth_OFFLINE,OFFLINE_TRUTH,XY,z,-0.0625,x,-0.1875,y,-0.4375,0.1,0.1,0.0,0.1,2.3000000000000003
2009,1.0,20dB_nominal_difference,real,truth_OFFLINE,OFFLINE_TRUTH,XY,z,-0.0625,x,-0.0625,y,-0.4375,0.1,0.1,0.0,0.1,2.3000000000000003
2009,1.0,20dB_nominal_difference,real,truth_OFFLINE,OFFLINE_TRUTH,XY,z,-0.0625,x,0.0625,y,-0.4375,0.1,0.1,0.0,0.1,2.3000000000000003
2009,1.0,20dB_nominal_difference,real,truth_OFFLINE,OFFLINE_TRUTH,XY,z,-0.0625,x,0.1875,y,-0.4375,0.1,0.1,0.0,0.1,2.3000000000000003
2009,1.0,20dB_nominal_difference,real,truth_OFFLINE,OFFLINE_TRUTH,XY,z,-0.0625,x,0.3125,y,-0.4375,0.1,0.1,0.0,0.1,2.3000000000000003
2009,1.0,20dB_nominal_difference,real,truth_OFFLINE,OFFLINE_TRUTH,XY,z,-0.0625,x,0.4375,y,-0.4375,0.1,0.1,0.0,0.1,2.3000000000000003
2009,1.0,20dB_nominal_difference,real,truth_OFFLINE,OFFLINE_TRUTH,XY,z,-0.0625,x,0.5625,y,-0.4375,0.1,0.1,0.0,0.1,2.3000000000000003
2009,1.0,20dB_nominal_difference,real,truth_OFFLINE,OFFLINE_TRUTH,XY,z,-0.0625,x,0.6875,y,-0.4375,0.1,0.1,0.0,0.1,2.3000000000000003
2009,1.0,20dB_nominal_difference,real,truth_OFFLINE,OFFLINE_TRUTH,XY,z,-0.0625,x,-0.6875,y,-0.3125,0.1,0.1,0.0,0.1,2.3000000000000003
2009,1.0,20dB_nominal_difference,real,truth_OFFLINE,OFFLINE_TRUTH,XY,z,-0.0625,x,-0.5625,y,-0.3125,0.1,0.1,0.0,0.1,2.3000000000000003
2009,1.0,20dB_nominal_difference,real,truth_OFFLINE,OFFLINE_TRUTH,XY,z,-0.0625,x,-0.4375,y,-0.3125,0.1,0.1,0.0,0.1,2.3000000000000003
2009,1.0,20dB_nominal_difference,real,truth_OFFLINE,OFFLINE_TRUTH,XY,z,-0.0625,x,-0.3125,y,-0.3125,0.1,0.1,0.0,0.1,2.3000000000000003
2009,1.0,20dB_nominal_difference,real,truth_OFFLINE,OFFLINE_TRUTH,XY,z,-0.0625,x,-0.1875,y,-0.3125,0.9,0.9,0.0,0.1,2.3000000000000003
2009,1.0,20dB_nominal_difference,real,truth_OFFLINE,OFFLINE_TRUTH,XY,z,-0.0625,x,-0.0625,y,-0.3125,0.9,0.9,0.0,0.1,2.3000000000000003
2009,1.0,20dB_nominal_difference,real,truth_OFFLINE,OFFLINE_TRUTH,XY,z,-0.0625,x,0.0625,y,-0.3125,1.6,1.6,0.0,0.1,2.3000000000000003
2009,1.0,20dB_nominal_difference,real,truth_OFFLINE,OFFLINE_TRUTH,XY,z,-0.0625,x,0.1875,y,-0.3125,0.9,0.9,0.0,0.1,2.3000000000000003
2009,1.0,20dB_nominal_difference,real,truth_OFFLINE,OFFLINE_TRUTH,XY,z,-0.0625,x,0.3125,y,-0.3125,0.1,0.1,0.0,0.1,2.3000000000000003
2009,1.0,20dB_nominal_difference,real,truth_OFFLINE,OFFLINE_TRUTH,XY,z,-0.0625,x,0.4375,y,-0.3125,0.1,0.1,0.0,0.1,2.3000000000000003
2009,1.0,20dB_nominal_difference,real,truth_OFFLINE,OFFLINE_TRUTH,XY,z,-0.0625,x,0.5625,y,-0.3125,0.1,0.1,0.0,0.1,2.3000000000000003
2009,1.0,20dB_nominal_difference,real,truth_OFFLINE,OFFLINE_TRUTH,XY,z,-0.0625,x,0.6875,y,-0.3125,0.1,0.1,0.0,0.1,2.3000000000000003
2009,1.0,20dB_nominal_difference,real,truth_OFFLINE,OFFLINE_TRUTH,XY,z,-0.0625,x,-0.6875,y,-0.1875,0.1,0.1,0.0,0.1,2.3000000000000003
2009,1.0,20dB_nominal_difference,real,truth_OFFLINE,OFFLINE_TRUTH,XY,z,-0.0625,x,-0.5625,y,-0.1875,0.1,0.1,0.0,0.1,2.3000000000000003
2009,1.0,20dB_nominal_difference,real,truth_OFFLINE,OFFLINE_TRUTH,XY,z,-0.0625,x,-0.4375,y,-0.1875,0.1,0.1,0.0,0.1,2.3000000000000003
2009,1.0,20dB_nominal_difference,real,truth_OFFLINE,OFFLINE_TRUTH,XY,z,-0.0625,x,-0.3125,y,-0.1875,0.9,0.9,0.0,0.1,2.3000000000000003
2009,1.0,20dB_nominal_difference,real,truth_OFFLINE,OFFLINE_TRUTH,XY,z,-0.0625,x,-0.1875,y,-0.1875,1.6,1.6,0.0,0.1,2.3000000000000003
2009,1.0,20dB_nominal_difference,real,truth_OFFLINE,OFFLINE_TRUTH,XY,z,-0.0625,x,-0.0625,y,-0.1875,1.6,1.6,0.0,0.1,2.3000000000000003
2009,1.0,20dB_nominal_difference,real,truth_OFFLINE,OFFLINE_TRUTH,XY,z,-0.0625,x,0.0625,y,-0.1875,2.3000000000000003,2.3000000000000003,0.0,0.1,2.3000000000000003
2009,1.0,20dB_nominal_difference,real,truth_OFFLINE,OFFLINE_TRUTH,XY,z,-0.0625,x,0.1875,y,-0.1875,2.3000000000000003,2.3000000000000003,0.0,0.1,2.3000000000000003
2009,1.0,20dB_nominal_difference,real,truth_OFFLINE,OFFLINE_TRUTH,XY,z,-0.0625,x,0.3125,y,-0.1875,1.6,1.6,0.0,0.1,2.3000000000000003
2009,1.0,20dB_nominal_difference,real,truth_OFFLINE,OFFLINE_TRUTH,XY,z,-0.0625,x,0.4375,y,-0.1875,0.1,0.1,0.0,0.1,2.3000000000000003
2009,1.0,20dB_nominal_difference,real,truth_OFFLINE,OFFLINE_TRUTH,XY,z,-0.0625,x,0.5625,y,-0.1875,0.1,0.1,0.0,0.1,2.3000000000000003
2009,1.0,20dB_nominal_difference,real,truth_OFFLINE,OFFLINE_TRUTH,XY,z,-0.0625,x,0.6875,y,-0.1875,0.1,0.1,0.0,0.1,2.3000000000000003
2009,1.0,20dB_nominal_difference,real,truth_OFFLINE,OFFLINE_TRUTH,XY,z,-0.0625,x,-0.6875,y,-0.0625,0.1,0.1,0.0,0.1,2.3000000000000003
2009,1.0,20dB_nominal_difference,real,truth_OFFLINE,OFFLINE_TRUTH,XY,z,-0.0625,x,-0.5625,y,-0.0625,0.1,0.1,0.0,0.1,2.3000000000000003
2009,1.0,20dB_nominal_difference,real,truth_OFFLINE,OFFLINE_TRUTH,XY,z,-0.0625,x,-0.4375,y,-0.0625,0.1,0.1,0.0,0.1,2.3000000000000003
2009,1.0,20dB_nominal_difference,real,truth_OFFLINE,OFFLINE_TRUTH,XY,z,-0.0625,x,-0.3125,y,-0.0625,0.9,0.9,0.0,0.1,2.3000000000000003
2009,1.0,20dB_nominal_difference,real,truth_OFFLINE,OFFLINE_TRUTH,XY,z,-0.0625,x,-0.1875,y,-0.0625,1.6,1.6,0.0,0.1,2.3000000000000003
2009,1.0,20dB_nominal_difference,real,truth_OFFLINE,OFFLINE_TRUTH,XY,z,-0.0625,x,-0.0625,y,-0.0625,1.6,1.6,0.0,0.1,2.3000000000000003
2009,1.0,20dB_nominal_difference,real,truth_OFFLINE,OFFLINE_TRUTH,XY,z,-0.0625,x,0.0625,y,-0.0625,2.3000000000000003,2.3000000000000003,0.0,0.1,2.3000000000000003
2009,1.0,20dB_nominal_difference,real,truth_OFFLINE,OFFLINE_TRUTH,XY,z,-0.0625,x,0.1875,y,-0.0625,2.3000000000000003,2.3000000000000003,0.0,0.1,2.3000000000000003
2009,1.0,20dB_nominal_difference,real,truth_OFFLINE,OFFLINE_TRUTH,XY,z,-0.0625,x,0.3125,y,-0.0625,2.3000000000000003,2.3000000000000003,0.0,0.1,2.3000000000000003
2009,1.0,20dB_nominal_difference,real,truth_OFFLINE,OFFLINE_TRUTH,XY,z,-0.0625,x,0.4375,y,-0.0625,0.9,0.9,0.0,0.1,2.3000000000000003
2009,1.0,20dB_nominal_difference,real,truth_OFFLINE,OFFLINE_TRUTH,XY,z,-0.0625,x,0.5625,y,-0.0625,0.1,0.1,0.0,0.1,2.3000000000000003
2009,1.0,20dB_nominal_difference,real,truth_OFFLINE,OFFLINE_TRUTH,XY,z,-0.0625,x,0.6875,y,-0.0625,0.1,0.1,0.0,0.1,2.3000000000000003
2009,1.0,20dB_nominal_difference,real,truth_OFFLINE,OFFLINE_TRUTH,XY,z,-0.0625,x,-0.6875,y,0.0625,0.1,0.1,0.0,0.1,2.3000000000000003
2009,1.0,20dB_nominal_difference,real,truth_OFFLINE,OFFLINE_TRUTH,XY,z,-0.0625,x,-0.5625,y,0.0625,0.1,0.1,0.0,0.1,2.3000000000000003
2009,1.0,20dB_nominal_difference,real,truth_OFFLINE,OFFLINE_TRUTH,XY,z,-0.0625,x,-0.4375,y,0.0625,0.1,0.1,0.0,0.1,2.3000000000000003
2009,1.0,20dB_nominal_difference,real,truth_OFFLINE,OFFLINE_TRUTH,XY,z,-0.0625,x,-0.3125,y,0.0625,0.9,0.9,0.0,0.1,2.3000000000000003
2009,1.0,20dB_nominal_difference,real,truth_OFFLINE,OFFLINE_TRUTH,XY,z,-0.0625,x,-0.1875,y,0.0625,0.9,0.9,0.0,0.1,2.3000000000000003
2009,1.0,20dB_nominal_difference,real,truth_OFFLINE,OFFLINE_TRUTH,XY,z,-0.0625,x,-0.0625,y,0.0625,1.6,1.6,0.0,0.1,2.3000000000000003
2009,1.0,20dB_nominal_difference,real,truth_OFFLINE,OFFLINE_TRUTH,XY,z,-0.0625,x,0.0625,y,0.0625,1.6,1.6,0.0,0.1,2.3000000000000003
2009,1.0,20dB_nominal_difference,real,truth_OFFLINE,OFFLINE_TRUTH,XY,z,-0.0625,x,0.1875,y,0.0625,2.3000000000000003,2.3000000000000003,0.0,0.1,2.3000000000000003
2009,1.0,20dB_nominal_difference,real,truth_OFFLINE,OFFLINE_TRUTH,XY,z,-0.0625,x,0.3125,y,0.0625,1.6,1.6,0.0,0.1,2.3000000000000003
2009,1.0,20dB_nominal_difference,real,truth_OFFLINE,OFFLINE_TRUTH,XY,z,-0.0625,x,0.4375,y,0.0625,0.9,0.9,0.0,0.1,2.3000000000000003
2009,1.0,20dB_nominal_difference,real,truth_OFFLINE,OFFLINE_TRUTH,XY,z,-0.0625,x,0.5625,y,0.0625,0.1,0.1,0.0,0.1,2.3000000000000003
2009,1.0,20dB_nominal_difference,real,truth_OFFLINE,OFFLINE_TRUTH,XY,z,-0.0625,x,0.6875,y,0.0625,0.1,0.1,0.0,0.1,2.3000000000000003
2009,1.0,20dB_nominal_difference,real,truth_OFFLINE,OFFLINE_TRUTH,XY,z,-0.0625,x,-0.6875,y,0.1875,0.1,0.1,0.0,0.1,2.3000000000000003
2009,1.0,20dB_nominal_difference,real,truth_OFFLINE,OFFLINE_TRUTH,XY,z,-0.0625,x,-0.5625,y,0.1875,0.1,0.1,0.0,0.1,2.3000000000000003
2009,1.0,20dB_nominal_difference,real,truth_OFFLINE,OFFLINE_TRUTH,XY,z,-0.0625,x,-0.4375,y,0.1875,0.1,0.1,0.0,0.1,2.3000000000000003
2009,1.0,20dB_nominal_difference,real,truth_OFFLINE,OFFLINE_TRUTH,XY,z,-0.0625,x,-0.3125,y,0.1875,0.1,0.1,0.0,0.1,2.3000000000000003
2009,1.0,20dB_nominal_difference,real,truth_OFFLINE,OFFLINE_TRUTH,XY,z,-0.0625,x,-0.1875,y,0.1875,0.9,0.9,0.0,0.1,2.3000000000000003
2009,1.0,20dB_nominal_difference,real,truth_OFFLINE,OFFLINE_TRUTH,XY,z,-0.0625,x,-0.0625,y,0.1875,0.9,0.9,0.0,0.1,2.3000000000000003
2009,1.0,20dB_nominal_difference,real,truth_OFFLINE,OFFLINE_TRUTH,XY,z,-0.0625,x,0.0625,y,0.1875,1.6,1.6,0.0,0.1,2.3000000000000003
2009,1.0,20dB_nominal_difference,real,truth_OFFLINE,OFFLINE_TRUTH,XY,z,-0.0625,x,0.1875,y,0.1875,1.6,1.6,0.0,0.1,2.3000000000000003
2009,1.0,20dB_nominal_difference,real,truth_OFFLINE,OFFLINE_TRUTH,XY,z,-0.0625,x,0.3125,y,0.1875,0.9,0.9,0.0,0.1,2.3000000000000003
2009,1.0,20dB_nominal_difference,real,truth_OFFLINE,OFFLINE_TRUTH,XY,z,-0.0625,x,0.4375,y,0.1875,0.1,0.1,0.0,0.1,2.3000000000000003
2009,1.0,20dB_nominal_difference,real,truth_OFFLINE,OFFLINE_TRUTH,XY,z,-0.0625,x,0.5625,y,0.1875,0.1,0.1,0.0,0.1,2.3000000000000003
2009,1.0,20dB_nominal_difference,real,truth_OFFLINE,OFFLINE_TRUTH,XY,z,-0.0625,x,0.6875,y,0.1875,0.1,0.1,0.0,0.1,2.3000000000000003
2009,1.0,20dB_nominal_difference,real,truth_OFFLINE,OFFLINE_TRUTH,XY,z,-0.0625,x,-0.6875,y,0.3125,0.1,0.1,0.0,0.1,2.3000000000000003
2009,1.0,20dB_nominal_difference,real,truth_OFFLINE,OFFLINE_TRUTH,XY,z,-0.0625,x,-0.5625,y,0.3125,0.1,0.1,0.0,0.1,2.3000000000000003
2009,1.0,20dB_nominal_difference,real,truth_OFFLINE,OFFLINE_TRUTH,XY,z,-0.0625,x,-0.4375,y,0.3125,0.1,0.1,0.0,0.1,2.3000000000000003
2009,1.0,20dB_nominal_difference,real,truth_OFFLINE,OFFLINE_TRUTH,XY,z,-0.0625,x,-0.3125,y,0.3125,0.1,0.1,0.0,0.1,2.3000000000000003
2009,1.0,20dB_nominal_difference,real,truth_OFFLINE,OFFLINE_TRUTH,XY,z,-0.0625,x,-0.1875,y,0.3125,0.1,0.1,0.0,0.1,2.3000000000000003
2009,1.0,20dB_nominal_difference,real,truth_OFFLINE,OFFLINE_TRUTH,XY,z,-0.0625,x,-0.0625,y,0.3125,0.1,0.1,0.0,0.1,2.3000000000000003
2009,1.0,20dB_nominal_difference,real,truth_OFFLINE,OFFLINE_TRUTH,XY,z,-0.0625,x,0.0625,y,0.3125,0.1,0.1,0.0,0.1,2.3000000000000003
2009,1.0,20dB_nominal_difference,real,truth_OFFLINE,OFFLINE_TRUTH,XY,z,-0.0625,x,0.1875,y,0.3125,0.1,0.1,0.0,0.1,2.3000000000000003
2009,1.0,20dB_nominal_difference,real,truth_OFFLINE,OFFLINE_TRUTH,XY,z,-0.0625,x,0.3125,y,0.3125,0.1,0.1,0.0,0.1,2.3000000000000003
2009,1.0,20dB_nominal_difference,real,truth_OFFLINE,OFFLINE_TRUTH,XY,z,-0.0625,x,0.4375,y,0.3125,0.1,0.1,0.0,0.1,2.3000000000000003
2009,1.0,20dB_nominal_difference,real,truth_OFFLINE,OFFLINE_TRUTH,XY,z,-0.0625,x,0.5625,y,0.3125,0.1,0.1,0.0,0.1,2.3000000000000003
2009,1.0,20dB_nominal_difference,real,truth_OFFLINE,OFFLINE_TRUTH,XY,z,-0.0625,x,0.6875,y,0.3125,0.1,0.1,0.0,0.1,2.3000000000000003
2009,1.0,20dB_nominal_difference,real,truth_OFFLINE,OFFLINE_TRUTH,XY,z,-0.0625,x,-0.6875,y,0.4375,0.1,0.1,0.0,0.1,2.3000000000000003
2009,1.0,20dB_nominal_difference,real,truth_OFFLINE,OFFLINE_TRUTH,XY,z,-0.0625,x,-0.5625,y,0.4375,0.1,0.1,0.0,0.1,2.3000000000000003
2009,1.0,20dB_nominal_difference,real,truth_OFFLINE,OFFLINE_TRUTH,XY,z,-0.0625,x,-0.4375,y,0.4375,0.1,0.1,0.0,0.1,2.3000000000000003
2009,1.0,20dB_nominal_difference,real,truth_OFFLINE,OFFLINE_TRUTH,XY,z,-0.0625,x,-0.3125,y,0.4375,0.1,0.1,0.0,0.1,2.3000000000000003
2009,1.0,20dB_nominal_difference,real,truth_OFFLINE,OFFLINE_TRUTH,XY,z,-0.0625,x,-0.1875,y,0.4375,0.1,0.1,0.0,0.1,2.3000000000000003
2009,1.0,20dB_nominal_difference,real,truth_OFFLINE,OFFLINE_TRUTH,XY,z,-0.0625,x,-0.0625,y,0.4375,0.1,0.1,0.0,0.1,2.3000000000000003
2009,1.0,20dB_nominal_difference,real,truth_OFFLINE,OFFLINE_TRUTH,XY,z,-0.0625,x,0.0625,y,0.4375,0.1,0.1,0.0,0.1,2.3000000000000003
2009,1.0,20dB_nominal_difference,real,truth_OFFLINE,OFFLINE_TRUTH,XY,z,-0.0625,x,0.1875,y,0.4375,0.1,0.1,0.0,0.1,2.3000000000000003
2009,1.0,20dB_nominal_difference,real,truth_OFFLINE,OFFLINE_TRUTH,XY,z,-0.0625,x,0.3125,y,0.4375,0.1,0.1,0.0,0.1,2.3000000000000003
2009,1.0,20dB_nominal_difference,real,truth_OFFLINE,OFFLINE_TRUTH,XY,z,-0.0625,x,0.4375,y,0.4375,0.1,0.1,0.0,0.1,2.3000000000000003
2009,1.0,20dB_nominal_difference,real,truth_OFFLINE,OFFLINE_TRUTH,XY,z,-0.0625,x,0.5625,y,0.4375,0.1,0.1,0.0,0.1,2.3000000000000003
2009,1.0,20dB_nominal_difference,real,truth_OFFLINE,OFFLINE_TRUTH,XY,z,-0.0625,x,0.6875,y,0.4375,0.1,0.1,0.0,0.1,2.3000000000000003
2009,1.0,20dB_nominal_difference,real,truth_OFFLINE,OFFLINE_TRUTH,XY,z,-0.0625,x,-0.6875,y,0.5625,0.1,0.1,0.0,0.1,2.3000000000000003
2009,1.0,20dB_nominal_difference,real,truth_OFFLINE,OFFLINE_TRUTH,XY,z,-0.0625,x,-0.5625,y,0.5625,0.1,0.1,0.0,0.1,2.3000000000000003
2009,1.0,20dB_nominal_difference,real,truth_OFFLINE,OFFLINE_TRUTH,XY,z,-0.0625,x,-0.4375,y,0.5625,0.1,0.1,0.0,0.1,2.3000000000000003
2009,1.0,20dB_nominal_difference,real,truth_OFFLINE,OFFLINE_TRUTH,XY,z,-0.0625,x,-0.3125,y,0.5625,0.1,0.1,0.0,0.1,2.3000000000000003
2009,1.0,20dB_nominal_difference,real,truth_OFFLINE,OFFLINE_TRUTH,XY,z,-0.0625,x,-0.1875,y,0.5625,0.1,0.1,0.0,0.1,2.3000000000000003
2009,1.0,20dB_nominal_difference,real,truth_OFFLINE,OFFLINE_TRUTH,XY,z,-0.0625,x,-0.0625,y,0.5625,0.1,0.1,0.0,0.1,2.3000000000000003
2009,1.0,20dB_nominal_difference,real,truth_OFFLINE,OFFLINE_TRUTH,XY,z,-0.0625,x,0.0625,y,0.5625,0.1,0.1,0.0,0.1,2.3000000000000003
2009,1.0,20dB_nominal_difference,real,truth_OFFLINE,OFFLINE_TRUTH,XY,z,-0.0625,x,0.1875,y,0.5625,0.1,0.1,0.0,0.1,2.3000000000000003
2009,1.0,20dB_nominal_difference,real,truth_OFFLINE,OFFLINE_TRUTH,XY,z,-0.0625,x,0.3125,y,0.5625,0.1,0.1,0.0,0.1,2.3000000000000003
2009,1.0,20dB_nominal_difference,real,truth_OFFLINE,OFFLINE_TRUTH,XY,z,-0.0625,x,0.4375,y,0.5625,0.1,0.1,0.0,0.1,2.3000000000000003
2009,1.0,20dB_nominal_difference,real,truth_OFFLINE,OFFLINE_TRUTH,XY,z,-0.0625,x,0.5625,y,0.5625,0.1,0.1,0.0,0.1,2.3000000000000003
2009,1.0,20dB_nominal_difference,real,truth_OFFLINE,OFFLINE_TRUTH,XY,z,-0.0625,x,0.6875,y,0.5625,0.1,0.1,0.0,0.1,2.3000000000000003
2009,1.0,20dB_nominal_difference,real,truth_OFFLINE,OFFLINE_TRUTH,XY,z,-0.0625,x,-0.6875,y,0.6875,0.1,0.1,0.0,0.1,2.3000000000000003
2009,1.0,20dB_nominal_difference,real,truth_OFFLINE,OFFLINE_TRUTH,XY,z,-0.0625,x,-0.5625,y,0.6875,0.1,0.1,0.0,0.1,2.3000000000000003
2009,1.0,20dB_nominal_difference,real,truth_OFFLINE,OFFLINE_TRUTH,XY,z,-0.0625,x,-0.4375,y,0.6875,0.1,0.1,0.0,0.1,2.3000000000000003
2009,1.0,20dB_nominal_difference,real,truth_OFFLINE,OFFLINE_TRUTH,XY,z,-0.0625,x,-0.3125,y,0.6875,0.1,0.1,0.0,0.1,2.3000000000000003
2009,1.0,20dB_nominal_difference,real,truth_OFFLINE,OFFLINE_TRUTH,XY,z,-0.0625,x,-0.1875,y,0.6875,0.1,0.1,0.0,0.1,2.3000000000000003
2009,1.0,20dB_nominal_difference,real,truth_OFFLINE,OFFLINE_TRUTH,XY,z,-0.0625,x,-0.0625,y,0.6875,0.1,0.1,0.0,0.1,2.3000000000000003
2009,1.0,20dB_nominal_difference,real,truth_OFFLINE,OFFLINE_TRUTH,XY,z,-0.0625,x,0.0625,y,0.6875,0.1,0.1,0.0,0.1,2.3000000000000003
2009,1.0,20dB_nominal_difference,real,truth_OFFLINE,OFFLINE_TRUTH,XY,z,-0.0625,x,0.1875,y,0.6875,0.1,0.1,0.0,0.1,2.3000000000000003
2009,1.0,20dB_nominal_difference,real,truth_OFFLINE,OFFLINE_TRUTH,XY,z,-0.0625,x,0.3125,y,0.6875,0.1,0.1,0.0,0.1,2.3000000000000003
2009,1.0,20dB_nominal_difference,real,truth_OFFLINE,OFFLINE_TRUTH,XY,z,-0.0625,x,0.4375,y,0.6875,0.1,0.1,0.0,0.1,2.3000000000000003
2009,1.0,20dB_nominal_difference,real,truth_OFFLINE,OFFLINE_TRUTH,XY,z,-0.0625,x,0.5625,y,0.6875,0.1,0.1,0.0,0.1,2.3000000000000003
2009,1.0,20dB_nominal_difference,real,truth_OFFLINE,OFFLINE_TRUTH,XY,z,-0.0625,x,0.6875,y,0.6875,0.1,0.1,0.0,0.1,2.3000000000000003
2009,1.0,20dB_nominal_difference,real,truth_OFFLINE,OFFLINE_TRUTH,XZ,y,-0.0625,x,-0.6875,z,-0.6875,0.1,0.1,0.0,0.1,2.3000000000000003
2009,1.0,20dB_nominal_difference,real,truth_OFFLINE,OFFLINE_TRUTH,XZ,y,-0.0625,x,-0.5625,z,-0.6875,0.1,0.1,0.0,0.1,2.3000000000000003
2009,1.0,20dB_nominal_difference,real,truth_OFFLINE,OFFLINE_TRUTH,XZ,y,-0.0625,x,-0.4375,z,-0.6875,0.1,0.1,0.0,0.1,2.3000000000000003
2009,1.0,20dB_nominal_difference,real,truth_OFFLINE,OFFLINE_TRUTH,XZ,y,-0.0625,x,-0.3125,z,-0.6875,0.1,0.1,0.0,0.1,2.3000000000000003
2009,1.0,20dB_nominal_difference,real,truth_OFFLINE,OFFLINE_TRUTH,XZ,y,-0.0625,x,-0.1875,z,-0.6875,0.1,0.1,0.0,0.1,2.3000000000000003
2009,1.0,20dB_nominal_difference,real,truth_OFFLINE,OFFLINE_TRUTH,XZ,y,-0.0625,x,-0.0625,z,-0.6875,0.1,0.1,0.0,0.1,2.3000000000000003
2009,1.0,20dB_nominal_difference,real,truth_OFFLINE,OFFLINE_TRUTH,XZ,y,-0.0625,x,0.0625,z,-0.6875,0.1,0.1,0.0,0.1,2.3000000000000003
2009,1.0,20dB_nominal_difference,real,truth_OFFLINE,OFFLINE_TRUTH,XZ,y,-0.0625,x,0.1875,z,-0.6875,0.1,0.1,0.0,0.1,2.3000000000000003
2009,1.0,20dB_nominal_difference,real,truth_OFFLINE,OFFLINE_TRUTH,XZ,y,-0.0625,x,0.3125,z,-0.6875,0.1,0.1,0.0,0.1,2.3000000000000003
2009,1.0,20dB_nominal_difference,real,truth_OFFLINE,OFFLINE_TRUTH,XZ,y,-0.0625,x,0.4375,z,-0.6875,0.1,0.1,0.0,0.1,2.3000000000000003
2009,1.0,20dB_nominal_difference,real,truth_OFFLINE,OFFLINE_TRUTH,XZ,y,-0.0625,x,0.5625,z,-0.6875,0.1,0.1,0.0,0.1,2.3000000000000003
2009,1.0,20dB_nominal_difference,real,truth_OFFLINE,OFFLINE_TRUTH,XZ,y,-0.0625,x,0.6875,z,-0.6875,0.1,0.1,0.0,0.1,2.3000000000000003
2009,1.0,20dB_nominal_difference,real,truth_OFFLINE,OFFLINE_TRUTH,XZ,y,-0.0625,x,-0.6875,z,-0.5625,0.1,0.1,0.0,0.1,2.3000000000000003
2009,1.0,20dB_nominal_difference,real,truth_OFFLINE,OFFLINE_TRUTH,XZ,y,-0.0625,x,-0.5625,z,-0.5625,0.1,0.1,0.0,0.1,2.3000000000000003
2009,1.0,20dB_nominal_difference,real,truth_OFFLINE,OFFLINE_TRUTH,XZ,y,-0.0625,x,-0.4375,z,-0.5625,0.1,0.1,0.0,0.1,2.3000000000000003
2009,1.0,20dB_nominal_difference,real,truth_OFFLINE,OFFLINE_TRUTH,XZ,y,-0.0625,x,-0.3125,z,-0.5625,0.1,0.1,0.0,0.1,2.3000000000000003
2009,1.0,20dB_nominal_difference,real,truth_OFFLINE,OFFLINE_TRUTH,XZ,y,-0.0625,x,-0.1875,z,-0.5625,0.1,0.1,0.0,0.1,2.3000000000000003
2009,1.0,20dB_nominal_difference,real,truth_OFFLINE,OFFLINE_TRUTH,XZ,y,-0.0625,x,-0.0625,z,-0.5625,0.1,0.1,0.0,0.1,2.3000000000000003
2009,1.0,20dB_nominal_difference,real,truth_OFFLINE,OFFLINE_TRUTH,XZ,y,-0.0625,x,0.0625,z,-0.5625,0.1,0.1,0.0,0.1,2.3000000000000003
2009,1.0,20dB_nominal_difference,real,truth_OFFLINE,OFFLINE_TRUTH,XZ,y,-0.0625,x,0.1875,z,-0.5625,0.1,0.1,0.0,0.1,2.3000000000000003
2009,1.0,20dB_nominal_difference,real,truth_OFFLINE,OFFLINE_TRUTH,XZ,y,-0.0625,x,0.3125,z,-0.5625,0.1,0.1,0.0,0.1,2.3000000000000003
2009,1.0,20dB_nominal_difference,real,truth_OFFLINE,OFFLINE_TRUTH,XZ,y,-0.0625,x,0.4375,z,-0.5625,0.1,0.1,0.0,0.1,2.3000000000000003
2009,1.0,20dB_nominal_difference,real,truth_OFFLINE,OFFLINE_TRUTH,XZ,y,-0.0625,x,0.5625,z,-0.5625,0.1,0.1,0.0,0.1,2.3000000000000003
2009,1.0,20dB_nominal_difference,real,truth_OFFLINE,OFFLINE_TRUTH,XZ,y,-0.0625,x,0.6875,z,-0.5625,0.1,0.1,0.0,0.1,2.3000000000000003
2009,1.0,20dB_nominal_difference,real,truth_OFFLINE,OFFLINE_TRUTH,XZ,y,-0.0625,x,-0.6875,z,-0.4375,0.1,0.1,0.0,0.1,2.3000000000000003
2009,1.0,20dB_nominal_difference,real,truth_OFFLINE,OFFLINE_TRUTH,XZ,y,-0.0625,x,-0.5625,z,-0.4375,0.1,0.1,0.0,0.1,2.3000000000000003
2009,1.0,20dB_nominal_difference,real,truth_OFFLINE,OFFLINE_TRUTH,XZ,y,-0.0625,x,-0.4375,z,-0.4375,0.1,0.1,0.0,0.1,2.3000000000000003
2009,1.0,20dB_nominal_difference,real,truth_OFFLINE,OFFLINE_TRUTH,XZ,y,-0.0625,x,-0.3125,z,-0.4375,0.1,0.1,0.0,0.1,2.3000000000000003
2009,1.0,20dB_nominal_difference,real,truth_OFFLINE,OFFLINE_TRUTH,XZ,y,-0.0625,x,-0.1875,z,-0.4375,0.1,0.1,0.0,0.1,2.3000000000000003
2009,1.0,20dB_nominal_difference,real,truth_OFFLINE,OFFLINE_TRUTH,XZ,y,-0.0625,x,-0.0625,z,-0.4375,0.1,0.1,0.0,0.1,2.3000000000000003
2009,1.0,20dB_nominal_difference,real,truth_OFFLINE,OFFLINE_TRUTH,XZ,y,-0.0625,x,0.0625,z,-0.4375,0.1,0.1,0.0,0.1,2.3000000000000003
2009,1.0,20dB_nominal_difference,real,truth_OFFLINE,OFFLINE_TRUTH,XZ,y,-0.0625,x,0.1875,z,-0.4375,0.1,0.1,0.0,0.1,2.3000000000000003
2009,1.0,20dB_nominal_difference,real,truth_OFFLINE,OFFLINE_TRUTH,XZ,y,-0.0625,x,0.3125,z,-0.4375,0.1,0.1,0.0,0.1,2.3000000000000003
2009,1.0,20dB_nominal_difference,real,truth_OFFLINE,OFFLINE_TRUTH,XZ,y,-0.0625,x,0.4375,z,-0.4375,0.1,0.1,0.0,0.1,2.3000000000000003
2009,1.0,20dB_nominal_difference,real,truth_OFFLINE,OFFLINE_TRUTH,XZ,y,-0.0625,x,0.5625,z,-0.4375,0.1,0.1,0.0,0.1,2.3000000000000003
2009,1.0,20dB_nominal_difference,real,truth_OFFLINE,OFFLINE_TRUTH,XZ,y,-0.0625,x,0.6875,z,-0.4375,0.1,0.1,0.0,0.1,2.3000000000000003
2009,1.0,20dB_nominal_difference,real,truth_OFFLINE,OFFLINE_TRUTH,XZ,y,-0.0625,x,-0.6875,z,-0.3125,0.1,0.1,0.0,0.1,2.3000000000000003
2009,1.0,20dB_nominal_difference,real,truth_OFFLINE,OFFLINE_TRUTH,XZ,y,-0.0625,x,-0.5625,z,-0.3125,0.1,0.1,0.0,0.1,2.3000000000000003
2009,1.0,20dB_nominal_difference,real,truth_OFFLINE,OFFLINE_TRUTH,XZ,y,-0.0625,x,-0.4375,z,-0.3125,0.1,0.1,0.0,0.1,2.3000000000000003
2009,1.0,20dB_nominal_difference,real,truth_OFFLINE,OFFLINE_TRUTH,XZ,y,-0.0625,x,-0.3125,z,-0.3125,0.1,0.1,0.0,0.1,2.3000000000000003
2009,1.0,20dB_nominal_difference,real,truth_OFFLINE,OFFLINE_TRUTH,XZ,y,-0.0625,x,-0.1875,z,-0.3125,0.9,0.9,0.0,0.1,2.3000000000000003
2009,1.0,20dB_nominal_difference,real,truth_OFFLINE,OFFLINE_TRUTH,XZ,y,-0.0625,x,-0.0625,z,-0.3125,0.9,0.9,0.0,0.1,2.3000000000000003
2009,1.0,20dB_nominal_difference,real,truth_OFFLINE,OFFLINE_TRUTH,XZ,y,-0.0625,x,0.0625,z,-0.3125,0.9,0.9,0.0,0.1,2.3000000000000003
2009,1.0,20dB_nominal_difference,real,truth_OFFLINE,OFFLINE_TRUTH,XZ,y,-0.0625,x,0.1875,z,-0.3125,0.9,0.9,0.0,0.1,2.3000000000000003
2009,1.0,20dB_nominal_difference,real,truth_OFFLINE,OFFLINE_TRUTH,XZ,y,-0.0625,x,0.3125,z,-0.3125,0.1,0.1,0.0,0.1,2.3000000000000003
2009,1.0,20dB_nominal_difference,real,truth_OFFLINE,OFFLINE_TRUTH,XZ,y,-0.0625,x,0.4375,z,-0.3125,0.1,0.1,0.0,0.1,2.3000000000000003
2009,1.0,20dB_nominal_difference,real,truth_OFFLINE,OFFLINE_TRUTH,XZ,y,-0.0625,x,0.5625,z,-0.3125,0.1,0.1,0.0,0.1,2.3000000000000003
2009,1.0,20dB_nominal_difference,real,truth_OFFLINE,OFFLINE_TRUTH,XZ,y,-0.0625,x,0.6875,z,-0.3125,0.1,0.1,0.0,0.1,2.3000000000000003
2009,1.0,20dB_nominal_difference,real,truth_OFFLINE,OFFLINE_TRUTH,XZ,y,-0.0625,x,-0.6875,z,-0.1875,0.1,0.1,0.0,0.1,2.3000000000000003
2009,1.0,20dB_nominal_difference,real,truth_OFFLINE,OFFLINE_TRUTH,XZ,y,-0.0625,x,-0.5625,z,-0.1875,0.1,0.1,0.0,0.1,2.3000000000000003
2009,1.0,20dB_nominal_difference,real,truth_OFFLINE,OFFLINE_TRUTH,XZ,y,-0.0625,x,-0.4375,z,-0.1875,0.1,0.1,0.0,0.1,2.3000000000000003
2009,1.0,20dB_nominal_difference,real,truth_OFFLINE,OFFLINE_TRUTH,XZ,y,-0.0625,x,-0.3125,z,-0.1875,0.9,0.9,0.0,0.1,2.3000000000000003
2009,1.0,20dB_nominal_difference,real,truth_OFFLINE,OFFLINE_TRUTH,XZ,y,-0.0625,x,-0.1875,z,-0.1875,0.9,0.9,0.0,0.1,2.3000000000000003
2009,1.0,20dB_nominal_difference,real,truth_OFFLINE,OFFLINE_TRUTH,XZ,y,-0.0625,x,-0.0625,z,-0.1875,1.6,1.6,0.0,0.1,2.3000000000000003
2009,1.0,20dB_nominal_difference,real,truth_OFFLINE,OFFLINE_TRUTH,XZ,y,-0.0625,x,0.0625,z,-0.1875,1.6,1.6,0.0,0.1,2.3000000000000003
2009,1.0,20dB_nominal_difference,real,truth_OFFLINE,OFFLINE_TRUTH,XZ,y,-0.0625,x,0.1875,z,-0.1875,1.6,1.6,0.0,0.1,2.3000000000000003
2009,1.0,20dB_nominal_difference,real,truth_OFFLINE,OFFLINE_TRUTH,XZ,y,-0.0625,x,0.3125,z,-0.1875,1.6,1.6,0.0,0.1,2.3000000000000003
2009,1.0,20dB_nominal_difference,real,truth_OFFLINE,OFFLINE_TRUTH,XZ,y,-0.0625,x,0.4375,z,-0.1875,0.1,0.1,0.0,0.1,2.3000000000000003
2009,1.0,20dB_nominal_difference,real,truth_OFFLINE,OFFLINE_TRUTH,XZ,y,-0.0625,x,0.5625,z,-0.1875,0.1,0.1,0.0,0.1,2.3000000000000003
2009,1.0,20dB_nominal_difference,real,truth_OFFLINE,OFFLINE_TRUTH,XZ,y,-0.0625,x,0.6875,z,-0.1875,0.1,0.1,0.0,0.1,2.3000000000000003
2009,1.0,20dB_nominal_difference,real,truth_OFFLINE,OFFLINE_TRUTH,XZ,y,-0.0625,x,-0.6875,z,-0.0625,0.1,0.1,0.0,0.1,2.3000000000000003
2009,1.0,20dB_nominal_difference,real,truth_OFFLINE,OFFLINE_TRUTH,XZ,y,-0.0625,x,-0.5625,z,-0.0625,0.1,0.1,0.0,0.1,2.3000000000000003
2009,1.0,20dB_nominal_difference,real,truth_OFFLINE,OFFLINE_TRUTH,XZ,y,-0.0625,x,-0.4375,z,-0.0625,0.1,0.1,0.0,0.1,2.3000000000000003
2009,1.0,20dB_nominal_difference,real,truth_OFFLINE,OFFLINE_TRUTH,XZ,y,-0.0625,x,-0.3125,z,-0.0625,0.9,0.9,0.0,0.1,2.3000000000000003
2009,1.0,20dB_nominal_difference,real,truth_OFFLINE,OFFLINE_TRUTH,XZ,y,-0.0625,x,-0.1875,z,-0.0625,1.6,1.6,0.0,0.1,2.3000000000000003
2009,1.0,20dB_nominal_difference,real,truth_OFFLINE,OFFLINE_TRUTH,XZ,y,-0.0625,x,-0.0625,z,-0.0625,1.6,1.6,0.0,0.1,2.3000000000000003
2009,1.0,20dB_nominal_difference,real,truth_OFFLINE,OFFLINE_TRUTH,XZ,y,-0.0625,x,0.0625,z,-0.0625,2.3000000000000003,2.3000000000000003,0.0,0.1,2.3000000000000003
2009,1.0,20dB_nominal_difference,real,truth_OFFLINE,OFFLINE_TRUTH,XZ,y,-0.0625,x,0.1875,z,-0.0625,2.3000000000000003,2.3000000000000003,0.0,0.1,2.3000000000000003
2009,1.0,20dB_nominal_difference,real,truth_OFFLINE,OFFLINE_TRUTH,XZ,y,-0.0625,x,0.3125,z,-0.0625,2.3000000000000003,2.3000000000000003,0.0,0.1,2.3000000000000003
2009,1.0,20dB_nominal_difference,real,truth_OFFLINE,OFFLINE_TRUTH,XZ,y,-0.0625,x,0.4375,z,-0.0625,0.9,0.9,0.0,0.1,2.3000000000000003
2009,1.0,20dB_nominal_difference,real,truth_OFFLINE,OFFLINE_TRUTH,XZ,y,-0.0625,x,0.5625,z,-0.0625,0.1,0.1,0.0,0.1,2.3000000000000003
2009,1.0,20dB_nominal_difference,real,truth_OFFLINE,OFFLINE_TRUTH,XZ,y,-0.0625,x,0.6875,z,-0.0625,0.1,0.1,0.0,0.1,2.3000000000000003
2009,1.0,20dB_nominal_difference,real,truth_OFFLINE,OFFLINE_TRUTH,XZ,y,-0.0625,x,-0.6875,z,0.0625,0.1,0.1,0.0,0.1,2.3000000000000003
2009,1.0,20dB_nominal_difference,real,truth_OFFLINE,OFFLINE_TRUTH,XZ,y,-0.0625,x,-0.5625,z,0.0625,0.1,0.1,0.0,0.1,2.3000000000000003
2009,1.0,20dB_nominal_difference,real,truth_OFFLINE,OFFLINE_TRUTH,XZ,y,-0.0625,x,-0.4375,z,0.0625,0.1,0.1,0.0,0.1,2.3000000000000003
2009,1.0,20dB_nominal_difference,real,truth_OFFLINE,OFFLINE_TRUTH,XZ,y,-0.0625,x,-0.3125,z,0.0625,0.9,0.9,0.0,0.1,2.3000000000000003
2009,1.0,20dB_nominal_difference,real,truth_OFFLINE,OFFLINE_TRUTH,XZ,y,-0.0625,x,-0.1875,z,0.0625,1.6,1.6,0.0,0.1,2.3000000000000003
2009,1.0,20dB_nominal_difference,real,truth_OFFLINE,OFFLINE_TRUTH,XZ,y,-0.0625,x,-0.0625,z,0.0625,2.3000000000000003,2.3000000000000003,0.0,0.1,2.3000000000000003
2009,1.0,20dB_nominal_difference,real,truth_OFFLINE,OFFLINE_TRUTH,XZ,y,-0.0625,x,0.0625,z,0.0625,2.3000000000000003,2.3000000000000003,0.0,0.1,2.3000000000000003
2009,1.0,20dB_nominal_difference,real,truth_OFFLINE,OFFLINE_TRUTH,XZ,y,-0.0625,x,0.1875,z,0.0625,2.3000000000000003,2.3000000000000003,0.0,0.1,2.3000000000000003
2009,1.0,20dB_nominal_difference,real,truth_OFFLINE,OFFLINE_TRUTH,XZ,y,-0.0625,x,0.3125,z,0.0625,2.3000000000000003,2.3000000000000003,0.0,0.1,2.3000000000000003
2009,1.0,20dB_nominal_difference,real,truth_OFFLINE,OFFLINE_TRUTH,XZ,y,-0.0625,x,0.4375,z,0.0625,0.9,0.9,0.0,0.1,2.3000000000000003
2009,1.0,20dB_nominal_difference,real,truth_OFFLINE,OFFLINE_TRUTH,XZ,y,-0.0625,x,0.5625,z,0.0625,0.1,0.1,0.0,0.1,2.3000000000000003
2009,1.0,20dB_nominal_difference,real,truth_OFFLINE,OFFLINE_TRUTH,XZ,y,-0.0625,x,0.6875,z,0.0625,0.1,0.1,0.0,0.1,2.3000000000000003
2009,1.0,20dB_nominal_difference,real,truth_OFFLINE,OFFLINE_TRUTH,XZ,y,-0.0625,x,-0.6875,z,0.1875,0.1,0.1,0.0,0.1,2.3000000000000003
2009,1.0,20dB_nominal_difference,real,truth_OFFLINE,OFFLINE_TRUTH,XZ,y,-0.0625,x,-0.5625,z,0.1875,0.1,0.1,0.0,0.1,2.3000000000000003
2009,1.0,20dB_nominal_difference,real,truth_OFFLINE,OFFLINE_TRUTH,XZ,y,-0.0625,x,-0.4375,z,0.1875,0.1,0.1,0.0,0.1,2.3000000000000003
2009,1.0,20dB_nominal_difference,real,truth_OFFLINE,OFFLINE_TRUTH,XZ,y,-0.0625,x,-0.3125,z,0.1875,0.9,0.9,0.0,0.1,2.3000000000000003
2009,1.0,20dB_nominal_difference,real,truth_OFFLINE,OFFLINE_TRUTH,XZ,y,-0.0625,x,-0.1875,z,0.1875,0.9,0.9,0.0,0.1,2.3000000000000003
2009,1.0,20dB_nominal_difference,real,truth_OFFLINE,OFFLINE_TRUTH,XZ,y,-0.0625,x,-0.0625,z,0.1875,1.6,1.6,0.0,0.1,2.3000000000000003
2009,1.0,20dB_nominal_difference,real,truth_OFFLINE,OFFLINE_TRUTH,XZ,y,-0.0625,x,0.0625,z,0.1875,2.3000000000000003,2.3000000000000003,0.0,0.1,2.3000000000000003
2009,1.0,20dB_nominal_difference,real,truth_OFFLINE,OFFLINE_TRUTH,XZ,y,-0.0625,x,0.1875,z,0.1875,2.3000000000000003,2.3000000000000003,0.0,0.1,2.3000000000000003
2009,1.0,20dB_nominal_difference,real,truth_OFFLINE,OFFLINE_TRUTH,XZ,y,-0.0625,x,0.3125,z,0.1875,1.6,1.6,0.0,0.1,2.3000000000000003
2009,1.0,20dB_nominal_difference,real,truth_OFFLINE,OFFLINE_TRUTH,XZ,y,-0.0625,x,0.4375,z,0.1875,0.1,0.1,0.0,0.1,2.3000000000000003
2009,1.0,20dB_nominal_difference,real,truth_OFFLINE,OFFLINE_TRUTH,XZ,y,-0.0625,x,0.5625,z,0.1875,0.1,0.1,0.0,0.1,2.3000000000000003
2009,1.0,20dB_nominal_difference,real,truth_OFFLINE,OFFLINE_TRUTH,XZ,y,-0.0625,x,0.6875,z,0.1875,0.1,0.1,0.0,0.1,2.3000000000000003
2009,1.0,20dB_nominal_difference,real,truth_OFFLINE,OFFLINE_TRUTH,XZ,y,-0.0625,x,-0.6875,z,0.3125,0.1,0.1,0.0,0.1,2.3000000000000003
2009,1.0,20dB_nominal_difference,real,truth_OFFLINE,OFFLINE_TRUTH,XZ,y,-0.0625,x,-0.5625,z,0.3125,0.1,0.1,0.0,0.1,2.3000000000000003
2009,1.0,20dB_nominal_difference,real,truth_OFFLINE,OFFLINE_TRUTH,XZ,y,-0.0625,x,-0.4375,z,0.3125,0.1,0.1,0.0,0.1,2.3000000000000003
2009,1.0,20dB_nominal_difference,real,truth_OFFLINE,OFFLINE_TRUTH,XZ,y,-0.0625,x,-0.3125,z,0.3125,0.1,0.1,0.0,0.1,2.3000000000000003
2009,1.0,20dB_nominal_difference,real,truth_OFFLINE,OFFLINE_TRUTH,XZ,y,-0.0625,x,-0.1875,z,0.3125,0.9,0.9,0.0,0.1,2.3000000000000003
2009,1.0,20dB_nominal_difference,real,truth_OFFLINE,OFFLINE_TRUTH,XZ,y,-0.0625,x,-0.0625,z,0.3125,0.9,0.9,0.0,0.1,2.3000000000000003
2009,1.0,20dB_nominal_difference,real,truth_OFFLINE,OFFLINE_TRUTH,XZ,y,-0.0625,x,0.0625,z,0.3125,0.9,0.9,0.0,0.1,2.3000000000000003
2009,1.0,20dB_nominal_difference,real,truth_OFFLINE,OFFLINE_TRUTH,XZ,y,-0.0625,x,0.1875,z,0.3125,0.9,0.9,0.0,0.1,2.3000000000000003
2009,1.0,20dB_nominal_difference,real,truth_OFFLINE,OFFLINE_TRUTH,XZ,y,-0.0625,x,0.3125,z,0.3125,0.1,0.1,0.0,0.1,2.3000000000000003
2009,1.0,20dB_nominal_difference,real,truth_OFFLINE,OFFLINE_TRUTH,XZ,y,-0.0625,x,0.4375,z,0.3125,0.1,0.1,0.0,0.1,2.3000000000000003
2009,1.0,20dB_nominal_difference,real,truth_OFFLINE,OFFLINE_TRUTH,XZ,y,-0.0625,x,0.5625,z,0.3125,0.1,0.1,0.0,0.1,2.3000000000000003
2009,1.0,20dB_nominal_difference,real,truth_OFFLINE,OFFLINE_TRUTH,XZ,y,-0.0625,x,0.6875,z,0.3125,0.1,0.1,0.0,0.1,2.3000000000000003
2009,1.0,20dB_nominal_difference,real,truth_OFFLINE,OFFLINE_TRUTH,XZ,y,-0.0625,x,-0.6875,z,0.4375,0.1,0.1,0.0,0.1,2.3000000000000003
2009,1.0,20dB_nominal_difference,real,truth_OFFLINE,OFFLINE_TRUTH,XZ,y,-0.0625,x,-0.5625,z,0.4375,0.1,0.1,0.0,0.1,2.3000000000000003
2009,1.0,20dB_nominal_difference,real,truth_OFFLINE,OFFLINE_TRUTH,XZ,y,-0.0625,x,-0.4375,z,0.4375,0.1,0.1,0.0,0.1,2.3000000000000003
2009,1.0,20dB_nominal_difference,real,truth_OFFLINE,OFFLINE_TRUTH,XZ,y,-0.0625,x,-0.3125,z,0.4375,0.1,0.1,0.0,0.1,2.3000000000000003
2009,1.0,20dB_nominal_difference,real,truth_OFFLINE,OFFLINE_TRUTH,XZ,y,-0.0625,x,-0.1875,z,0.4375,0.1,0.1,0.0,0.1,2.3000000000000003
2009,1.0,20dB_nominal_difference,real,truth_OFFLINE,OFFLINE_TRUTH,XZ,y,-0.0625,x,-0.0625,z,0.4375,0.1,0.1,0.0,0.1,2.3000000000000003
2009,1.0,20dB_nominal_difference,real,truth_OFFLINE,OFFLINE_TRUTH,XZ,y,-0.0625,x,0.0625,z,0.4375,0.1,0.1,0.0,0.1,2.3000000000000003
2009,1.0,20dB_nominal_difference,real,truth_OFFLINE,OFFLINE_TRUTH,XZ,y,-0.0625,x,0.1875,z,0.4375,0.1,0.1,0.0,0.1,2.3000000000000003
2009,1.0,20dB_nominal_difference,real,truth_OFFLINE,OFFLINE_TRUTH,XZ,y,-0.0625,x,0.3125,z,0.4375,0.1,0.1,0.0,0.1,2.3000000000000003
2009,1.0,20dB_nominal_difference,real,truth_OFFLINE,OFFLINE_TRUTH,XZ,y,-0.0625,x,0.4375,z,0.4375,0.1,0.1,0.0,0.1,2.3000000000000003
2009,1.0,20dB_nominal_difference,real,truth_OFFLINE,OFFLINE_TRUTH,XZ,y,-0.0625,x,0.5625,z,0.4375,0.1,0.1,0.0,0.1,2.3000000000000003
2009,1.0,20dB_nominal_difference,real,truth_OFFLINE,OFFLINE_TRUTH,XZ,y,-0.0625,x,0.6875,z,0.4375,0.1,0.1,0.0,0.1,2.3000000000000003
2009,1.0,20dB_nominal_difference,real,truth_OFFLINE,OFFLINE_TRUTH,XZ,y,-0.0625,x,-0.6875,z,0.5625,0.1,0.1,0.0,0.1,2.3000000000000003
2009,1.0,20dB_nominal_difference,real,truth_OFFLINE,OFFLINE_TRUTH,XZ,y,-0.0625,x,-0.5625,z,0.5625,0.1,0.1,0.0,0.1,2.3000000000000003
2009,1.0,20dB_nominal_difference,real,truth_OFFLINE,OFFLINE_TRUTH,XZ,y,-0.0625,x,-0.4375,z,0.5625,0.1,0.1,0.0,0.1,2.3000000000000003
2009,1.0,20dB_nominal_difference,real,truth_OFFLINE,OFFLINE_TRUTH,XZ,y,-0.0625,x,-0.3125,z,0.5625,0.1,0.1,0.0,0.1,2.3000000000000003
2009,1.0,20dB_nominal_difference,real,truth_OFFLINE,OFFLINE_TRUTH,XZ,y,-0.0625,x,-0.1875,z,0.5625,0.1,0.1,0.0,0.1,2.3000000000000003
2009,1.0,20dB_nominal_difference,real,truth_OFFLINE,OFFLINE_TRUTH,XZ,y,-0.0625,x,-0.0625,z,0.5625,0.1,0.1,0.0,0.1,2.3000000000000003
2009,1.0,20dB_nominal_difference,real,truth_OFFLINE,OFFLINE_TRUTH,XZ,y,-0.0625,x,0.0625,z,0.5625,0.1,0.1,0.0,0.1,2.3000000000000003
2009,1.0,20dB_nominal_difference,real,truth_OFFLINE,OFFLINE_TRUTH,XZ,y,-0.0625,x,0.1875,z,0.5625,0.1,0.1,0.0,0.1,2.3000000000000003
2009,1.0,20dB_nominal_difference,real,truth_OFFLINE,OFFLINE_TRUTH,XZ,y,-0.0625,x,0.3125,z,0.5625,0.1,0.1,0.0,0.1,2.3000000000000003
2009,1.0,20dB_nominal_difference,real,truth_OFFLINE,OFFLINE_TRUTH,XZ,y,-0.0625,x,0.4375,z,0.5625,0.1,0.1,0.0,0.1,2.3000000000000003
2009,1.0,20dB_nominal_difference,real,truth_OFFLINE,OFFLINE_TRUTH,XZ,y,-0.0625,x,0.5625,z,0.5625,0.1,0.1,0.0,0.1,2.3000000000000003
2009,1.0,20dB_nominal_difference,real,truth_OFFLINE,OFFLINE_TRUTH,XZ,y,-0.0625,x,0.6875,z,0.5625,0.1,0.1,0.0,0.1,2.3000000000000003
2009,1.0,20dB_nominal_difference,real,truth_OFFLINE,OFFLINE_TRUTH,XZ,y,-0.0625,x,-0.6875,z,0.6875,0.1,0.1,0.0,0.1,2.3000000000000003
2009,1.0,20dB_nominal_difference,real,truth_OFFLINE,OFFLINE_TRUTH,XZ,y,-0.0625,x,-0.5625,z,0.6875,0.1,0.1,0.0,0.1,2.3000000000000003
2009,1.0,20dB_nominal_difference,real,truth_OFFLINE,OFFLINE_TRUTH,XZ,y,-0.0625,x,-0.4375,z,0.6875,0.1,0.1,0.0,0.1,2.3000000000000003
2009,1.0,20dB_nominal_difference,real,truth_OFFLINE,OFFLINE_TRUTH,XZ,y,-0.0625,x,-0.3125,z,0.6875,0.1,0.1,0.0,0.1,2.3000000000000003
2009,1.0,20dB_nominal_difference,real,truth_OFFLINE,OFFLINE_TRUTH,XZ,y,-0.0625,x,-0.1875,z,0.6875,0.1,0.1,0.0,0.1,2.3000000000000003
2009,1.0,20dB_nominal_difference,real,truth_OFFLINE,OFFLINE_TRUTH,XZ,y,-0.0625,x,-0.0625,z,0.6875,0.1,0.1,0.0,0.1,2.3000000000000003
2009,1.0,20dB_nominal_difference,real,truth_OFFLINE,OFFLINE_TRUTH,XZ,y,-0.0625,x,0.0625,z,0.6875,0.1,0.1,0.0,0.1,2.3000000000000003
2009,1.0,20dB_nominal_difference,real,truth_OFFLINE,OFFLINE_TRUTH,XZ,y,-0.0625,x,0.1875,z,0.6875,0.1,0.1,0.0,0.1,2.3000000000000003
2009,1.0,20dB_nominal_difference,real,truth_OFFLINE,OFFLINE_TRUTH,XZ,y,-0.0625,x,0.3125,z,0.6875,0.1,0.1,0.0,0.1,2.3000000000000003
2009,1.0,20dB_nominal_difference,real,truth_OFFLINE,OFFLINE_TRUTH,XZ,y,-0.0625,x,0.4375,z,0.6875,0.1,0.1,0.0,0.1,2.3000000000000003
2009,1.0,20dB_nominal_difference,real,truth_OFFLINE,OFFLINE_TRUTH,XZ,y,-0.0625,x,0.5625,z,0.6875,0.1,0.1,0.0,0.1,2.3000000000000003
2009,1.0,20dB_nominal_difference,real,truth_OFFLINE,OFFLINE_TRUTH,XZ,y,-0.0625,x,0.6875,z,0.6875,0.1,0.1,0.0,0.1,2.3000000000000003
2009,1.0,20dB_nominal_difference,real,truth_OFFLINE,OFFLINE_TRUTH,YZ,x,-0.0625,y,-0.6875,z,-0.6875,0.1,0.1,0.0,0.1,2.3000000000000003
2009,1.0,20dB_nominal_difference,real,truth_OFFLINE,OFFLINE_TRUTH,YZ,x,-0.0625,y,-0.5625,z,-0.6875,0.1,0.1,0.0,0.1,2.3000000000000003
2009,1.0,20dB_nominal_difference,real,truth_OFFLINE,OFFLINE_TRUTH,YZ,x,-0.0625,y,-0.4375,z,-0.6875,0.1,0.1,0.0,0.1,2.3000000000000003
2009,1.0,20dB_nominal_difference,real,truth_OFFLINE,OFFLINE_TRUTH,YZ,x,-0.0625,y,-0.3125,z,-0.6875,0.1,0.1,0.0,0.1,2.3000000000000003
2009,1.0,20dB_nominal_difference,real,truth_OFFLINE,OFFLINE_TRUTH,YZ,x,-0.0625,y,-0.1875,z,-0.6875,0.1,0.1,0.0,0.1,2.3000000000000003
2009,1.0,20dB_nominal_difference,real,truth_OFFLINE,OFFLINE_TRUTH,YZ,x,-0.0625,y,-0.0625,z,-0.6875,0.1,0.1,0.0,0.1,2.3000000000000003
2009,1.0,20dB_nominal_difference,real,truth_OFFLINE,OFFLINE_TRUTH,YZ,x,-0.0625,y,0.0625,z,-0.6875,0.1,0.1,0.0,0.1,2.3000000000000003
2009,1.0,20dB_nominal_difference,real,truth_OFFLINE,OFFLINE_TRUTH,YZ,x,-0.0625,y,0.1875,z,-0.6875,0.1,0.1,0.0,0.1,2.3000000000000003
2009,1.0,20dB_nominal_difference,real,truth_OFFLINE,OFFLINE_TRUTH,YZ,x,-0.0625,y,0.3125,z,-0.6875,0.1,0.1,0.0,0.1,2.3000000000000003
2009,1.0,20dB_nominal_difference,real,truth_OFFLINE,OFFLINE_TRUTH,YZ,x,-0.0625,y,0.4375,z,-0.6875,0.1,0.1,0.0,0.1,2.3000000000000003
2009,1.0,20dB_nominal_difference,real,truth_OFFLINE,OFFLINE_TRUTH,YZ,x,-0.0625,y,0.5625,z,-0.6875,0.1,0.1,0.0,0.1,2.3000000000000003
2009,1.0,20dB_nominal_difference,real,truth_OFFLINE,OFFLINE_TRUTH,YZ,x,-0.0625,y,0.6875,z,-0.6875,0.1,0.1,0.0,0.1,2.3000000000000003
2009,1.0,20dB_nominal_difference,real,truth_OFFLINE,OFFLINE_TRUTH,YZ,x,-0.0625,y,-0.6875,z,-0.5625,0.1,0.1,0.0,0.1,2.3000000000000003
2009,1.0,20dB_nominal_difference,real,truth_OFFLINE,OFFLINE_TRUTH,YZ,x,-0.0625,y,-0.5625,z,-0.5625,0.1,0.1,0.0,0.1,2.3000000000000003
2009,1.0,20dB_nominal_difference,real,truth_OFFLINE,OFFLINE_TRUTH,YZ,x,-0.0625,y,-0.4375,z,-0.5625,0.1,0.1,0.0,0.1,2.3000000000000003
2009,1.0,20dB_nominal_difference,real,truth_OFFLINE,OFFLINE_TRUTH,YZ,x,-0.0625,y,-0.3125,z,-0.5625,0.1,0.1,0.0,0.1,2.3000000000000003
2009,1.0,20dB_nominal_difference,real,truth_OFFLINE,OFFLINE_TRUTH,YZ,x,-0.0625,y,-0.1875,z,-0.5625,0.1,0.1,0.0,0.1,2.3000000000000003
2009,1.0,20dB_nominal_difference,real,truth_OFFLINE,OFFLINE_TRUTH,YZ,x,-0.0625,y,-0.0625,z,-0.5625,0.1,0.1,0.0,0.1,2.3000000000000003
2009,1.0,20dB_nominal_difference,real,truth_OFFLINE,OFFLINE_TRUTH,YZ,x,-0.0625,y,0.0625,z,-0.5625,0.1,0.1,0.0,0.1,2.3000000000000003
2009,1.0,20dB_nominal_difference,real,truth_OFFLINE,OFFLINE_TRUTH,YZ,x,-0.0625,y,0.1875,z,-0.5625,0.1,0.1,0.0,0.1,2.3000000000000003
2009,1.0,20dB_nominal_difference,real,truth_OFFLINE,OFFLINE_TRUTH,YZ,x,-0.0625,y,0.3125,z,-0.5625,0.1,0.1,0.0,0.1,2.3000000000000003
2009,1.0,20dB_nominal_difference,real,truth_OFFLINE,OFFLINE_TRUTH,YZ,x,-0.0625,y,0.4375,z,-0.5625,0.1,0.1,0.0,0.1,2.3000000000000003
2009,1.0,20dB_nominal_difference,real,truth_OFFLINE,OFFLINE_TRUTH,YZ,x,-0.0625,y,0.5625,z,-0.5625,0.1,0.1,0.0,0.1,2.3000000000000003
2009,1.0,20dB_nominal_difference,real,truth_OFFLINE,OFFLINE_TRUTH,YZ,x,-0.0625,y,0.6875,z,-0.5625,0.1,0.1,0.0,0.1,2.3000000000000003
2009,1.0,20dB_nominal_difference,real,truth_OFFLINE,OFFLINE_TRUTH,YZ,x,-0.0625,y,-0.6875,z,-0.4375,0.1,0.1,0.0,0.1,2.3000000000000003
2009,1.0,20dB_nominal_difference,real,truth_OFFLINE,OFFLINE_TRUTH,YZ,x,-0.0625,y,-0.5625,z,-0.4375,0.1,0.1,0.0,0.1,2.3000000000000003
2009,1.0,20dB_nominal_difference,real,truth_OFFLINE,OFFLINE_TRUTH,YZ,x,-0.0625,y,-0.4375,z,-0.4375,0.1,0.1,0.0,0.1,2.3000000000000003
2009,1.0,20dB_nominal_difference,real,truth_OFFLINE,OFFLINE_TRUTH,YZ,x,-0.0625,y,-0.3125,z,-0.4375,0.1,0.1,0.0,0.1,2.3000000000000003
2009,1.0,20dB_nominal_difference,real,truth_OFFLINE,OFFLINE_TRUTH,YZ,x,-0.0625,y,-0.1875,z,-0.4375,0.1,0.1,0.0,0.1,2.3000000000000003
2009,1.0,20dB_nominal_difference,real,truth_OFFLINE,OFFLINE_TRUTH,YZ,x,-0.0625,y,-0.0625,z,-0.4375,0.1,0.1,0.0,0.1,2.3000000000000003
2009,1.0,20dB_nominal_difference,real,truth_OFFLINE,OFFLINE_TRUTH,YZ,x,-0.0625,y,0.0625,z,-0.4375,0.1,0.1,0.0,0.1,2.3000000000000003
2009,1.0,20dB_nominal_difference,real,truth_OFFLINE,OFFLINE_TRUTH,YZ,x,-0.0625,y,0.1875,z,-0.4375,0.1,0.1,0.0,0.1,2.3000000000000003
2009,1.0,20dB_nominal_difference,real,truth_OFFLINE,OFFLINE_TRUTH,YZ,x,-0.0625,y,0.3125,z,-0.4375,0.1,0.1,0.0,0.1,2.3000000000000003
2009,1.0,20dB_nominal_difference,real,truth_OFFLINE,OFFLINE_TRUTH,YZ,x,-0.0625,y,0.4375,z,-0.4375,0.1,0.1,0.0,0.1,2.3000000000000003
2009,1.0,20dB_nominal_difference,real,truth_OFFLINE,OFFLINE_TRUTH,YZ,x,-0.0625,y,0.5625,z,-0.4375,0.1,0.1,0.0,0.1,2.3000000000000003
2009,1.0,20dB_nominal_difference,real,truth_OFFLINE,OFFLINE_TRUTH,YZ,x,-0.0625,y,0.6875,z,-0.4375,0.1,0.1,0.0,0.1,2.3000000000000003
2009,1.0,20dB_nominal_difference,real,truth_OFFLINE,OFFLINE_TRUTH,YZ,x,-0.0625,y,-0.6875,z,-0.3125,0.1,0.1,0.0,0.1,2.3000000000000003
2009,1.0,20dB_nominal_difference,real,truth_OFFLINE,OFFLINE_TRUTH,YZ,x,-0.0625,y,-0.5625,z,-0.3125,0.1,0.1,0.0,0.1,2.3000000000000003
2009,1.0,20dB_nominal_difference,real,truth_OFFLINE,OFFLINE_TRUTH,YZ,x,-0.0625,y,-0.4375,z,-0.3125,0.1,0.1,0.0,0.1,2.3000000000000003
2009,1.0,20dB_nominal_difference,real,truth_OFFLINE,OFFLINE_TRUTH,YZ,x,-0.0625,y,-0.3125,z,-0.3125,0.1,0.1,0.0,0.1,2.3000000000000003
2009,1.0,20dB_nominal_difference,real,truth_OFFLINE,OFFLINE_TRUTH,YZ,x,-0.0625,y,-0.1875,z,-0.3125,0.9,0.9,0.0,0.1,2.3000000000000003
2009,1.0,20dB_nominal_difference,real,truth_OFFLINE,OFFLINE_TRUTH,YZ,x,-0.0625,y,-0.0625,z,-0.3125,0.9,0.9,0.0,0.1,2.3000000000000003
2009,1.0,20dB_nominal_difference,real,truth_OFFLINE,OFFLINE_TRUTH,YZ,x,-0.0625,y,0.0625,z,-0.3125,0.9,0.9,0.0,0.1,2.3000000000000003
2009,1.0,20dB_nominal_difference,real,truth_OFFLINE,OFFLINE_TRUTH,YZ,x,-0.0625,y,0.1875,z,-0.3125,0.1,0.1,0.0,0.1,2.3000000000000003
2009,1.0,20dB_nominal_difference,real,truth_OFFLINE,OFFLINE_TRUTH,YZ,x,-0.0625,y,0.3125,z,-0.3125,0.1,0.1,0.0,0.1,2.3000000000000003
2009,1.0,20dB_nominal_difference,real,truth_OFFLINE,OFFLINE_TRUTH,YZ,x,-0.0625,y,0.4375,z,-0.3125,0.1,0.1,0.0,0.1,2.3000000000000003
2009,1.0,20dB_nominal_difference,real,truth_OFFLINE,OFFLINE_TRUTH,YZ,x,-0.0625,y,0.5625,z,-0.3125,0.1,0.1,0.0,0.1,2.3000000000000003
2009,1.0,20dB_nominal_difference,real,truth_OFFLINE,OFFLINE_TRUTH,YZ,x,-0.0625,y,0.6875,z,-0.3125,0.1,0.1,0.0,0.1,2.3000000000000003
2009,1.0,20dB_nominal_difference,real,truth_OFFLINE,OFFLINE_TRUTH,YZ,x,-0.0625,y,-0.6875,z,-0.1875,0.1,0.1,0.0,0.1,2.3000000000000003
2009,1.0,20dB_nominal_difference,real,truth_OFFLINE,OFFLINE_TRUTH,YZ,x,-0.0625,y,-0.5625,z,-0.1875,0.1,0.1,0.0,0.1,2.3000000000000003
2009,1.0,20dB_nominal_difference,real,truth_OFFLINE,OFFLINE_TRUTH,YZ,x,-0.0625,y,-0.4375,z,-0.1875,0.1,0.1,0.0,0.1,2.3000000000000003
2009,1.0,20dB_nominal_difference,real,truth_OFFLINE,OFFLINE_TRUTH,YZ,x,-0.0625,y,-0.3125,z,-0.1875,0.9,0.9,0.0,0.1,2.3000000000000003
2009,1.0,20dB_nominal_difference,real,truth_OFFLINE,OFFLINE_TRUTH,YZ,x,-0.0625,y,-0.1875,z,-0.1875,1.6,1.6,0.0,0.1,2.3000000000000003
2009,1.0,20dB_nominal_difference,real,truth_OFFLINE,OFFLINE_TRUTH,YZ,x,-0.0625,y,-0.0625,z,-0.1875,1.6,1.6,0.0,0.1,2.3000000000000003
2009,1.0,20dB_nominal_difference,real,truth_OFFLINE,OFFLINE_TRUTH,YZ,x,-0.0625,y,0.0625,z,-0.1875,1.6,1.6,0.0,0.1,2.3000000000000003
2009,1.0,20dB_nominal_difference,real,truth_OFFLINE,OFFLINE_TRUTH,YZ,x,-0.0625,y,0.1875,z,-0.1875,0.9,0.9,0.0,0.1,2.3000000000000003
2009,1.0,20dB_nominal_difference,real,truth_OFFLINE,OFFLINE_TRUTH,YZ,x,-0.0625,y,0.3125,z,-0.1875,0.1,0.1,0.0,0.1,2.3000000000000003
2009,1.0,20dB_nominal_difference,real,truth_OFFLINE,OFFLINE_TRUTH,YZ,x,-0.0625,y,0.4375,z,-0.1875,0.1,0.1,0.0,0.1,2.3000000000000003
2009,1.0,20dB_nominal_difference,real,truth_OFFLINE,OFFLINE_TRUTH,YZ,x,-0.0625,y,0.5625,z,-0.1875,0.1,0.1,0.0,0.1,2.3000000000000003
2009,1.0,20dB_nominal_difference,real,truth_OFFLINE,OFFLINE_TRUTH,YZ,x,-0.0625,y,0.6875,z,-0.1875,0.1,0.1,0.0,0.1,2.3000000000000003
2009,1.0,20dB_nominal_difference,real,truth_OFFLINE,OFFLINE_TRUTH,YZ,x,-0.0625,y,-0.6875,z,-0.0625,0.1,0.1,0.0,0.1,2.3000000000000003
2009,1.0,20dB_nominal_difference,real,truth_OFFLINE,OFFLINE_TRUTH,YZ,x,-0.0625,y,-0.5625,z,-0.0625,0.1,0.1,0.0,0.1,2.3000000000000003
2009,1.0,20dB_nominal_difference,real,truth_OFFLINE,OFFLINE_TRUTH,YZ,x,-0.0625,y,-0.4375,z,-0.0625,0.1,0.1,0.0,0.1,2.3000000000000003
2009,1.0,20dB_nominal_difference,real,truth_OFFLINE,OFFLINE_TRUTH,YZ,x,-0.0625,y,-0.3125,z,-0.0625,0.9,0.9,0.0,0.1,2.3000000000000003
2009,1.0,20dB_nominal_difference,real,truth_OFFLINE,OFFLINE_TRUTH,YZ,x,-0.0625,y,-0.1875,z,-0.0625,1.6,1.6,0.0,0.1,2.3000000000000003
2009,1.0,20dB_nominal_difference,real,truth_OFFLINE,OFFLINE_TRUTH,YZ,x,-0.0625,y,-0.0625,z,-0.0625,1.6,1.6,0.0,0.1,2.3000000000000003
2009,1.0,20dB_nominal_difference,real,truth_OFFLINE,OFFLINE_TRUTH,YZ,x,-0.0625,y,0.0625,z,-0.0625,1.6,1.6,0.0,0.1,2.3000000000000003
2009,1.0,20dB_nominal_difference,real,truth_OFFLINE,OFFLINE_TRUTH,YZ,x,-0.0625,y,0.1875,z,-0.0625,0.9,0.9,0.0,0.1,2.3000000000000003
2009,1.0,20dB_nominal_difference,real,truth_OFFLINE,OFFLINE_TRUTH,YZ,x,-0.0625,y,0.3125,z,-0.0625,0.1,0.1,0.0,0.1,2.3000000000000003
2009,1.0,20dB_nominal_difference,real,truth_OFFLINE,OFFLINE_TRUTH,YZ,x,-0.0625,y,0.4375,z,-0.0625,0.1,0.1,0.0,0.1,2.3000000000000003
2009,1.0,20dB_nominal_difference,real,truth_OFFLINE,OFFLINE_TRUTH,YZ,x,-0.0625,y,0.5625,z,-0.0625,0.1,0.1,0.0,0.1,2.3000000000000003
2009,1.0,20dB_nominal_difference,real,truth_OFFLINE,OFFLINE_TRUTH,YZ,x,-0.0625,y,0.6875,z,-0.0625,0.1,0.1,0.0,0.1,2.3000000000000003
2009,1.0,20dB_nominal_difference,real,truth_OFFLINE,OFFLINE_TRUTH,YZ,x,-0.0625,y,-0.6875,z,0.0625,0.1,0.1,0.0,0.1,2.3000000000000003
2009,1.0,20dB_nominal_difference,real,truth_OFFLINE,OFFLINE_TRUTH,YZ,x,-0.0625,y,-0.5625,z,0.0625,0.1,0.1,0.0,0.1,2.3000000000000003
2009,1.0,20dB_nominal_difference,real,truth_OFFLINE,OFFLINE_TRUTH,YZ,x,-0.0625,y,-0.4375,z,0.0625,0.1,0.1,0.0,0.1,2.3000000000000003
2009,1.0,20dB_nominal_difference,real,truth_OFFLINE,OFFLINE_TRUTH,YZ,x,-0.0625,y,-0.3125,z,0.0625,0.9,0.9,0.0,0.1,2.3000000000000003
2009,1.0,20dB_nominal_difference,real,truth_OFFLINE,OFFLINE_TRUTH,YZ,x,-0.0625,y,-0.1875,z,0.0625,1.6,1.6,0.0,0.1,2.3000000000000003
2009,1.0,20dB_nominal_difference,real,truth_OFFLINE,OFFLINE_TRUTH,YZ,x,-0.0625,y,-0.0625,z,0.0625,2.3000000000000003,2.3000000000000003,0.0,0.1,2.3000000000000003
2009,1.0,20dB_nominal_difference,real,truth_OFFLINE,OFFLINE_TRUTH,YZ,x,-0.0625,y,0.0625,z,0.0625,1.6,1.6,0.0,0.1,2.3000000000000003
2009,1.0,20dB_nominal_difference,real,truth_OFFLINE,OFFLINE_TRUTH,YZ,x,-0.0625,y,0.1875,z,0.0625,0.9,0.9,0.0,0.1,2.3000000000000003
2009,1.0,20dB_nominal_difference,real,truth_OFFLINE,OFFLINE_TRUTH,YZ,x,-0.0625,y,0.3125,z,0.0625,0.1,0.1,0.0,0.1,2.3000000000000003
2009,1.0,20dB_nominal_difference,real,truth_OFFLINE,OFFLINE_TRUTH,YZ,x,-0.0625,y,0.4375,z,0.0625,0.1,0.1,0.0,0.1,2.3000000000000003
2009,1.0,20dB_nominal_difference,real,truth_OFFLINE,OFFLINE_TRUTH,YZ,x,-0.0625,y,0.5625,z,0.0625,0.1,0.1,0.0,0.1,2.3000000000000003
2009,1.0,20dB_nominal_difference,real,truth_OFFLINE,OFFLINE_TRUTH,YZ,x,-0.0625,y,0.6875,z,0.0625,0.1,0.1,0.0,0.1,2.3000000000000003
2009,1.0,20dB_nominal_difference,real,truth_OFFLINE,OFFLINE_TRUTH,YZ,x,-0.0625,y,-0.6875,z,0.1875,0.1,0.1,0.0,0.1,2.3000000000000003
2009,1.0,20dB_nominal_difference,real,truth_OFFLINE,OFFLINE_TRUTH,YZ,x,-0.0625,y,-0.5625,z,0.1875,0.1,0.1,0.0,0.1,2.3000000000000003
2009,1.0,20dB_nominal_difference,real,truth_OFFLINE,OFFLINE_TRUTH,YZ,x,-0.0625,y,-0.4375,z,0.1875,0.1,0.1,0.0,0.1,2.3000000000000003
2009,1.0,20dB_nominal_difference,real,truth_OFFLINE,OFFLINE_TRUTH,YZ,x,-0.0625,y,-0.3125,z,0.1875,0.9,0.9,0.0,0.1,2.3000000000000003
2009,1.0,20dB_nominal_difference,real,truth_OFFLINE,OFFLINE_TRUTH,YZ,x,-0.0625,y,-0.1875,z,0.1875,1.6,1.6,0.0,0.1,2.3000000000000003
2009,1.0,20dB_nominal_difference,real,truth_OFFLINE,OFFLINE_TRUTH,YZ,x,-0.0625,y,-0.0625,z,0.1875,1.6,1.6,0.0,0.1,2.3000000000000003
2009,1.0,20dB_nominal_difference,real,truth_OFFLINE,OFFLINE_TRUTH,YZ,x,-0.0625,y,0.0625,z,0.1875,1.6,1.6,0.0,0.1,2.3000000000000003
2009,1.0,20dB_nominal_difference,real,truth_OFFLINE,OFFLINE_TRUTH,YZ,x,-0.0625,y,0.1875,z,0.1875,0.9,0.9,0.0,0.1,2.3000000000000003
2009,1.0,20dB_nominal_difference,real,truth_OFFLINE,OFFLINE_TRUTH,YZ,x,-0.0625,y,0.3125,z,0.1875,0.1,0.1,0.0,0.1,2.3000000000000003
2009,1.0,20dB_nominal_difference,real,truth_OFFLINE,OFFLINE_TRUTH,YZ,x,-0.0625,y,0.4375,z,0.1875,0.1,0.1,0.0,0.1,2.3000000000000003
2009,1.0,20dB_nominal_difference,real,truth_OFFLINE,OFFLINE_TRUTH,YZ,x,-0.0625,y,0.5625,z,0.1875,0.1,0.1,0.0,0.1,2.3000000000000003
2009,1.0,20dB_nominal_difference,real,truth_OFFLINE,OFFLINE_TRUTH,YZ,x,-0.0625,y,0.6875,z,0.1875,0.1,0.1,0.0,0.1,2.3000000000000003
2009,1.0,20dB_nominal_difference,real,truth_OFFLINE,OFFLINE_TRUTH,YZ,x,-0.0625,y,-0.6875,z,0.3125,0.1,0.1,0.0,0.1,2.3000000000000003
2009,1.0,20dB_nominal_difference,real,truth_OFFLINE,OFFLINE_TRUTH,YZ,x,-0.0625,y,-0.5625,z,0.3125,0.1,0.1,0.0,0.1,2.3000000000000003
2009,1.0,20dB_nominal_difference,real,truth_OFFLINE,OFFLINE_TRUTH,YZ,x,-0.0625,y,-0.4375,z,0.3125,0.1,0.1,0.0,0.1,2.3000000000000003
2009,1.0,20dB_nominal_difference,real,truth_OFFLINE,OFFLINE_TRUTH,YZ,x,-0.0625,y,-0.3125,z,0.3125,0.1,0.1,0.0,0.1,2.3000000000000003
2009,1.0,20dB_nominal_difference,real,truth_OFFLINE,OFFLINE_TRUTH,YZ,x,-0.0625,y,-0.1875,z,0.3125,0.9,0.9,0.0,0.1,2.3000000000000003
2009,1.0,20dB_nominal_difference,real,truth_OFFLINE,OFFLINE_TRUTH,YZ,x,-0.0625,y,-0.0625,z,0.3125,0.9,0.9,0.0,0.1,2.3000000000000003
2009,1.0,20dB_nominal_difference,real,truth_OFFLINE,OFFLINE_TRUTH,YZ,x,-0.0625,y,0.0625,z,0.3125,0.9,0.9,0.0,0.1,2.3000000000000003
2009,1.0,20dB_nominal_difference,real,truth_OFFLINE,OFFLINE_TRUTH,YZ,x,-0.0625,y,0.1875,z,0.3125,0.1,0.1,0.0,0.1,2.3000000000000003
2009,1.0,20dB_nominal_difference,real,truth_OFFLINE,OFFLINE_TRUTH,YZ,x,-0.0625,y,0.3125,z,0.3125,0.1,0.1,0.0,0.1,2.3000000000000003
2009,1.0,20dB_nominal_difference,real,truth_OFFLINE,OFFLINE_TRUTH,YZ,x,-0.0625,y,0.4375,z,0.3125,0.1,0.1,0.0,0.1,2.3000000000000003
2009,1.0,20dB_nominal_difference,real,truth_OFFLINE,OFFLINE_TRUTH,YZ,x,-0.0625,y,0.5625,z,0.3125,0.1,0.1,0.0,0.1,2.3000000000000003
2009,1.0,20dB_nominal_difference,real,truth_OFFLINE,OFFLINE_TRUTH,YZ,x,-0.0625,y,0.6875,z,0.3125,0.1,0.1,0.0,0.1,2.3000000000000003
2009,1.0,20dB_nominal_difference,real,truth_OFFLINE,OFFLINE_TRUTH,YZ,x,-0.0625,y,-0.6875,z,0.4375,0.1,0.1,0.0,0.1,2.3000000000000003
2009,1.0,20dB_nominal_difference,real,truth_OFFLINE,OFFLINE_TRUTH,YZ,x,-0.0625,y,-0.5625,z,0.4375,0.1,0.1,0.0,0.1,2.3000000000000003
2009,1.0,20dB_nominal_difference,real,truth_OFFLINE,OFFLINE_TRUTH,YZ,x,-0.0625,y,-0.4375,z,0.4375,0.1,0.1,0.0,0.1,2.3000000000000003
2009,1.0,20dB_nominal_difference,real,truth_OFFLINE,OFFLINE_TRUTH,YZ,x,-0.0625,y,-0.3125,z,0.4375,0.1,0.1,0.0,0.1,2.3000000000000003
2009,1.0,20dB_nominal_difference,real,truth_OFFLINE,OFFLINE_TRUTH,YZ,x,-0.0625,y,-0.1875,z,0.4375,0.1,0.1,0.0,0.1,2.3000000000000003
2009,1.0,20dB_nominal_difference,real,truth_OFFLINE,OFFLINE_TRUTH,YZ,x,-0.0625,y,-0.0625,z,0.4375,0.1,0.1,0.0,0.1,2.3000000000000003
2009,1.0,20dB_nominal_difference,real,truth_OFFLINE,OFFLINE_TRUTH,YZ,x,-0.0625,y,0.0625,z,0.4375,0.1,0.1,0.0,0.1,2.3000000000000003
2009,1.0,20dB_nominal_difference,real,truth_OFFLINE,OFFLINE_TRUTH,YZ,x,-0.0625,y,0.1875,z,0.4375,0.1,0.1,0.0,0.1,2.3000000000000003
2009,1.0,20dB_nominal_difference,real,truth_OFFLINE,OFFLINE_TRUTH,YZ,x,-0.0625,y,0.3125,z,0.4375,0.1,0.1,0.0,0.1,2.3000000000000003
2009,1.0,20dB_nominal_difference,real,truth_OFFLINE,OFFLINE_TRUTH,YZ,x,-0.0625,y,0.4375,z,0.4375,0.1,0.1,0.0,0.1,2.3000000000000003
2009,1.0,20dB_nominal_difference,real,truth_OFFLINE,OFFLINE_TRUTH,YZ,x,-0.0625,y,0.5625,z,0.4375,0.1,0.1,0.0,0.1,2.3000000000000003
2009,1.0,20dB_nominal_difference,real,truth_OFFLINE,OFFLINE_TRUTH,YZ,x,-0.0625,y,0.6875,z,0.4375,0.1,0.1,0.0,0.1,2.3000000000000003
2009,1.0,20dB_nominal_difference,real,truth_OFFLINE,OFFLINE_TRUTH,YZ,x,-0.0625,y,-0.6875,z,0.5625,0.1,0.1,0.0,0.1,2.3000000000000003
2009,1.0,20dB_nominal_difference,real,truth_OFFLINE,OFFLINE_TRUTH,YZ,x,-0.0625,y,-0.5625,z,0.5625,0.1,0.1,0.0,0.1,2.3000000000000003
2009,1.0,20dB_nominal_difference,real,truth_OFFLINE,OFFLINE_TRUTH,YZ,x,-0.0625,y,-0.4375,z,0.5625,0.1,0.1,0.0,0.1,2.3000000000000003
2009,1.0,20dB_nominal_difference,real,truth_OFFLINE,OFFLINE_TRUTH,YZ,x,-0.0625,y,-0.3125,z,0.5625,0.1,0.1,0.0,0.1,2.3000000000000003
2009,1.0,20dB_nominal_difference,real,truth_OFFLINE,OFFLINE_TRUTH,YZ,x,-0.0625,y,-0.1875,z,0.5625,0.1,0.1,0.0,0.1,2.3000000000000003
2009,1.0,20dB_nominal_difference,real,truth_OFFLINE,OFFLINE_TRUTH,YZ,x,-0.0625,y,-0.0625,z,0.5625,0.1,0.1,0.0,0.1,2.3000000000000003
2009,1.0,20dB_nominal_difference,real,truth_OFFLINE,OFFLINE_TRUTH,YZ,x,-0.0625,y,0.0625,z,0.5625,0.1,0.1,0.0,0.1,2.3000000000000003
2009,1.0,20dB_nominal_difference,real,truth_OFFLINE,OFFLINE_TRUTH,YZ,x,-0.0625,y,0.1875,z,0.5625,0.1,0.1,0.0,0.1,2.3000000000000003
2009,1.0,20dB_nominal_difference,real,truth_OFFLINE,OFFLINE_TRUTH,YZ,x,-0.0625,y,0.3125,z,0.5625,0.1,0.1,0.0,0.1,2.3000000000000003
2009,1.0,20dB_nominal_difference,real,truth_OFFLINE,OFFLINE_TRUTH,YZ,x,-0.0625,y,0.4375,z,0.5625,0.1,0.1,0.0,0.1,2.3000000000000003
2009,1.0,20dB_nominal_difference,real,truth_OFFLINE,OFFLINE_TRUTH,YZ,x,-0.0625,y,0.5625,z,0.5625,0.1,0.1,0.0,0.1,2.3000000000000003
2009,1.0,20dB_nominal_difference,real,truth_OFFLINE,OFFLINE_TRUTH,YZ,x,-0.0625,y,0.6875,z,0.5625,0.1,0.1,0.0,0.1,2.3000000000000003
2009,1.0,20dB_nominal_difference,real,truth_OFFLINE,OFFLINE_TRUTH,YZ,x,-0.0625,y,-0.6875,z,0.6875,0.1,0.1,0.0,0.1,2.3000000000000003
2009,1.0,20dB_nominal_difference,real,truth_OFFLINE,OFFLINE_TRUTH,YZ,x,-0.0625,y,-0.5625,z,0.6875,0.1,0.1,0.0,0.1,2.3000000000000003
2009,1.0,20dB_nominal_difference,real,truth_OFFLINE,OFFLINE_TRUTH,YZ,x,-0.0625,y,-0.4375,z,0.6875,0.1,0.1,0.0,0.1,2.3000000000000003
2009,1.0,20dB_nominal_difference,real,truth_OFFLINE,OFFLINE_TRUTH,YZ,x,-0.0625,y,-0.3125,z,0.6875,0.1,0.1,0.0,0.1,2.3000000000000003
2009,1.0,20dB_nominal_difference,real,truth_OFFLINE,OFFLINE_TRUTH,YZ,x,-0.0625,y,-0.1875,z,0.6875,0.1,0.1,0.0,0.1,2.3000000000000003
2009,1.0,20dB_nominal_difference,real,truth_OFFLINE,OFFLINE_TRUTH,YZ,x,-0.0625,y,-0.0625,z,0.6875,0.1,0.1,0.0,0.1,2.3000000000000003
2009,1.0,20dB_nominal_difference,real,truth_OFFLINE,OFFLINE_TRUTH,YZ,x,-0.0625,y,0.0625,z,0.6875,0.1,0.1,0.0,0.1,2.3000000000000003
2009,1.0,20dB_nominal_difference,real,truth_OFFLINE,OFFLINE_TRUTH,YZ,x,-0.0625,y,0.1875,z,0.6875,0.1,0.1,0.0,0.1,2.3000000000000003
2009,1.0,20dB_nominal_difference,real,truth_OFFLINE,OFFLINE_TRUTH,YZ,x,-0.0625,y,0.3125,z,0.6875,0.1,0.1,0.0,0.1,2.3000000000000003
2009,1.0,20dB_nominal_difference,real,truth_OFFLINE,OFFLINE_TRUTH,YZ,x,-0.0625,y,0.4375,z,0.6875,0.1,0.1,0.0,0.1,2.3000000000000003
2009,1.0,20dB_nominal_difference,real,truth_OFFLINE,OFFLINE_TRUTH,YZ,x,-0.0625,y,0.5625,z,0.6875,0.1,0.1,0.0,0.1,2.3000000000000003
2009,1.0,20dB_nominal_difference,real,truth_OFFLINE,OFFLINE_TRUTH,YZ,x,-0.0625,y,0.6875,z,0.6875,0.1,0.1,0.0,0.1,2.3000000000000003
2009,1.0,20dB_nominal_difference,real,dressed_linear_chi,REJECTED_PHYSICAL,XY,z,-0.0625,x,-0.6875,y,-0.6875,0.1,0.057023076160388646,-0.04297692383961136,0.1,2.3000000000000003
2009,1.0,20dB_nominal_difference,real,dressed_linear_chi,REJECTED_PHYSICAL,XY,z,-0.0625,x,-0.5625,y,-0.6875,0.1,0.07732804346404501,-0.022671956535954996,0.1,2.3000000000000003
2009,1.0,20dB_nominal_difference,real,dressed_linear_chi,REJECTED_PHYSICAL,XY,z,-0.0625,x,-0.4375,y,-0.6875,0.1,0.09080924922952624,-0.009190750770473766,0.1,2.3000000000000003
2009,1.0,20dB_nominal_difference,real,dressed_linear_chi,REJECTED_PHYSICAL,XY,z,-0.0625,x,-0.3125,y,-0.6875,0.1,0.10377640171310101,0.0037764017131010075,0.1,2.3000000000000003
2009,1.0,20dB_nominal_difference,real,dressed_linear_chi,REJECTED_PHYSICAL,XY,z,-0.0625,x,-0.1875,y,-0.6875,0.1,0.11471979371837507,0.014719793718375063,0.1,2.3000000000000003
2009,1.0,20dB_nominal_difference,real,dressed_linear_chi,REJECTED_PHYSICAL,XY,z,-0.0625,x,-0.0625,y,-0.6875,0.1,0.12212485202420689,0.022124852024206887,0.1,2.3000000000000003
2009,1.0,20dB_nominal_difference,real,dressed_linear_chi,REJECTED_PHYSICAL,XY,z,-0.0625,x,0.0625,y,-0.6875,0.1,0.12439889002750569,0.024398890027505685,0.1,2.3000000000000003
2009,1.0,20dB_nominal_difference,real,dressed_linear_chi,REJECTED_PHYSICAL,XY,z,-0.0625,x,0.1875,y,-0.6875,0.1,0.11973149757617332,0.019731497576173318,0.1,2.3000000000000003
2009,1.0,20dB_nominal_difference,real,dressed_linear_chi,REJECTED_PHYSICAL,XY,z,-0.0625,x,0.3125,y,-0.6875,0.1,0.10610505959816582,0.0061050595981658184,0.1,2.3000000000000003
2009,1.0,20dB_nominal_difference,real,dressed_linear_chi,REJECTED_PHYSICAL,XY,z,-0.0625,x,0.4375,y,-0.6875,0.1,0.08130404625358233,-0.01869595374641768,0.1,2.3000000000000003
2009,1.0,20dB_nominal_difference,real,dressed_linear_chi,REJECTED_PHYSICAL,XY,z,-0.0625,x,0.5625,y,-0.6875,0.1,0.04195734485243264,-0.05804265514756737,0.1,2.3000000000000003
2009,1.0,20dB_nominal_difference,real,dressed_linear_chi,REJECTED_PHYSICAL,XY,z,-0.0625,x,0.6875,y,-0.6875,0.1,-0.030853548378553752,-0.13085354837855376,0.1,2.3000000000000003
2009,1.0,20dB_nominal_difference,real,dressed_linear_chi,REJECTED_PHYSICAL,XY,z,-0.0625,x,-0.6875,y,-0.5625,0.1,0.07056672469650895,-0.02943327530349106,0.1,2.3000000000000003
2009,1.0,20dB_nominal_difference,real,dressed_linear_chi,REJECTED_PHYSICAL,XY,z,-0.0625,x,-0.5625,y,-0.5625,0.1,0.13255231474044904,0.032552314740449034,0.1,2.3000000000000003
2009,1.0,20dB_nominal_difference,real,dressed_linear_chi,REJECTED_PHYSICAL,XY,z,-0.0625,x,-0.4375,y,-0.5625,0.1,0.18029406955039567,0.08029406955039567,0.1,2.3000000000000003
2009,1.0,20dB_nominal_difference,real,dressed_linear_chi,REJECTED_PHYSICAL,XY,z,-0.0625,x,-0.3125,y,-0.5625,0.1,0.21909861983794454,0.11909861983794454,0.1,2.3000000000000003
2009,1.0,20dB_nominal_difference,real,dressed_linear_chi,REJECTED_PHYSICAL,XY,z,-0.0625,x,-0.1875,y,-0.5625,0.1,0.24701812180827465,0.14701812180827464,0.1,2.3000000000000003
2009,1.0,20dB_nominal_difference,real,dressed_linear_chi,REJECTED_PHYSICAL,XY,z,-0.0625,x,-0.0625,y,-0.5625,0.1,0.26205012096867325,0.16205012096867324,0.1,2.3000000000000003
2009,1.0,20dB_nominal_difference,real,dressed_linear_chi,REJECTED_PHYSICAL,XY,z,-0.0625,x,0.0625,y,-0.5625,0.1,0.26274677766541177,0.16274677766541176,0.1,2.3000000000000003
2009,1.0,20dB_nominal_difference,real,dressed_linear_chi,REJECTED_PHYSICAL,XY,z,-0.0625,x,0.1875,y,-0.5625,0.1,0.24826530439904793,0.14826530439904792,0.1,2.3000000000000003
2009,1.0,20dB_nominal_difference,real,dressed_linear_chi,REJECTED_PHYSICAL,XY,z,-0.0625,x,0.3125,y,-0.5625,0.1,0.21826380738107465,0.11826380738107464,0.1,2.3000000000000003
2009,1.0,20dB_nominal_difference,real,dressed_linear_chi,REJECTED_PHYSICAL,XY,z,-0.0625,x,0.4375,y,-0.5625,0.1,0.1727214830836138,0.07272148308361379,0.1,2.3000000000000003
2009,1.0,20dB_nominal_difference,real,dressed_linear_chi,REJECTED_PHYSICAL,XY,z,-0.0625,x,0.5625,y,-0.5625,0.1,0.11171538370182124,0.011715383701821236,0.1,2.3000000000000003
2009,1.0,20dB_nominal_difference,real,dressed_linear_chi,REJECTED_PHYSICAL,XY,z,-0.0625,x,0.6875,y,-0.5625,0.1,0.030859904971960256,-0.06914009502803975,0.1,2.3000000000000003
2009,1.0,20dB_nominal_difference,real,dressed_linear_chi,REJECTED_PHYSICAL,XY,z,-0.0625,x,-0.6875,y,-0.4375,0.1,0.0874199216496962,-0.012580078350303808,0.1,2.3000000000000003
2009,1.0,20dB_nominal_difference,real,dressed_linear_chi,REJECTED_PHYSICAL,XY,z,-0.0625,x,-0.5625,y,-0.4375,0.1,0.17873852181097324,0.07873852181097324,0.1,2.3000000000000003
2009,1.0,20dB_nominal_difference,real,dressed_linear_chi,REJECTED_PHYSICAL,XY,z,-0.0625,x,-0.4375,y,-0.4375,0.1,0.2553881484347154,0.1553881484347154,0.1,2.3000000000000003
2009,1.0,20dB_nominal_difference,real,dressed_linear_chi,REJECTED_PHYSICAL,XY,z,-0.0625,x,-0.3125,y,-0.4375,0.1,0.31857226214554185,0.21857226214554185,0.1,2.3000000000000003
2009,1.0,20dB_nominal_difference,real,dressed_linear_chi,REJECTED_PHYSICAL,XY,z,-0.0625,x,-0.1875,y,-0.4375,0.1,0.36382752157028164,0.26382752157028166,0.1,2.3000000000000003
2009,1.0,20dB_nominal_difference,real,dressed_linear_chi,REJECTED_PHYSICAL,XY,z,-0.0625,x,-0.0625,y,-0.4375,0.1,0.38806777500559275,0.2880677750055928,0.1,2.3000000000000003
2009,1.0,20dB_nominal_difference,real,dressed_linear_chi,REJECTED_PHYSICAL,XY,z,-0.0625,x,0.0625,y,-0.4375,0.1,0.3897433694912741,0.2897433694912741,0.1,2.3000000000000003
2009,1.0,20dB_nominal_difference,real,dressed_linear_chi,REJECTED_PHYSICAL,XY,z,-0.0625,x,0.1875,y,-0.4375,0.1,0.36884609722993544,0.26884609722993547,0.1,2.3000000000000003
2009,1.0,20dB_nominal_difference,real,dressed_linear_chi,REJECTED_PHYSICAL,XY,z,-0.0625,x,0.3125,y,-0.4375,0.1,0.32679112582224523,0.22679112582224523,0.1,2.3000000000000003
2009,1.0,20dB_nominal_difference,real,dressed_linear_chi,REJECTED_PHYSICAL,XY,z,-0.0625,x,0.4375,y,-0.4375,0.1,0.26634791882733255,0.16634791882733255,0.1,2.3000000000000003
2009,1.0,20dB_nominal_difference,real,dressed_linear_chi,REJECTED_PHYSICAL,XY,z,-0.0625,x,0.5625,y,-0.4375,0.1,0.19201380114761046,0.09201380114761046,0.1,2.3000000000000003
2009,1.0,20dB_nominal_difference,real,dressed_linear_chi,REJECTED_PHYSICAL,XY,z,-0.0625,x,0.6875,y,-0.4375,0.1,0.10394429910963326,0.003944299109633259,0.1,2.3000000000000003
2009,1.0,20dB_nominal_difference,real,dressed_linear_chi,REJECTED_PHYSICAL,XY,z,-0.0625,x,-0.6875,y,-0.3125,0.1,0.09626781049300244,-0.003732189506997566,0.1,2.3000000000000003
2009,1.0,20dB_nominal_difference,real,dressed_linear_chi,REJECTED_PHYSICAL,XY,z,-0.0625,x,-0.5625,y,-0.3125,0.1,0.20933801819213352,0.10933801819213351,0.1,2.3000000000000003
2009,1.0,20dB_nominal_difference,real,dressed_linear_chi,REJECTED_PHYSICAL,XY,z,-0.0625,x,-0.4375,y,-0.3125,0.1,0.3067652696651675,0.20676526966516748,0.1,2.3000000000000003
2009,1.0,20dB_nominal_difference,real,dressed_linear_chi,REJECTED_PHYSICAL,XY,z,-0.0625,x,-0.3125,y,-0.3125,0.1,0.3883100900422448,0.28831009004224484,0.1,2.3000000000000003
2009,1.0,20dB_nominal_difference,real,dressed_linear_chi,REJECTED_PHYSICAL,XY,z,-0.0625,x,-0.1875,y,-0.3125,0.9,0.44730280854194193,-0.4526971914580581,0.1,2.3000000000000003
2009,1.0,20dB_nominal_difference,real,dressed_linear_chi,REJECTED_PHYSICAL,XY,z,-0.0625,x,-0.0625,y,-0.3125,0.9,0.4795079420273103,-0.42049205797268974,0.1,2.3000000000000003
2009,1.0,20dB_nominal_difference,real,dressed_linear_chi,REJECTED_PHYSICAL,XY,z,-0.0625,x,0.0625,y,-0.3125,1.6,0.4831714010212993,-1.1168285989787008,0.1,2.3000000000000003
2009,1.0,20dB_nominal_difference,real,dressed_linear_chi,REJECTED_PHYSICAL,XY,z,-0.0625,x,0.1875,y,-0.3125,0.9,0.4589567307060336,-0.4410432692939664,0.1,2.3000000000000003
2009,1.0,20dB_nominal_difference,real,dressed_linear_chi,REJECTED_PHYSICAL,XY,z,-0.0625,x,0.3125,y,-0.3125,0.1,0.4097862504708013,0.3097862504708013,0.1,2.3000000000000003
2009,1.0,20dB_nominal_difference,real,dressed_linear_chi,REJECTED_PHYSICAL,XY,z,-0.0625,x,0.4375,y,-0.3125,0.1,0.3406984436024353,0.24069844360243528,0.1,2.3000000000000003
2009,1.0,20dB_nominal_difference,real,dressed_linear_chi,REJECTED_PHYSICAL,XY,z,-0.0625,x,0.5625,y,-0.3125,0.1,0.25886098725993073,0.15886098725993072,0.1,2.3000000000000003
2009,1.0,20dB_nominal_difference,real,dressed_linear_chi,REJECTED_PHYSICAL,XY,z,-0.0625,x,0.6875,y,-0.3125,0.1,0.16499261687807698,0.06499261687807698,0.1,2.3000000000000003
2009,1.0,20dB_nominal_difference,real,dressed_linear_chi,REJECTED_PHYSICAL,XY,z,-0.0625,x,-0.6875,y,-0.1875,0.1,0.09753718662432091,-0.002462813375679093,0.1,2.3000000000000003
2009,1.0,20dB_nominal_difference,real,dressed_linear_chi,REJECTED_PHYSICAL,XY,z,-0.0625,x,-0.5625,y,-0.1875,0.1,0.22396544099098825,0.12396544099098825,0.1,2.3000000000000003
2009,1.0,20dB_nominal_difference,real,dressed_linear_chi,REJECTED_PHYSICAL,XY,z,-0.0625,x,-0.4375,y,-0.1875,0.1,0.3335666867667788,0.2335666867667788,0.1,2.3000000000000003
2009,1.0,20dB_nominal_difference,real,dressed_linear_chi,REJECTED_PHYSICAL,XY,z,-0.0625,x,-0.3125,y,-0.1875,0.9,0.4261482114448091,-0.47385178855519094,0.1,2.3000000000000003
2009,1.0,20dB_nominal_difference,real,dressed_linear_chi,REJECTED_PHYSICAL,XY,z,-0.0625,x,-0.1875,y,-0.1875,1.6,0.493813311764168,-1.106186688235832,0.1,2.3000000000000003
2009,1.0,20dB_nominal_difference,real,dressed_linear_chi,REJECTED_PHYSICAL,XY,z,-0.0625,x,-0.0625,y,-0.1875,1.6,0.5315474391145456,-1.0684525608854545,0.1,2.3000000000000003
2009,1.0,20dB_nominal_difference,real,dressed_linear_chi,REJECTED_PHYSICAL,XY,z,-0.0625,x,0.0625,y,-0.1875,2.3000000000000003,0.5374077481628566,-1.7625922518371437,0.1,2.3000000000000003
2009,1.0,20dB_nominal_difference,real,dressed_linear_chi,REJECTED_PHYSICAL,XY,z,-0.0625,x,0.1875,y,-0.1875,2.3000000000000003,0.5124810127846651,-1.7875189872153352,0.1,2.3000000000000003
2009,1.0,20dB_nominal_difference,real,dressed_linear_chi,REJECTED_PHYSICAL,XY,z,-0.0625,x,0.3125,y,-0.1875,1.6,0.4606825078126491,-1.139317492187351,0.1,2.3000000000000003
2009,1.0,20dB_nominal_difference,real,dressed_linear_chi,REJECTED_PHYSICAL,XY,z,-0.0625,x,0.4375,y,-0.1875,0.1,0.38844957119903856,0.2884495711990386,0.1,2.3000000000000003
2009,1.0,20dB_nominal_difference,real,dressed_linear_chi,REJECTED_PHYSICAL,XY,z,-0.0625,x,0.5625,y,-0.1875,0.1,0.3043201057006555,0.20432010570065548,0.1,2.3000000000000003
2009,1.0,20dB_nominal_difference,real,dressed_linear_chi,REJECTED_PHYSICAL,XY,z,-0.0625,x,0.6875,y,-0.1875,0.1,0.20896078993251943,0.10896078993251943,0.1,2.3000000000000003
2009,1.0,20dB_nominal_difference,real,dressed_linear_chi,REJECTED_PHYSICAL,XY,z,-0.0625,x,-0.6875,y,-0.0625,0.1,0.09355354527283555,-0.006446454727164458,0.1,2.3000000000000003
2009,1.0,20dB_nominal_difference,real,dressed_linear_chi,REJECTED_PHYSICAL,XY,z,-0.0625,x,-0.5625,y,-0.0625,0.1,0.22397258501036638,0.12397258501036637,0.1,2.3000000000000003
2009,1.0,20dB_nominal_difference,real,dressed_linear_chi,REJECTED_PHYSICAL,XY,z,-0.0625,x,-0.4375,y,-0.0625,0.1,0.33672542170866915,0.23672542170866914,0.1,2.3000000000000003
2009,1.0,20dB_nominal_difference,real,dressed_linear_chi,REJECTED_PHYSICAL,XY,z,-0.0625,x,-0.3125,y,-0.0625,0.9,0.4324845720947277,-0.46751542790527234,0.1,2.3000000000000003
2009,1.0,20dB_nominal_difference,real,dressed_linear_chi,REJECTED_PHYSICAL,XY,z,-0.0625,x,-0.1875,y,-0.0625,1.6,0.5030629382524274,-1.0969370617475727,0.1,2.3000000000000003
2009,1.0,20dB_nominal_difference,real,dressed_linear_chi,REJECTED_PHYSICAL,XY,z,-0.0625,x,-0.0625,y,-0.0625,1.6,0.5431735327250173,-1.0568264672749828,0.1,2.3000000000000003
2009,1.0,20dB_nominal_difference,real,dressed_linear_chi,REJECTED_PHYSICAL,XY,z,-0.0625,x,0.0625,y,-0.0625,2.3000000000000003,0.5507784404613969,-1.7492215595386034,0.1,2.3000000000000003
2009,1.0,20dB_nominal_difference,real,dressed_linear_chi,REJECTED_PHYSICAL,XY,z,-0.0625,x,0.1875,y,-0.0625,2.3000000000000003,0.5271236676713897,-1.7728763323286105,0.1,2.3000000000000003
2009,1.0,20dB_nominal_difference,real,dressed_linear_chi,REJECTED_PHYSICAL,XY,z,-0.0625,x,0.3125,y,-0.0625,2.3000000000000003,0.4765432956733152,-1.8234567043266852,0.1,2.3000000000000003
2009,1.0,20dB_nominal_difference,real,dressed_linear_chi,REJECTED_PHYSICAL,XY,z,-0.0625,x,0.4375,y,-0.0625,0.9,0.406058385440101,-0.49394161455989904,0.1,2.3000000000000003
2009,1.0,20dB_nominal_difference,real,dressed_linear_chi,REJECTED_PHYSICAL,XY,z,-0.0625,x,0.5625,y,-0.0625,0.1,0.3247287483076562,0.22472874830765618,0.1,2.3000000000000003
2009,1.0,20dB_nominal_difference,real,dressed_linear_chi,REJECTED_PHYSICAL,XY,z,-0.0625,x,0.6875,y,-0.0625,0.1,0.23313708223862675,0.13313708223862675,0.1,2.3000000000000003
2009,1.0,20dB_nominal_difference,real,dressed_linear_chi,REJECTED_PHYSICAL,XY,z,-0.0625,x,-0.6875,y,0.0625,0.1,0.08656118523405949,-0.013438814765940513,0.1,2.3000000000000003
2009,1.0,20dB_nominal_difference,real,dressed_linear_chi,REJECTED_PHYSICAL,XY,z,-0.0625,x,-0.5625,y,0.0625,0.1,0.2114536832920103,0.1114536832920103,0.1,2.3000000000000003
2009,1.0,20dB_nominal_difference,real,dressed_linear_chi,REJECTED_PHYSICAL,XY,z,-0.0625,x,-0.4375,y,0.0625,0.1,0.3185385483828297,0.21853854838282968,0.1,2.3000000000000003
2009,1.0,20dB_nominal_difference,real,dressed_linear_chi,REJECTED_PHYSICAL,XY,z,-0.0625,x,-0.3125,y,0.0625,0.9,0.4098031871526234,-0.4901968128473766,0.1,2.3000000000000003
2009,1.0,20dB_nominal_difference,real,dressed_linear_chi,REJECTED_PHYSICAL,XY,z,-0.0625,x,-0.1875,y,0.0625,0.9,0.4775534217942673,-0.4224465782057327,0.1,2.3000000000000003
2009,1.0,20dB_nominal_difference,real,dressed_linear_chi,REJECTED_PHYSICAL,XY,z,-0.0625,x,-0.0625,y,0.0625,1.6,0.5167082793151733,-1.083291720684827,0.1,2.3000000000000003
2009,1.0,20dB_nominal_difference,real,dressed_linear_chi,REJECTED_PHYSICAL,XY,z,-0.0625,x,0.0625,y,0.0625,1.6,0.5252419328558129,-1.0747580671441872,0.1,2.3000000000000003
2009,1.0,20dB_nominal_difference,real,dressed_linear_chi,REJECTED_PHYSICAL,XY,z,-0.0625,x,0.1875,y,0.0625,2.3000000000000003,0.5043117010872314,-1.795688298912769,0.1,2.3000000000000003
2009,1.0,20dB_nominal_difference,real,dressed_linear_chi,REJECTED_PHYSICAL,XY,z,-0.0625,x,0.3125,y,0.0625,1.6,0.45813134389129484,-1.1418686561087052,0.1,2.3000000000000003
2009,1.0,20dB_nominal_difference,real,dressed_linear_chi,REJECTED_PHYSICAL,XY,z,-0.0625,x,0.4375,y,0.0625,0.9,0.3935959402472252,-0.5064040597527748,0.1,2.3000000000000003
2009,1.0,20dB_nominal_difference,real,dressed_linear_chi,REJECTED_PHYSICAL,XY,z,-0.0625,x,0.5625,y,0.0625,0.1,0.3196171876286133,0.2196171876286133,0.1,2.3000000000000003
2009,1.0,20dB_nominal_difference,real,dressed_linear_chi,REJECTED_PHYSICAL,XY,z,-0.0625,x,0.6875,y,0.0625,0.1,0.23670841549216767,0.13670841549216767,0.1,2.3000000000000003
2009,1.0,20dB_nominal_difference,real,dressed_linear_chi,REJECTED_PHYSICAL,XY,z,-0.0625,x,-0.6875,y,0.1875,0.1,0.07764554704994754,-0.022354452950052464,0.1,2.3000000000000003
2009,1.0,20dB_nominal_difference,real,dressed_linear_chi,REJECTED_PHYSICAL,XY,z,-0.0625,x,-0.5625,y,0.1875,0.1,0.1883625931156016,0.0883625931156016,0.1,2.3000000000000003
2009,1.0,20dB_nominal_difference,real,dressed_linear_chi,REJECTED_PHYSICAL,XY,z,-0.0625,x,-0.4375,y,0.1875,0.1,0.28201688981788114,0.18201688981788114,0.1,2.3000000000000003
2009,1.0,20dB_nominal_difference,real,dressed_linear_chi,REJECTED_PHYSICAL,XY,z,-0.0625,x,-0.3125,y,0.1875,0.1,0.36207086942481226,0.2620708694248123,0.1,2.3000000000000003
2009,1.0,20dB_nominal_difference,real,dressed_linear_chi,REJECTED_PHYSICAL,XY,z,-0.0625,x,-0.1875,y,0.1875,0.9,0.4219534734188435,-0.47804652658115654,0.1,2.3000000000000003
2009,1.0,20dB_nominal_difference,real,dressed_linear_chi,REJECTED_PHYSICAL,XY,z,-0.0625,x,-0.0625,y,0.1875,0.9,0.4571836124666283,-0.4428163875333717,0.1,2.3000000000000003
2009,1.0,20dB_nominal_difference,real,dressed_linear_chi,REJECTED_PHYSICAL,XY,z,-0.0625,x,0.0625,y,0.1875,1.6,0.4658269349282159,-1.134173065071784,0.1,2.3000000000000003
2009,1.0,20dB_nominal_difference,real,dressed_linear_chi,REJECTED_PHYSICAL,XY,z,-0.0625,x,0.1875,y,0.1875,1.6,0.4487255379853575,-1.1512744620146425,0.1,2.3000000000000003
2009,1.0,20dB_nominal_difference,real,dressed_linear_chi,REJECTED_PHYSICAL,XY,z,-0.0625,x,0.3125,y,0.1875,0.9,0.4094963581002956,-0.4905036418997044,0.1,2.3000000000000003
2009,1.0,20dB_nominal_difference,real,dressed_linear_chi,REJECTED_PHYSICAL,XY,z,-0.0625,x,0.4375,y,0.1875,0.1,0.3542815129146918,0.2542815129146918,0.1,2.3000000000000003
2009,1.0,20dB_nominal_difference,real,dressed_linear_chi,REJECTED_PHYSICAL,XY,z,-0.0625,x,0.5625,y,0.1875,0.1,0.29123439114222566,0.19123439114222565,0.1,2.3000000000000003
2009,1.0,20dB_nominal_difference,real,dressed_linear_chi,REJECTED_PHYSICAL,XY,z,-0.0625,x,0.6875,y,0.1875,0.1,0.2208018668507437,0.1208018668507437,0.1,2.3000000000000003
2009,1.0,20dB_nominal_difference,real,dressed_linear_chi,REJECTED_PHYSICAL,XY,z,-0.0625,x,-0.6875,y,0.3125,0.1,0.06628918285366575,-0.033710817146334254,0.1,2.3000000000000003
2009,1.0,20dB_nominal_difference,real,dressed_linear_chi,REJECTED_PHYSICAL,XY,z,-0.0625,x,-0.5625,y,0.3125,0.1,0.15610266589321473,0.05610266589321472,0.1,2.3000000000000003
2009,1.0,20dB_nominal_difference,real,dressed_linear_chi,REJECTED_PHYSICAL,XY,z,-0.0625,x,-0.4375,y,0.3125,0.1,0.23042328960878772,0.1304232896087877,0.1,2.3000000000000003
2009,1.0,20dB_nominal_difference,real,dressed_linear_chi,REJECTED_PHYSICAL,XY,z,-0.0625,x,-0.3125,y,0.3125,0.1,0.29417661956960517,0.19417661956960516,0.1,2.3000000000000003
2009,1.0,20dB_nominal_difference,real,dressed_linear_chi,REJECTED_PHYSICAL,XY,z,-0.0625,x,-0.1875,y,0.3125,0.1,0.34244452907323825,0.24244452907323824,0.1,2.3000000000000003
2009,1.0,20dB_nominal_difference,real,dressed_linear_chi,REJECTED_PHYSICAL,XY,z,-0.0625,x,-0.0625,y,0.3125,0.1,0.3716286701627711,0.27162867016277115,0.1,2.3000000000000003
2009,1.0,20dB_nominal_difference,real,dressed_linear_chi,REJECTED_PHYSICAL,XY,z,-0.0625,x,0.0625,y,0.3125,0.1,0.37990113463350716,0.2799011346335072,0.1,2.3000000000000003
2009,1.0,20dB_nominal_difference,real,dressed_linear_chi,REJECTED_PHYSICAL,XY,z,-0.0625,x,0.1875,y,0.3125,0.1,0.3675826529023515,0.2675826529023515,0.1,2.3000000000000003
2009,1.0,20dB_nominal_difference,real,dressed_linear_chi,REJECTED_PHYSICAL,XY,z,-0.0625,x,0.3125,y,0.3125,0.1,0.3373072193824244,0.2373072193824244,0.1,2.3000000000000003
2009,1.0,20dB_nominal_difference,real,dressed_linear_chi,REJECTED_PHYSICAL,XY,z,-0.0625,x,0.4375,y,0.3125,0.1,0.29392561519023463,0.19392561519023463,0.1,2.3000000000000003
2009,1.0,20dB_nominal_difference,real,dressed_linear_chi,REJECTED_PHYSICAL,XY,z,-0.0625,x,0.5625,y,0.3125,0.1,0.2442163298685683,0.1442163298685683,0.1,2.3000000000000003
2009,1.0,20dB_nominal_difference,real,dressed_linear_chi,REJECTED_PHYSICAL,XY,z,-0.0625,x,0.6875,y,0.3125,0.1,0.1884771342766008,0.08847713427660078,0.1,2.3000000000000003
2009,1.0,20dB_nominal_difference,real,dressed_linear_chi,REJECTED_PHYSICAL,XY,z,-0.0625,x,-0.6875,y,0.4375,0.1,0.050738451489298605,-0.0492615485107014,0.1,2.3000000000000003
2009,1.0,20dB_nominal_difference,real,dressed_linear_chi,REJECTED_PHYSICAL,XY,z,-0.0625,x,-0.5625,y,0.4375,0.1,0.11578141982181729,0.015781419821817286,0.1,2.3000000000000003
2009,1.0,20dB_nominal_difference,real,dressed_linear_chi,REJECTED_PHYSICAL,XY,z,-0.0625,x,-0.4375,y,0.4375,0.1,0.1671269183976818,0.06712691839768178,0.1,2.3000000000000003
2009,1.0,20dB_nominal_difference,real,dressed_linear_chi,REJECTED_PHYSICAL,XY,z,-0.0625,x,-0.3125,y,0.4375,0.1,0.21149435241856104,0.11149435241856104,0.1,2.3000000000000003
2009,1.0,20dB_nominal_difference,real,dressed_linear_chi,REJECTED_PHYSICAL,XY,z,-0.0625,x,-0.1875,y,0.4375,0.1,0.2461237615968644,0.14612376159686438,0.1,2.3000000000000003
2009,1.0,20dB_nominal_difference,real,dressed_linear_chi,REJECTED_PHYSICAL,XY,z,-0.0625,x,-0.0625,y,0.4375,0.1,0.2683698754904054,0.1683698754904054,0.1,2.3000000000000003
2009,1.0,20dB_nominal_difference,real,dressed_linear_chi,REJECTED_PHYSICAL,XY,z,-0.0625,x,0.0625,y,0.4375,0.1,0.27639109335749473,0.17639109335749473,0.1,2.3000000000000003
2009,1.0,20dB_nominal_difference,real,dressed_linear_chi,REJECTED_PHYSICAL,XY,z,-0.0625,x,0.1875,y,0.4375,0.1,0.2697994201516084,0.1697994201516084,0.1,2.3000000000000003
2009,1.0,20dB_nominal_difference,real,dressed_linear_chi,REJECTED_PHYSICAL,XY,z,-0.0625,x,0.3125,y,0.4375,0.1,0.25001729727557953,0.15001729727557953,0.1,2.3000000000000003
2009,1.0,20dB_nominal_difference,real,dressed_linear_chi,REJECTED_PHYSICAL,XY,z,-0.0625,x,0.4375,y,0.4375,0.1,0.22026340383893106,0.12026340383893105,0.1,2.3000000000000003
2009,1.0,20dB_nominal_difference,real,dressed_linear_chi,REJECTED_PHYSICAL,XY,z,-0.0625,x,0.5625,y,0.4375,0.1,0.18529092786416837,0.08529092786416836,0.1,2.3000000000000003
2009,1.0,20dB_nominal_difference,real,dressed_linear_chi,REJECTED_PHYSICAL,XY,z,-0.0625,x,0.6875,y,0.4375,0.1,0.14467777425376235,0.04467777425376235,0.1,2.3000000000000003
2009,1.0,20dB_nominal_difference,real,dressed_linear_chi,REJECTED_PHYSICAL,XY,z,-0.0625,x,-0.6875,y,0.5625,0.1,0.029895051985192447,-0.07010494801480756,0.1,2.3000000000000003
2009,1.0,20dB_nominal_difference,real,dressed_linear_chi,REJECTED_PHYSICAL,XY,z,-0.0625,x,-0.5625,y,0.5625,0.1,0.0691985034820378,-0.030801496517962212,0.1,2.3000000000000003
2009,1.0,20dB_nominal_difference,real,dressed_linear_chi,REJECTED_PHYSICAL,XY,z,-0.0625,x,-0.4375,y,0.5625,0.1,0.09549246961371967,-0.004507530386280337,0.1,2.3000000000000003
2009,1.0,20dB_nominal_difference,real,dressed_linear_chi,REJECTED_PHYSICAL,XY,z,-0.0625,x,-0.3125,y,0.5625,0.1,0.11946621924875964,0.01946621924875963,0.1,2.3000000000000003
2009,1.0,20dB_nominal_difference,real,dressed_linear_chi,REJECTED_PHYSICAL,XY,z,-0.0625,x,-0.1875,y,0.5625,0.1,0.14050804535658606,0.04050804535658606,0.1,2.3000000000000003
2009,1.0,20dB_nominal_difference,real,dressed_linear_chi,REJECTED_PHYSICAL,XY,z,-0.0625,x,-0.0625,y,0.5625,0.1,0.15644749801333563,0.05644749801333562,0.1,2.3000000000000003
2009,1.0,20dB_nominal_difference,real,dressed_linear_chi,REJECTED_PHYSICAL,XY,z,-0.0625,x,0.0625,y,0.5625,0.1,0.1650841398032719,0.0650841398032719,0.1,2.3000000000000003
2009,1.0,20dB_nominal_difference,real,dressed_linear_chi,REJECTED_PHYSICAL,XY,z,-0.0625,x,0.1875,y,0.5625,0.1,0.16515459661980061,0.06515459661980061,0.1,2.3000000000000003
2009,1.0,20dB_nominal_difference,real,dressed_linear_chi,REJECTED_PHYSICAL,XY,z,-0.0625,x,0.3125,y,0.5625,0.1,0.15687687275067236,0.05687687275067235,0.1,2.3000000000000003
2009,1.0,20dB_nominal_difference,real,dressed_linear_chi,REJECTED_PHYSICAL,XY,z,-0.0625,x,0.4375,y,0.5625,0.1,0.1419822683803745,0.0419822683803745,0.1,2.3000000000000003
2009,1.0,20dB_nominal_difference,real,dressed_linear_chi,REJECTED_PHYSICAL,XY,z,-0.0625,x,0.5625,y,0.5625,0.1,0.12298849905473216,0.02298849905473216,0.1,2.3000000000000003
2009,1.0,20dB_nominal_difference,real,dressed_linear_chi,REJECTED_PHYSICAL,XY,z,-0.0625,x,0.6875,y,0.5625,0.1,0.09660268146144893,-0.003397318538551075,0.1,2.3000000000000003
2009,1.0,20dB_nominal_difference,real,dressed_linear_chi,REJECTED_PHYSICAL,XY,z,-0.0625,x,-0.6875,y,0.6875,0.1,0.018066815667458408,-0.0819331843325416,0.1,2.3000000000000003
2009,1.0,20dB_nominal_difference,real,dressed_linear_chi,REJECTED_PHYSICAL,XY,z,-0.0625,x,-0.5625,y,0.6875,0.1,0.025675220592461245,-0.07432477940753876,0.1,2.3000000000000003
2009,1.0,20dB_nominal_difference,real,dressed_linear_chi,REJECTED_PHYSICAL,XY,z,-0.0625,x,-0.4375,y,0.6875,0.1,0.025991974451792133,-0.07400802554820787,0.1,2.3000000000000003
2009,1.0,20dB_nominal_difference,real,dressed_linear_chi,REJECTED_PHYSICAL,XY,z,-0.0625,x,-0.3125,y,0.6875,0.1,0.032232177428792225,-0.06776782257120778,0.1,2.3000000000000003
2009,1.0,20dB_nominal_difference,real,dressed_linear_chi,REJECTED_PHYSICAL,XY,z,-0.0625,x,-0.1875,y,0.6875,0.1,0.04290902703030605,-0.057090972969693954,0.1,2.3000000000000003
2009,1.0,20dB_nominal_difference,real,dressed_linear_chi,REJECTED_PHYSICAL,XY,z,-0.0625,x,-0.0625,y,0.6875,0.1,0.05509373428580268,-0.04490626571419733,0.1,2.3000000000000003
2009,1.0,20dB_nominal_difference,real,dressed_linear_chi,REJECTED_PHYSICAL,XY,z,-0.0625,x,0.0625,y,0.6875,0.1,0.06576092475318301,-0.03423907524681699,0.1,2.3000000000000003
2009,1.0,20dB_nominal_difference,real,dressed_linear_chi,REJECTED_PHYSICAL,XY,z,-0.0625,x,0.1875,y,0.6875,0.1,0.07267982575203871,-0.027320174247961293,0.1,2.3000000000000003
2009,1.0,20dB_nominal_difference,real,dressed_linear_chi,REJECTED_PHYSICAL,XY,z,-0.0625,x,0.3125,y,0.6875,0.1,0.07508483886421682,-0.02491516113578318,0.1,2.3000000000000003
2009,1.0,20dB_nominal_difference,real,dressed_linear_chi,REJECTED_PHYSICAL,XY,z,-0.0625,x,0.4375,y,0.6875,0.1,0.07398497535726736,-0.026015024642732643,0.1,2.3000000000000003
2009,1.0,20dB_nominal_difference,real,dressed_linear_chi,REJECTED_PHYSICAL,XY,z,-0.0625,x,0.5625,y,0.6875,0.1,0.07171678094433967,-0.028283219055660336,0.1,2.3000000000000003
2009,1.0,20dB_nominal_difference,real,dressed_linear_chi,REJECTED_PHYSICAL,XY,z,-0.0625,x,0.6875,y,0.6875,0.1,0.0625401198117034,-0.0374598801882966,0.1,2.3000000000000003
2009,1.0,20dB_nominal_difference,real,dressed_linear_chi,REJECTED_PHYSICAL,XZ,y,-0.0625,x,-0.6875,z,-0.6875,0.1,-0.0472938357879559,-0.1472938357879559,0.1,2.3000000000000003
2009,1.0,20dB_nominal_difference,real,dressed_linear_chi,REJECTED_PHYSICAL,XZ,y,-0.0625,x,-0.5625,z,-0.6875,0.1,-0.002247743697010876,-0.10224774369701088,0.1,2.3000000000000003
2009,1.0,20dB_nominal_difference,real,dressed_linear_chi,REJECTED_PHYSICAL,XZ,y,-0.0625,x,-0.4375,z,-0.6875,0.1,0.04020603005271086,-0.059793969947289145,0.1,2.3000000000000003
2009,1.0,20dB_nominal_difference,real,dressed_linear_chi,REJECTED_PHYSICAL,XZ,y,-0.0625,x,-0.3125,z,-0.6875,0.1,0.07915685115005369,-0.020843148849946314,0.1,2.3000000000000003
2009,1.0,20dB_nominal_difference,real,dressed_linear_chi,REJECTED_PHYSICAL,XZ,y,-0.0625,x,-0.1875,z,-0.6875,0.1,0.10954698683339313,0.009546986833393126,0.1,2.3000000000000003
2009,1.0,20dB_nominal_difference,real,dressed_linear_chi,REJECTED_PHYSICAL,XZ,y,-0.0625,x,-0.0625,z,-0.6875,0.1,0.1276742580134343,0.02767425801343429,0.1,2.3000000000000003
2009,1.0,20dB_nominal_difference,real,dressed_linear_chi,REJECTED_PHYSICAL,XZ,y,-0.0625,x,0.0625,z,-0.6875,0.1,0.13186682247121467,0.03186682247121467,0.1,2.3000000000000003
2009,1.0,20dB_nominal_difference,real,dressed_linear_chi,REJECTED_PHYSICAL,XZ,y,-0.0625,x,0.1875,z,-0.6875,0.1,0.12281392750808852,0.022813927508088513,0.1,2.3000000000000003
2009,1.0,20dB_nominal_difference,real,dressed_linear_chi,REJECTED_PHYSICAL,XZ,y,-0.0625,x,0.3125,z,-0.6875,0.1,0.10360570664767435,0.003605706647674345,0.1,2.3000000000000003
2009,1.0,20dB_nominal_difference,real,dressed_linear_chi,REJECTED_PHYSICAL,XZ,y,-0.0625,x,0.4375,z,-0.6875,0.1,0.07946933965994085,-0.020530660340059154,0.1,2.3000000000000003
2009,1.0,20dB_nominal_difference,real,dressed_linear_chi,REJECTED_PHYSICAL,XZ,y,-0.0625,x,0.5625,z,-0.6875,0.1,0.05722126941559307,-0.042778730584406933,0.1,2.3000000000000003
2009,1.0,20dB_nominal_difference,real,dressed_linear_chi,REJECTED_PHYSICAL,XZ,y,-0.0625,x,0.6875,z,-0.6875,0.1,0.044141159329130715,-0.05585884067086929,0.1,2.3000000000000003
2009,1.0,20dB_nominal_difference,real,dressed_linear_chi,REJECTED_PHYSICAL,XZ,y,-0.0625,x,-0.6875,z,-0.5625,0.1,-0.006274597632531562,-0.10627459763253157,0.1,2.3000000000000003
2009,1.0,20dB_nominal_difference,real,dressed_linear_chi,REJECTED_PHYSICAL,XZ,y,-0.0625,x,-0.5625,z,-0.5625,0.1,0.061136093014940905,-0.0388639069850591,0.1,2.3000000000000003
2009,1.0,20dB_nominal_difference,real,dressed_linear_chi,REJECTED_PHYSICAL,XZ,y,-0.0625,x,-0.4375,z,-0.5625,0.1,0.12122851514626053,0.02122851514626052,0.1,2.3000000000000003
2009,1.0,20dB_nominal_difference,real,dressed_linear_chi,REJECTED_PHYSICAL,XZ,y,-0.0625,x,-0.3125,z,-0.5625,0.1,0.17332863632915058,0.07332863632915057,0.1,2.3000000000000003
2009,1.0,20dB_nominal_difference,real,dressed_linear_chi,REJECTED_PHYSICAL,XZ,y,-0.0625,x,-0.1875,z,-0.5625,0.1,0.21238758722412937,0.11238758722412936,0.1,2.3000000000000003
2009,1.0,20dB_nominal_difference,real,dressed_linear_chi,REJECTED_PHYSICAL,XZ,y,-0.0625,x,-0.0625,z,-0.5625,0.1,0.23466164514521837,0.13466164514521836,0.1,2.3000000000000003
2009,1.0,20dB_nominal_difference,real,dressed_linear_chi,REJECTED_PHYSICAL,XZ,y,-0.0625,x,0.0625,z,-0.5625,0.1,0.23861376884717111,0.1386137688471711,0.1,2.3000000000000003
2009,1.0,20dB_nominal_difference,real,dressed_linear_chi,REJECTED_PHYSICAL,XZ,y,-0.0625,x,0.1875,z,-0.5625,0.1,0.2253295704323493,0.1253295704323493,0.1,2.3000000000000003
2009,1.0,20dB_nominal_difference,real,dressed_linear_chi,REJECTED_PHYSICAL,XZ,y,-0.0625,x,0.3125,z,-0.5625,0.1,0.1985800737733473,0.0985800737733473,0.1,2.3000000000000003
2009,1.0,20dB_nominal_difference,real,dressed_linear_chi,REJECTED_PHYSICAL,XZ,y,-0.0625,x,0.4375,z,-0.5625,0.1,0.16458538818862553,0.06458538818862553,0.1,2.3000000000000003
2009,1.0,20dB_nominal_difference,real,dressed_linear_chi,REJECTED_PHYSICAL,XZ,y,-0.0625,x,0.5625,z,-0.5625,0.1,0.13155198652008776,0.031551986520087755,0.1,2.3000000000000003
2009,1.0,20dB_nominal_difference,real,dressed_linear_chi,REJECTED_PHYSICAL,XZ,y,-0.0625,x,0.6875,z,-0.5625,0.1,0.10610296325089341,0.006102963250893406,0.1,2.3000000000000003
2009,1.0,20dB_nominal_difference,real,dressed_linear_chi,REJECTED_PHYSICAL,XZ,y,-0.0625,x,-0.6875,z,-0.4375,0.1,0.03139546017150345,-0.06860453982849656,0.1,2.3000000000000003
2009,1.0,20dB_nominal_difference,real,dressed_linear_chi,REJECTED_PHYSICAL,XZ,y,-0.0625,x,-0.5625,z,-0.4375,0.1,0.11928520688539138,0.01928520688539137,0.1,2.3000000000000003
2009,1.0,20dB_nominal_difference,real,dressed_linear_chi,REJECTED_PHYSICAL,XZ,y,-0.0625,x,-0.4375,z,-0.4375,0.1,0.19727452945755264,0.09727452945755263,0.1,2.3000000000000003
2009,1.0,20dB_nominal_difference,real,dressed_linear_chi,REJECTED_PHYSICAL,XZ,y,-0.0625,x,-0.3125,z,-0.4375,0.1,0.26395306237567606,0.16395306237567606,0.1,2.3000000000000003
2009,1.0,20dB_nominal_difference,real,dressed_linear_chi,REJECTED_PHYSICAL,XZ,y,-0.0625,x,-0.1875,z,-0.4375,0.1,0.3132833863060845,0.21328338630608448,0.1,2.3000000000000003
2009,1.0,20dB_nominal_difference,real,dressed_linear_chi,REJECTED_PHYSICAL,XZ,y,-0.0625,x,-0.0625,z,-0.4375,0.1,0.3411999348521746,0.24119993485217459,0.1,2.3000000000000003
2009,1.0,20dB_nominal_difference,real,dressed_linear_chi,REJECTED_PHYSICAL,XZ,y,-0.0625,x,0.0625,z,-0.4375,0.1,0.34618079005918634,0.24618079005918633,0.1,2.3000000000000003
2009,1.0,20dB_nominal_difference,real,dressed_linear_chi,REJECTED_PHYSICAL,XZ,y,-0.0625,x,0.1875,z,-0.4375,0.1,0.32956815730394073,0.22956815730394073,0.1,2.3000000000000003
2009,1.0,20dB_nominal_difference,real,dressed_linear_chi,REJECTED_PHYSICAL,XZ,y,-0.0625,x,0.3125,z,-0.4375,0.1,0.29557863167327464,0.19557863167327463,0.1,2.3000000000000003
2009,1.0,20dB_nominal_difference,real,dressed_linear_chi,REJECTED_PHYSICAL,XZ,y,-0.0625,x,0.4375,z,-0.4375,0.1,0.2510025545968648,0.15100255459686482,0.1,2.3000000000000003
2009,1.0,20dB_nominal_difference,real,dressed_linear_chi,REJECTED_PHYSICAL,XZ,y,-0.0625,x,0.5625,z,-0.4375,0.1,0.20455406335347676,0.10455406335347675,0.1,2.3000000000000003
2009,1.0,20dB_nominal_difference,real,dressed_linear_chi,REJECTED_PHYSICAL,XZ,y,-0.0625,x,0.6875,z,-0.4375,0.1,0.16072023543886288,0.060720235438862874,0.1,2.3000000000000003
2009,1.0,20dB_nominal_difference,real,dressed_linear_chi,REJECTED_PHYSICAL,XZ,y,-0.0625,x,-0.6875,z,-0.3125,0.1,0.05998670998318893,-0.04001329001681107,0.1,2.3000000000000003
2009,1.0,20dB_nominal_difference,real,dressed_linear_chi,REJECTED_PHYSICAL,XZ,y,-0.0625,x,-0.5625,z,-0.3125,0.1,0.1670703140003999,0.0670703140003999,0.1,2.3000000000000003
2009,1.0,20dB_nominal_difference,real,dressed_linear_chi,REJECTED_PHYSICAL,XZ,y,-0.0625,x,-0.4375,z,-0.3125,0.1,0.26117487385959215,0.16117487385959214,0.1,2.3000000000000003
2009,1.0,20dB_nominal_difference,real,dressed_linear_chi,REJECTED_PHYSICAL,XZ,y,-0.0625,x,-0.3125,z,-0.3125,0.1,0.34140387206583345,0.24140387206583344,0.1,2.3000000000000003
2009,1.0,20dB_nominal_difference,real,dressed_linear_chi,REJECTED_PHYSICAL,XZ,y,-0.0625,x,-0.1875,z,-0.3125,0.9,0.400695718698468,-0.49930428130153204,0.1,2.3000000000000003
2009,1.0,20dB_nominal_difference,real,dressed_linear_chi,REJECTED_PHYSICAL,XZ,y,-0.0625,x,-0.0625,z,-0.3125,0.9,0.43447388078048466,-0.46552611921951537,0.1,2.3000000000000003
2009,1.0,20dB_nominal_difference,real,dressed_linear_chi,REJECTED_PHYSICAL,XZ,y,-0.0625,x,0.0625,z,-0.3125,0.9,0.44105192354592304,-0.458948076454077,0.1,2.3000000000000003
2009,1.0,20dB_nominal_difference,real,dressed_linear_chi,REJECTED_PHYSICAL,XZ,y,-0.0625,x,0.1875,z,-0.3125,0.9,0.4218234619182296,-0.4781765380817704,0.1,2.3000000000000003
2009,1.0,20dB_nominal_difference,real,dressed_linear_chi,REJECTED_PHYSICAL,XZ,y,-0.0625,x,0.3125,z,-0.3125,0.1,0.38119132716683624,0.28119132716683626,0.1,2.3000000000000003
2009,1.0,20dB_nominal_difference,real,dressed_linear_chi,REJECTED_PHYSICAL,XZ,y,-0.0625,x,0.4375,z,-0.3125,0.1,0.32621013418596323,0.22621013418596322,0.1,2.3000000000000003
2009,1.0,20dB_nominal_difference,real,dressed_linear_chi,REJECTED_PHYSICAL,XZ,y,-0.0625,x,0.5625,z,-0.3125,0.1,0.265877976003136,0.165877976003136,0.1,2.3000000000000003
2009,1.0,20dB_nominal_difference,real,dressed_linear_chi,REJECTED_PHYSICAL,XZ,y,-0.0625,x,0.6875,z,-0.3125,0.1,0.20301217448966014,0.10301217448966013,0.1,2.3000000000000003
2009,1.0,20dB_nominal_difference,real,dressed_linear_chi,REJECTED_PHYSICAL,XZ,y,-0.0625,x,-0.6875,z,-0.1875,0.1,0.08007725400071117,-0.019922745999288838,0.1,2.3000000000000003
2009,1.0,20dB_nominal_difference,real,dressed_linear_chi,REJECTED_PHYSICAL,XZ,y,-0.0625,x,-0.5625,z,-0.1875,0.1,0.20219291122449456,0.10219291122449456,0.1,2.3000000000000003
2009,1.0,20dB_nominal_difference,real,dressed_linear_chi,REJECTED_PHYSICAL,XZ,y,-0.0625,x,-0.4375,z,-0.1875,0.1,0.3085088680857212,0.2085088680857212,0.1,2.3000000000000003
2009,1.0,20dB_nominal_difference,real,dressed_linear_chi,REJECTED_PHYSICAL,XZ,y,-0.0625,x,-0.3125,z,-0.1875,0.9,0.39899850950664506,-0.501001490493355,0.1,2.3000000000000003
2009,1.0,20dB_nominal_difference,real,dressed_linear_chi,REJECTED_PHYSICAL,XZ,y,-0.0625,x,-0.1875,z,-0.1875,0.9,0.4658699317281325,-0.4341300682718675,0.1,2.3000000000000003
2009,1.0,20dB_nominal_difference,real,dressed_linear_chi,REJECTED_PHYSICAL,XZ,y,-0.0625,x,-0.0625,z,-0.1875,1.6,0.5040927875852362,-1.095907212414764,0.1,2.3000000000000003
2009,1.0,20dB_nominal_difference,real,dressed_linear_chi,REJECTED_PHYSICAL,XZ,y,-0.0625,x,0.0625,z,-0.1875,1.6,0.5117672197100386,-1.0882327802899616,0.1,2.3000000000000003
2009,1.0,20dB_nominal_difference,real,dressed_linear_chi,REJECTED_PHYSICAL,XZ,y,-0.0625,x,0.1875,z,-0.1875,1.6,0.49022346025274055,-1.1097765397472594,0.1,2.3000000000000003
2009,1.0,20dB_nominal_difference,real,dressed_linear_chi,REJECTED_PHYSICAL,XZ,y,-0.0625,x,0.3125,z,-0.1875,1.6,0.44388156457049355,-1.1561184354295064,0.1,2.3000000000000003
2009,1.0,20dB_nominal_difference,real,dressed_linear_chi,REJECTED_PHYSICAL,XZ,y,-0.0625,x,0.4375,z,-0.1875,0.1,0.37986683906464314,0.27986683906464316,0.1,2.3000000000000003
2009,1.0,20dB_nominal_difference,real,dressed_linear_chi,REJECTED_PHYSICAL,XZ,y,-0.0625,x,0.5625,z,-0.1875,0.1,0.30732404378864353,0.20732404378864353,0.1,2.3000000000000003
2009,1.0,20dB_nominal_difference,real,dressed_linear_chi,REJECTED_PHYSICAL,XZ,y,-0.0625,x,0.6875,z,-0.1875,0.1,0.22777310147974086,0.12777310147974086,0.1,2.3000000000000003
2009,1.0,20dB_nominal_difference,real,dressed_linear_chi,REJECTED_PHYSICAL,XZ,y,-0.0625,x,-0.6875,z,-0.0625,0.1,0.09355354527283555,-0.006446454727164458,0.1,2.3000000000000003
2009,1.0,20dB_nominal_difference,real,dressed_linear_chi,REJECTED_PHYSICAL,XZ,y,-0.0625,x,-0.5625,z,-0.0625,0.1,0.22397258501036638,0.12397258501036637,0.1,2.3000000000000003
2009,1.0,20dB_nominal_difference,real,dressed_linear_chi,REJECTED_PHYSICAL,XZ,y,-0.0625,x,-0.4375,z,-0.0625,0.1,0.33672542170866915,0.23672542170866914,0.1,2.3000000000000003
2009,1.0,20dB_nominal_difference,real,dressed_linear_chi,REJECTED_PHYSICAL,XZ,y,-0.0625,x,-0.3125,z,-0.0625,0.9,0.4324845720947277,-0.46751542790527234,0.1,2.3000000000000003
2009,1.0,20dB_nominal_difference,real,dressed_linear_chi,REJECTED_PHYSICAL,XZ,y,-0.0625,x,-0.1875,z,-0.0625,1.6,0.5030629382524274,-1.0969370617475727,0.1,2.3000000000000003
2009,1.0,20dB_nominal_difference,real,dressed_linear_chi,REJECTED_PHYSICAL,XZ,y,-0.0625,x,-0.0625,z,-0.0625,1.6,0.5431735327250173,-1.0568264672749828,0.1,2.3000000000000003
2009,1.0,20dB_nominal_difference,real,dressed_linear_chi,REJECTED_PHYSICAL,XZ,y,-0.0625,x,0.0625,z,-0.0625,2.3000000000000003,0.5507784404613969,-1.7492215595386034,0.1,2.3000000000000003
2009,1.0,20dB_nominal_difference,real,dressed_linear_chi,REJECTED_PHYSICAL,XZ,y,-0.0625,x,0.1875,z,-0.0625,2.3000000000000003,0.5271236676713897,-1.7728763323286105,0.1,2.3000000000000003
2009,1.0,20dB_nominal_difference,real,dressed_linear_chi,REJECTED_PHYSICAL,XZ,y,-0.0625,x,0.3125,z,-0.0625,2.3000000000000003,0.4765432956733152,-1.8234567043266852,0.1,2.3000000000000003
2009,1.0,20dB_nominal_difference,real,dressed_linear_chi,REJECTED_PHYSICAL,XZ,y,-0.0625,x,0.4375,z,-0.0625,0.9,0.406058385440101,-0.49394161455989904,0.1,2.3000000000000003
2009,1.0,20dB_nominal_difference,real,dressed_linear_chi,REJECTED_PHYSICAL,XZ,y,-0.0625,x,0.5625,z,-0.0625,0.1,0.3247287483076562,0.22472874830765618,0.1,2.3000000000000003
2009,1.0,20dB_nominal_difference,real,dressed_linear_chi,REJECTED_PHYSICAL,XZ,y,-0.0625,x,0.6875,z,-0.0625,0.1,0.23313708223862675,0.13313708223862675,0.1,2.3000000000000003
2009,1.0,20dB_nominal_difference,real,dressed_linear_chi,REJECTED_PHYSICAL,XZ,y,-0.0625,x,-0.6875,z,0.0625,0.1,0.10170097682279511,0.0017009768227951028,0.1,2.3000000000000003
2009,1.0,20dB_nominal_difference,real,dressed_linear_chi,REJECTED_PHYSICAL,XZ,y,-0.0625,x,-0.5625,z,0.0625,0.1,0.23224959481677193,0.13224959481677193,0.1,2.3000000000000003
2009,1.0,20dB_nominal_difference,real,dressed_linear_chi,REJECTED_PHYSICAL,XZ,y,-0.0625,x,-0.4375,z,0.0625,0.1,0.34461222645235956,0.24461222645235955,0.1,2.3000000000000003
2009,1.0,20dB_nominal_difference,real,dressed_linear_chi,REJECTED_PHYSICAL,XZ,y,-0.0625,x,-0.3125,z,0.0625,0.9,0.4397303124869246,-0.4602696875130754,0.1,2.3000000000000003
2009,1.0,20dB_nominal_difference,real,dressed_linear_chi,REJECTED_PHYSICAL,XZ,y,-0.0625,x,-0.1875,z,0.0625,1.6,0.5093733212938248,-1.0906266787061751,0.1,2.3000000000000003
2009,1.0,20dB_nominal_difference,real,dressed_linear_chi,REJECTED_PHYSICAL,XZ,y,-0.0625,x,-0.0625,z,0.0625,2.3000000000000003,0.5482692218222845,-1.7517307781777158,0.1,2.3000000000000003
2009,1.0,20dB_nominal_difference,real,dressed_linear_chi,REJECTED_PHYSICAL,XZ,y,-0.0625,x,0.0625,z,0.0625,2.3000000000000003,0.5544026234604378,-1.7455973765395625,0.1,2.3000000000000003
2009,1.0,20dB_nominal_difference,real,dressed_linear_chi,REJECTED_PHYSICAL,XZ,y,-0.0625,x,0.1875,z,0.0625,2.3000000000000003,0.5289866619038514,-1.7710133380961488,0.1,2.3000000000000003
2009,1.0,20dB_nominal_difference,real,dressed_linear_chi,REJECTED_PHYSICAL,XZ,y,-0.0625,x,0.3125,z,0.0625,2.3000000000000003,0.47621340819375313,-1.8237865918062472,0.1,2.3000000000000003
2009,1.0,20dB_nominal_difference,real,dressed_linear_chi,REJECTED_PHYSICAL,XZ,y,-0.0625,x,0.4375,z,0.0625,0.9,0.4028256903613221,-0.4971743096386779,0.1,2.3000000000000003
2009,1.0,20dB_nominal_difference,real,dressed_linear_chi,REJECTED_PHYSICAL,XZ,y,-0.0625,x,0.5625,z,0.0625,0.1,0.31749034609741256,0.21749034609741255,0.1,2.3000000000000003
2009,1.0,20dB_nominal_difference,real,dressed_linear_chi,REJECTED_PHYSICAL,XZ,y,-0.0625,x,0.6875,z,0.0625,0.1,0.22024630530115547,0.12024630530115546,0.1,2.3000000000000003
2009,1.0,20dB_nominal_difference,real,dressed_linear_chi,REJECTED_PHYSICAL,XZ,y,-0.0625,x,-0.6875,z,0.1875,0.1,0.10408094057936348,0.004080940579363479,0.1,2.3000000000000003
2009,1.0,20dB_nominal_difference,real,dressed_linear_chi,REJECTED_PHYSICAL,XZ,y,-0.0625,x,-0.5625,z,0.1875,0.1,0.22652723521883159,0.12652723521883158,0.1,2.3000000000000003
2009,1.0,20dB_nominal_difference,real,dressed_linear_chi,REJECTED_PHYSICAL,XZ,y,-0.0625,x,-0.4375,z,0.1875,0.1,0.3316772226669148,0.2316772226669148,0.1,2.3000000000000003
2009,1.0,20dB_nominal_difference,real,dressed_linear_chi,REJECTED_PHYSICAL,XZ,y,-0.0625,x,-0.3125,z,0.1875,0.9,0.42022401807628584,-0.4797759819237142,0.1,2.3000000000000003
2009,1.0,20dB_nominal_difference,real,dressed_linear_chi,REJECTED_PHYSICAL,XZ,y,-0.0625,x,-0.1875,z,0.1875,0.9,0.4842761112830537,-0.4157238887169463,0.1,2.3000000000000003
2009,1.0,20dB_nominal_difference,real,dressed_linear_chi,REJECTED_PHYSICAL,XZ,y,-0.0625,x,-0.0625,z,0.1875,1.6,0.5188920209561573,-1.0811079790438427,0.1,2.3000000000000003
2009,1.0,20dB_nominal_difference,real,dressed_linear_chi,REJECTED_PHYSICAL,XZ,y,-0.0625,x,0.0625,z,0.1875,2.3000000000000003,0.5222850739920867,-1.7777149260079135,0.1,2.3000000000000003
2009,1.0,20dB_nominal_difference,real,dressed_linear_chi,REJECTED_PHYSICAL,XZ,y,-0.0625,x,0.1875,z,0.1875,2.3000000000000003,0.49573336740784235,-1.804266632592158,0.1,2.3000000000000003
2009,1.0,20dB_nominal_difference,real,dressed_linear_chi,REJECTED_PHYSICAL,XZ,y,-0.0625,x,0.3125,z,0.1875,1.6,0.44327649864740537,-1.1567235013525947,0.1,2.3000000000000003
2009,1.0,20dB_nominal_difference,real,dressed_linear_chi,REJECTED_PHYSICAL,XZ,y,-0.0625,x,0.4375,z,0.1875,0.1,0.37123597241897455,0.27123597241897457,0.1,2.3000000000000003
2009,1.0,20dB_nominal_difference,real,dressed_linear_chi,REJECTED_PHYSICAL,XZ,y,-0.0625,x,0.5625,z,0.1875,0.1,0.28756386950018686,0.18756386950018686,0.1,2.3000000000000003
2009,1.0,20dB_nominal_difference,real,dressed_linear_chi,REJECTED_PHYSICAL,XZ,y,-0.0625,x,0.6875,z,0.1875,0.1,0.19211825942360194,0.09211825942360194,0.1,2.3000000000000003
2009,1.0,20dB_nominal_difference,real,dressed_linear_chi,REJECTED_PHYSICAL,XZ,y,-0.0625,x,-0.6875,z,0.3125,0.1,0.09825436263101102,-0.0017456373689889865,0.1,2.3000000000000003
2009,1.0,20dB_nominal_difference,real,dressed_linear_chi,REJECTED_PHYSICAL,XZ,y,-0.0625,x,-0.5625,z,0.3125,0.1,0.20571857461282234,0.10571857461282233,0.1,2.3000000000000003
2009,1.0,20dB_nominal_difference,real,dressed_linear_chi,REJECTED_PHYSICAL,XZ,y,-0.0625,x,-0.4375,z,0.3125,0.1,0.297857072645023,0.19785707264502297,0.1,2.3000000000000003
2009,1.0,20dB_nominal_difference,real,dressed_linear_chi,REJECTED_PHYSICAL,XZ,y,-0.0625,x,-0.3125,z,0.3125,0.1,0.37471426153431975,0.27471426153431977,0.1,2.3000000000000003
2009,1.0,20dB_nominal_difference,real,dressed_linear_chi,REJECTED_PHYSICAL,XZ,y,-0.0625,x,-0.1875,z,0.3125,0.9,0.42918344814796716,-0.47081655185203286,0.1,2.3000000000000003
2009,1.0,20dB_nominal_difference,real,dressed_linear_chi,REJECTED_PHYSICAL,XZ,y,-0.0625,x,-0.0625,z,0.3125,0.9,0.45698284613442675,-0.4430171538655733,0.1,2.3000000000000003
2009,1.0,20dB_nominal_difference,real,dressed_linear_chi,REJECTED_PHYSICAL,XZ,y,-0.0625,x,0.0625,z,0.3125,0.9,0.45675821869206634,-0.4432417813079337,0.1,2.3000000000000003
2009,1.0,20dB_nominal_difference,real,dressed_linear_chi,REJECTED_PHYSICAL,XZ,y,-0.0625,x,0.1875,z,0.3125,0.9,0.4299654796762967,-0.4700345203237033,0.1,2.3000000000000003
2009,1.0,20dB_nominal_difference,real,dressed_linear_chi,REJECTED_PHYSICAL,XZ,y,-0.0625,x,0.3125,z,0.3125,0.1,0.3805322673349665,0.2805322673349665,0.1,2.3000000000000003
2009,1.0,20dB_nominal_difference,real,dressed_linear_chi,REJECTED_PHYSICAL,XZ,y,-0.0625,x,0.4375,z,0.3125,0.1,0.3143078727102885,0.21430787271028848,0.1,2.3000000000000003
2009,1.0,20dB_nominal_difference,real,dressed_linear_chi,REJECTED_PHYSICAL,XZ,y,-0.0625,x,0.5625,z,0.3125,0.1,0.23830210726770126,0.13830210726770126,0.1,2.3000000000000003
2009,1.0,20dB_nominal_difference,real,dressed_linear_chi,REJECTED_PHYSICAL,XZ,y,-0.0625,x,0.6875,z,0.3125,0.1,0.15243815603573263,0.052438156035732625,0.1,2.3000000000000003
2009,1.0,20dB_nominal_difference,real,dressed_linear_chi,REJECTED_PHYSICAL,XZ,y,-0.0625,x,-0.6875,z,0.4375,0.1,0.08048223404907359,-0.019517765950926413,0.1,2.3000000000000003
2009,1.0,20dB_nominal_difference,real,dressed_linear_chi,REJECTED_PHYSICAL,XZ,y,-0.0625,x,-0.5625,z,0.4375,0.1,0.16867917467481416,0.06867917467481416,0.1,2.3000000000000003
2009,1.0,20dB_nominal_difference,real,dressed_linear_chi,REJECTED_PHYSICAL,XZ,y,-0.0625,x,-0.4375,z,0.4375,0.1,0.24373261078016747,0.14373261078016747,0.1,2.3000000000000003
2009,1.0,20dB_nominal_difference,real,dressed_linear_chi,REJECTED_PHYSICAL,XZ,y,-0.0625,x,-0.3125,z,0.4375,0.1,0.30518239286535287,0.20518239286535286,0.1,2.3000000000000003
2009,1.0,20dB_nominal_difference,real,dressed_linear_chi,REJECTED_PHYSICAL,XZ,y,-0.0625,x,-0.1875,z,0.4375,0.1,0.3472549639793714,0.24725496397937138,0.1,2.3000000000000003
2009,1.0,20dB_nominal_difference,real,dressed_linear_chi,REJECTED_PHYSICAL,XZ,y,-0.0625,x,-0.0625,z,0.4375,0.1,0.3665907980432891,0.2665907980432891,0.1,2.3000000000000003
2009,1.0,20dB_nominal_difference,real,dressed_linear_chi,REJECTED_PHYSICAL,XZ,y,-0.0625,x,0.0625,z,0.4375,0.1,0.36239795737467717,0.2623979573746772,0.1,2.3000000000000003
2009,1.0,20dB_nominal_difference,real,dressed_linear_chi,REJECTED_PHYSICAL,XZ,y,-0.0625,x,0.1875,z,0.4375,0.1,0.33639086600247925,0.23639086600247924,0.1,2.3000000000000003
2009,1.0,20dB_nominal_difference,real,dressed_linear_chi,REJECTED_PHYSICAL,XZ,y,-0.0625,x,0.3125,z,0.4375,0.1,0.29245985130734575,0.19245985130734575,0.1,2.3000000000000003
2009,1.0,20dB_nominal_difference,real,dressed_linear_chi,REJECTED_PHYSICAL,XZ,y,-0.0625,x,0.4375,z,0.4375,0.1,0.23608855448772142,0.13608855448772142,0.1,2.3000000000000003
2009,1.0,20dB_nominal_difference,real,dressed_linear_chi,REJECTED_PHYSICAL,XZ,y,-0.0625,x,0.5625,z,0.4375,0.1,0.173439856660525,0.073439856660525,0.1,2.3000000000000003
2009,1.0,20dB_nominal_difference,real,dressed_linear_chi,REJECTED_PHYSICAL,XZ,y,-0.0625,x,0.6875,z,0.4375,0.1,0.10472634201224154,0.004726342012241536,0.1,2.3000000000000003
2009,1.0,20dB_nominal_difference,real,dressed_linear_chi,REJECTED_PHYSICAL,XZ,y,-0.0625,x,-0.6875,z,0.5625,0.1,0.04762203414996619,-0.05237796585003381,0.1,2.3000000000000003
2009,1.0,20dB_nominal_difference,real,dressed_linear_chi,REJECTED_PHYSICAL,XZ,y,-0.0625,x,-0.5625,z,0.5625,0.1,0.115547907191625,0.015547907191624993,0.1,2.3000000000000003
2009,1.0,20dB_nominal_difference,real,dressed_linear_chi,REJECTED_PHYSICAL,XZ,y,-0.0625,x,-0.4375,z,0.5625,0.1,0.17112198299962827,0.07112198299962827,0.1,2.3000000000000003
2009,1.0,20dB_nominal_difference,real,dressed_linear_chi,REJECTED_PHYSICAL,XZ,y,-0.0625,x,-0.3125,z,0.5625,0.1,0.2151207235261374,0.11512072352613739,0.1,2.3000000000000003
2009,1.0,20dB_nominal_difference,real,dressed_linear_chi,REJECTED_PHYSICAL,XZ,y,-0.0625,x,-0.1875,z,0.5625,0.1,0.24350675319491383,0.14350675319491382,0.1,2.3000000000000003
2009,1.0,20dB_nominal_difference,real,dressed_linear_chi,REJECTED_PHYSICAL,XZ,y,-0.0625,x,-0.0625,z,0.5625,0.1,0.2538483866720656,0.1538483866720656,0.1,2.3000000000000003
2009,1.0,20dB_nominal_difference,real,dressed_linear_chi,REJECTED_PHYSICAL,XZ,y,-0.0625,x,0.0625,z,0.5625,0.1,0.2459034859517023,0.1459034859517023,0.1,2.3000000000000003
2009,1.0,20dB_nominal_difference,real,dressed_linear_chi,REJECTED_PHYSICAL,XZ,y,-0.0625,x,0.1875,z,0.5625,0.1,0.22164073176415505,0.12164073176415505,0.1,2.3000000000000003
2009,1.0,20dB_nominal_difference,real,dressed_linear_chi,REJECTED_PHYSICAL,XZ,y,-0.0625,x,0.3125,z,0.5625,0.1,0.1849325742785512,0.08493257427855119,0.1,2.3000000000000003
2009,1.0,20dB_nominal_difference,real,dressed_linear_chi,REJECTED_PHYSICAL,XZ,y,-0.0625,x,0.4375,z,0.5625,0.1,0.141072065501694,0.04107206550169398,0.1,2.3000000000000003
2009,1.0,20dB_nominal_difference,real,dressed_linear_chi,REJECTED_PHYSICAL,XZ,y,-0.0625,x,0.5625,z,0.5625,0.1,0.09609272855209179,-0.003907271447908214,0.1,2.3000000000000003
2009,1.0,20dB_nominal_difference,real,dressed_linear_chi,REJECTED_PHYSICAL,XZ,y,-0.0625,x,0.6875,z,0.5625,0.1,0.051928765352805585,-0.04807123464719442,0.1,2.3000000000000003
2009,1.0,20dB_nominal_difference,real,dressed_linear_chi,REJECTED_PHYSICAL,XZ,y,-0.0625,x,-0.6875,z,0.6875,0.1,0.006325018171509905,-0.0936749818284901,0.1,2.3000000000000003
2009,1.0,20dB_nominal_difference,real,dressed_linear_chi,REJECTED_PHYSICAL,XZ,y,-0.0625,x,-0.5625,z,0.6875,0.1,0.052316749818293345,-0.04768325018170666,0.1,2.3000000000000003
2009,1.0,20dB_nominal_difference,real,dressed_linear_chi,REJECTED_PHYSICAL,XZ,y,-0.0625,x,-0.4375,z,0.6875,0.1,0.08624765362194908,-0.013752346378050923,0.1,2.3000000000000003
2009,1.0,20dB_nominal_difference,real,dressed_linear_chi,REJECTED_PHYSICAL,XZ,y,-0.0625,x,-0.3125,z,0.6875,0.1,0.11187101396514981,0.011871013965149807,0.1,2.3000000000000003
2009,1.0,20dB_nominal_difference,real,dressed_linear_chi,REJECTED_PHYSICAL,XZ,y,-0.0625,x,-0.1875,z,0.6875,0.1,0.1259424733265397,0.025942473326539706,0.1,2.3000000000000003
2009,1.0,20dB_nominal_difference,real,dressed_linear_chi,REJECTED_PHYSICAL,XZ,y,-0.0625,x,-0.0625,z,0.6875,0.1,0.1267351610420693,0.0267351610420693,0.1,2.3000000000000003
2009,1.0,20dB_nominal_difference,real,dressed_linear_chi,REJECTED_PHYSICAL,XZ,y,-0.0625,x,0.0625,z,0.6875,0.1,0.11459112412454858,0.014591124124548577,0.1,2.3000000000000003
2009,1.0,20dB_nominal_difference,real,dressed_linear_chi,REJECTED_PHYSICAL,XZ,y,-0.0625,x,0.1875,z,0.6875,0.1,0.09178016911349386,-0.008219830886506144,0.1,2.3000000000000003
2009,1.0,20dB_nominal_difference,real,dressed_linear_chi,REJECTED_PHYSICAL,XZ,y,-0.0625,x,0.3125,z,0.6875,0.1,0.06210047022831103,-0.03789952977168898,0.1,2.3000000000000003
2009,1.0,20dB_nominal_difference,real,dressed_linear_chi,REJECTED_PHYSICAL,XZ,y,-0.0625,x,0.4375,z,0.6875,0.1,0.030466425176320172,-0.06953357482367983,0.1,2.3000000000000003
2009,1.0,20dB_nominal_difference,real,dressed_linear_chi,REJECTED_PHYSICAL,XZ,y,-0.0625,x,0.5625,z,0.6875,0.1,0.002994808172961036,-0.09700519182703897,0.1,2.3000000000000003
2009,1.0,20dB_nominal_difference,real,dressed_linear_chi,REJECTED_PHYSICAL,XZ,y,-0.0625,x,0.6875,z,0.6875,0.1,-0.010440191631927775,-0.11044019163192778,0.1,2.3000000000000003
2009,1.0,20dB_nominal_difference,real,dressed_linear_chi,REJECTED_PHYSICAL,YZ,x,-0.0625,y,-0.6875,z,-0.6875,0.1,-1.5355490409138528e-05,-0.10001535549040914,0.1,2.3000000000000003
2009,1.0,20dB_nominal_difference,real,dressed_linear_chi,REJECTED_PHYSICAL,YZ,x,-0.0625,y,-0.5625,z,-0.6875,0.1,0.05542542223720461,-0.04457457776279539,0.1,2.3000000000000003
2009,1.0,20dB_nominal_difference,real,dressed_linear_chi,REJECTED_PHYSICAL,YZ,x,-0.0625,y,-0.4375,z,-0.6875,0.1,0.0981831497383098,-0.001816850261690206,0.1,2.3000000000000003
2009,1.0,20dB_nominal_difference,real,dressed_linear_chi,REJECTED_PHYSICAL,YZ,x,-0.0625,y,-0.3125,z,-0.6875,0.1,0.12316388200112036,0.02316388200112035,0.1,2.3000000000000003
2009,1.0,20dB_nominal_difference,real,dressed_linear_chi,REJECTED_PHYSICAL,YZ,x,-0.0625,y,-0.1875,z,-0.6875,0.1,0.13184903371506912,0.031849033715069114,0.1,2.3000000000000003
2009,1.0,20dB_nominal_difference,real,dressed_linear_chi,REJECTED_PHYSICAL,YZ,x,-0.0625,y,-0.0625,z,-0.6875,0.1,0.1276742580134343,0.02767425801343429,0.1,2.3000000000000003
2009,1.0,20dB_nominal_difference,real,dressed_linear_chi,REJECTED_PHYSICAL,YZ,x,-0.0625,y,0.0625,z,-0.6875,0.1,0.11506758661352148,0.015067586613521478,0.1,2.3000000000000003
2009,1.0,20dB_nominal_difference,real,dressed_linear_chi,REJECTED_PHYSICAL,YZ,x,-0.0625,y,0.1875,z,-0.6875,0.1,0.09852197995951203,-0.0014780200404879706,0.1,2.3000000000000003
2009,1.0,20dB_nominal_difference,real,dressed_linear_chi,REJECTED_PHYSICAL,YZ,x,-0.0625,y,0.3125,z,-0.6875,0.1,0.08171757443539104,-0.01828242556460896,0.1,2.3000000000000003
2009,1.0,20dB_nominal_difference,real,dressed_linear_chi,REJECTED_PHYSICAL,YZ,x,-0.0625,y,0.4375,z,-0.6875,0.1,0.06668064507350051,-0.0333193549264995,0.1,2.3000000000000003
2009,1.0,20dB_nominal_difference,real,dressed_linear_chi,REJECTED_PHYSICAL,YZ,x,-0.0625,y,0.5625,z,-0.6875,0.1,0.05262872966309812,-0.04737127033690189,0.1,2.3000000000000003
2009,1.0,20dB_nominal_difference,real,dressed_linear_chi,REJECTED_PHYSICAL,YZ,x,-0.0625,y,0.6875,z,-0.6875,0.1,0.03689958471951961,-0.0631004152804804,0.1,2.3000000000000003
2009,1.0,20dB_nominal_difference,real,dressed_linear_chi,REJECTED_PHYSICAL,YZ,x,-0.0625,y,-0.6875,z,-0.5625,0.1,0.0307510972946978,-0.0692489027053022,0.1,2.3000000000000003
2009,1.0,20dB_nominal_difference,real,dressed_linear_chi,REJECTED_PHYSICAL,YZ,x,-0.0625,y,-0.5625,z,-0.5625,0.1,0.10708258062365891,0.007082580623658907,0.1,2.3000000000000003
2009,1.0,20dB_nominal_difference,real,dressed_linear_chi,REJECTED_PHYSICAL,YZ,x,-0.0625,y,-0.4375,z,-0.5625,0.1,0.1706364078916764,0.07063640789167638,0.1,2.3000000000000003
2009,1.0,20dB_nominal_difference,real,dressed_linear_chi,REJECTED_PHYSICAL,YZ,x,-0.0625,y,-0.3125,z,-0.5625,0.1,0.21303686435900182,0.11303686435900182,0.1,2.3000000000000003
2009,1.0,20dB_nominal_difference,real,dressed_linear_chi,REJECTED_PHYSICAL,YZ,x,-0.0625,y,-0.1875,z,-0.5625,0.1,0.23367133455564168,0.13367133455564167,0.1,2.3000000000000003
2009,1.0,20dB_nominal_difference,real,dressed_linear_chi,REJECTED_PHYSICAL,YZ,x,-0.0625,y,-0.0625,z,-0.5625,0.1,0.23466164514521837,0.13466164514521836,0.1,2.3000000000000003
2009,1.0,20dB_nominal_difference,real,dressed_linear_chi,REJECTED_PHYSICAL,YZ,x,-0.0625,y,0.0625,z,-0.5625,0.1,0.21983943836541894,0.11983943836541894,0.1,2.3000000000000003
2009,1.0,20dB_nominal_difference,real,dressed_linear_chi,REJECTED_PHYSICAL,YZ,x,-0.0625,y,0.1875,z,-0.5625,0.1,0.1938258367527279,0.0938258367527279,0.1,2.3000000000000003
2009,1.0,20dB_nominal_difference,real,dressed_linear_chi,REJECTED_PHYSICAL,YZ,x,-0.0625,y,0.3125,z,-0.5625,0.1,0.16125608088444393,0.061256080884443925,0.1,2.3000000000000003
2009,1.0,20dB_nominal_difference,real,dressed_linear_chi,REJECTED_PHYSICAL,YZ,x,-0.0625,y,0.4375,z,-0.5625,0.1,0.12631069890587832,0.02631069890587831,0.1,2.3000000000000003
2009,1.0,20dB_nominal_difference,real,dressed_linear_chi,REJECTED_PHYSICAL,YZ,x,-0.0625,y,0.5625,z,-0.5625,0.1,0.09309130998067063,-0.00690869001932938,0.1,2.3000000000000003
2009,1.0,20dB_nominal_difference,real,dressed_linear_chi,REJECTED_PHYSICAL,YZ,x,-0.0625,y,0.6875,z,-0.5625,0.1,0.0729100342310372,-0.027089965768962804,0.1,2.3000000000000003
2009,1.0,20dB_nominal_difference,real,dressed_linear_chi,REJECTED_PHYSICAL,YZ,x,-0.0625,y,-0.6875,z,-0.4375,0.1,0.06398760796928751,-0.03601239203071249,0.1,2.3000000000000003
2009,1.0,20dB_nominal_difference,real,dressed_linear_chi,REJECTED_PHYSICAL,YZ,x,-0.0625,y,-0.5625,z,-0.4375,0.1,0.16174596956308973,0.061745969563089725,0.1,2.3000000000000003
2009,1.0,20dB_nominal_difference,real,dressed_linear_chi,REJECTED_PHYSICAL,YZ,x,-0.0625,y,-0.4375,z,-0.4375,0.1,0.24578370528750357,0.14578370528750356,0.1,2.3000000000000003
2009,1.0,20dB_nominal_difference,real,dressed_linear_chi,REJECTED_PHYSICAL,YZ,x,-0.0625,y,-0.3125,z,-0.4375,0.1,0.30453922053454746,0.20453922053454746,0.1,2.3000000000000003
2009,1.0,20dB_nominal_difference,real,dressed_linear_chi,REJECTED_PHYSICAL,YZ,x,-0.0625,y,-0.1875,z,-0.4375,0.1,0.33601274596334874,0.23601274596334873,0.1,2.3000000000000003
2009,1.0,20dB_nominal_difference,real,dressed_linear_chi,REJECTED_PHYSICAL,YZ,x,-0.0625,y,-0.0625,z,-0.4375,0.1,0.3411999348521746,0.24119993485217459,0.1,2.3000000000000003
2009,1.0,20dB_nominal_difference,real,dressed_linear_chi,REJECTED_PHYSICAL,YZ,x,-0.0625,y,0.0625,z,-0.4375,0.1,0.3233738904359681,0.2233738904359681,0.1,2.3000000000000003
2009,1.0,20dB_nominal_difference,real,dressed_linear_chi,REJECTED_PHYSICAL,YZ,x,-0.0625,y,0.1875,z,-0.4375,0.1,0.2872993843831109,0.18729938438311092,0.1,2.3000000000000003
2009,1.0,20dB_nominal_difference,real,dressed_linear_chi,REJECTED_PHYSICAL,YZ,x,-0.0625,y,0.3125,z,-0.4375,0.1,0.23855667236724618,0.13855667236724617,0.1,2.3000000000000003
2009,1.0,20dB_nominal_difference,real,dressed_linear_chi,REJECTED_PHYSICAL,YZ,x,-0.0625,y,0.4375,z,-0.4375,0.1,0.1831734598780888,0.0831734598780888,0.1,2.3000000000000003
2009,1.0,20dB_nominal_difference,real,dressed_linear_chi,REJECTED_PHYSICAL,YZ,x,-0.0625,y,0.5625,z,-0.4375,0.1,0.12783229507240196,0.027832295072401952,0.1,2.3000000000000003
2009,1.0,20dB_nominal_difference,real,dressed_linear_chi,REJECTED_PHYSICAL,YZ,x,-0.0625,y,0.6875,z,-0.4375,0.1,0.08617518172131945,-0.013824818278680553,0.1,2.3000000000000003
2009,1.0,20dB_nominal_difference,real,dressed_linear_chi,REJECTED_PHYSICAL,YZ,x,-0.0625,y,-0.6875,z,-0.3125,0.1,0.094339190785085,-0.005660809214915005,0.1,2.3000000000000003
2009,1.0,20dB_nominal_difference,real,dressed_linear_chi,REJECTED_PHYSICAL,YZ,x,-0.0625,y,-0.5625,z,-0.3125,0.1,0.21052655147468308,0.11052655147468307,0.1,2.3000000000000003
2009,1.0,20dB_nominal_difference,real,dressed_linear_chi,REJECTED_PHYSICAL,YZ,x,-0.0625,y,-0.4375,z,-0.3125,0.1,0.3127368949521554,0.2127368949521554,0.1,2.3000000000000003
2009,1.0,20dB_nominal_difference,real,dressed_linear_chi,REJECTED_PHYSICAL,YZ,x,-0.0625,y,-0.3125,z,-0.3125,0.1,0.3857051962549176,0.28570519625491764,0.1,2.3000000000000003
2009,1.0,20dB_nominal_difference,real,dressed_linear_chi,REJECTED_PHYSICAL,YZ,x,-0.0625,y,-0.1875,z,-0.3125,0.9,0.426248448210932,-0.473751551789068,0.1,2.3000000000000003
2009,1.0,20dB_nominal_difference,real,dressed_linear_chi,REJECTED_PHYSICAL,YZ,x,-0.0625,y,-0.0625,z,-0.3125,0.9,0.43447388078048466,-0.46552611921951537,0.1,2.3000000000000003
2009,1.0,20dB_nominal_difference,real,dressed_linear_chi,REJECTED_PHYSICAL,YZ,x,-0.0625,y,0.0625,z,-0.3125,0.9,0.4132198462175678,-0.4867801537824322,0.1,2.3000000000000003
2009,1.0,20dB_nominal_difference,real,dressed_linear_chi,REJECTED_PHYSICAL,YZ,x,-0.0625,y,0.1875,z,-0.3125,0.1,0.3673811512559392,0.2673811512559392,0.1,2.3000000000000003
2009,1.0,20dB_nominal_difference,real,dressed_linear_chi,REJECTED_PHYSICAL,YZ,x,-0.0625,y,0.3125,z,-0.3125,0.1,0.3032576114507449,0.20325761145074492,0.1,2.3000000000000003
2009,1.0,20dB_nominal_difference,real,dressed_linear_chi,REJECTED_PHYSICAL,YZ,x,-0.0625,y,0.4375,z,-0.3125,0.1,0.2280658445959375,0.1280658445959375,0.1,2.3000000000000003
2009,1.0,20dB_nominal_difference,real,dressed_linear_chi,REJECTED_PHYSICAL,YZ,x,-0.0625,y,0.5625,z,-0.3125,0.1,0.14968422927925706,0.04968422927925706,0.1,2.3000000000000003
2009,1.0,20dB_nominal_difference,real,dressed_linear_chi,REJECTED_PHYSICAL,YZ,x,-0.0625,y,0.6875,z,-0.3125,0.1,0.08377970810326772,-0.016220291896732283,0.1,2.3000000000000003
2009,1.0,20dB_nominal_difference,real,dressed_linear_chi,REJECTED_PHYSICAL,YZ,x,-0.0625,y,-0.6875,z,-0.1875,0.1,0.11488645731722269,0.014886457317222684,0.1,2.3000000000000003
2009,1.0,20dB_nominal_difference,real,dressed_linear_chi,REJECTED_PHYSICAL,YZ,x,-0.0625,y,-0.5625,z,-0.1875,0.1,0.245448625457197,0.145448625457197,0.1,2.3000000000000003
2009,1.0,20dB_nominal_difference,real,dressed_linear_chi,REJECTED_PHYSICAL,YZ,x,-0.0625,y,-0.4375,z,-0.1875,0.1,0.3620524541650558,0.26205245416505585,0.1,2.3000000000000003
2009,1.0,20dB_nominal_difference,real,dressed_linear_chi,REJECTED_PHYSICAL,YZ,x,-0.0625,y,-0.3125,z,-0.1875,0.9,0.4462068614022162,-0.4537931385977838,0.1,2.3000000000000003
2009,1.0,20dB_nominal_difference,real,dressed_linear_chi,REJECTED_PHYSICAL,YZ,x,-0.0625,y,-0.1875,z,-0.1875,1.6,0.4937454982754471,-1.1062545017245529,0.1,2.3000000000000003
2009,1.0,20dB_nominal_difference,real,dressed_linear_chi,REJECTED_PHYSICAL,YZ,x,-0.0625,y,-0.0625,z,-0.1875,1.6,0.5040927875852362,-1.095907212414764,0.1,2.3000000000000003
2009,1.0,20dB_nominal_difference,real,dressed_linear_chi,REJECTED_PHYSICAL,YZ,x,-0.0625,y,0.0625,z,-0.1875,1.6,0.47976434922435884,-1.1202356507756412,0.1,2.3000000000000003
2009,1.0,20dB_nominal_difference,real,dressed_linear_chi,REJECTED_PHYSICAL,YZ,x,-0.0625,y,0.1875,z,-0.1875,0.9,0.4257391452220014,-0.4742608547779986,0.1,2.3000000000000003
2009,1.0,20dB_nominal_difference,real,dressed_linear_chi,REJECTED_PHYSICAL,YZ,x,-0.0625,y,0.3125,z,-0.1875,0.1,0.3487848341579657,0.24878483415796568,0.1,2.3000000000000003
2009,1.0,20dB_nominal_difference,real,dressed_linear_chi,REJECTED_PHYSICAL,YZ,x,-0.0625,y,0.4375,z,-0.1875,0.1,0.25683916946043417,0.15683916946043416,0.1,2.3000000000000003
2009,1.0,20dB_nominal_difference,real,dressed_linear_chi,REJECTED_PHYSICAL,YZ,x,-0.0625,y,0.5625,z,-0.1875,0.1,0.15851431517199854,0.05851431517199854,0.1,2.3000000000000003
2009,1.0,20dB_nominal_difference,real,dressed_linear_chi,REJECTED_PHYSICAL,YZ,x,-0.0625,y,0.6875,z,-0.1875,0.1,0.07157200517630523,-0.028427994823694777,0.1,2.3000000000000003
2009,1.0,20dB_nominal_difference,real,dressed_linear_chi,REJECTED_PHYSICAL,YZ,x,-0.0625,y,-0.6875,z,-0.0625,0.1,0.12212485202420689,0.022124852024206887,0.1,2.3000000000000003
2009,1.0,20dB_nominal_difference,real,dressed_linear_chi,REJECTED_PHYSICAL,YZ,x,-0.0625,y,-0.5625,z,-0.0625,0.1,0.26205012096867325,0.16205012096867324,0.1,2.3000000000000003
2009,1.0,20dB_nominal_difference,real,dressed_linear_chi,REJECTED_PHYSICAL,YZ,x,-0.0625,y,-0.4375,z,-0.0625,0.1,0.38806777500559275,0.2880677750055928,0.1,2.3000000000000003
2009,1.0,20dB_nominal_difference,real,dressed_linear_chi,REJECTED_PHYSICAL,YZ,x,-0.0625,y,-0.3125,z,-0.0625,0.9,0.4795079420273103,-0.42049205797268974,0.1,2.3000000000000003
2009,1.0,20dB_nominal_difference,real,dressed_linear_chi,REJECTED_PHYSICAL,YZ,x,-0.0625,y,-0.1875,z,-0.0625,1.6,0.5315474391145456,-1.0684525608854545,0.1,2.3000000000000003
2009,1.0,20dB_nominal_difference,real,dressed_linear_chi,REJECTED_PHYSICAL,YZ,x,-0.0625,y,-0.0625,z,-0.0625,1.6,0.5431735327250173,-1.0568264672749828,0.1,2.3000000000000003
2009,1.0,20dB_nominal_difference,real,dressed_linear_chi,REJECTED_PHYSICAL,YZ,x,-0.0625,y,0.0625,z,-0.0625,1.6,0.5167082793151733,-1.083291720684827,0.1,2.3000000000000003
2009,1.0,20dB_nominal_difference,real,dressed_linear_chi,REJECTED_PHYSICAL,YZ,x,-0.0625,y,0.1875,z,-0.0625,0.9,0.4571836124666283,-0.4428163875333717,0.1,2.3000000000000003
2009,1.0,20dB_nominal_difference,real,dressed_linear_chi,REJECTED_PHYSICAL,YZ,x,-0.0625,y,0.3125,z,-0.0625,0.1,0.3716286701627711,0.27162867016277115,0.1,2.3000000000000003
2009,1.0,20dB_nominal_difference,real,dressed_linear_chi,REJECTED_PHYSICAL,YZ,x,-0.0625,y,0.4375,z,-0.0625,0.1,0.2683698754904054,0.1683698754904054,0.1,2.3000000000000003
2009,1.0,20dB_nominal_difference,real,dressed_linear_chi,REJECTED_PHYSICAL,YZ,x,-0.0625,y,0.5625,z,-0.0625,0.1,0.15644749801333563,0.05644749801333562,0.1,2.3000000000000003
2009,1.0,20dB_nominal_difference,real,dressed_linear_chi,REJECTED_PHYSICAL,YZ,x,-0.0625,y,0.6875,z,-0.0625,0.1,0.05509373428580268,-0.04490626571419733,0.1,2.3000000000000003
2009,1.0,20dB_nominal_difference,real,dressed_linear_chi,REJECTED_PHYSICAL,YZ,x,-0.0625,y,-0.6875,z,0.0625,0.1,0.11607544505436221,0.016075445054362203,0.1,2.3000000000000003
2009,1.0,20dB_nominal_difference,real,dressed_linear_chi,REJECTED_PHYSICAL,YZ,x,-0.0625,y,-0.5625,z,0.0625,0.1,0.2593617292285004,0.15936172922850042,0.1,2.3000000000000003
2009,1.0,20dB_nominal_difference,real,dressed_linear_chi,REJECTED_PHYSICAL,YZ,x,-0.0625,y,-0.4375,z,0.0625,0.1,0.3887564774407858,0.2887564774407858,0.1,2.3000000000000003
2009,1.0,20dB_nominal_difference,real,dressed_linear_chi,REJECTED_PHYSICAL,YZ,x,-0.0625,y,-0.3125,z,0.0625,0.9,0.48276615679227697,-0.41723384320772305,0.1,2.3000000000000003
2009,1.0,20dB_nominal_difference,real,dressed_linear_chi,REJECTED_PHYSICAL,YZ,x,-0.0625,y,-0.1875,z,0.0625,1.6,0.5363204120104533,-1.0636795879895469,0.1,2.3000000000000003
2009,1.0,20dB_nominal_difference,real,dressed_linear_chi,REJECTED_PHYSICAL,YZ,x,-0.0625,y,-0.0625,z,0.0625,2.3000000000000003,0.5482692218222845,-1.7517307781777158,0.1,2.3000000000000003
2009,1.0,20dB_nominal_difference,real,dressed_linear_chi,REJECTED_PHYSICAL,YZ,x,-0.0625,y,0.0625,z,0.0625,1.6,0.5209094153382382,-1.079090584661762,0.1,2.3000000000000003
2009,1.0,20dB_nominal_difference,real,dressed_linear_chi,REJECTED_PHYSICAL,YZ,x,-0.0625,y,0.1875,z,0.0625,0.9,0.45933045688763097,-0.44066954311236906,0.1,2.3000000000000003
2009,1.0,20dB_nominal_difference,real,dressed_linear_chi,REJECTED_PHYSICAL,YZ,x,-0.0625,y,0.3125,z,0.0625,0.1,0.3706580077145242,0.2706580077145242,0.1,2.3000000000000003
2009,1.0,20dB_nominal_difference,real,dressed_linear_chi,REJECTED_PHYSICAL,YZ,x,-0.0625,y,0.4375,z,0.0625,0.1,0.26331147287951606,0.16331147287951606,0.1,2.3000000000000003
2009,1.0,20dB_nominal_difference,real,dressed_linear_chi,REJECTED_PHYSICAL,YZ,x,-0.0625,y,0.5625,z,0.0625,0.1,0.14639936359278904,0.04639936359278904,0.1,2.3000000000000003
2009,1.0,20dB_nominal_difference,real,dressed_linear_chi,REJECTED_PHYSICAL,YZ,x,-0.0625,y,0.6875,z,0.0625,0.1,0.03950661935474113,-0.060493380645258873,0.1,2.3000000000000003
2009,1.0,20dB_nominal_difference,real,dressed_linear_chi,REJECTED_PHYSICAL,YZ,x,-0.0625,y,-0.6875,z,0.1875,0.1,0.09943333928125524,-0.0005666607187447686,0.1,2.3000000000000003
2009,1.0,20dB_nominal_difference,real,dressed_linear_chi,REJECTED_PHYSICAL,YZ,x,-0.0625,y,-0.5625,z,0.1875,0.1,0.2391528434277535,0.1391528434277535,0.1,2.3000000000000003
2009,1.0,20dB_nominal_difference,real,dressed_linear_chi,REJECTED_PHYSICAL,YZ,x,-0.0625,y,-0.4375,z,0.1875,0.1,0.3650547774714713,0.2650547774714713,0.1,2.3000000000000003
2009,1.0,20dB_nominal_difference,real,dressed_linear_chi,REJECTED_PHYSICAL,YZ,x,-0.0625,y,-0.3125,z,0.1875,0.9,0.45625006889878694,-0.4437499311012131,0.1,2.3000000000000003
2009,1.0,20dB_nominal_difference,real,dressed_linear_chi,REJECTED_PHYSICAL,YZ,x,-0.0625,y,-0.1875,z,0.1875,1.6,0.507846191720493,-1.092153808279507,0.1,2.3000000000000003
2009,1.0,20dB_nominal_difference,real,dressed_linear_chi,REJECTED_PHYSICAL,YZ,x,-0.0625,y,-0.0625,z,0.1875,1.6,0.5188920209561573,-1.0811079790438427,0.1,2.3000000000000003
2009,1.0,20dB_nominal_difference,real,dressed_linear_chi,REJECTED_PHYSICAL,YZ,x,-0.0625,y,0.0625,z,0.1875,1.6,0.4918728237375063,-1.1081271762624938,0.1,2.3000000000000003
2009,1.0,20dB_nominal_difference,real,dressed_linear_chi,REJECTED_PHYSICAL,YZ,x,-0.0625,y,0.1875,z,0.1875,0.9,0.43198290929380445,-0.46801709070619557,0.1,2.3000000000000003
2009,1.0,20dB_nominal_difference,real,dressed_linear_chi,REJECTED_PHYSICAL,YZ,x,-0.0625,y,0.3125,z,0.1875,0.1,0.3463124803378471,0.2463124803378471,0.1,2.3000000000000003
2009,1.0,20dB_nominal_difference,real,dressed_linear_chi,REJECTED_PHYSICAL,YZ,x,-0.0625,y,0.4375,z,0.1875,0.1,0.2430866506677949,0.14308665066779488,0.1,2.3000000000000003
2009,1.0,20dB_nominal_difference,real,dressed_linear_chi,REJECTED_PHYSICAL,YZ,x,-0.0625,y,0.5625,z,0.1875,0.1,0.13107042554306933,0.031070425543069324,0.1,2.3000000000000003
2009,1.0,20dB_nominal_difference,real,dressed_linear_chi,REJECTED_PHYSICAL,YZ,x,-0.0625,y,0.6875,z,0.1875,0.1,0.028858639748027506,-0.0711413602519725,0.1,2.3000000000000003
2009,1.0,20dB_nominal_difference,real,dressed_linear_chi,REJECTED_PHYSICAL,YZ,x,-0.0625,y,-0.6875,z,0.3125,0.1,0.07630813174801993,-0.02369186825198008,0.1,2.3000000000000003
2009,1.0,20dB_nominal_difference,real,dressed_linear_chi,REJECTED_PHYSICAL,YZ,x,-0.0625,y,-0.5625,z,0.3125,0.1,0.20485257948951285,0.10485257948951285,0.1,2.3000000000000003
2009,1.0,20dB_nominal_difference,real,dressed_linear_chi,REJECTED_PHYSICAL,YZ,x,-0.0625,y,-0.4375,z,0.3125,0.1,0.3199900468387626,0.21999004683876258,0.1,2.3000000000000003
2009,1.0,20dB_nominal_difference,real,dressed_linear_chi,REJECTED_PHYSICAL,YZ,x,-0.0625,y,-0.3125,z,0.3125,0.1,0.4026320105759875,0.30263201057598754,0.1,2.3000000000000003
2009,1.0,20dB_nominal_difference,real,dressed_linear_chi,REJECTED_PHYSICAL,YZ,x,-0.0625,y,-0.1875,z,0.3125,0.9,0.4484262166214664,-0.4515737833785336,0.1,2.3000000000000003
2009,1.0,20dB_nominal_difference,real,dressed_linear_chi,REJECTED_PHYSICAL,YZ,x,-0.0625,y,-0.0625,z,0.3125,0.9,0.45698284613442675,-0.4430171538655733,0.1,2.3000000000000003
2009,1.0,20dB_nominal_difference,real,dressed_linear_chi,REJECTED_PHYSICAL,YZ,x,-0.0625,y,0.0625,z,0.3125,0.9,0.4312429439423665,-0.4687570560576335,0.1,2.3000000000000003
2009,1.0,20dB_nominal_difference,real,dressed_linear_chi,REJECTED_PHYSICAL,YZ,x,-0.0625,y,0.1875,z,0.3125,0.1,0.3766009681782133,0.27660096817821334,0.1,2.3000000000000003
2009,1.0,20dB_nominal_difference,real,dressed_linear_chi,REJECTED_PHYSICAL,YZ,x,-0.0625,y,0.3125,z,0.3125,0.1,0.3000119988460561,0.2000119988460561,0.1,2.3000000000000003
2009,1.0,20dB_nominal_difference,real,dressed_linear_chi,REJECTED_PHYSICAL,YZ,x,-0.0625,y,0.4375,z,0.3125,0.1,0.20923573896972464,0.10923573896972463,0.1,2.3000000000000003
2009,1.0,20dB_nominal_difference,real,dressed_linear_chi,REJECTED_PHYSICAL,YZ,x,-0.0625,y,0.5625,z,0.3125,0.1,0.11228802601761381,0.012288026017613807,0.1,2.3000000000000003
2009,1.0,20dB_nominal_difference,real,dressed_linear_chi,REJECTED_PHYSICAL,YZ,x,-0.0625,y,0.6875,z,0.3125,0.1,0.025471956085879058,-0.07452804391412095,0.1,2.3000000000000003
2009,1.0,20dB_nominal_difference,real,dressed_linear_chi,REJECTED_PHYSICAL,YZ,x,-0.0625,y,-0.6875,z,0.4375,0.1,0.0508919292677531,-0.049108070732246906,0.1,2.3000000000000003
2009,1.0,20dB_nominal_difference,real,dressed_linear_chi,REJECTED_PHYSICAL,YZ,x,-0.0625,y,-0.5625,z,0.4375,0.1,0.1605041818737534,0.06050418187375339,0.1,2.3000000000000003
2009,1.0,20dB_nominal_difference,real,dressed_linear_chi,REJECTED_PHYSICAL,YZ,x,-0.0625,y,-0.4375,z,0.4375,0.1,0.2579778496453288,0.15797784964532882,0.1,2.3000000000000003
2009,1.0,20dB_nominal_difference,real,dressed_linear_chi,REJECTED_PHYSICAL,YZ,x,-0.0625,y,-0.3125,z,0.4375,0.1,0.32648191229973533,0.22648191229973533,0.1,2.3000000000000003
2009,1.0,20dB_nominal_difference,real,dressed_linear_chi,REJECTED_PHYSICAL,YZ,x,-0.0625,y,-0.1875,z,0.4375,0.1,0.3624817201266164,0.2624817201266164,0.1,2.3000000000000003
2009,1.0,20dB_nominal_difference,real,dressed_linear_chi,REJECTED_PHYSICAL,YZ,x,-0.0625,y,-0.0625,z,0.4375,0.1,0.3665907980432891,0.2665907980432891,0.1,2.3000000000000003
2009,1.0,20dB_nominal_difference,real,dressed_linear_chi,REJECTED_PHYSICAL,YZ,x,-0.0625,y,0.0625,z,0.4375,0.1,0.34254899966083174,0.24254899966083174,0.1,2.3000000000000003
2009,1.0,20dB_nominal_difference,real,dressed_linear_chi,REJECTED_PHYSICAL,YZ,x,-0.0625,y,0.1875,z,0.4375,0.1,0.2960969572979183,0.1960969572979183,0.1,2.3000000000000003
2009,1.0,20dB_nominal_difference,real,dressed_linear_chi,REJECTED_PHYSICAL,YZ,x,-0.0625,y,0.3125,z,0.4375,0.1,0.23398509292450978,0.13398509292450977,0.1,2.3000000000000003
2009,1.0,20dB_nominal_difference,real,dressed_linear_chi,REJECTED_PHYSICAL,YZ,x,-0.0625,y,0.4375,z,0.4375,0.1,0.16325400242888294,0.06325400242888293,0.1,2.3000000000000003
2009,1.0,20dB_nominal_difference,real,dressed_linear_chi,REJECTED_PHYSICAL,YZ,x,-0.0625,y,0.5625,z,0.4375,0.1,0.09082670610362427,-0.009173293896375737,0.1,2.3000000000000003
2009,1.0,20dB_nominal_difference,real,dressed_linear_chi,REJECTED_PHYSICAL,YZ,x,-0.0625,y,0.6875,z,0.4375,0.1,0.029769527699659973,-0.07023047230034003,0.1,2.3000000000000003
2009,1.0,20dB_nominal_difference,real,dressed_linear_chi,REJECTED_PHYSICAL,YZ,x,-0.0625,y,-0.6875,z,0.5625,0.1,0.025897043714125503,-0.0741029562858745,0.1,2.3000000000000003
2009,1.0,20dB_nominal_difference,real,dressed_linear_chi,REJECTED_PHYSICAL,YZ,x,-0.0625,y,-0.5625,z,0.5625,0.1,0.11002315434465519,0.010023154344655186,0.1,2.3000000000000003
2009,1.0,20dB_nominal_difference,real,dressed_linear_chi,REJECTED_PHYSICAL,YZ,x,-0.0625,y,-0.4375,z,0.5625,0.1,0.18462746742600222,0.08462746742600222,0.1,2.3000000000000003
2009,1.0,20dB_nominal_difference,real,dressed_linear_chi,REJECTED_PHYSICAL,YZ,x,-0.0625,y,-0.3125,z,0.5625,0.1,0.23414036121415677,0.13414036121415676,0.1,2.3000000000000003
2009,1.0,20dB_nominal_difference,real,dressed_linear_chi,REJECTED_PHYSICAL,YZ,x,-0.0625,y,-0.1875,z,0.5625,0.1,0.2564529592212375,0.1564529592212375,0.1,2.3000000000000003
2009,1.0,20dB_nominal_difference,real,dressed_linear_chi,REJECTED_PHYSICAL,YZ,x,-0.0625,y,-0.0625,z,0.5625,0.1,0.2538483866720656,0.1538483866720656,0.1,2.3000000000000003
2009,1.0,20dB_nominal_difference,real,dressed_linear_chi,REJECTED_PHYSICAL,YZ,x,-0.0625,y,0.0625,z,0.5625,0.1,0.23128049229273206,0.13128049229273206,0.1,2.3000000000000003
2009,1.0,20dB_nominal_difference,real,dressed_linear_chi,REJECTED_PHYSICAL,YZ,x,-0.0625,y,0.1875,z,0.5625,0.1,0.19501616350885304,0.09501616350885303,0.1,2.3000000000000003
2009,1.0,20dB_nominal_difference,real,dressed_linear_chi,REJECTED_PHYSICAL,YZ,x,-0.0625,y,0.3125,z,0.5625,0.1,0.15155915095108907,0.05155915095108907,0.1,2.3000000000000003
2009,1.0,20dB_nominal_difference,real,dressed_linear_chi,REJECTED_PHYSICAL,YZ,x,-0.0625,y,0.4375,z,0.5625,0.1,0.10696851031243905,0.006968510312439044,0.1,2.3000000000000003
2009,1.0,20dB_nominal_difference,real,dressed_linear_chi,REJECTED_PHYSICAL,YZ,x,-0.0625,y,0.5625,z,0.5625,0.1,0.06672605518063932,-0.03327394481936069,0.1,2.3000000000000003
2009,1.0,20dB_nominal_difference,real,dressed_linear_chi,REJECTED_PHYSICAL,YZ,x,-0.0625,y,0.6875,z,0.5625,0.1,0.040530168491913675,-0.05946983150808633,0.1,2.3000000000000003
2009,1.0,20dB_nominal_difference,real,dressed_linear_chi,REJECTED_PHYSICAL,YZ,x,-0.0625,y,-0.6875,z,0.6875,0.1,-0.0043927766582273625,-0.10439277665822737,0.1,2.3000000000000003
2009,1.0,20dB_nominal_difference,real,dressed_linear_chi,REJECTED_PHYSICAL,YZ,x,-0.0625,y,-0.5625,z,0.6875,0.1,0.05619387072428877,-0.04380612927571124,0.1,2.3000000000000003
2009,1.0,20dB_nominal_difference,real,dressed_linear_chi,REJECTED_PHYSICAL,YZ,x,-0.0625,y,-0.4375,z,0.6875,0.1,0.10594218874776729,0.00594218874776728,0.1,2.3000000000000003
2009,1.0,20dB_nominal_difference,real,dressed_linear_chi,REJECTED_PHYSICAL,YZ,x,-0.0625,y,-0.3125,z,0.6875,0.1,0.13282845873703103,0.032828458737031024,0.1,2.3000000000000003
2009,1.0,20dB_nominal_difference,real,dressed_linear_chi,REJECTED_PHYSICAL,YZ,x,-0.0625,y,-0.1875,z,0.6875,0.1,0.13820302484747565,0.03820302484747565,0.1,2.3000000000000003
2009,1.0,20dB_nominal_difference,real,dressed_linear_chi,REJECTED_PHYSICAL,YZ,x,-0.0625,y,-0.0625,z,0.6875,0.1,0.1267351610420693,0.0267351610420693,0.1,2.3000000000000003
2009,1.0,20dB_nominal_difference,real,dressed_linear_chi,REJECTED_PHYSICAL,YZ,x,-0.0625,y,0.0625,z,0.6875,0.1,0.10489682305793845,0.00489682305793844,0.1,2.3000000000000003
2009,1.0,20dB_nominal_difference,real,dressed_linear_chi,REJECTED_PHYSICAL,YZ,x,-0.0625,y,0.1875,z,0.6875,0.1,0.07963589409126877,-0.020364105908731236,0.1,2.3000000000000003
2009,1.0,20dB_nominal_difference,real,dressed_linear_chi,REJECTED_PHYSICAL,YZ,x,-0.0625,y,0.3125,z,0.6875,0.1,0.05725016753701093,-0.04274983246298907,0.1,2.3000000000000003
2009,1.0,20dB_nominal_difference,real,dressed_linear_chi,REJECTED_PHYSICAL,YZ,x,-0.0625,y,0.4375,z,0.6875,0.1,0.04265439919523551,-0.057345600804764495,0.1,2.3000000000000003
2009,1.0,20dB_nominal_difference,real,dressed_linear_chi,REJECTED_PHYSICAL,YZ,x,-0.0625,y,0.5625,z,0.6875,0.1,0.03926946522113925,-0.060730534778860756,0.1,2.3000000000000003
2009,1.0,20dB_nominal_difference,real,dressed_linear_chi,REJECTED_PHYSICAL,YZ,x,-0.0625,y,0.6875,z,0.6875,0.1,0.05347563388015287,-0.04652436611984714,0.1,2.3000000000000003
2009,1.0,20dB_nominal_difference,real,linear_a_exact_conversion,REJECTED_PHYSICAL,XY,z,-0.0625,x,-0.6875,y,-0.6875,0.1,0.056529079459022344,-0.04347092054097766,0.1,2.3000000000000003
2009,1.0,20dB_nominal_difference,real,linear_a_exact_conversion,REJECTED_PHYSICAL,XY,z,-0.0625,x,-0.5625,y,-0.6875,0.1,0.07711191739559896,-0.022888082604401047,0.1,2.3000000000000003
2009,1.0,20dB_nominal_difference,real,linear_a_exact_conversion,REJECTED_PHYSICAL,XY,z,-0.0625,x,-0.4375,y,-0.6875,0.1,0.09076418465513553,-0.009235815344864479,0.1,2.3000000000000003
2009,1.0,20dB_nominal_difference,real,linear_a_exact_conversion,REJECTED_PHYSICAL,XY,z,-0.0625,x,-0.3125,y,-0.6875,0.1,0.10378094942550337,0.0037809494255033604,0.1,2.3000000000000003
2009,1.0,20dB_nominal_difference,real,linear_a_exact_conversion,REJECTED_PHYSICAL,XY,z,-0.0625,x,-0.1875,y,-0.6875,0.1,0.11474848351738677,0.014748483517386765,0.1,2.3000000000000003
2009,1.0,20dB_nominal_difference,real,linear_a_exact_conversion,REJECTED_PHYSICAL,XY,z,-0.0625,x,-0.0625,y,-0.6875,0.1,0.12217862688127719,0.022178626881277183,0.1,2.3000000000000003
2009,1.0,20dB_nominal_difference,real,linear_a_exact_conversion,REJECTED_PHYSICAL,XY,z,-0.0625,x,0.0625,y,-0.6875,0.1,0.12444491888965642,0.024444918889656414,0.1,2.3000000000000003
2009,1.0,20dB_nominal_difference,real,linear_a_exact_conversion,REJECTED_PHYSICAL,XY,z,-0.0625,x,0.1875,y,-0.6875,0.1,0.11969088934717514,0.01969088934717514,0.1,2.3000000000000003
2009,1.0,20dB_nominal_difference,real,linear_a_exact_conversion,REJECTED_PHYSICAL,XY,z,-0.0625,x,0.3125,y,-0.6875,0.1,0.1059242651037932,0.005924265103793194,0.1,2.3000000000000003
2009,1.0,20dB_nominal_difference,real,linear_a_exact_conversion,REJECTED_PHYSICAL,XY,z,-0.0625,x,0.4375,y,-0.6875,0.1,0.08112910446368773,-0.01887089553631227,0.1,2.3000000000000003
2009,1.0,20dB_nominal_difference,real,linear_a_exact_conversion,REJECTED_PHYSICAL,XY,z,-0.0625,x,0.5625,y,-0.6875,0.1,0.04240014997482356,-0.057599850025176445,0.1,2.3000000000000003
2009,1.0,20dB_nominal_difference,real,linear_a_exact_conversion,REJECTED_PHYSICAL,XY,z,-0.0625,x,0.6875,y,-0.6875,0.1,-0.02788152942301817,-0.12788152942301817,0.1,2.3000000000000003
2009,1.0,20dB_nominal_difference,real,linear_a_exact_conversion,REJECTED_PHYSICAL,XY,z,-0.0625,x,-0.6875,y,-0.5625,0.1,0.07036435554822384,-0.02963564445177616,0.1,2.3000000000000003
2009,1.0,20dB_nominal_difference,real,linear_a_exact_conversion,REJECTED_PHYSICAL,XY,z,-0.0625,x,-0.5625,y,-0.5625,0.1,0.13289776138938933,0.032897761389389324,0.1,2.3000000000000003
2009,1.0,20dB_nominal_difference,real,linear_a_exact_conversion,REJECTED_PHYSICAL,XY,z,-0.0625,x,-0.4375,y,-0.5625,0.1,0.18229036392857212,0.08229036392857211,0.1,2.3000000000000003
2009,1.0,20dB_nominal_difference,real,linear_a_exact_conversion,REJECTED_PHYSICAL,XY,z,-0.0625,x,-0.3125,y,-0.5625,0.1,0.223603982030481,0.12360398203048101,0.1,2.3000000000000003
2009,1.0,20dB_nominal_difference,real,linear_a_exact_conversion,REJECTED_PHYSICAL,XY,z,-0.0625,x,-0.1875,y,-0.5625,0.1,0.25415185130067436,0.15415185130067435,0.1,2.3000000000000003
2009,1.0,20dB_nominal_difference,real,linear_a_exact_conversion,REJECTED_PHYSICAL,XY,z,-0.0625,x,-0.0625,y,-0.5625,0.1,0.27094098262859895,0.17094098262859894,0.1,2.3000000000000003
2009,1.0,20dB_nominal_difference,real,linear_a_exact_conversion,REJECTED_PHYSICAL,XY,z,-0.0625,x,0.0625,y,-0.5625,0.1,0.27176105180054266,0.17176105180054266,0.1,2.3000000000000003
2009,1.0,20dB_nominal_difference,real,linear_a_exact_conversion,REJECTED_PHYSICAL,XY,z,-0.0625,x,0.1875,y,-0.5625,0.1,0.2556213582429742,0.1556213582429742,0.1,2.3000000000000003
2009,1.0,20dB_nominal_difference,real,linear_a_exact_conversion,REJECTED_PHYSICAL,XY,z,-0.0625,x,0.3125,y,-0.5625,0.1,0.2227759289008723,0.1227759289008723,0.1,2.3000000000000003
2009,1.0,20dB_nominal_difference,real,linear_a_exact_conversion,REJECTED_PHYSICAL,XY,z,-0.0625,x,0.4375,y,-0.5625,0.1,0.1743665694108003,0.0743665694108003,0.1,2.3000000000000003
2009,1.0,20dB_nominal_difference,real,linear_a_exact_conversion,REJECTED_PHYSICAL,XY,z,-0.0625,x,0.5625,y,-0.5625,0.1,0.11174592174324052,0.011745921743240517,0.1,2.3000000000000003
2009,1.0,20dB_nominal_difference,real,linear_a_exact_conversion,REJECTED_PHYSICAL,XY,z,-0.0625,x,0.6875,y,-0.5625,0.1,0.03115926114348621,-0.06884073885651379,0.1,2.3000000000000003
2009,1.0,20dB_nominal_difference,real,linear_a_exact_conversion,REJECTED_PHYSICAL,XY,z,-0.0625,x,-0.6875,y,-0.4375,0.1,0.08730219950669477,-0.012697800493305239,0.1,2.3000000000000003
2009,1.0,20dB_nominal_difference,real,linear_a_exact_conversion,REJECTED_PHYSICAL,XY,z,-0.0625,x,-0.5625,y,-0.4375,0.1,0.1805923559822472,0.0805923559822472,0.1,2.3000000000000003
2009,1.0,20dB_nominal_difference,real,linear_a_exact_conversion,REJECTED_PHYSICAL,XY,z,-0.0625,x,-0.4375,y,-0.4375,0.1,0.2628593063124728,0.16285930631247278,0.1,2.3000000000000003
2009,1.0,20dB_nominal_difference,real,linear_a_exact_conversion,REJECTED_PHYSICAL,XY,z,-0.0625,x,-0.3125,y,-0.4375,0.1,0.33438596704877466,0.23438596704877465,0.1,2.3000000000000003
2009,1.0,20dB_nominal_difference,real,linear_a_exact_conversion,REJECTED_PHYSICAL,XY,z,-0.0625,x,-0.1875,y,-0.4375,0.1,0.38804873354863767,0.2880487335486377,0.1,2.3000000000000003
2009,1.0,20dB_nominal_difference,real,linear_a_exact_conversion,REJECTED_PHYSICAL,XY,z,-0.0625,x,-0.0625,y,-0.4375,0.1,0.41757768763370884,0.31757768763370886,0.1,2.3000000000000003
2009,1.0,20dB_nominal_difference,real,linear_a_exact_conversion,REJECTED_PHYSICAL,XY,z,-0.0625,x,0.0625,y,-0.4375,0.1,0.41929682526740697,0.319296825267407,0.1,2.3000000000000003
2009,1.0,20dB_nominal_difference,real,linear_a_exact_conversion,REJECTED_PHYSICAL,XY,z,-0.0625,x,0.1875,y,-0.4375,0.1,0.3932180104513375,0.29321801045133744,0.1,2.3000000000000003
2009,1.0,20dB_nominal_difference,real,linear_a_exact_conversion,REJECTED_PHYSICAL,XY,z,-0.0625,x,0.3125,y,-0.4375,0.1,0.3428841956443436,0.24288419564434358,0.1,2.3000000000000003
2009,1.0,20dB_nominal_difference,real,linear_a_exact_conversion,REJECTED_PHYSICAL,XY,z,-0.0625,x,0.4375,y,-0.4375,0.1,0.27420749032197106,0.17420749032197105,0.1,2.3000000000000003
2009,1.0,20dB_nominal_difference,real,linear_a_exact_conversion,REJECTED_PHYSICAL,XY,z,-0.0625,x,0.5625,y,-0.4375,0.1,0.19429682312196234,0.09429682312196233,0.1,2.3000000000000003
2009,1.0,20dB_nominal_difference,real,linear_a_exact_conversion,REJECTED_PHYSICAL,XY,z,-0.0625,x,0.6875,y,-0.4375,0.1,0.10383431407735787,0.0038343140773578616,0.1,2.3000000000000003
2009,1.0,20dB_nominal_difference,real,linear_a_exact_conversion,REJECTED_PHYSICAL,XY,z,-0.0625,x,-0.6875,y,-0.3125,0.1,0.09621173534483836,-0.0037882646551616467,0.1,2.3000000000000003
2009,1.0,20dB_nominal_difference,real,linear_a_exact_conversion,REJECTED_PHYSICAL,XY,z,-0.0625,x,-0.5625,y,-0.3125,0.1,0.21284368229583225,0.11284368229583225,0.1,2.3000000000000003
2009,1.0,20dB_nominal_difference,real,linear_a_exact_conversion,REJECTED_PHYSICAL,XY,z,-0.0625,x,-0.4375,y,-0.3125,0.1,0.3203006235813719,0.2203006235813719,0.1,2.3000000000000003
2009,1.0,20dB_nominal_difference,real,linear_a_exact_conversion,REJECTED_PHYSICAL,XY,z,-0.0625,x,-0.3125,y,-0.3125,0.1,0.41678201912710955,0.31678201912710957,0.1,2.3000000000000003
2009,1.0,20dB_nominal_difference,real,linear_a_exact_conversion,REJECTED_PHYSICAL,XY,z,-0.0625,x,-0.1875,y,-0.3125,0.9,0.4908219972133225,-0.40917800278667754,0.1,2.3000000000000003
2009,1.0,20dB_nominal_difference,real,linear_a_exact_conversion,REJECTED_PHYSICAL,XY,z,-0.0625,x,-0.0625,y,-0.3125,0.9,0.5323940644059914,-0.36760593559400867,0.1,2.3000000000000003
2009,1.0,20dB_nominal_difference,real,linear_a_exact_conversion,REJECTED_PHYSICAL,XY,z,-0.0625,x,0.0625,y,-0.3125,1.6,0.5360108153073129,-1.0639891846926872,0.1,2.3000000000000003
2009,1.0,20dB_nominal_difference,real,linear_a_exact_conversion,REJECTED_PHYSICAL,XY,z,-0.0625,x,0.1875,y,-0.3125,0.9,0.5026935654789124,-0.3973064345210876,0.1,2.3000000000000003
2009,1.0,20dB_nominal_difference,real,linear_a_exact_conversion,REJECTED_PHYSICAL,XY,z,-0.0625,x,0.3125,y,-0.3125,0.1,0.43942714770130376,0.3394271477013038,0.1,2.3000000000000003
2009,1.0,20dB_nominal_difference,real,linear_a_exact_conversion,REJECTED_PHYSICAL,XY,z,-0.0625,x,0.4375,y,-0.3125,0.1,0.35659481720527725,0.2565948172052772,0.1,2.3000000000000003
2009,1.0,20dB_nominal_difference,real,linear_a_exact_conversion,REJECTED_PHYSICAL,XY,z,-0.0625,x,0.5625,y,-0.3125,0.1,0.2652052891465457,0.16520528914654567,0.1,2.3000000000000003
2009,1.0,20dB_nominal_difference,real,linear_a_exact_conversion,REJECTED_PHYSICAL,XY,z,-0.0625,x,0.6875,y,-0.3125,0.1,0.16627737779900617,0.06627737779900617,0.1,2.3000000000000003
2009,1.0,20dB_nominal_difference,real,linear_a_exact_conversion,REJECTED_PHYSICAL,XY,z,-0.0625,x,-0.6875,y,-0.1875,0.1,0.09750957950226101,-0.002490420497738996,0.1,2.3000000000000003
2009,1.0,20dB_nominal_difference,real,linear_a_exact_conversion,REJECTED_PHYSICAL,XY,z,-0.0625,x,-0.5625,y,-0.1875,0.1,0.2285192555502759,0.1285192555502759,0.1,2.3000000000000003
2009,1.0,20dB_nominal_difference,real,linear_a_exact_conversion,REJECTED_PHYSICAL,XY,z,-0.0625,x,-0.4375,y,-0.1875,0.1,0.3512571434934651,0.25125714349346506,0.1,2.3000000000000003
2009,1.0,20dB_nominal_difference,real,linear_a_exact_conversion,REJECTED_PHYSICAL,XY,z,-0.0625,x,-0.3125,y,-0.1875,0.9,0.4634793432374966,-0.4365206567625034,0.1,2.3000000000000003
2009,1.0,20dB_nominal_difference,real,linear_a_exact_conversion,REJECTED_PHYSICAL,XY,z,-0.0625,x,-0.1875,y,-0.1875,1.6,0.5509767913568826,-1.0490232086431175,0.1,2.3000000000000003
2009,1.0,20dB_nominal_difference,real,linear_a_exact_conversion,REJECTED_PHYSICAL,XY,z,-0.0625,x,-0.0625,y,-0.1875,1.6,0.6010228997582704,-0.9989771002417297,0.1,2.3000000000000003
2009,1.0,20dB_nominal_difference,real,linear_a_exact_conversion,REJECTED_PHYSICAL,XY,z,-0.0625,x,0.0625,y,-0.1875,2.3000000000000003,0.6067734746683655,-1.6932265253316348,0.1,2.3000000000000003
2009,1.0,20dB_nominal_difference,real,linear_a_exact_conversion,REJECTED_PHYSICAL,XY,z,-0.0625,x,0.1875,y,-0.1875,2.3000000000000003,0.5700207977910347,-1.7299792022089657,0.1,2.3000000000000003
2009,1.0,20dB_nominal_difference,real,linear_a_exact_conversion,REJECTED_PHYSICAL,XY,z,-0.0625,x,0.3125,y,-0.1875,1.6,0.5002434310236593,-1.0997565689763409,0.1,2.3000000000000003
2009,1.0,20dB_nominal_difference,real,linear_a_exact_conversion,REJECTED_PHYSICAL,XY,z,-0.0625,x,0.4375,y,-0.1875,0.1,0.4107434705092056,0.3107434705092056,0.1,2.3000000000000003
2009,1.0,20dB_nominal_difference,real,linear_a_exact_conversion,REJECTED_PHYSICAL,XY,z,-0.0625,x,0.5625,y,-0.1875,0.1,0.31457154981313956,0.21457154981313956,0.1,2.3000000000000003
2009,1.0,20dB_nominal_difference,real,linear_a_exact_conversion,REJECTED_PHYSICAL,XY,z,-0.0625,x,0.6875,y,-0.1875,0.1,0.2123300661391614,0.11233006613916138,0.1,2.3000000000000003
2009,1.0,20dB_nominal_difference,real,linear_a_exact_conversion,REJECTED_PHYSICAL,XY,z,-0.0625,x,-0.6875,y,-0.0625,0.1,0.0935425136308375,-0.0064574863691625045,0.1,2.3000000000000003
2009,1.0,20dB_nominal_difference,real,linear_a_exact_conversion,REJECTED_PHYSICAL,XY,z,-0.0625,x,-0.5625,y,-0.0625,0.1,0.2286286254056987,0.1286286254056987,0.1,2.3000000000000003
2009,1.0,20dB_nominal_difference,real,linear_a_exact_conversion,REJECTED_PHYSICAL,XY,z,-0.0625,x,-0.4375,y,-0.0625,0.1,0.35526948884738113,0.2552694888473811,0.1,2.3000000000000003
2009,1.0,20dB_nominal_difference,real,linear_a_exact_conversion,REJECTED_PHYSICAL,XY,z,-0.0625,x,-0.3125,y,-0.0625,0.9,0.4717941459425546,-0.42820585405744543,0.1,2.3000000000000003
2009,1.0,20dB_nominal_difference,real,linear_a_exact_conversion,REJECTED_PHYSICAL,XY,z,-0.0625,x,-0.1875,y,-0.0625,1.6,0.5632900977145179,-1.0367099022854822,0.1,2.3000000000000003
2009,1.0,20dB_nominal_difference,real,linear_a_exact_conversion,REJECTED_PHYSICAL,XY,z,-0.0625,x,-0.0625,y,-0.0625,1.6,0.6163114566668743,-0.9836885433331258,0.1,2.3000000000000003
2009,1.0,20dB_nominal_difference,real,linear_a_exact_conversion,REJECTED_PHYSICAL,XY,z,-0.0625,x,0.0625,y,-0.0625,2.3000000000000003,0.6237274244818704,-1.67627257551813,0.1,2.3000000000000003
2009,1.0,20dB_nominal_difference,real,linear_a_exact_conversion,REJECTED_PHYSICAL,XY,z,-0.0625,x,0.1875,y,-0.0625,2.3000000000000003,0.5877138451877804,-1.71228615481222,0.1,2.3000000000000003
2009,1.0,20dB_nominal_difference,real,linear_a_exact_conversion,REJECTED_PHYSICAL,XY,z,-0.0625,x,0.3125,y,-0.0625,2.3000000000000003,0.5186090094245591,-1.7813909905754413,0.1,2.3000000000000003
2009,1.0,20dB_nominal_difference,real,linear_a_exact_conversion,REJECTED_PHYSICAL,XY,z,-0.0625,x,0.4375,y,-0.0625,0.9,0.430567884400236,-0.469432115599764,0.1,2.3000000000000003
2009,1.0,20dB_nominal_difference,real,linear_a_exact_conversion,REJECTED_PHYSICAL,XY,z,-0.0625,x,0.5625,y,-0.0625,0.1,0.33706904366908136,0.23706904366908135,0.1,2.3000000000000003
2009,1.0,20dB_nominal_difference,real,linear_a_exact_conversion,REJECTED_PHYSICAL,XY,z,-0.0625,x,0.6875,y,-0.0625,0.1,0.23820799452917069,0.13820799452917068,0.1,2.3000000000000003
2009,1.0,20dB_nominal_difference,real,linear_a_exact_conversion,REJECTED_PHYSICAL,XY,z,-0.0625,x,-0.6875,y,0.0625,0.1,0.08658750392125475,-0.013412496078745256,0.1,2.3000000000000003
2009,1.0,20dB_nominal_difference,real,linear_a_exact_conversion,REJECTED_PHYSICAL,XY,z,-0.0625,x,-0.5625,y,0.0625,0.1,0.21532505198931925,0.11532505198931925,0.1,2.3000000000000003
2009,1.0,20dB_nominal_difference,real,linear_a_exact_conversion,REJECTED_PHYSICAL,XY,z,-0.0625,x,-0.4375,y,0.0625,0.1,0.334577743295552,0.234577743295552,0.1,2.3000000000000003
2009,1.0,20dB_nominal_difference,real,linear_a_exact_conversion,REJECTED_PHYSICAL,XY,z,-0.0625,x,-0.3125,y,0.0625,0.9,0.44398073871574023,-0.4560192612842598,0.1,2.3000000000000003
2009,1.0,20dB_nominal_difference,real,linear_a_exact_conversion,REJECTED_PHYSICAL,XY,z,-0.0625,x,-0.1875,y,0.0625,0.9,0.5298711450176191,-0.3701288549823809,0.1,2.3000000000000003
2009,1.0,20dB_nominal_difference,real,linear_a_exact_conversion,REJECTED_PHYSICAL,XY,z,-0.0625,x,-0.0625,y,0.0625,1.6,0.5801126452985602,-1.01988735470144,0.1,2.3000000000000003
2009,1.0,20dB_nominal_difference,real,linear_a_exact_conversion,REJECTED_PHYSICAL,XY,z,-0.0625,x,0.0625,y,0.0625,1.6,0.5883856420174219,-1.011614357982578,0.1,2.3000000000000003
2009,1.0,20dB_nominal_difference,real,linear_a_exact_conversion,REJECTED_PHYSICAL,XY,z,-0.0625,x,0.1875,y,0.0625,2.3000000000000003,0.5567893124479433,-1.743210687552057,0.1,2.3000000000000003
2009,1.0,20dB_nominal_difference,real,linear_a_exact_conversion,REJECTED_PHYSICAL,XY,z,-0.0625,x,0.3125,y,0.0625,1.6,0.49482292104384085,-1.1051770789561592,0.1,2.3000000000000003
2009,1.0,20dB_nominal_difference,real,linear_a_exact_conversion,REJECTED_PHYSICAL,XY,z,-0.0625,x,0.4375,y,0.0625,0.9,0.41553470443406615,-0.4844652955659339,0.1,2.3000000000000003
2009,1.0,20dB_nominal_difference,real,linear_a_exact_conversion,REJECTED_PHYSICAL,XY,z,-0.0625,x,0.5625,y,0.0625,0.1,0.331475546714398,0.231475546714398,0.1,2.3000000000000003
2009,1.0,20dB_nominal_difference,real,linear_a_exact_conversion,REJECTED_PHYSICAL,XY,z,-0.0625,x,0.6875,y,0.0625,0.1,0.24228835996796713,0.14228835996796713,0.1,2.3000000000000003
2009,1.0,20dB_nominal_difference,real,linear_a_exact_conversion,REJECTED_PHYSICAL,XY,z,-0.0625,x,-0.6875,y,0.1875,0.1,0.07775314246549518,-0.022246857534504824,0.1,2.3000000000000003
2009,1.0,20dB_nominal_difference,real,linear_a_exact_conversion,REJECTED_PHYSICAL,XY,z,-0.0625,x,-0.5625,y,0.1875,0.1,0.19087356168298886,0.09087356168298885,0.1,2.3000000000000003
2009,1.0,20dB_nominal_difference,real,linear_a_exact_conversion,REJECTED_PHYSICAL,XY,z,-0.0625,x,-0.4375,y,0.1875,0.1,0.29322557450570286,0.19322557450570285,0.1,2.3000000000000003
2009,1.0,20dB_nominal_difference,real,linear_a_exact_conversion,REJECTED_PHYSICAL,XY,z,-0.0625,x,-0.3125,y,0.1875,0.1,0.3862596017561589,0.28625960175615894,0.1,2.3000000000000003
2009,1.0,20dB_nominal_difference,real,linear_a_exact_conversion,REJECTED_PHYSICAL,XY,z,-0.0625,x,-0.1875,y,0.1875,0.9,0.45903455316945874,-0.4409654468305413,0.1,2.3000000000000003
2009,1.0,20dB_nominal_difference,real,linear_a_exact_conversion,REJECTED_PHYSICAL,XY,z,-0.0625,x,-0.0625,y,0.1875,0.9,0.5020825932090583,-0.3979174067909417,0.1,2.3000000000000003
2009,1.0,20dB_nominal_difference,real,linear_a_exact_conversion,REJECTED_PHYSICAL,XY,z,-0.0625,x,0.0625,y,0.1875,1.6,0.5105006069158046,-1.0894993930841954,0.1,2.3000000000000003
2009,1.0,20dB_nominal_difference,real,linear_a_exact_conversion,REJECTED_PHYSICAL,XY,z,-0.0625,x,0.1875,y,0.1875,1.6,0.4858580283055672,-1.114141971694433,0.1,2.3000000000000003
2009,1.0,20dB_nominal_difference,real,linear_a_exact_conversion,REJECTED_PHYSICAL,XY,z,-0.0625,x,0.3125,y,0.1875,0.9,0.43557735208907483,-0.4644226479109252,0.1,2.3000000000000003
2009,1.0,20dB_nominal_difference,real,linear_a_exact_conversion,REJECTED_PHYSICAL,XY,z,-0.0625,x,0.4375,y,0.1875,0.1,0.37021031119014625,0.27021031119014627,0.1,2.3000000000000003
2009,1.0,20dB_nominal_difference,real,linear_a_exact_conversion,REJECTED_PHYSICAL,XY,z,-0.0625,x,0.5625,y,0.1875,0.1,0.300391917626768,0.20039191762676797,0.1,2.3000000000000003
2009,1.0,20dB_nominal_difference,real,linear_a_exact_conversion,REJECTED_PHYSICAL,XY,z,-0.0625,x,0.6875,y,0.1875,0.1,0.22543364750433473,0.12543364750433472,0.1,2.3000000000000003
2009,1.0,20dB_nominal_difference,real,linear_a_exact_conversion,REJECTED_PHYSICAL,XY,z,-0.0625,x,-0.6875,y,0.3125,0.1,0.0665576883812254,-0.0334423116187746,0.1,2.3000000000000003
2009,1.0,20dB_nominal_difference,real,linear_a_exact_conversion,REJECTED_PHYSICAL,XY,z,-0.0625,x,-0.5625,y,0.3125,0.1,0.15713646567952647,0.05713646567952646,0.1,2.3000000000000003
2009,1.0,20dB_nominal_difference,real,linear_a_exact_conversion,REJECTED_PHYSICAL,XY,z,-0.0625,x,-0.4375,y,0.3125,0.1,0.2361498385771104,0.13614983857711038,0.1,2.3000000000000003
2009,1.0,20dB_nominal_difference,real,linear_a_exact_conversion,REJECTED_PHYSICAL,XY,z,-0.0625,x,-0.3125,y,0.3125,0.1,0.30711795259975716,0.20711795259975715,0.1,2.3000000000000003
2009,1.0,20dB_nominal_difference,real,linear_a_exact_conversion,REJECTED_PHYSICAL,XY,z,-0.0625,x,-0.1875,y,0.3125,0.1,0.36261309251767027,0.2626130925176703,0.1,2.3000000000000003
2009,1.0,20dB_nominal_difference,real,linear_a_exact_conversion,REJECTED_PHYSICAL,XY,z,-0.0625,x,-0.0625,y,0.3125,0.1,0.39624079545735075,0.2962407954573507,0.1,2.3000000000000003
2009,1.0,20dB_nominal_difference,real,linear_a_exact_conversion,REJECTED_PHYSICAL,XY,z,-0.0625,x,0.0625,y,0.3125,0.1,0.40448502913738127,0.3044850291373813,0.1,2.3000000000000003
2009,1.0,20dB_nominal_difference,real,linear_a_exact_conversion,REJECTED_PHYSICAL,XY,z,-0.0625,x,0.1875,y,0.3125,0.1,0.3880389020731506,0.28803890207315064,0.1,2.3000000000000003
2009,1.0,20dB_nominal_difference,real,linear_a_exact_conversion,REJECTED_PHYSICAL,XY,z,-0.0625,x,0.3125,y,0.3125,0.1,0.35170217760276695,0.2517021776027669,0.1,2.3000000000000003
2009,1.0,20dB_nominal_difference,real,linear_a_exact_conversion,REJECTED_PHYSICAL,XY,z,-0.0625,x,0.4375,y,0.3125,0.1,0.302877088194377,0.20287708819437697,0.1,2.3000000000000003
2009,1.0,20dB_nominal_difference,real,linear_a_exact_conversion,REJECTED_PHYSICAL,XY,z,-0.0625,x,0.5625,y,0.3125,0.1,0.24965451640179032,0.1496545164017903,0.1,2.3000000000000003
2009,1.0,20dB_nominal_difference,real,linear_a_exact_conversion,REJECTED_PHYSICAL,XY,z,-0.0625,x,0.6875,y,0.3125,0.1,0.191076567020451,0.091076567020451,0.1,2.3000000000000003
2009,1.0,20dB_nominal_difference,real,linear_a_exact_conversion,REJECTED_PHYSICAL,XY,z,-0.0625,x,-0.6875,y,0.4375,0.1,0.051346815289085815,-0.04865318471091419,0.1,2.3000000000000003
2009,1.0,20dB_nominal_difference,real,linear_a_exact_conversion,REJECTED_PHYSICAL,XY,z,-0.0625,x,-0.5625,y,0.4375,0.1,0.11581436304312863,0.015814363043128624,0.1,2.3000000000000003
2009,1.0,20dB_nominal_difference,real,linear_a_exact_conversion,REJECTED_PHYSICAL,XY,z,-0.0625,x,-0.4375,y,0.4375,0.1,0.16857017492266996,0.06857017492266995,0.1,2.3000000000000003
2009,1.0,20dB_nominal_difference,real,linear_a_exact_conversion,REJECTED_PHYSICAL,XY,z,-0.0625,x,-0.3125,y,0.4375,0.1,0.21554190123035114,0.11554190123035113,0.1,2.3000000000000003
2009,1.0,20dB_nominal_difference,real,linear_a_exact_conversion,REJECTED_PHYSICAL,XY,z,-0.0625,x,-0.1875,y,0.4375,0.1,0.25299814307904644,0.15299814307904644,0.1,2.3000000000000003
2009,1.0,20dB_nominal_difference,real,linear_a_exact_conversion,REJECTED_PHYSICAL,XY,z,-0.0625,x,-0.0625,y,0.4375,0.1,0.27716020047375084,0.17716020047375083,0.1,2.3000000000000003
2009,1.0,20dB_nominal_difference,real,linear_a_exact_conversion,REJECTED_PHYSICAL,XY,z,-0.0625,x,0.0625,y,0.4375,0.1,0.28540199373914954,0.18540199373914953,0.1,2.3000000000000003
2009,1.0,20dB_nominal_difference,real,linear_a_exact_conversion,REJECTED_PHYSICAL,XY,z,-0.0625,x,0.1875,y,0.4375,0.1,0.2773731020286312,0.17737310202863119,0.1,2.3000000000000003
2009,1.0,20dB_nominal_difference,real,linear_a_exact_conversion,REJECTED_PHYSICAL,XY,z,-0.0625,x,0.3125,y,0.4375,0.1,0.2553569714724813,0.15535697147248131,0.1,2.3000000000000003
2009,1.0,20dB_nominal_difference,real,linear_a_exact_conversion,REJECTED_PHYSICAL,XY,z,-0.0625,x,0.4375,y,0.4375,0.1,0.22365056319572027,0.12365056319572026,0.1,2.3000000000000003
2009,1.0,20dB_nominal_difference,real,linear_a_exact_conversion,REJECTED_PHYSICAL,XY,z,-0.0625,x,0.5625,y,0.4375,0.1,0.18741032204670025,0.08741032204670024,0.1,2.3000000000000003
2009,1.0,20dB_nominal_difference,real,linear_a_exact_conversion,REJECTED_PHYSICAL,XY,z,-0.0625,x,0.6875,y,0.4375,0.1,0.14494179847642363,0.04494179847642363,0.1,2.3000000000000003
2009,1.0,20dB_nominal_difference,real,linear_a_exact_conversion,REJECTED_PHYSICAL,XY,z,-0.0625,x,-0.6875,y,0.5625,0.1,0.031209540405148836,-0.06879045959485117,0.1,2.3000000000000003
2009,1.0,20dB_nominal_difference,real,linear_a_exact_conversion,REJECTED_PHYSICAL,XY,z,-0.0625,x,-0.5625,y,0.5625,0.1,0.06938195452595304,-0.030618045474046965,0.1,2.3000000000000003
2009,1.0,20dB_nominal_difference,real,linear_a_exact_conversion,REJECTED_PHYSICAL,XY,z,-0.0625,x,-0.4375,y,0.5625,0.1,0.09542034621246692,-0.004579653787533083,0.1,2.3000000000000003
2009,1.0,20dB_nominal_difference,real,linear_a_exact_conversion,REJECTED_PHYSICAL,XY,z,-0.0625,x,-0.3125,y,0.5625,0.1,0.11951830403971869,0.019518304039718687,0.1,2.3000000000000003
2009,1.0,20dB_nominal_difference,real,linear_a_exact_conversion,REJECTED_PHYSICAL,XY,z,-0.0625,x,-0.1875,y,0.5625,0.1,0.14094419084970408,0.040944190849704076,0.1,2.3000000000000003
2009,1.0,20dB_nominal_difference,real,linear_a_exact_conversion,REJECTED_PHYSICAL,XY,z,-0.0625,x,-0.0625,y,0.5625,0.1,0.15731595251963407,0.05731595251963406,0.1,2.3000000000000003
2009,1.0,20dB_nominal_difference,real,linear_a_exact_conversion,REJECTED_PHYSICAL,XY,z,-0.0625,x,0.0625,y,0.5625,0.1,0.16618253242020264,0.06618253242020264,0.1,2.3000000000000003
2009,1.0,20dB_nominal_difference,real,linear_a_exact_conversion,REJECTED_PHYSICAL,XY,z,-0.0625,x,0.1875,y,0.5625,0.1,0.1661686732619237,0.06616867326192369,0.1,2.3000000000000003
2009,1.0,20dB_nominal_difference,real,linear_a_exact_conversion,REJECTED_PHYSICAL,XY,z,-0.0625,x,0.3125,y,0.5625,0.1,0.15761644290208185,0.057616442902081844,0.1,2.3000000000000003
2009,1.0,20dB_nominal_difference,real,linear_a_exact_conversion,REJECTED_PHYSICAL,XY,z,-0.0625,x,0.4375,y,0.5625,0.1,0.14246155186641835,0.04246155186641834,0.1,2.3000000000000003
2009,1.0,20dB_nominal_difference,real,linear_a_exact_conversion,REJECTED_PHYSICAL,XY,z,-0.0625,x,0.5625,y,0.5625,0.1,0.12310692521523711,0.023106925215237106,0.1,2.3000000000000003
2009,1.0,20dB_nominal_difference,real,linear_a_exact_conversion,REJECTED_PHYSICAL,XY,z,-0.0625,x,0.6875,y,0.5625,0.1,0.09501152996966832,-0.00498847003033169,0.1,2.3000000000000003
2009,1.0,20dB_nominal_difference,real,linear_a_exact_conversion,REJECTED_PHYSICAL,XY,z,-0.0625,x,-0.6875,y,0.6875,0.1,0.020015232686206218,-0.07998476731379378,0.1,2.3000000000000003
2009,1.0,20dB_nominal_difference,real,linear_a_exact_conversion,REJECTED_PHYSICAL,XY,z,-0.0625,x,-0.5625,y,0.6875,0.1,0.027355523579134705,-0.0726444764208653,0.1,2.3000000000000003
2009,1.0,20dB_nominal_difference,real,linear_a_exact_conversion,REJECTED_PHYSICAL,XY,z,-0.0625,x,-0.4375,y,0.6875,0.1,0.02770851878612318,-0.07229148121387682,0.1,2.3000000000000003
2009,1.0,20dB_nominal_difference,real,linear_a_exact_conversion,REJECTED_PHYSICAL,XY,z,-0.0625,x,-0.3125,y,0.6875,0.1,0.03367631223800562,-0.06632368776199438,0.1,2.3000000000000003
2009,1.0,20dB_nominal_difference,real,linear_a_exact_conversion,REJECTED_PHYSICAL,XY,z,-0.0625,x,-0.1875,y,0.6875,0.1,0.04389381009578603,-0.056106189904213975,0.1,2.3000000000000003
2009,1.0,20dB_nominal_difference,real,linear_a_exact_conversion,REJECTED_PHYSICAL,XY,z,-0.0625,x,-0.0625,y,0.6875,0.1,0.055640343730951676,-0.04435965626904833,0.1,2.3000000000000003
2009,1.0,20dB_nominal_difference,real,linear_a_exact_conversion,REJECTED_PHYSICAL,XY,z,-0.0625,x,0.0625,y,0.6875,0.1,0.06601402130552038,-0.03398597869447963,0.1,2.3000000000000003
2009,1.0,20dB_nominal_difference,real,linear_a_exact_conversion,REJECTED_PHYSICAL,XY,z,-0.0625,x,0.1875,y,0.6875,0.1,0.07277946166103962,-0.02722053833896039,0.1,2.3000000000000003
2009,1.0,20dB_nominal_difference,real,linear_a_exact_conversion,REJECTED_PHYSICAL,XY,z,-0.0625,x,0.3125,y,0.6875,0.1,0.07509278063758984,-0.024907219362410166,0.1,2.3000000000000003
2009,1.0,20dB_nominal_difference,real,linear_a_exact_conversion,REJECTED_PHYSICAL,XY,z,-0.0625,x,0.4375,y,0.6875,0.1,0.0738440127050121,-0.0261559872949879,0.1,2.3000000000000003
2009,1.0,20dB_nominal_difference,real,linear_a_exact_conversion,REJECTED_PHYSICAL,XY,z,-0.0625,x,0.5625,y,0.6875,0.1,0.07114260193357562,-0.028857398066424386,0.1,2.3000000000000003
2009,1.0,20dB_nominal_difference,real,linear_a_exact_conversion,REJECTED_PHYSICAL,XY,z,-0.0625,x,0.6875,y,0.6875,0.1,0.06040095719889809,-0.039599042801101915,0.1,2.3000000000000003
2009,1.0,20dB_nominal_difference,real,linear_a_exact_conversion,REJECTED_PHYSICAL,XZ,y,-0.0625,x,-0.6875,z,-0.6875,0.1,-0.04068219971411489,-0.14068219971411489,0.1,2.3000000000000003
2009,1.0,20dB_nominal_difference,real,linear_a_exact_conversion,REJECTED_PHYSICAL,XZ,y,-0.0625,x,-0.5625,z,-0.6875,0.1,0.0009607544006959783,-0.09903924559930402,0.1,2.3000000000000003
2009,1.0,20dB_nominal_difference,real,linear_a_exact_conversion,REJECTED_PHYSICAL,XZ,y,-0.0625,x,-0.4375,z,-0.6875,0.1,0.04101104306295211,-0.05898895693704789,0.1,2.3000000000000003
2009,1.0,20dB_nominal_difference,real,linear_a_exact_conversion,REJECTED_PHYSICAL,XZ,y,-0.0625,x,-0.3125,z,-0.6875,0.1,0.07876064367980172,-0.021239356320198285,0.1,2.3000000000000003
2009,1.0,20dB_nominal_difference,real,linear_a_exact_conversion,REJECTED_PHYSICAL,XZ,y,-0.0625,x,-0.1875,z,-0.6875,0.1,0.10905324913783264,0.009053249137832634,0.1,2.3000000000000003
2009,1.0,20dB_nominal_difference,real,linear_a_exact_conversion,REJECTED_PHYSICAL,XZ,y,-0.0625,x,-0.0625,z,-0.6875,0.1,0.12757159540288493,0.027571595402884924,0.1,2.3000000000000003
2009,1.0,20dB_nominal_difference,real,linear_a_exact_conversion,REJECTED_PHYSICAL,XZ,y,-0.0625,x,0.0625,z,-0.6875,0.1,0.1320217165688112,0.0320217165688112,0.1,2.3000000000000003
2009,1.0,20dB_nominal_difference,real,linear_a_exact_conversion,REJECTED_PHYSICAL,XZ,y,-0.0625,x,0.1875,z,-0.6875,0.1,0.1228972989998879,0.02289729899988789,0.1,2.3000000000000003
2009,1.0,20dB_nominal_difference,real,linear_a_exact_conversion,REJECTED_PHYSICAL,XZ,y,-0.0625,x,0.3125,z,-0.6875,0.1,0.10352433936637473,0.0035243393663747236,0.1,2.3000000000000003
2009,1.0,20dB_nominal_difference,real,linear_a_exact_conversion,REJECTED_PHYSICAL,XZ,y,-0.0625,x,0.4375,z,-0.6875,0.1,0.0793852812847261,-0.0206147187152739,0.1,2.3000000000000003
2009,1.0,20dB_nominal_difference,real,linear_a_exact_conversion,REJECTED_PHYSICAL,XZ,y,-0.0625,x,0.5625,z,-0.6875,0.1,0.05710957424943751,-0.0428904257505625,0.1,2.3000000000000003
2009,1.0,20dB_nominal_difference,real,linear_a_exact_conversion,REJECTED_PHYSICAL,XZ,y,-0.0625,x,0.6875,z,-0.6875,0.1,0.04271701575550066,-0.057282984244499346,0.1,2.3000000000000003
2009,1.0,20dB_nominal_difference,real,linear_a_exact_conversion,REJECTED_PHYSICAL,XZ,y,-0.0625,x,-0.6875,z,-0.5625,0.1,-0.002764962246826796,-0.1027649622468268,0.1,2.3000000000000003
2009,1.0,20dB_nominal_difference,real,linear_a_exact_conversion,REJECTED_PHYSICAL,XZ,y,-0.0625,x,-0.5625,z,-0.5625,0.1,0.06150092185429547,-0.03849907814570454,0.1,2.3000000000000003
2009,1.0,20dB_nominal_difference,real,linear_a_exact_conversion,REJECTED_PHYSICAL,XZ,y,-0.0625,x,-0.4375,z,-0.5625,0.1,0.12112629528190011,0.021126295281900104,0.1,2.3000000000000003
2009,1.0,20dB_nominal_difference,real,linear_a_exact_conversion,REJECTED_PHYSICAL,XZ,y,-0.0625,x,-0.3125,z,-0.5625,0.1,0.1749507235261622,0.0749507235261622,0.1,2.3000000000000003
2009,1.0,20dB_nominal_difference,real,linear_a_exact_conversion,REJECTED_PHYSICAL,XZ,y,-0.0625,x,-0.1875,z,-0.5625,0.1,0.21661131549173518,0.11661131549173517,0.1,2.3000000000000003
2009,1.0,20dB_nominal_difference,real,linear_a_exact_conversion,REJECTED_PHYSICAL,XZ,y,-0.0625,x,-0.0625,z,-0.5625,0.1,0.2406140945139673,0.1406140945139673,0.1,2.3000000000000003
2009,1.0,20dB_nominal_difference,real,linear_a_exact_conversion,REJECTED_PHYSICAL,XZ,y,-0.0625,x,0.0625,z,-0.5625,0.1,0.24431760692858803,0.14431760692858803,0.1,2.3000000000000003
2009,1.0,20dB_nominal_difference,real,linear_a_exact_conversion,REJECTED_PHYSICAL,XZ,y,-0.0625,x,0.1875,z,-0.5625,0.1,0.2290550954140095,0.1290550954140095,0.1,2.3000000000000003
2009,1.0,20dB_nominal_difference,real,linear_a_exact_conversion,REJECTED_PHYSICAL,XZ,y,-0.0625,x,0.3125,z,-0.5625,0.1,0.199938234521211,0.099938234521211,0.1,2.3000000000000003
2009,1.0,20dB_nominal_difference,real,linear_a_exact_conversion,REJECTED_PHYSICAL,XZ,y,-0.0625,x,0.4375,z,-0.5625,0.1,0.1645657827240158,0.06456578272401581,0.1,2.3000000000000003
2009,1.0,20dB_nominal_difference,real,linear_a_exact_conversion,REJECTED_PHYSICAL,XZ,y,-0.0625,x,0.5625,z,-0.5625,0.1,0.13147195346686538,0.03147195346686538,0.1,2.3000000000000003
2009,1.0,20dB_nominal_difference,real,linear_a_exact_conversion,REJECTED_PHYSICAL,XZ,y,-0.0625,x,0.6875,z,-0.5625,0.1,0.10591089461447528,0.005910894614475276,0.1,2.3000000000000003
2009,1.0,20dB_nominal_difference,real,linear_a_exact_conversion,REJECTED_PHYSICAL,XZ,y,-0.0625,x,-0.6875,z,-0.4375,0.1,0.0328774979876717,-0.0671225020123283,0.1,2.3000000000000003
2009,1.0,20dB_nominal_difference,real,linear_a_exact_conversion,REJECTED_PHYSICAL,XZ,y,-0.0625,x,-0.5625,z,-0.4375,0.1,0.11917126622958632,0.019171266229586315,0.1,2.3000000000000003
2009,1.0,20dB_nominal_difference,real,linear_a_exact_conversion,REJECTED_PHYSICAL,XZ,y,-0.0625,x,-0.4375,z,-0.4375,0.1,0.2001383839336649,0.10013838393366489,0.1,2.3000000000000003
2009,1.0,20dB_nominal_difference,real,linear_a_exact_conversion,REJECTED_PHYSICAL,XZ,y,-0.0625,x,-0.3125,z,-0.4375,0.1,0.27305053149716463,0.17305053149716462,0.1,2.3000000000000003
2009,1.0,20dB_nominal_difference,real,linear_a_exact_conversion,REJECTED_PHYSICAL,XZ,y,-0.0625,x,-0.1875,z,-0.4375,0.1,0.3289244232608285,0.22892442326082849,0.1,2.3000000000000003
2009,1.0,20dB_nominal_difference,real,linear_a_exact_conversion,REJECTED_PHYSICAL,XZ,y,-0.0625,x,-0.0625,z,-0.4375,0.1,0.3603604491189023,0.2603604491189023,0.1,2.3000000000000003
2009,1.0,20dB_nominal_difference,real,linear_a_exact_conversion,REJECTED_PHYSICAL,XZ,y,-0.0625,x,0.0625,z,-0.4375,0.1,0.3640610863216985,0.26406108632169845,0.1,2.3000000000000003
2009,1.0,20dB_nominal_difference,real,linear_a_exact_conversion,REJECTED_PHYSICAL,XZ,y,-0.0625,x,0.1875,z,-0.4375,0.1,0.3422477592535099,0.24224775925350991,0.1,2.3000000000000003
2009,1.0,20dB_nominal_difference,real,linear_a_exact_conversion,REJECTED_PHYSICAL,XZ,y,-0.0625,x,0.3125,z,-0.4375,0.1,0.30201786515393864,0.20201786515393863,0.1,2.3000000000000003
2009,1.0,20dB_nominal_difference,real,linear_a_exact_conversion,REJECTED_PHYSICAL,XZ,y,-0.0625,x,0.4375,z,-0.4375,0.1,0.25309740001953895,0.15309740001953895,0.1,2.3000000000000003
2009,1.0,20dB_nominal_difference,real,linear_a_exact_conversion,REJECTED_PHYSICAL,XZ,y,-0.0625,x,0.5625,z,-0.4375,0.1,0.20532420733086476,0.10532420733086476,0.1,2.3000000000000003
2009,1.0,20dB_nominal_difference,real,linear_a_exact_conversion,REJECTED_PHYSICAL,XZ,y,-0.0625,x,0.6875,z,-0.4375,0.1,0.1617621349970525,0.06176213499705249,0.1,2.3000000000000003
2009,1.0,20dB_nominal_difference,real,linear_a_exact_conversion,REJECTED_PHYSICAL,XZ,y,-0.0625,x,-0.6875,z,-0.3125,0.1,0.060478506283439815,-0.03952149371656019,0.1,2.3000000000000003
2009,1.0,20dB_nominal_difference,real,linear_a_exact_conversion,REJECTED_PHYSICAL,XZ,y,-0.0625,x,-0.5625,z,-0.3125,0.1,0.16816216865341022,0.06816216865341021,0.1,2.3000000000000003
2009,1.0,20dB_nominal_difference,real,linear_a_exact_conversion,REJECTED_PHYSICAL,XZ,y,-0.0625,x,-0.4375,z,-0.3125,0.1,0.2695647929053654,0.16956479290536539,0.1,2.3000000000000003
2009,1.0,20dB_nominal_difference,real,linear_a_exact_conversion,REJECTED_PHYSICAL,XZ,y,-0.0625,x,-0.3125,z,-0.3125,0.1,0.36170322158238316,0.2617032215823831,0.1,2.3000000000000003
2009,1.0,20dB_nominal_difference,real,linear_a_exact_conversion,REJECTED_PHYSICAL,XZ,y,-0.0625,x,-0.1875,z,-0.3125,0.9,0.4328044048621081,-0.46719559513789194,0.1,2.3000000000000003
2009,1.0,20dB_nominal_difference,real,linear_a_exact_conversion,REJECTED_PHYSICAL,XZ,y,-0.0625,x,-0.0625,z,-0.3125,0.9,0.4730301194172102,-0.42696988058278984,0.1,2.3000000000000003
2009,1.0,20dB_nominal_difference,real,linear_a_exact_conversion,REJECTED_PHYSICAL,XZ,y,-0.0625,x,0.0625,z,-0.3125,0.9,0.477880812792244,-0.42211918720775604,0.1,2.3000000000000003
2009,1.0,20dB_nominal_difference,real,linear_a_exact_conversion,REJECTED_PHYSICAL,XZ,y,-0.0625,x,0.1875,z,-0.3125,0.9,0.4500647096357821,-0.4499352903642179,0.1,2.3000000000000003
2009,1.0,20dB_nominal_difference,real,linear_a_exact_conversion,REJECTED_PHYSICAL,XZ,y,-0.0625,x,0.3125,z,-0.3125,0.1,0.3984226877842217,0.29842268778422165,0.1,2.3000000000000003
2009,1.0,20dB_nominal_difference,real,linear_a_exact_conversion,REJECTED_PHYSICAL,XZ,y,-0.0625,x,0.4375,z,-0.3125,0.1,0.3346592993168911,0.23465929931689108,0.1,2.3000000000000003
2009,1.0,20dB_nominal_difference,real,linear_a_exact_conversion,REJECTED_PHYSICAL,XZ,y,-0.0625,x,0.5625,z,-0.3125,0.1,0.2699459665903825,0.1699459665903825,0.1,2.3000000000000003
2009,1.0,20dB_nominal_difference,real,linear_a_exact_conversion,REJECTED_PHYSICAL,XZ,y,-0.0625,x,0.6875,z,-0.3125,0.1,0.20573726281074697,0.10573726281074697,0.1,2.3000000000000003
2009,1.0,20dB_nominal_difference,real,linear_a_exact_conversion,REJECTED_PHYSICAL,XZ,y,-0.0625,x,-0.6875,z,-0.1875,0.1,0.08020077917292145,-0.01979922082707855,0.1,2.3000000000000003
2009,1.0,20dB_nominal_difference,real,linear_a_exact_conversion,REJECTED_PHYSICAL,XZ,y,-0.0625,x,-0.5625,z,-0.1875,0.1,0.20517308521325756,0.10517308521325755,0.1,2.3000000000000003
2009,1.0,20dB_nominal_difference,real,linear_a_exact_conversion,REJECTED_PHYSICAL,XZ,y,-0.0625,x,-0.4375,z,-0.1875,0.1,0.3228285321512118,0.22282853215121182,0.1,2.3000000000000003
2009,1.0,20dB_nominal_difference,real,linear_a_exact_conversion,REJECTED_PHYSICAL,XZ,y,-0.0625,x,-0.3125,z,-0.1875,0.9,0.4306615164755699,-0.46933848352443014,0.1,2.3000000000000003
2009,1.0,20dB_nominal_difference,real,linear_a_exact_conversion,REJECTED_PHYSICAL,XZ,y,-0.0625,x,-0.1875,z,-0.1875,0.9,0.5147624493832266,-0.38523755061677345,0.1,2.3000000000000003
2009,1.0,20dB_nominal_difference,real,linear_a_exact_conversion,REJECTED_PHYSICAL,XZ,y,-0.0625,x,-0.0625,z,-0.1875,1.6,0.5630244140521096,-1.0369755859478906,0.1,2.3000000000000003
2009,1.0,20dB_nominal_difference,real,linear_a_exact_conversion,REJECTED_PHYSICAL,XZ,y,-0.0625,x,0.0625,z,-0.1875,1.6,0.5694731497639381,-1.030526850236062,0.1,2.3000000000000003
2009,1.0,20dB_nominal_difference,real,linear_a_exact_conversion,REJECTED_PHYSICAL,XZ,y,-0.0625,x,0.1875,z,-0.1875,1.6,0.536752824567195,-1.0632471754328052,0.1,2.3000000000000003
2009,1.0,20dB_nominal_difference,real,linear_a_exact_conversion,REJECTED_PHYSICAL,XZ,y,-0.0625,x,0.3125,z,-0.1875,1.6,0.4748668509328141,-1.125133149067186,0.1,2.3000000000000003
2009,1.0,20dB_nominal_difference,real,linear_a_exact_conversion,REJECTED_PHYSICAL,XZ,y,-0.0625,x,0.4375,z,-0.1875,0.1,0.39713034874224823,0.2971303487422482,0.1,2.3000000000000003
2009,1.0,20dB_nominal_difference,real,linear_a_exact_conversion,REJECTED_PHYSICAL,XZ,y,-0.0625,x,0.5625,z,-0.1875,0.1,0.31607188169070355,0.21607188169070354,0.1,2.3000000000000003
2009,1.0,20dB_nominal_difference,real,linear_a_exact_conversion,REJECTED_PHYSICAL,XZ,y,-0.0625,x,0.6875,z,-0.1875,0.1,0.23216298300622268,0.13216298300622267,0.1,2.3000000000000003
2009,1.0,20dB_nominal_difference,real,linear_a_exact_conversion,REJECTED_PHYSICAL,XZ,y,-0.0625,x,-0.6875,z,-0.0625,0.1,0.0935425136308375,-0.0064574863691625045,0.1,2.3000000000000003
2009,1.0,20dB_nominal_difference,real,linear_a_exact_conversion,REJECTED_PHYSICAL,XZ,y,-0.0625,x,-0.5625,z,-0.0625,0.1,0.2286286254056987,0.1286286254056987,0.1,2.3000000000000003
2009,1.0,20dB_nominal_difference,real,linear_a_exact_conversion,REJECTED_PHYSICAL,XZ,y,-0.0625,x,-0.4375,z,-0.0625,0.1,0.35526948884738113,0.2552694888473811,0.1,2.3000000000000003
2009,1.0,20dB_nominal_difference,real,linear_a_exact_conversion,REJECTED_PHYSICAL,XZ,y,-0.0625,x,-0.3125,z,-0.0625,0.9,0.4717941459425546,-0.42820585405744543,0.1,2.3000000000000003
2009,1.0,20dB_nominal_difference,real,linear_a_exact_conversion,REJECTED_PHYSICAL,XZ,y,-0.0625,x,-0.1875,z,-0.0625,1.6,0.5632900977145179,-1.0367099022854822,0.1,2.3000000000000003
2009,1.0,20dB_nominal_difference,real,linear_a_exact_conversion,REJECTED_PHYSICAL,XZ,y,-0.0625,x,-0.0625,z,-0.0625,1.6,0.6163114566668743,-0.9836885433331258,0.1,2.3000000000000003
2009,1.0,20dB_nominal_difference,real,linear_a_exact_conversion,REJECTED_PHYSICAL,XZ,y,-0.0625,x,0.0625,z,-0.0625,2.3000000000000003,0.6237274244818704,-1.67627257551813,0.1,2.3000000000000003
2009,1.0,20dB_nominal_difference,real,linear_a_exact_conversion,REJECTED_PHYSICAL,XZ,y,-0.0625,x,0.1875,z,-0.0625,2.3000000000000003,0.5877138451877804,-1.71228615481222,0.1,2.3000000000000003
2009,1.0,20dB_nominal_difference,real,linear_a_exact_conversion,REJECTED_PHYSICAL,XZ,y,-0.0625,x,0.3125,z,-0.0625,2.3000000000000003,0.5186090094245591,-1.7813909905754413,0.1,2.3000000000000003
2009,1.0,20dB_nominal_difference,real,linear_a_exact_conversion,REJECTED_PHYSICAL,XZ,y,-0.0625,x,0.4375,z,-0.0625,0.9,0.430567884400236,-0.469432115599764,0.1,2.3000000000000003
2009,1.0,20dB_nominal_difference,real,linear_a_exact_conversion,REJECTED_PHYSICAL,XZ,y,-0.0625,x,0.5625,z,-0.0625,0.1,0.33706904366908136,0.23706904366908135,0.1,2.3000000000000003
2009,1.0,20dB_nominal_difference,real,linear_a_exact_conversion,REJECTED_PHYSICAL,XZ,y,-0.0625,x,0.6875,z,-0.0625,0.1,0.23820799452917069,0.13820799452917068,0.1,2.3000000000000003
2009,1.0,20dB_nominal_difference,real,linear_a_exact_conversion,REJECTED_PHYSICAL,XZ,y,-0.0625,x,-0.6875,z,0.0625,0.1,0.10149200669293658,0.0014920066929365733,0.1,2.3000000000000003
2009,1.0,20dB_nominal_difference,real,linear_a_exact_conversion,REJECTED_PHYSICAL,XZ,y,-0.0625,x,-0.5625,z,0.0625,0.1,0.2377216355440109,0.1377216355440109,0.1,2.3000000000000003
2009,1.0,20dB_nominal_difference,real,linear_a_exact_conversion,REJECTED_PHYSICAL,XZ,y,-0.0625,x,-0.4375,z,0.0625,0.1,0.364264842844172,0.26426484284417195,0.1,2.3000000000000003
2009,1.0,20dB_nominal_difference,real,linear_a_exact_conversion,REJECTED_PHYSICAL,XZ,y,-0.0625,x,-0.3125,z,0.0625,0.9,0.4803440550541835,-0.41965594494581654,0.1,2.3000000000000003
2009,1.0,20dB_nominal_difference,real,linear_a_exact_conversion,REJECTED_PHYSICAL,XZ,y,-0.0625,x,-0.1875,z,0.0625,1.6,0.5713558895502492,-1.028644110449751,0.1,2.3000000000000003
2009,1.0,20dB_nominal_difference,real,linear_a_exact_conversion,REJECTED_PHYSICAL,XZ,y,-0.0625,x,-0.0625,z,0.0625,2.3000000000000003,0.6239344314562362,-1.676065568543764,0.1,2.3000000000000003
2009,1.0,20dB_nominal_difference,real,linear_a_exact_conversion,REJECTED_PHYSICAL,XZ,y,-0.0625,x,0.0625,z,0.0625,2.3000000000000003,0.6306963825476152,-1.669303617452385,0.1,2.3000000000000003
2009,1.0,20dB_nominal_difference,real,linear_a_exact_conversion,REJECTED_PHYSICAL,XZ,y,-0.0625,x,0.1875,z,0.0625,2.3000000000000003,0.5933117603092632,-1.706688239690737,0.1,2.3000000000000003
2009,1.0,20dB_nominal_difference,real,linear_a_exact_conversion,REJECTED_PHYSICAL,XZ,y,-0.0625,x,0.3125,z,0.0625,2.3000000000000003,0.5216068805180185,-1.7783931194819818,0.1,2.3000000000000003
2009,1.0,20dB_nominal_difference,real,linear_a_exact_conversion,REJECTED_PHYSICAL,XZ,y,-0.0625,x,0.4375,z,0.0625,0.9,0.4294618018063645,-0.4705381981936355,0.1,2.3000000000000003
2009,1.0,20dB_nominal_difference,real,linear_a_exact_conversion,REJECTED_PHYSICAL,XZ,y,-0.0625,x,0.5625,z,0.0625,0.1,0.33039547638941774,0.23039547638941774,0.1,2.3000000000000003
2009,1.0,20dB_nominal_difference,real,linear_a_exact_conversion,REJECTED_PHYSICAL,XZ,y,-0.0625,x,0.6875,z,0.0625,0.1,0.22458845063952518,0.12458845063952517,0.1,2.3000000000000003
2009,1.0,20dB_nominal_difference,real,linear_a_exact_conversion,REJECTED_PHYSICAL,XZ,y,-0.0625,x,-0.6875,z,0.1875,0.1,0.1035126739467152,0.0035126739467152,0.1,2.3000000000000003
2009,1.0,20dB_nominal_difference,real,linear_a_exact_conversion,REJECTED_PHYSICAL,XZ,y,-0.0625,x,-0.5625,z,0.1875,0.1,0.23160107823267667,0.13160107823267667,0.1,2.3000000000000003
2009,1.0,20dB_nominal_difference,real,linear_a_exact_conversion,REJECTED_PHYSICAL,XZ,y,-0.0625,x,-0.4375,z,0.1875,0.1,0.3489100565801177,0.2489100565801177,0.1,2.3000000000000003
2009,1.0,20dB_nominal_difference,real,linear_a_exact_conversion,REJECTED_PHYSICAL,XZ,y,-0.0625,x,-0.3125,z,0.1875,0.9,0.4553372265669097,-0.4446627734330903,0.1,2.3000000000000003
2009,1.0,20dB_nominal_difference,real,linear_a_exact_conversion,REJECTED_PHYSICAL,XZ,y,-0.0625,x,-0.1875,z,0.1875,0.9,0.5377558370475688,-0.3622441629524312,0.1,2.3000000000000003
2009,1.0,20dB_nominal_difference,real,linear_a_exact_conversion,REJECTED_PHYSICAL,XZ,y,-0.0625,x,-0.0625,z,0.1875,1.6,0.5842972301461622,-1.015702769853838,0.1,2.3000000000000003
2009,1.0,20dB_nominal_difference,real,linear_a_exact_conversion,REJECTED_PHYSICAL,XZ,y,-0.0625,x,0.0625,z,0.1875,2.3000000000000003,0.5884422229870598,-1.7115577770129404,0.1,2.3000000000000003
2009,1.0,20dB_nominal_difference,real,linear_a_exact_conversion,REJECTED_PHYSICAL,XZ,y,-0.0625,x,0.1875,z,0.1875,2.3000000000000003,0.5516529672462989,-1.7483470327537014,0.1,2.3000000000000003
2009,1.0,20dB_nominal_difference,real,linear_a_exact_conversion,REJECTED_PHYSICAL,XZ,y,-0.0625,x,0.3125,z,0.1875,1.6,0.4826420284305058,-1.1173579715694943,0.1,2.3000000000000003
2009,1.0,20dB_nominal_difference,real,linear_a_exact_conversion,REJECTED_PHYSICAL,XZ,y,-0.0625,x,0.4375,z,0.1875,0.1,0.3938901539803416,0.2938901539803416,0.1,2.3000000000000003
2009,1.0,20dB_nominal_difference,real,linear_a_exact_conversion,REJECTED_PHYSICAL,XZ,y,-0.0625,x,0.5625,z,0.1875,0.1,0.2977841009625131,0.19778410096251312,0.1,2.3000000000000003
2009,1.0,20dB_nominal_difference,real,linear_a_exact_conversion,REJECTED_PHYSICAL,XZ,y,-0.0625,x,0.6875,z,0.1875,0.1,0.1947494857912841,0.09474948579128409,0.1,2.3000000000000003
2009,1.0,20dB_nominal_difference,real,linear_a_exact_conversion,REJECTED_PHYSICAL,XZ,y,-0.0625,x,-0.6875,z,0.3125,0.1,0.09732352460672773,-0.0026764753932722735,0.1,2.3000000000000003
2009,1.0,20dB_nominal_difference,real,linear_a_exact_conversion,REJECTED_PHYSICAL,XZ,y,-0.0625,x,-0.5625,z,0.3125,0.1,0.20922083732955546,0.10922083732955545,0.1,2.3000000000000003
2009,1.0,20dB_nominal_difference,real,linear_a_exact_conversion,REJECTED_PHYSICAL,XZ,y,-0.0625,x,-0.4375,z,0.3125,0.1,0.30982308870811126,0.20982308870811126,0.1,2.3000000000000003
2009,1.0,20dB_nominal_difference,real,linear_a_exact_conversion,REJECTED_PHYSICAL,XZ,y,-0.0625,x,-0.3125,z,0.3125,0.1,0.3993175411388301,0.29931754113883013,0.1,2.3000000000000003
2009,1.0,20dB_nominal_difference,real,linear_a_exact_conversion,REJECTED_PHYSICAL,XZ,y,-0.0625,x,-0.1875,z,0.3125,0.9,0.46687041750040664,-0.4331295824995934,0.1,2.3000000000000003
2009,1.0,20dB_nominal_difference,real,linear_a_exact_conversion,REJECTED_PHYSICAL,XZ,y,-0.0625,x,-0.0625,z,0.3125,0.9,0.5030825112824336,-0.3969174887175664,0.1,2.3000000000000003
2009,1.0,20dB_nominal_difference,real,linear_a_exact_conversion,REJECTED_PHYSICAL,XZ,y,-0.0625,x,0.0625,z,0.3125,0.9,0.5031395516949654,-0.39686044830503464,0.1,2.3000000000000003
2009,1.0,20dB_nominal_difference,real,linear_a_exact_conversion,REJECTED_PHYSICAL,XZ,y,-0.0625,x,0.1875,z,0.3125,0.9,0.46868444962928363,-0.4313155503707164,0.1,2.3000000000000003
2009,1.0,20dB_nominal_difference,real,linear_a_exact_conversion,REJECTED_PHYSICAL,XZ,y,-0.0625,x,0.3125,z,0.3125,0.1,0.40710455372402127,0.30710455372402123,0.1,2.3000000000000003
2009,1.0,20dB_nominal_difference,real,linear_a_exact_conversion,REJECTED_PHYSICAL,XZ,y,-0.0625,x,0.4375,z,0.3125,0.1,0.32878006701475115,0.22878006701475115,0.1,2.3000000000000003
2009,1.0,20dB_nominal_difference,real,linear_a_exact_conversion,REJECTED_PHYSICAL,XZ,y,-0.0625,x,0.5625,z,0.3125,0.1,0.24400423242204555,0.14400423242204555,0.1,2.3000000000000003
2009,1.0,20dB_nominal_difference,real,linear_a_exact_conversion,REJECTED_PHYSICAL,XZ,y,-0.0625,x,0.6875,z,0.3125,0.1,0.15330726256908728,0.05330726256908727,0.1,2.3000000000000003
2009,1.0,20dB_nominal_difference,real,linear_a_exact_conversion,REJECTED_PHYSICAL,XZ,y,-0.0625,x,-0.6875,z,0.4375,0.1,0.07957141992941719,-0.02042858007058282,0.1,2.3000000000000003
2009,1.0,20dB_nominal_difference,real,linear_a_exact_conversion,REJECTED_PHYSICAL,XZ,y,-0.0625,x,-0.5625,z,0.4375,0.1,0.17003642908387107,0.07003642908387106,0.1,2.3000000000000003
2009,1.0,20dB_nominal_difference,real,linear_a_exact_conversion,REJECTED_PHYSICAL,XZ,y,-0.0625,x,-0.4375,z,0.4375,0.1,0.24932932087856727,0.14932932087856726,0.1,2.3000000000000003
2009,1.0,20dB_nominal_difference,real,linear_a_exact_conversion,REJECTED_PHYSICAL,XZ,y,-0.0625,x,-0.3125,z,0.4375,0.1,0.3177567382497778,0.2177567382497778,0.1,2.3000000000000003
2009,1.0,20dB_nominal_difference,real,linear_a_exact_conversion,REJECTED_PHYSICAL,XZ,y,-0.0625,x,-0.1875,z,0.4375,0.1,0.36722503031900405,0.267225030319004,0.1,2.3000000000000003
2009,1.0,20dB_nominal_difference,real,linear_a_exact_conversion,REJECTED_PHYSICAL,XZ,y,-0.0625,x,-0.0625,z,0.4375,0.1,0.3911286555160756,0.2911286555160756,0.1,2.3000000000000003
2009,1.0,20dB_nominal_difference,real,linear_a_exact_conversion,REJECTED_PHYSICAL,XZ,y,-0.0625,x,0.0625,z,0.4375,0.1,0.38663465194990715,0.2866346519499071,0.1,2.3000000000000003
2009,1.0,20dB_nominal_difference,real,linear_a_exact_conversion,REJECTED_PHYSICAL,XZ,y,-0.0625,x,0.1875,z,0.4375,0.1,0.3557905930153564,0.25579059301535645,0.1,2.3000000000000003
2009,1.0,20dB_nominal_difference,real,linear_a_exact_conversion,REJECTED_PHYSICAL,XZ,y,-0.0625,x,0.3125,z,0.4375,0.1,0.3047774635184275,0.2047774635184275,0.1,2.3000000000000003
2009,1.0,20dB_nominal_difference,real,linear_a_exact_conversion,REJECTED_PHYSICAL,XZ,y,-0.0625,x,0.4375,z,0.4375,0.1,0.2418496087867103,0.1418496087867103,0.1,2.3000000000000003
2009,1.0,20dB_nominal_difference,real,linear_a_exact_conversion,REJECTED_PHYSICAL,XZ,y,-0.0625,x,0.5625,z,0.4375,0.1,0.17500204414020212,0.07500204414020212,0.1,2.3000000000000003
2009,1.0,20dB_nominal_difference,real,linear_a_exact_conversion,REJECTED_PHYSICAL,XZ,y,-0.0625,x,0.6875,z,0.4375,0.1,0.1047335589502631,0.004733558950263089,0.1,2.3000000000000003
2009,1.0,20dB_nominal_difference,real,linear_a_exact_conversion,REJECTED_PHYSICAL,XZ,y,-0.0625,x,-0.6875,z,0.5625,0.1,0.047745994568146474,-0.05225400543185353,0.1,2.3000000000000003
2009,1.0,20dB_nominal_difference,real,linear_a_exact_conversion,REJECTED_PHYSICAL,XZ,y,-0.0625,x,-0.5625,z,0.5625,0.1,0.11541938455378922,0.015419384553789217,0.1,2.3000000000000003
2009,1.0,20dB_nominal_difference,real,linear_a_exact_conversion,REJECTED_PHYSICAL,XZ,y,-0.0625,x,-0.4375,z,0.5625,0.1,0.17176970257788396,0.07176970257788395,0.1,2.3000000000000003
2009,1.0,20dB_nominal_difference,real,linear_a_exact_conversion,REJECTED_PHYSICAL,XZ,y,-0.0625,x,-0.3125,z,0.5625,0.1,0.21827671217196146,0.11827671217196145,0.1,2.3000000000000003
2009,1.0,20dB_nominal_difference,real,linear_a_exact_conversion,REJECTED_PHYSICAL,XZ,y,-0.0625,x,-0.1875,z,0.5625,0.1,0.24958700004825135,0.14958700004825135,0.1,2.3000000000000003
2009,1.0,20dB_nominal_difference,real,linear_a_exact_conversion,REJECTED_PHYSICAL,XZ,y,-0.0625,x,-0.0625,z,0.5625,0.1,0.2615637771257573,0.16156377712575729,0.1,2.3000000000000003
2009,1.0,20dB_nominal_difference,real,linear_a_exact_conversion,REJECTED_PHYSICAL,XZ,y,-0.0625,x,0.0625,z,0.5625,0.1,0.25308983188441037,0.15308983188441036,0.1,2.3000000000000003
2009,1.0,20dB_nominal_difference,real,linear_a_exact_conversion,REJECTED_PHYSICAL,XZ,y,-0.0625,x,0.1875,z,0.5625,0.1,0.2265658675420905,0.12656586754209048,0.1,2.3000000000000003
2009,1.0,20dB_nominal_difference,real,linear_a_exact_conversion,REJECTED_PHYSICAL,XZ,y,-0.0625,x,0.3125,z,0.5625,0.1,0.18716803133359414,0.08716803133359413,0.1,2.3000000000000003
2009,1.0,20dB_nominal_difference,real,linear_a_exact_conversion,REJECTED_PHYSICAL,XZ,y,-0.0625,x,0.4375,z,0.5625,0.1,0.14146954937433692,0.04146954937433692,0.1,2.3000000000000003
2009,1.0,20dB_nominal_difference,real,linear_a_exact_conversion,REJECTED_PHYSICAL,XZ,y,-0.0625,x,0.5625,z,0.5625,0.1,0.09605363765823088,-0.003946362341769122,0.1,2.3000000000000003
2009,1.0,20dB_nominal_difference,real,linear_a_exact_conversion,REJECTED_PHYSICAL,XZ,y,-0.0625,x,0.6875,z,0.5625,0.1,0.052657483464751194,-0.04734251653524881,0.1,2.3000000000000003
2009,1.0,20dB_nominal_difference,real,linear_a_exact_conversion,REJECTED_PHYSICAL,XZ,y,-0.0625,x,-0.6875,z,0.6875,0.1,0.00898779754833134,-0.09101220245166866,0.1,2.3000000000000003
2009,1.0,20dB_nominal_difference,real,linear_a_exact_conversion,REJECTED_PHYSICAL,XZ,y,-0.0625,x,-0.5625,z,0.6875,0.1,0.052830951508777084,-0.04716904849122292,0.1,2.3000000000000003
2009,1.0,20dB_nominal_difference,real,linear_a_exact_conversion,REJECTED_PHYSICAL,XZ,y,-0.0625,x,-0.4375,z,0.6875,0.1,0.08591178781061964,-0.014088212189380361,0.1,2.3000000000000003
2009,1.0,20dB_nominal_difference,real,linear_a_exact_conversion,REJECTED_PHYSICAL,XZ,y,-0.0625,x,-0.3125,z,0.6875,0.1,0.11160398085093462,0.011603980850934614,0.1,2.3000000000000003
2009,1.0,20dB_nominal_difference,real,linear_a_exact_conversion,REJECTED_PHYSICAL,XZ,y,-0.0625,x,-0.1875,z,0.6875,0.1,0.12605679279366855,0.026056792793668543,0.1,2.3000000000000003
2009,1.0,20dB_nominal_difference,real,linear_a_exact_conversion,REJECTED_PHYSICAL,XZ,y,-0.0625,x,-0.0625,z,0.6875,0.1,0.1269674385090971,0.026967438509097108,0.1,2.3000000000000003
2009,1.0,20dB_nominal_difference,real,linear_a_exact_conversion,REJECTED_PHYSICAL,XZ,y,-0.0625,x,0.0625,z,0.6875,0.1,0.11459149434825908,0.014591494348259071,0.1,2.3000000000000003
2009,1.0,20dB_nominal_difference,real,linear_a_exact_conversion,REJECTED_PHYSICAL,XZ,y,-0.0625,x,0.1875,z,0.6875,0.1,0.09161116320741157,-0.008388836792588436,0.1,2.3000000000000003
2009,1.0,20dB_nominal_difference,real,linear_a_exact_conversion,REJECTED_PHYSICAL,XZ,y,-0.0625,x,0.3125,z,0.6875,0.1,0.06234314867687027,-0.037656851323129736,0.1,2.3000000000000003
2009,1.0,20dB_nominal_difference,real,linear_a_exact_conversion,REJECTED_PHYSICAL,XZ,y,-0.0625,x,0.4375,z,0.6875,0.1,0.03187621574342619,-0.06812378425657381,0.1,2.3000000000000003
2009,1.0,20dB_nominal_difference,real,linear_a_exact_conversion,REJECTED_PHYSICAL,XZ,y,-0.0625,x,0.5625,z,0.6875,0.1,0.005926510511619155,-0.09407348948838085,0.1,2.3000000000000003
2009,1.0,20dB_nominal_difference,real,linear_a_exact_conversion,REJECTED_PHYSICAL,XZ,y,-0.0625,x,0.6875,z,0.6875,0.1,-0.006643860077553044,-0.10664386007755305,0.1,2.3000000000000003
2009,1.0,20dB_nominal_difference,real,linear_a_exact_conversion,REJECTED_PHYSICAL,YZ,x,-0.0625,y,-0.6875,z,-0.6875,0.1,0.0029975258171548234,-0.09700247418284519,0.1,2.3000000000000003
2009,1.0,20dB_nominal_difference,real,linear_a_exact_conversion,REJECTED_PHYSICAL,YZ,x,-0.0625,y,-0.5625,z,-0.6875,0.1,0.05582259152504476,-0.04417740847495524,0.1,2.3000000000000003
2009,1.0,20dB_nominal_difference,real,linear_a_exact_conversion,REJECTED_PHYSICAL,YZ,x,-0.0625,y,-0.4375,z,-0.6875,0.1,0.09785381582686885,-0.0021461841731311576,0.1,2.3000000000000003
2009,1.0,20dB_nominal_difference,real,linear_a_exact_conversion,REJECTED_PHYSICAL,YZ,x,-0.0625,y,-0.3125,z,-0.6875,0.1,0.12296218215370561,0.0229621821537056,0.1,2.3000000000000003
2009,1.0,20dB_nominal_difference,real,linear_a_exact_conversion,REJECTED_PHYSICAL,YZ,x,-0.0625,y,-0.1875,z,-0.6875,0.1,0.1318021238499456,0.0318021238499456,0.1,2.3000000000000003
2009,1.0,20dB_nominal_difference,real,linear_a_exact_conversion,REJECTED_PHYSICAL,YZ,x,-0.0625,y,-0.0625,z,-0.6875,0.1,0.12757159540288493,0.027571595402884924,0.1,2.3000000000000003
2009,1.0,20dB_nominal_difference,real,linear_a_exact_conversion,REJECTED_PHYSICAL,YZ,x,-0.0625,y,0.0625,z,-0.6875,0.1,0.11482413751071069,0.014824137510710683,0.1,2.3000000000000003
2009,1.0,20dB_nominal_difference,real,linear_a_exact_conversion,REJECTED_PHYSICAL,YZ,x,-0.0625,y,0.1875,z,-0.6875,0.1,0.09823287131310338,-0.0017671286868966296,0.1,2.3000000000000003
2009,1.0,20dB_nominal_difference,real,linear_a_exact_conversion,REJECTED_PHYSICAL,YZ,x,-0.0625,y,0.3125,z,-0.6875,0.1,0.08153356971427009,-0.018466430285729918,0.1,2.3000000000000003
2009,1.0,20dB_nominal_difference,real,linear_a_exact_conversion,REJECTED_PHYSICAL,YZ,x,-0.0625,y,0.4375,z,-0.6875,0.1,0.06667643075693462,-0.033323569243065385,0.1,2.3000000000000003
2009,1.0,20dB_nominal_difference,real,linear_a_exact_conversion,REJECTED_PHYSICAL,YZ,x,-0.0625,y,0.5625,z,-0.6875,0.1,0.05276069750408032,-0.047239302495919684,0.1,2.3000000000000003
2009,1.0,20dB_nominal_difference,real,linear_a_exact_conversion,REJECTED_PHYSICAL,YZ,x,-0.0625,y,0.6875,z,-0.6875,0.1,0.03714053588287143,-0.06285946411712857,0.1,2.3000000000000003
2009,1.0,20dB_nominal_difference,real,linear_a_exact_conversion,REJECTED_PHYSICAL,YZ,x,-0.0625,y,-0.6875,z,-0.5625,0.1,0.032235309040736224,-0.06776469095926378,0.1,2.3000000000000003
2009,1.0,20dB_nominal_difference,real,linear_a_exact_conversion,REJECTED_PHYSICAL,YZ,x,-0.0625,y,-0.5625,z,-0.5625,0.1,0.10708721859892467,0.007087218598924666,0.1,2.3000000000000003
2009,1.0,20dB_nominal_difference,real,linear_a_exact_conversion,REJECTED_PHYSICAL,YZ,x,-0.0625,y,-0.4375,z,-0.5625,0.1,0.1722662041034407,0.0722662041034407,0.1,2.3000000000000003
2009,1.0,20dB_nominal_difference,real,linear_a_exact_conversion,REJECTED_PHYSICAL,YZ,x,-0.0625,y,-0.3125,z,-0.5625,0.1,0.21727235642322015,0.11727235642322015,0.1,2.3000000000000003
2009,1.0,20dB_nominal_difference,real,linear_a_exact_conversion,REJECTED_PHYSICAL,YZ,x,-0.0625,y,-0.1875,z,-0.5625,0.1,0.23960154846604018,0.13960154846604017,0.1,2.3000000000000003
2009,1.0,20dB_nominal_difference,real,linear_a_exact_conversion,REJECTED_PHYSICAL,YZ,x,-0.0625,y,-0.0625,z,-0.5625,0.1,0.2406140945139673,0.1406140945139673,0.1,2.3000000000000003
2009,1.0,20dB_nominal_difference,real,linear_a_exact_conversion,REJECTED_PHYSICAL,YZ,x,-0.0625,y,0.0625,z,-0.5625,0.1,0.22443623843799454,0.12443623843799453,0.1,2.3000000000000003
2009,1.0,20dB_nominal_difference,real,linear_a_exact_conversion,REJECTED_PHYSICAL,YZ,x,-0.0625,y,0.1875,z,-0.5625,0.1,0.19652141304677018,0.09652141304677017,0.1,2.3000000000000003
2009,1.0,20dB_nominal_difference,real,linear_a_exact_conversion,REJECTED_PHYSICAL,YZ,x,-0.0625,y,0.3125,z,-0.5625,0.1,0.1623243947298959,0.0623243947298959,0.1,2.3000000000000003
2009,1.0,20dB_nominal_difference,real,linear_a_exact_conversion,REJECTED_PHYSICAL,YZ,x,-0.0625,y,0.4375,z,-0.5625,0.1,0.12648917198125909,0.02648917198125908,0.1,2.3000000000000003
2009,1.0,20dB_nominal_difference,real,linear_a_exact_conversion,REJECTED_PHYSICAL,YZ,x,-0.0625,y,0.5625,z,-0.5625,0.1,0.09309178203893964,-0.0069082179610603645,0.1,2.3000000000000003
2009,1.0,20dB_nominal_difference,real,linear_a_exact_conversion,REJECTED_PHYSICAL,YZ,x,-0.0625,y,0.6875,z,-0.5625,0.1,0.07286508474162728,-0.02713491525837272,0.1,2.3000000000000003
2009,1.0,20dB_nominal_difference,real,linear_a_exact_conversion,REJECTED_PHYSICAL,YZ,x,-0.0625,y,-0.6875,z,-0.4375,0.1,0.06424177979858277,-0.03575822020141724,0.1,2.3000000000000003
2009,1.0,20dB_nominal_difference,real,linear_a_exact_conversion,REJECTED_PHYSICAL,YZ,x,-0.0625,y,-0.5625,z,-0.4375,0.1,0.16282475518950365,0.06282475518950364,0.1,2.3000000000000003
2009,1.0,20dB_nominal_difference,real,linear_a_exact_conversion,REJECTED_PHYSICAL,YZ,x,-0.0625,y,-0.4375,z,-0.4375,0.1,0.2526836969144752,0.15268369691447517,0.1,2.3000000000000003
2009,1.0,20dB_nominal_difference,real,linear_a_exact_conversion,REJECTED_PHYSICAL,YZ,x,-0.0625,y,-0.3125,z,-0.4375,0.1,0.3184709892130881,0.21847098921308808,0.1,2.3000000000000003
2009,1.0,20dB_nominal_difference,real,linear_a_exact_conversion,REJECTED_PHYSICAL,YZ,x,-0.0625,y,-0.1875,z,-0.4375,0.1,0.3546227958242458,0.25462279582424574,0.1,2.3000000000000003
2009,1.0,20dB_nominal_difference,real,linear_a_exact_conversion,REJECTED_PHYSICAL,YZ,x,-0.0625,y,-0.0625,z,-0.4375,0.1,0.3603604491189023,0.2603604491189023,0.1,2.3000000000000003
2009,1.0,20dB_nominal_difference,real,linear_a_exact_conversion,REJECTED_PHYSICAL,YZ,x,-0.0625,y,0.0625,z,-0.4375,0.1,0.33927667891313074,0.23927667891313073,0.1,2.3000000000000003
2009,1.0,20dB_nominal_difference,real,linear_a_exact_conversion,REJECTED_PHYSICAL,YZ,x,-0.0625,y,0.1875,z,-0.4375,0.1,0.2978843210912391,0.19788432109123907,0.1,2.3000000000000003
2009,1.0,20dB_nominal_difference,real,linear_a_exact_conversion,REJECTED_PHYSICAL,YZ,x,-0.0625,y,0.3125,z,-0.4375,0.1,0.24387996834048317,0.14387996834048317,0.1,2.3000000000000003
2009,1.0,20dB_nominal_difference,real,linear_a_exact_conversion,REJECTED_PHYSICAL,YZ,x,-0.0625,y,0.4375,z,-0.4375,0.1,0.18486391109011704,0.08486391109011704,0.1,2.3000000000000003
2009,1.0,20dB_nominal_difference,real,linear_a_exact_conversion,REJECTED_PHYSICAL,YZ,x,-0.0625,y,0.5625,z,-0.4375,0.1,0.12800458603459405,0.028004586034594048,0.1,2.3000000000000003
2009,1.0,20dB_nominal_difference,real,linear_a_exact_conversion,REJECTED_PHYSICAL,YZ,x,-0.0625,y,0.6875,z,-0.4375,0.1,0.08612649435795919,-0.013873505642040818,0.1,2.3000000000000003
2009,1.0,20dB_nominal_difference,real,linear_a_exact_conversion,REJECTED_PHYSICAL,YZ,x,-0.0625,y,-0.6875,z,-0.3125,0.1,0.09424222515389666,-0.005757774846103347,0.1,2.3000000000000003
2009,1.0,20dB_nominal_difference,real,linear_a_exact_conversion,REJECTED_PHYSICAL,YZ,x,-0.0625,y,-0.5625,z,-0.3125,0.1,0.2144443408765051,0.1144443408765051,0.1,2.3000000000000003
2009,1.0,20dB_nominal_difference,real,linear_a_exact_conversion,REJECTED_PHYSICAL,YZ,x,-0.0625,y,-0.4375,z,-0.3125,0.1,0.32805049134684755,0.22805049134684754,0.1,2.3000000000000003
2009,1.0,20dB_nominal_difference,real,linear_a_exact_conversion,REJECTED_PHYSICAL,YZ,x,-0.0625,y,-0.3125,z,-0.3125,0.1,0.41397902407231313,0.31397902407231315,0.1,2.3000000000000003
2009,1.0,20dB_nominal_difference,real,linear_a_exact_conversion,REJECTED_PHYSICAL,YZ,x,-0.0625,y,-0.1875,z,-0.3125,0.9,0.4633417474207481,-0.43665825257925195,0.1,2.3000000000000003
2009,1.0,20dB_nominal_difference,real,linear_a_exact_conversion,REJECTED_PHYSICAL,YZ,x,-0.0625,y,-0.0625,z,-0.3125,0.9,0.4730301194172102,-0.42696988058278984,0.1,2.3000000000000003
2009,1.0,20dB_nominal_difference,real,linear_a_exact_conversion,REJECTED_PHYSICAL,YZ,x,-0.0625,y,0.0625,z,-0.3125,0.9,0.4460633426629833,-0.4539366573370167,0.1,2.3000000000000003
2009,1.0,20dB_nominal_difference,real,linear_a_exact_conversion,REJECTED_PHYSICAL,YZ,x,-0.0625,y,0.1875,z,-0.3125,0.1,0.3901866963785742,0.2901866963785742,0.1,2.3000000000000003
2009,1.0,20dB_nominal_difference,real,linear_a_exact_conversion,REJECTED_PHYSICAL,YZ,x,-0.0625,y,0.3125,z,-0.3125,0.1,0.3155393580628067,0.2155393580628067,0.1,2.3000000000000003
2009,1.0,20dB_nominal_difference,real,linear_a_exact_conversion,REJECTED_PHYSICAL,YZ,x,-0.0625,y,0.4375,z,-0.3125,0.1,0.23248667849856827,0.13248667849856827,0.1,2.3000000000000003
2009,1.0,20dB_nominal_difference,real,linear_a_exact_conversion,REJECTED_PHYSICAL,YZ,x,-0.0625,y,0.5625,z,-0.3125,0.1,0.1502813485021788,0.0502813485021788,0.1,2.3000000000000003
2009,1.0,20dB_nominal_difference,real,linear_a_exact_conversion,REJECTED_PHYSICAL,YZ,x,-0.0625,y,0.6875,z,-0.3125,0.1,0.08378128893564533,-0.01621871106435467,0.1,2.3000000000000003
2009,1.0,20dB_nominal_difference,real,linear_a_exact_conversion,REJECTED_PHYSICAL,YZ,x,-0.0625,y,-0.6875,z,-0.1875,0.1,0.11495638006163746,0.01495638006163745,0.1,2.3000000000000003
2009,1.0,20dB_nominal_difference,real,linear_a_exact_conversion,REJECTED_PHYSICAL,YZ,x,-0.0625,y,-0.5625,z,-0.1875,0.1,0.2525845387603419,0.15258453876034192,0.1,2.3000000000000003
2009,1.0,20dB_nominal_difference,real,linear_a_exact_conversion,REJECTED_PHYSICAL,YZ,x,-0.0625,y,-0.4375,z,-0.1875,0.1,0.3861152758593954,0.28611527585939545,0.1,2.3000000000000003
2009,1.0,20dB_nominal_difference,real,linear_a_exact_conversion,REJECTED_PHYSICAL,YZ,x,-0.0625,y,-0.3125,z,-0.1875,0.9,0.48930191252703464,-0.4106980874729654,0.1,2.3000000000000003
2009,1.0,20dB_nominal_difference,real,linear_a_exact_conversion,REJECTED_PHYSICAL,YZ,x,-0.0625,y,-0.1875,z,-0.1875,1.6,0.5500734221171129,-1.0499265778828872,0.1,2.3000000000000003
2009,1.0,20dB_nominal_difference,real,linear_a_exact_conversion,REJECTED_PHYSICAL,YZ,x,-0.0625,y,-0.0625,z,-0.1875,1.6,0.5630244140521096,-1.0369755859478906,0.1,2.3000000000000003
2009,1.0,20dB_nominal_difference,real,linear_a_exact_conversion,REJECTED_PHYSICAL,YZ,x,-0.0625,y,0.0625,z,-0.1875,1.6,0.5305557680400597,-1.0694442319599404,0.1,2.3000000000000003
2009,1.0,20dB_nominal_difference,real,linear_a_exact_conversion,REJECTED_PHYSICAL,YZ,x,-0.0625,y,0.1875,z,-0.1875,0.9,0.4615593625329936,-0.4384406374670064,0.1,2.3000000000000003
2009,1.0,20dB_nominal_difference,real,linear_a_exact_conversion,REJECTED_PHYSICAL,YZ,x,-0.0625,y,0.3125,z,-0.1875,0.1,0.3684459826331589,0.2684459826331589,0.1,2.3000000000000003
2009,1.0,20dB_nominal_difference,real,linear_a_exact_conversion,REJECTED_PHYSICAL,YZ,x,-0.0625,y,0.4375,z,-0.1875,0.1,0.2640322392468567,0.1640322392468567,0.1,2.3000000000000003
2009,1.0,20dB_nominal_difference,real,linear_a_exact_conversion,REJECTED_PHYSICAL,YZ,x,-0.0625,y,0.5625,z,-0.1875,0.1,0.1594044525760927,0.0594044525760927,0.1,2.3000000000000003
2009,1.0,20dB_nominal_difference,real,linear_a_exact_conversion,REJECTED_PHYSICAL,YZ,x,-0.0625,y,0.6875,z,-0.1875,0.1,0.07174071908513865,-0.02825928091486135,0.1,2.3000000000000003
2009,1.0,20dB_nominal_difference,real,linear_a_exact_conversion,REJECTED_PHYSICAL,YZ,x,-0.0625,y,-0.6875,z,-0.0625,0.1,0.12217862688127719,0.022178626881277183,0.1,2.3000000000000003
2009,1.0,20dB_nominal_difference,real,linear_a_exact_conversion,REJECTED_PHYSICAL,YZ,x,-0.0625,y,-0.5625,z,-0.0625,0.1,0.27094098262859895,0.17094098262859894,0.1,2.3000000000000003
2009,1.0,20dB_nominal_difference,real,linear_a_exact_conversion,REJECTED_PHYSICAL,YZ,x,-0.0625,y,-0.4375,z,-0.0625,0.1,0.41757768763370884,0.31757768763370886,0.1,2.3000000000000003
2009,1.0,20dB_nominal_difference,real,linear_a_exact_conversion,REJECTED_PHYSICAL,YZ,x,-0.0625,y,-0.3125,z,-0.0625,0.9,0.5323940644059914,-0.36760593559400867,0.1,2.3000000000000003
2009,1.0,20dB_nominal_difference,real,linear_a_exact_conversion,REJECTED_PHYSICAL,YZ,x,-0.0625,y,-0.1875,z,-0.0625,1.6,0.6010228997582704,-0.9989771002417297,0.1,2.3000000000000003
2009,1.0,20dB_nominal_difference,real,linear_a_exact_conversion,REJECTED_PHYSICAL,YZ,x,-0.0625,y,-0.0625,z,-0.0625,1.6,0.6163114566668743,-0.9836885433331258,0.1,2.3000000000000003
2009,1.0,20dB_nominal_difference,real,linear_a_exact_conversion,REJECTED_PHYSICAL,YZ,x,-0.0625,y,0.0625,z,-0.0625,1.6,0.5801126452985602,-1.01988735470144,0.1,2.3000000000000003
2009,1.0,20dB_nominal_difference,real,linear_a_exact_conversion,REJECTED_PHYSICAL,YZ,x,-0.0625,y,0.1875,z,-0.0625,0.9,0.5020825932090583,-0.3979174067909417,0.1,2.3000000000000003
2009,1.0,20dB_nominal_difference,real,linear_a_exact_conversion,REJECTED_PHYSICAL,YZ,x,-0.0625,y,0.3125,z,-0.0625,0.1,0.39624079545735075,0.2962407954573507,0.1,2.3000000000000003
2009,1.0,20dB_nominal_difference,real,linear_a_exact_conversion,REJECTED_PHYSICAL,YZ,x,-0.0625,y,0.4375,z,-0.0625,0.1,0.27716020047375084,0.17716020047375083,0.1,2.3000000000000003
2009,1.0,20dB_nominal_difference,real,linear_a_exact_conversion,REJECTED_PHYSICAL,YZ,x,-0.0625,y,0.5625,z,-0.0625,0.1,0.15731595251963407,0.05731595251963406,0.1,2.3000000000000003
2009,1.0,20dB_nominal_difference,real,linear_a_exact_conversion,REJECTED_PHYSICAL,YZ,x,-0.0625,y,0.6875,z,-0.0625,0.1,0.055640343730951676,-0.04435965626904833,0.1,2.3000000000000003
2009,1.0,20dB_nominal_difference,real,linear_a_exact_conversion,REJECTED_PHYSICAL,YZ,x,-0.0625,y,-0.6875,z,0.0625,0.1,0.11573993114169,0.015739931141689992,0.1,2.3000000000000003
2009,1.0,20dB_nominal_difference,real,linear_a_exact_conversion,REJECTED_PHYSICAL,YZ,x,-0.0625,y,-0.5625,z,0.0625,0.1,0.26766968958216475,0.16766968958216474,0.1,2.3000000000000003
2009,1.0,20dB_nominal_difference,real,linear_a_exact_conversion,REJECTED_PHYSICAL,YZ,x,-0.0625,y,-0.4375,z,0.0625,0.1,0.418204548065168,0.31820454806516796,0.1,2.3000000000000003
2009,1.0,20dB_nominal_difference,real,linear_a_exact_conversion,REJECTED_PHYSICAL,YZ,x,-0.0625,y,-0.3125,z,0.0625,0.9,0.5366218930633689,-0.3633781069366311,0.1,2.3000000000000003
2009,1.0,20dB_nominal_difference,real,linear_a_exact_conversion,REJECTED_PHYSICAL,YZ,x,-0.0625,y,-0.1875,z,0.0625,1.6,0.607790963268574,-0.9922090367314261,0.1,2.3000000000000003
2009,1.0,20dB_nominal_difference,real,linear_a_exact_conversion,REJECTED_PHYSICAL,YZ,x,-0.0625,y,-0.0625,z,0.0625,2.3000000000000003,0.6239344314562362,-1.676065568543764,0.1,2.3000000000000003
2009,1.0,20dB_nominal_difference,real,linear_a_exact_conversion,REJECTED_PHYSICAL,YZ,x,-0.0625,y,0.0625,z,0.0625,1.6,0.5866561995296005,-1.0133438004703996,0.1,2.3000000000000003
2009,1.0,20dB_nominal_difference,real,linear_a_exact_conversion,REJECTED_PHYSICAL,YZ,x,-0.0625,y,0.1875,z,0.0625,0.9,0.5057923133708321,-0.39420768662916794,0.1,2.3000000000000003
2009,1.0,20dB_nominal_difference,real,linear_a_exact_conversion,REJECTED_PHYSICAL,YZ,x,-0.0625,y,0.3125,z,0.0625,0.1,0.39583572895746544,0.29583572895746546,0.1,2.3000000000000003
2009,1.0,20dB_nominal_difference,real,linear_a_exact_conversion,REJECTED_PHYSICAL,YZ,x,-0.0625,y,0.4375,z,0.0625,0.1,0.2719175218554171,0.17191752185541712,0.1,2.3000000000000003
2009,1.0,20dB_nominal_difference,real,linear_a_exact_conversion,REJECTED_PHYSICAL,YZ,x,-0.0625,y,0.5625,z,0.0625,0.1,0.14700490152164375,0.047004901521643744,0.1,2.3000000000000003
2009,1.0,20dB_nominal_difference,real,linear_a_exact_conversion,REJECTED_PHYSICAL,YZ,x,-0.0625,y,0.6875,z,0.0625,0.1,0.04057972039504603,-0.059420279604953975,0.1,2.3000000000000003
2009,1.0,20dB_nominal_difference,real,linear_a_exact_conversion,REJECTED_PHYSICAL,YZ,x,-0.0625,y,-0.6875,z,0.1875,0.1,0.0987510814283085,-0.0012489185716915013,0.1,2.3000000000000003
2009,1.0,20dB_nominal_difference,real,linear_a_exact_conversion,REJECTED_PHYSICAL,YZ,x,-0.0625,y,-0.5625,z,0.1875,0.1,0.24506343588074322,0.14506343588074322,0.1,2.3000000000000003
2009,1.0,20dB_nominal_difference,real,linear_a_exact_conversion,REJECTED_PHYSICAL,YZ,x,-0.0625,y,-0.4375,z,0.1875,0.1,0.3892496960032247,0.2892496960032247,0.1,2.3000000000000003
2009,1.0,20dB_nominal_difference,real,linear_a_exact_conversion,REJECTED_PHYSICAL,YZ,x,-0.0625,y,-0.3125,z,0.1875,0.9,0.5020818359958801,-0.39791816400411995,0.1,2.3000000000000003
2009,1.0,20dB_nominal_difference,real,linear_a_exact_conversion,REJECTED_PHYSICAL,YZ,x,-0.0625,y,-0.1875,z,0.1875,1.6,0.5694244547516328,-1.0305755452483671,0.1,2.3000000000000003
2009,1.0,20dB_nominal_difference,real,linear_a_exact_conversion,REJECTED_PHYSICAL,YZ,x,-0.0625,y,-0.0625,z,0.1875,1.6,0.5842972301461622,-1.015702769853838,0.1,2.3000000000000003
2009,1.0,20dB_nominal_difference,real,linear_a_exact_conversion,REJECTED_PHYSICAL,YZ,x,-0.0625,y,0.0625,z,0.1875,1.6,0.5485745435352564,-1.0514254564647438,0.1,2.3000000000000003
2009,1.0,20dB_nominal_difference,real,linear_a_exact_conversion,REJECTED_PHYSICAL,YZ,x,-0.0625,y,0.1875,z,0.1875,0.9,0.4717174937556638,-0.4282825062443362,0.1,2.3000000000000003
2009,1.0,20dB_nominal_difference,real,linear_a_exact_conversion,REJECTED_PHYSICAL,YZ,x,-0.0625,y,0.3125,z,0.1875,0.1,0.36740081593465274,0.2674008159346527,0.1,2.3000000000000003
2009,1.0,20dB_nominal_difference,real,linear_a_exact_conversion,REJECTED_PHYSICAL,YZ,x,-0.0625,y,0.4375,z,0.1875,0.1,0.249855864729193,0.149855864729193,0.1,2.3000000000000003
2009,1.0,20dB_nominal_difference,real,linear_a_exact_conversion,REJECTED_PHYSICAL,YZ,x,-0.0625,y,0.5625,z,0.1875,0.1,0.13134975646173125,0.03134975646173124,0.1,2.3000000000000003
2009,1.0,20dB_nominal_difference,real,linear_a_exact_conversion,REJECTED_PHYSICAL,YZ,x,-0.0625,y,0.6875,z,0.1875,0.1,0.03038876790422151,-0.06961123209577849,0.1,2.3000000000000003
2009,1.0,20dB_nominal_difference,real,linear_a_exact_conversion,REJECTED_PHYSICAL,YZ,x,-0.0625,y,-0.6875,z,0.3125,0.1,0.07584370341351984,-0.024156296586480164,0.1,2.3000000000000003
2009,1.0,20dB_nominal_difference,real,linear_a_exact_conversion,REJECTED_PHYSICAL,YZ,x,-0.0625,y,-0.5625,z,0.3125,0.1,0.20787984318286257,0.10787984318286256,0.1,2.3000000000000003
2009,1.0,20dB_nominal_difference,real,linear_a_exact_conversion,REJECTED_PHYSICAL,YZ,x,-0.0625,y,-0.4375,z,0.3125,0.1,0.3360651633637384,0.23606516336373837,0.1,2.3000000000000003
2009,1.0,20dB_nominal_difference,real,linear_a_exact_conversion,REJECTED_PHYSICAL,YZ,x,-0.0625,y,-0.3125,z,0.3125,0.1,0.43466364757008497,0.33466364757008493,0.1,2.3000000000000003
2009,1.0,20dB_nominal_difference,real,linear_a_exact_conversion,REJECTED_PHYSICAL,YZ,x,-0.0625,y,-0.1875,z,0.3125,0.9,0.49197472520158925,-0.4080252747984108,0.1,2.3000000000000003
2009,1.0,20dB_nominal_difference,real,linear_a_exact_conversion,REJECTED_PHYSICAL,YZ,x,-0.0625,y,-0.0625,z,0.3125,0.9,0.5030825112824336,-0.3969174887175664,0.1,2.3000000000000003
2009,1.0,20dB_nominal_difference,real,linear_a_exact_conversion,REJECTED_PHYSICAL,YZ,x,-0.0625,y,0.0625,z,0.3125,0.9,0.47071914793185465,-0.42928085206814537,0.1,2.3000000000000003
2009,1.0,20dB_nominal_difference,real,linear_a_exact_conversion,REJECTED_PHYSICAL,YZ,x,-0.0625,y,0.1875,z,0.3125,0.1,0.40367029728688053,0.30367029728688055,0.1,2.3000000000000003
2009,1.0,20dB_nominal_difference,real,linear_a_exact_conversion,REJECTED_PHYSICAL,YZ,x,-0.0625,y,0.3125,z,0.3125,0.1,0.3138067375267369,0.21380673752673687,0.1,2.3000000000000003
2009,1.0,20dB_nominal_difference,real,linear_a_exact_conversion,REJECTED_PHYSICAL,YZ,x,-0.0625,y,0.4375,z,0.3125,0.1,0.21321501126350018,0.11321501126350017,0.1,2.3000000000000003
2009,1.0,20dB_nominal_difference,real,linear_a_exact_conversion,REJECTED_PHYSICAL,YZ,x,-0.0625,y,0.5625,z,0.3125,0.1,0.1123339258815536,0.01233392588155359,0.1,2.3000000000000003
2009,1.0,20dB_nominal_difference,real,linear_a_exact_conversion,REJECTED_PHYSICAL,YZ,x,-0.0625,y,0.6875,z,0.3125,0.1,0.027172380138633417,-0.07282761986136659,0.1,2.3000000000000003
2009,1.0,20dB_nominal_difference,real,linear_a_exact_conversion,REJECTED_PHYSICAL,YZ,x,-0.0625,y,-0.6875,z,0.4375,0.1,0.05135218844025201,-0.048647811559748,0.1,2.3000000000000003
2009,1.0,20dB_nominal_difference,real,linear_a_exact_conversion,REJECTED_PHYSICAL,YZ,x,-0.0625,y,-0.5625,z,0.4375,0.1,0.16139757377631686,0.061397573776316855,0.1,2.3000000000000003
2009,1.0,20dB_nominal_difference,real,linear_a_exact_conversion,REJECTED_PHYSICAL,YZ,x,-0.0625,y,-0.4375,z,0.4375,0.1,0.2660159735572486,0.1660159735572486,0.1,2.3000000000000003
2009,1.0,20dB_nominal_difference,real,linear_a_exact_conversion,REJECTED_PHYSICAL,YZ,x,-0.0625,y,-0.3125,z,0.4375,0.1,0.34376959817661096,0.24376959817661095,0.1,2.3000000000000003
2009,1.0,20dB_nominal_difference,real,linear_a_exact_conversion,REJECTED_PHYSICAL,YZ,x,-0.0625,y,-0.1875,z,0.4375,0.1,0.3861540022995579,0.2861540022995579,0.1,2.3000000000000003
2009,1.0,20dB_nominal_difference,real,linear_a_exact_conversion,REJECTED_PHYSICAL,YZ,x,-0.0625,y,-0.0625,z,0.4375,0.1,0.3911286555160756,0.2911286555160756,0.1,2.3000000000000003
2009,1.0,20dB_nominal_difference,real,linear_a_exact_conversion,REJECTED_PHYSICAL,YZ,x,-0.0625,y,0.0625,z,0.4375,0.1,0.3627461734543886,0.26274617345438855,0.1,2.3000000000000003
2009,1.0,20dB_nominal_difference,real,linear_a_exact_conversion,REJECTED_PHYSICAL,YZ,x,-0.0625,y,0.1875,z,0.4375,0.1,0.30912756777348804,0.20912756777348804,0.1,2.3000000000000003
2009,1.0,20dB_nominal_difference,real,linear_a_exact_conversion,REJECTED_PHYSICAL,YZ,x,-0.0625,y,0.3125,z,0.4375,0.1,0.23996034106037467,0.13996034106037467,0.1,2.3000000000000003
2009,1.0,20dB_nominal_difference,real,linear_a_exact_conversion,REJECTED_PHYSICAL,YZ,x,-0.0625,y,0.4375,z,0.4375,0.1,0.16455543167133935,0.06455543167133934,0.1,2.3000000000000003
2009,1.0,20dB_nominal_difference,real,linear_a_exact_conversion,REJECTED_PHYSICAL,YZ,x,-0.0625,y,0.5625,z,0.4375,0.1,0.0908504359391107,-0.009149564060889306,0.1,2.3000000000000003
2009,1.0,20dB_nominal_difference,real,linear_a_exact_conversion,REJECTED_PHYSICAL,YZ,x,-0.0625,y,0.6875,z,0.4375,0.1,0.03128714763911894,-0.06871285236088107,0.1,2.3000000000000003
2009,1.0,20dB_nominal_difference,real,linear_a_exact_conversion,REJECTED_PHYSICAL,YZ,x,-0.0625,y,-0.6875,z,0.5625,0.1,0.02762386643098413,-0.07237613356901587,0.1,2.3000000000000003
2009,1.0,20dB_nominal_difference,real,linear_a_exact_conversion,REJECTED_PHYSICAL,YZ,x,-0.0625,y,-0.5625,z,0.5625,0.1,0.11005439537489874,0.01005439537489873,0.1,2.3000000000000003
2009,1.0,20dB_nominal_difference,real,linear_a_exact_conversion,REJECTED_PHYSICAL,YZ,x,-0.0625,y,-0.4375,z,0.5625,0.1,0.18696742471306033,0.08696742471306032,0.1,2.3000000000000003
2009,1.0,20dB_nominal_difference,real,linear_a_exact_conversion,REJECTED_PHYSICAL,YZ,x,-0.0625,y,-0.3125,z,0.5625,0.1,0.24008368064996274,0.14008368064996274,0.1,2.3000000000000003
2009,1.0,20dB_nominal_difference,real,linear_a_exact_conversion,REJECTED_PHYSICAL,YZ,x,-0.0625,y,-0.1875,z,0.5625,0.1,0.26453246530712987,0.16453246530712987,0.1,2.3000000000000003
2009,1.0,20dB_nominal_difference,real,linear_a_exact_conversion,REJECTED_PHYSICAL,YZ,x,-0.0625,y,-0.0625,z,0.5625,0.1,0.2615637771257573,0.16156377712575729,0.1,2.3000000000000003
2009,1.0,20dB_nominal_difference,real,linear_a_exact_conversion,REJECTED_PHYSICAL,YZ,x,-0.0625,y,0.0625,z,0.5625,0.1,0.23675753103030642,0.1367575310303064,0.1,2.3000000000000003
2009,1.0,20dB_nominal_difference,real,linear_a_exact_conversion,REJECTED_PHYSICAL,YZ,x,-0.0625,y,0.1875,z,0.5625,0.1,0.19775980921835679,0.09775980921835678,0.1,2.3000000000000003
2009,1.0,20dB_nominal_difference,real,linear_a_exact_conversion,REJECTED_PHYSICAL,YZ,x,-0.0625,y,0.3125,z,0.5625,0.1,0.1522791512226586,0.05227915122265858,0.1,2.3000000000000003
2009,1.0,20dB_nominal_difference,real,linear_a_exact_conversion,REJECTED_PHYSICAL,YZ,x,-0.0625,y,0.4375,z,0.5625,0.1,0.10692760662976457,0.006927606629764563,0.1,2.3000000000000003
2009,1.0,20dB_nominal_difference,real,linear_a_exact_conversion,REJECTED_PHYSICAL,YZ,x,-0.0625,y,0.5625,z,0.5625,0.1,0.06706939193901039,-0.032930608060989616,0.1,2.3000000000000003
2009,1.0,20dB_nominal_difference,real,linear_a_exact_conversion,REJECTED_PHYSICAL,YZ,x,-0.0625,y,0.6875,z,0.5625,0.1,0.041628616862989964,-0.05837138313701004,0.1,2.3000000000000003
2009,1.0,20dB_nominal_difference,real,linear_a_exact_conversion,REJECTED_PHYSICAL,YZ,x,-0.0625,y,-0.6875,z,0.6875,0.1,-0.0016626138363089549,-0.10166261383630897,0.1,2.3000000000000003
2009,1.0,20dB_nominal_difference,real,linear_a_exact_conversion,REJECTED_PHYSICAL,YZ,x,-0.0625,y,-0.5625,z,0.6875,0.1,0.056181193068570924,-0.04381880693142908,0.1,2.3000000000000003
2009,1.0,20dB_nominal_difference,real,linear_a_exact_conversion,REJECTED_PHYSICAL,YZ,x,-0.0625,y,-0.4375,z,0.6875,0.1,0.10561241670332153,0.005612416703321521,0.1,2.3000000000000003
2009,1.0,20dB_nominal_difference,real,linear_a_exact_conversion,REJECTED_PHYSICAL,YZ,x,-0.0625,y,-0.3125,z,0.6875,0.1,0.13304397901838852,0.033043979018388514,0.1,2.3000000000000003
2009,1.0,20dB_nominal_difference,real,linear_a_exact_conversion,REJECTED_PHYSICAL,YZ,x,-0.0625,y,-0.1875,z,0.6875,0.1,0.1386532330119574,0.03865323301195739,0.1,2.3000000000000003
2009,1.0,20dB_nominal_difference,real,linear_a_exact_conversion,REJECTED_PHYSICAL,YZ,x,-0.0625,y,-0.0625,z,0.6875,0.1,0.1269674385090971,0.026967438509097108,0.1,2.3000000000000003
2009,1.0,20dB_nominal_difference,real,linear_a_exact_conversion,REJECTED_PHYSICAL,YZ,x,-0.0625,y,0.0625,z,0.6875,0.1,0.10488098011715553,0.004880980117155528,0.1,2.3000000000000003
2009,1.0,20dB_nominal_difference,real,linear_a_exact_conversion,REJECTED_PHYSICAL,YZ,x,-0.0625,y,0.1875,z,0.6875,0.1,0.0797162183370235,-0.020283781662976508,0.1,2.3000000000000003
2009,1.0,20dB_nominal_difference,real,linear_a_exact_conversion,REJECTED_PHYSICAL,YZ,x,-0.0625,y,0.3125,z,0.6875,0.1,0.05777809893854794,-0.042221901061452065,0.1,2.3000000000000003
2009,1.0,20dB_nominal_difference,real,linear_a_exact_conversion,REJECTED_PHYSICAL,YZ,x,-0.0625,y,0.4375,z,0.6875,0.1,0.04367295574888427,-0.05632704425111573,0.1,2.3000000000000003
2009,1.0,20dB_nominal_difference,real,linear_a_exact_conversion,REJECTED_PHYSICAL,YZ,x,-0.0625,y,0.5625,z,0.6875,0.1,0.040436149914031216,-0.05956385008596879,0.1,2.3000000000000003
2009,1.0,20dB_nominal_difference,real,linear_a_exact_conversion,REJECTED_PHYSICAL,YZ,x,-0.0625,y,0.6875,z,0.6875,0.1,0.054145608580877934,-0.04585439141912207,0.1,2.3000000000000003
2009,1.0,20dB_nominal_difference,real,vanilla_IBS2,REJECTED_PHYSICAL,XY,z,-0.0625,x,-0.6875,y,-0.6875,0.1,0.050303210922807935,-0.04969678907719207,0.1,2.3000000000000003
2009,1.0,20dB_nominal_difference,real,vanilla_IBS2,REJECTED_PHYSICAL,XY,z,-0.0625,x,-0.5625,y,-0.6875,0.1,0.070148909906411,-0.02985109009358901,0.1,2.3000000000000003
2009,1.0,20dB_nominal_difference,real,vanilla_IBS2,REJECTED_PHYSICAL,XY,z,-0.0625,x,-0.4375,y,-0.6875,0.1,0.08397849991553787,-0.01602150008446214,0.1,2.3000000000000003
2009,1.0,20dB_nominal_difference,real,vanilla_IBS2,REJECTED_PHYSICAL,XY,z,-0.0625,x,-0.3125,y,-0.6875,0.1,0.09752989575821716,-0.0024701042417828445,0.1,2.3000000000000003
2009,1.0,20dB_nominal_difference,real,vanilla_IBS2,REJECTED_PHYSICAL,XY,z,-0.0625,x,-0.1875,y,-0.6875,0.1,0.10898629562196332,0.00898629562196332,0.1,2.3000000000000003
2009,1.0,20dB_nominal_difference,real,vanilla_IBS2,REJECTED_PHYSICAL,XY,z,-0.0625,x,-0.0625,y,-0.6875,0.1,0.11640343833070452,0.016403438330704512,0.1,2.3000000000000003
2009,1.0,20dB_nominal_difference,real,vanilla_IBS2,REJECTED_PHYSICAL,XY,z,-0.0625,x,0.0625,y,-0.6875,0.1,0.1178846561371198,0.0178846561371198,0.1,2.3000000000000003
2009,1.0,20dB_nominal_difference,real,vanilla_IBS2,REJECTED_PHYSICAL,XY,z,-0.0625,x,0.1875,y,-0.6875,0.1,0.1116026899557749,0.01160268995577489,0.1,2.3000000000000003
2009,1.0,20dB_nominal_difference,real,vanilla_IBS2,REJECTED_PHYSICAL,XY,z,-0.0625,x,0.3125,y,-0.6875,0.1,0.09590620922326566,-0.0040937907767343434,0.1,2.3000000000000003
2009,1.0,20dB_nominal_difference,real,vanilla_IBS2,REJECTED_PHYSICAL,XY,z,-0.0625,x,0.4375,y,-0.6875,0.1,0.06941395205582421,-0.030586047944175798,0.1,2.3000000000000003
2009,1.0,20dB_nominal_difference,real,vanilla_IBS2,REJECTED_PHYSICAL,XY,z,-0.0625,x,0.5625,y,-0.6875,0.1,0.030398956453342882,-0.06960104354665712,0.1,2.3000000000000003
2009,1.0,20dB_nominal_difference,real,vanilla_IBS2,REJECTED_PHYSICAL,XY,z,-0.0625,x,0.6875,y,-0.6875,0.1,-0.03399784644850265,-0.13399784644850266,0.1,2.3000000000000003
2009,1.0,20dB_nominal_difference,real,vanilla_IBS2,REJECTED_PHYSICAL,XY,z,-0.0625,x,-0.6875,y,-0.5625,0.1,0.06186143635146256,-0.038138563648537446,0.1,2.3000000000000003
2009,1.0,20dB_nominal_difference,real,vanilla_IBS2,REJECTED_PHYSICAL,XY,z,-0.0625,x,-0.5625,y,-0.5625,0.1,0.12395556305050495,0.023955563050504947,0.1,2.3000000000000003
2009,1.0,20dB_nominal_difference,real,vanilla_IBS2,REJECTED_PHYSICAL,XY,z,-0.0625,x,-0.4375,y,-0.5625,0.1,0.17451822039537818,0.07451822039537817,0.1,2.3000000000000003
2009,1.0,20dB_nominal_difference,real,vanilla_IBS2,REJECTED_PHYSICAL,XY,z,-0.0625,x,-0.3125,y,-0.5625,0.1,0.21727024440341242,0.11727024440341241,0.1,2.3000000000000003
2009,1.0,20dB_nominal_difference,real,vanilla_IBS2,REJECTED_PHYSICAL,XY,z,-0.0625,x,-0.1875,y,-0.5625,0.1,0.2493969935413406,0.1493969935413406,0.1,2.3000000000000003
2009,1.0,20dB_nominal_difference,real,vanilla_IBS2,REJECTED_PHYSICAL,XY,z,-0.0625,x,-0.0625,y,-0.5625,0.1,0.26792724908871735,0.16792724908871734,0.1,2.3000000000000003
2009,1.0,20dB_nominal_difference,real,vanilla_IBS2,REJECTED_PHYSICAL,XY,z,-0.0625,x,0.0625,y,-0.5625,0.1,0.270585061438522,0.170585061438522,0.1,2.3000000000000003
2009,1.0,20dB_nominal_difference,real,vanilla_IBS2,REJECTED_PHYSICAL,XY,z,-0.0625,x,0.1875,y,-0.5625,0.1,0.2560578325122025,0.15605783251220248,0.1,2.3000000000000003
2009,1.0,20dB_nominal_difference,real,vanilla_IBS2,REJECTED_PHYSICAL,XY,z,-0.0625,x,0.3125,y,-0.5625,0.1,0.2240327814542738,0.1240327814542738,0.1,2.3000000000000003
2009,1.0,20dB_nominal_difference,real,vanilla_IBS2,REJECTED_PHYSICAL,XY,z,-0.0625,x,0.4375,y,-0.5625,0.1,0.17506053454721354,0.07506053454721354,0.1,2.3000000000000003
2009,1.0,20dB_nominal_difference,real,vanilla_IBS2,REJECTED_PHYSICAL,XY,z,-0.0625,x,0.5625,y,-0.5625,0.1,0.11020968105051335,0.010209681050513342,0.1,2.3000000000000003
2009,1.0,20dB_nominal_difference,real,vanilla_IBS2,REJECTED_PHYSICAL,XY,z,-0.0625,x,0.6875,y,-0.5625,0.1,0.027134438040651673,-0.07286556195934833,0.1,2.3000000000000003
2009,1.0,20dB_nominal_difference,real,vanilla_IBS2,REJECTED_PHYSICAL,XY,z,-0.0625,x,-0.6875,y,-0.4375,0.1,0.0782099875574285,-0.021790012442571505,0.1,2.3000000000000003
2009,1.0,20dB_nominal_difference,real,vanilla_IBS2,REJECTED_PHYSICAL,XY,z,-0.0625,x,-0.5625,y,-0.4375,0.1,0.17039943790748563,0.07039943790748562,0.1,2.3000000000000003
2009,1.0,20dB_nominal_difference,real,vanilla_IBS2,REJECTED_PHYSICAL,XY,z,-0.0625,x,-0.4375,y,-0.4375,0.1,0.25140541272793004,0.15140541272793004,0.1,2.3000000000000003
2009,1.0,20dB_nominal_difference,real,vanilla_IBS2,REJECTED_PHYSICAL,XY,z,-0.0625,x,-0.3125,y,-0.4375,0.1,0.3205938257398777,0.2205938257398777,0.1,2.3000000000000003
2009,1.0,20dB_nominal_difference,real,vanilla_IBS2,REJECTED_PHYSICAL,XY,z,-0.0625,x,-0.1875,y,-0.4375,0.1,0.37238827307976585,0.2723882730797659,0.1,2.3000000000000003
2009,1.0,20dB_nominal_difference,real,vanilla_IBS2,REJECTED_PHYSICAL,XY,z,-0.0625,x,-0.0625,y,-0.4375,0.1,0.4023899191142465,0.3023899191142465,0.1,2.3000000000000003
2009,1.0,20dB_nominal_difference,real,vanilla_IBS2,REJECTED_PHYSICAL,XY,z,-0.0625,x,0.0625,y,-0.4375,0.1,0.4078380574662246,0.3078380574662246,0.1,2.3000000000000003
2009,1.0,20dB_nominal_difference,real,vanilla_IBS2,REJECTED_PHYSICAL,XY,z,-0.0625,x,0.1875,y,-0.4375,0.1,0.3878762749165219,0.2878762749165219,0.1,2.3000000000000003
2009,1.0,20dB_nominal_difference,real,vanilla_IBS2,REJECTED_PHYSICAL,XY,z,-0.0625,x,0.3125,y,-0.4375,0.1,0.34358967463484846,0.24358967463484846,0.1,2.3000000000000003
2009,1.0,20dB_nominal_difference,real,vanilla_IBS2,REJECTED_PHYSICAL,XY,z,-0.0625,x,0.4375,y,-0.4375,0.1,0.2779263812934559,0.17792638129345592,0.1,2.3000000000000003
2009,1.0,20dB_nominal_difference,real,vanilla_IBS2,REJECTED_PHYSICAL,XY,z,-0.0625,x,0.5625,y,-0.4375,0.1,0.1958140301528571,0.09581403015285708,0.1,2.3000000000000003
2009,1.0,20dB_nominal_difference,real,vanilla_IBS2,REJECTED_PHYSICAL,XY,z,-0.0625,x,0.6875,y,-0.4375,0.1,0.09940663353535586,-0.0005933664646441406,0.1,2.3000000000000003
2009,1.0,20dB_nominal_difference,real,vanilla_IBS2,REJECTED_PHYSICAL,XY,z,-0.0625,x,-0.6875,y,-0.3125,0.1,0.08759723568028455,-0.012402764319715459,0.1,2.3000000000000003
2009,1.0,20dB_nominal_difference,real,vanilla_IBS2,REJECTED_PHYSICAL,XY,z,-0.0625,x,-0.5625,y,-0.3125,0.1,0.20228474207959746,0.10228474207959745,0.1,2.3000000000000003
2009,1.0,20dB_nominal_difference,real,vanilla_IBS2,REJECTED_PHYSICAL,XY,z,-0.0625,x,-0.4375,y,-0.3125,0.1,0.3053450503507719,0.2053450503507719,0.1,2.3000000000000003
2009,1.0,20dB_nominal_difference,real,vanilla_IBS2,REJECTED_PHYSICAL,XY,z,-0.0625,x,-0.3125,y,-0.3125,0.1,0.3944328818595618,0.29443288185956185,0.1,2.3000000000000003
2009,1.0,20dB_nominal_difference,real,vanilla_IBS2,REJECTED_PHYSICAL,XY,z,-0.0625,x,-0.1875,y,-0.3125,0.9,0.46161873215189364,-0.4383812678481064,0.1,2.3000000000000003
2009,1.0,20dB_nominal_difference,real,vanilla_IBS2,REJECTED_PHYSICAL,XY,z,-0.0625,x,-0.0625,y,-0.3125,0.9,0.5011425513309858,-0.3988574486690142,0.1,2.3000000000000003
2009,1.0,20dB_nominal_difference,real,vanilla_IBS2,REJECTED_PHYSICAL,XY,z,-0.0625,x,0.0625,y,-0.3125,1.6,0.509781203705316,-1.090218796294684,0.1,2.3000000000000003
2009,1.0,20dB_nominal_difference,real,vanilla_IBS2,REJECTED_PHYSICAL,XY,z,-0.0625,x,0.1875,y,-0.3125,0.9,0.4870757915856083,-0.4129242084143917,0.1,2.3000000000000003
2009,1.0,20dB_nominal_difference,real,vanilla_IBS2,REJECTED_PHYSICAL,XY,z,-0.0625,x,0.3125,y,-0.3125,0.1,0.43535177181602003,0.33535177181602005,0.1,2.3000000000000003
2009,1.0,20dB_nominal_difference,real,vanilla_IBS2,REJECTED_PHYSICAL,XY,z,-0.0625,x,0.4375,y,-0.3125,0.1,0.35959560762197895,0.259595607621979,0.1,2.3000000000000003
2009,1.0,20dB_nominal_difference,real,vanilla_IBS2,REJECTED_PHYSICAL,XY,z,-0.0625,x,0.5625,y,-0.3125,0.1,0.2673359646795821,0.1673359646795821,0.1,2.3000000000000003
2009,1.0,20dB_nominal_difference,real,vanilla_IBS2,REJECTED_PHYSICAL,XY,z,-0.0625,x,0.6875,y,-0.3125,0.1,0.16194970304247852,0.061949703042478516,0.1,2.3000000000000003
2009,1.0,20dB_nominal_difference,real,vanilla_IBS2,REJECTED_PHYSICAL,XY,z,-0.0625,x,-0.6875,y,-0.1875,0.1,0.0895530400617648,-0.010446959938235204,0.1,2.3000000000000003
2009,1.0,20dB_nominal_difference,real,vanilla_IBS2,REJECTED_PHYSICAL,XY,z,-0.0625,x,-0.5625,y,-0.1875,0.1,0.21831621196199505,0.11831621196199504,0.1,2.3000000000000003
2009,1.0,20dB_nominal_difference,real,vanilla_IBS2,REJECTED_PHYSICAL,XY,z,-0.0625,x,-0.4375,y,-0.1875,0.1,0.3345187027404001,0.23451870274040007,0.1,2.3000000000000003
2009,1.0,20dB_nominal_difference,real,vanilla_IBS2,REJECTED_PHYSICAL,XY,z,-0.0625,x,-0.3125,y,-0.1875,0.9,0.43567433035519554,-0.4643256696448045,0.1,2.3000000000000003
2009,1.0,20dB_nominal_difference,real,vanilla_IBS2,REJECTED_PHYSICAL,XY,z,-0.0625,x,-0.1875,y,-0.1875,1.6,0.5125489117134542,-1.0874510882865458,0.1,2.3000000000000003
2009,1.0,20dB_nominal_difference,real,vanilla_IBS2,REJECTED_PHYSICAL,XY,z,-0.0625,x,-0.0625,y,-0.1875,1.6,0.5585057296141774,-1.0414942703858228,0.1,2.3000000000000003
2009,1.0,20dB_nominal_difference,real,vanilla_IBS2,REJECTED_PHYSICAL,XY,z,-0.0625,x,0.0625,y,-0.1875,2.3000000000000003,0.5700070919384869,-1.7299929080615133,0.1,2.3000000000000003
2009,1.0,20dB_nominal_difference,real,vanilla_IBS2,REJECTED_PHYSICAL,XY,z,-0.0625,x,0.1875,y,-0.1875,2.3000000000000003,0.546874717300828,-1.7531252826991723,0.1,2.3000000000000003
2009,1.0,20dB_nominal_difference,real,vanilla_IBS2,REJECTED_PHYSICAL,XY,z,-0.0625,x,0.3125,y,-0.1875,1.6,0.4922923357715113,-1.1077076642284887,0.1,2.3000000000000003
2009,1.0,20dB_nominal_difference,real,vanilla_IBS2,REJECTED_PHYSICAL,XY,z,-0.0625,x,0.4375,y,-0.1875,0.1,0.4125673551630875,0.31256735516308753,0.1,2.3000000000000003
2009,1.0,20dB_nominal_difference,real,vanilla_IBS2,REJECTED_PHYSICAL,XY,z,-0.0625,x,0.5625,y,-0.1875,0.1,0.31667692766416167,0.21667692766416166,0.1,2.3000000000000003
2009,1.0,20dB_nominal_difference,real,vanilla_IBS2,REJECTED_PHYSICAL,XY,z,-0.0625,x,0.6875,y,-0.1875,0.1,0.20836661523021408,0.10836661523021407,0.1,2.3000000000000003
2009,1.0,20dB_nominal_difference,real,vanilla_IBS2,REJECTED_PHYSICAL,XY,z,-0.0625,x,-0.6875,y,-0.0625,0.1,0.08574963719978058,-0.014250362800219421,0.1,2.3000000000000003
2009,1.0,20dB_nominal_difference,real,vanilla_IBS2,REJECTED_PHYSICAL,XY,z,-0.0625,x,-0.5625,y,-0.0625,0.1,0.21920834461977978,0.11920834461977978,0.1,2.3000000000000003
2009,1.0,20dB_nominal_difference,real,vanilla_IBS2,REJECTED_PHYSICAL,XY,z,-0.0625,x,-0.4375,y,-0.0625,0.1,0.3392074878958217,0.23920748789582172,0.1,2.3000000000000003
2009,1.0,20dB_nominal_difference,real,vanilla_IBS2,REJECTED_PHYSICAL,XY,z,-0.0625,x,-0.3125,y,-0.0625,0.9,0.4440576347461864,-0.4559423652538136,0.1,2.3000000000000003
2009,1.0,20dB_nominal_difference,real,vanilla_IBS2,REJECTED_PHYSICAL,XY,z,-0.0625,x,-0.1875,y,-0.0625,1.6,0.5242423082350076,-1.0757576917649925,0.1,2.3000000000000003
2009,1.0,20dB_nominal_difference,real,vanilla_IBS2,REJECTED_PHYSICAL,XY,z,-0.0625,x,-0.0625,y,-0.0625,1.6,0.5728664205150519,-1.027133579484948,0.1,2.3000000000000003
2009,1.0,20dB_nominal_difference,real,vanilla_IBS2,REJECTED_PHYSICAL,XY,z,-0.0625,x,0.0625,y,-0.0625,2.3000000000000003,0.5862984260775174,-1.7137015739224828,0.1,2.3000000000000003
2009,1.0,20dB_nominal_difference,real,vanilla_IBS2,REJECTED_PHYSICAL,XY,z,-0.0625,x,0.1875,y,-0.0625,2.3000000000000003,0.5645039376080476,-1.7354960623919526,0.1,2.3000000000000003
2009,1.0,20dB_nominal_difference,real,vanilla_IBS2,REJECTED_PHYSICAL,XY,z,-0.0625,x,0.3125,y,-0.0625,2.3000000000000003,0.51106492752551,-1.7889350724744904,0.1,2.3000000000000003
2009,1.0,20dB_nominal_difference,real,vanilla_IBS2,REJECTED_PHYSICAL,XY,z,-0.0625,x,0.4375,y,-0.0625,0.9,0.43287389423381006,-0.46712610576618996,0.1,2.3000000000000003
2009,1.0,20dB_nominal_difference,real,vanilla_IBS2,REJECTED_PHYSICAL,XY,z,-0.0625,x,0.5625,y,-0.0625,0.1,0.3394907944444633,0.23949079444446328,0.1,2.3000000000000003
2009,1.0,20dB_nominal_difference,real,vanilla_IBS2,REJECTED_PHYSICAL,XY,z,-0.0625,x,0.6875,y,-0.0625,0.1,0.23470643007839323,0.13470643007839322,0.1,2.3000000000000003
2009,1.0,20dB_nominal_difference,real,vanilla_IBS2,REJECTED_PHYSICAL,XY,z,-0.0625,x,-0.6875,y,0.0625,0.1,0.07826540747156982,-0.021734592528430186,0.1,2.3000000000000003
2009,1.0,20dB_nominal_difference,real,vanilla_IBS2,REJECTED_PHYSICAL,XY,z,-0.0625,x,-0.5625,y,0.0625,0.1,0.20682809965431043,0.10682809965431042,0.1,2.3000000000000003
2009,1.0,20dB_nominal_difference,real,vanilla_IBS2,REJECTED_PHYSICAL,XY,z,-0.0625,x,-0.4375,y,0.0625,0.1,0.32142417299087045,0.22142417299087044,0.1,2.3000000000000003
2009,1.0,20dB_nominal_difference,real,vanilla_IBS2,REJECTED_PHYSICAL,XY,z,-0.0625,x,-0.3125,y,0.0625,0.9,0.42174418370786537,-0.47825581629213465,0.1,2.3000000000000003
2009,1.0,20dB_nominal_difference,real,vanilla_IBS2,REJECTED_PHYSICAL,XY,z,-0.0625,x,-0.1875,y,0.0625,0.9,0.49886942522551314,-0.4011305747744869,0.1,2.3000000000000003
2009,1.0,20dB_nominal_difference,real,vanilla_IBS2,REJECTED_PHYSICAL,XY,z,-0.0625,x,-0.0625,y,0.0625,1.6,0.5462321084651286,-1.0537678915348714,0.1,2.3000000000000003
2009,1.0,20dB_nominal_difference,real,vanilla_IBS2,REJECTED_PHYSICAL,XY,z,-0.0625,x,0.0625,y,0.0625,1.6,0.560325481070475,-1.0396745189295251,0.1,2.3000000000000003
2009,1.0,20dB_nominal_difference,real,vanilla_IBS2,REJECTED_PHYSICAL,XY,z,-0.0625,x,0.1875,y,0.0625,2.3000000000000003,0.5411165497441677,-1.7588834502558326,0.1,2.3000000000000003
2009,1.0,20dB_nominal_difference,real,vanilla_IBS2,REJECTED_PHYSICAL,XY,z,-0.0625,x,0.3125,y,0.0625,1.6,0.4921295714299331,-1.1078704285700671,0.1,2.3000000000000003
2009,1.0,20dB_nominal_difference,real,vanilla_IBS2,REJECTED_PHYSICAL,XY,z,-0.0625,x,0.4375,y,0.0625,0.9,0.4201673245246559,-0.47983267547534414,0.1,2.3000000000000003
2009,1.0,20dB_nominal_difference,real,vanilla_IBS2,REJECTED_PHYSICAL,XY,z,-0.0625,x,0.5625,y,0.0625,0.1,0.3346509116118621,0.2346509116118621,0.1,2.3000000000000003
2009,1.0,20dB_nominal_difference,real,vanilla_IBS2,REJECTED_PHYSICAL,XY,z,-0.0625,x,0.6875,y,0.0625,0.1,0.23920193530760925,0.13920193530760924,0.1,2.3000000000000003
2009,1.0,20dB_nominal_difference,real,vanilla_IBS2,REJECTED_PHYSICAL,XY,z,-0.0625,x,-0.6875,y,0.1875,0.1,0.06857563153820849,-0.031424368461791516,0.1,2.3000000000000003
2009,1.0,20dB_nominal_difference,real,vanilla_IBS2,REJECTED_PHYSICAL,XY,z,-0.0625,x,-0.5625,y,0.1875,0.1,0.18336283566755268,0.08336283566755268,0.1,2.3000000000000003
2009,1.0,20dB_nominal_difference,real,vanilla_IBS2,REJECTED_PHYSICAL,XY,z,-0.0625,x,-0.4375,y,0.1875,0.1,0.2842785134072996,0.1842785134072996,0.1,2.3000000000000003
2009,1.0,20dB_nominal_difference,real,vanilla_IBS2,REJECTED_PHYSICAL,XY,z,-0.0625,x,-0.3125,y,0.1875,0.1,0.372713506976487,0.272713506976487,0.1,2.3000000000000003
2009,1.0,20dB_nominal_difference,real,vanilla_IBS2,REJECTED_PHYSICAL,XY,z,-0.0625,x,-0.1875,y,0.1875,0.9,0.44107781961930603,-0.458922180380694,0.1,2.3000000000000003
2009,1.0,20dB_nominal_difference,real,vanilla_IBS2,REJECTED_PHYSICAL,XY,z,-0.0625,x,-0.0625,y,0.1875,0.9,0.48361471196024164,-0.4163852880397584,0.1,2.3000000000000003
2009,1.0,20dB_nominal_difference,real,vanilla_IBS2,REJECTED_PHYSICAL,XY,z,-0.0625,x,0.0625,y,0.1875,1.6,0.49710541149668874,-1.1028945885033115,0.1,2.3000000000000003
2009,1.0,20dB_nominal_difference,real,vanilla_IBS2,REJECTED_PHYSICAL,XY,z,-0.0625,x,0.1875,y,0.1875,1.6,0.4813668774579405,-1.1186331225420596,0.1,2.3000000000000003
2009,1.0,20dB_nominal_difference,real,vanilla_IBS2,REJECTED_PHYSICAL,XY,z,-0.0625,x,0.3125,y,0.1875,0.9,0.4394447919608251,-0.46055520803917493,0.1,2.3000000000000003
2009,1.0,20dB_nominal_difference,real,vanilla_IBS2,REJECTED_PHYSICAL,XY,z,-0.0625,x,0.4375,y,0.1875,0.1,0.3774444585667085,0.2774444585667085,0.1,2.3000000000000003
2009,1.0,20dB_nominal_difference,real,vanilla_IBS2,REJECTED_PHYSICAL,XY,z,-0.0625,x,0.5625,y,0.1875,0.1,0.30399861585841514,0.20399861585841514,0.1,2.3000000000000003
2009,1.0,20dB_nominal_difference,real,vanilla_IBS2,REJECTED_PHYSICAL,XY,z,-0.0625,x,0.6875,y,0.1875,0.1,0.2223912701314258,0.12239127013142578,0.1,2.3000000000000003
2009,1.0,20dB_nominal_difference,real,vanilla_IBS2,REJECTED_PHYSICAL,XY,z,-0.0625,x,-0.6875,y,0.3125,0.1,0.05706056797651099,-0.042939432023489016,0.1,2.3000000000000003
2009,1.0,20dB_nominal_difference,real,vanilla_IBS2,REJECTED_PHYSICAL,XY,z,-0.0625,x,-0.5625,y,0.3125,0.1,0.15083950905908755,0.050839509059087545,0.1,2.3000000000000003
2009,1.0,20dB_nominal_difference,real,vanilla_IBS2,REJECTED_PHYSICAL,XY,z,-0.0625,x,-0.4375,y,0.3125,0.1,0.23143363659839622,0.13143363659839621,0.1,2.3000000000000003
2009,1.0,20dB_nominal_difference,real,vanilla_IBS2,REJECTED_PHYSICAL,XY,z,-0.0625,x,-0.3125,y,0.3125,0.1,0.30213417004636567,0.20213417004636566,0.1,2.3000000000000003
2009,1.0,20dB_nominal_difference,real,vanilla_IBS2,REJECTED_PHYSICAL,XY,z,-0.0625,x,-0.1875,y,0.3125,0.1,0.35729502522795287,0.2572950252279529,0.1,2.3000000000000003
2009,1.0,20dB_nominal_difference,real,vanilla_IBS2,REJECTED_PHYSICAL,XY,z,-0.0625,x,-0.0625,y,0.3125,0.1,0.39230291565014286,0.2923029156501429,0.1,2.3000000000000003
2009,1.0,20dB_nominal_difference,real,vanilla_IBS2,REJECTED_PHYSICAL,XY,z,-0.0625,x,0.0625,y,0.3125,0.1,0.4042851342582021,0.30428513425820214,0.1,2.3000000000000003
2009,1.0,20dB_nominal_difference,real,vanilla_IBS2,REJECTED_PHYSICAL,XY,z,-0.0625,x,0.1875,y,0.3125,0.1,0.3927415175354587,0.29274151753545874,0.1,2.3000000000000003
2009,1.0,20dB_nominal_difference,real,vanilla_IBS2,REJECTED_PHYSICAL,XY,z,-0.0625,x,0.3125,y,0.3125,0.1,0.3598820903973201,0.25988209039732013,0.1,2.3000000000000003
2009,1.0,20dB_nominal_difference,real,vanilla_IBS2,REJECTED_PHYSICAL,XY,z,-0.0625,x,0.4375,y,0.3125,0.1,0.3105916538955301,0.2105916538955301,0.1,2.3000000000000003
2009,1.0,20dB_nominal_difference,real,vanilla_IBS2,REJECTED_PHYSICAL,XY,z,-0.0625,x,0.5625,y,0.3125,0.1,0.2520929054524892,0.15209290545248919,0.1,2.3000000000000003
2009,1.0,20dB_nominal_difference,real,vanilla_IBS2,REJECTED_PHYSICAL,XY,z,-0.0625,x,0.6875,y,0.3125,0.1,0.18714244525082618,0.08714244525082618,0.1,2.3000000000000003
2009,1.0,20dB_nominal_difference,real,vanilla_IBS2,REJECTED_PHYSICAL,XY,z,-0.0625,x,-0.6875,y,0.4375,0.1,0.04324863521814432,-0.05675136478185568,0.1,2.3000000000000003
2009,1.0,20dB_nominal_difference,real,vanilla_IBS2,REJECTED_PHYSICAL,XY,z,-0.0625,x,-0.5625,y,0.4375,0.1,0.1111725042840835,0.011172504284083493,0.1,2.3000000000000003
2009,1.0,20dB_nominal_difference,real,vanilla_IBS2,REJECTED_PHYSICAL,XY,z,-0.0625,x,-0.4375,y,0.4375,0.1,0.1667666237694808,0.06676662376948078,0.1,2.3000000000000003
2009,1.0,20dB_nominal_difference,real,vanilla_IBS2,REJECTED_PHYSICAL,XY,z,-0.0625,x,-0.3125,y,0.4375,0.1,0.21579673644376002,0.11579673644376001,0.1,2.3000000000000003
2009,1.0,20dB_nominal_difference,real,vanilla_IBS2,REJECTED_PHYSICAL,XY,z,-0.0625,x,-0.1875,y,0.4375,0.1,0.25505785922567925,0.15505785922567925,0.1,2.3000000000000003
2009,1.0,20dB_nominal_difference,real,vanilla_IBS2,REJECTED_PHYSICAL,XY,z,-0.0625,x,-0.0625,y,0.4375,0.1,0.2811287364799407,0.18112873647994068,0.1,2.3000000000000003
2009,1.0,20dB_nominal_difference,real,vanilla_IBS2,REJECTED_PHYSICAL,XY,z,-0.0625,x,0.0625,y,0.4375,0.1,0.2913611318409841,0.1913611318409841,0.1,2.3000000000000003
2009,1.0,20dB_nominal_difference,real,vanilla_IBS2,REJECTED_PHYSICAL,XY,z,-0.0625,x,0.1875,y,0.4375,0.1,0.28475336016938835,0.18475336016938834,0.1,2.3000000000000003
2009,1.0,20dB_nominal_difference,real,vanilla_IBS2,REJECTED_PHYSICAL,XY,z,-0.0625,x,0.3125,y,0.4375,0.1,0.2624465708487908,0.1624465708487908,0.1,2.3000000000000003
2009,1.0,20dB_nominal_difference,real,vanilla_IBS2,REJECTED_PHYSICAL,XY,z,-0.0625,x,0.4375,y,0.4375,0.1,0.22776067910231687,0.12776067910231687,0.1,2.3000000000000003
2009,1.0,20dB_nominal_difference,real,vanilla_IBS2,REJECTED_PHYSICAL,XY,z,-0.0625,x,0.5625,y,0.4375,0.1,0.18589364191496302,0.08589364191496301,0.1,2.3000000000000003
2009,1.0,20dB_nominal_difference,real,vanilla_IBS2,REJECTED_PHYSICAL,XY,z,-0.0625,x,0.6875,y,0.4375,0.1,0.1385409732962941,0.038540973296294107,0.1,2.3000000000000003
2009,1.0,20dB_nominal_difference,real,vanilla_IBS2,REJECTED_PHYSICAL,XY,z,-0.0625,x,-0.6875,y,0.5625,0.1,0.027546485171077856,-0.07245351482892215,0.1,2.3000000000000003
2009,1.0,20dB_nominal_difference,real,vanilla_IBS2,REJECTED_PHYSICAL,XY,z,-0.0625,x,-0.5625,y,0.5625,0.1,0.06670871118141178,-0.03329128881858823,0.1,2.3000000000000003
2009,1.0,20dB_nominal_difference,real,vanilla_IBS2,REJECTED_PHYSICAL,XY,z,-0.0625,x,-0.4375,y,0.5625,0.1,0.0939710867630178,-0.0060289132369822085,0.1,2.3000000000000003
2009,1.0,20dB_nominal_difference,real,vanilla_IBS2,REJECTED_PHYSICAL,XY,z,-0.0625,x,-0.3125,y,0.5625,0.1,0.11956353609985568,0.019563536099855672,0.1,2.3000000000000003
2009,1.0,20dB_nominal_difference,real,vanilla_IBS2,REJECTED_PHYSICAL,XY,z,-0.0625,x,-0.1875,y,0.5625,0.1,0.1424515956378113,0.042451595637811285,0.1,2.3000000000000003
2009,1.0,20dB_nominal_difference,real,vanilla_IBS2,REJECTED_PHYSICAL,XY,z,-0.0625,x,-0.0625,y,0.5625,0.1,0.15984832855570824,0.059848328555708236,0.1,2.3000000000000003
2009,1.0,20dB_nominal_difference,real,vanilla_IBS2,REJECTED_PHYSICAL,XY,z,-0.0625,x,0.0625,y,0.5625,0.1,0.16896676166019764,0.06896676166019763,0.1,2.3000000000000003
2009,1.0,20dB_nominal_difference,real,vanilla_IBS2,REJECTED_PHYSICAL,XY,z,-0.0625,x,0.1875,y,0.5625,0.1,0.16811949926628716,0.06811949926628716,0.1,2.3000000000000003
2009,1.0,20dB_nominal_difference,real,vanilla_IBS2,REJECTED_PHYSICAL,XY,z,-0.0625,x,0.3125,y,0.5625,0.1,0.15734342582163655,0.05734342582163654,0.1,2.3000000000000003
2009,1.0,20dB_nominal_difference,real,vanilla_IBS2,REJECTED_PHYSICAL,XY,z,-0.0625,x,0.4375,y,0.5625,0.1,0.13846191618326317,0.03846191618326317,0.1,2.3000000000000003
2009,1.0,20dB_nominal_difference,real,vanilla_IBS2,REJECTED_PHYSICAL,XY,z,-0.0625,x,0.5625,y,0.5625,0.1,0.1143916732903029,0.0143916732903029,0.1,2.3000000000000003
2009,1.0,20dB_nominal_difference,real,vanilla_IBS2,REJECTED_PHYSICAL,XY,z,-0.0625,x,0.6875,y,0.5625,0.1,0.08394564595256071,-0.016054354047439295,0.1,2.3000000000000003
2009,1.0,20dB_nominal_difference,real,vanilla_IBS2,REJECTED_PHYSICAL,XY,z,-0.0625,x,-0.6875,y,0.6875,0.1,0.02400762118075289,-0.07599237881924711,0.1,2.3000000000000003
2009,1.0,20dB_nominal_difference,real,vanilla_IBS2,REJECTED_PHYSICAL,XY,z,-0.0625,x,-0.5625,y,0.6875,0.1,0.02463369135087526,-0.07536630864912475,0.1,2.3000000000000003
2009,1.0,20dB_nominal_difference,real,vanilla_IBS2,REJECTED_PHYSICAL,XY,z,-0.0625,x,-0.4375,y,0.6875,0.1,0.0215734287566791,-0.0784265712433209,0.1,2.3000000000000003
2009,1.0,20dB_nominal_difference,real,vanilla_IBS2,REJECTED_PHYSICAL,XY,z,-0.0625,x,-0.3125,y,0.6875,0.1,0.025673609700560318,-0.07432639029943969,0.1,2.3000000000000003
2009,1.0,20dB_nominal_difference,real,vanilla_IBS2,REJECTED_PHYSICAL,XY,z,-0.0625,x,-0.1875,y,0.6875,0.1,0.034859565169671494,-0.06514043483032851,0.1,2.3000000000000003
2009,1.0,20dB_nominal_difference,real,vanilla_IBS2,REJECTED_PHYSICAL,XY,z,-0.0625,x,-0.0625,y,0.6875,0.1,0.04581353787176162,-0.05418646212823838,0.1,2.3000000000000003
2009,1.0,20dB_nominal_difference,real,vanilla_IBS2,REJECTED_PHYSICAL,XY,z,-0.0625,x,0.0625,y,0.6875,0.1,0.05519334341292051,-0.044806656587079496,0.1,2.3000000000000003
2009,1.0,20dB_nominal_difference,real,vanilla_IBS2,REJECTED_PHYSICAL,XY,z,-0.0625,x,0.1875,y,0.6875,0.1,0.06053498088381604,-0.03946501911618396,0.1,2.3000000000000003
2009,1.0,20dB_nominal_difference,real,vanilla_IBS2,REJECTED_PHYSICAL,XY,z,-0.0625,x,0.3125,y,0.6875,0.1,0.06093335785460794,-0.039066642145392065,0.1,2.3000000000000003
2009,1.0,20dB_nominal_difference,real,vanilla_IBS2,REJECTED_PHYSICAL,XY,z,-0.0625,x,0.4375,y,0.6875,0.1,0.057312577819776465,-0.04268742218022354,0.1,2.3000000000000003
2009,1.0,20dB_nominal_difference,real,vanilla_IBS2,REJECTED_PHYSICAL,XY,z,-0.0625,x,0.5625,y,0.6875,0.1,0.051862215067622966,-0.04813778493237704,0.1,2.3000000000000003
2009,1.0,20dB_nominal_difference,real,vanilla_IBS2,REJECTED_PHYSICAL,XY,z,-0.0625,x,0.6875,y,0.6875,0.1,0.0398312521878158,-0.0601687478121842,0.1,2.3000000000000003
2009,1.0,20dB_nominal_difference,real,vanilla_IBS2,REJECTED_PHYSICAL,XZ,y,-0.0625,x,-0.6875,z,-0.6875,0.1,-0.015000076456952699,-0.1150000764569527,0.1,2.3000000000000003
2009,1.0,20dB_nominal_difference,real,vanilla_IBS2,REJECTED_PHYSICAL,XZ,y,-0.0625,x,-0.5625,z,-0.6875,0.1,0.004356403513332788,-0.09564359648666722,0.1,2.3000000000000003
2009,1.0,20dB_nominal_difference,real,vanilla_IBS2,REJECTED_PHYSICAL,XZ,y,-0.0625,x,-0.4375,z,-0.6875,0.1,0.032810169848902435,-0.06718983015109757,0.1,2.3000000000000003
2009,1.0,20dB_nominal_difference,real,vanilla_IBS2,REJECTED_PHYSICAL,XZ,y,-0.0625,x,-0.3125,z,-0.6875,0.1,0.06544244002657582,-0.03455755997342419,0.1,2.3000000000000003
2009,1.0,20dB_nominal_difference,real,vanilla_IBS2,REJECTED_PHYSICAL,XZ,y,-0.0625,x,-0.1875,z,-0.6875,0.1,0.09468078143329252,-0.005319218566707487,0.1,2.3000000000000003
2009,1.0,20dB_nominal_difference,real,vanilla_IBS2,REJECTED_PHYSICAL,XZ,y,-0.0625,x,-0.0625,z,-0.6875,0.1,0.11471717560448164,0.01471717560448163,0.1,2.3000000000000003
2009,1.0,20dB_nominal_difference,real,vanilla_IBS2,REJECTED_PHYSICAL,XZ,y,-0.0625,x,0.0625,z,-0.6875,0.1,0.12201769871778706,0.022017698717787054,0.1,2.3000000000000003
2009,1.0,20dB_nominal_difference,real,vanilla_IBS2,REJECTED_PHYSICAL,XZ,y,-0.0625,x,0.1875,z,-0.6875,0.1,0.11584844205079772,0.015848442050797718,0.1,2.3000000000000003
2009,1.0,20dB_nominal_difference,real,vanilla_IBS2,REJECTED_PHYSICAL,XZ,y,-0.0625,x,0.3125,z,-0.6875,0.1,0.09856048761586521,-0.0014395123841347973,0.1,2.3000000000000003
2009,1.0,20dB_nominal_difference,real,vanilla_IBS2,REJECTED_PHYSICAL,XZ,y,-0.0625,x,0.4375,z,-0.6875,0.1,0.07554367254530245,-0.024456327454697557,0.1,2.3000000000000003
2009,1.0,20dB_nominal_difference,real,vanilla_IBS2,REJECTED_PHYSICAL,XZ,y,-0.0625,x,0.5625,z,-0.6875,0.1,0.054963827104677176,-0.04503617289532283,0.1,2.3000000000000003
2009,1.0,20dB_nominal_difference,real,vanilla_IBS2,REJECTED_PHYSICAL,XZ,y,-0.0625,x,0.6875,z,-0.6875,0.1,0.0472975731045546,-0.05270242689544541,0.1,2.3000000000000003
2009,1.0,20dB_nominal_difference,real,vanilla_IBS2,REJECTED_PHYSICAL,XZ,y,-0.0625,x,-0.6875,z,-0.5625,0.1,0.007664875048788114,-0.09233512495121189,0.1,2.3000000000000003
2009,1.0,20dB_nominal_difference,real,vanilla_IBS2,REJECTED_PHYSICAL,XZ,y,-0.0625,x,-0.5625,z,-0.5625,0.1,0.06416004679733142,-0.035839953202668584,0.1,2.3000000000000003
2009,1.0,20dB_nominal_difference,real,vanilla_IBS2,REJECTED_PHYSICAL,XZ,y,-0.0625,x,-0.4375,z,-0.5625,0.1,0.11758269145856938,0.017582691458569374,0.1,2.3000000000000003
2009,1.0,20dB_nominal_difference,real,vanilla_IBS2,REJECTED_PHYSICAL,XZ,y,-0.0625,x,-0.3125,z,-0.5625,0.1,0.1681944424923923,0.06819444249239229,0.1,2.3000000000000003
2009,1.0,20dB_nominal_difference,real,vanilla_IBS2,REJECTED_PHYSICAL,XZ,y,-0.0625,x,-0.1875,z,-0.5625,0.1,0.20956226724798654,0.10956226724798654,0.1,2.3000000000000003
2009,1.0,20dB_nominal_difference,real,vanilla_IBS2,REJECTED_PHYSICAL,XZ,y,-0.0625,x,-0.0625,z,-0.5625,0.1,0.2360751220532543,0.13607512205325428,0.1,2.3000000000000003
2009,1.0,20dB_nominal_difference,real,vanilla_IBS2,REJECTED_PHYSICAL,XZ,y,-0.0625,x,0.0625,z,-0.5625,0.1,0.24436882028646933,0.14436882028646933,0.1,2.3000000000000003
2009,1.0,20dB_nominal_difference,real,vanilla_IBS2,REJECTED_PHYSICAL,XZ,y,-0.0625,x,0.1875,z,-0.5625,0.1,0.2340850289716477,0.1340850289716477,0.1,2.3000000000000003
2009,1.0,20dB_nominal_difference,real,vanilla_IBS2,REJECTED_PHYSICAL,XZ,y,-0.0625,x,0.3125,z,-0.5625,0.1,0.20819414863417704,0.10819414863417703,0.1,2.3000000000000003
2009,1.0,20dB_nominal_difference,real,vanilla_IBS2,REJECTED_PHYSICAL,XZ,y,-0.0625,x,0.4375,z,-0.5625,0.1,0.17289576577899368,0.07289576577899368,0.1,2.3000000000000003
2009,1.0,20dB_nominal_difference,real,vanilla_IBS2,REJECTED_PHYSICAL,XZ,y,-0.0625,x,0.5625,z,-0.5625,0.1,0.13705697360274036,0.03705697360274035,0.1,2.3000000000000003
2009,1.0,20dB_nominal_difference,real,vanilla_IBS2,REJECTED_PHYSICAL,XZ,y,-0.0625,x,0.6875,z,-0.5625,0.1,0.10824817102448192,0.008248171024481915,0.1,2.3000000000000003
2009,1.0,20dB_nominal_difference,real,vanilla_IBS2,REJECTED_PHYSICAL,XZ,y,-0.0625,x,-0.6875,z,-0.4375,0.1,0.03334567666073887,-0.06665432333926113,0.1,2.3000000000000003
2009,1.0,20dB_nominal_difference,real,vanilla_IBS2,REJECTED_PHYSICAL,XZ,y,-0.0625,x,-0.5625,z,-0.4375,0.1,0.11790918636695313,0.017909186366953128,0.1,2.3000000000000003
2009,1.0,20dB_nominal_difference,real,vanilla_IBS2,REJECTED_PHYSICAL,XZ,y,-0.0625,x,-0.4375,z,-0.4375,0.1,0.1956783238764387,0.09567832387643868,0.1,2.3000000000000003
2009,1.0,20dB_nominal_difference,real,vanilla_IBS2,REJECTED_PHYSICAL,XZ,y,-0.0625,x,-0.3125,z,-0.4375,0.1,0.2655311668626835,0.16553116686268352,0.1,2.3000000000000003
2009,1.0,20dB_nominal_difference,real,vanilla_IBS2,REJECTED_PHYSICAL,XZ,y,-0.0625,x,-0.1875,z,-0.4375,0.1,0.32046269727422527,0.22046269727422527,0.1,2.3000000000000003
2009,1.0,20dB_nominal_difference,real,vanilla_IBS2,REJECTED_PHYSICAL,XZ,y,-0.0625,x,-0.0625,z,-0.4375,0.1,0.3547501996249791,0.25475019962497913,0.1,2.3000000000000003
2009,1.0,20dB_nominal_difference,real,vanilla_IBS2,REJECTED_PHYSICAL,XZ,y,-0.0625,x,0.0625,z,-0.4375,0.1,0.3651158916882671,0.2651158916882671,0.1,2.3000000000000003
2009,1.0,20dB_nominal_difference,real,vanilla_IBS2,REJECTED_PHYSICAL,XZ,y,-0.0625,x,0.1875,z,-0.4375,0.1,0.3514657119233262,0.25146571192332623,0.1,2.3000000000000003
2009,1.0,20dB_nominal_difference,real,vanilla_IBS2,REJECTED_PHYSICAL,XZ,y,-0.0625,x,0.3125,z,-0.4375,0.1,0.31717570721521904,0.21717570721521903,0.1,2.3000000000000003
2009,1.0,20dB_nominal_difference,real,vanilla_IBS2,REJECTED_PHYSICAL,XZ,y,-0.0625,x,0.4375,z,-0.4375,0.1,0.2688981694402548,0.1688981694402548,0.1,2.3000000000000003
2009,1.0,20dB_nominal_difference,real,vanilla_IBS2,REJECTED_PHYSICAL,XZ,y,-0.0625,x,0.5625,z,-0.4375,0.1,0.21579272424994905,0.11579272424994905,0.1,2.3000000000000003
2009,1.0,20dB_nominal_difference,real,vanilla_IBS2,REJECTED_PHYSICAL,XZ,y,-0.0625,x,0.6875,z,-0.4375,0.1,0.16396463098750616,0.06396463098750615,0.1,2.3000000000000003
2009,1.0,20dB_nominal_difference,real,vanilla_IBS2,REJECTED_PHYSICAL,XZ,y,-0.0625,x,-0.6875,z,-0.3125,0.1,0.055557073590853615,-0.04444292640914639,0.1,2.3000000000000003
2009,1.0,20dB_nominal_difference,real,vanilla_IBS2,REJECTED_PHYSICAL,XZ,y,-0.0625,x,-0.5625,z,-0.3125,0.1,0.1633509494030363,0.06335094940303629,0.1,2.3000000000000003
2009,1.0,20dB_nominal_difference,real,vanilla_IBS2,REJECTED_PHYSICAL,XZ,y,-0.0625,x,-0.4375,z,-0.3125,0.1,0.2615253849802241,0.1615253849802241,0.1,2.3000000000000003
2009,1.0,20dB_nominal_difference,real,vanilla_IBS2,REJECTED_PHYSICAL,XZ,y,-0.0625,x,-0.3125,z,-0.3125,0.1,0.3483246058529693,0.2483246058529693,0.1,2.3000000000000003
2009,1.0,20dB_nominal_difference,real,vanilla_IBS2,REJECTED_PHYSICAL,XZ,y,-0.0625,x,-0.1875,z,-0.3125,0.9,0.4156194072246506,-0.4843805927753494,0.1,2.3000000000000003
2009,1.0,20dB_nominal_difference,real,vanilla_IBS2,REJECTED_PHYSICAL,XZ,y,-0.0625,x,-0.0625,z,-0.3125,0.9,0.4572314040753064,-0.44276859592469364,0.1,2.3000000000000003
2009,1.0,20dB_nominal_difference,real,vanilla_IBS2,REJECTED_PHYSICAL,XZ,y,-0.0625,x,0.0625,z,-0.3125,0.9,0.4697770654711727,-0.4302229345288273,0.1,2.3000000000000003
2009,1.0,20dB_nominal_difference,real,vanilla_IBS2,REJECTED_PHYSICAL,XZ,y,-0.0625,x,0.1875,z,-0.3125,0.9,0.4532492410622593,-0.44675075893774074,0.1,2.3000000000000003
2009,1.0,20dB_nominal_difference,real,vanilla_IBS2,REJECTED_PHYSICAL,XZ,y,-0.0625,x,0.3125,z,-0.3125,0.1,0.41121629921435243,0.31121629921435245,0.1,2.3000000000000003
2009,1.0,20dB_nominal_difference,real,vanilla_IBS2,REJECTED_PHYSICAL,XZ,y,-0.0625,x,0.4375,z,-0.3125,0.1,0.3505759586384569,0.25057595863845694,0.1,2.3000000000000003
2009,1.0,20dB_nominal_difference,real,vanilla_IBS2,REJECTED_PHYSICAL,XZ,y,-0.0625,x,0.5625,z,-0.3125,0.1,0.2808016430736311,0.18080164307363109,0.1,2.3000000000000003
2009,1.0,20dB_nominal_difference,real,vanilla_IBS2,REJECTED_PHYSICAL,XZ,y,-0.0625,x,0.6875,z,-0.3125,0.1,0.20712128533464869,0.10712128533464868,0.1,2.3000000000000003
2009,1.0,20dB_nominal_difference,real,vanilla_IBS2,REJECTED_PHYSICAL,XZ,y,-0.0625,x,-0.6875,z,-0.1875,0.1,0.07289855227840772,-0.027101447721592287,0.1,2.3000000000000003
2009,1.0,20dB_nominal_difference,real,vanilla_IBS2,REJECTED_PHYSICAL,XZ,y,-0.0625,x,-0.5625,z,-0.1875,0.1,0.19763733834797195,0.09763733834797195,0.1,2.3000000000000003
2009,1.0,20dB_nominal_difference,real,vanilla_IBS2,REJECTED_PHYSICAL,XZ,y,-0.0625,x,-0.4375,z,-0.1875,0.1,0.3103932682375588,0.2103932682375588,0.1,2.3000000000000003
2009,1.0,20dB_nominal_difference,real,vanilla_IBS2,REJECTED_PHYSICAL,XZ,y,-0.0625,x,-0.3125,z,-0.1875,0.9,0.4093849152405128,-0.49061508475948723,0.1,2.3000000000000003
2009,1.0,20dB_nominal_difference,real,vanilla_IBS2,REJECTED_PHYSICAL,XZ,y,-0.0625,x,-0.1875,z,-0.1875,0.9,0.48558273462446955,-0.4144172653755305,0.1,2.3000000000000003
2009,1.0,20dB_nominal_difference,real,vanilla_IBS2,REJECTED_PHYSICAL,XZ,y,-0.0625,x,-0.0625,z,-0.1875,1.6,0.5323425006777626,-1.0676574993222374,0.1,2.3000000000000003
2009,1.0,20dB_nominal_difference,real,vanilla_IBS2,REJECTED_PHYSICAL,XZ,y,-0.0625,x,0.0625,z,-0.1875,1.6,0.5461122477441264,-1.0538877522558736,0.1,2.3000000000000003
2009,1.0,20dB_nominal_difference,real,vanilla_IBS2,REJECTED_PHYSICAL,XZ,y,-0.0625,x,0.1875,z,-0.1875,1.6,0.5268728059536254,-1.0731271940463747,0.1,2.3000000000000003
2009,1.0,20dB_nominal_difference,real,vanilla_IBS2,REJECTED_PHYSICAL,XZ,y,-0.0625,x,0.3125,z,-0.1875,1.6,0.478244098134721,-1.1217559018652792,0.1,2.3000000000000003
2009,1.0,20dB_nominal_difference,real,vanilla_IBS2,REJECTED_PHYSICAL,XZ,y,-0.0625,x,0.4375,z,-0.1875,0.1,0.4072114183083476,0.30721141830834764,0.1,2.3000000000000003
2009,1.0,20dB_nominal_difference,real,vanilla_IBS2,REJECTED_PHYSICAL,XZ,y,-0.0625,x,0.5625,z,-0.1875,0.1,0.3234362526569303,0.22343625265693032,0.1,2.3000000000000003
2009,1.0,20dB_nominal_difference,real,vanilla_IBS2,REJECTED_PHYSICAL,XZ,y,-0.0625,x,0.6875,z,-0.1875,0.1,0.2313907642281361,0.1313907642281361,0.1,2.3000000000000003
2009,1.0,20dB_nominal_difference,real,vanilla_IBS2,REJECTED_PHYSICAL,XZ,y,-0.0625,x,-0.6875,z,-0.0625,0.1,0.08574963719978058,-0.014250362800219421,0.1,2.3000000000000003
2009,1.0,20dB_nominal_difference,real,vanilla_IBS2,REJECTED_PHYSICAL,XZ,y,-0.0625,x,-0.5625,z,-0.0625,0.1,0.21920834461977978,0.11920834461977978,0.1,2.3000000000000003
2009,1.0,20dB_nominal_difference,real,vanilla_IBS2,REJECTED_PHYSICAL,XZ,y,-0.0625,x,-0.4375,z,-0.0625,0.1,0.3392074878958217,0.23920748789582172,0.1,2.3000000000000003
2009,1.0,20dB_nominal_difference,real,vanilla_IBS2,REJECTED_PHYSICAL,XZ,y,-0.0625,x,-0.3125,z,-0.0625,0.9,0.4440576347461864,-0.4559423652538136,0.1,2.3000000000000003
2009,1.0,20dB_nominal_difference,real,vanilla_IBS2,REJECTED_PHYSICAL,XZ,y,-0.0625,x,-0.1875,z,-0.0625,1.6,0.5242423082350076,-1.0757576917649925,0.1,2.3000000000000003
2009,1.0,20dB_nominal_difference,real,vanilla_IBS2,REJECTED_PHYSICAL,XZ,y,-0.0625,x,-0.0625,z,-0.0625,1.6,0.5728664205150519,-1.027133579484948,0.1,2.3000000000000003
2009,1.0,20dB_nominal_difference,real,vanilla_IBS2,REJECTED_PHYSICAL,XZ,y,-0.0625,x,0.0625,z,-0.0625,2.3000000000000003,0.5862984260775174,-1.7137015739224828,0.1,2.3000000000000003
2009,1.0,20dB_nominal_difference,real,vanilla_IBS2,REJECTED_PHYSICAL,XZ,y,-0.0625,x,0.1875,z,-0.0625,2.3000000000000003,0.5645039376080476,-1.7354960623919526,0.1,2.3000000000000003
2009,1.0,20dB_nominal_difference,real,vanilla_IBS2,REJECTED_PHYSICAL,XZ,y,-0.0625,x,0.3125,z,-0.0625,2.3000000000000003,0.51106492752551,-1.7889350724744904,0.1,2.3000000000000003
2009,1.0,20dB_nominal_difference,real,vanilla_IBS2,REJECTED_PHYSICAL,XZ,y,-0.0625,x,0.4375,z,-0.0625,0.9,0.43287389423381006,-0.46712610576618996,0.1,2.3000000000000003
2009,1.0,20dB_nominal_difference,real,vanilla_IBS2,REJECTED_PHYSICAL,XZ,y,-0.0625,x,0.5625,z,-0.0625,0.1,0.3394907944444633,0.23949079444446328,0.1,2.3000000000000003
2009,1.0,20dB_nominal_difference,real,vanilla_IBS2,REJECTED_PHYSICAL,XZ,y,-0.0625,x,0.6875,z,-0.0625,0.1,0.23470643007839323,0.13470643007839322,0.1,2.3000000000000003
2009,1.0,20dB_nominal_difference,real,vanilla_IBS2,REJECTED_PHYSICAL,XZ,y,-0.0625,x,-0.6875,z,0.0625,0.1,0.09431543074402472,-0.005684569255975283,0.1,2.3000000000000003
2009,1.0,20dB_nominal_difference,real,vanilla_IBS2,REJECTED_PHYSICAL,XZ,y,-0.0625,x,-0.5625,z,0.0625,0.1,0.2272273249369839,0.12722732493698388,0.1,2.3000000000000003
2009,1.0,20dB_nominal_difference,real,vanilla_IBS2,REJECTED_PHYSICAL,XZ,y,-0.0625,x,-0.4375,z,0.0625,0.1,0.346396011876597,0.24639601187659702,0.1,2.3000000000000003
2009,1.0,20dB_nominal_difference,real,vanilla_IBS2,REJECTED_PHYSICAL,XZ,y,-0.0625,x,-0.3125,z,0.0625,0.9,0.45007548480758164,-0.4499245151924184,0.1,2.3000000000000003
2009,1.0,20dB_nominal_difference,real,vanilla_IBS2,REJECTED_PHYSICAL,XZ,y,-0.0625,x,-0.1875,z,0.0625,1.6,0.5287128517328643,-1.0712871482671358,0.1,2.3000000000000003
2009,1.0,20dB_nominal_difference,real,vanilla_IBS2,REJECTED_PHYSICAL,XZ,y,-0.0625,x,-0.0625,z,0.0625,2.3000000000000003,0.5754863614756311,-1.7245136385243691,0.1,2.3000000000000003
2009,1.0,20dB_nominal_difference,real,vanilla_IBS2,REJECTED_PHYSICAL,XZ,y,-0.0625,x,0.0625,z,0.0625,2.3000000000000003,0.5868802092332481,-1.7131197907667521,0.1,2.3000000000000003
2009,1.0,20dB_nominal_difference,real,vanilla_IBS2,REJECTED_PHYSICAL,XZ,y,-0.0625,x,0.1875,z,0.0625,2.3000000000000003,0.5629223757806026,-1.7370776242193977,0.1,2.3000000000000003
2009,1.0,20dB_nominal_difference,real,vanilla_IBS2,REJECTED_PHYSICAL,XZ,y,-0.0625,x,0.3125,z,0.0625,2.3000000000000003,0.5071141442771183,-1.792885855722882,0.1,2.3000000000000003
2009,1.0,20dB_nominal_difference,real,vanilla_IBS2,REJECTED_PHYSICAL,XZ,y,-0.0625,x,0.4375,z,0.0625,0.9,0.4260671554678337,-0.47393284453216633,0.1,2.3000000000000003
2009,1.0,20dB_nominal_difference,real,vanilla_IBS2,REJECTED_PHYSICAL,XZ,y,-0.0625,x,0.5625,z,0.0625,0.1,0.3288654505163552,0.22886545051635518,0.1,2.3000000000000003
2009,1.0,20dB_nominal_difference,real,vanilla_IBS2,REJECTED_PHYSICAL,XZ,y,-0.0625,x,0.6875,z,0.0625,0.1,0.21871152413903933,0.11871152413903932,0.1,2.3000000000000003
2009,1.0,20dB_nominal_difference,real,vanilla_IBS2,REJECTED_PHYSICAL,XZ,y,-0.0625,x,-0.6875,z,0.1875,0.1,0.09758428843028785,-0.0024157115697121534,0.1,2.3000000000000003
2009,1.0,20dB_nominal_difference,real,vanilla_IBS2,REJECTED_PHYSICAL,XZ,y,-0.0625,x,-0.5625,z,0.1875,0.1,0.22092093827498221,0.12092093827498221,0.1,2.3000000000000003
2009,1.0,20dB_nominal_difference,real,vanilla_IBS2,REJECTED_PHYSICAL,XZ,y,-0.0625,x,-0.4375,z,0.1875,0.1,0.33146094860050074,0.23146094860050073,0.1,2.3000000000000003
2009,1.0,20dB_nominal_difference,real,vanilla_IBS2,REJECTED_PHYSICAL,XZ,y,-0.0625,x,-0.3125,z,0.1875,0.9,0.42716313915933457,-0.47283686084066545,0.1,2.3000000000000003
2009,1.0,20dB_nominal_difference,real,vanilla_IBS2,REJECTED_PHYSICAL,XZ,y,-0.0625,x,-0.1875,z,0.1875,0.9,0.49889961584283526,-0.40110038415716476,0.1,2.3000000000000003
2009,1.0,20dB_nominal_difference,real,vanilla_IBS2,REJECTED_PHYSICAL,XZ,y,-0.0625,x,-0.0625,z,0.1875,1.6,0.5402920293240644,-1.0597079706759356,0.1,2.3000000000000003
2009,1.0,20dB_nominal_difference,real,vanilla_IBS2,REJECTED_PHYSICAL,XZ,y,-0.0625,x,0.0625,z,0.1875,2.3000000000000003,0.5481903363886551,-1.7518096636113452,0.1,2.3000000000000003
2009,1.0,20dB_nominal_difference,real,vanilla_IBS2,REJECTED_PHYSICAL,XZ,y,-0.0625,x,0.1875,z,0.1875,2.3000000000000003,0.5228188544937447,-1.7771811455062556,0.1,2.3000000000000003
2009,1.0,20dB_nominal_difference,real,vanilla_IBS2,REJECTED_PHYSICAL,XZ,y,-0.0625,x,0.3125,z,0.1875,1.6,0.4676125648736674,-1.1323874351263328,0.1,2.3000000000000003
2009,1.0,20dB_nominal_difference,real,vanilla_IBS2,REJECTED_PHYSICAL,XZ,y,-0.0625,x,0.4375,z,0.1875,0.1,0.38876004428020383,0.28876004428020385,0.1,2.3000000000000003
2009,1.0,20dB_nominal_difference,real,vanilla_IBS2,REJECTED_PHYSICAL,XZ,y,-0.0625,x,0.5625,z,0.1875,0.1,0.29449599283788686,0.19449599283788685,0.1,2.3000000000000003
2009,1.0,20dB_nominal_difference,real,vanilla_IBS2,REJECTED_PHYSICAL,XZ,y,-0.0625,x,0.6875,z,0.1875,0.1,0.1874863917031958,0.0874863917031958,0.1,2.3000000000000003
2009,1.0,20dB_nominal_difference,real,vanilla_IBS2,REJECTED_PHYSICAL,XZ,y,-0.0625,x,-0.6875,z,0.3125,0.1,0.09310434171574639,-0.00689565828425362,0.1,2.3000000000000003
2009,1.0,20dB_nominal_difference,real,vanilla_IBS2,REJECTED_PHYSICAL,XZ,y,-0.0625,x,-0.5625,z,0.3125,0.1,0.19936805622687298,0.09936805622687298,0.1,2.3000000000000003
2009,1.0,20dB_nominal_difference,real,vanilla_IBS2,REJECTED_PHYSICAL,XZ,y,-0.0625,x,-0.4375,z,0.3125,0.1,0.29472184894521036,0.19472184894521036,0.1,2.3000000000000003
2009,1.0,20dB_nominal_difference,real,vanilla_IBS2,REJECTED_PHYSICAL,XZ,y,-0.0625,x,-0.3125,z,0.3125,0.1,0.37667857431062635,0.27667857431062637,0.1,2.3000000000000003
2009,1.0,20dB_nominal_difference,real,vanilla_IBS2,REJECTED_PHYSICAL,XZ,y,-0.0625,x,-0.1875,z,0.3125,0.9,0.4370165414400988,-0.4629834585599012,0.1,2.3000000000000003
2009,1.0,20dB_nominal_difference,real,vanilla_IBS2,REJECTED_PHYSICAL,XZ,y,-0.0625,x,-0.0625,z,0.3125,0.9,0.4701691487604309,-0.4298308512395691,0.1,2.3000000000000003
2009,1.0,20dB_nominal_difference,real,vanilla_IBS2,REJECTED_PHYSICAL,XZ,y,-0.0625,x,0.0625,z,0.3125,0.9,0.47360024349206586,-0.42639975650793416,0.1,2.3000000000000003
2009,1.0,20dB_nominal_difference,real,vanilla_IBS2,REJECTED_PHYSICAL,XZ,y,-0.0625,x,0.1875,z,0.3125,0.9,0.447887160240122,-0.45211283975987804,0.1,2.3000000000000003
2009,1.0,20dB_nominal_difference,real,vanilla_IBS2,REJECTED_PHYSICAL,XZ,y,-0.0625,x,0.3125,z,0.3125,0.1,0.3964823300093391,0.2964823300093391,0.1,2.3000000000000003
2009,1.0,20dB_nominal_difference,real,vanilla_IBS2,REJECTED_PHYSICAL,XZ,y,-0.0625,x,0.4375,z,0.3125,0.1,0.3251393752445043,0.2251393752445043,0.1,2.3000000000000003
2009,1.0,20dB_nominal_difference,real,vanilla_IBS2,REJECTED_PHYSICAL,XZ,y,-0.0625,x,0.5625,z,0.3125,0.1,0.2410124890318925,0.1410124890318925,0.1,2.3000000000000003
2009,1.0,20dB_nominal_difference,real,vanilla_IBS2,REJECTED_PHYSICAL,XZ,y,-0.0625,x,0.6875,z,0.3125,0.1,0.1461736149365552,0.046173614936555196,0.1,2.3000000000000003
2009,1.0,20dB_nominal_difference,real,vanilla_IBS2,REJECTED_PHYSICAL,XZ,y,-0.0625,x,-0.6875,z,0.4375,0.1,0.07765097072559356,-0.02234902927440645,0.1,2.3000000000000003
2009,1.0,20dB_nominal_difference,real,vanilla_IBS2,REJECTED_PHYSICAL,XZ,y,-0.0625,x,-0.5625,z,0.4375,0.1,0.16193487845114218,0.06193487845114218,0.1,2.3000000000000003
2009,1.0,20dB_nominal_difference,real,vanilla_IBS2,REJECTED_PHYSICAL,XZ,y,-0.0625,x,-0.4375,z,0.4375,0.1,0.23743924559485094,0.13743924559485093,0.1,2.3000000000000003
2009,1.0,20dB_nominal_difference,real,vanilla_IBS2,REJECTED_PHYSICAL,XZ,y,-0.0625,x,-0.3125,z,0.4375,0.1,0.301490772659535,0.201490772659535,0.1,2.3000000000000003
2009,1.0,20dB_nominal_difference,real,vanilla_IBS2,REJECTED_PHYSICAL,XZ,y,-0.0625,x,-0.1875,z,0.4375,0.1,0.3472813213346525,0.2472813213346525,0.1,2.3000000000000003
2009,1.0,20dB_nominal_difference,real,vanilla_IBS2,REJECTED_PHYSICAL,XZ,y,-0.0625,x,-0.0625,z,0.4375,0.1,0.37034010408979157,0.2703401040897916,0.1,2.3000000000000003
2009,1.0,20dB_nominal_difference,real,vanilla_IBS2,REJECTED_PHYSICAL,XZ,y,-0.0625,x,0.0625,z,0.4375,0.1,0.36891650686179445,0.26891650686179447,0.1,2.3000000000000003
2009,1.0,20dB_nominal_difference,real,vanilla_IBS2,REJECTED_PHYSICAL,XZ,y,-0.0625,x,0.1875,z,0.4375,0.1,0.3440652682142491,0.2440652682142491,0.1,2.3000000000000003
2009,1.0,20dB_nominal_difference,real,vanilla_IBS2,REJECTED_PHYSICAL,XZ,y,-0.0625,x,0.3125,z,0.4375,0.1,0.29938670105243936,0.19938670105243936,0.1,2.3000000000000003
2009,1.0,20dB_nominal_difference,real,vanilla_IBS2,REJECTED_PHYSICAL,XZ,y,-0.0625,x,0.4375,z,0.4375,0.1,0.24040405379345248,0.14040405379345247,0.1,2.3000000000000003
2009,1.0,20dB_nominal_difference,real,vanilla_IBS2,REJECTED_PHYSICAL,XZ,y,-0.0625,x,0.5625,z,0.4375,0.1,0.17342337834529686,0.07342337834529686,0.1,2.3000000000000003
2009,1.0,20dB_nominal_difference,real,vanilla_IBS2,REJECTED_PHYSICAL,XZ,y,-0.0625,x,0.6875,z,0.4375,0.1,0.0999562310043356,-4.3768995664411614e-05,0.1,2.3000000000000003
2009,1.0,20dB_nominal_difference,real,vanilla_IBS2,REJECTED_PHYSICAL,XZ,y,-0.0625,x,-0.6875,z,0.5625,0.1,0.04896313730484111,-0.0510368626951589,0.1,2.3000000000000003
2009,1.0,20dB_nominal_difference,real,vanilla_IBS2,REJECTED_PHYSICAL,XZ,y,-0.0625,x,-0.5625,z,0.5625,0.1,0.10934076694700329,0.009340766947003282,0.1,2.3000000000000003
2009,1.0,20dB_nominal_difference,real,vanilla_IBS2,REJECTED_PHYSICAL,XZ,y,-0.0625,x,-0.4375,z,0.5625,0.1,0.16223087211501613,0.06223087211501613,0.1,2.3000000000000003
2009,1.0,20dB_nominal_difference,real,vanilla_IBS2,REJECTED_PHYSICAL,XZ,y,-0.0625,x,-0.3125,z,0.5625,0.1,0.20611210560689064,0.10611210560689063,0.1,2.3000000000000003
2009,1.0,20dB_nominal_difference,real,vanilla_IBS2,REJECTED_PHYSICAL,XZ,y,-0.0625,x,-0.1875,z,0.5625,0.1,0.2358757494325473,0.1358757494325473,0.1,2.3000000000000003
2009,1.0,20dB_nominal_difference,real,vanilla_IBS2,REJECTED_PHYSICAL,XZ,y,-0.0625,x,-0.0625,z,0.5625,0.1,0.2481848020521661,0.14818480205216608,0.1,2.3000000000000003
2009,1.0,20dB_nominal_difference,real,vanilla_IBS2,REJECTED_PHYSICAL,XZ,y,-0.0625,x,0.0625,z,0.5625,0.1,0.24210218260170113,0.14210218260170113,0.1,2.3000000000000003
2009,1.0,20dB_nominal_difference,real,vanilla_IBS2,REJECTED_PHYSICAL,XZ,y,-0.0625,x,0.1875,z,0.5625,0.1,0.21918319766483094,0.11918319766483093,0.1,2.3000000000000003
2009,1.0,20dB_nominal_difference,real,vanilla_IBS2,REJECTED_PHYSICAL,XZ,y,-0.0625,x,0.3125,z,0.5625,0.1,0.18322860033722924,0.08322860033722923,0.1,2.3000000000000003
2009,1.0,20dB_nominal_difference,real,vanilla_IBS2,REJECTED_PHYSICAL,XZ,y,-0.0625,x,0.4375,z,0.5625,0.1,0.13982475272610073,0.039824752726100726,0.1,2.3000000000000003
2009,1.0,20dB_nominal_difference,real,vanilla_IBS2,REJECTED_PHYSICAL,XZ,y,-0.0625,x,0.5625,z,0.5625,0.1,0.09557577294219446,-0.004424227057805541,0.1,2.3000000000000003
2009,1.0,20dB_nominal_difference,real,vanilla_IBS2,REJECTED_PHYSICAL,XZ,y,-0.0625,x,0.6875,z,0.5625,0.1,0.05347379609768903,-0.04652620390231098,0.1,2.3000000000000003
2009,1.0,20dB_nominal_difference,real,vanilla_IBS2,REJECTED_PHYSICAL,XZ,y,-0.0625,x,-0.6875,z,0.6875,0.1,0.013313578404575019,-0.08668642159542499,0.1,2.3000000000000003
2009,1.0,20dB_nominal_difference,real,vanilla_IBS2,REJECTED_PHYSICAL,XZ,y,-0.0625,x,-0.5625,z,0.6875,0.1,0.04723810607408726,-0.052761893925912746,0.1,2.3000000000000003
2009,1.0,20dB_nominal_difference,real,vanilla_IBS2,REJECTED_PHYSICAL,XZ,y,-0.0625,x,-0.4375,z,0.6875,0.1,0.07579944448085407,-0.024200555519145933,0.1,2.3000000000000003
2009,1.0,20dB_nominal_difference,real,vanilla_IBS2,REJECTED_PHYSICAL,XZ,y,-0.0625,x,-0.3125,z,0.6875,0.1,0.09879450670243754,-0.0012054932975624627,0.1,2.3000000000000003
2009,1.0,20dB_nominal_difference,real,vanilla_IBS2,REJECTED_PHYSICAL,XZ,y,-0.0625,x,-0.1875,z,0.6875,0.1,0.11195942781598421,0.011959427815984205,0.1,2.3000000000000003
2009,1.0,20dB_nominal_difference,real,vanilla_IBS2,REJECTED_PHYSICAL,XZ,y,-0.0625,x,-0.0625,z,0.6875,0.1,0.11294214145840058,0.012942141458400572,0.1,2.3000000000000003
2009,1.0,20dB_nominal_difference,real,vanilla_IBS2,REJECTED_PHYSICAL,XZ,y,-0.0625,x,0.0625,z,0.6875,0.1,0.10167691761178323,0.0016769176117832213,0.1,2.3000000000000003
2009,1.0,20dB_nominal_difference,real,vanilla_IBS2,REJECTED_PHYSICAL,XZ,y,-0.0625,x,0.1875,z,0.6875,0.1,0.08026301081013378,-0.01973698918986623,0.1,2.3000000000000003
2009,1.0,20dB_nominal_difference,real,vanilla_IBS2,REJECTED_PHYSICAL,XZ,y,-0.0625,x,0.3125,z,0.6875,0.1,0.05261760613285731,-0.04738239386714269,0.1,2.3000000000000003
2009,1.0,20dB_nominal_difference,real,vanilla_IBS2,REJECTED_PHYSICAL,XZ,y,-0.0625,x,0.4375,z,0.6875,0.1,0.024166290177054767,-0.07583370982294524,0.1,2.3000000000000003
2009,1.0,20dB_nominal_difference,real,vanilla_IBS2,REJECTED_PHYSICAL,XZ,y,-0.0625,x,0.5625,z,0.6875,0.1,0.0023310131265288497,-0.09766898687347116,0.1,2.3000000000000003
2009,1.0,20dB_nominal_difference,real,vanilla_IBS2,REJECTED_PHYSICAL,XZ,y,-0.0625,x,0.6875,z,0.6875,0.1,0.0017661793752499488,-0.09823382062475006,0.1,2.3000000000000003
2009,1.0,20dB_nominal_difference,real,vanilla_IBS2,REJECTED_PHYSICAL,YZ,x,-0.0625,y,-0.6875,z,-0.6875,0.1,-0.0008203351787812591,-0.10082033517878126,0.1,2.3000000000000003
2009,1.0,20dB_nominal_difference,real,vanilla_IBS2,REJECTED_PHYSICAL,YZ,x,-0.0625,y,-0.5625,z,-0.6875,0.1,0.04818242421545871,-0.0518175757845413,0.1,2.3000000000000003
2009,1.0,20dB_nominal_difference,real,vanilla_IBS2,REJECTED_PHYSICAL,YZ,x,-0.0625,y,-0.4375,z,-0.6875,0.1,0.08734598247839563,-0.012654017521604374,0.1,2.3000000000000003
2009,1.0,20dB_nominal_difference,real,vanilla_IBS2,REJECTED_PHYSICAL,YZ,x,-0.0625,y,-0.3125,z,-0.6875,0.1,0.11087995683641966,0.010879956836419652,0.1,2.3000000000000003
2009,1.0,20dB_nominal_difference,real,vanilla_IBS2,REJECTED_PHYSICAL,YZ,x,-0.0625,y,-0.1875,z,-0.6875,0.1,0.11905432456670514,0.01905432456670514,0.1,2.3000000000000003
2009,1.0,20dB_nominal_difference,real,vanilla_IBS2,REJECTED_PHYSICAL,YZ,x,-0.0625,y,-0.0625,z,-0.6875,0.1,0.11471717560448164,0.01471717560448163,0.1,2.3000000000000003
2009,1.0,20dB_nominal_difference,real,vanilla_IBS2,REJECTED_PHYSICAL,YZ,x,-0.0625,y,0.0625,z,-0.6875,0.1,0.10213710021080663,0.002137100210806625,0.1,2.3000000000000003
2009,1.0,20dB_nominal_difference,real,vanilla_IBS2,REJECTED_PHYSICAL,YZ,x,-0.0625,y,0.1875,z,-0.6875,0.1,0.08596090930183369,-0.01403909069816632,0.1,2.3000000000000003
2009,1.0,20dB_nominal_difference,real,vanilla_IBS2,REJECTED_PHYSICAL,YZ,x,-0.0625,y,0.3125,z,-0.6875,0.1,0.07024416355078333,-0.02975583644921667,0.1,2.3000000000000003
2009,1.0,20dB_nominal_difference,real,vanilla_IBS2,REJECTED_PHYSICAL,YZ,x,-0.0625,y,0.4375,z,-0.6875,0.1,0.05755580426166127,-0.042444195738338734,0.1,2.3000000000000003
2009,1.0,20dB_nominal_difference,real,vanilla_IBS2,REJECTED_PHYSICAL,YZ,x,-0.0625,y,0.5625,z,-0.6875,0.1,0.047876782788651304,-0.0521232172113487,0.1,2.3000000000000003
2009,1.0,20dB_nominal_difference,real,vanilla_IBS2,REJECTED_PHYSICAL,YZ,x,-0.0625,y,0.6875,z,-0.6875,0.1,0.03846919897787275,-0.061530801022127254,0.1,2.3000000000000003
2009,1.0,20dB_nominal_difference,real,vanilla_IBS2,REJECTED_PHYSICAL,YZ,x,-0.0625,y,-0.6875,z,-0.5625,0.1,0.02437045253307507,-0.07562954746692493,0.1,2.3000000000000003
2009,1.0,20dB_nominal_difference,real,vanilla_IBS2,REJECTED_PHYSICAL,YZ,x,-0.0625,y,-0.5625,z,-0.5625,0.1,0.1042930731568166,0.004293073156816596,0.1,2.3000000000000003
2009,1.0,20dB_nominal_difference,real,vanilla_IBS2,REJECTED_PHYSICAL,YZ,x,-0.0625,y,-0.4375,z,-0.5625,0.1,0.1691148418319494,0.06911484183194938,0.1,2.3000000000000003
2009,1.0,20dB_nominal_difference,real,vanilla_IBS2,REJECTED_PHYSICAL,YZ,x,-0.0625,y,-0.3125,z,-0.5625,0.1,0.2128550668577852,0.11285506685778521,0.1,2.3000000000000003
2009,1.0,20dB_nominal_difference,real,vanilla_IBS2,REJECTED_PHYSICAL,YZ,x,-0.0625,y,-0.1875,z,-0.5625,0.1,0.2345914138901907,0.1345914138901907,0.1,2.3000000000000003
2009,1.0,20dB_nominal_difference,real,vanilla_IBS2,REJECTED_PHYSICAL,YZ,x,-0.0625,y,-0.0625,z,-0.5625,0.1,0.2360751220532543,0.13607512205325428,0.1,2.3000000000000003
2009,1.0,20dB_nominal_difference,real,vanilla_IBS2,REJECTED_PHYSICAL,YZ,x,-0.0625,y,0.0625,z,-0.5625,0.1,0.22101676300805118,0.12101676300805117,0.1,2.3000000000000003
2009,1.0,20dB_nominal_difference,real,vanilla_IBS2,REJECTED_PHYSICAL,YZ,x,-0.0625,y,0.1875,z,-0.5625,0.1,0.19419211304143788,0.09419211304143787,0.1,2.3000000000000003
2009,1.0,20dB_nominal_difference,real,vanilla_IBS2,REJECTED_PHYSICAL,YZ,x,-0.0625,y,0.3125,z,-0.5625,0.1,0.16058911553096517,0.06058911553096516,0.1,2.3000000000000003
2009,1.0,20dB_nominal_difference,real,vanilla_IBS2,REJECTED_PHYSICAL,YZ,x,-0.0625,y,0.4375,z,-0.5625,0.1,0.12478222290070276,0.024782222900702755,0.1,2.3000000000000003
2009,1.0,20dB_nominal_difference,real,vanilla_IBS2,REJECTED_PHYSICAL,YZ,x,-0.0625,y,0.5625,z,-0.5625,0.1,0.09096015887076635,-0.009039841129233658,0.1,2.3000000000000003
2009,1.0,20dB_nominal_difference,real,vanilla_IBS2,REJECTED_PHYSICAL,YZ,x,-0.0625,y,0.6875,z,-0.5625,0.1,0.06803885961879169,-0.031961140381208314,0.1,2.3000000000000003
2009,1.0,20dB_nominal_difference,real,vanilla_IBS2,REJECTED_PHYSICAL,YZ,x,-0.0625,y,-0.6875,z,-0.4375,0.1,0.05625527917848379,-0.04374472082151622,0.1,2.3000000000000003
2009,1.0,20dB_nominal_difference,real,vanilla_IBS2,REJECTED_PHYSICAL,YZ,x,-0.0625,y,-0.5625,z,-0.4375,0.1,0.16212504820554108,0.06212504820554107,0.1,2.3000000000000003
2009,1.0,20dB_nominal_difference,real,vanilla_IBS2,REJECTED_PHYSICAL,YZ,x,-0.0625,y,-0.4375,z,-0.4375,0.1,0.2512381658791558,0.1512381658791558,0.1,2.3000000000000003
2009,1.0,20dB_nominal_difference,real,vanilla_IBS2,REJECTED_PHYSICAL,YZ,x,-0.0625,y,-0.3125,z,-0.4375,0.1,0.3140295381976022,0.2140295381976022,0.1,2.3000000000000003
2009,1.0,20dB_nominal_difference,real,vanilla_IBS2,REJECTED_PHYSICAL,YZ,x,-0.0625,y,-0.1875,z,-0.4375,0.1,0.3482921601552874,0.2482921601552874,0.1,2.3000000000000003
2009,1.0,20dB_nominal_difference,real,vanilla_IBS2,REJECTED_PHYSICAL,YZ,x,-0.0625,y,-0.0625,z,-0.4375,0.1,0.3547501996249791,0.25475019962497913,0.1,2.3000000000000003
2009,1.0,20dB_nominal_difference,real,vanilla_IBS2,REJECTED_PHYSICAL,YZ,x,-0.0625,y,0.0625,z,-0.4375,0.1,0.3365796360627684,0.2365796360627684,0.1,2.3000000000000003
2009,1.0,20dB_nominal_difference,real,vanilla_IBS2,REJECTED_PHYSICAL,YZ,x,-0.0625,y,0.1875,z,-0.4375,0.1,0.2986852492285177,0.19868524922851769,0.1,2.3000000000000003
2009,1.0,20dB_nominal_difference,real,vanilla_IBS2,REJECTED_PHYSICAL,YZ,x,-0.0625,y,0.3125,z,-0.4375,0.1,0.2469643028175436,0.1469643028175436,0.1,2.3000000000000003
2009,1.0,20dB_nominal_difference,real,vanilla_IBS2,REJECTED_PHYSICAL,YZ,x,-0.0625,y,0.4375,z,-0.4375,0.1,0.18777802118279502,0.08777802118279501,0.1,2.3000000000000003
2009,1.0,20dB_nominal_difference,real,vanilla_IBS2,REJECTED_PHYSICAL,YZ,x,-0.0625,y,0.5625,z,-0.4375,0.1,0.12789075785903403,0.027890757859034027,0.1,2.3000000000000003
2009,1.0,20dB_nominal_difference,real,vanilla_IBS2,REJECTED_PHYSICAL,YZ,x,-0.0625,y,0.6875,z,-0.4375,0.1,0.07895568655670626,-0.021044313443293744,0.1,2.3000000000000003
2009,1.0,20dB_nominal_difference,real,vanilla_IBS2,REJECTED_PHYSICAL,YZ,x,-0.0625,y,-0.6875,z,-0.3125,0.1,0.08688102899414052,-0.013118971005859487,0.1,2.3000000000000003
2009,1.0,20dB_nominal_difference,real,vanilla_IBS2,REJECTED_PHYSICAL,YZ,x,-0.0625,y,-0.5625,z,-0.3125,0.1,0.2136400291217487,0.1136400291217487,0.1,2.3000000000000003
2009,1.0,20dB_nominal_difference,real,vanilla_IBS2,REJECTED_PHYSICAL,YZ,x,-0.0625,y,-0.4375,z,-0.3125,0.1,0.32328123857877467,0.22328123857877466,0.1,2.3000000000000003
2009,1.0,20dB_nominal_difference,real,vanilla_IBS2,REJECTED_PHYSICAL,YZ,x,-0.0625,y,-0.3125,z,-0.3125,0.1,0.40229145873970973,0.30229145873970975,0.1,2.3000000000000003
2009,1.0,20dB_nominal_difference,real,vanilla_IBS2,REJECTED_PHYSICAL,YZ,x,-0.0625,y,-0.1875,z,-0.3125,0.9,0.4470223878304441,-0.4529776121695559,0.1,2.3000000000000003
2009,1.0,20dB_nominal_difference,real,vanilla_IBS2,REJECTED_PHYSICAL,YZ,x,-0.0625,y,-0.0625,z,-0.3125,0.9,0.4572314040753064,-0.44276859592469364,0.1,2.3000000000000003
2009,1.0,20dB_nominal_difference,real,vanilla_IBS2,REJECTED_PHYSICAL,YZ,x,-0.0625,y,0.0625,z,-0.3125,0.9,0.4356185303032728,-0.4643814696967272,0.1,2.3000000000000003
2009,1.0,20dB_nominal_difference,real,vanilla_IBS2,REJECTED_PHYSICAL,YZ,x,-0.0625,y,0.1875,z,-0.3125,0.1,0.3871852863608226,0.28718528636082263,0.1,2.3000000000000003
2009,1.0,20dB_nominal_difference,real,vanilla_IBS2,REJECTED_PHYSICAL,YZ,x,-0.0625,y,0.3125,z,-0.3125,0.1,0.3185376233899127,0.2185376233899127,0.1,2.3000000000000003
2009,1.0,20dB_nominal_difference,real,vanilla_IBS2,REJECTED_PHYSICAL,YZ,x,-0.0625,y,0.4375,z,-0.3125,0.1,0.23728672052778757,0.13728672052778756,0.1,2.3000000000000003
2009,1.0,20dB_nominal_difference,real,vanilla_IBS2,REJECTED_PHYSICAL,YZ,x,-0.0625,y,0.5625,z,-0.3125,0.1,0.15165752984557873,0.051657529845578726,0.1,2.3000000000000003
2009,1.0,20dB_nominal_difference,real,vanilla_IBS2,REJECTED_PHYSICAL,YZ,x,-0.0625,y,0.6875,z,-0.3125,0.1,0.07556969246951598,-0.02443030753048403,0.1,2.3000000000000003
2009,1.0,20dB_nominal_difference,real,vanilla_IBS2,REJECTED_PHYSICAL,YZ,x,-0.0625,y,-0.6875,z,-0.1875,0.1,0.1082312960709011,0.00823129607090109,0.1,2.3000000000000003
2009,1.0,20dB_nominal_difference,real,vanilla_IBS2,REJECTED_PHYSICAL,YZ,x,-0.0625,y,-0.5625,z,-0.1875,0.1,0.2504858131351184,0.1504858131351184,0.1,2.3000000000000003
2009,1.0,20dB_nominal_difference,real,vanilla_IBS2,REJECTED_PHYSICAL,YZ,x,-0.0625,y,-0.4375,z,-0.1875,0.1,0.37559996180872945,0.2755999618087295,0.1,2.3000000000000003
2009,1.0,20dB_nominal_difference,real,vanilla_IBS2,REJECTED_PHYSICAL,YZ,x,-0.0625,y,-0.3125,z,-0.1875,0.9,0.466897903568398,-0.433102096431602,0.1,2.3000000000000003
2009,1.0,20dB_nominal_difference,real,vanilla_IBS2,REJECTED_PHYSICAL,YZ,x,-0.0625,y,-0.1875,z,-0.1875,1.6,0.5194996723301516,-1.0805003276698484,0.1,2.3000000000000003
2009,1.0,20dB_nominal_difference,real,vanilla_IBS2,REJECTED_PHYSICAL,YZ,x,-0.0625,y,-0.0625,z,-0.1875,1.6,0.5323425006777626,-1.0676574993222374,0.1,2.3000000000000003
2009,1.0,20dB_nominal_difference,real,vanilla_IBS2,REJECTED_PHYSICAL,YZ,x,-0.0625,y,0.0625,z,-0.1875,1.6,0.5077191642979573,-1.0922808357020428,0.1,2.3000000000000003
2009,1.0,20dB_nominal_difference,real,vanilla_IBS2,REJECTED_PHYSICAL,YZ,x,-0.0625,y,0.1875,z,-0.1875,0.9,0.4506606874823368,-0.44933931251766324,0.1,2.3000000000000003
2009,1.0,20dB_nominal_difference,real,vanilla_IBS2,REJECTED_PHYSICAL,YZ,x,-0.0625,y,0.3125,z,-0.1875,0.1,0.36823040859511713,0.26823040859511715,0.1,2.3000000000000003
2009,1.0,20dB_nominal_difference,real,vanilla_IBS2,REJECTED_PHYSICAL,YZ,x,-0.0625,y,0.4375,z,-0.1875,0.1,0.2688403197305089,0.16884031973050892,0.1,2.3000000000000003
2009,1.0,20dB_nominal_difference,real,vanilla_IBS2,REJECTED_PHYSICAL,YZ,x,-0.0625,y,0.5625,z,-0.1875,0.1,0.16168730337995937,0.06168730337995937,0.1,2.3000000000000003
2009,1.0,20dB_nominal_difference,real,vanilla_IBS2,REJECTED_PHYSICAL,YZ,x,-0.0625,y,0.6875,z,-0.1875,0.1,0.06277720650295654,-0.037222793497043466,0.1,2.3000000000000003
2009,1.0,20dB_nominal_difference,real,vanilla_IBS2,REJECTED_PHYSICAL,YZ,x,-0.0625,y,-0.6875,z,-0.0625,0.1,0.11640343833070452,0.016403438330704512,0.1,2.3000000000000003
2009,1.0,20dB_nominal_difference,real,vanilla_IBS2,REJECTED_PHYSICAL,YZ,x,-0.0625,y,-0.5625,z,-0.0625,0.1,0.26792724908871735,0.16792724908871734,0.1,2.3000000000000003
2009,1.0,20dB_nominal_difference,real,vanilla_IBS2,REJECTED_PHYSICAL,YZ,x,-0.0625,y,-0.4375,z,-0.0625,0.1,0.4023899191142465,0.3023899191142465,0.1,2.3000000000000003
2009,1.0,20dB_nominal_difference,real,vanilla_IBS2,REJECTED_PHYSICAL,YZ,x,-0.0625,y,-0.3125,z,-0.0625,0.9,0.5011425513309858,-0.3988574486690142,0.1,2.3000000000000003
2009,1.0,20dB_nominal_difference,real,vanilla_IBS2,REJECTED_PHYSICAL,YZ,x,-0.0625,y,-0.1875,z,-0.0625,1.6,0.5585057296141774,-1.0414942703858228,0.1,2.3000000000000003
2009,1.0,20dB_nominal_difference,real,vanilla_IBS2,REJECTED_PHYSICAL,YZ,x,-0.0625,y,-0.0625,z,-0.0625,1.6,0.5728664205150519,-1.027133579484948,0.1,2.3000000000000003
2009,1.0,20dB_nominal_difference,real,vanilla_IBS2,REJECTED_PHYSICAL,YZ,x,-0.0625,y,0.0625,z,-0.0625,1.6,0.5462321084651286,-1.0537678915348714,0.1,2.3000000000000003
2009,1.0,20dB_nominal_difference,real,vanilla_IBS2,REJECTED_PHYSICAL,YZ,x,-0.0625,y,0.1875,z,-0.0625,0.9,0.48361471196024164,-0.4163852880397584,0.1,2.3000000000000003
2009,1.0,20dB_nominal_difference,real,vanilla_IBS2,REJECTED_PHYSICAL,YZ,x,-0.0625,y,0.3125,z,-0.0625,0.1,0.39230291565014286,0.2923029156501429,0.1,2.3000000000000003
2009,1.0,20dB_nominal_difference,real,vanilla_IBS2,REJECTED_PHYSICAL,YZ,x,-0.0625,y,0.4375,z,-0.0625,0.1,0.2811287364799407,0.18112873647994068,0.1,2.3000000000000003
2009,1.0,20dB_nominal_difference,real,vanilla_IBS2,REJECTED_PHYSICAL,YZ,x,-0.0625,y,0.5625,z,-0.0625,0.1,0.15984832855570824,0.059848328555708236,0.1,2.3000000000000003
2009,1.0,20dB_nominal_difference,real,vanilla_IBS2,REJECTED_PHYSICAL,YZ,x,-0.0625,y,0.6875,z,-0.0625,0.1,0.04581353787176162,-0.05418646212823838,0.1,2.3000000000000003
2009,1.0,20dB_nominal_difference,real,vanilla_IBS2,REJECTED_PHYSICAL,YZ,x,-0.0625,y,-0.6875,z,0.0625,0.1,0.11136199534336004,0.011361995343360035,0.1,2.3000000000000003
2009,1.0,20dB_nominal_difference,real,vanilla_IBS2,REJECTED_PHYSICAL,YZ,x,-0.0625,y,-0.5625,z,0.0625,0.1,0.2649971976673967,0.1649971976673967,0.1,2.3000000000000003
2009,1.0,20dB_nominal_difference,real,vanilla_IBS2,REJECTED_PHYSICAL,YZ,x,-0.0625,y,-0.4375,z,0.0625,0.1,0.4017347671017949,0.3017347671017949,0.1,2.3000000000000003
2009,1.0,20dB_nominal_difference,real,vanilla_IBS2,REJECTED_PHYSICAL,YZ,x,-0.0625,y,-0.3125,z,0.0625,0.9,0.5023383461208255,-0.3976616538791745,0.1,2.3000000000000003
2009,1.0,20dB_nominal_difference,real,vanilla_IBS2,REJECTED_PHYSICAL,YZ,x,-0.0625,y,-0.1875,z,0.0625,1.6,0.5608573226856292,-1.0391426773143708,0.1,2.3000000000000003
2009,1.0,20dB_nominal_difference,real,vanilla_IBS2,REJECTED_PHYSICAL,YZ,x,-0.0625,y,-0.0625,z,0.0625,2.3000000000000003,0.5754863614756311,-1.7245136385243691,0.1,2.3000000000000003
2009,1.0,20dB_nominal_difference,real,vanilla_IBS2,REJECTED_PHYSICAL,YZ,x,-0.0625,y,0.0625,z,0.0625,1.6,0.5481321573587496,-1.0518678426412504,0.1,2.3000000000000003
2009,1.0,20dB_nominal_difference,real,vanilla_IBS2,REJECTED_PHYSICAL,YZ,x,-0.0625,y,0.1875,z,0.0625,0.9,0.48378190914956554,-0.4162180908504345,0.1,2.3000000000000003
2009,1.0,20dB_nominal_difference,real,vanilla_IBS2,REJECTED_PHYSICAL,YZ,x,-0.0625,y,0.3125,z,0.0625,0.1,0.38974906008822696,0.289749060088227,0.1,2.3000000000000003
2009,1.0,20dB_nominal_difference,real,vanilla_IBS2,REJECTED_PHYSICAL,YZ,x,-0.0625,y,0.4375,z,0.0625,0.1,0.27491589604741873,0.17491589604741872,0.1,2.3000000000000003
2009,1.0,20dB_nominal_difference,real,vanilla_IBS2,REJECTED_PHYSICAL,YZ,x,-0.0625,y,0.5625,z,0.0625,0.1,0.14911126980180545,0.04911126980180544,0.1,2.3000000000000003
2009,1.0,20dB_nominal_difference,real,vanilla_IBS2,REJECTED_PHYSICAL,YZ,x,-0.0625,y,0.6875,z,0.0625,0.1,0.029879610191337933,-0.07012038980866207,0.1,2.3000000000000003
2009,1.0,20dB_nominal_difference,real,vanilla_IBS2,REJECTED_PHYSICAL,YZ,x,-0.0625,y,-0.6875,z,0.1875,0.1,0.09595093908888394,-0.004049060911116065,0.1,2.3000000000000003
2009,1.0,20dB_nominal_difference,real,vanilla_IBS2,REJECTED_PHYSICAL,YZ,x,-0.0625,y,-0.5625,z,0.1875,0.1,0.24374634769268425,0.14374634769268424,0.1,2.3000000000000003
2009,1.0,20dB_nominal_difference,real,vanilla_IBS2,REJECTED_PHYSICAL,YZ,x,-0.0625,y,-0.4375,z,0.1875,0.1,0.3749875927937607,0.2749875927937607,0.1,2.3000000000000003
2009,1.0,20dB_nominal_difference,real,vanilla_IBS2,REJECTED_PHYSICAL,YZ,x,-0.0625,y,-0.3125,z,0.1875,0.9,0.4712645057065562,-0.4287354942934438,0.1,2.3000000000000003
2009,1.0,20dB_nominal_difference,real,vanilla_IBS2,REJECTED_PHYSICAL,YZ,x,-0.0625,y,-0.1875,z,0.1875,1.6,0.5268984922071507,-1.0731015077928494,0.1,2.3000000000000003
2009,1.0,20dB_nominal_difference,real,vanilla_IBS2,REJECTED_PHYSICAL,YZ,x,-0.0625,y,-0.0625,z,0.1875,1.6,0.5402920293240644,-1.0597079706759356,0.1,2.3000000000000003
2009,1.0,20dB_nominal_difference,real,vanilla_IBS2,REJECTED_PHYSICAL,YZ,x,-0.0625,y,0.0625,z,0.1875,1.6,0.5134889367183922,-1.0865110632816077,0.1,2.3000000000000003
2009,1.0,20dB_nominal_difference,real,vanilla_IBS2,REJECTED_PHYSICAL,YZ,x,-0.0625,y,0.1875,z,0.1875,0.9,0.4514980667162034,-0.4485019332837966,0.1,2.3000000000000003
2009,1.0,20dB_nominal_difference,real,vanilla_IBS2,REJECTED_PHYSICAL,YZ,x,-0.0625,y,0.3125,z,0.1875,0.1,0.3614981270806923,0.2614981270806923,0.1,2.3000000000000003
2009,1.0,20dB_nominal_difference,real,vanilla_IBS2,REJECTED_PHYSICAL,YZ,x,-0.0625,y,0.4375,z,0.1875,0.1,0.2520616433440586,0.1520616433440586,0.1,2.3000000000000003
2009,1.0,20dB_nominal_difference,real,vanilla_IBS2,REJECTED_PHYSICAL,YZ,x,-0.0625,y,0.5625,z,0.1875,0.1,0.13254035107259973,0.03254035107259973,0.1,2.3000000000000003
2009,1.0,20dB_nominal_difference,real,vanilla_IBS2,REJECTED_PHYSICAL,YZ,x,-0.0625,y,0.6875,z,0.1875,0.1,0.019304442458794854,-0.08069555754120515,0.1,2.3000000000000003
2009,1.0,20dB_nominal_difference,real,vanilla_IBS2,REJECTED_PHYSICAL,YZ,x,-0.0625,y,-0.6875,z,0.3125,0.1,0.07458285854810447,-0.02541714145189554,0.1,2.3000000000000003
2009,1.0,20dB_nominal_difference,real,vanilla_IBS2,REJECTED_PHYSICAL,YZ,x,-0.0625,y,-0.5625,z,0.3125,0.1,0.2081299727855657,0.10812997278556569,0.1,2.3000000000000003
2009,1.0,20dB_nominal_difference,real,vanilla_IBS2,REJECTED_PHYSICAL,YZ,x,-0.0625,y,-0.4375,z,0.3125,0.1,0.32585889847038874,0.22585889847038873,0.1,2.3000000000000003
2009,1.0,20dB_nominal_difference,real,vanilla_IBS2,REJECTED_PHYSICAL,YZ,x,-0.0625,y,-0.3125,z,0.3125,0.1,0.41140315437108443,0.31140315437108446,0.1,2.3000000000000003
2009,1.0,20dB_nominal_difference,real,vanilla_IBS2,REJECTED_PHYSICAL,YZ,x,-0.0625,y,-0.1875,z,0.3125,0.9,0.45983416156637913,-0.4401658384336209,0.1,2.3000000000000003
2009,1.0,20dB_nominal_difference,real,vanilla_IBS2,REJECTED_PHYSICAL,YZ,x,-0.0625,y,-0.0625,z,0.3125,0.9,0.4701691487604309,-0.4298308512395691,0.1,2.3000000000000003
2009,1.0,20dB_nominal_difference,real,vanilla_IBS2,REJECTED_PHYSICAL,YZ,x,-0.0625,y,0.0625,z,0.3125,0.9,0.44487196473092716,-0.45512803526907286,0.1,2.3000000000000003
2009,1.0,20dB_nominal_difference,real,vanilla_IBS2,REJECTED_PHYSICAL,YZ,x,-0.0625,y,0.1875,z,0.3125,0.1,0.38907806042332016,0.2890780604233202,0.1,2.3000000000000003
2009,1.0,20dB_nominal_difference,real,vanilla_IBS2,REJECTED_PHYSICAL,YZ,x,-0.0625,y,0.3125,z,0.3125,0.1,0.30973408710554706,0.20973408710554706,0.1,2.3000000000000003
2009,1.0,20dB_nominal_difference,real,vanilla_IBS2,REJECTED_PHYSICAL,YZ,x,-0.0625,y,0.4375,z,0.3125,0.1,0.21479526906966273,0.11479526906966273,0.1,2.3000000000000003
2009,1.0,20dB_nominal_difference,real,vanilla_IBS2,REJECTED_PHYSICAL,YZ,x,-0.0625,y,0.5625,z,0.3125,0.1,0.11259039805812941,0.012590398058129407,0.1,2.3000000000000003
2009,1.0,20dB_nominal_difference,real,vanilla_IBS2,REJECTED_PHYSICAL,YZ,x,-0.0625,y,0.6875,z,0.3125,0.1,0.016904999683397065,-0.08309500031660294,0.1,2.3000000000000003
2009,1.0,20dB_nominal_difference,real,vanilla_IBS2,REJECTED_PHYSICAL,YZ,x,-0.0625,y,-0.6875,z,0.4375,0.1,0.05196069653230018,-0.04803930346769983,0.1,2.3000000000000003
2009,1.0,20dB_nominal_difference,real,vanilla_IBS2,REJECTED_PHYSICAL,YZ,x,-0.0625,y,-0.5625,z,0.4375,0.1,0.16292145042838665,0.06292145042838665,0.1,2.3000000000000003
2009,1.0,20dB_nominal_difference,real,vanilla_IBS2,REJECTED_PHYSICAL,YZ,x,-0.0625,y,-0.4375,z,0.4375,0.1,0.25958833257384895,0.15958833257384894,0.1,2.3000000000000003
2009,1.0,20dB_nominal_difference,real,vanilla_IBS2,REJECTED_PHYSICAL,YZ,x,-0.0625,y,-0.3125,z,0.4375,0.1,0.3282889920568923,0.22828899205689232,0.1,2.3000000000000003
2009,1.0,20dB_nominal_difference,real,vanilla_IBS2,REJECTED_PHYSICAL,YZ,x,-0.0625,y,-0.1875,z,0.4375,0.1,0.36518983684065687,0.2651898368406569,0.1,2.3000000000000003
2009,1.0,20dB_nominal_difference,real,vanilla_IBS2,REJECTED_PHYSICAL,YZ,x,-0.0625,y,-0.0625,z,0.4375,0.1,0.37034010408979157,0.2703401040897916,0.1,2.3000000000000003
2009,1.0,20dB_nominal_difference,real,vanilla_IBS2,REJECTED_PHYSICAL,YZ,x,-0.0625,y,0.0625,z,0.4375,0.1,0.34695106595752145,0.24695106595752145,0.1,2.3000000000000003
2009,1.0,20dB_nominal_difference,real,vanilla_IBS2,REJECTED_PHYSICAL,YZ,x,-0.0625,y,0.1875,z,0.4375,0.1,0.3004487822917805,0.2004487822917805,0.1,2.3000000000000003
2009,1.0,20dB_nominal_difference,real,vanilla_IBS2,REJECTED_PHYSICAL,YZ,x,-0.0625,y,0.3125,z,0.4375,0.1,0.2375342827122256,0.1375342827122256,0.1,2.3000000000000003
2009,1.0,20dB_nominal_difference,real,vanilla_IBS2,REJECTED_PHYSICAL,YZ,x,-0.0625,y,0.4375,z,0.4375,0.1,0.16536368695857273,0.06536368695857273,0.1,2.3000000000000003
2009,1.0,20dB_nominal_difference,real,vanilla_IBS2,REJECTED_PHYSICAL,YZ,x,-0.0625,y,0.5625,z,0.4375,0.1,0.09084826353745049,-0.00915173646254952,0.1,2.3000000000000003
2009,1.0,20dB_nominal_difference,real,vanilla_IBS2,REJECTED_PHYSICAL,YZ,x,-0.0625,y,0.6875,z,0.4375,0.1,0.023901991155236058,-0.07609800884476395,0.1,2.3000000000000003
2009,1.0,20dB_nominal_difference,real,vanilla_IBS2,REJECTED_PHYSICAL,YZ,x,-0.0625,y,-0.6875,z,0.5625,0.1,0.031918934925859135,-0.06808106507414087,0.1,2.3000000000000003
2009,1.0,20dB_nominal_difference,real,vanilla_IBS2,REJECTED_PHYSICAL,YZ,x,-0.0625,y,-0.5625,z,0.5625,0.1,0.1128888396347844,0.012888839634784391,0.1,2.3000000000000003
2009,1.0,20dB_nominal_difference,real,vanilla_IBS2,REJECTED_PHYSICAL,YZ,x,-0.0625,y,-0.4375,z,0.5625,0.1,0.18249358141320476,0.08249358141320476,0.1,2.3000000000000003
2009,1.0,20dB_nominal_difference,real,vanilla_IBS2,REJECTED_PHYSICAL,YZ,x,-0.0625,y,-0.3125,z,0.5625,0.1,0.22916759287367547,0.12916759287367546,0.1,2.3000000000000003
2009,1.0,20dB_nominal_difference,real,vanilla_IBS2,REJECTED_PHYSICAL,YZ,x,-0.0625,y,-0.1875,z,0.5625,0.1,0.2505392183719244,0.15053921837192438,0.1,2.3000000000000003
2009,1.0,20dB_nominal_difference,real,vanilla_IBS2,REJECTED_PHYSICAL,YZ,x,-0.0625,y,-0.0625,z,0.5625,0.1,0.2481848020521661,0.14818480205216608,0.1,2.3000000000000003
2009,1.0,20dB_nominal_difference,real,vanilla_IBS2,REJECTED_PHYSICAL,YZ,x,-0.0625,y,0.0625,z,0.5625,0.1,0.2264188519177956,0.1264188519177956,0.1,2.3000000000000003
2009,1.0,20dB_nominal_difference,real,vanilla_IBS2,REJECTED_PHYSICAL,YZ,x,-0.0625,y,0.1875,z,0.5625,0.1,0.191154270104821,0.091154270104821,0.1,2.3000000000000003
2009,1.0,20dB_nominal_difference,real,vanilla_IBS2,REJECTED_PHYSICAL,YZ,x,-0.0625,y,0.3125,z,0.5625,0.1,0.1489067892129074,0.04890678921290739,0.1,2.3000000000000003
2009,1.0,20dB_nominal_difference,real,vanilla_IBS2,REJECTED_PHYSICAL,YZ,x,-0.0625,y,0.4375,z,0.5625,0.1,0.10603225681862964,0.006032256818629636,0.1,2.3000000000000003
2009,1.0,20dB_nominal_difference,real,vanilla_IBS2,REJECTED_PHYSICAL,YZ,x,-0.0625,y,0.5625,z,0.5625,0.1,0.06810876753139093,-0.031891232468609074,0.1,2.3000000000000003
2009,1.0,20dB_nominal_difference,real,vanilla_IBS2,REJECTED_PHYSICAL,YZ,x,-0.0625,y,0.6875,z,0.5625,0.1,0.04066887239399172,-0.05933112760600828,0.1,2.3000000000000003
2009,1.0,20dB_nominal_difference,real,vanilla_IBS2,REJECTED_PHYSICAL,YZ,x,-0.0625,y,-0.6875,z,0.6875,0.1,0.013359191708019982,-0.08664080829198002,0.1,2.3000000000000003
2009,1.0,20dB_nominal_difference,real,vanilla_IBS2,REJECTED_PHYSICAL,YZ,x,-0.0625,y,-0.5625,z,0.6875,0.1,0.06154927227289452,-0.038450727727105484,0.1,2.3000000000000003
2009,1.0,20dB_nominal_difference,real,vanilla_IBS2,REJECTED_PHYSICAL,YZ,x,-0.0625,y,-0.4375,z,0.6875,0.1,0.10110892954860418,0.0011089295486041706,0.1,2.3000000000000003
2009,1.0,20dB_nominal_difference,real,vanilla_IBS2,REJECTED_PHYSICAL,YZ,x,-0.0625,y,-0.3125,z,0.6875,0.1,0.12219957318653402,0.02219957318653401,0.1,2.3000000000000003
2009,1.0,20dB_nominal_difference,real,vanilla_IBS2,REJECTED_PHYSICAL,YZ,x,-0.0625,y,-0.1875,z,0.6875,0.1,0.1249469412646771,0.0249469412646771,0.1,2.3000000000000003
2009,1.0,20dB_nominal_difference,real,vanilla_IBS2,REJECTED_PHYSICAL,YZ,x,-0.0625,y,-0.0625,z,0.6875,0.1,0.11294214145840058,0.012942141458400572,0.1,2.3000000000000003
2009,1.0,20dB_nominal_difference,real,vanilla_IBS2,REJECTED_PHYSICAL,YZ,x,-0.0625,y,0.0625,z,0.6875,0.1,0.09186787689541596,-0.00813212310458404,0.1,2.3000000000000003
2009,1.0,20dB_nominal_difference,real,vanilla_IBS2,REJECTED_PHYSICAL,YZ,x,-0.0625,y,0.1875,z,0.6875,0.1,0.06828924792629265,-0.031710752073707354,0.1,2.3000000000000003
2009,1.0,20dB_nominal_difference,real,vanilla_IBS2,REJECTED_PHYSICAL,YZ,x,-0.0625,y,0.3125,z,0.6875,0.1,0.04863375306180558,-0.05136624693819442,0.1,2.3000000000000003
2009,1.0,20dB_nominal_difference,real,vanilla_IBS2,REJECTED_PHYSICAL,YZ,x,-0.0625,y,0.4375,z,0.6875,0.1,0.038553921362068456,-0.06144607863793155,0.1,2.3000000000000003
2009,1.0,20dB_nominal_difference,real,vanilla_IBS2,REJECTED_PHYSICAL,YZ,x,-0.0625,y,0.5625,z,0.6875,0.1,0.04294304105670642,-0.05705695894329359,0.1,2.3000000000000003
2009,1.0,20dB_nominal_difference,real,vanilla_IBS2,REJECTED_PHYSICAL,YZ,x,-0.0625,y,0.6875,z,0.6875,0.1,0.06750248821034519,-0.03249751178965482,0.1,2.3000000000000003
2009,1.0,20dB_nominal_difference,real,A23_compressed_feedback,REJECTED_PHYSICAL,XY,z,-0.0625,x,-0.6875,y,-0.6875,0.1,0.059230830687173316,-0.04076916931282669,0.1,2.3000000000000003
2009,1.0,20dB_nominal_difference,real,A23_compressed_feedback,REJECTED_PHYSICAL,XY,z,-0.0625,x,-0.5625,y,-0.6875,0.1,0.08289289810553029,-0.01710710189446972,0.1,2.3000000000000003
2009,1.0,20dB_nominal_difference,real,A23_compressed_feedback,REJECTED_PHYSICAL,XY,z,-0.0625,x,-0.4375,y,-0.6875,0.1,0.09732881570057346,-0.002671184299426546,0.1,2.3000000000000003
2009,1.0,20dB_nominal_difference,real,A23_compressed_feedback,REJECTED_PHYSICAL,XY,z,-0.0625,x,-0.3125,y,-0.6875,0.1,0.11326470812820047,0.013264708128200464,0.1,2.3000000000000003
2009,1.0,20dB_nominal_difference,real,A23_compressed_feedback,REJECTED_PHYSICAL,XY,z,-0.0625,x,-0.1875,y,-0.6875,0.1,0.13029180388114878,0.03029180388114877,0.1,2.3000000000000003
2009,1.0,20dB_nominal_difference,real,A23_compressed_feedback,REJECTED_PHYSICAL,XY,z,-0.0625,x,-0.0625,y,-0.6875,0.1,0.14575558664674984,0.045755586646749835,0.1,2.3000000000000003
2009,1.0,20dB_nominal_difference,real,A23_compressed_feedback,REJECTED_PHYSICAL,XY,z,-0.0625,x,0.0625,y,-0.6875,0.1,0.15553148243892895,0.05553148243892894,0.1,2.3000000000000003
2009,1.0,20dB_nominal_difference,real,A23_compressed_feedback,REJECTED_PHYSICAL,XY,z,-0.0625,x,0.1875,y,-0.6875,0.1,0.15459619746143516,0.05459619746143515,0.1,2.3000000000000003
2009,1.0,20dB_nominal_difference,real,A23_compressed_feedback,REJECTED_PHYSICAL,XY,z,-0.0625,x,0.3125,y,-0.6875,0.1,0.13778238657660358,0.03778238657660357,0.1,2.3000000000000003
2009,1.0,20dB_nominal_difference,real,A23_compressed_feedback,REJECTED_PHYSICAL,XY,z,-0.0625,x,0.4375,y,-0.6875,0.1,0.10057304690360283,0.0005730469036028252,0.1,2.3000000000000003
2009,1.0,20dB_nominal_difference,real,A23_compressed_feedback,REJECTED_PHYSICAL,XY,z,-0.0625,x,0.5625,y,-0.6875,0.1,0.039296071884070145,-0.06070392811592986,0.1,2.3000000000000003
2009,1.0,20dB_nominal_difference,real,A23_compressed_feedback,REJECTED_PHYSICAL,XY,z,-0.0625,x,0.6875,y,-0.6875,0.1,-0.05295913594957988,-0.15295913594957988,0.1,2.3000000000000003
2009,1.0,20dB_nominal_difference,real,A23_compressed_feedback,REJECTED_PHYSICAL,XY,z,-0.0625,x,-0.6875,y,-0.5625,0.1,0.0746315981321086,-0.02536840186789141,0.1,2.3000000000000003
2009,1.0,20dB_nominal_difference,real,A23_compressed_feedback,REJECTED_PHYSICAL,XY,z,-0.0625,x,-0.5625,y,-0.5625,0.1,0.13259083475060784,0.03259083475060784,0.1,2.3000000000000003
2009,1.0,20dB_nominal_difference,real,A23_compressed_feedback,REJECTED_PHYSICAL,XY,z,-0.0625,x,-0.4375,y,-0.5625,0.1,0.18052563684566203,0.08052563684566202,0.1,2.3000000000000003
2009,1.0,20dB_nominal_difference,real,A23_compressed_feedback,REJECTED_PHYSICAL,XY,z,-0.0625,x,-0.3125,y,-0.5625,0.1,0.2228228803483377,0.12282288034833769,0.1,2.3000000000000003
2009,1.0,20dB_nominal_difference,real,A23_compressed_feedback,REJECTED_PHYSICAL,XY,z,-0.0625,x,-0.1875,y,-0.5625,0.1,0.25713872567004603,0.15713872567004603,0.1,2.3000000000000003
2009,1.0,20dB_nominal_difference,real,A23_compressed_feedback,REJECTED_PHYSICAL,XY,z,-0.0625,x,-0.0625,y,-0.5625,0.1,0.280071964018167,0.18007196401816697,0.1,2.3000000000000003
2009,1.0,20dB_nominal_difference,real,A23_compressed_feedback,REJECTED_PHYSICAL,XY,z,-0.0625,x,0.0625,y,-0.5625,0.1,0.287830065355005,0.187830065355005,0.1,2.3000000000000003
2009,1.0,20dB_nominal_difference,real,A23_compressed_feedback,REJECTED_PHYSICAL,XY,z,-0.0625,x,0.1875,y,-0.5625,0.1,0.2767947033161369,0.17679470331613692,0.1,2.3000000000000003
2009,1.0,20dB_nominal_difference,real,A23_compressed_feedback,REJECTED_PHYSICAL,XY,z,-0.0625,x,0.3125,y,-0.5625,0.1,0.24412237065283732,0.1441223706528373,0.1,2.3000000000000003
2009,1.0,20dB_nominal_difference,real,A23_compressed_feedback,REJECTED_PHYSICAL,XY,z,-0.0625,x,0.4375,y,-0.5625,0.1,0.1883946410295354,0.0883946410295354,0.1,2.3000000000000003
2009,1.0,20dB_nominal_difference,real,A23_compressed_feedback,REJECTED_PHYSICAL,XY,z,-0.0625,x,0.5625,y,-0.5625,0.1,0.11046548794926883,0.010465487949268826,0.1,2.3000000000000003
2009,1.0,20dB_nominal_difference,real,A23_compressed_feedback,REJECTED_PHYSICAL,XY,z,-0.0625,x,0.6875,y,-0.5625,0.1,0.014822577542122545,-0.08517742245787746,0.1,2.3000000000000003
2009,1.0,20dB_nominal_difference,real,A23_compressed_feedback,REJECTED_PHYSICAL,XY,z,-0.0625,x,-0.6875,y,-0.4375,0.1,0.0905819807442726,-0.009418019255727411,0.1,2.3000000000000003
2009,1.0,20dB_nominal_difference,real,A23_compressed_feedback,REJECTED_PHYSICAL,XY,z,-0.0625,x,-0.5625,y,-0.4375,0.1,0.1769777354200911,0.07697773542009109,0.1,2.3000000000000003
2009,1.0,20dB_nominal_difference,real,A23_compressed_feedback,REJECTED_PHYSICAL,XY,z,-0.0625,x,-0.4375,y,-0.4375,0.1,0.2528023988348211,0.15280239883482108,0.1,2.3000000000000003
2009,1.0,20dB_nominal_difference,real,A23_compressed_feedback,REJECTED_PHYSICAL,XY,z,-0.0625,x,-0.3125,y,-0.4375,0.1,0.3188003484912737,0.2188003484912737,0.1,2.3000000000000003
2009,1.0,20dB_nominal_difference,real,A23_compressed_feedback,REJECTED_PHYSICAL,XY,z,-0.0625,x,-0.1875,y,-0.4375,0.1,0.3696879048186199,0.26968790481861993,0.1,2.3000000000000003
2009,1.0,20dB_nominal_difference,real,A23_compressed_feedback,REJECTED_PHYSICAL,XY,z,-0.0625,x,-0.0625,y,-0.4375,0.1,0.40087116521428845,0.30087116521428847,0.1,2.3000000000000003
2009,1.0,20dB_nominal_difference,real,A23_compressed_feedback,REJECTED_PHYSICAL,XY,z,-0.0625,x,0.0625,y,-0.4375,0.1,0.4086580143006542,0.3086580143006542,0.1,2.3000000000000003
2009,1.0,20dB_nominal_difference,real,A23_compressed_feedback,REJECTED_PHYSICAL,XY,z,-0.0625,x,0.1875,y,-0.4375,0.1,0.3906591185612387,0.2906591185612387,0.1,2.3000000000000003
2009,1.0,20dB_nominal_difference,real,A23_compressed_feedback,REJECTED_PHYSICAL,XY,z,-0.0625,x,0.3125,y,-0.4375,0.1,0.3462528126650998,0.24625281266509977,0.1,2.3000000000000003
2009,1.0,20dB_nominal_difference,real,A23_compressed_feedback,REJECTED_PHYSICAL,XY,z,-0.0625,x,0.4375,y,-0.4375,0.1,0.27713489886412057,0.17713489886412057,0.1,2.3000000000000003
2009,1.0,20dB_nominal_difference,real,A23_compressed_feedback,REJECTED_PHYSICAL,XY,z,-0.0625,x,0.5625,y,-0.4375,0.1,0.18814614295431792,0.08814614295431791,0.1,2.3000000000000003
2009,1.0,20dB_nominal_difference,real,A23_compressed_feedback,REJECTED_PHYSICAL,XY,z,-0.0625,x,0.6875,y,-0.4375,0.1,0.08626161195411094,-0.01373838804588906,0.1,2.3000000000000003
2009,1.0,20dB_nominal_difference,real,A23_compressed_feedback,REJECTED_PHYSICAL,XY,z,-0.0625,x,-0.6875,y,-0.3125,0.1,0.09853269028697692,-0.001467309713023085,0.1,2.3000000000000003
2009,1.0,20dB_nominal_difference,real,A23_compressed_feedback,REJECTED_PHYSICAL,XY,z,-0.0625,x,-0.5625,y,-0.3125,0.1,0.2077296614228257,0.1077296614228257,0.1,2.3000000000000003
2009,1.0,20dB_nominal_difference,real,A23_compressed_feedback,REJECTED_PHYSICAL,XY,z,-0.0625,x,-0.4375,y,-0.3125,0.1,0.30436526354127036,0.20436526354127035,0.1,2.3000000000000003
2009,1.0,20dB_nominal_difference,real,A23_compressed_feedback,REJECTED_PHYSICAL,XY,z,-0.0625,x,-0.3125,y,-0.3125,0.1,0.38830345650367437,0.2883034565036744,0.1,2.3000000000000003
2009,1.0,20dB_nominal_difference,real,A23_compressed_feedback,REJECTED_PHYSICAL,XY,z,-0.0625,x,-0.1875,y,-0.3125,0.9,0.4521948851498445,-0.4478051148501555,0.1,2.3000000000000003
2009,1.0,20dB_nominal_difference,real,A23_compressed_feedback,REJECTED_PHYSICAL,XY,z,-0.0625,x,-0.0625,y,-0.3125,0.9,0.4904257879714161,-0.4095742120285839,0.1,2.3000000000000003
2009,1.0,20dB_nominal_difference,real,A23_compressed_feedback,REJECTED_PHYSICAL,XY,z,-0.0625,x,0.0625,y,-0.3125,1.6,0.4993436569511387,-1.1006563430488614,0.1,2.3000000000000003
2009,1.0,20dB_nominal_difference,real,A23_compressed_feedback,REJECTED_PHYSICAL,XY,z,-0.0625,x,0.1875,y,-0.3125,0.9,0.47755807967620467,-0.42244192032379535,0.1,2.3000000000000003
2009,1.0,20dB_nominal_difference,real,A23_compressed_feedback,REJECTED_PHYSICAL,XY,z,-0.0625,x,0.3125,y,-0.3125,0.1,0.42625757298373756,0.3262575729837376,0.1,2.3000000000000003
2009,1.0,20dB_nominal_difference,real,A23_compressed_feedback,REJECTED_PHYSICAL,XY,z,-0.0625,x,0.4375,y,-0.3125,0.1,0.3495106472246474,0.2495106472246474,0.1,2.3000000000000003
2009,1.0,20dB_nominal_difference,real,A23_compressed_feedback,REJECTED_PHYSICAL,XY,z,-0.0625,x,0.5625,y,-0.3125,0.1,0.25452410619843086,0.15452410619843085,0.1,2.3000000000000003
2009,1.0,20dB_nominal_difference,real,A23_compressed_feedback,REJECTED_PHYSICAL,XY,z,-0.0625,x,0.6875,y,-0.3125,0.1,0.14837090844896378,0.04837090844896377,0.1,2.3000000000000003
2009,1.0,20dB_nominal_difference,real,A23_compressed_feedback,REJECTED_PHYSICAL,XY,z,-0.0625,x,-0.6875,y,-0.1875,0.1,0.09914247198954292,-0.0008575280104570898,0.1,2.3000000000000003
2009,1.0,20dB_nominal_difference,real,A23_compressed_feedback,REJECTED_PHYSICAL,XY,z,-0.0625,x,-0.5625,y,-0.1875,0.1,0.22315182349053284,0.12315182349053283,0.1,2.3000000000000003
2009,1.0,20dB_nominal_difference,real,A23_compressed_feedback,REJECTED_PHYSICAL,XY,z,-0.0625,x,-0.4375,y,-0.1875,0.1,0.33247786764715936,0.23247786764715936,0.1,2.3000000000000003
2009,1.0,20dB_nominal_difference,real,A23_compressed_feedback,REJECTED_PHYSICAL,XY,z,-0.0625,x,-0.3125,y,-0.1875,0.9,0.4273503004844915,-0.4726496995155085,0.1,2.3000000000000003
2009,1.0,20dB_nominal_difference,real,A23_compressed_feedback,REJECTED_PHYSICAL,XY,z,-0.0625,x,-0.1875,y,-0.1875,1.6,0.4993962111909528,-1.1006037888090474,0.1,2.3000000000000003
2009,1.0,20dB_nominal_difference,real,A23_compressed_feedback,REJECTED_PHYSICAL,XY,z,-0.0625,x,-0.0625,y,-0.1875,1.6,0.5424441681640865,-1.0575558318359137,0.1,2.3000000000000003
2009,1.0,20dB_nominal_difference,real,A23_compressed_feedback,REJECTED_PHYSICAL,XY,z,-0.0625,x,0.0625,y,-0.1875,2.3000000000000003,0.5529133713237199,-1.7470866286762803,0.1,2.3000000000000003
2009,1.0,20dB_nominal_difference,real,A23_compressed_feedback,REJECTED_PHYSICAL,XY,z,-0.0625,x,0.1875,y,-0.1875,2.3000000000000003,0.5301099802894792,-1.769890019710521,0.1,2.3000000000000003
2009,1.0,20dB_nominal_difference,real,A23_compressed_feedback,REJECTED_PHYSICAL,XY,z,-0.0625,x,0.3125,y,-0.1875,1.6,0.4764300664967587,-1.1235699335032414,0.1,2.3000000000000003
2009,1.0,20dB_nominal_difference,real,A23_compressed_feedback,REJECTED_PHYSICAL,XY,z,-0.0625,x,0.4375,y,-0.1875,0.1,0.3974082786751757,0.2974082786751757,0.1,2.3000000000000003
2009,1.0,20dB_nominal_difference,real,A23_compressed_feedback,REJECTED_PHYSICAL,XY,z,-0.0625,x,0.5625,y,-0.1875,0.1,0.3015099107767655,0.20150991077676547,0.1,2.3000000000000003
2009,1.0,20dB_nominal_difference,real,A23_compressed_feedback,REJECTED_PHYSICAL,XY,z,-0.0625,x,0.6875,y,-0.1875,0.1,0.1954080265749757,0.09540802657497569,0.1,2.3000000000000003
2009,1.0,20dB_nominal_difference,real,A23_compressed_feedback,REJECTED_PHYSICAL,XY,z,-0.0625,x,-0.6875,y,-0.0625,0.1,0.09407457407566697,-0.005925425924333039,0.1,2.3000000000000003
2009,1.0,20dB_nominal_difference,real,A23_compressed_feedback,REJECTED_PHYSICAL,XY,z,-0.0625,x,-0.5625,y,-0.0625,0.1,0.22352095019588972,0.12352095019588971,0.1,2.3000000000000003
2009,1.0,20dB_nominal_difference,real,A23_compressed_feedback,REJECTED_PHYSICAL,XY,z,-0.0625,x,-0.4375,y,-0.0625,0.1,0.3366580165200689,0.23665801652006888,0.1,2.3000000000000003
2009,1.0,20dB_nominal_difference,real,A23_compressed_feedback,REJECTED_PHYSICAL,XY,z,-0.0625,x,-0.3125,y,-0.0625,0.9,0.43482440885317497,-0.46517559114682505,0.1,2.3000000000000003
2009,1.0,20dB_nominal_difference,real,A23_compressed_feedback,REJECTED_PHYSICAL,XY,z,-0.0625,x,-0.1875,y,-0.0625,1.6,0.5095181324587931,-1.090481867541207,0.1,2.3000000000000003
2009,1.0,20dB_nominal_difference,real,A23_compressed_feedback,REJECTED_PHYSICAL,XY,z,-0.0625,x,-0.0625,y,-0.0625,1.6,0.5545085410070469,-1.0454914589929531,0.1,2.3000000000000003
2009,1.0,20dB_nominal_difference,real,A23_compressed_feedback,REJECTED_PHYSICAL,XY,z,-0.0625,x,0.0625,y,-0.0625,2.3000000000000003,0.5663521569792007,-1.7336478430207996,0.1,2.3000000000000003
2009,1.0,20dB_nominal_difference,real,A23_compressed_feedback,REJECTED_PHYSICAL,XY,z,-0.0625,x,0.1875,y,-0.0625,2.3000000000000003,0.5447320839822076,-1.7552679160177926,0.1,2.3000000000000003
2009,1.0,20dB_nominal_difference,real,A23_compressed_feedback,REJECTED_PHYSICAL,XY,z,-0.0625,x,0.3125,y,-0.0625,2.3000000000000003,0.49262037024703254,-1.8073796297529676,0.1,2.3000000000000003
2009,1.0,20dB_nominal_difference,real,A23_compressed_feedback,REJECTED_PHYSICAL,XY,z,-0.0625,x,0.4375,y,-0.0625,0.9,0.4161904336058866,-0.48380956639411343,0.1,2.3000000000000003
2009,1.0,20dB_nominal_difference,real,A23_compressed_feedback,REJECTED_PHYSICAL,XY,z,-0.0625,x,0.5625,y,-0.0625,0.1,0.32438022099443065,0.22438022099443064,0.1,2.3000000000000003
2009,1.0,20dB_nominal_difference,real,A23_compressed_feedback,REJECTED_PHYSICAL,XY,z,-0.0625,x,0.6875,y,-0.0625,0.1,0.22321101174757116,0.12321101174757115,0.1,2.3000000000000003
2009,1.0,20dB_nominal_difference,real,A23_compressed_feedback,REJECTED_PHYSICAL,XY,z,-0.0625,x,-0.6875,y,0.0625,0.1,0.08481250767980378,-0.015187492320196228,0.1,2.3000000000000003
2009,1.0,20dB_nominal_difference,real,A23_compressed_feedback,REJECTED_PHYSICAL,XY,z,-0.0625,x,-0.5625,y,0.0625,0.1,0.21010748340555324,0.11010748340555324,0.1,2.3000000000000003
2009,1.0,20dB_nominal_difference,real,A23_compressed_feedback,REJECTED_PHYSICAL,XY,z,-0.0625,x,-0.4375,y,0.0625,0.1,0.3182570110543591,0.2182570110543591,0.1,2.3000000000000003
2009,1.0,20dB_nominal_difference,real,A23_compressed_feedback,REJECTED_PHYSICAL,XY,z,-0.0625,x,-0.3125,y,0.0625,0.9,0.4121779778809037,-0.4878220221190963,0.1,2.3000000000000003
2009,1.0,20dB_nominal_difference,real,A23_compressed_feedback,REJECTED_PHYSICAL,XY,z,-0.0625,x,-0.1875,y,0.0625,0.9,0.4839948465684988,-0.41600515343150124,0.1,2.3000000000000003
2009,1.0,20dB_nominal_difference,real,A23_compressed_feedback,REJECTED_PHYSICAL,XY,z,-0.0625,x,-0.0625,y,0.0625,1.6,0.5278596639775939,-1.0721403360224062,0.1,2.3000000000000003
2009,1.0,20dB_nominal_difference,real,A23_compressed_feedback,REJECTED_PHYSICAL,XY,z,-0.0625,x,0.0625,y,0.0625,1.6,0.5405216375935208,-1.0594783624064794,0.1,2.3000000000000003
2009,1.0,20dB_nominal_difference,real,A23_compressed_feedback,REJECTED_PHYSICAL,XY,z,-0.0625,x,0.1875,y,0.0625,2.3000000000000003,0.5217332524221248,-1.7782667475778755,0.1,2.3000000000000003
2009,1.0,20dB_nominal_difference,real,A23_compressed_feedback,REJECTED_PHYSICAL,XY,z,-0.0625,x,0.3125,y,0.0625,1.6,0.4744570446937245,-1.1255429553062757,0.1,2.3000000000000003
2009,1.0,20dB_nominal_difference,real,A23_compressed_feedback,REJECTED_PHYSICAL,XY,z,-0.0625,x,0.4375,y,0.0625,0.9,0.4047851252024086,-0.4952148747975914,0.1,2.3000000000000003
2009,1.0,20dB_nominal_difference,real,A23_compressed_feedback,REJECTED_PHYSICAL,XY,z,-0.0625,x,0.5625,y,0.0625,0.1,0.32147818647116744,0.22147818647116743,0.1,2.3000000000000003
2009,1.0,20dB_nominal_difference,real,A23_compressed_feedback,REJECTED_PHYSICAL,XY,z,-0.0625,x,0.6875,y,0.0625,0.1,0.22971411321865906,0.12971411321865906,0.1,2.3000000000000003
2009,1.0,20dB_nominal_difference,real,A23_compressed_feedback,REJECTED_PHYSICAL,XY,z,-0.0625,x,-0.6875,y,0.1875,0.1,0.07205754682634738,-0.027942453173652626,0.1,2.3000000000000003
2009,1.0,20dB_nominal_difference,real,A23_compressed_feedback,REJECTED_PHYSICAL,XY,z,-0.0625,x,-0.5625,y,0.1875,0.1,0.18455843782751952,0.08455843782751951,0.1,2.3000000000000003
2009,1.0,20dB_nominal_difference,real,A23_compressed_feedback,REJECTED_PHYSICAL,XY,z,-0.0625,x,-0.4375,y,0.1875,0.1,0.2799479434841093,0.17994794348410928,0.1,2.3000000000000003
2009,1.0,20dB_nominal_difference,real,A23_compressed_feedback,REJECTED_PHYSICAL,XY,z,-0.0625,x,-0.3125,y,0.1875,0.1,0.36296038013278387,0.2629603801327839,0.1,2.3000000000000003
2009,1.0,20dB_nominal_difference,real,A23_compressed_feedback,REJECTED_PHYSICAL,XY,z,-0.0625,x,-0.1875,y,0.1875,0.9,0.42699306936549253,-0.4730069306345075,0.1,2.3000000000000003
2009,1.0,20dB_nominal_difference,real,A23_compressed_feedback,REJECTED_PHYSICAL,XY,z,-0.0625,x,-0.0625,y,0.1875,0.9,0.46694321041249365,-0.4330567895875064,0.1,2.3000000000000003
2009,1.0,20dB_nominal_difference,real,A23_compressed_feedback,REJECTED_PHYSICAL,XY,z,-0.0625,x,0.0625,y,0.1875,1.6,0.47977479571793924,-1.1202252042820608,0.1,2.3000000000000003
2009,1.0,20dB_nominal_difference,real,A23_compressed_feedback,REJECTED_PHYSICAL,XY,z,-0.0625,x,0.1875,y,0.1875,1.6,0.4650240314548596,-1.1349759685451404,0.1,2.3000000000000003
2009,1.0,20dB_nominal_difference,real,A23_compressed_feedback,REJECTED_PHYSICAL,XY,z,-0.0625,x,0.3125,y,0.1875,0.9,0.4251305292809143,-0.4748694707190857,0.1,2.3000000000000003
2009,1.0,20dB_nominal_difference,real,A23_compressed_feedback,REJECTED_PHYSICAL,XY,z,-0.0625,x,0.4375,y,0.1875,0.1,0.365485187082359,0.265485187082359,0.1,2.3000000000000003
2009,1.0,20dB_nominal_difference,real,A23_compressed_feedback,REJECTED_PHYSICAL,XY,z,-0.0625,x,0.5625,y,0.1875,0.1,0.2941099000781342,0.1941099000781342,0.1,2.3000000000000003
2009,1.0,20dB_nominal_difference,real,A23_compressed_feedback,REJECTED_PHYSICAL,XY,z,-0.0625,x,0.6875,y,0.1875,0.1,0.2152653334040879,0.1152653334040879,0.1,2.3000000000000003
2009,1.0,20dB_nominal_difference,real,A23_compressed_feedback,REJECTED_PHYSICAL,XY,z,-0.0625,x,-0.6875,y,0.3125,0.1,0.05562655127739737,-0.04437344872260263,0.1,2.3000000000000003
2009,1.0,20dB_nominal_difference,real,A23_compressed_feedback,REJECTED_PHYSICAL,XY,z,-0.0625,x,-0.5625,y,0.3125,0.1,0.14872607377611774,0.048726073776117734,0.1,2.3000000000000003
2009,1.0,20dB_nominal_difference,real,A23_compressed_feedback,REJECTED_PHYSICAL,XY,z,-0.0625,x,-0.4375,y,0.3125,0.1,0.22537641708622344,0.12537641708622344,0.1,2.3000000000000003
2009,1.0,20dB_nominal_difference,real,A23_compressed_feedback,REJECTED_PHYSICAL,XY,z,-0.0625,x,-0.3125,y,0.3125,0.1,0.29231171603133477,0.19231171603133476,0.1,2.3000000000000003
2009,1.0,20dB_nominal_difference,real,A23_compressed_feedback,REJECTED_PHYSICAL,XY,z,-0.0625,x,-0.1875,y,0.3125,0.1,0.3448082354268031,0.2448082354268031,0.1,2.3000000000000003
2009,1.0,20dB_nominal_difference,real,A23_compressed_feedback,REJECTED_PHYSICAL,XY,z,-0.0625,x,-0.0625,y,0.3125,0.1,0.3787661636089066,0.2787661636089066,0.1,2.3000000000000003
2009,1.0,20dB_nominal_difference,real,A23_compressed_feedback,REJECTED_PHYSICAL,XY,z,-0.0625,x,0.0625,y,0.3125,0.1,0.3913196274022448,0.2913196274022448,0.1,2.3000000000000003
2009,1.0,20dB_nominal_difference,real,A23_compressed_feedback,REJECTED_PHYSICAL,XY,z,-0.0625,x,0.1875,y,0.3125,0.1,0.38152365497161933,0.28152365497161935,0.1,2.3000000000000003
2009,1.0,20dB_nominal_difference,real,A23_compressed_feedback,REJECTED_PHYSICAL,XY,z,-0.0625,x,0.3125,y,0.3125,0.1,0.35087354097427004,0.25087354097427006,0.1,2.3000000000000003
2009,1.0,20dB_nominal_difference,real,A23_compressed_feedback,REJECTED_PHYSICAL,XY,z,-0.0625,x,0.4375,y,0.3125,0.1,0.30354345944000655,0.20354345944000654,0.1,2.3000000000000003
2009,1.0,20dB_nominal_difference,real,A23_compressed_feedback,REJECTED_PHYSICAL,XY,z,-0.0625,x,0.5625,y,0.3125,0.1,0.24632161568506003,0.14632161568506002,0.1,2.3000000000000003
2009,1.0,20dB_nominal_difference,real,A23_compressed_feedback,REJECTED_PHYSICAL,XY,z,-0.0625,x,0.6875,y,0.3125,0.1,0.18262568135659868,0.08262568135659867,0.1,2.3000000000000003
2009,1.0,20dB_nominal_difference,real,A23_compressed_feedback,REJECTED_PHYSICAL,XY,z,-0.0625,x,-0.6875,y,0.4375,0.1,0.035120577396781025,-0.06487942260321898,0.1,2.3000000000000003
2009,1.0,20dB_nominal_difference,real,A23_compressed_feedback,REJECTED_PHYSICAL,XY,z,-0.0625,x,-0.5625,y,0.4375,0.1,0.1050688356348876,0.005068835634887595,0.1,2.3000000000000003
2009,1.0,20dB_nominal_difference,real,A23_compressed_feedback,REJECTED_PHYSICAL,XY,z,-0.0625,x,-0.4375,y,0.4375,0.1,0.15897422784981777,0.05897422784981776,0.1,2.3000000000000003
2009,1.0,20dB_nominal_difference,real,A23_compressed_feedback,REJECTED_PHYSICAL,XY,z,-0.0625,x,-0.3125,y,0.4375,0.1,0.2064223028944458,0.10642230289444579,0.1,2.3000000000000003
2009,1.0,20dB_nominal_difference,real,A23_compressed_feedback,REJECTED_PHYSICAL,XY,z,-0.0625,x,-0.1875,y,0.4375,0.1,0.24517167519779032,0.1451716751977903,0.1,2.3000000000000003
2009,1.0,20dB_nominal_difference,real,A23_compressed_feedback,REJECTED_PHYSICAL,XY,z,-0.0625,x,-0.0625,y,0.4375,0.1,0.27213302916088744,0.17213302916088744,0.1,2.3000000000000003
2009,1.0,20dB_nominal_difference,real,A23_compressed_feedback,REJECTED_PHYSICAL,XY,z,-0.0625,x,0.0625,y,0.4375,0.1,0.2844195847960314,0.1844195847960314,0.1,2.3000000000000003
2009,1.0,20dB_nominal_difference,real,A23_compressed_feedback,REJECTED_PHYSICAL,XY,z,-0.0625,x,0.1875,y,0.4375,0.1,0.28035735942619905,0.18035735942619904,0.1,2.3000000000000003
2009,1.0,20dB_nominal_difference,real,A23_compressed_feedback,REJECTED_PHYSICAL,XY,z,-0.0625,x,0.3125,y,0.4375,0.1,0.2602112954401405,0.16021129544014048,0.1,2.3000000000000003
2009,1.0,20dB_nominal_difference,real,A23_compressed_feedback,REJECTED_PHYSICAL,XY,z,-0.0625,x,0.4375,y,0.4375,0.1,0.22657409029849948,0.12657409029849948,0.1,2.3000000000000003
2009,1.0,20dB_nominal_difference,real,A23_compressed_feedback,REJECTED_PHYSICAL,XY,z,-0.0625,x,0.5625,y,0.4375,0.1,0.18451385686328167,0.08451385686328167,0.1,2.3000000000000003
2009,1.0,20dB_nominal_difference,real,A23_compressed_feedback,REJECTED_PHYSICAL,XY,z,-0.0625,x,0.6875,y,0.4375,0.1,0.13665407131879953,0.036654071318799525,0.1,2.3000000000000003
2009,1.0,20dB_nominal_difference,real,A23_compressed_feedback,REJECTED_PHYSICAL,XY,z,-0.0625,x,-0.6875,y,0.5625,0.1,0.012505059653731374,-0.08749494034626863,0.1,2.3000000000000003
2009,1.0,20dB_nominal_difference,real,A23_compressed_feedback,REJECTED_PHYSICAL,XY,z,-0.0625,x,-0.5625,y,0.5625,0.1,0.05763341655601157,-0.042366583443988436,0.1,2.3000000000000003
2009,1.0,20dB_nominal_difference,real,A23_compressed_feedback,REJECTED_PHYSICAL,XY,z,-0.0625,x,-0.4375,y,0.5625,0.1,0.08551028043189869,-0.014489719568101314,0.1,2.3000000000000003
2009,1.0,20dB_nominal_difference,real,A23_compressed_feedback,REJECTED_PHYSICAL,XY,z,-0.0625,x,-0.3125,y,0.5625,0.1,0.11180113712250608,0.011801137122506078,0.1,2.3000000000000003
2009,1.0,20dB_nominal_difference,real,A23_compressed_feedback,REJECTED_PHYSICAL,XY,z,-0.0625,x,-0.1875,y,0.5625,0.1,0.1365022143382406,0.03650221433824061,0.1,2.3000000000000003
2009,1.0,20dB_nominal_difference,real,A23_compressed_feedback,REJECTED_PHYSICAL,XY,z,-0.0625,x,-0.0625,y,0.5625,0.1,0.15686025458123326,0.056860254581233255,0.1,2.3000000000000003
2009,1.0,20dB_nominal_difference,real,A23_compressed_feedback,REJECTED_PHYSICAL,XY,z,-0.0625,x,0.0625,y,0.5625,0.1,0.16954581691832382,0.06954581691832382,0.1,2.3000000000000003
2009,1.0,20dB_nominal_difference,real,A23_compressed_feedback,REJECTED_PHYSICAL,XY,z,-0.0625,x,0.1875,y,0.5625,0.1,0.17194733226535214,0.07194733226535213,0.1,2.3000000000000003
2009,1.0,20dB_nominal_difference,real,A23_compressed_feedback,REJECTED_PHYSICAL,XY,z,-0.0625,x,0.3125,y,0.5625,0.1,0.16302120964135755,0.06302120964135755,0.1,2.3000000000000003
2009,1.0,20dB_nominal_difference,real,A23_compressed_feedback,REJECTED_PHYSICAL,XY,z,-0.0625,x,0.4375,y,0.5625,0.1,0.14372017574883172,0.04372017574883172,0.1,2.3000000000000003
2009,1.0,20dB_nominal_difference,real,A23_compressed_feedback,REJECTED_PHYSICAL,XY,z,-0.0625,x,0.5625,y,0.5625,0.1,0.1169882874501129,0.016988287450112896,0.1,2.3000000000000003
2009,1.0,20dB_nominal_difference,real,A23_compressed_feedback,REJECTED_PHYSICAL,XY,z,-0.0625,x,0.6875,y,0.5625,0.1,0.08379472498544098,-0.016205275014559026,0.1,2.3000000000000003
2009,1.0,20dB_nominal_difference,real,A23_compressed_feedback,REJECTED_PHYSICAL,XY,z,-0.0625,x,-0.6875,y,0.6875,0.1,0.013139067112747357,-0.08686093288725265,0.1,2.3000000000000003
2009,1.0,20dB_nominal_difference,real,A23_compressed_feedback,REJECTED_PHYSICAL,XY,z,-0.0625,x,-0.5625,y,0.6875,0.1,0.020121488451379357,-0.07987851154862065,0.1,2.3000000000000003
2009,1.0,20dB_nominal_difference,real,A23_compressed_feedback,REJECTED_PHYSICAL,XY,z,-0.0625,x,-0.4375,y,0.6875,0.1,0.018184201518034182,-0.08181579848196582,0.1,2.3000000000000003
2009,1.0,20dB_nominal_difference,real,A23_compressed_feedback,REJECTED_PHYSICAL,XY,z,-0.0625,x,-0.3125,y,0.6875,0.1,0.02465711236853685,-0.07534288763146316,0.1,2.3000000000000003
2009,1.0,20dB_nominal_difference,real,A23_compressed_feedback,REJECTED_PHYSICAL,XY,z,-0.0625,x,-0.1875,y,0.6875,0.1,0.037424585580412686,-0.06257541441958732,0.1,2.3000000000000003
2009,1.0,20dB_nominal_difference,real,A23_compressed_feedback,REJECTED_PHYSICAL,XY,z,-0.0625,x,-0.0625,y,0.6875,0.1,0.05261898378786775,-0.047381016212132254,0.1,2.3000000000000003
2009,1.0,20dB_nominal_difference,real,A23_compressed_feedback,REJECTED_PHYSICAL,XY,z,-0.0625,x,0.0625,y,0.6875,0.1,0.06606053724502686,-0.03393946275497314,0.1,2.3000000000000003
2009,1.0,20dB_nominal_difference,real,A23_compressed_feedback,REJECTED_PHYSICAL,XY,z,-0.0625,x,0.1875,y,0.6875,0.1,0.07422020713731822,-0.025779792862681783,0.1,2.3000000000000003
2009,1.0,20dB_nominal_difference,real,A23_compressed_feedback,REJECTED_PHYSICAL,XY,z,-0.0625,x,0.3125,y,0.6875,0.1,0.07502133516217371,-0.024978664837826292,0.1,2.3000000000000003
2009,1.0,20dB_nominal_difference,real,A23_compressed_feedback,REJECTED_PHYSICAL,XY,z,-0.0625,x,0.4375,y,0.6875,0.1,0.06830809567708268,-0.031691904322917325,0.1,2.3000000000000003
2009,1.0,20dB_nominal_difference,real,A23_compressed_feedback,REJECTED_PHYSICAL,XY,z,-0.0625,x,0.5625,y,0.6875,0.1,0.05561599227946113,-0.044384007720538875,0.1,2.3000000000000003
2009,1.0,20dB_nominal_difference,real,A23_compressed_feedback,REJECTED_PHYSICAL,XY,z,-0.0625,x,0.6875,y,0.6875,0.1,0.03413019840338666,-0.06586980159661335,0.1,2.3000000000000003
2009,1.0,20dB_nominal_difference,real,A23_compressed_feedback,REJECTED_PHYSICAL,XZ,y,-0.0625,x,-0.6875,z,-0.6875,0.1,-0.016159927426457596,-0.1161599274264576,0.1,2.3000000000000003
2009,1.0,20dB_nominal_difference,real,A23_compressed_feedback,REJECTED_PHYSICAL,XZ,y,-0.0625,x,-0.5625,z,-0.6875,0.1,0.011458459954213657,-0.08854154004578635,0.1,2.3000000000000003
2009,1.0,20dB_nominal_difference,real,A23_compressed_feedback,REJECTED_PHYSICAL,XZ,y,-0.0625,x,-0.4375,z,-0.6875,0.1,0.0440057944457795,-0.05599420555422051,0.1,2.3000000000000003
2009,1.0,20dB_nominal_difference,real,A23_compressed_feedback,REJECTED_PHYSICAL,XZ,y,-0.0625,x,-0.3125,z,-0.6875,0.1,0.07795966482345194,-0.022040335176548062,0.1,2.3000000000000003
2009,1.0,20dB_nominal_difference,real,A23_compressed_feedback,REJECTED_PHYSICAL,XZ,y,-0.0625,x,-0.1875,z,-0.6875,0.1,0.10713835398636087,0.007138353986360868,0.1,2.3000000000000003
2009,1.0,20dB_nominal_difference,real,A23_compressed_feedback,REJECTED_PHYSICAL,XZ,y,-0.0625,x,-0.0625,z,-0.6875,0.1,0.12655771212752476,0.026557712127524752,0.1,2.3000000000000003
2009,1.0,20dB_nominal_difference,real,A23_compressed_feedback,REJECTED_PHYSICAL,XZ,y,-0.0625,x,0.0625,z,-0.6875,0.1,0.13305751736666302,0.033057517366663014,0.1,2.3000000000000003
2009,1.0,20dB_nominal_difference,real,A23_compressed_feedback,REJECTED_PHYSICAL,XZ,y,-0.0625,x,0.1875,z,-0.6875,0.1,0.12591997959832585,0.025919979598325843,0.1,2.3000000000000003
2009,1.0,20dB_nominal_difference,real,A23_compressed_feedback,REJECTED_PHYSICAL,XZ,y,-0.0625,x,0.3125,z,-0.6875,0.1,0.10729904120262729,0.007299041202627282,0.1,2.3000000000000003
2009,1.0,20dB_nominal_difference,real,A23_compressed_feedback,REJECTED_PHYSICAL,XZ,y,-0.0625,x,0.4375,z,-0.6875,0.1,0.08235049898213749,-0.017649501017862515,0.1,2.3000000000000003
2009,1.0,20dB_nominal_difference,real,A23_compressed_feedback,REJECTED_PHYSICAL,XZ,y,-0.0625,x,0.5625,z,-0.6875,0.1,0.05916605345911698,-0.04083394654088303,0.1,2.3000000000000003
2009,1.0,20dB_nominal_difference,real,A23_compressed_feedback,REJECTED_PHYSICAL,XZ,y,-0.0625,x,0.6875,z,-0.6875,0.1,0.05119628627646277,-0.048803713723537236,0.1,2.3000000000000003
2009,1.0,20dB_nominal_difference,real,A23_compressed_feedback,REJECTED_PHYSICAL,XZ,y,-0.0625,x,-0.6875,z,-0.5625,0.1,0.009790195484169609,-0.0902098045158304,0.1,2.3000000000000003
2009,1.0,20dB_nominal_difference,real,A23_compressed_feedback,REJECTED_PHYSICAL,XZ,y,-0.0625,x,-0.5625,z,-0.5625,0.1,0.06952047553790393,-0.030479524462096078,0.1,2.3000000000000003
2009,1.0,20dB_nominal_difference,real,A23_compressed_feedback,REJECTED_PHYSICAL,XZ,y,-0.0625,x,-0.4375,z,-0.5625,0.1,0.12436765796275756,0.024367657962757555,0.1,2.3000000000000003
2009,1.0,20dB_nominal_difference,real,A23_compressed_feedback,REJECTED_PHYSICAL,XZ,y,-0.0625,x,-0.3125,z,-0.5625,0.1,0.17477688908325884,0.07477688908325883,0.1,2.3000000000000003
2009,1.0,20dB_nominal_difference,real,A23_compressed_feedback,REJECTED_PHYSICAL,XZ,y,-0.0625,x,-0.1875,z,-0.5625,0.1,0.21539869660390773,0.11539869660390772,0.1,2.3000000000000003
2009,1.0,20dB_nominal_difference,real,A23_compressed_feedback,REJECTED_PHYSICAL,XZ,y,-0.0625,x,-0.0625,z,-0.5625,0.1,0.24133558349915712,0.14133558349915712,0.1,2.3000000000000003
2009,1.0,20dB_nominal_difference,real,A23_compressed_feedback,REJECTED_PHYSICAL,XZ,y,-0.0625,x,0.0625,z,-0.5625,0.1,0.24948850142449644,0.14948850142449643,0.1,2.3000000000000003
2009,1.0,20dB_nominal_difference,real,A23_compressed_feedback,REJECTED_PHYSICAL,XZ,y,-0.0625,x,0.1875,z,-0.5625,0.1,0.23938575430025053,0.13938575430025052,0.1,2.3000000000000003
2009,1.0,20dB_nominal_difference,real,A23_compressed_feedback,REJECTED_PHYSICAL,XZ,y,-0.0625,x,0.3125,z,-0.5625,0.1,0.21368190063794754,0.11368190063794753,0.1,2.3000000000000003
2009,1.0,20dB_nominal_difference,real,A23_compressed_feedback,REJECTED_PHYSICAL,XZ,y,-0.0625,x,0.4375,z,-0.5625,0.1,0.17831426101972547,0.07831426101972547,0.1,2.3000000000000003
2009,1.0,20dB_nominal_difference,real,A23_compressed_feedback,REJECTED_PHYSICAL,XZ,y,-0.0625,x,0.5625,z,-0.5625,0.1,0.1422786711882728,0.042278671188272804,0.1,2.3000000000000003
2009,1.0,20dB_nominal_difference,real,A23_compressed_feedback,REJECTED_PHYSICAL,XZ,y,-0.0625,x,0.6875,z,-0.5625,0.1,0.11612973748363133,0.01612973748363132,0.1,2.3000000000000003
2009,1.0,20dB_nominal_difference,real,A23_compressed_feedback,REJECTED_PHYSICAL,XZ,y,-0.0625,x,-0.6875,z,-0.4375,0.1,0.03815596589304964,-0.061844034106950364,0.1,2.3000000000000003
2009,1.0,20dB_nominal_difference,real,A23_compressed_feedback,REJECTED_PHYSICAL,XZ,y,-0.0625,x,-0.5625,z,-0.4375,0.1,0.12294650530619249,0.02294650530619248,0.1,2.3000000000000003
2009,1.0,20dB_nominal_difference,real,A23_compressed_feedback,REJECTED_PHYSICAL,XZ,y,-0.0625,x,-0.4375,z,-0.4375,0.1,0.19920872757515717,0.09920872757515717,0.1,2.3000000000000003
2009,1.0,20dB_nominal_difference,real,A23_compressed_feedback,REJECTED_PHYSICAL,XZ,y,-0.0625,x,-0.3125,z,-0.4375,0.1,0.2667290821153723,0.16672908211537227,0.1,2.3000000000000003
2009,1.0,20dB_nominal_difference,real,A23_compressed_feedback,REJECTED_PHYSICAL,XZ,y,-0.0625,x,-0.1875,z,-0.4375,0.1,0.3194693434687862,0.2194693434687862,0.1,2.3000000000000003
2009,1.0,20dB_nominal_difference,real,A23_compressed_feedback,REJECTED_PHYSICAL,XZ,y,-0.0625,x,-0.0625,z,-0.4375,0.1,0.35238384970508996,0.25238384970509,0.1,2.3000000000000003
2009,1.0,20dB_nominal_difference,real,A23_compressed_feedback,REJECTED_PHYSICAL,XZ,y,-0.0625,x,0.0625,z,-0.4375,0.1,0.3624291188972826,0.2624291188972826,0.1,2.3000000000000003
2009,1.0,20dB_nominal_difference,real,A23_compressed_feedback,REJECTED_PHYSICAL,XZ,y,-0.0625,x,0.1875,z,-0.4375,0.1,0.3493367565796859,0.24933675657968588,0.1,2.3000000000000003
2009,1.0,20dB_nominal_difference,real,A23_compressed_feedback,REJECTED_PHYSICAL,XZ,y,-0.0625,x,0.3125,z,-0.4375,0.1,0.3160691330299995,0.2160691330299995,0.1,2.3000000000000003
2009,1.0,20dB_nominal_difference,real,A23_compressed_feedback,REJECTED_PHYSICAL,XZ,y,-0.0625,x,0.4375,z,-0.4375,0.1,0.26886940267483816,0.16886940267483816,0.1,2.3000000000000003
2009,1.0,20dB_nominal_difference,real,A23_compressed_feedback,REJECTED_PHYSICAL,XZ,y,-0.0625,x,0.5625,z,-0.4375,0.1,0.21672101453371717,0.11672101453371717,0.1,2.3000000000000003
2009,1.0,20dB_nominal_difference,real,A23_compressed_feedback,REJECTED_PHYSICAL,XZ,y,-0.0625,x,0.6875,z,-0.4375,0.1,0.16796521778017967,0.06796521778017967,0.1,2.3000000000000003
2009,1.0,20dB_nominal_difference,real,A23_compressed_feedback,REJECTED_PHYSICAL,XZ,y,-0.0625,x,-0.6875,z,-0.3125,0.1,0.06170851392976388,-0.03829148607023613,0.1,2.3000000000000003
2009,1.0,20dB_nominal_difference,real,A23_compressed_feedback,REJECTED_PHYSICAL,XZ,y,-0.0625,x,-0.5625,z,-0.3125,0.1,0.16777708156134763,0.06777708156134762,0.1,2.3000000000000003
2009,1.0,20dB_nominal_difference,real,A23_compressed_feedback,REJECTED_PHYSICAL,XZ,y,-0.0625,x,-0.4375,z,-0.3125,0.1,0.2620685097717751,0.1620685097717751,0.1,2.3000000000000003
2009,1.0,20dB_nominal_difference,real,A23_compressed_feedback,REJECTED_PHYSICAL,XZ,y,-0.0625,x,-0.3125,z,-0.3125,0.1,0.34464968525932016,0.24464968525932015,0.1,2.3000000000000003
2009,1.0,20dB_nominal_difference,real,A23_compressed_feedback,REJECTED_PHYSICAL,XZ,y,-0.0625,x,-0.1875,z,-0.3125,0.9,0.40836408011139014,-0.4916359198886099,0.1,2.3000000000000003
2009,1.0,20dB_nominal_difference,real,A23_compressed_feedback,REJECTED_PHYSICAL,XZ,y,-0.0625,x,-0.0625,z,-0.3125,0.9,0.44769978761076923,-0.4523002123892308,0.1,2.3000000000000003
2009,1.0,20dB_nominal_difference,real,A23_compressed_feedback,REJECTED_PHYSICAL,XZ,y,-0.0625,x,0.0625,z,-0.3125,0.9,0.4594867084458082,-0.44051329155419183,0.1,2.3000000000000003
2009,1.0,20dB_nominal_difference,real,A23_compressed_feedback,REJECTED_PHYSICAL,XZ,y,-0.0625,x,0.1875,z,-0.3125,0.9,0.4434926621059676,-0.4565073378940324,0.1,2.3000000000000003
2009,1.0,20dB_nominal_difference,real,A23_compressed_feedback,REJECTED_PHYSICAL,XZ,y,-0.0625,x,0.3125,z,-0.3125,0.1,0.4027768834584753,0.3027768834584753,0.1,2.3000000000000003
2009,1.0,20dB_nominal_difference,real,A23_compressed_feedback,REJECTED_PHYSICAL,XZ,y,-0.0625,x,0.4375,z,-0.3125,0.1,0.34366930889691405,0.24366930889691404,0.1,2.3000000000000003
2009,1.0,20dB_nominal_difference,real,A23_compressed_feedback,REJECTED_PHYSICAL,XZ,y,-0.0625,x,0.5625,z,-0.3125,0.1,0.2752183528921468,0.1752183528921468,0.1,2.3000000000000003
2009,1.0,20dB_nominal_difference,real,A23_compressed_feedback,REJECTED_PHYSICAL,XZ,y,-0.0625,x,0.6875,z,-0.3125,0.1,0.2046982660522969,0.1046982660522969,0.1,2.3000000000000003
2009,1.0,20dB_nominal_difference,real,A23_compressed_feedback,REJECTED_PHYSICAL,XZ,y,-0.0625,x,-0.6875,z,-0.1875,0.1,0.08003603853768926,-0.019963961462310748,0.1,2.3000000000000003
2009,1.0,20dB_nominal_difference,real,A23_compressed_feedback,REJECTED_PHYSICAL,XZ,y,-0.0625,x,-0.5625,z,-0.1875,0.1,0.201685622015353,0.101685622015353,0.1,2.3000000000000003
2009,1.0,20dB_nominal_difference,real,A23_compressed_feedback,REJECTED_PHYSICAL,XZ,y,-0.0625,x,-0.4375,z,-0.1875,0.1,0.30875742062396394,0.20875742062396394,0.1,2.3000000000000003
2009,1.0,20dB_nominal_difference,real,A23_compressed_feedback,REJECTED_PHYSICAL,XZ,y,-0.0625,x,-0.3125,z,-0.1875,0.9,0.4020373937103896,-0.4979626062896104,0.1,2.3000000000000003
2009,1.0,20dB_nominal_difference,real,A23_compressed_feedback,REJECTED_PHYSICAL,XZ,y,-0.0625,x,-0.1875,z,-0.1875,0.9,0.47349890495051405,-0.42650109504948597,0.1,2.3000000000000003
2009,1.0,20dB_nominal_difference,real,A23_compressed_feedback,REJECTED_PHYSICAL,XZ,y,-0.0625,x,-0.0625,z,-0.1875,1.6,0.5171654296175062,-1.0828345703824938,0.1,2.3000000000000003
2009,1.0,20dB_nominal_difference,real,A23_compressed_feedback,REJECTED_PHYSICAL,XZ,y,-0.0625,x,0.0625,z,-0.1875,1.6,0.5296847256863949,-1.070315274313605,0.1,2.3000000000000003
2009,1.0,20dB_nominal_difference,real,A23_compressed_feedback,REJECTED_PHYSICAL,XZ,y,-0.0625,x,0.1875,z,-0.1875,1.6,0.5107764416733314,-1.0892235583266687,0.1,2.3000000000000003
2009,1.0,20dB_nominal_difference,real,A23_compressed_feedback,REJECTED_PHYSICAL,XZ,y,-0.0625,x,0.3125,z,-0.1875,1.6,0.46348392656385007,-1.13651607343615,0.1,2.3000000000000003
2009,1.0,20dB_nominal_difference,real,A23_compressed_feedback,REJECTED_PHYSICAL,XZ,y,-0.0625,x,0.4375,z,-0.1875,0.1,0.394120734786617,0.29412073478661704,0.1,2.3000000000000003
2009,1.0,20dB_nominal_difference,real,A23_compressed_feedback,REJECTED_PHYSICAL,XZ,y,-0.0625,x,0.5625,z,-0.1875,0.1,0.3117892002681033,0.2117892002681033,0.1,2.3000000000000003
2009,1.0,20dB_nominal_difference,real,A23_compressed_feedback,REJECTED_PHYSICAL,XZ,y,-0.0625,x,0.6875,z,-0.1875,0.1,0.22304273890152526,0.12304273890152526,0.1,2.3000000000000003
2009,1.0,20dB_nominal_difference,real,A23_compressed_feedback,REJECTED_PHYSICAL,XZ,y,-0.0625,x,-0.6875,z,-0.0625,0.1,0.09407457407566697,-0.005925425924333039,0.1,2.3000000000000003
2009,1.0,20dB_nominal_difference,real,A23_compressed_feedback,REJECTED_PHYSICAL,XZ,y,-0.0625,x,-0.5625,z,-0.0625,0.1,0.22352095019588972,0.12352095019588971,0.1,2.3000000000000003
2009,1.0,20dB_nominal_difference,real,A23_compressed_feedback,REJECTED_PHYSICAL,XZ,y,-0.0625,x,-0.4375,z,-0.0625,0.1,0.3366580165200689,0.23665801652006888,0.1,2.3000000000000003
2009,1.0,20dB_nominal_difference,real,A23_compressed_feedback,REJECTED_PHYSICAL,XZ,y,-0.0625,x,-0.3125,z,-0.0625,0.9,0.43482440885317497,-0.46517559114682505,0.1,2.3000000000000003
2009,1.0,20dB_nominal_difference,real,A23_compressed_feedback,REJECTED_PHYSICAL,XZ,y,-0.0625,x,-0.1875,z,-0.0625,1.6,0.5095181324587931,-1.090481867541207,0.1,2.3000000000000003
2009,1.0,20dB_nominal_difference,real,A23_compressed_feedback,REJECTED_PHYSICAL,XZ,y,-0.0625,x,-0.0625,z,-0.0625,1.6,0.5545085410070469,-1.0454914589929531,0.1,2.3000000000000003
2009,1.0,20dB_nominal_difference,real,A23_compressed_feedback,REJECTED_PHYSICAL,XZ,y,-0.0625,x,0.0625,z,-0.0625,2.3000000000000003,0.5663521569792007,-1.7336478430207996,0.1,2.3000000000000003
2009,1.0,20dB_nominal_difference,real,A23_compressed_feedback,REJECTED_PHYSICAL,XZ,y,-0.0625,x,0.1875,z,-0.0625,2.3000000000000003,0.5447320839822076,-1.7552679160177926,0.1,2.3000000000000003
2009,1.0,20dB_nominal_difference,real,A23_compressed_feedback,REJECTED_PHYSICAL,XZ,y,-0.0625,x,0.3125,z,-0.0625,2.3000000000000003,0.49262037024703254,-1.8073796297529676,0.1,2.3000000000000003
2009,1.0,20dB_nominal_difference,real,A23_compressed_feedback,REJECTED_PHYSICAL,XZ,y,-0.0625,x,0.4375,z,-0.0625,0.9,0.4161904336058866,-0.48380956639411343,0.1,2.3000000000000003
2009,1.0,20dB_nominal_difference,real,A23_compressed_feedback,REJECTED_PHYSICAL,XZ,y,-0.0625,x,0.5625,z,-0.0625,0.1,0.32438022099443065,0.22438022099443064,0.1,2.3000000000000003
2009,1.0,20dB_nominal_difference,real,A23_compressed_feedback,REJECTED_PHYSICAL,XZ,y,-0.0625,x,0.6875,z,-0.0625,0.1,0.22321101174757116,0.12321101174757115,0.1,2.3000000000000003
2009,1.0,20dB_nominal_difference,real,A23_compressed_feedback,REJECTED_PHYSICAL,XZ,y,-0.0625,x,-0.6875,z,0.0625,0.1,0.1040723421988321,0.004072342198832096,0.1,2.3000000000000003
2009,1.0,20dB_nominal_difference,real,A23_compressed_feedback,REJECTED_PHYSICAL,XZ,y,-0.0625,x,-0.5625,z,0.0625,0.1,0.23249866557025078,0.13249866557025078,0.1,2.3000000000000003
2009,1.0,20dB_nominal_difference,real,A23_compressed_feedback,REJECTED_PHYSICAL,XZ,y,-0.0625,x,-0.4375,z,0.0625,0.1,0.3443385759989239,0.24433857599892392,0.1,2.3000000000000003
2009,1.0,20dB_nominal_difference,real,A23_compressed_feedback,REJECTED_PHYSICAL,XZ,y,-0.0625,x,-0.3125,z,0.0625,0.9,0.4410049307860022,-0.4589950692139978,0.1,2.3000000000000003
2009,1.0,20dB_nominal_difference,real,A23_compressed_feedback,REJECTED_PHYSICAL,XZ,y,-0.0625,x,-0.1875,z,0.0625,1.6,0.5139385055672772,-1.086061494432723,0.1,2.3000000000000003
2009,1.0,20dB_nominal_difference,real,A23_compressed_feedback,REJECTED_PHYSICAL,XZ,y,-0.0625,x,-0.0625,z,0.0625,2.3000000000000003,0.5569640343664924,-1.7430359656335077,0.1,2.3000000000000003
2009,1.0,20dB_nominal_difference,real,A23_compressed_feedback,REJECTED_PHYSICAL,XZ,y,-0.0625,x,0.0625,z,0.0625,2.3000000000000003,0.5667373199361299,-1.7332626800638704,0.1,2.3000000000000003
2009,1.0,20dB_nominal_difference,real,A23_compressed_feedback,REJECTED_PHYSICAL,XZ,y,-0.0625,x,0.1875,z,0.0625,2.3000000000000003,0.5429918436688627,-1.7570081563311377,0.1,2.3000000000000003
2009,1.0,20dB_nominal_difference,real,A23_compressed_feedback,REJECTED_PHYSICAL,XZ,y,-0.0625,x,0.3125,z,0.0625,2.3000000000000003,0.4886147589495887,-1.8113852410504117,0.1,2.3000000000000003
2009,1.0,20dB_nominal_difference,real,A23_compressed_feedback,REJECTED_PHYSICAL,XZ,y,-0.0625,x,0.4375,z,0.0625,0.9,0.40950011217889404,-0.490499887821106,0.1,2.3000000000000003
2009,1.0,20dB_nominal_difference,real,A23_compressed_feedback,REJECTED_PHYSICAL,XZ,y,-0.0625,x,0.5625,z,0.0625,0.1,0.3141027142176298,0.2141027142176298,0.1,2.3000000000000003
2009,1.0,20dB_nominal_difference,real,A23_compressed_feedback,REJECTED_PHYSICAL,XZ,y,-0.0625,x,0.6875,z,0.0625,0.1,0.20809068849694257,0.10809068849694256,0.1,2.3000000000000003
2009,1.0,20dB_nominal_difference,real,A23_compressed_feedback,REJECTED_PHYSICAL,XZ,y,-0.0625,x,-0.6875,z,0.1875,0.1,0.10853716960652211,0.008537169606522108,0.1,2.3000000000000003
2009,1.0,20dB_nominal_difference,real,A23_compressed_feedback,REJECTED_PHYSICAL,XZ,y,-0.0625,x,-0.5625,z,0.1875,0.1,0.2274654173255589,0.12746541732555888,0.1,2.3000000000000003
2009,1.0,20dB_nominal_difference,real,A23_compressed_feedback,REJECTED_PHYSICAL,XZ,y,-0.0625,x,-0.4375,z,0.1875,0.1,0.3310101710905571,0.23101017109055708,0.1,2.3000000000000003
2009,1.0,20dB_nominal_difference,real,A23_compressed_feedback,REJECTED_PHYSICAL,XZ,y,-0.0625,x,-0.3125,z,0.1875,0.9,0.4200964416025086,-0.47990355839749144,0.1,2.3000000000000003
2009,1.0,20dB_nominal_difference,real,A23_compressed_feedback,REJECTED_PHYSICAL,XZ,y,-0.0625,x,-0.1875,z,0.1875,0.9,0.48653963393272204,-0.413460366067278,0.1,2.3000000000000003
2009,1.0,20dB_nominal_difference,real,A23_compressed_feedback,REJECTED_PHYSICAL,XZ,y,-0.0625,x,-0.0625,z,0.1875,1.6,0.5245706550785996,-1.0754293449214005,0.1,2.3000000000000003
2009,1.0,20dB_nominal_difference,real,A23_compressed_feedback,REJECTED_PHYSICAL,XZ,y,-0.0625,x,0.0625,z,0.1875,2.3000000000000003,0.5311808985573744,-1.768819101442626,0.1,2.3000000000000003
2009,1.0,20dB_nominal_difference,real,A23_compressed_feedback,REJECTED_PHYSICAL,XZ,y,-0.0625,x,0.1875,z,0.1875,2.3000000000000003,0.506287194994757,-1.793712805005243,0.1,2.3000000000000003
2009,1.0,20dB_nominal_difference,real,A23_compressed_feedback,REJECTED_PHYSICAL,XZ,y,-0.0625,x,0.3125,z,0.1875,1.6,0.45272692492807987,-1.1472730750719202,0.1,2.3000000000000003
2009,1.0,20dB_nominal_difference,real,A23_compressed_feedback,REJECTED_PHYSICAL,XZ,y,-0.0625,x,0.4375,z,0.1875,0.1,0.37602188470303743,0.27602188470303746,0.1,2.3000000000000003
2009,1.0,20dB_nominal_difference,real,A23_compressed_feedback,REJECTED_PHYSICAL,XZ,y,-0.0625,x,0.5625,z,0.1875,0.1,0.28384496240040125,0.18384496240040124,0.1,2.3000000000000003
2009,1.0,20dB_nominal_difference,real,A23_compressed_feedback,REJECTED_PHYSICAL,XZ,y,-0.0625,x,0.6875,z,0.1875,0.1,0.1816470856893353,0.08164708568933529,0.1,2.3000000000000003
2009,1.0,20dB_nominal_difference,real,A23_compressed_feedback,REJECTED_PHYSICAL,XZ,y,-0.0625,x,-0.6875,z,0.3125,0.1,0.10413098399557986,0.004130983995579859,0.1,2.3000000000000003
2009,1.0,20dB_nominal_difference,real,A23_compressed_feedback,REJECTED_PHYSICAL,XZ,y,-0.0625,x,-0.5625,z,0.3125,0.1,0.20676346846404858,0.10676346846404858,0.1,2.3000000000000003
2009,1.0,20dB_nominal_difference,real,A23_compressed_feedback,REJECTED_PHYSICAL,XZ,y,-0.0625,x,-0.4375,z,0.3125,0.1,0.29630019866041024,0.19630019866041024,0.1,2.3000000000000003
2009,1.0,20dB_nominal_difference,real,A23_compressed_feedback,REJECTED_PHYSICAL,XZ,y,-0.0625,x,-0.3125,z,0.3125,0.1,0.3727753853861876,0.2727753853861876,0.1,2.3000000000000003
2009,1.0,20dB_nominal_difference,real,A23_compressed_feedback,REJECTED_PHYSICAL,XZ,y,-0.0625,x,-0.1875,z,0.3125,0.9,0.42885142836454415,-0.47114857163545587,0.1,2.3000000000000003
2009,1.0,20dB_nominal_difference,real,A23_compressed_feedback,REJECTED_PHYSICAL,XZ,y,-0.0625,x,-0.0625,z,0.3125,0.9,0.45951285885287674,-0.4404871411471233,0.1,2.3000000000000003
2009,1.0,20dB_nominal_difference,real,A23_compressed_feedback,REJECTED_PHYSICAL,XZ,y,-0.0625,x,0.0625,z,0.3125,0.9,0.462308858403921,-0.437691141596079,0.1,2.3000000000000003
2009,1.0,20dB_nominal_difference,real,A23_compressed_feedback,REJECTED_PHYSICAL,XZ,y,-0.0625,x,0.1875,z,0.3125,0.9,0.4374789048145996,-0.4625210951854004,0.1,2.3000000000000003
2009,1.0,20dB_nominal_difference,real,A23_compressed_feedback,REJECTED_PHYSICAL,XZ,y,-0.0625,x,0.3125,z,0.3125,0.1,0.38789852161030125,0.2878985216103013,0.1,2.3000000000000003
2009,1.0,20dB_nominal_difference,real,A23_compressed_feedback,REJECTED_PHYSICAL,XZ,y,-0.0625,x,0.4375,z,0.3125,0.1,0.31875336420801664,0.21875336420801664,0.1,2.3000000000000003
2009,1.0,20dB_nominal_difference,real,A23_compressed_feedback,REJECTED_PHYSICAL,XZ,y,-0.0625,x,0.5625,z,0.3125,0.1,0.2368257968655537,0.13682579686555368,0.1,2.3000000000000003
2009,1.0,20dB_nominal_difference,real,A23_compressed_feedback,REJECTED_PHYSICAL,XZ,y,-0.0625,x,0.6875,z,0.3125,0.1,0.1474289375667413,0.0474289375667413,0.1,2.3000000000000003
2009,1.0,20dB_nominal_difference,real,A23_compressed_feedback,REJECTED_PHYSICAL,XZ,y,-0.0625,x,-0.6875,z,0.4375,0.1,0.08659716975999562,-0.013402830240004382,0.1,2.3000000000000003
2009,1.0,20dB_nominal_difference,real,A23_compressed_feedback,REJECTED_PHYSICAL,XZ,y,-0.0625,x,-0.5625,z,0.4375,0.1,0.16889406561816853,0.06889406561816852,0.1,2.3000000000000003
2009,1.0,20dB_nominal_difference,real,A23_compressed_feedback,REJECTED_PHYSICAL,XZ,y,-0.0625,x,-0.4375,z,0.4375,0.1,0.24054875652292612,0.14054875652292612,0.1,2.3000000000000003
2009,1.0,20dB_nominal_difference,real,A23_compressed_feedback,REJECTED_PHYSICAL,XZ,y,-0.0625,x,-0.3125,z,0.4375,0.1,0.30089667848983925,0.20089667848983925,0.1,2.3000000000000003
2009,1.0,20dB_nominal_difference,real,A23_compressed_feedback,REJECTED_PHYSICAL,XZ,y,-0.0625,x,-0.1875,z,0.4375,0.1,0.343983440484907,0.24398344048490697,0.1,2.3000000000000003
2009,1.0,20dB_nominal_difference,real,A23_compressed_feedback,REJECTED_PHYSICAL,XZ,y,-0.0625,x,-0.0625,z,0.4375,0.1,0.36580247156276224,0.26580247156276227,0.1,2.3000000000000003
2009,1.0,20dB_nominal_difference,real,A23_compressed_feedback,REJECTED_PHYSICAL,XZ,y,-0.0625,x,0.0625,z,0.4375,0.1,0.3645907529083333,0.26459075290833334,0.1,2.3000000000000003
2009,1.0,20dB_nominal_difference,real,A23_compressed_feedback,REJECTED_PHYSICAL,XZ,y,-0.0625,x,0.1875,z,0.4375,0.1,0.3409956833561735,0.24099568335617347,0.1,2.3000000000000003
2009,1.0,20dB_nominal_difference,real,A23_compressed_feedback,REJECTED_PHYSICAL,XZ,y,-0.0625,x,0.3125,z,0.4375,0.1,0.29802871373623874,0.19802871373623873,0.1,2.3000000000000003
2009,1.0,20dB_nominal_difference,real,A23_compressed_feedback,REJECTED_PHYSICAL,XZ,y,-0.0625,x,0.4375,z,0.4375,0.1,0.24074696903340873,0.14074696903340872,0.1,2.3000000000000003
2009,1.0,20dB_nominal_difference,real,A23_compressed_feedback,REJECTED_PHYSICAL,XZ,y,-0.0625,x,0.5625,z,0.4375,0.1,0.1754282612565864,0.07542826125658639,0.1,2.3000000000000003
2009,1.0,20dB_nominal_difference,real,A23_compressed_feedback,REJECTED_PHYSICAL,XZ,y,-0.0625,x,0.6875,z,0.4375,0.1,0.10763517760052803,0.007635177600528023,0.1,2.3000000000000003
2009,1.0,20dB_nominal_difference,real,A23_compressed_feedback,REJECTED_PHYSICAL,XZ,y,-0.0625,x,-0.6875,z,0.5625,0.1,0.05291702021660777,-0.04708297978339224,0.1,2.3000000000000003
2009,1.0,20dB_nominal_difference,real,A23_compressed_feedback,REJECTED_PHYSICAL,XZ,y,-0.0625,x,-0.5625,z,0.5625,0.1,0.11393981260380469,0.013939812603804683,0.1,2.3000000000000003
2009,1.0,20dB_nominal_difference,real,A23_compressed_feedback,REJECTED_PHYSICAL,XZ,y,-0.0625,x,-0.4375,z,0.5625,0.1,0.1654806833256393,0.0654806833256393,0.1,2.3000000000000003
2009,1.0,20dB_nominal_difference,real,A23_compressed_feedback,REJECTED_PHYSICAL,XZ,y,-0.0625,x,-0.3125,z,0.5625,0.1,0.20786925236746864,0.10786925236746864,0.1,2.3000000000000003
2009,1.0,20dB_nominal_difference,real,A23_compressed_feedback,REJECTED_PHYSICAL,XZ,y,-0.0625,x,-0.1875,z,0.5625,0.1,0.23684326538623046,0.13684326538623046,0.1,2.3000000000000003
2009,1.0,20dB_nominal_difference,real,A23_compressed_feedback,REJECTED_PHYSICAL,XZ,y,-0.0625,x,-0.0625,z,0.5625,0.1,0.24938327047913336,0.14938327047913336,0.1,2.3000000000000003
2009,1.0,20dB_nominal_difference,real,A23_compressed_feedback,REJECTED_PHYSICAL,XZ,y,-0.0625,x,0.0625,z,0.5625,0.1,0.2443899371332098,0.1443899371332098,0.1,2.3000000000000003
2009,1.0,20dB_nominal_difference,real,A23_compressed_feedback,REJECTED_PHYSICAL,XZ,y,-0.0625,x,0.1875,z,0.5625,0.1,0.22288979799638392,0.12288979799638391,0.1,2.3000000000000003
2009,1.0,20dB_nominal_difference,real,A23_compressed_feedback,REJECTED_PHYSICAL,XZ,y,-0.0625,x,0.3125,z,0.5625,0.1,0.18799961646976537,0.08799961646976537,0.1,2.3000000000000003
2009,1.0,20dB_nominal_difference,real,A23_compressed_feedback,REJECTED_PHYSICAL,XZ,y,-0.0625,x,0.4375,z,0.5625,0.1,0.14479277974310628,0.044792779743106276,0.1,2.3000000000000003
2009,1.0,20dB_nominal_difference,real,A23_compressed_feedback,REJECTED_PHYSICAL,XZ,y,-0.0625,x,0.5625,z,0.5625,0.1,0.10008874480282842,8.874480282841657e-05,0.1,2.3000000000000003
2009,1.0,20dB_nominal_difference,real,A23_compressed_feedback,REJECTED_PHYSICAL,XZ,y,-0.0625,x,0.6875,z,0.5625,0.1,0.06250253651179644,-0.03749746348820357,0.1,2.3000000000000003
2009,1.0,20dB_nominal_difference,real,A23_compressed_feedback,REJECTED_PHYSICAL,XZ,y,-0.0625,x,-0.6875,z,0.6875,0.1,0.010840581897537713,-0.08915941810246229,0.1,2.3000000000000003
2009,1.0,20dB_nominal_difference,real,A23_compressed_feedback,REJECTED_PHYSICAL,XZ,y,-0.0625,x,-0.5625,z,0.6875,0.1,0.04822046725678561,-0.051779532743214396,0.1,2.3000000000000003
2009,1.0,20dB_nominal_difference,real,A23_compressed_feedback,REJECTED_PHYSICAL,XZ,y,-0.0625,x,-0.4375,z,0.6875,0.1,0.07758607545631066,-0.022413924543689345,0.1,2.3000000000000003
2009,1.0,20dB_nominal_difference,real,A23_compressed_feedback,REJECTED_PHYSICAL,XZ,y,-0.0625,x,-0.3125,z,0.6875,0.1,0.10112965583566322,0.0011296558356632125,0.1,2.3000000000000003
2009,1.0,20dB_nominal_difference,real,A23_compressed_feedback,REJECTED_PHYSICAL,XZ,y,-0.0625,x,-0.1875,z,0.6875,0.1,0.11524996215509725,0.015249962155097246,0.1,2.3000000000000003
2009,1.0,20dB_nominal_difference,real,A23_compressed_feedback,REJECTED_PHYSICAL,XZ,y,-0.0625,x,-0.0625,z,0.6875,0.1,0.11772023308176713,0.017720233081767123,0.1,2.3000000000000003
2009,1.0,20dB_nominal_difference,real,A23_compressed_feedback,REJECTED_PHYSICAL,XZ,y,-0.0625,x,0.0625,z,0.6875,0.1,0.10816708320662248,0.008167083206622475,0.1,2.3000000000000003
2009,1.0,20dB_nominal_difference,real,A23_compressed_feedback,REJECTED_PHYSICAL,XZ,y,-0.0625,x,0.1875,z,0.6875,0.1,0.08803654764172217,-0.011963452358277837,0.1,2.3000000000000003
2009,1.0,20dB_nominal_difference,real,A23_compressed_feedback,REJECTED_PHYSICAL,XZ,y,-0.0625,x,0.3125,z,0.6875,0.1,0.0603962771582846,-0.03960372284171541,0.1,2.3000000000000003
2009,1.0,20dB_nominal_difference,real,A23_compressed_feedback,REJECTED_PHYSICAL,XZ,y,-0.0625,x,0.4375,z,0.6875,0.1,0.02981235932808643,-0.07018764067191358,0.1,2.3000000000000003
2009,1.0,20dB_nominal_difference,real,A23_compressed_feedback,REJECTED_PHYSICAL,XZ,y,-0.0625,x,0.5625,z,0.6875,0.1,0.003083188407703427,-0.09691681159229658,0.1,2.3000000000000003
2009,1.0,20dB_nominal_difference,real,A23_compressed_feedback,REJECTED_PHYSICAL,XZ,y,-0.0625,x,0.6875,z,0.6875,0.1,-0.00038490810977553913,-0.10038490810977554,0.1,2.3000000000000003
2009,1.0,20dB_nominal_difference,real,A23_compressed_feedback,REJECTED_PHYSICAL,YZ,x,-0.0625,y,-0.6875,z,-0.6875,0.1,-0.02535993325847799,-0.125359933258478,0.1,2.3000000000000003
2009,1.0,20dB_nominal_difference,real,A23_compressed_feedback,REJECTED_PHYSICAL,YZ,x,-0.0625,y,-0.5625,z,-0.6875,0.1,0.04025065283508833,-0.059749347164911676,0.1,2.3000000000000003
2009,1.0,20dB_nominal_difference,real,A23_compressed_feedback,REJECTED_PHYSICAL,YZ,x,-0.0625,y,-0.4375,z,-0.6875,0.1,0.08648197791315715,-0.013518022086842857,0.1,2.3000000000000003
2009,1.0,20dB_nominal_difference,real,A23_compressed_feedback,REJECTED_PHYSICAL,YZ,x,-0.0625,y,-0.3125,z,-0.6875,0.1,0.11527017183926073,0.01527017183926073,0.1,2.3000000000000003
2009,1.0,20dB_nominal_difference,real,A23_compressed_feedback,REJECTED_PHYSICAL,YZ,x,-0.0625,y,-0.1875,z,-0.6875,0.1,0.12777391804081661,0.02777391804081661,0.1,2.3000000000000003
2009,1.0,20dB_nominal_difference,real,A23_compressed_feedback,REJECTED_PHYSICAL,YZ,x,-0.0625,y,-0.0625,z,-0.6875,0.1,0.12655771212752476,0.026557712127524752,0.1,2.3000000000000003
2009,1.0,20dB_nominal_difference,real,A23_compressed_feedback,REJECTED_PHYSICAL,YZ,x,-0.0625,y,0.0625,z,-0.6875,0.1,0.11541302229310663,0.01541302229310662,0.1,2.3000000000000003
2009,1.0,20dB_nominal_difference,real,A23_compressed_feedback,REJECTED_PHYSICAL,YZ,x,-0.0625,y,0.1875,z,-0.6875,0.1,0.09869742352445025,-0.001302576475549752,0.1,2.3000000000000003
2009,1.0,20dB_nominal_difference,real,A23_compressed_feedback,REJECTED_PHYSICAL,YZ,x,-0.0625,y,0.3125,z,-0.6875,0.1,0.08047879763153751,-0.019521202368462498,0.1,2.3000000000000003
2009,1.0,20dB_nominal_difference,real,A23_compressed_feedback,REJECTED_PHYSICAL,YZ,x,-0.0625,y,0.4375,z,-0.6875,0.1,0.06347889416682297,-0.03652110583317704,0.1,2.3000000000000003
2009,1.0,20dB_nominal_difference,real,A23_compressed_feedback,REJECTED_PHYSICAL,YZ,x,-0.0625,y,0.5625,z,-0.6875,0.1,0.04732245990958219,-0.052677540090417814,0.1,2.3000000000000003
2009,1.0,20dB_nominal_difference,real,A23_compressed_feedback,REJECTED_PHYSICAL,YZ,x,-0.0625,y,0.6875,z,-0.6875,0.1,0.026615678078654573,-0.07338432192134543,0.1,2.3000000000000003
2009,1.0,20dB_nominal_difference,real,A23_compressed_feedback,REJECTED_PHYSICAL,YZ,x,-0.0625,y,-0.6875,z,-0.5625,0.1,0.01985634647822057,-0.08014365352177943,0.1,2.3000000000000003
2009,1.0,20dB_nominal_difference,real,A23_compressed_feedback,REJECTED_PHYSICAL,YZ,x,-0.0625,y,-0.5625,z,-0.5625,0.1,0.10207726912012663,0.0020772691201266236,0.1,2.3000000000000003
2009,1.0,20dB_nominal_difference,real,A23_compressed_feedback,REJECTED_PHYSICAL,YZ,x,-0.0625,y,-0.4375,z,-0.5625,0.1,0.1684449671321549,0.0684449671321549,0.1,2.3000000000000003
2009,1.0,20dB_nominal_difference,real,A23_compressed_feedback,REJECTED_PHYSICAL,YZ,x,-0.0625,y,-0.3125,z,-0.5625,0.1,0.21406623500230493,0.11406623500230492,0.1,2.3000000000000003
2009,1.0,20dB_nominal_difference,real,A23_compressed_feedback,REJECTED_PHYSICAL,YZ,x,-0.0625,y,-0.1875,z,-0.5625,0.1,0.23794542818124834,0.13794542818124833,0.1,2.3000000000000003
2009,1.0,20dB_nominal_difference,real,A23_compressed_feedback,REJECTED_PHYSICAL,YZ,x,-0.0625,y,-0.0625,z,-0.5625,0.1,0.24133558349915712,0.14133558349915712,0.1,2.3000000000000003
2009,1.0,20dB_nominal_difference,real,A23_compressed_feedback,REJECTED_PHYSICAL,YZ,x,-0.0625,y,0.0625,z,-0.5625,0.1,0.22733600632528714,0.12733600632528713,0.1,2.3000000000000003
2009,1.0,20dB_nominal_difference,real,A23_compressed_feedback,REJECTED_PHYSICAL,YZ,x,-0.0625,y,0.1875,z,-0.5625,0.1,0.20029837622199698,0.10029837622199697,0.1,2.3000000000000003
2009,1.0,20dB_nominal_difference,real,A23_compressed_feedback,REJECTED_PHYSICAL,YZ,x,-0.0625,y,0.3125,z,-0.5625,0.1,0.16513699952881106,0.06513699952881105,0.1,2.3000000000000003
2009,1.0,20dB_nominal_difference,real,A23_compressed_feedback,REJECTED_PHYSICAL,YZ,x,-0.0625,y,0.4375,z,-0.5625,0.1,0.12673113416106907,0.026731134161069064,0.1,2.3000000000000003
2009,1.0,20dB_nominal_difference,real,A23_compressed_feedback,REJECTED_PHYSICAL,YZ,x,-0.0625,y,0.5625,z,-0.5625,0.1,0.09001638911903878,-0.009983610880961225,0.1,2.3000000000000003
2009,1.0,20dB_nominal_difference,real,A23_compressed_feedback,REJECTED_PHYSICAL,YZ,x,-0.0625,y,0.6875,z,-0.5625,0.1,0.06628170438798725,-0.033718295612012755,0.1,2.3000000000000003
2009,1.0,20dB_nominal_difference,real,A23_compressed_feedback,REJECTED_PHYSICAL,YZ,x,-0.0625,y,-0.6875,z,-0.4375,0.1,0.07015954029763487,-0.029840459702365138,0.1,2.3000000000000003
2009,1.0,20dB_nominal_difference,real,A23_compressed_feedback,REJECTED_PHYSICAL,YZ,x,-0.0625,y,-0.5625,z,-0.4375,0.1,0.1679909171986428,0.06799091719864278,0.1,2.3000000000000003
2009,1.0,20dB_nominal_difference,real,A23_compressed_feedback,REJECTED_PHYSICAL,YZ,x,-0.0625,y,-0.4375,z,-0.4375,0.1,0.25185538040941424,0.15185538040941424,0.1,2.3000000000000003
2009,1.0,20dB_nominal_difference,real,A23_compressed_feedback,REJECTED_PHYSICAL,YZ,x,-0.0625,y,-0.3125,z,-0.4375,0.1,0.3121102990959035,0.21211029909590348,0.1,2.3000000000000003
2009,1.0,20dB_nominal_difference,real,A23_compressed_feedback,REJECTED_PHYSICAL,YZ,x,-0.0625,y,-0.1875,z,-0.4375,0.1,0.34565624139630047,0.24565624139630046,0.1,2.3000000000000003
2009,1.0,20dB_nominal_difference,real,A23_compressed_feedback,REJECTED_PHYSICAL,YZ,x,-0.0625,y,-0.0625,z,-0.4375,0.1,0.35238384970508996,0.25238384970509,0.1,2.3000000000000003
2009,1.0,20dB_nominal_difference,real,A23_compressed_feedback,REJECTED_PHYSICAL,YZ,x,-0.0625,y,0.0625,z,-0.4375,0.1,0.33471018745459563,0.23471018745459563,0.1,2.3000000000000003
2009,1.0,20dB_nominal_difference,real,A23_compressed_feedback,REJECTED_PHYSICAL,YZ,x,-0.0625,y,0.1875,z,-0.4375,0.1,0.2970304289840012,0.19703042898400122,0.1,2.3000000000000003
2009,1.0,20dB_nominal_difference,real,A23_compressed_feedback,REJECTED_PHYSICAL,YZ,x,-0.0625,y,0.3125,z,-0.4375,0.1,0.24513533803940918,0.14513533803940917,0.1,2.3000000000000003
2009,1.0,20dB_nominal_difference,real,A23_compressed_feedback,REJECTED_PHYSICAL,YZ,x,-0.0625,y,0.4375,z,-0.4375,0.1,0.18577015288047946,0.08577015288047946,0.1,2.3000000000000003
2009,1.0,20dB_nominal_difference,real,A23_compressed_feedback,REJECTED_PHYSICAL,YZ,x,-0.0625,y,0.5625,z,-0.4375,0.1,0.12664805253440603,0.026648052534406025,0.1,2.3000000000000003
2009,1.0,20dB_nominal_difference,real,A23_compressed_feedback,REJECTED_PHYSICAL,YZ,x,-0.0625,y,0.6875,z,-0.4375,0.1,0.0817776481758157,-0.018222351824184302,0.1,2.3000000000000003
2009,1.0,20dB_nominal_difference,real,A23_compressed_feedback,REJECTED_PHYSICAL,YZ,x,-0.0625,y,-0.6875,z,-0.3125,0.1,0.11227255425471143,0.012272554254711424,0.1,2.3000000000000003
2009,1.0,20dB_nominal_difference,real,A23_compressed_feedback,REJECTED_PHYSICAL,YZ,x,-0.0625,y,-0.5625,z,-0.3125,0.1,0.22488233368333,0.12488233368332999,0.1,2.3000000000000003
2009,1.0,20dB_nominal_difference,real,A23_compressed_feedback,REJECTED_PHYSICAL,YZ,x,-0.0625,y,-0.4375,z,-0.3125,0.1,0.32423159658541795,0.22423159658541794,0.1,2.3000000000000003
2009,1.0,20dB_nominal_difference,real,A23_compressed_feedback,REJECTED_PHYSICAL,YZ,x,-0.0625,y,-0.3125,z,-0.3125,0.1,0.39701861591455023,0.29701861591455025,0.1,2.3000000000000003
2009,1.0,20dB_nominal_difference,real,A23_compressed_feedback,REJECTED_PHYSICAL,YZ,x,-0.0625,y,-0.1875,z,-0.3125,0.9,0.4385847771639234,-0.4614152228360766,0.1,2.3000000000000003
2009,1.0,20dB_nominal_difference,real,A23_compressed_feedback,REJECTED_PHYSICAL,YZ,x,-0.0625,y,-0.0625,z,-0.3125,0.9,0.44769978761076923,-0.4523002123892308,0.1,2.3000000000000003
2009,1.0,20dB_nominal_difference,real,A23_compressed_feedback,REJECTED_PHYSICAL,YZ,x,-0.0625,y,0.0625,z,-0.3125,0.9,0.42620676113707445,-0.47379323886292557,0.1,2.3000000000000003
2009,1.0,20dB_nominal_difference,real,A23_compressed_feedback,REJECTED_PHYSICAL,YZ,x,-0.0625,y,0.1875,z,-0.3125,0.1,0.3785296781220293,0.27852967812202933,0.1,2.3000000000000003
2009,1.0,20dB_nominal_difference,real,A23_compressed_feedback,REJECTED_PHYSICAL,YZ,x,-0.0625,y,0.3125,z,-0.3125,0.1,0.3111003809634414,0.2111003809634414,0.1,2.3000000000000003
2009,1.0,20dB_nominal_difference,real,A23_compressed_feedback,REJECTED_PHYSICAL,YZ,x,-0.0625,y,0.4375,z,-0.3125,0.1,0.23180185016848653,0.13180185016848653,0.1,2.3000000000000003
2009,1.0,20dB_nominal_difference,real,A23_compressed_feedback,REJECTED_PHYSICAL,YZ,x,-0.0625,y,0.5625,z,-0.3125,0.1,0.14950191752846004,0.04950191752846003,0.1,2.3000000000000003
2009,1.0,20dB_nominal_difference,real,A23_compressed_feedback,REJECTED_PHYSICAL,YZ,x,-0.0625,y,0.6875,z,-0.3125,0.1,0.08028127680380165,-0.019718723196198357,0.1,2.3000000000000003
2009,1.0,20dB_nominal_difference,real,A23_compressed_feedback,REJECTED_PHYSICAL,YZ,x,-0.0625,y,-0.6875,z,-0.1875,0.1,0.13837610619077922,0.03837610619077922,0.1,2.3000000000000003
2009,1.0,20dB_nominal_difference,real,A23_compressed_feedback,REJECTED_PHYSICAL,YZ,x,-0.0625,y,-0.5625,z,-0.1875,0.1,0.2636042987140461,0.1636042987140461,0.1,2.3000000000000003
2009,1.0,20dB_nominal_difference,real,A23_compressed_feedback,REJECTED_PHYSICAL,YZ,x,-0.0625,y,-0.4375,z,-0.1875,0.1,0.37565275525061315,0.27565275525061317,0.1,2.3000000000000003
2009,1.0,20dB_nominal_difference,real,A23_compressed_feedback,REJECTED_PHYSICAL,YZ,x,-0.0625,y,-0.3125,z,-0.1875,0.9,0.45845481640559604,-0.441545183594404,0.1,2.3000000000000003
2009,1.0,20dB_nominal_difference,real,A23_compressed_feedback,REJECTED_PHYSICAL,YZ,x,-0.0625,y,-0.1875,z,-0.1875,1.6,0.506296058300888,-1.0937039416991121,0.1,2.3000000000000003
2009,1.0,20dB_nominal_difference,real,A23_compressed_feedback,REJECTED_PHYSICAL,YZ,x,-0.0625,y,-0.0625,z,-0.1875,1.6,0.5171654296175062,-1.0828345703824938,0.1,2.3000000000000003
2009,1.0,20dB_nominal_difference,real,A23_compressed_feedback,REJECTED_PHYSICAL,YZ,x,-0.0625,y,0.0625,z,-0.1875,1.6,0.49249967194535305,-1.107500328054647,0.1,2.3000000000000003
2009,1.0,20dB_nominal_difference,real,A23_compressed_feedback,REJECTED_PHYSICAL,YZ,x,-0.0625,y,0.1875,z,-0.1875,0.9,0.4367273459926363,-0.4632726540073637,0.1,2.3000000000000003
2009,1.0,20dB_nominal_difference,real,A23_compressed_feedback,REJECTED_PHYSICAL,YZ,x,-0.0625,y,0.3125,z,-0.1875,0.1,0.3566632718731293,0.2566632718731293,0.1,2.3000000000000003
2009,1.0,20dB_nominal_difference,real,A23_compressed_feedback,REJECTED_PHYSICAL,YZ,x,-0.0625,y,0.4375,z,-0.1875,0.1,0.26081917812080263,0.16081917812080262,0.1,2.3000000000000003
2009,1.0,20dB_nominal_difference,real,A23_compressed_feedback,REJECTED_PHYSICAL,YZ,x,-0.0625,y,0.5625,z,-0.1875,0.1,0.15869212879775327,0.05869212879775326,0.1,2.3000000000000003
2009,1.0,20dB_nominal_difference,real,A23_compressed_feedback,REJECTED_PHYSICAL,YZ,x,-0.0625,y,0.6875,z,-0.1875,0.1,0.06848786763309232,-0.03151213236690768,0.1,2.3000000000000003
2009,1.0,20dB_nominal_difference,real,A23_compressed_feedback,REJECTED_PHYSICAL,YZ,x,-0.0625,y,-0.6875,z,-0.0625,0.1,0.14575558664674984,0.045755586646749835,0.1,2.3000000000000003
2009,1.0,20dB_nominal_difference,real,A23_compressed_feedback,REJECTED_PHYSICAL,YZ,x,-0.0625,y,-0.5625,z,-0.0625,0.1,0.280071964018167,0.18007196401816697,0.1,2.3000000000000003
2009,1.0,20dB_nominal_difference,real,A23_compressed_feedback,REJECTED_PHYSICAL,YZ,x,-0.0625,y,-0.4375,z,-0.0625,0.1,0.40087116521428845,0.30087116521428847,0.1,2.3000000000000003
2009,1.0,20dB_nominal_difference,real,A23_compressed_feedback,REJECTED_PHYSICAL,YZ,x,-0.0625,y,-0.3125,z,-0.0625,0.9,0.4904257879714161,-0.4095742120285839,0.1,2.3000000000000003
2009,1.0,20dB_nominal_difference,real,A23_compressed_feedback,REJECTED_PHYSICAL,YZ,x,-0.0625,y,-0.1875,z,-0.0625,1.6,0.5424441681640865,-1.0575558318359137,0.1,2.3000000000000003
2009,1.0,20dB_nominal_difference,real,A23_compressed_feedback,REJECTED_PHYSICAL,YZ,x,-0.0625,y,-0.0625,z,-0.0625,1.6,0.5545085410070469,-1.0454914589929531,0.1,2.3000000000000003
2009,1.0,20dB_nominal_difference,real,A23_compressed_feedback,REJECTED_PHYSICAL,YZ,x,-0.0625,y,0.0625,z,-0.0625,1.6,0.5278596639775939,-1.0721403360224062,0.1,2.3000000000000003
2009,1.0,20dB_nominal_difference,real,A23_compressed_feedback,REJECTED_PHYSICAL,YZ,x,-0.0625,y,0.1875,z,-0.0625,0.9,0.46694321041249365,-0.4330567895875064,0.1,2.3000000000000003
2009,1.0,20dB_nominal_difference,real,A23_compressed_feedback,REJECTED_PHYSICAL,YZ,x,-0.0625,y,0.3125,z,-0.0625,0.1,0.3787661636089066,0.2787661636089066,0.1,2.3000000000000003
2009,1.0,20dB_nominal_difference,real,A23_compressed_feedback,REJECTED_PHYSICAL,YZ,x,-0.0625,y,0.4375,z,-0.0625,0.1,0.27213302916088744,0.17213302916088744,0.1,2.3000000000000003
2009,1.0,20dB_nominal_difference,real,A23_compressed_feedback,REJECTED_PHYSICAL,YZ,x,-0.0625,y,0.5625,z,-0.0625,0.1,0.15686025458123326,0.056860254581233255,0.1,2.3000000000000003
2009,1.0,20dB_nominal_difference,real,A23_compressed_feedback,REJECTED_PHYSICAL,YZ,x,-0.0625,y,0.6875,z,-0.0625,0.1,0.05261898378786775,-0.047381016212132254,0.1,2.3000000000000003
2009,1.0,20dB_nominal_difference,real,A23_compressed_feedback,REJECTED_PHYSICAL,YZ,x,-0.0625,y,-0.6875,z,0.0625,0.1,0.13599890783634755,0.03599890783634754,0.1,2.3000000000000003
2009,1.0,20dB_nominal_difference,real,A23_compressed_feedback,REJECTED_PHYSICAL,YZ,x,-0.0625,y,-0.5625,z,0.0625,0.1,0.2744797419428786,0.1744797419428786,0.1,2.3000000000000003
2009,1.0,20dB_nominal_difference,real,A23_compressed_feedback,REJECTED_PHYSICAL,YZ,x,-0.0625,y,-0.4375,z,0.0625,0.1,0.39882776837847445,0.29882776837847447,0.1,2.3000000000000003
2009,1.0,20dB_nominal_difference,real,A23_compressed_feedback,REJECTED_PHYSICAL,YZ,x,-0.0625,y,-0.3125,z,0.0625,0.9,0.4909482350182093,-0.40905176498179074,0.1,2.3000000000000003
2009,1.0,20dB_nominal_difference,real,A23_compressed_feedback,REJECTED_PHYSICAL,YZ,x,-0.0625,y,-0.1875,z,0.0625,1.6,0.5444680262735936,-1.0555319737264064,0.1,2.3000000000000003
2009,1.0,20dB_nominal_difference,real,A23_compressed_feedback,REJECTED_PHYSICAL,YZ,x,-0.0625,y,-0.0625,z,0.0625,2.3000000000000003,0.5569640343664924,-1.7430359656335077,0.1,2.3000000000000003
2009,1.0,20dB_nominal_difference,real,A23_compressed_feedback,REJECTED_PHYSICAL,YZ,x,-0.0625,y,0.0625,z,0.0625,1.6,0.5297284579990612,-1.0702715420009388,0.1,2.3000000000000003
2009,1.0,20dB_nominal_difference,real,A23_compressed_feedback,REJECTED_PHYSICAL,YZ,x,-0.0625,y,0.1875,z,0.0625,0.9,0.46728010686627686,-0.43271989313372317,0.1,2.3000000000000003
2009,1.0,20dB_nominal_difference,real,A23_compressed_feedback,REJECTED_PHYSICAL,YZ,x,-0.0625,y,0.3125,z,0.0625,0.1,0.3766818413955898,0.2766818413955898,0.1,2.3000000000000003
2009,1.0,20dB_nominal_difference,real,A23_compressed_feedback,REJECTED_PHYSICAL,YZ,x,-0.0625,y,0.4375,z,0.0625,0.1,0.26674788914190695,0.16674788914190694,0.1,2.3000000000000003
2009,1.0,20dB_nominal_difference,real,A23_compressed_feedback,REJECTED_PHYSICAL,YZ,x,-0.0625,y,0.5625,z,0.0625,0.1,0.14725938027959176,0.047259380279591756,0.1,2.3000000000000003
2009,1.0,20dB_nominal_difference,real,A23_compressed_feedback,REJECTED_PHYSICAL,YZ,x,-0.0625,y,0.6875,z,0.0625,0.1,0.03817611042867642,-0.061823889571323586,0.1,2.3000000000000003
2009,1.0,20dB_nominal_difference,real,A23_compressed_feedback,REJECTED_PHYSICAL,YZ,x,-0.0625,y,-0.6875,z,0.1875,0.1,0.11356986837496474,0.013569868374964739,0.1,2.3000000000000003
2009,1.0,20dB_nominal_difference,real,A23_compressed_feedback,REJECTED_PHYSICAL,YZ,x,-0.0625,y,-0.5625,z,0.1875,0.1,0.2499893649740807,0.1499893649740807,0.1,2.3000000000000003
2009,1.0,20dB_nominal_difference,real,A23_compressed_feedback,REJECTED_PHYSICAL,YZ,x,-0.0625,y,-0.4375,z,0.1875,0.1,0.371565506204246,0.271565506204246,0.1,2.3000000000000003
2009,1.0,20dB_nominal_difference,real,A23_compressed_feedback,REJECTED_PHYSICAL,YZ,x,-0.0625,y,-0.3125,z,0.1875,0.9,0.4611606599810958,-0.43883934001890423,0.1,2.3000000000000003
2009,1.0,20dB_nominal_difference,real,A23_compressed_feedback,REJECTED_PHYSICAL,YZ,x,-0.0625,y,-0.1875,z,0.1875,1.6,0.5128313718362164,-1.0871686281637838,0.1,2.3000000000000003
2009,1.0,20dB_nominal_difference,real,A23_compressed_feedback,REJECTED_PHYSICAL,YZ,x,-0.0625,y,-0.0625,z,0.1875,1.6,0.5245706550785996,-1.0754293449214005,0.1,2.3000000000000003
2009,1.0,20dB_nominal_difference,real,A23_compressed_feedback,REJECTED_PHYSICAL,YZ,x,-0.0625,y,0.0625,z,0.1875,1.6,0.49800013614584393,-1.1019998638541562,0.1,2.3000000000000003
2009,1.0,20dB_nominal_difference,real,A23_compressed_feedback,REJECTED_PHYSICAL,YZ,x,-0.0625,y,0.1875,z,0.1875,0.9,0.4378043806428862,-0.46219561935711384,0.1,2.3000000000000003
2009,1.0,20dB_nominal_difference,real,A23_compressed_feedback,REJECTED_PHYSICAL,YZ,x,-0.0625,y,0.3125,z,0.1875,0.1,0.35100045656951273,0.25100045656951275,0.1,2.3000000000000003
2009,1.0,20dB_nominal_difference,real,A23_compressed_feedback,REJECTED_PHYSICAL,YZ,x,-0.0625,y,0.4375,z,0.1875,0.1,0.24614134978212895,0.14614134978212895,0.1,2.3000000000000003
2009,1.0,20dB_nominal_difference,real,A23_compressed_feedback,REJECTED_PHYSICAL,YZ,x,-0.0625,y,0.5625,z,0.1875,0.1,0.13256350555187552,0.03256350555187551,0.1,2.3000000000000003
2009,1.0,20dB_nominal_difference,real,A23_compressed_feedback,REJECTED_PHYSICAL,YZ,x,-0.0625,y,0.6875,z,0.1875,0.1,0.02910950944443466,-0.07089049055556534,0.1,2.3000000000000003
2009,1.0,20dB_nominal_difference,real,A23_compressed_feedback,REJECTED_PHYSICAL,YZ,x,-0.0625,y,-0.6875,z,0.3125,0.1,0.08414547435048941,-0.015854525649510592,0.1,2.3000000000000003
2009,1.0,20dB_nominal_difference,real,A23_compressed_feedback,REJECTED_PHYSICAL,YZ,x,-0.0625,y,-0.5625,z,0.3125,0.1,0.21128367379758023,0.11128367379758022,0.1,2.3000000000000003
2009,1.0,20dB_nominal_difference,real,A23_compressed_feedback,REJECTED_PHYSICAL,YZ,x,-0.0625,y,-0.4375,z,0.3125,0.1,0.3230374545421023,0.2230374545421023,0.1,2.3000000000000003
2009,1.0,20dB_nominal_difference,real,A23_compressed_feedback,REJECTED_PHYSICAL,YZ,x,-0.0625,y,-0.3125,z,0.3125,0.1,0.4043661508732148,0.30436615087321484,0.1,2.3000000000000003
2009,1.0,20dB_nominal_difference,real,A23_compressed_feedback,REJECTED_PHYSICAL,YZ,x,-0.0625,y,-0.1875,z,0.3125,0.9,0.4502455193083992,-0.44975448069160084,0.1,2.3000000000000003
2009,1.0,20dB_nominal_difference,real,A23_compressed_feedback,REJECTED_PHYSICAL,YZ,x,-0.0625,y,-0.0625,z,0.3125,0.9,0.45951285885287674,-0.4404871411471233,0.1,2.3000000000000003
2009,1.0,20dB_nominal_difference,real,A23_compressed_feedback,REJECTED_PHYSICAL,YZ,x,-0.0625,y,0.0625,z,0.3125,0.9,0.43442161780671673,-0.4655783821932833,0.1,2.3000000000000003
2009,1.0,20dB_nominal_difference,real,A23_compressed_feedback,REJECTED_PHYSICAL,YZ,x,-0.0625,y,0.1875,z,0.3125,0.1,0.3799456838480024,0.27994568384800245,0.1,2.3000000000000003
2009,1.0,20dB_nominal_difference,real,A23_compressed_feedback,REJECTED_PHYSICAL,YZ,x,-0.0625,y,0.3125,z,0.3125,0.1,0.3029835004742583,0.2029835004742583,0.1,2.3000000000000003
2009,1.0,20dB_nominal_difference,real,A23_compressed_feedback,REJECTED_PHYSICAL,YZ,x,-0.0625,y,0.4375,z,0.3125,0.1,0.21157512768510098,0.11157512768510097,0.1,2.3000000000000003
2009,1.0,20dB_nominal_difference,real,A23_compressed_feedback,REJECTED_PHYSICAL,YZ,x,-0.0625,y,0.5625,z,0.3125,0.1,0.11420602168096794,0.014206021680967934,0.1,2.3000000000000003
2009,1.0,20dB_nominal_difference,real,A23_compressed_feedback,REJECTED_PHYSICAL,YZ,x,-0.0625,y,0.6875,z,0.3125,0.1,0.027238040199355676,-0.07276195980064433,0.1,2.3000000000000003
2009,1.0,20dB_nominal_difference,real,A23_compressed_feedback,REJECTED_PHYSICAL,YZ,x,-0.0625,y,-0.6875,z,0.4375,0.1,0.053134929765701985,-0.04686507023429802,0.1,2.3000000000000003
2009,1.0,20dB_nominal_difference,real,A23_compressed_feedback,REJECTED_PHYSICAL,YZ,x,-0.0625,y,-0.5625,z,0.4375,0.1,0.1633705601118719,0.0633705601118719,0.1,2.3000000000000003
2009,1.0,20dB_nominal_difference,real,A23_compressed_feedback,REJECTED_PHYSICAL,YZ,x,-0.0625,y,-0.4375,z,0.4375,0.1,0.2582098180063154,0.15820981800631537,0.1,2.3000000000000003
2009,1.0,20dB_nominal_difference,real,A23_compressed_feedback,REJECTED_PHYSICAL,YZ,x,-0.0625,y,-0.3125,z,0.4375,0.1,0.32537949561844615,0.22537949561844614,0.1,2.3000000000000003
2009,1.0,20dB_nominal_difference,real,A23_compressed_feedback,REJECTED_PHYSICAL,YZ,x,-0.0625,y,-0.1875,z,0.4375,0.1,0.36120414550188684,0.26120414550188686,0.1,2.3000000000000003
2009,1.0,20dB_nominal_difference,real,A23_compressed_feedback,REJECTED_PHYSICAL,YZ,x,-0.0625,y,-0.0625,z,0.4375,0.1,0.36580247156276224,0.26580247156276227,0.1,2.3000000000000003
2009,1.0,20dB_nominal_difference,real,A23_compressed_feedback,REJECTED_PHYSICAL,YZ,x,-0.0625,y,0.0625,z,0.4375,0.1,0.34238476217108266,0.24238476217108265,0.1,2.3000000000000003
2009,1.0,20dB_nominal_difference,real,A23_compressed_feedback,REJECTED_PHYSICAL,YZ,x,-0.0625,y,0.1875,z,0.4375,0.1,0.2963655972340685,0.19636559723406852,0.1,2.3000000000000003
2009,1.0,20dB_nominal_difference,real,A23_compressed_feedback,REJECTED_PHYSICAL,YZ,x,-0.0625,y,0.3125,z,0.4375,0.1,0.23448144603879595,0.13448144603879594,0.1,2.3000000000000003
2009,1.0,20dB_nominal_difference,real,A23_compressed_feedback,REJECTED_PHYSICAL,YZ,x,-0.0625,y,0.4375,z,0.4375,0.1,0.16404033847245564,0.06404033847245563,0.1,2.3000000000000003
2009,1.0,20dB_nominal_difference,real,A23_compressed_feedback,REJECTED_PHYSICAL,YZ,x,-0.0625,y,0.5625,z,0.4375,0.1,0.09234575728370406,-0.007654242716295945,0.1,2.3000000000000003
2009,1.0,20dB_nominal_difference,real,A23_compressed_feedback,REJECTED_PHYSICAL,YZ,x,-0.0625,y,0.6875,z,0.4375,0.1,0.03225620232447518,-0.06774379767552483,0.1,2.3000000000000003
2009,1.0,20dB_nominal_difference,real,A23_compressed_feedback,REJECTED_PHYSICAL,YZ,x,-0.0625,y,-0.6875,z,0.5625,0.1,0.024515139057370128,-0.07548486094262988,0.1,2.3000000000000003
2009,1.0,20dB_nominal_difference,real,A23_compressed_feedback,REJECTED_PHYSICAL,YZ,x,-0.0625,y,-0.5625,z,0.5625,0.1,0.11087641662648581,0.010876416626485808,0.1,2.3000000000000003
2009,1.0,20dB_nominal_difference,real,A23_compressed_feedback,REJECTED_PHYSICAL,YZ,x,-0.0625,y,-0.4375,z,0.5625,0.1,0.18270929182606516,0.08270929182606515,0.1,2.3000000000000003
2009,1.0,20dB_nominal_difference,real,A23_compressed_feedback,REJECTED_PHYSICAL,YZ,x,-0.0625,y,-0.3125,z,0.5625,0.1,0.23034541693014968,0.13034541693014967,0.1,2.3000000000000003
2009,1.0,20dB_nominal_difference,real,A23_compressed_feedback,REJECTED_PHYSICAL,YZ,x,-0.0625,y,-0.1875,z,0.5625,0.1,0.2519431056902066,0.1519431056902066,0.1,2.3000000000000003
2009,1.0,20dB_nominal_difference,real,A23_compressed_feedback,REJECTED_PHYSICAL,YZ,x,-0.0625,y,-0.0625,z,0.5625,0.1,0.24938327047913336,0.14938327047913336,0.1,2.3000000000000003
2009,1.0,20dB_nominal_difference,real,A23_compressed_feedback,REJECTED_PHYSICAL,YZ,x,-0.0625,y,0.0625,z,0.5625,0.1,0.2271679765718973,0.1271679765718973,0.1,2.3000000000000003
2009,1.0,20dB_nominal_difference,real,A23_compressed_feedback,REJECTED_PHYSICAL,YZ,x,-0.0625,y,0.1875,z,0.5625,0.1,0.19132309163478142,0.09132309163478142,0.1,2.3000000000000003
2009,1.0,20dB_nominal_difference,real,A23_compressed_feedback,REJECTED_PHYSICAL,YZ,x,-0.0625,y,0.3125,z,0.5625,0.1,0.14841299578734118,0.04841299578734118,0.1,2.3000000000000003
2009,1.0,20dB_nominal_difference,real,A23_compressed_feedback,REJECTED_PHYSICAL,YZ,x,-0.0625,y,0.4375,z,0.5625,0.1,0.10481812221164898,0.00481812221164897,0.1,2.3000000000000003
2009,1.0,20dB_nominal_difference,real,A23_compressed_feedback,REJECTED_PHYSICAL,YZ,x,-0.0625,y,0.5625,z,0.5625,0.1,0.06640604148604033,-0.033593958513959674,0.1,2.3000000000000003
2009,1.0,20dB_nominal_difference,real,A23_compressed_feedback,REJECTED_PHYSICAL,YZ,x,-0.0625,y,0.6875,z,0.5625,0.1,0.04233974610029437,-0.05766025389970564,0.1,2.3000000000000003
2009,1.0,20dB_nominal_difference,real,A23_compressed_feedback,REJECTED_PHYSICAL,YZ,x,-0.0625,y,-0.6875,z,0.6875,0.1,-0.002161179142599348,-0.10216117914259935,0.1,2.3000000000000003
2009,1.0,20dB_nominal_difference,real,A23_compressed_feedback,REJECTED_PHYSICAL,YZ,x,-0.0625,y,-0.5625,z,0.6875,0.1,0.05729202719248086,-0.042707972807519146,0.1,2.3000000000000003
2009,1.0,20dB_nominal_difference,real,A23_compressed_feedback,REJECTED_PHYSICAL,YZ,x,-0.0625,y,-0.4375,z,0.6875,0.1,0.10212524455679506,0.002125244556795053,0.1,2.3000000000000003
2009,1.0,20dB_nominal_difference,real,A23_compressed_feedback,REJECTED_PHYSICAL,YZ,x,-0.0625,y,-0.3125,z,0.6875,0.1,0.12600623130197194,0.026006231301971938,0.1,2.3000000000000003
2009,1.0,20dB_nominal_difference,real,A23_compressed_feedback,REJECTED_PHYSICAL,YZ,x,-0.0625,y,-0.1875,z,0.6875,0.1,0.12984750642088672,0.02984750642088671,0.1,2.3000000000000003
2009,1.0,20dB_nominal_difference,real,A23_compressed_feedback,REJECTED_PHYSICAL,YZ,x,-0.0625,y,-0.0625,z,0.6875,0.1,0.11772023308176713,0.017720233081767123,0.1,2.3000000000000003
2009,1.0,20dB_nominal_difference,real,A23_compressed_feedback,REJECTED_PHYSICAL,YZ,x,-0.0625,y,0.0625,z,0.6875,0.1,0.09566907617821722,-0.004330923821782781,0.1,2.3000000000000003
2009,1.0,20dB_nominal_difference,real,A23_compressed_feedback,REJECTED_PHYSICAL,YZ,x,-0.0625,y,0.1875,z,0.6875,0.1,0.07048977259049602,-0.029510227409503986,0.1,2.3000000000000003
2009,1.0,20dB_nominal_difference,real,A23_compressed_feedback,REJECTED_PHYSICAL,YZ,x,-0.0625,y,0.3125,z,0.6875,0.1,0.04863068177053211,-0.05136931822946789,0.1,2.3000000000000003
2009,1.0,20dB_nominal_difference,real,A23_compressed_feedback,REJECTED_PHYSICAL,YZ,x,-0.0625,y,0.4375,z,0.6875,0.1,0.035419717463744144,-0.06458028253625586,0.1,2.3000000000000003
2009,1.0,20dB_nominal_difference,real,A23_compressed_feedback,REJECTED_PHYSICAL,YZ,x,-0.0625,y,0.5625,z,0.6875,0.1,0.03486504959447935,-0.06513495040552066,0.1,2.3000000000000003
2009,1.0,20dB_nominal_difference,real,A23_compressed_feedback,REJECTED_PHYSICAL,YZ,x,-0.0625,y,0.6875,z,0.6875,0.1,0.05326653001892271,-0.046733469981077295,0.1,2.3000000000000003
2009,1.0,20dB_nominal_difference,imag,truth_OFFLINE,OFFLINE_TRUTH,XY,z,-0.0625,x,-0.6875,y,-0.6875,0.04,0.04,0.0,0.04,0.14200000000000002
2009,1.0,20dB_nominal_difference,imag,truth_OFFLINE,OFFLINE_TRUTH,XY,z,-0.0625,x,-0.5625,y,-0.6875,0.04,0.04,0.0,0.04,0.14200000000000002
2009,1.0,20dB_nominal_difference,imag,truth_OFFLINE,OFFLINE_TRUTH,XY,z,-0.0625,x,-0.4375,y,-0.6875,0.04,0.04,0.0,0.04,0.14200000000000002
2009,1.0,20dB_nominal_difference,imag,truth_OFFLINE,OFFLINE_TRUTH,XY,z,-0.0625,x,-0.3125,y,-0.6875,0.04,0.04,0.0,0.04,0.14200000000000002
2009,1.0,20dB_nominal_difference,imag,truth_OFFLINE,OFFLINE_TRUTH,XY,z,-0.0625,x,-0.1875,y,-0.6875,0.04,0.04,0.0,0.04,0.14200000000000002
2009,1.0,20dB_nominal_difference,imag,truth_OFFLINE,OFFLINE_TRUTH,XY,z,-0.0625,x,-0.0625,y,-0.6875,0.04,0.04,0.0,0.04,0.14200000000000002
2009,1.0,20dB_nominal_difference,imag,truth_OFFLINE,OFFLINE_TRUTH,XY,z,-0.0625,x,0.0625,y,-0.6875,0.04,0.04,0.0,0.04,0.14200000000000002
2009,1.0,20dB_nominal_difference,imag,truth_OFFLINE,OFFLINE_TRUTH,XY,z,-0.0625,x,0.1875,y,-0.6875,0.04,0.04,0.0,0.04,0.14200000000000002
2009,1.0,20dB_nominal_difference,imag,truth_OFFLINE,OFFLINE_TRUTH,XY,z,-0.0625,x,0.3125,y,-0.6875,0.04,0.04,0.0,0.04,0.14200000000000002
2009,1.0,20dB_nominal_difference,imag,truth_OFFLINE,OFFLINE_TRUTH,XY,z,-0.0625,x,0.4375,y,-0.6875,0.04,0.04,0.0,0.04,0.14200000000000002
2009,1.0,20dB_nominal_difference,imag,truth_OFFLINE,OFFLINE_TRUTH,XY,z,-0.0625,x,0.5625,y,-0.6875,0.04,0.04,0.0,0.04,0.14200000000000002
2009,1.0,20dB_nominal_difference,imag,truth_OFFLINE,OFFLINE_TRUTH,XY,z,-0.0625,x,0.6875,y,-0.6875,0.04,0.04,0.0,0.04,0.14200000000000002
2009,1.0,20dB_nominal_difference,imag,truth_OFFLINE,OFFLINE_TRUTH,XY,z,-0.0625,x,-0.6875,y,-0.5625,0.04,0.04,0.0,0.04,0.14200000000000002
2009,1.0,20dB_nominal_difference,imag,truth_OFFLINE,OFFLINE_TRUTH,XY,z,-0.0625,x,-0.5625,y,-0.5625,0.04,0.04,0.0,0.04,0.14200000000000002
2009,1.0,20dB_nominal_difference,imag,truth_OFFLINE,OFFLINE_TRUTH,XY,z,-0.0625,x,-0.4375,y,-0.5625,0.04,0.04,0.0,0.04,0.14200000000000002
2009,1.0,20dB_nominal_difference,imag,truth_OFFLINE,OFFLINE_TRUTH,XY,z,-0.0625,x,-0.3125,y,-0.5625,0.04,0.04,0.0,0.04,0.14200000000000002
2009,1.0,20dB_nominal_difference,imag,truth_OFFLINE,OFFLINE_TRUTH,XY,z,-0.0625,x,-0.1875,y,-0.5625,0.04,0.04,0.0,0.04,0.14200000000000002
2009,1.0,20dB_nominal_difference,imag,truth_OFFLINE,OFFLINE_TRUTH,XY,z,-0.0625,x,-0.0625,y,-0.5625,0.04,0.04,0.0,0.04,0.14200000000000002
2009,1.0,20dB_nominal_difference,imag,truth_OFFLINE,OFFLINE_TRUTH,XY,z,-0.0625,x,0.0625,y,-0.5625,0.04,0.04,0.0,0.04,0.14200000000000002
2009,1.0,20dB_nominal_difference,imag,truth_OFFLINE,OFFLINE_TRUTH,XY,z,-0.0625,x,0.1875,y,-0.5625,0.04,0.04,0.0,0.04,0.14200000000000002
2009,1.0,20dB_nominal_difference,imag,truth_OFFLINE,OFFLINE_TRUTH,XY,z,-0.0625,x,0.3125,y,-0.5625,0.04,0.04,0.0,0.04,0.14200000000000002
2009,1.0,20dB_nominal_difference,imag,truth_OFFLINE,OFFLINE_TRUTH,XY,z,-0.0625,x,0.4375,y,-0.5625,0.04,0.04,0.0,0.04,0.14200000000000002
2009,1.0,20dB_nominal_difference,imag,truth_OFFLINE,OFFLINE_TRUTH,XY,z,-0.0625,x,0.5625,y,-0.5625,0.04,0.04,0.0,0.04,0.14200000000000002
2009,1.0,20dB_nominal_difference,imag,truth_OFFLINE,OFFLINE_TRUTH,XY,z,-0.0625,x,0.6875,y,-0.5625,0.04,0.04,0.0,0.04,0.14200000000000002
2009,1.0,20dB_nominal_difference,imag,truth_OFFLINE,OFFLINE_TRUTH,XY,z,-0.0625,x,-0.6875,y,-0.4375,0.04,0.04,0.0,0.04,0.14200000000000002
2009,1.0,20dB_nominal_difference,imag,truth_OFFLINE,OFFLINE_TRUTH,XY,z,-0.0625,x,-0.5625,y,-0.4375,0.04,0.04,0.0,0.04,0.14200000000000002
2009,1.0,20dB_nominal_difference,imag,truth_OFFLINE,OFFLINE_TRUTH,XY,z,-0.0625,x,-0.4375,y,-0.4375,0.04,0.04,0.0,0.04,0.14200000000000002
2009,1.0,20dB_nominal_difference,imag,truth_OFFLINE,OFFLINE_TRUTH,XY,z,-0.0625,x,-0.3125,y,-0.4375,0.04,0.04,0.0,0.04,0.14200000000000002
2009,1.0,20dB_nominal_difference,imag,truth_OFFLINE,OFFLINE_TRUTH,XY,z,-0.0625,x,-0.1875,y,-0.4375,0.04,0.04,0.0,0.04,0.14200000000000002
2009,1.0,20dB_nominal_difference,imag,truth_OFFLINE,OFFLINE_TRUTH,XY,z,-0.0625,x,-0.0625,y,-0.4375,0.04,0.04,0.0,0.04,0.14200000000000002
2009,1.0,20dB_nominal_difference,imag,truth_OFFLINE,OFFLINE_TRUTH,XY,z,-0.0625,x,0.0625,y,-0.4375,0.04,0.04,0.0,0.04,0.14200000000000002
2009,1.0,20dB_nominal_difference,imag,truth_OFFLINE,OFFLINE_TRUTH,XY,z,-0.0625,x,0.1875,y,-0.4375,0.04,0.04,0.0,0.04,0.14200000000000002
2009,1.0,20dB_nominal_difference,imag,truth_OFFLINE,OFFLINE_TRUTH,XY,z,-0.0625,x,0.3125,y,-0.4375,0.04,0.04,0.0,0.04,0.14200000000000002
2009,1.0,20dB_nominal_difference,imag,truth_OFFLINE,OFFLINE_TRUTH,XY,z,-0.0625,x,0.4375,y,-0.4375,0.04,0.04,0.0,0.04,0.14200000000000002
2009,1.0,20dB_nominal_difference,imag,truth_OFFLINE,OFFLINE_TRUTH,XY,z,-0.0625,x,0.5625,y,-0.4375,0.04,0.04,0.0,0.04,0.14200000000000002
2009,1.0,20dB_nominal_difference,imag,truth_OFFLINE,OFFLINE_TRUTH,XY,z,-0.0625,x,0.6875,y,-0.4375,0.04,0.04,0.0,0.04,0.14200000000000002
2009,1.0,20dB_nominal_difference,imag,truth_OFFLINE,OFFLINE_TRUTH,XY,z,-0.0625,x,-0.6875,y,-0.3125,0.04,0.04,0.0,0.04,0.14200000000000002
2009,1.0,20dB_nominal_difference,imag,truth_OFFLINE,OFFLINE_TRUTH,XY,z,-0.0625,x,-0.5625,y,-0.3125,0.04,0.04,0.0,0.04,0.14200000000000002
2009,1.0,20dB_nominal_difference,imag,truth_OFFLINE,OFFLINE_TRUTH,XY,z,-0.0625,x,-0.4375,y,-0.3125,0.04,0.04,0.0,0.04,0.14200000000000002
2009,1.0,20dB_nominal_difference,imag,truth_OFFLINE,OFFLINE_TRUTH,XY,z,-0.0625,x,-0.3125,y,-0.3125,0.04,0.04,0.0,0.04,0.14200000000000002
2009,1.0,20dB_nominal_difference,imag,truth_OFFLINE,OFFLINE_TRUTH,XY,z,-0.0625,x,-0.1875,y,-0.3125,0.093,0.093,0.0,0.04,0.14200000000000002
2009,1.0,20dB_nominal_difference,imag,truth_OFFLINE,OFFLINE_TRUTH,XY,z,-0.0625,x,-0.0625,y,-0.3125,0.093,0.093,0.0,0.04,0.14200000000000002
2009,1.0,20dB_nominal_difference,imag,truth_OFFLINE,OFFLINE_TRUTH,XY,z,-0.0625,x,0.0625,y,-0.3125,0.11750000000000002,0.11750000000000002,0.0,0.04,0.14200000000000002
2009,1.0,20dB_nominal_difference,imag,truth_OFFLINE,OFFLINE_TRUTH,XY,z,-0.0625,x,0.1875,y,-0.3125,0.093,0.093,0.0,0.04,0.14200000000000002
2009,1.0,20dB_nominal_difference,imag,truth_OFFLINE,OFFLINE_TRUTH,XY,z,-0.0625,x,0.3125,y,-0.3125,0.04,0.04,0.0,0.04,0.14200000000000002
2009,1.0,20dB_nominal_difference,imag,truth_OFFLINE,OFFLINE_TRUTH,XY,z,-0.0625,x,0.4375,y,-0.3125,0.04,0.04,0.0,0.04,0.14200000000000002
2009,1.0,20dB_nominal_difference,imag,truth_OFFLINE,OFFLINE_TRUTH,XY,z,-0.0625,x,0.5625,y,-0.3125,0.04,0.04,0.0,0.04,0.14200000000000002
2009,1.0,20dB_nominal_difference,imag,truth_OFFLINE,OFFLINE_TRUTH,XY,z,-0.0625,x,0.6875,y,-0.3125,0.04,0.04,0.0,0.04,0.14200000000000002
2009,1.0,20dB_nominal_difference,imag,truth_OFFLINE,OFFLINE_TRUTH,XY,z,-0.0625,x,-0.6875,y,-0.1875,0.04,0.04,0.0,0.04,0.14200000000000002
2009,1.0,20dB_nominal_difference,imag,truth_OFFLINE,OFFLINE_TRUTH,XY,z,-0.0625,x,-0.5625,y,-0.1875,0.04,0.04,0.0,0.04,0.14200000000000002
2009,1.0,20dB_nominal_difference,imag,truth_OFFLINE,OFFLINE_TRUTH,XY,z,-0.0625,x,-0.4375,y,-0.1875,0.04,0.04,0.0,0.04,0.14200000000000002
2009,1.0,20dB_nominal_difference,imag,truth_OFFLINE,OFFLINE_TRUTH,XY,z,-0.0625,x,-0.3125,y,-0.1875,0.093,0.093,0.0,0.04,0.14200000000000002
2009,1.0,20dB_nominal_difference,imag,truth_OFFLINE,OFFLINE_TRUTH,XY,z,-0.0625,x,-0.1875,y,-0.1875,0.11750000000000002,0.11750000000000002,0.0,0.04,0.14200000000000002
2009,1.0,20dB_nominal_difference,imag,truth_OFFLINE,OFFLINE_TRUTH,XY,z,-0.0625,x,-0.0625,y,-0.1875,0.11750000000000002,0.11750000000000002,0.0,0.04,0.14200000000000002
2009,1.0,20dB_nominal_difference,imag,truth_OFFLINE,OFFLINE_TRUTH,XY,z,-0.0625,x,0.0625,y,-0.1875,0.14200000000000002,0.14200000000000002,0.0,0.04,0.14200000000000002
2009,1.0,20dB_nominal_difference,imag,truth_OFFLINE,OFFLINE_TRUTH,XY,z,-0.0625,x,0.1875,y,-0.1875,0.14200000000000002,0.14200000000000002,0.0,0.04,0.14200000000000002
2009,1.0,20dB_nominal_difference,imag,truth_OFFLINE,OFFLINE_TRUTH,XY,z,-0.0625,x,0.3125,y,-0.1875,0.11750000000000002,0.11750000000000002,0.0,0.04,0.14200000000000002
2009,1.0,20dB_nominal_difference,imag,truth_OFFLINE,OFFLINE_TRUTH,XY,z,-0.0625,x,0.4375,y,-0.1875,0.04,0.04,0.0,0.04,0.14200000000000002
2009,1.0,20dB_nominal_difference,imag,truth_OFFLINE,OFFLINE_TRUTH,XY,z,-0.0625,x,0.5625,y,-0.1875,0.04,0.04,0.0,0.04,0.14200000000000002
2009,1.0,20dB_nominal_difference,imag,truth_OFFLINE,OFFLINE_TRUTH,XY,z,-0.0625,x,0.6875,y,-0.1875,0.04,0.04,0.0,0.04,0.14200000000000002
2009,1.0,20dB_nominal_difference,imag,truth_OFFLINE,OFFLINE_TRUTH,XY,z,-0.0625,x,-0.6875,y,-0.0625,0.04,0.04,0.0,0.04,0.14200000000000002
2009,1.0,20dB_nominal_difference,imag,truth_OFFLINE,OFFLINE_TRUTH,XY,z,-0.0625,x,-0.5625,y,-0.0625,0.04,0.04,0.0,0.04,0.14200000000000002
2009,1.0,20dB_nominal_difference,imag,truth_OFFLINE,OFFLINE_TRUTH,XY,z,-0.0625,x,-0.4375,y,-0.0625,0.04,0.04,0.0,0.04,0.14200000000000002
2009,1.0,20dB_nominal_difference,imag,truth_OFFLINE,OFFLINE_TRUTH,XY,z,-0.0625,x,-0.3125,y,-0.0625,0.093,0.093,0.0,0.04,0.14200000000000002
2009,1.0,20dB_nominal_difference,imag,truth_OFFLINE,OFFLINE_TRUTH,XY,z,-0.0625,x,-0.1875,y,-0.0625,0.11750000000000002,0.11750000000000002,0.0,0.04,0.14200000000000002
2009,1.0,20dB_nominal_difference,imag,truth_OFFLINE,OFFLINE_TRUTH,XY,z,-0.0625,x,-0.0625,y,-0.0625,0.11750000000000002,0.11750000000000002,0.0,0.04,0.14200000000000002
2009,1.0,20dB_nominal_difference,imag,truth_OFFLINE,OFFLINE_TRUTH,XY,z,-0.0625,x,0.0625,y,-0.0625,0.14200000000000002,0.14200000000000002,0.0,0.04,0.14200000000000002
2009,1.0,20dB_nominal_difference,imag,truth_OFFLINE,OFFLINE_TRUTH,XY,z,-0.0625,x,0.1875,y,-0.0625,0.14200000000000002,0.14200000000000002,0.0,0.04,0.14200000000000002
2009,1.0,20dB_nominal_difference,imag,truth_OFFLINE,OFFLINE_TRUTH,XY,z,-0.0625,x,0.3125,y,-0.0625,0.14200000000000002,0.14200000000000002,0.0,0.04,0.14200000000000002
2009,1.0,20dB_nominal_difference,imag,truth_OFFLINE,OFFLINE_TRUTH,XY,z,-0.0625,x,0.4375,y,-0.0625,0.093,0.093,0.0,0.04,0.14200000000000002
2009,1.0,20dB_nominal_difference,imag,truth_OFFLINE,OFFLINE_TRUTH,XY,z,-0.0625,x,0.5625,y,-0.0625,0.04,0.04,0.0,0.04,0.14200000000000002
2009,1.0,20dB_nominal_difference,imag,truth_OFFLINE,OFFLINE_TRUTH,XY,z,-0.0625,x,0.6875,y,-0.0625,0.04,0.04,0.0,0.04,0.14200000000000002
2009,1.0,20dB_nominal_difference,imag,truth_OFFLINE,OFFLINE_TRUTH,XY,z,-0.0625,x,-0.6875,y,0.0625,0.04,0.04,0.0,0.04,0.14200000000000002
2009,1.0,20dB_nominal_difference,imag,truth_OFFLINE,OFFLINE_TRUTH,XY,z,-0.0625,x,-0.5625,y,0.0625,0.04,0.04,0.0,0.04,0.14200000000000002
2009,1.0,20dB_nominal_difference,imag,truth_OFFLINE,OFFLINE_TRUTH,XY,z,-0.0625,x,-0.4375,y,0.0625,0.04,0.04,0.0,0.04,0.14200000000000002
2009,1.0,20dB_nominal_difference,imag,truth_OFFLINE,OFFLINE_TRUTH,XY,z,-0.0625,x,-0.3125,y,0.0625,0.093,0.093,0.0,0.04,0.14200000000000002
2009,1.0,20dB_nominal_difference,imag,truth_OFFLINE,OFFLINE_TRUTH,XY,z,-0.0625,x,-0.1875,y,0.0625,0.093,0.093,0.0,0.04,0.14200000000000002
2009,1.0,20dB_nominal_difference,imag,truth_OFFLINE,OFFLINE_TRUTH,XY,z,-0.0625,x,-0.0625,y,0.0625,0.11750000000000002,0.11750000000000002,0.0,0.04,0.14200000000000002
2009,1.0,20dB_nominal_difference,imag,truth_OFFLINE,OFFLINE_TRUTH,XY,z,-0.0625,x,0.0625,y,0.0625,0.11750000000000002,0.11750000000000002,0.0,0.04,0.14200000000000002
2009,1.0,20dB_nominal_difference,imag,truth_OFFLINE,OFFLINE_TRUTH,XY,z,-0.0625,x,0.1875,y,0.0625,0.14200000000000002,0.14200000000000002,0.0,0.04,0.14200000000000002
2009,1.0,20dB_nominal_difference,imag,truth_OFFLINE,OFFLINE_TRUTH,XY,z,-0.0625,x,0.3125,y,0.0625,0.11750000000000002,0.11750000000000002,0.0,0.04,0.14200000000000002
2009,1.0,20dB_nominal_difference,imag,truth_OFFLINE,OFFLINE_TRUTH,XY,z,-0.0625,x,0.4375,y,0.0625,0.093,0.093,0.0,0.04,0.14200000000000002
2009,1.0,20dB_nominal_difference,imag,truth_OFFLINE,OFFLINE_TRUTH,XY,z,-0.0625,x,0.5625,y,0.0625,0.04,0.04,0.0,0.04,0.14200000000000002
2009,1.0,20dB_nominal_difference,imag,truth_OFFLINE,OFFLINE_TRUTH,XY,z,-0.0625,x,0.6875,y,0.0625,0.04,0.04,0.0,0.04,0.14200000000000002
2009,1.0,20dB_nominal_difference,imag,truth_OFFLINE,OFFLINE_TRUTH,XY,z,-0.0625,x,-0.6875,y,0.1875,0.04,0.04,0.0,0.04,0.14200000000000002
2009,1.0,20dB_nominal_difference,imag,truth_OFFLINE,OFFLINE_TRUTH,XY,z,-0.0625,x,-0.5625,y,0.1875,0.04,0.04,0.0,0.04,0.14200000000000002
2009,1.0,20dB_nominal_difference,imag,truth_OFFLINE,OFFLINE_TRUTH,XY,z,-0.0625,x,-0.4375,y,0.1875,0.04,0.04,0.0,0.04,0.14200000000000002
2009,1.0,20dB_nominal_difference,imag,truth_OFFLINE,OFFLINE_TRUTH,XY,z,-0.0625,x,-0.3125,y,0.1875,0.04,0.04,0.0,0.04,0.14200000000000002
2009,1.0,20dB_nominal_difference,imag,truth_OFFLINE,OFFLINE_TRUTH,XY,z,-0.0625,x,-0.1875,y,0.1875,0.093,0.093,0.0,0.04,0.14200000000000002
2009,1.0,20dB_nominal_difference,imag,truth_OFFLINE,OFFLINE_TRUTH,XY,z,-0.0625,x,-0.0625,y,0.1875,0.093,0.093,0.0,0.04,0.14200000000000002
2009,1.0,20dB_nominal_difference,imag,truth_OFFLINE,OFFLINE_TRUTH,XY,z,-0.0625,x,0.0625,y,0.1875,0.11750000000000002,0.11750000000000002,0.0,0.04,0.14200000000000002
2009,1.0,20dB_nominal_difference,imag,truth_OFFLINE,OFFLINE_TRUTH,XY,z,-0.0625,x,0.1875,y,0.1875,0.11750000000000002,0.11750000000000002,0.0,0.04,0.14200000000000002
2009,1.0,20dB_nominal_difference,imag,truth_OFFLINE,OFFLINE_TRUTH,XY,z,-0.0625,x,0.3125,y,0.1875,0.093,0.093,0.0,0.04,0.14200000000000002
2009,1.0,20dB_nominal_difference,imag,truth_OFFLINE,OFFLINE_TRUTH,XY,z,-0.0625,x,0.4375,y,0.1875,0.04,0.04,0.0,0.04,0.14200000000000002
2009,1.0,20dB_nominal_difference,imag,truth_OFFLINE,OFFLINE_TRUTH,XY,z,-0.0625,x,0.5625,y,0.1875,0.04,0.04,0.0,0.04,0.14200000000000002
2009,1.0,20dB_nominal_difference,imag,truth_OFFLINE,OFFLINE_TRUTH,XY,z,-0.0625,x,0.6875,y,0.1875,0.04,0.04,0.0,0.04,0.14200000000000002
2009,1.0,20dB_nominal_difference,imag,truth_OFFLINE,OFFLINE_TRUTH,XY,z,-0.0625,x,-0.6875,y,0.3125,0.04,0.04,0.0,0.04,0.14200000000000002
2009,1.0,20dB_nominal_difference,imag,truth_OFFLINE,OFFLINE_TRUTH,XY,z,-0.0625,x,-0.5625,y,0.3125,0.04,0.04,0.0,0.04,0.14200000000000002
2009,1.0,20dB_nominal_difference,imag,truth_OFFLINE,OFFLINE_TRUTH,XY,z,-0.0625,x,-0.4375,y,0.3125,0.04,0.04,0.0,0.04,0.14200000000000002
2009,1.0,20dB_nominal_difference,imag,truth_OFFLINE,OFFLINE_TRUTH,XY,z,-0.0625,x,-0.3125,y,0.3125,0.04,0.04,0.0,0.04,0.14200000000000002
2009,1.0,20dB_nominal_difference,imag,truth_OFFLINE,OFFLINE_TRUTH,XY,z,-0.0625,x,-0.1875,y,0.3125,0.04,0.04,0.0,0.04,0.14200000000000002
2009,1.0,20dB_nominal_difference,imag,truth_OFFLINE,OFFLINE_TRUTH,XY,z,-0.0625,x,-0.0625,y,0.3125,0.04,0.04,0.0,0.04,0.14200000000000002
2009,1.0,20dB_nominal_difference,imag,truth_OFFLINE,OFFLINE_TRUTH,XY,z,-0.0625,x,0.0625,y,0.3125,0.04,0.04,0.0,0.04,0.14200000000000002
2009,1.0,20dB_nominal_difference,imag,truth_OFFLINE,OFFLINE_TRUTH,XY,z,-0.0625,x,0.1875,y,0.3125,0.04,0.04,0.0,0.04,0.14200000000000002
2009,1.0,20dB_nominal_difference,imag,truth_OFFLINE,OFFLINE_TRUTH,XY,z,-0.0625,x,0.3125,y,0.3125,0.04,0.04,0.0,0.04,0.14200000000000002
2009,1.0,20dB_nominal_difference,imag,truth_OFFLINE,OFFLINE_TRUTH,XY,z,-0.0625,x,0.4375,y,0.3125,0.04,0.04,0.0,0.04,0.14200000000000002
2009,1.0,20dB_nominal_difference,imag,truth_OFFLINE,OFFLINE_TRUTH,XY,z,-0.0625,x,0.5625,y,0.3125,0.04,0.04,0.0,0.04,0.14200000000000002
2009,1.0,20dB_nominal_difference,imag,truth_OFFLINE,OFFLINE_TRUTH,XY,z,-0.0625,x,0.6875,y,0.3125,0.04,0.04,0.0,0.04,0.14200000000000002
2009,1.0,20dB_nominal_difference,imag,truth_OFFLINE,OFFLINE_TRUTH,XY,z,-0.0625,x,-0.6875,y,0.4375,0.04,0.04,0.0,0.04,0.14200000000000002
2009,1.0,20dB_nominal_difference,imag,truth_OFFLINE,OFFLINE_TRUTH,XY,z,-0.0625,x,-0.5625,y,0.4375,0.04,0.04,0.0,0.04,0.14200000000000002
2009,1.0,20dB_nominal_difference,imag,truth_OFFLINE,OFFLINE_TRUTH,XY,z,-0.0625,x,-0.4375,y,0.4375,0.04,0.04,0.0,0.04,0.14200000000000002
2009,1.0,20dB_nominal_difference,imag,truth_OFFLINE,OFFLINE_TRUTH,XY,z,-0.0625,x,-0.3125,y,0.4375,0.04,0.04,0.0,0.04,0.14200000000000002
2009,1.0,20dB_nominal_difference,imag,truth_OFFLINE,OFFLINE_TRUTH,XY,z,-0.0625,x,-0.1875,y,0.4375,0.04,0.04,0.0,0.04,0.14200000000000002
2009,1.0,20dB_nominal_difference,imag,truth_OFFLINE,OFFLINE_TRUTH,XY,z,-0.0625,x,-0.0625,y,0.4375,0.04,0.04,0.0,0.04,0.14200000000000002
2009,1.0,20dB_nominal_difference,imag,truth_OFFLINE,OFFLINE_TRUTH,XY,z,-0.0625,x,0.0625,y,0.4375,0.04,0.04,0.0,0.04,0.14200000000000002
2009,1.0,20dB_nominal_difference,imag,truth_OFFLINE,OFFLINE_TRUTH,XY,z,-0.0625,x,0.1875,y,0.4375,0.04,0.04,0.0,0.04,0.14200000000000002
2009,1.0,20dB_nominal_difference,imag,truth_OFFLINE,OFFLINE_TRUTH,XY,z,-0.0625,x,0.3125,y,0.4375,0.04,0.04,0.0,0.04,0.14200000000000002
2009,1.0,20dB_nominal_difference,imag,truth_OFFLINE,OFFLINE_TRUTH,XY,z,-0.0625,x,0.4375,y,0.4375,0.04,0.04,0.0,0.04,0.14200000000000002
2009,1.0,20dB_nominal_difference,imag,truth_OFFLINE,OFFLINE_TRUTH,XY,z,-0.0625,x,0.5625,y,0.4375,0.04,0.04,0.0,0.04,0.14200000000000002
2009,1.0,20dB_nominal_difference,imag,truth_OFFLINE,OFFLINE_TRUTH,XY,z,-0.0625,x,0.6875,y,0.4375,0.04,0.04,0.0,0.04,0.14200000000000002
2009,1.0,20dB_nominal_difference,imag,truth_OFFLINE,OFFLINE_TRUTH,XY,z,-0.0625,x,-0.6875,y,0.5625,0.04,0.04,0.0,0.04,0.14200000000000002
2009,1.0,20dB_nominal_difference,imag,truth_OFFLINE,OFFLINE_TRUTH,XY,z,-0.0625,x,-0.5625,y,0.5625,0.04,0.04,0.0,0.04,0.14200000000000002
2009,1.0,20dB_nominal_difference,imag,truth_OFFLINE,OFFLINE_TRUTH,XY,z,-0.0625,x,-0.4375,y,0.5625,0.04,0.04,0.0,0.04,0.14200000000000002
2009,1.0,20dB_nominal_difference,imag,truth_OFFLINE,OFFLINE_TRUTH,XY,z,-0.0625,x,-0.3125,y,0.5625,0.04,0.04,0.0,0.04,0.14200000000000002
2009,1.0,20dB_nominal_difference,imag,truth_OFFLINE,OFFLINE_TRUTH,XY,z,-0.0625,x,-0.1875,y,0.5625,0.04,0.04,0.0,0.04,0.14200000000000002
2009,1.0,20dB_nominal_difference,imag,truth_OFFLINE,OFFLINE_TRUTH,XY,z,-0.0625,x,-0.0625,y,0.5625,0.04,0.04,0.0,0.04,0.14200000000000002
2009,1.0,20dB_nominal_difference,imag,truth_OFFLINE,OFFLINE_TRUTH,XY,z,-0.0625,x,0.0625,y,0.5625,0.04,0.04,0.0,0.04,0.14200000000000002
2009,1.0,20dB_nominal_difference,imag,truth_OFFLINE,OFFLINE_TRUTH,XY,z,-0.0625,x,0.1875,y,0.5625,0.04,0.04,0.0,0.04,0.14200000000000002
2009,1.0,20dB_nominal_difference,imag,truth_OFFLINE,OFFLINE_TRUTH,XY,z,-0.0625,x,0.3125,y,0.5625,0.04,0.04,0.0,0.04,0.14200000000000002
2009,1.0,20dB_nominal_difference,imag,truth_OFFLINE,OFFLINE_TRUTH,XY,z,-0.0625,x,0.4375,y,0.5625,0.04,0.04,0.0,0.04,0.14200000000000002
2009,1.0,20dB_nominal_difference,imag,truth_OFFLINE,OFFLINE_TRUTH,XY,z,-0.0625,x,0.5625,y,0.5625,0.04,0.04,0.0,0.04,0.14200000000000002
2009,1.0,20dB_nominal_difference,imag,truth_OFFLINE,OFFLINE_TRUTH,XY,z,-0.0625,x,0.6875,y,0.5625,0.04,0.04,0.0,0.04,0.14200000000000002
2009,1.0,20dB_nominal_difference,imag,truth_OFFLINE,OFFLINE_TRUTH,XY,z,-0.0625,x,-0.6875,y,0.6875,0.04,0.04,0.0,0.04,0.14200000000000002
2009,1.0,20dB_nominal_difference,imag,truth_OFFLINE,OFFLINE_TRUTH,XY,z,-0.0625,x,-0.5625,y,0.6875,0.04,0.04,0.0,0.04,0.14200000000000002
2009,1.0,20dB_nominal_difference,imag,truth_OFFLINE,OFFLINE_TRUTH,XY,z,-0.0625,x,-0.4375,y,0.6875,0.04,0.04,0.0,0.04,0.14200000000000002
2009,1.0,20dB_nominal_difference,imag,truth_OFFLINE,OFFLINE_TRUTH,XY,z,-0.0625,x,-0.3125,y,0.6875,0.04,0.04,0.0,0.04,0.14200000000000002
2009,1.0,20dB_nominal_difference,imag,truth_OFFLINE,OFFLINE_TRUTH,XY,z,-0.0625,x,-0.1875,y,0.6875,0.04,0.04,0.0,0.04,0.14200000000000002
2009,1.0,20dB_nominal_difference,imag,truth_OFFLINE,OFFLINE_TRUTH,XY,z,-0.0625,x,-0.0625,y,0.6875,0.04,0.04,0.0,0.04,0.14200000000000002
2009,1.0,20dB_nominal_difference,imag,truth_OFFLINE,OFFLINE_TRUTH,XY,z,-0.0625,x,0.0625,y,0.6875,0.04,0.04,0.0,0.04,0.14200000000000002
2009,1.0,20dB_nominal_difference,imag,truth_OFFLINE,OFFLINE_TRUTH,XY,z,-0.0625,x,0.1875,y,0.6875,0.04,0.04,0.0,0.04,0.14200000000000002
2009,1.0,20dB_nominal_difference,imag,truth_OFFLINE,OFFLINE_TRUTH,XY,z,-0.0625,x,0.3125,y,0.6875,0.04,0.04,0.0,0.04,0.14200000000000002
2009,1.0,20dB_nominal_difference,imag,truth_OFFLINE,OFFLINE_TRUTH,XY,z,-0.0625,x,0.4375,y,0.6875,0.04,0.04,0.0,0.04,0.14200000000000002
2009,1.0,20dB_nominal_difference,imag,truth_OFFLINE,OFFLINE_TRUTH,XY,z,-0.0625,x,0.5625,y,0.6875,0.04,0.04,0.0,0.04,0.14200000000000002
2009,1.0,20dB_nominal_difference,imag,truth_OFFLINE,OFFLINE_TRUTH,XY,z,-0.0625,x,0.6875,y,0.6875,0.04,0.04,0.0,0.04,0.14200000000000002
2009,1.0,20dB_nominal_difference,imag,truth_OFFLINE,OFFLINE_TRUTH,XZ,y,-0.0625,x,-0.6875,z,-0.6875,0.04,0.04,0.0,0.04,0.14200000000000002
2009,1.0,20dB_nominal_difference,imag,truth_OFFLINE,OFFLINE_TRUTH,XZ,y,-0.0625,x,-0.5625,z,-0.6875,0.04,0.04,0.0,0.04,0.14200000000000002
2009,1.0,20dB_nominal_difference,imag,truth_OFFLINE,OFFLINE_TRUTH,XZ,y,-0.0625,x,-0.4375,z,-0.6875,0.04,0.04,0.0,0.04,0.14200000000000002
2009,1.0,20dB_nominal_difference,imag,truth_OFFLINE,OFFLINE_TRUTH,XZ,y,-0.0625,x,-0.3125,z,-0.6875,0.04,0.04,0.0,0.04,0.14200000000000002
2009,1.0,20dB_nominal_difference,imag,truth_OFFLINE,OFFLINE_TRUTH,XZ,y,-0.0625,x,-0.1875,z,-0.6875,0.04,0.04,0.0,0.04,0.14200000000000002
2009,1.0,20dB_nominal_difference,imag,truth_OFFLINE,OFFLINE_TRUTH,XZ,y,-0.0625,x,-0.0625,z,-0.6875,0.04,0.04,0.0,0.04,0.14200000000000002
2009,1.0,20dB_nominal_difference,imag,truth_OFFLINE,OFFLINE_TRUTH,XZ,y,-0.0625,x,0.0625,z,-0.6875,0.04,0.04,0.0,0.04,0.14200000000000002
2009,1.0,20dB_nominal_difference,imag,truth_OFFLINE,OFFLINE_TRUTH,XZ,y,-0.0625,x,0.1875,z,-0.6875,0.04,0.04,0.0,0.04,0.14200000000000002
2009,1.0,20dB_nominal_difference,imag,truth_OFFLINE,OFFLINE_TRUTH,XZ,y,-0.0625,x,0.3125,z,-0.6875,0.04,0.04,0.0,0.04,0.14200000000000002
2009,1.0,20dB_nominal_difference,imag,truth_OFFLINE,OFFLINE_TRUTH,XZ,y,-0.0625,x,0.4375,z,-0.6875,0.04,0.04,0.0,0.04,0.14200000000000002
2009,1.0,20dB_nominal_difference,imag,truth_OFFLINE,OFFLINE_TRUTH,XZ,y,-0.0625,x,0.5625,z,-0.6875,0.04,0.04,0.0,0.04,0.14200000000000002
2009,1.0,20dB_nominal_difference,imag,truth_OFFLINE,OFFLINE_TRUTH,XZ,y,-0.0625,x,0.6875,z,-0.6875,0.04,0.04,0.0,0.04,0.14200000000000002
2009,1.0,20dB_nominal_difference,imag,truth_OFFLINE,OFFLINE_TRUTH,XZ,y,-0.0625,x,-0.6875,z,-0.5625,0.04,0.04,0.0,0.04,0.14200000000000002
2009,1.0,20dB_nominal_difference,imag,truth_OFFLINE,OFFLINE_TRUTH,XZ,y,-0.0625,x,-0.5625,z,-0.5625,0.04,0.04,0.0,0.04,0.14200000000000002
2009,1.0,20dB_nominal_difference,imag,truth_OFFLINE,OFFLINE_TRUTH,XZ,y,-0.0625,x,-0.4375,z,-0.5625,0.04,0.04,0.0,0.04,0.14200000000000002
2009,1.0,20dB_nominal_difference,imag,truth_OFFLINE,OFFLINE_TRUTH,XZ,y,-0.0625,x,-0.3125,z,-0.5625,0.04,0.04,0.0,0.04,0.14200000000000002
2009,1.0,20dB_nominal_difference,imag,truth_OFFLINE,OFFLINE_TRUTH,XZ,y,-0.0625,x,-0.1875,z,-0.5625,0.04,0.04,0.0,0.04,0.14200000000000002
2009,1.0,20dB_nominal_difference,imag,truth_OFFLINE,OFFLINE_TRUTH,XZ,y,-0.0625,x,-0.0625,z,-0.5625,0.04,0.04,0.0,0.04,0.14200000000000002
2009,1.0,20dB_nominal_difference,imag,truth_OFFLINE,OFFLINE_TRUTH,XZ,y,-0.0625,x,0.0625,z,-0.5625,0.04,0.04,0.0,0.04,0.14200000000000002
2009,1.0,20dB_nominal_difference,imag,truth_OFFLINE,OFFLINE_TRUTH,XZ,y,-0.0625,x,0.1875,z,-0.5625,0.04,0.04,0.0,0.04,0.14200000000000002
2009,1.0,20dB_nominal_difference,imag,truth_OFFLINE,OFFLINE_TRUTH,XZ,y,-0.0625,x,0.3125,z,-0.5625,0.04,0.04,0.0,0.04,0.14200000000000002
2009,1.0,20dB_nominal_difference,imag,truth_OFFLINE,OFFLINE_TRUTH,XZ,y,-0.0625,x,0.4375,z,-0.5625,0.04,0.04,0.0,0.04,0.14200000000000002
2009,1.0,20dB_nominal_difference,imag,truth_OFFLINE,OFFLINE_TRUTH,XZ,y,-0.0625,x,0.5625,z,-0.5625,0.04,0.04,0.0,0.04,0.14200000000000002
2009,1.0,20dB_nominal_difference,imag,truth_OFFLINE,OFFLINE_TRUTH,XZ,y,-0.0625,x,0.6875,z,-0.5625,0.04,0.04,0.0,0.04,0.14200000000000002
2009,1.0,20dB_nominal_difference,imag,truth_OFFLINE,OFFLINE_TRUTH,XZ,y,-0.0625,x,-0.6875,z,-0.4375,0.04,0.04,0.0,0.04,0.14200000000000002
2009,1.0,20dB_nominal_difference,imag,truth_OFFLINE,OFFLINE_TRUTH,XZ,y,-0.0625,x,-0.5625,z,-0.4375,0.04,0.04,0.0,0.04,0.14200000000000002
2009,1.0,20dB_nominal_difference,imag,truth_OFFLINE,OFFLINE_TRUTH,XZ,y,-0.0625,x,-0.4375,z,-0.4375,0.04,0.04,0.0,0.04,0.14200000000000002
2009,1.0,20dB_nominal_difference,imag,truth_OFFLINE,OFFLINE_TRUTH,XZ,y,-0.0625,x,-0.3125,z,-0.4375,0.04,0.04,0.0,0.04,0.14200000000000002
2009,1.0,20dB_nominal_difference,imag,truth_OFFLINE,OFFLINE_TRUTH,XZ,y,-0.0625,x,-0.1875,z,-0.4375,0.04,0.04,0.0,0.04,0.14200000000000002
2009,1.0,20dB_nominal_difference,imag,truth_OFFLINE,OFFLINE_TRUTH,XZ,y,-0.0625,x,-0.0625,z,-0.4375,0.04,0.04,0.0,0.04,0.14200000000000002
2009,1.0,20dB_nominal_difference,imag,truth_OFFLINE,OFFLINE_TRUTH,XZ,y,-0.0625,x,0.0625,z,-0.4375,0.04,0.04,0.0,0.04,0.14200000000000002
2009,1.0,20dB_nominal_difference,imag,truth_OFFLINE,OFFLINE_TRUTH,XZ,y,-0.0625,x,0.1875,z,-0.4375,0.04,0.04,0.0,0.04,0.14200000000000002
2009,1.0,20dB_nominal_difference,imag,truth_OFFLINE,OFFLINE_TRUTH,XZ,y,-0.0625,x,0.3125,z,-0.4375,0.04,0.04,0.0,0.04,0.14200000000000002
2009,1.0,20dB_nominal_difference,imag,truth_OFFLINE,OFFLINE_TRUTH,XZ,y,-0.0625,x,0.4375,z,-0.4375,0.04,0.04,0.0,0.04,0.14200000000000002
2009,1.0,20dB_nominal_difference,imag,truth_OFFLINE,OFFLINE_TRUTH,XZ,y,-0.0625,x,0.5625,z,-0.4375,0.04,0.04,0.0,0.04,0.14200000000000002
2009,1.0,20dB_nominal_difference,imag,truth_OFFLINE,OFFLINE_TRUTH,XZ,y,-0.0625,x,0.6875,z,-0.4375,0.04,0.04,0.0,0.04,0.14200000000000002
2009,1.0,20dB_nominal_difference,imag,truth_OFFLINE,OFFLINE_TRUTH,XZ,y,-0.0625,x,-0.6875,z,-0.3125,0.04,0.04,0.0,0.04,0.14200000000000002
2009,1.0,20dB_nominal_difference,imag,truth_OFFLINE,OFFLINE_TRUTH,XZ,y,-0.0625,x,-0.5625,z,-0.3125,0.04,0.04,0.0,0.04,0.14200000000000002
2009,1.0,20dB_nominal_difference,imag,truth_OFFLINE,OFFLINE_TRUTH,XZ,y,-0.0625,x,-0.4375,z,-0.3125,0.04,0.04,0.0,0.04,0.14200000000000002
2009,1.0,20dB_nominal_difference,imag,truth_OFFLINE,OFFLINE_TRUTH,XZ,y,-0.0625,x,-0.3125,z,-0.3125,0.04,0.04,0.0,0.04,0.14200000000000002
2009,1.0,20dB_nominal_difference,imag,truth_OFFLINE,OFFLINE_TRUTH,XZ,y,-0.0625,x,-0.1875,z,-0.3125,0.093,0.093,0.0,0.04,0.14200000000000002
2009,1.0,20dB_nominal_difference,imag,truth_OFFLINE,OFFLINE_TRUTH,XZ,y,-0.0625,x,-0.0625,z,-0.3125,0.093,0.093,0.0,0.04,0.14200000000000002
2009,1.0,20dB_nominal_difference,imag,truth_OFFLINE,OFFLINE_TRUTH,XZ,y,-0.0625,x,0.0625,z,-0.3125,0.093,0.093,0.0,0.04,0.14200000000000002
2009,1.0,20dB_nominal_difference,imag,truth_OFFLINE,OFFLINE_TRUTH,XZ,y,-0.0625,x,0.1875,z,-0.3125,0.093,0.093,0.0,0.04,0.14200000000000002
2009,1.0,20dB_nominal_difference,imag,truth_OFFLINE,OFFLINE_TRUTH,XZ,y,-0.0625,x,0.3125,z,-0.3125,0.04,0.04,0.0,0.04,0.14200000000000002
2009,1.0,20dB_nominal_difference,imag,truth_OFFLINE,OFFLINE_TRUTH,XZ,y,-0.0625,x,0.4375,z,-0.3125,0.04,0.04,0.0,0.04,0.14200000000000002
2009,1.0,20dB_nominal_difference,imag,truth_OFFLINE,OFFLINE_TRUTH,XZ,y,-0.0625,x,0.5625,z,-0.3125,0.04,0.04,0.0,0.04,0.14200000000000002
2009,1.0,20dB_nominal_difference,imag,truth_OFFLINE,OFFLINE_TRUTH,XZ,y,-0.0625,x,0.6875,z,-0.3125,0.04,0.04,0.0,0.04,0.14200000000000002
2009,1.0,20dB_nominal_difference,imag,truth_OFFLINE,OFFLINE_TRUTH,XZ,y,-0.0625,x,-0.6875,z,-0.1875,0.04,0.04,0.0,0.04,0.14200000000000002
2009,1.0,20dB_nominal_difference,imag,truth_OFFLINE,OFFLINE_TRUTH,XZ,y,-0.0625,x,-0.5625,z,-0.1875,0.04,0.04,0.0,0.04,0.14200000000000002
2009,1.0,20dB_nominal_difference,imag,truth_OFFLINE,OFFLINE_TRUTH,XZ,y,-0.0625,x,-0.4375,z,-0.1875,0.04,0.04,0.0,0.04,0.14200000000000002
2009,1.0,20dB_nominal_difference,imag,truth_OFFLINE,OFFLINE_TRUTH,XZ,y,-0.0625,x,-0.3125,z,-0.1875,0.093,0.093,0.0,0.04,0.14200000000000002
2009,1.0,20dB_nominal_difference,imag,truth_OFFLINE,OFFLINE_TRUTH,XZ,y,-0.0625,x,-0.1875,z,-0.1875,0.093,0.093,0.0,0.04,0.14200000000000002
2009,1.0,20dB_nominal_difference,imag,truth_OFFLINE,OFFLINE_TRUTH,XZ,y,-0.0625,x,-0.0625,z,-0.1875,0.11750000000000002,0.11750000000000002,0.0,0.04,0.14200000000000002
2009,1.0,20dB_nominal_difference,imag,truth_OFFLINE,OFFLINE_TRUTH,XZ,y,-0.0625,x,0.0625,z,-0.1875,0.11750000000000002,0.11750000000000002,0.0,0.04,0.14200000000000002
2009,1.0,20dB_nominal_difference,imag,truth_OFFLINE,OFFLINE_TRUTH,XZ,y,-0.0625,x,0.1875,z,-0.1875,0.11750000000000002,0.11750000000000002,0.0,0.04,0.14200000000000002
2009,1.0,20dB_nominal_difference,imag,truth_OFFLINE,OFFLINE_TRUTH,XZ,y,-0.0625,x,0.3125,z,-0.1875,0.11750000000000002,0.11750000000000002,0.0,0.04,0.14200000000000002
2009,1.0,20dB_nominal_difference,imag,truth_OFFLINE,OFFLINE_TRUTH,XZ,y,-0.0625,x,0.4375,z,-0.1875,0.04,0.04,0.0,0.04,0.14200000000000002
2009,1.0,20dB_nominal_difference,imag,truth_OFFLINE,OFFLINE_TRUTH,XZ,y,-0.0625,x,0.5625,z,-0.1875,0.04,0.04,0.0,0.04,0.14200000000000002
2009,1.0,20dB_nominal_difference,imag,truth_OFFLINE,OFFLINE_TRUTH,XZ,y,-0.0625,x,0.6875,z,-0.1875,0.04,0.04,0.0,0.04,0.14200000000000002
2009,1.0,20dB_nominal_difference,imag,truth_OFFLINE,OFFLINE_TRUTH,XZ,y,-0.0625,x,-0.6875,z,-0.0625,0.04,0.04,0.0,0.04,0.14200000000000002
2009,1.0,20dB_nominal_difference,imag,truth_OFFLINE,OFFLINE_TRUTH,XZ,y,-0.0625,x,-0.5625,z,-0.0625,0.04,0.04,0.0,0.04,0.14200000000000002
2009,1.0,20dB_nominal_difference,imag,truth_OFFLINE,OFFLINE_TRUTH,XZ,y,-0.0625,x,-0.4375,z,-0.0625,0.04,0.04,0.0,0.04,0.14200000000000002
2009,1.0,20dB_nominal_difference,imag,truth_OFFLINE,OFFLINE_TRUTH,XZ,y,-0.0625,x,-0.3125,z,-0.0625,0.093,0.093,0.0,0.04,0.14200000000000002
2009,1.0,20dB_nominal_difference,imag,truth_OFFLINE,OFFLINE_TRUTH,XZ,y,-0.0625,x,-0.1875,z,-0.0625,0.11750000000000002,0.11750000000000002,0.0,0.04,0.14200000000000002
2009,1.0,20dB_nominal_difference,imag,truth_OFFLINE,OFFLINE_TRUTH,XZ,y,-0.0625,x,-0.0625,z,-0.0625,0.11750000000000002,0.11750000000000002,0.0,0.04,0.14200000000000002
2009,1.0,20dB_nominal_difference,imag,truth_OFFLINE,OFFLINE_TRUTH,XZ,y,-0.0625,x,0.0625,z,-0.0625,0.14200000000000002,0.14200000000000002,0.0,0.04,0.14200000000000002
2009,1.0,20dB_nominal_difference,imag,truth_OFFLINE,OFFLINE_TRUTH,XZ,y,-0.0625,x,0.1875,z,-0.0625,0.14200000000000002,0.14200000000000002,0.0,0.04,0.14200000000000002
2009,1.0,20dB_nominal_difference,imag,truth_OFFLINE,OFFLINE_TRUTH,XZ,y,-0.0625,x,0.3125,z,-0.0625,0.14200000000000002,0.14200000000000002,0.0,0.04,0.14200000000000002
2009,1.0,20dB_nominal_difference,imag,truth_OFFLINE,OFFLINE_TRUTH,XZ,y,-0.0625,x,0.4375,z,-0.0625,0.093,0.093,0.0,0.04,0.14200000000000002
2009,1.0,20dB_nominal_difference,imag,truth_OFFLINE,OFFLINE_TRUTH,XZ,y,-0.0625,x,0.5625,z,-0.0625,0.04,0.04,0.0,0.04,0.14200000000000002
2009,1.0,20dB_nominal_difference,imag,truth_OFFLINE,OFFLINE_TRUTH,XZ,y,-0.0625,x,0.6875,z,-0.0625,0.04,0.04,0.0,0.04,0.14200000000000002
2009,1.0,20dB_nominal_difference,imag,truth_OFFLINE,OFFLINE_TRUTH,XZ,y,-0.0625,x,-0.6875,z,0.0625,0.04,0.04,0.0,0.04,0.14200000000000002
2009,1.0,20dB_nominal_difference,imag,truth_OFFLINE,OFFLINE_TRUTH,XZ,y,-0.0625,x,-0.5625,z,0.0625,0.04,0.04,0.0,0.04,0.14200000000000002
2009,1.0,20dB_nominal_difference,imag,truth_OFFLINE,OFFLINE_TRUTH,XZ,y,-0.0625,x,-0.4375,z,0.0625,0.04,0.04,0.0,0.04,0.14200000000000002
2009,1.0,20dB_nominal_difference,imag,truth_OFFLINE,OFFLINE_TRUTH,XZ,y,-0.0625,x,-0.3125,z,0.0625,0.093,0.093,0.0,0.04,0.14200000000000002
2009,1.0,20dB_nominal_difference,imag,truth_OFFLINE,OFFLINE_TRUTH,XZ,y,-0.0625,x,-0.1875,z,0.0625,0.11750000000000002,0.11750000000000002,0.0,0.04,0.14200000000000002
2009,1.0,20dB_nominal_difference,imag,truth_OFFLINE,OFFLINE_TRUTH,XZ,y,-0.0625,x,-0.0625,z,0.0625,0.14200000000000002,0.14200000000000002,0.0,0.04,0.14200000000000002
2009,1.0,20dB_nominal_difference,imag,truth_OFFLINE,OFFLINE_TRUTH,XZ,y,-0.0625,x,0.0625,z,0.0625,0.14200000000000002,0.14200000000000002,0.0,0.04,0.14200000000000002
2009,1.0,20dB_nominal_difference,imag,truth_OFFLINE,OFFLINE_TRUTH,XZ,y,-0.0625,x,0.1875,z,0.0625,0.14200000000000002,0.14200000000000002,0.0,0.04,0.14200000000000002
2009,1.0,20dB_nominal_difference,imag,truth_OFFLINE,OFFLINE_TRUTH,XZ,y,-0.0625,x,0.3125,z,0.0625,0.14200000000000002,0.14200000000000002,0.0,0.04,0.14200000000000002
2009,1.0,20dB_nominal_difference,imag,truth_OFFLINE,OFFLINE_TRUTH,XZ,y,-0.0625,x,0.4375,z,0.0625,0.093,0.093,0.0,0.04,0.14200000000000002
2009,1.0,20dB_nominal_difference,imag,truth_OFFLINE,OFFLINE_TRUTH,XZ,y,-0.0625,x,0.5625,z,0.0625,0.04,0.04,0.0,0.04,0.14200000000000002
2009,1.0,20dB_nominal_difference,imag,truth_OFFLINE,OFFLINE_TRUTH,XZ,y,-0.0625,x,0.6875,z,0.0625,0.04,0.04,0.0,0.04,0.14200000000000002
2009,1.0,20dB_nominal_difference,imag,truth_OFFLINE,OFFLINE_TRUTH,XZ,y,-0.0625,x,-0.6875,z,0.1875,0.04,0.04,0.0,0.04,0.14200000000000002
2009,1.0,20dB_nominal_difference,imag,truth_OFFLINE,OFFLINE_TRUTH,XZ,y,-0.0625,x,-0.5625,z,0.1875,0.04,0.04,0.0,0.04,0.14200000000000002
2009,1.0,20dB_nominal_difference,imag,truth_OFFLINE,OFFLINE_TRUTH,XZ,y,-0.0625,x,-0.4375,z,0.1875,0.04,0.04,0.0,0.04,0.14200000000000002
2009,1.0,20dB_nominal_difference,imag,truth_OFFLINE,OFFLINE_TRUTH,XZ,y,-0.0625,x,-0.3125,z,0.1875,0.093,0.093,0.0,0.04,0.14200000000000002
2009,1.0,20dB_nominal_difference,imag,truth_OFFLINE,OFFLINE_TRUTH,XZ,y,-0.0625,x,-0.1875,z,0.1875,0.093,0.093,0.0,0.04,0.14200000000000002
2009,1.0,20dB_nominal_difference,imag,truth_OFFLINE,OFFLINE_TRUTH,XZ,y,-0.0625,x,-0.0625,z,0.1875,0.11750000000000002,0.11750000000000002,0.0,0.04,0.14200000000000002
2009,1.0,20dB_nominal_difference,imag,truth_OFFLINE,OFFLINE_TRUTH,XZ,y,-0.0625,x,0.0625,z,0.1875,0.14200000000000002,0.14200000000000002,0.0,0.04,0.14200000000000002
2009,1.0,20dB_nominal_difference,imag,truth_OFFLINE,OFFLINE_TRUTH,XZ,y,-0.0625,x,0.1875,z,0.1875,0.14200000000000002,0.14200000000000002,0.0,0.04,0.14200000000000002
2009,1.0,20dB_nominal_difference,imag,truth_OFFLINE,OFFLINE_TRUTH,XZ,y,-0.0625,x,0.3125,z,0.1875,0.11750000000000002,0.11750000000000002,0.0,0.04,0.14200000000000002
2009,1.0,20dB_nominal_difference,imag,truth_OFFLINE,OFFLINE_TRUTH,XZ,y,-0.0625,x,0.4375,z,0.1875,0.04,0.04,0.0,0.04,0.14200000000000002
2009,1.0,20dB_nominal_difference,imag,truth_OFFLINE,OFFLINE_TRUTH,XZ,y,-0.0625,x,0.5625,z,0.1875,0.04,0.04,0.0,0.04,0.14200000000000002
2009,1.0,20dB_nominal_difference,imag,truth_OFFLINE,OFFLINE_TRUTH,XZ,y,-0.0625,x,0.6875,z,0.1875,0.04,0.04,0.0,0.04,0.14200000000000002
2009,1.0,20dB_nominal_difference,imag,truth_OFFLINE,OFFLINE_TRUTH,XZ,y,-0.0625,x,-0.6875,z,0.3125,0.04,0.04,0.0,0.04,0.14200000000000002
2009,1.0,20dB_nominal_difference,imag,truth_OFFLINE,OFFLINE_TRUTH,XZ,y,-0.0625,x,-0.5625,z,0.3125,0.04,0.04,0.0,0.04,0.14200000000000002
2009,1.0,20dB_nominal_difference,imag,truth_OFFLINE,OFFLINE_TRUTH,XZ,y,-0.0625,x,-0.4375,z,0.3125,0.04,0.04,0.0,0.04,0.14200000000000002
2009,1.0,20dB_nominal_difference,imag,truth_OFFLINE,OFFLINE_TRUTH,XZ,y,-0.0625,x,-0.3125,z,0.3125,0.04,0.04,0.0,0.04,0.14200000000000002
2009,1.0,20dB_nominal_difference,imag,truth_OFFLINE,OFFLINE_TRUTH,XZ,y,-0.0625,x,-0.1875,z,0.3125,0.093,0.093,0.0,0.04,0.14200000000000002
2009,1.0,20dB_nominal_difference,imag,truth_OFFLINE,OFFLINE_TRUTH,XZ,y,-0.0625,x,-0.0625,z,0.3125,0.093,0.093,0.0,0.04,0.14200000000000002
2009,1.0,20dB_nominal_difference,imag,truth_OFFLINE,OFFLINE_TRUTH,XZ,y,-0.0625,x,0.0625,z,0.3125,0.093,0.093,0.0,0.04,0.14200000000000002
2009,1.0,20dB_nominal_difference,imag,truth_OFFLINE,OFFLINE_TRUTH,XZ,y,-0.0625,x,0.1875,z,0.3125,0.093,0.093,0.0,0.04,0.14200000000000002
2009,1.0,20dB_nominal_difference,imag,truth_OFFLINE,OFFLINE_TRUTH,XZ,y,-0.0625,x,0.3125,z,0.3125,0.04,0.04,0.0,0.04,0.14200000000000002
2009,1.0,20dB_nominal_difference,imag,truth_OFFLINE,OFFLINE_TRUTH,XZ,y,-0.0625,x,0.4375,z,0.3125,0.04,0.04,0.0,0.04,0.14200000000000002
2009,1.0,20dB_nominal_difference,imag,truth_OFFLINE,OFFLINE_TRUTH,XZ,y,-0.0625,x,0.5625,z,0.3125,0.04,0.04,0.0,0.04,0.14200000000000002
2009,1.0,20dB_nominal_difference,imag,truth_OFFLINE,OFFLINE_TRUTH,XZ,y,-0.0625,x,0.6875,z,0.3125,0.04,0.04,0.0,0.04,0.14200000000000002
2009,1.0,20dB_nominal_difference,imag,truth_OFFLINE,OFFLINE_TRUTH,XZ,y,-0.0625,x,-0.6875,z,0.4375,0.04,0.04,0.0,0.04,0.14200000000000002
2009,1.0,20dB_nominal_difference,imag,truth_OFFLINE,OFFLINE_TRUTH,XZ,y,-0.0625,x,-0.5625,z,0.4375,0.04,0.04,0.0,0.04,0.14200000000000002
2009,1.0,20dB_nominal_difference,imag,truth_OFFLINE,OFFLINE_TRUTH,XZ,y,-0.0625,x,-0.4375,z,0.4375,0.04,0.04,0.0,0.04,0.14200000000000002
2009,1.0,20dB_nominal_difference,imag,truth_OFFLINE,OFFLINE_TRUTH,XZ,y,-0.0625,x,-0.3125,z,0.4375,0.04,0.04,0.0,0.04,0.14200000000000002
2009,1.0,20dB_nominal_difference,imag,truth_OFFLINE,OFFLINE_TRUTH,XZ,y,-0.0625,x,-0.1875,z,0.4375,0.04,0.04,0.0,0.04,0.14200000000000002
2009,1.0,20dB_nominal_difference,imag,truth_OFFLINE,OFFLINE_TRUTH,XZ,y,-0.0625,x,-0.0625,z,0.4375,0.04,0.04,0.0,0.04,0.14200000000000002
2009,1.0,20dB_nominal_difference,imag,truth_OFFLINE,OFFLINE_TRUTH,XZ,y,-0.0625,x,0.0625,z,0.4375,0.04,0.04,0.0,0.04,0.14200000000000002
2009,1.0,20dB_nominal_difference,imag,truth_OFFLINE,OFFLINE_TRUTH,XZ,y,-0.0625,x,0.1875,z,0.4375,0.04,0.04,0.0,0.04,0.14200000000000002
2009,1.0,20dB_nominal_difference,imag,truth_OFFLINE,OFFLINE_TRUTH,XZ,y,-0.0625,x,0.3125,z,0.4375,0.04,0.04,0.0,0.04,0.14200000000000002
2009,1.0,20dB_nominal_difference,imag,truth_OFFLINE,OFFLINE_TRUTH,XZ,y,-0.0625,x,0.4375,z,0.4375,0.04,0.04,0.0,0.04,0.14200000000000002
2009,1.0,20dB_nominal_difference,imag,truth_OFFLINE,OFFLINE_TRUTH,XZ,y,-0.0625,x,0.5625,z,0.4375,0.04,0.04,0.0,0.04,0.14200000000000002
2009,1.0,20dB_nominal_difference,imag,truth_OFFLINE,OFFLINE_TRUTH,XZ,y,-0.0625,x,0.6875,z,0.4375,0.04,0.04,0.0,0.04,0.14200000000000002
2009,1.0,20dB_nominal_difference,imag,truth_OFFLINE,OFFLINE_TRUTH,XZ,y,-0.0625,x,-0.6875,z,0.5625,0.04,0.04,0.0,0.04,0.14200000000000002
2009,1.0,20dB_nominal_difference,imag,truth_OFFLINE,OFFLINE_TRUTH,XZ,y,-0.0625,x,-0.5625,z,0.5625,0.04,0.04,0.0,0.04,0.14200000000000002
2009,1.0,20dB_nominal_difference,imag,truth_OFFLINE,OFFLINE_TRUTH,XZ,y,-0.0625,x,-0.4375,z,0.5625,0.04,0.04,0.0,0.04,0.14200000000000002
2009,1.0,20dB_nominal_difference,imag,truth_OFFLINE,OFFLINE_TRUTH,XZ,y,-0.0625,x,-0.3125,z,0.5625,0.04,0.04,0.0,0.04,0.14200000000000002
2009,1.0,20dB_nominal_difference,imag,truth_OFFLINE,OFFLINE_TRUTH,XZ,y,-0.0625,x,-0.1875,z,0.5625,0.04,0.04,0.0,0.04,0.14200000000000002
2009,1.0,20dB_nominal_difference,imag,truth_OFFLINE,OFFLINE_TRUTH,XZ,y,-0.0625,x,-0.0625,z,0.5625,0.04,0.04,0.0,0.04,0.14200000000000002
2009,1.0,20dB_nominal_difference,imag,truth_OFFLINE,OFFLINE_TRUTH,XZ,y,-0.0625,x,0.0625,z,0.5625,0.04,0.04,0.0,0.04,0.14200000000000002
2009,1.0,20dB_nominal_difference,imag,truth_OFFLINE,OFFLINE_TRUTH,XZ,y,-0.0625,x,0.1875,z,0.5625,0.04,0.04,0.0,0.04,0.14200000000000002
2009,1.0,20dB_nominal_difference,imag,truth_OFFLINE,OFFLINE_TRUTH,XZ,y,-0.0625,x,0.3125,z,0.5625,0.04,0.04,0.0,0.04,0.14200000000000002
2009,1.0,20dB_nominal_difference,imag,truth_OFFLINE,OFFLINE_TRUTH,XZ,y,-0.0625,x,0.4375,z,0.5625,0.04,0.04,0.0,0.04,0.14200000000000002
2009,1.0,20dB_nominal_difference,imag,truth_OFFLINE,OFFLINE_TRUTH,XZ,y,-0.0625,x,0.5625,z,0.5625,0.04,0.04,0.0,0.04,0.14200000000000002
2009,1.0,20dB_nominal_difference,imag,truth_OFFLINE,OFFLINE_TRUTH,XZ,y,-0.0625,x,0.6875,z,0.5625,0.04,0.04,0.0,0.04,0.14200000000000002
2009,1.0,20dB_nominal_difference,imag,truth_OFFLINE,OFFLINE_TRUTH,XZ,y,-0.0625,x,-0.6875,z,0.6875,0.04,0.04,0.0,0.04,0.14200000000000002
2009,1.0,20dB_nominal_difference,imag,truth_OFFLINE,OFFLINE_TRUTH,XZ,y,-0.0625,x,-0.5625,z,0.6875,0.04,0.04,0.0,0.04,0.14200000000000002
2009,1.0,20dB_nominal_difference,imag,truth_OFFLINE,OFFLINE_TRUTH,XZ,y,-0.0625,x,-0.4375,z,0.6875,0.04,0.04,0.0,0.04,0.14200000000000002
2009,1.0,20dB_nominal_difference,imag,truth_OFFLINE,OFFLINE_TRUTH,XZ,y,-0.0625,x,-0.3125,z,0.6875,0.04,0.04,0.0,0.04,0.14200000000000002
2009,1.0,20dB_nominal_difference,imag,truth_OFFLINE,OFFLINE_TRUTH,XZ,y,-0.0625,x,-0.1875,z,0.6875,0.04,0.04,0.0,0.04,0.14200000000000002
2009,1.0,20dB_nominal_difference,imag,truth_OFFLINE,OFFLINE_TRUTH,XZ,y,-0.0625,x,-0.0625,z,0.6875,0.04,0.04,0.0,0.04,0.14200000000000002
2009,1.0,20dB_nominal_difference,imag,truth_OFFLINE,OFFLINE_TRUTH,XZ,y,-0.0625,x,0.0625,z,0.6875,0.04,0.04,0.0,0.04,0.14200000000000002
2009,1.0,20dB_nominal_difference,imag,truth_OFFLINE,OFFLINE_TRUTH,XZ,y,-0.0625,x,0.1875,z,0.6875,0.04,0.04,0.0,0.04,0.14200000000000002
2009,1.0,20dB_nominal_difference,imag,truth_OFFLINE,OFFLINE_TRUTH,XZ,y,-0.0625,x,0.3125,z,0.6875,0.04,0.04,0.0,0.04,0.14200000000000002
2009,1.0,20dB_nominal_difference,imag,truth_OFFLINE,OFFLINE_TRUTH,XZ,y,-0.0625,x,0.4375,z,0.6875,0.04,0.04,0.0,0.04,0.14200000000000002
2009,1.0,20dB_nominal_difference,imag,truth_OFFLINE,OFFLINE_TRUTH,XZ,y,-0.0625,x,0.5625,z,0.6875,0.04,0.04,0.0,0.04,0.14200000000000002
2009,1.0,20dB_nominal_difference,imag,truth_OFFLINE,OFFLINE_TRUTH,XZ,y,-0.0625,x,0.6875,z,0.6875,0.04,0.04,0.0,0.04,0.14200000000000002
2009,1.0,20dB_nominal_difference,imag,truth_OFFLINE,OFFLINE_TRUTH,YZ,x,-0.0625,y,-0.6875,z,-0.6875,0.04,0.04,0.0,0.04,0.14200000000000002
2009,1.0,20dB_nominal_difference,imag,truth_OFFLINE,OFFLINE_TRUTH,YZ,x,-0.0625,y,-0.5625,z,-0.6875,0.04,0.04,0.0,0.04,0.14200000000000002
2009,1.0,20dB_nominal_difference,imag,truth_OFFLINE,OFFLINE_TRUTH,YZ,x,-0.0625,y,-0.4375,z,-0.6875,0.04,0.04,0.0,0.04,0.14200000000000002
2009,1.0,20dB_nominal_difference,imag,truth_OFFLINE,OFFLINE_TRUTH,YZ,x,-0.0625,y,-0.3125,z,-0.6875,0.04,0.04,0.0,0.04,0.14200000000000002
2009,1.0,20dB_nominal_difference,imag,truth_OFFLINE,OFFLINE_TRUTH,YZ,x,-0.0625,y,-0.1875,z,-0.6875,0.04,0.04,0.0,0.04,0.14200000000000002
2009,1.0,20dB_nominal_difference,imag,truth_OFFLINE,OFFLINE_TRUTH,YZ,x,-0.0625,y,-0.0625,z,-0.6875,0.04,0.04,0.0,0.04,0.14200000000000002
2009,1.0,20dB_nominal_difference,imag,truth_OFFLINE,OFFLINE_TRUTH,YZ,x,-0.0625,y,0.0625,z,-0.6875,0.04,0.04,0.0,0.04,0.14200000000000002
2009,1.0,20dB_nominal_difference,imag,truth_OFFLINE,OFFLINE_TRUTH,YZ,x,-0.0625,y,0.1875,z,-0.6875,0.04,0.04,0.0,0.04,0.14200000000000002
2009,1.0,20dB_nominal_difference,imag,truth_OFFLINE,OFFLINE_TRUTH,YZ,x,-0.0625,y,0.3125,z,-0.6875,0.04,0.04,0.0,0.04,0.14200000000000002
2009,1.0,20dB_nominal_difference,imag,truth_OFFLINE,OFFLINE_TRUTH,YZ,x,-0.0625,y,0.4375,z,-0.6875,0.04,0.04,0.0,0.04,0.14200000000000002
2009,1.0,20dB_nominal_difference,imag,truth_OFFLINE,OFFLINE_TRUTH,YZ,x,-0.0625,y,0.5625,z,-0.6875,0.04,0.04,0.0,0.04,0.14200000000000002
2009,1.0,20dB_nominal_difference,imag,truth_OFFLINE,OFFLINE_TRUTH,YZ,x,-0.0625,y,0.6875,z,-0.6875,0.04,0.04,0.0,0.04,0.14200000000000002
2009,1.0,20dB_nominal_difference,imag,truth_OFFLINE,OFFLINE_TRUTH,YZ,x,-0.0625,y,-0.6875,z,-0.5625,0.04,0.04,0.0,0.04,0.14200000000000002
2009,1.0,20dB_nominal_difference,imag,truth_OFFLINE,OFFLINE_TRUTH,YZ,x,-0.0625,y,-0.5625,z,-0.5625,0.04,0.04,0.0,0.04,0.14200000000000002
2009,1.0,20dB_nominal_difference,imag,truth_OFFLINE,OFFLINE_TRUTH,YZ,x,-0.0625,y,-0.4375,z,-0.5625,0.04,0.04,0.0,0.04,0.14200000000000002
2009,1.0,20dB_nominal_difference,imag,truth_OFFLINE,OFFLINE_TRUTH,YZ,x,-0.0625,y,-0.3125,z,-0.5625,0.04,0.04,0.0,0.04,0.14200000000000002
2009,1.0,20dB_nominal_difference,imag,truth_OFFLINE,OFFLINE_TRUTH,YZ,x,-0.0625,y,-0.1875,z,-0.5625,0.04,0.04,0.0,0.04,0.14200000000000002
2009,1.0,20dB_nominal_difference,imag,truth_OFFLINE,OFFLINE_TRUTH,YZ,x,-0.0625,y,-0.0625,z,-0.5625,0.04,0.04,0.0,0.04,0.14200000000000002
2009,1.0,20dB_nominal_difference,imag,truth_OFFLINE,OFFLINE_TRUTH,YZ,x,-0.0625,y,0.0625,z,-0.5625,0.04,0.04,0.0,0.04,0.14200000000000002
2009,1.0,20dB_nominal_difference,imag,truth_OFFLINE,OFFLINE_TRUTH,YZ,x,-0.0625,y,0.1875,z,-0.5625,0.04,0.04,0.0,0.04,0.14200000000000002
2009,1.0,20dB_nominal_difference,imag,truth_OFFLINE,OFFLINE_TRUTH,YZ,x,-0.0625,y,0.3125,z,-0.5625,0.04,0.04,0.0,0.04,0.14200000000000002
2009,1.0,20dB_nominal_difference,imag,truth_OFFLINE,OFFLINE_TRUTH,YZ,x,-0.0625,y,0.4375,z,-0.5625,0.04,0.04,0.0,0.04,0.14200000000000002
2009,1.0,20dB_nominal_difference,imag,truth_OFFLINE,OFFLINE_TRUTH,YZ,x,-0.0625,y,0.5625,z,-0.5625,0.04,0.04,0.0,0.04,0.14200000000000002
2009,1.0,20dB_nominal_difference,imag,truth_OFFLINE,OFFLINE_TRUTH,YZ,x,-0.0625,y,0.6875,z,-0.5625,0.04,0.04,0.0,0.04,0.14200000000000002
2009,1.0,20dB_nominal_difference,imag,truth_OFFLINE,OFFLINE_TRUTH,YZ,x,-0.0625,y,-0.6875,z,-0.4375,0.04,0.04,0.0,0.04,0.14200000000000002
2009,1.0,20dB_nominal_difference,imag,truth_OFFLINE,OFFLINE_TRUTH,YZ,x,-0.0625,y,-0.5625,z,-0.4375,0.04,0.04,0.0,0.04,0.14200000000000002
2009,1.0,20dB_nominal_difference,imag,truth_OFFLINE,OFFLINE_TRUTH,YZ,x,-0.0625,y,-0.4375,z,-0.4375,0.04,0.04,0.0,0.04,0.14200000000000002
2009,1.0,20dB_nominal_difference,imag,truth_OFFLINE,OFFLINE_TRUTH,YZ,x,-0.0625,y,-0.3125,z,-0.4375,0.04,0.04,0.0,0.04,0.14200000000000002
2009,1.0,20dB_nominal_difference,imag,truth_OFFLINE,OFFLINE_TRUTH,YZ,x,-0.0625,y,-0.1875,z,-0.4375,0.04,0.04,0.0,0.04,0.14200000000000002
2009,1.0,20dB_nominal_difference,imag,truth_OFFLINE,OFFLINE_TRUTH,YZ,x,-0.0625,y,-0.0625,z,-0.4375,0.04,0.04,0.0,0.04,0.14200000000000002
2009,1.0,20dB_nominal_difference,imag,truth_OFFLINE,OFFLINE_TRUTH,YZ,x,-0.0625,y,0.0625,z,-0.4375,0.04,0.04,0.0,0.04,0.14200000000000002
2009,1.0,20dB_nominal_difference,imag,truth_OFFLINE,OFFLINE_TRUTH,YZ,x,-0.0625,y,0.1875,z,-0.4375,0.04,0.04,0.0,0.04,0.14200000000000002
2009,1.0,20dB_nominal_difference,imag,truth_OFFLINE,OFFLINE_TRUTH,YZ,x,-0.0625,y,0.3125,z,-0.4375,0.04,0.04,0.0,0.04,0.14200000000000002
2009,1.0,20dB_nominal_difference,imag,truth_OFFLINE,OFFLINE_TRUTH,YZ,x,-0.0625,y,0.4375,z,-0.4375,0.04,0.04,0.0,0.04,0.14200000000000002
2009,1.0,20dB_nominal_difference,imag,truth_OFFLINE,OFFLINE_TRUTH,YZ,x,-0.0625,y,0.5625,z,-0.4375,0.04,0.04,0.0,0.04,0.14200000000000002
2009,1.0,20dB_nominal_difference,imag,truth_OFFLINE,OFFLINE_TRUTH,YZ,x,-0.0625,y,0.6875,z,-0.4375,0.04,0.04,0.0,0.04,0.14200000000000002
2009,1.0,20dB_nominal_difference,imag,truth_OFFLINE,OFFLINE_TRUTH,YZ,x,-0.0625,y,-0.6875,z,-0.3125,0.04,0.04,0.0,0.04,0.14200000000000002
2009,1.0,20dB_nominal_difference,imag,truth_OFFLINE,OFFLINE_TRUTH,YZ,x,-0.0625,y,-0.5625,z,-0.3125,0.04,0.04,0.0,0.04,0.14200000000000002
2009,1.0,20dB_nominal_difference,imag,truth_OFFLINE,OFFLINE_TRUTH,YZ,x,-0.0625,y,-0.4375,z,-0.3125,0.04,0.04,0.0,0.04,0.14200000000000002
2009,1.0,20dB_nominal_difference,imag,truth_OFFLINE,OFFLINE_TRUTH,YZ,x,-0.0625,y,-0.3125,z,-0.3125,0.04,0.04,0.0,0.04,0.14200000000000002
2009,1.0,20dB_nominal_difference,imag,truth_OFFLINE,OFFLINE_TRUTH,YZ,x,-0.0625,y,-0.1875,z,-0.3125,0.093,0.093,0.0,0.04,0.14200000000000002
2009,1.0,20dB_nominal_difference,imag,truth_OFFLINE,OFFLINE_TRUTH,YZ,x,-0.0625,y,-0.0625,z,-0.3125,0.093,0.093,0.0,0.04,0.14200000000000002
2009,1.0,20dB_nominal_difference,imag,truth_OFFLINE,OFFLINE_TRUTH,YZ,x,-0.0625,y,0.0625,z,-0.3125,0.093,0.093,0.0,0.04,0.14200000000000002
2009,1.0,20dB_nominal_difference,imag,truth_OFFLINE,OFFLINE_TRUTH,YZ,x,-0.0625,y,0.1875,z,-0.3125,0.04,0.04,0.0,0.04,0.14200000000000002
2009,1.0,20dB_nominal_difference,imag,truth_OFFLINE,OFFLINE_TRUTH,YZ,x,-0.0625,y,0.3125,z,-0.3125,0.04,0.04,0.0,0.04,0.14200000000000002
2009,1.0,20dB_nominal_difference,imag,truth_OFFLINE,OFFLINE_TRUTH,YZ,x,-0.0625,y,0.4375,z,-0.3125,0.04,0.04,0.0,0.04,0.14200000000000002
2009,1.0,20dB_nominal_difference,imag,truth_OFFLINE,OFFLINE_TRUTH,YZ,x,-0.0625,y,0.5625,z,-0.3125,0.04,0.04,0.0,0.04,0.14200000000000002
2009,1.0,20dB_nominal_difference,imag,truth_OFFLINE,OFFLINE_TRUTH,YZ,x,-0.0625,y,0.6875,z,-0.3125,0.04,0.04,0.0,0.04,0.14200000000000002
2009,1.0,20dB_nominal_difference,imag,truth_OFFLINE,OFFLINE_TRUTH,YZ,x,-0.0625,y,-0.6875,z,-0.1875,0.04,0.04,0.0,0.04,0.14200000000000002
2009,1.0,20dB_nominal_difference,imag,truth_OFFLINE,OFFLINE_TRUTH,YZ,x,-0.0625,y,-0.5625,z,-0.1875,0.04,0.04,0.0,0.04,0.14200000000000002
2009,1.0,20dB_nominal_difference,imag,truth_OFFLINE,OFFLINE_TRUTH,YZ,x,-0.0625,y,-0.4375,z,-0.1875,0.04,0.04,0.0,0.04,0.14200000000000002
2009,1.0,20dB_nominal_difference,imag,truth_OFFLINE,OFFLINE_TRUTH,YZ,x,-0.0625,y,-0.3125,z,-0.1875,0.093,0.093,0.0,0.04,0.14200000000000002
2009,1.0,20dB_nominal_difference,imag,truth_OFFLINE,OFFLINE_TRUTH,YZ,x,-0.0625,y,-0.1875,z,-0.1875,0.11750000000000002,0.11750000000000002,0.0,0.04,0.14200000000000002
2009,1.0,20dB_nominal_difference,imag,truth_OFFLINE,OFFLINE_TRUTH,YZ,x,-0.0625,y,-0.0625,z,-0.1875,0.11750000000000002,0.11750000000000002,0.0,0.04,0.14200000000000002
2009,1.0,20dB_nominal_difference,imag,truth_OFFLINE,OFFLINE_TRUTH,YZ,x,-0.0625,y,0.0625,z,-0.1875,0.11750000000000002,0.11750000000000002,0.0,0.04,0.14200000000000002
2009,1.0,20dB_nominal_difference,imag,truth_OFFLINE,OFFLINE_TRUTH,YZ,x,-0.0625,y,0.1875,z,-0.1875,0.093,0.093,0.0,0.04,0.14200000000000002
2009,1.0,20dB_nominal_difference,imag,truth_OFFLINE,OFFLINE_TRUTH,YZ,x,-0.0625,y,0.3125,z,-0.1875,0.04,0.04,0.0,0.04,0.14200000000000002
2009,1.0,20dB_nominal_difference,imag,truth_OFFLINE,OFFLINE_TRUTH,YZ,x,-0.0625,y,0.4375,z,-0.1875,0.04,0.04,0.0,0.04,0.14200000000000002
2009,1.0,20dB_nominal_difference,imag,truth_OFFLINE,OFFLINE_TRUTH,YZ,x,-0.0625,y,0.5625,z,-0.1875,0.04,0.04,0.0,0.04,0.14200000000000002
2009,1.0,20dB_nominal_difference,imag,truth_OFFLINE,OFFLINE_TRUTH,YZ,x,-0.0625,y,0.6875,z,-0.1875,0.04,0.04,0.0,0.04,0.14200000000000002
2009,1.0,20dB_nominal_difference,imag,truth_OFFLINE,OFFLINE_TRUTH,YZ,x,-0.0625,y,-0.6875,z,-0.0625,0.04,0.04,0.0,0.04,0.14200000000000002
2009,1.0,20dB_nominal_difference,imag,truth_OFFLINE,OFFLINE_TRUTH,YZ,x,-0.0625,y,-0.5625,z,-0.0625,0.04,0.04,0.0,0.04,0.14200000000000002
2009,1.0,20dB_nominal_difference,imag,truth_OFFLINE,OFFLINE_TRUTH,YZ,x,-0.0625,y,-0.4375,z,-0.0625,0.04,0.04,0.0,0.04,0.14200000000000002
2009,1.0,20dB_nominal_difference,imag,truth_OFFLINE,OFFLINE_TRUTH,YZ,x,-0.0625,y,-0.3125,z,-0.0625,0.093,0.093,0.0,0.04,0.14200000000000002
2009,1.0,20dB_nominal_difference,imag,truth_OFFLINE,OFFLINE_TRUTH,YZ,x,-0.0625,y,-0.1875,z,-0.0625,0.11750000000000002,0.11750000000000002,0.0,0.04,0.14200000000000002
2009,1.0,20dB_nominal_difference,imag,truth_OFFLINE,OFFLINE_TRUTH,YZ,x,-0.0625,y,-0.0625,z,-0.0625,0.11750000000000002,0.11750000000000002,0.0,0.04,0.14200000000000002
2009,1.0,20dB_nominal_difference,imag,truth_OFFLINE,OFFLINE_TRUTH,YZ,x,-0.0625,y,0.0625,z,-0.0625,0.11750000000000002,0.11750000000000002,0.0,0.04,0.14200000000000002
2009,1.0,20dB_nominal_difference,imag,truth_OFFLINE,OFFLINE_TRUTH,YZ,x,-0.0625,y,0.1875,z,-0.0625,0.093,0.093,0.0,0.04,0.14200000000000002
2009,1.0,20dB_nominal_difference,imag,truth_OFFLINE,OFFLINE_TRUTH,YZ,x,-0.0625,y,0.3125,z,-0.0625,0.04,0.04,0.0,0.04,0.14200000000000002
2009,1.0,20dB_nominal_difference,imag,truth_OFFLINE,OFFLINE_TRUTH,YZ,x,-0.0625,y,0.4375,z,-0.0625,0.04,0.04,0.0,0.04,0.14200000000000002
2009,1.0,20dB_nominal_difference,imag,truth_OFFLINE,OFFLINE_TRUTH,YZ,x,-0.0625,y,0.5625,z,-0.0625,0.04,0.04,0.0,0.04,0.14200000000000002
2009,1.0,20dB_nominal_difference,imag,truth_OFFLINE,OFFLINE_TRUTH,YZ,x,-0.0625,y,0.6875,z,-0.0625,0.04,0.04,0.0,0.04,0.14200000000000002
2009,1.0,20dB_nominal_difference,imag,truth_OFFLINE,OFFLINE_TRUTH,YZ,x,-0.0625,y,-0.6875,z,0.0625,0.04,0.04,0.0,0.04,0.14200000000000002
2009,1.0,20dB_nominal_difference,imag,truth_OFFLINE,OFFLINE_TRUTH,YZ,x,-0.0625,y,-0.5625,z,0.0625,0.04,0.04,0.0,0.04,0.14200000000000002
2009,1.0,20dB_nominal_difference,imag,truth_OFFLINE,OFFLINE_TRUTH,YZ,x,-0.0625,y,-0.4375,z,0.0625,0.04,0.04,0.0,0.04,0.14200000000000002
2009,1.0,20dB_nominal_difference,imag,truth_OFFLINE,OFFLINE_TRUTH,YZ,x,-0.0625,y,-0.3125,z,0.0625,0.093,0.093,0.0,0.04,0.14200000000000002
2009,1.0,20dB_nominal_difference,imag,truth_OFFLINE,OFFLINE_TRUTH,YZ,x,-0.0625,y,-0.1875,z,0.0625,0.11750000000000002,0.11750000000000002,0.0,0.04,0.14200000000000002
2009,1.0,20dB_nominal_difference,imag,truth_OFFLINE,OFFLINE_TRUTH,YZ,x,-0.0625,y,-0.0625,z,0.0625,0.14200000000000002,0.14200000000000002,0.0,0.04,0.14200000000000002
2009,1.0,20dB_nominal_difference,imag,truth_OFFLINE,OFFLINE_TRUTH,YZ,x,-0.0625,y,0.0625,z,0.0625,0.11750000000000002,0.11750000000000002,0.0,0.04,0.14200000000000002
2009,1.0,20dB_nominal_difference,imag,truth_OFFLINE,OFFLINE_TRUTH,YZ,x,-0.0625,y,0.1875,z,0.0625,0.093,0.093,0.0,0.04,0.14200000000000002
2009,1.0,20dB_nominal_difference,imag,truth_OFFLINE,OFFLINE_TRUTH,YZ,x,-0.0625,y,0.3125,z,0.0625,0.04,0.04,0.0,0.04,0.14200000000000002
2009,1.0,20dB_nominal_difference,imag,truth_OFFLINE,OFFLINE_TRUTH,YZ,x,-0.0625,y,0.4375,z,0.0625,0.04,0.04,0.0,0.04,0.14200000000000002
2009,1.0,20dB_nominal_difference,imag,truth_OFFLINE,OFFLINE_TRUTH,YZ,x,-0.0625,y,0.5625,z,0.0625,0.04,0.04,0.0,0.04,0.14200000000000002
2009,1.0,20dB_nominal_difference,imag,truth_OFFLINE,OFFLINE_TRUTH,YZ,x,-0.0625,y,0.6875,z,0.0625,0.04,0.04,0.0,0.04,0.14200000000000002
2009,1.0,20dB_nominal_difference,imag,truth_OFFLINE,OFFLINE_TRUTH,YZ,x,-0.0625,y,-0.6875,z,0.1875,0.04,0.04,0.0,0.04,0.14200000000000002
2009,1.0,20dB_nominal_difference,imag,truth_OFFLINE,OFFLINE_TRUTH,YZ,x,-0.0625,y,-0.5625,z,0.1875,0.04,0.04,0.0,0.04,0.14200000000000002
2009,1.0,20dB_nominal_difference,imag,truth_OFFLINE,OFFLINE_TRUTH,YZ,x,-0.0625,y,-0.4375,z,0.1875,0.04,0.04,0.0,0.04,0.14200000000000002
2009,1.0,20dB_nominal_difference,imag,truth_OFFLINE,OFFLINE_TRUTH,YZ,x,-0.0625,y,-0.3125,z,0.1875,0.093,0.093,0.0,0.04,0.14200000000000002
2009,1.0,20dB_nominal_difference,imag,truth_OFFLINE,OFFLINE_TRUTH,YZ,x,-0.0625,y,-0.1875,z,0.1875,0.11750000000000002,0.11750000000000002,0.0,0.04,0.14200000000000002
2009,1.0,20dB_nominal_difference,imag,truth_OFFLINE,OFFLINE_TRUTH,YZ,x,-0.0625,y,-0.0625,z,0.1875,0.11750000000000002,0.11750000000000002,0.0,0.04,0.14200000000000002
2009,1.0,20dB_nominal_difference,imag,truth_OFFLINE,OFFLINE_TRUTH,YZ,x,-0.0625,y,0.0625,z,0.1875,0.11750000000000002,0.11750000000000002,0.0,0.04,0.14200000000000002
2009,1.0,20dB_nominal_difference,imag,truth_OFFLINE,OFFLINE_TRUTH,YZ,x,-0.0625,y,0.1875,z,0.1875,0.093,0.093,0.0,0.04,0.14200000000000002
2009,1.0,20dB_nominal_difference,imag,truth_OFFLINE,OFFLINE_TRUTH,YZ,x,-0.0625,y,0.3125,z,0.1875,0.04,0.04,0.0,0.04,0.14200000000000002
2009,1.0,20dB_nominal_difference,imag,truth_OFFLINE,OFFLINE_TRUTH,YZ,x,-0.0625,y,0.4375,z,0.1875,0.04,0.04,0.0,0.04,0.14200000000000002
2009,1.0,20dB_nominal_difference,imag,truth_OFFLINE,OFFLINE_TRUTH,YZ,x,-0.0625,y,0.5625,z,0.1875,0.04,0.04,0.0,0.04,0.14200000000000002
2009,1.0,20dB_nominal_difference,imag,truth_OFFLINE,OFFLINE_TRUTH,YZ,x,-0.0625,y,0.6875,z,0.1875,0.04,0.04,0.0,0.04,0.14200000000000002
2009,1.0,20dB_nominal_difference,imag,truth_OFFLINE,OFFLINE_TRUTH,YZ,x,-0.0625,y,-0.6875,z,0.3125,0.04,0.04,0.0,0.04,0.14200000000000002
2009,1.0,20dB_nominal_difference,imag,truth_OFFLINE,OFFLINE_TRUTH,YZ,x,-0.0625,y,-0.5625,z,0.3125,0.04,0.04,0.0,0.04,0.14200000000000002
2009,1.0,20dB_nominal_difference,imag,truth_OFFLINE,OFFLINE_TRUTH,YZ,x,-0.0625,y,-0.4375,z,0.3125,0.04,0.04,0.0,0.04,0.14200000000000002
2009,1.0,20dB_nominal_difference,imag,truth_OFFLINE,OFFLINE_TRUTH,YZ,x,-0.0625,y,-0.3125,z,0.3125,0.04,0.04,0.0,0.04,0.14200000000000002
2009,1.0,20dB_nominal_difference,imag,truth_OFFLINE,OFFLINE_TRUTH,YZ,x,-0.0625,y,-0.1875,z,0.3125,0.093,0.093,0.0,0.04,0.14200000000000002
2009,1.0,20dB_nominal_difference,imag,truth_OFFLINE,OFFLINE_TRUTH,YZ,x,-0.0625,y,-0.0625,z,0.3125,0.093,0.093,0.0,0.04,0.14200000000000002
2009,1.0,20dB_nominal_difference,imag,truth_OFFLINE,OFFLINE_TRUTH,YZ,x,-0.0625,y,0.0625,z,0.3125,0.093,0.093,0.0,0.04,0.14200000000000002
2009,1.0,20dB_nominal_difference,imag,truth_OFFLINE,OFFLINE_TRUTH,YZ,x,-0.0625,y,0.1875,z,0.3125,0.04,0.04,0.0,0.04,0.14200000000000002
2009,1.0,20dB_nominal_difference,imag,truth_OFFLINE,OFFLINE_TRUTH,YZ,x,-0.0625,y,0.3125,z,0.3125,0.04,0.04,0.0,0.04,0.14200000000000002
2009,1.0,20dB_nominal_difference,imag,truth_OFFLINE,OFFLINE_TRUTH,YZ,x,-0.0625,y,0.4375,z,0.3125,0.04,0.04,0.0,0.04,0.14200000000000002
2009,1.0,20dB_nominal_difference,imag,truth_OFFLINE,OFFLINE_TRUTH,YZ,x,-0.0625,y,0.5625,z,0.3125,0.04,0.04,0.0,0.04,0.14200000000000002
2009,1.0,20dB_nominal_difference,imag,truth_OFFLINE,OFFLINE_TRUTH,YZ,x,-0.0625,y,0.6875,z,0.3125,0.04,0.04,0.0,0.04,0.14200000000000002
2009,1.0,20dB_nominal_difference,imag,truth_OFFLINE,OFFLINE_TRUTH,YZ,x,-0.0625,y,-0.6875,z,0.4375,0.04,0.04,0.0,0.04,0.14200000000000002
2009,1.0,20dB_nominal_difference,imag,truth_OFFLINE,OFFLINE_TRUTH,YZ,x,-0.0625,y,-0.5625,z,0.4375,0.04,0.04,0.0,0.04,0.14200000000000002
2009,1.0,20dB_nominal_difference,imag,truth_OFFLINE,OFFLINE_TRUTH,YZ,x,-0.0625,y,-0.4375,z,0.4375,0.04,0.04,0.0,0.04,0.14200000000000002
2009,1.0,20dB_nominal_difference,imag,truth_OFFLINE,OFFLINE_TRUTH,YZ,x,-0.0625,y,-0.3125,z,0.4375,0.04,0.04,0.0,0.04,0.14200000000000002
2009,1.0,20dB_nominal_difference,imag,truth_OFFLINE,OFFLINE_TRUTH,YZ,x,-0.0625,y,-0.1875,z,0.4375,0.04,0.04,0.0,0.04,0.14200000000000002
2009,1.0,20dB_nominal_difference,imag,truth_OFFLINE,OFFLINE_TRUTH,YZ,x,-0.0625,y,-0.0625,z,0.4375,0.04,0.04,0.0,0.04,0.14200000000000002
2009,1.0,20dB_nominal_difference,imag,truth_OFFLINE,OFFLINE_TRUTH,YZ,x,-0.0625,y,0.0625,z,0.4375,0.04,0.04,0.0,0.04,0.14200000000000002
2009,1.0,20dB_nominal_difference,imag,truth_OFFLINE,OFFLINE_TRUTH,YZ,x,-0.0625,y,0.1875,z,0.4375,0.04,0.04,0.0,0.04,0.14200000000000002
2009,1.0,20dB_nominal_difference,imag,truth_OFFLINE,OFFLINE_TRUTH,YZ,x,-0.0625,y,0.3125,z,0.4375,0.04,0.04,0.0,0.04,0.14200000000000002
2009,1.0,20dB_nominal_difference,imag,truth_OFFLINE,OFFLINE_TRUTH,YZ,x,-0.0625,y,0.4375,z,0.4375,0.04,0.04,0.0,0.04,0.14200000000000002
2009,1.0,20dB_nominal_difference,imag,truth_OFFLINE,OFFLINE_TRUTH,YZ,x,-0.0625,y,0.5625,z,0.4375,0.04,0.04,0.0,0.04,0.14200000000000002
2009,1.0,20dB_nominal_difference,imag,truth_OFFLINE,OFFLINE_TRUTH,YZ,x,-0.0625,y,0.6875,z,0.4375,0.04,0.04,0.0,0.04,0.14200000000000002
2009,1.0,20dB_nominal_difference,imag,truth_OFFLINE,OFFLINE_TRUTH,YZ,x,-0.0625,y,-0.6875,z,0.5625,0.04,0.04,0.0,0.04,0.14200000000000002
2009,1.0,20dB_nominal_difference,imag,truth_OFFLINE,OFFLINE_TRUTH,YZ,x,-0.0625,y,-0.5625,z,0.5625,0.04,0.04,0.0,0.04,0.14200000000000002
2009,1.0,20dB_nominal_difference,imag,truth_OFFLINE,OFFLINE_TRUTH,YZ,x,-0.0625,y,-0.4375,z,0.5625,0.04,0.04,0.0,0.04,0.14200000000000002
2009,1.0,20dB_nominal_difference,imag,truth_OFFLINE,OFFLINE_TRUTH,YZ,x,-0.0625,y,-0.3125,z,0.5625,0.04,0.04,0.0,0.04,0.14200000000000002
2009,1.0,20dB_nominal_difference,imag,truth_OFFLINE,OFFLINE_TRUTH,YZ,x,-0.0625,y,-0.1875,z,0.5625,0.04,0.04,0.0,0.04,0.14200000000000002
2009,1.0,20dB_nominal_difference,imag,truth_OFFLINE,OFFLINE_TRUTH,YZ,x,-0.0625,y,-0.0625,z,0.5625,0.04,0.04,0.0,0.04,0.14200000000000002
2009,1.0,20dB_nominal_difference,imag,truth_OFFLINE,OFFLINE_TRUTH,YZ,x,-0.0625,y,0.0625,z,0.5625,0.04,0.04,0.0,0.04,0.14200000000000002
2009,1.0,20dB_nominal_difference,imag,truth_OFFLINE,OFFLINE_TRUTH,YZ,x,-0.0625,y,0.1875,z,0.5625,0.04,0.04,0.0,0.04,0.14200000000000002
2009,1.0,20dB_nominal_difference,imag,truth_OFFLINE,OFFLINE_TRUTH,YZ,x,-0.0625,y,0.3125,z,0.5625,0.04,0.04,0.0,0.04,0.14200000000000002
2009,1.0,20dB_nominal_difference,imag,truth_OFFLINE,OFFLINE_TRUTH,YZ,x,-0.0625,y,0.4375,z,0.5625,0.04,0.04,0.0,0.04,0.14200000000000002
2009,1.0,20dB_nominal_difference,imag,truth_OFFLINE,OFFLINE_TRUTH,YZ,x,-0.0625,y,0.5625,z,0.5625,0.04,0.04,0.0,0.04,0.14200000000000002
2009,1.0,20dB_nominal_difference,imag,truth_OFFLINE,OFFLINE_TRUTH,YZ,x,-0.0625,y,0.6875,z,0.5625,0.04,0.04,0.0,0.04,0.14200000000000002
2009,1.0,20dB_nominal_difference,imag,truth_OFFLINE,OFFLINE_TRUTH,YZ,x,-0.0625,y,-0.6875,z,0.6875,0.04,0.04,0.0,0.04,0.14200000000000002
2009,1.0,20dB_nominal_difference,imag,truth_OFFLINE,OFFLINE_TRUTH,YZ,x,-0.0625,y,-0.5625,z,0.6875,0.04,0.04,0.0,0.04,0.14200000000000002
2009,1.0,20dB_nominal_difference,imag,truth_OFFLINE,OFFLINE_TRUTH,YZ,x,-0.0625,y,-0.4375,z,0.6875,0.04,0.04,0.0,0.04,0.14200000000000002
2009,1.0,20dB_nominal_difference,imag,truth_OFFLINE,OFFLINE_TRUTH,YZ,x,-0.0625,y,-0.3125,z,0.6875,0.04,0.04,0.0,0.04,0.14200000000000002
2009,1.0,20dB_nominal_difference,imag,truth_OFFLINE,OFFLINE_TRUTH,YZ,x,-0.0625,y,-0.1875,z,0.6875,0.04,0.04,0.0,0.04,0.14200000000000002
2009,1.0,20dB_nominal_difference,imag,truth_OFFLINE,OFFLINE_TRUTH,YZ,x,-0.0625,y,-0.0625,z,0.6875,0.04,0.04,0.0,0.04,0.14200000000000002
2009,1.0,20dB_nominal_difference,imag,truth_OFFLINE,OFFLINE_TRUTH,YZ,x,-0.0625,y,0.0625,z,0.6875,0.04,0.04,0.0,0.04,0.14200000000000002
2009,1.0,20dB_nominal_difference,imag,truth_OFFLINE,OFFLINE_TRUTH,YZ,x,-0.0625,y,0.1875,z,0.6875,0.04,0.04,0.0,0.04,0.14200000000000002
2009,1.0,20dB_nominal_difference,imag,truth_OFFLINE,OFFLINE_TRUTH,YZ,x,-0.0625,y,0.3125,z,0.6875,0.04,0.04,0.0,0.04,0.14200000000000002
2009,1.0,20dB_nominal_difference,imag,truth_OFFLINE,OFFLINE_TRUTH,YZ,x,-0.0625,y,0.4375,z,0.6875,0.04,0.04,0.0,0.04,0.14200000000000002
2009,1.0,20dB_nominal_difference,imag,truth_OFFLINE,OFFLINE_TRUTH,YZ,x,-0.0625,y,0.5625,z,0.6875,0.04,0.04,0.0,0.04,0.14200000000000002
2009,1.0,20dB_nominal_difference,imag,truth_OFFLINE,OFFLINE_TRUTH,YZ,x,-0.0625,y,0.6875,z,0.6875,0.04,0.04,0.0,0.04,0.14200000000000002
2009,1.0,20dB_nominal_difference,imag,dressed_linear_chi,REJECTED_PHYSICAL,XY,z,-0.0625,x,-0.6875,y,-0.6875,0.04,0.09845704707186757,0.05845704707186757,0.04,0.14200000000000002
2009,1.0,20dB_nominal_difference,imag,dressed_linear_chi,REJECTED_PHYSICAL,XY,z,-0.0625,x,-0.5625,y,-0.6875,0.04,0.074385868582939,0.034385868582938996,0.04,0.14200000000000002
2009,1.0,20dB_nominal_difference,imag,dressed_linear_chi,REJECTED_PHYSICAL,XY,z,-0.0625,x,-0.4375,y,-0.6875,0.04,0.054890653437689625,0.014890653437689624,0.04,0.14200000000000002
2009,1.0,20dB_nominal_difference,imag,dressed_linear_chi,REJECTED_PHYSICAL,XY,z,-0.0625,x,-0.3125,y,-0.6875,0.04,0.039633359965871584,-0.0003666400341284168,0.04,0.14200000000000002
2009,1.0,20dB_nominal_difference,imag,dressed_linear_chi,REJECTED_PHYSICAL,XY,z,-0.0625,x,-0.1875,y,-0.6875,0.04,0.02895645155113426,-0.01104354844886574,0.04,0.14200000000000002
2009,1.0,20dB_nominal_difference,imag,dressed_linear_chi,REJECTED_PHYSICAL,XY,z,-0.0625,x,-0.0625,y,-0.6875,0.04,0.022463273242179168,-0.017536726757820833,0.04,0.14200000000000002
2009,1.0,20dB_nominal_difference,imag,dressed_linear_chi,REJECTED_PHYSICAL,XY,z,-0.0625,x,0.0625,y,-0.6875,0.04,0.01923481925574108,-0.02076518074425892,0.04,0.14200000000000002
2009,1.0,20dB_nominal_difference,imag,dressed_linear_chi,REJECTED_PHYSICAL,XY,z,-0.0625,x,0.1875,y,-0.6875,0.04,0.01775995205734554,-0.02224004794265446,0.04,0.14200000000000002
2009,1.0,20dB_nominal_difference,imag,dressed_linear_chi,REJECTED_PHYSICAL,XY,z,-0.0625,x,0.3125,y,-0.6875,0.04,0.01570905606740729,-0.02429094393259271,0.04,0.14200000000000002
2009,1.0,20dB_nominal_difference,imag,dressed_linear_chi,REJECTED_PHYSICAL,XY,z,-0.0625,x,0.4375,y,-0.6875,0.04,0.009605299364169883,-0.030394700635830118,0.04,0.14200000000000002
2009,1.0,20dB_nominal_difference,imag,dressed_linear_chi,REJECTED_PHYSICAL,XY,z,-0.0625,x,0.5625,y,-0.6875,0.04,-0.006130634201517396,-0.0461306342015174,0.04,0.14200000000000002
2009,1.0,20dB_nominal_difference,imag,dressed_linear_chi,REJECTED_PHYSICAL,XY,z,-0.0625,x,0.6875,y,-0.6875,0.04,-0.052469767866773535,-0.09246976786677354,0.04,0.14200000000000002
2009,1.0,20dB_nominal_difference,imag,dressed_linear_chi,REJECTED_PHYSICAL,XY,z,-0.0625,x,-0.6875,y,-0.5625,0.04,0.07864207352316296,0.03864207352316296,0.04,0.14200000000000002
2009,1.0,20dB_nominal_difference,imag,dressed_linear_chi,REJECTED_PHYSICAL,XY,z,-0.0625,x,-0.5625,y,-0.5625,0.04,0.04063860472713633,0.0006386047271363313,0.04,0.14200000000000002
2009,1.0,20dB_nominal_difference,imag,dressed_linear_chi,REJECTED_PHYSICAL,XY,z,-0.0625,x,-0.4375,y,-0.5625,0.04,0.021286332188137073,-0.018713667811862927,0.04,0.14200000000000002
2009,1.0,20dB_nominal_difference,imag,dressed_linear_chi,REJECTED_PHYSICAL,XY,z,-0.0625,x,-0.3125,y,-0.5625,0.04,0.015402381076809663,-0.02459761892319034,0.04,0.14200000000000002
2009,1.0,20dB_nominal_difference,imag,dressed_linear_chi,REJECTED_PHYSICAL,XY,z,-0.0625,x,-0.1875,y,-0.5625,0.04,0.019931833840872912,-0.02006816615912709,0.04,0.14200000000000002
2009,1.0,20dB_nominal_difference,imag,dressed_linear_chi,REJECTED_PHYSICAL,XY,z,-0.0625,x,-0.0625,y,-0.5625,0.04,0.031285296612477725,-0.008714703387522275,0.04,0.14200000000000002
2009,1.0,20dB_nominal_difference,imag,dressed_linear_chi,REJECTED_PHYSICAL,XY,z,-0.0625,x,0.0625,y,-0.5625,0.04,0.045408500023030526,0.0054085000230305255,0.04,0.14200000000000002
2009,1.0,20dB_nominal_difference,imag,dressed_linear_chi,REJECTED_PHYSICAL,XY,z,-0.0625,x,0.1875,y,-0.5625,0.04,0.05790541008518975,0.017905410085189748,0.04,0.14200000000000002
2009,1.0,20dB_nominal_difference,imag,dressed_linear_chi,REJECTED_PHYSICAL,XY,z,-0.0625,x,0.3125,y,-0.5625,0.04,0.06400598737722442,0.024005987377224418,0.04,0.14200000000000002
2009,1.0,20dB_nominal_difference,imag,dressed_linear_chi,REJECTED_PHYSICAL,XY,z,-0.0625,x,0.4375,y,-0.5625,0.04,0.05826101136773598,0.01826101136773598,0.04,0.14200000000000002
2009,1.0,20dB_nominal_difference,imag,dressed_linear_chi,REJECTED_PHYSICAL,XY,z,-0.0625,x,0.5625,y,-0.5625,0.04,0.033650225686988985,-0.006349774313011015,0.04,0.14200000000000002
2009,1.0,20dB_nominal_difference,imag,dressed_linear_chi,REJECTED_PHYSICAL,XY,z,-0.0625,x,0.6875,y,-0.5625,0.04,-0.0243788845004455,-0.0643788845004455,0.04,0.14200000000000002
2009,1.0,20dB_nominal_difference,imag,dressed_linear_chi,REJECTED_PHYSICAL,XY,z,-0.0625,x,-0.6875,y,-0.4375,0.04,0.06280687871387491,0.022806878713874913,0.04,0.14200000000000002
2009,1.0,20dB_nominal_difference,imag,dressed_linear_chi,REJECTED_PHYSICAL,XY,z,-0.0625,x,-0.5625,y,-0.4375,0.04,0.017348783177872553,-0.022651216822127448,0.04,0.14200000000000002
2009,1.0,20dB_nominal_difference,imag,dressed_linear_chi,REJECTED_PHYSICAL,XY,z,-0.0625,x,-0.4375,y,-0.4375,0.04,-0.0016435869524174876,-0.04164358695241749,0.04,0.14200000000000002
2009,1.0,20dB_nominal_difference,imag,dressed_linear_chi,REJECTED_PHYSICAL,XY,z,-0.0625,x,-0.3125,y,-0.4375,0.04,-0.0003509992817609664,-0.04035099928176097,0.04,0.14200000000000002
2009,1.0,20dB_nominal_difference,imag,dressed_linear_chi,REJECTED_PHYSICAL,XY,z,-0.0625,x,-0.1875,y,-0.4375,0.04,0.016433523744956623,-0.023566476255043378,0.04,0.14200000000000002
2009,1.0,20dB_nominal_difference,imag,dressed_linear_chi,REJECTED_PHYSICAL,XY,z,-0.0625,x,-0.0625,y,-0.4375,0.04,0.0426614533133046,0.0026614533133045987,0.04,0.14200000000000002
2009,1.0,20dB_nominal_difference,imag,dressed_linear_chi,REJECTED_PHYSICAL,XY,z,-0.0625,x,0.0625,y,-0.4375,0.04,0.0716168678926574,0.03161686789265739,0.04,0.14200000000000002
2009,1.0,20dB_nominal_difference,imag,dressed_linear_chi,REJECTED_PHYSICAL,XY,z,-0.0625,x,0.1875,y,-0.4375,0.04,0.09640505207353203,0.05640505207353203,0.04,0.14200000000000002
2009,1.0,20dB_nominal_difference,imag,dressed_linear_chi,REJECTED_PHYSICAL,XY,z,-0.0625,x,0.3125,y,-0.4375,0.04,0.11028247786495604,0.07028247786495603,0.04,0.14200000000000002
2009,1.0,20dB_nominal_difference,imag,dressed_linear_chi,REJECTED_PHYSICAL,XY,z,-0.0625,x,0.4375,y,-0.4375,0.04,0.1068332782995387,0.0668332782995387,0.04,0.14200000000000002
2009,1.0,20dB_nominal_difference,imag,dressed_linear_chi,REJECTED_PHYSICAL,XY,z,-0.0625,x,0.5625,y,-0.4375,0.04,0.08021285786398394,0.04021285786398394,0.04,0.14200000000000002
2009,1.0,20dB_nominal_difference,imag,dressed_linear_chi,REJECTED_PHYSICAL,XY,z,-0.0625,x,0.6875,y,-0.4375,0.04,0.021210125913078668,-0.018789874086921333,0.04,0.14200000000000002
2009,1.0,20dB_nominal_difference,imag,dressed_linear_chi,REJECTED_PHYSICAL,XY,z,-0.0625,x,-0.6875,y,-0.3125,0.04,0.05367041161177786,0.013670411611777858,0.04,0.14200000000000002
2009,1.0,20dB_nominal_difference,imag,dressed_linear_chi,REJECTED_PHYSICAL,XY,z,-0.0625,x,-0.5625,y,-0.3125,0.04,0.004663805290519116,-0.035336194709480885,0.04,0.14200000000000002
2009,1.0,20dB_nominal_difference,imag,dressed_linear_chi,REJECTED_PHYSICAL,XY,z,-0.0625,x,-0.4375,y,-0.3125,0.04,-0.012797383006233572,-0.05279738300623357,0.04,0.14200000000000002
2009,1.0,20dB_nominal_difference,imag,dressed_linear_chi,REJECTED_PHYSICAL,XY,z,-0.0625,x,-0.3125,y,-0.3125,0.04,-0.005859958617339525,-0.045859958617339526,0.04,0.14200000000000002
2009,1.0,20dB_nominal_difference,imag,dressed_linear_chi,REJECTED_PHYSICAL,XY,z,-0.0625,x,-0.1875,y,-0.3125,0.093,0.019806125459524877,-0.07319387454047513,0.04,0.14200000000000002
2009,1.0,20dB_nominal_difference,imag,dressed_linear_chi,REJECTED_PHYSICAL,XY,z,-0.0625,x,-0.0625,y,-0.3125,0.093,0.05659417005846427,-0.03640582994153573,0.04,0.14200000000000002
2009,1.0,20dB_nominal_difference,imag,dressed_linear_chi,REJECTED_PHYSICAL,XY,z,-0.0625,x,0.0625,y,-0.3125,0.11750000000000002,0.09594909769002569,-0.021550902309974335,0.04,0.14200000000000002
2009,1.0,20dB_nominal_difference,imag,dressed_linear_chi,REJECTED_PHYSICAL,XY,z,-0.0625,x,0.1875,y,-0.3125,0.093,0.12923081703083025,0.036230817030830254,0.04,0.14200000000000002
2009,1.0,20dB_nominal_difference,imag,dressed_linear_chi,REJECTED_PHYSICAL,XY,z,-0.0625,x,0.3125,y,-0.3125,0.04,0.1484264621321471,0.1084264621321471,0.04,0.14200000000000002
2009,1.0,20dB_nominal_difference,imag,dressed_linear_chi,REJECTED_PHYSICAL,XY,z,-0.0625,x,0.4375,y,-0.3125,0.04,0.14676159347342518,0.10676159347342518,0.04,0.14200000000000002
2009,1.0,20dB_nominal_difference,imag,dressed_linear_chi,REJECTED_PHYSICAL,XY,z,-0.0625,x,0.5625,y,-0.3125,0.04,0.11938208709381704,0.07938208709381703,0.04,0.14200000000000002
2009,1.0,20dB_nominal_difference,imag,dressed_linear_chi,REJECTED_PHYSICAL,XY,z,-0.0625,x,0.6875,y,-0.3125,0.04,0.05864033012699821,0.018640330126998207,0.04,0.14200000000000002
2009,1.0,20dB_nominal_difference,imag,dressed_linear_chi,REJECTED_PHYSICAL,XY,z,-0.0625,x,-0.6875,y,-0.1875,0.04,0.04954741387959542,0.009547413879595422,0.04,0.14200000000000002
2009,1.0,20dB_nominal_difference,imag,dressed_linear_chi,REJECTED_PHYSICAL,XY,z,-0.0625,x,-0.5625,y,-0.1875,0.04,0.0009791453642925274,-0.03902085463570747,0.04,0.14200000000000002
2009,1.0,20dB_nominal_difference,imag,dressed_linear_chi,REJECTED_PHYSICAL,XY,z,-0.0625,x,-0.4375,y,-0.1875,0.04,-0.013797553893813874,-0.053797553893813875,0.04,0.14200000000000002
2009,1.0,20dB_nominal_difference,imag,dressed_linear_chi,REJECTED_PHYSICAL,XY,z,-0.0625,x,-0.3125,y,-0.1875,0.093,-0.002567946671179981,-0.09556794667117999,0.04,0.14200000000000002
2009,1.0,20dB_nominal_difference,imag,dressed_linear_chi,REJECTED_PHYSICAL,XY,z,-0.0625,x,-0.1875,y,-0.1875,0.11750000000000002,0.0286767239650011,-0.08882327603499893,0.04,0.14200000000000002
2009,1.0,20dB_nominal_difference,imag,dressed_linear_chi,REJECTED_PHYSICAL,XY,z,-0.0625,x,-0.0625,y,-0.1875,0.11750000000000002,0.071592704217435,-0.04590729578256503,0.04,0.14200000000000002
2009,1.0,20dB_nominal_difference,imag,dressed_linear_chi,REJECTED_PHYSICAL,XY,z,-0.0625,x,0.0625,y,-0.1875,0.14200000000000002,0.11665866551890516,-0.02534133448109485,0.04,0.14200000000000002
2009,1.0,20dB_nominal_difference,imag,dressed_linear_chi,REJECTED_PHYSICAL,XY,z,-0.0625,x,0.1875,y,-0.1875,0.14200000000000002,0.15428997984229076,0.012289979842290744,0.04,0.14200000000000002
2009,1.0,20dB_nominal_difference,imag,dressed_linear_chi,REJECTED_PHYSICAL,XY,z,-0.0625,x,0.3125,y,-0.1875,0.11750000000000002,0.17582753876975438,0.058327538769754356,0.04,0.14200000000000002
2009,1.0,20dB_nominal_difference,imag,dressed_linear_chi,REJECTED_PHYSICAL,XY,z,-0.0625,x,0.4375,y,-0.1875,0.04,0.17440718122780358,0.13440718122780357,0.04,0.14200000000000002
2009,1.0,20dB_nominal_difference,imag,dressed_linear_chi,REJECTED_PHYSICAL,XY,z,-0.0625,x,0.5625,y,-0.1875,0.04,0.14573728842786154,0.10573728842786154,0.04,0.14200000000000002
2009,1.0,20dB_nominal_difference,imag,dressed_linear_chi,REJECTED_PHYSICAL,XY,z,-0.0625,x,0.6875,y,-0.1875,0.04,0.08254512743117519,0.04254512743117519,0.04,0.14200000000000002
2009,1.0,20dB_nominal_difference,imag,dressed_linear_chi,REJECTED_PHYSICAL,XY,z,-0.0625,x,-0.6875,y,-0.0625,0.04,0.048627895204140126,0.008627895204140125,0.04,0.14200000000000002
2009,1.0,20dB_nominal_difference,imag,dressed_linear_chi,REJECTED_PHYSICAL,XY,z,-0.0625,x,-0.5625,y,-0.0625,0.04,0.004544433619247203,-0.0354555663807528,0.04,0.14200000000000002
2009,1.0,20dB_nominal_difference,imag,dressed_linear_chi,REJECTED_PHYSICAL,XY,z,-0.0625,x,-0.4375,y,-0.0625,0.04,-0.006505340424655039,-0.04650534042465504,0.04,0.14200000000000002
2009,1.0,20dB_nominal_difference,imag,dressed_linear_chi,REJECTED_PHYSICAL,XY,z,-0.0625,x,-0.3125,y,-0.0625,0.093,0.007655277014530261,-0.08534472298546975,0.04,0.14200000000000002
2009,1.0,20dB_nominal_difference,imag,dressed_linear_chi,REJECTED_PHYSICAL,XY,z,-0.0625,x,-0.1875,y,-0.0625,0.11750000000000002,0.041249465364744574,-0.07625053463525544,0.04,0.14200000000000002
2009,1.0,20dB_nominal_difference,imag,dressed_linear_chi,REJECTED_PHYSICAL,XY,z,-0.0625,x,-0.0625,y,-0.0625,0.11750000000000002,0.08595986770737593,-0.03154013229262409,0.04,0.14200000000000002
2009,1.0,20dB_nominal_difference,imag,dressed_linear_chi,REJECTED_PHYSICAL,XY,z,-0.0625,x,0.0625,y,-0.0625,0.14200000000000002,0.13213482319653777,-0.009865176803462244,0.04,0.14200000000000002
2009,1.0,20dB_nominal_difference,imag,dressed_linear_chi,REJECTED_PHYSICAL,XY,z,-0.0625,x,0.1875,y,-0.0625,0.14200000000000002,0.17000572029374203,0.028005720293742015,0.04,0.14200000000000002
2009,1.0,20dB_nominal_difference,imag,dressed_linear_chi,REJECTED_PHYSICAL,XY,z,-0.0625,x,0.3125,y,-0.0625,0.14200000000000002,0.19081787702473693,0.048817877024736916,0.04,0.14200000000000002
2009,1.0,20dB_nominal_difference,imag,dressed_linear_chi,REJECTED_PHYSICAL,XY,z,-0.0625,x,0.4375,y,-0.0625,0.093,0.187833519877371,0.09483351987737101,0.04,0.14200000000000002
2009,1.0,20dB_nominal_difference,imag,dressed_linear_chi,REJECTED_PHYSICAL,XY,z,-0.0625,x,0.5625,y,-0.0625,0.04,0.15715137372546645,0.11715137372546644,0.04,0.14200000000000002
2009,1.0,20dB_nominal_difference,imag,dressed_linear_chi,REJECTED_PHYSICAL,XY,z,-0.0625,x,0.6875,y,-0.0625,0.04,0.09159181813267211,0.051591818132672114,0.04,0.14200000000000002
2009,1.0,20dB_nominal_difference,imag,dressed_linear_chi,REJECTED_PHYSICAL,XY,z,-0.0625,x,-0.6875,y,0.0625,0.04,0.04977084891737963,0.00977084891737963,0.04,0.14200000000000002
2009,1.0,20dB_nominal_difference,imag,dressed_linear_chi,REJECTED_PHYSICAL,XY,z,-0.0625,x,-0.5625,y,0.0625,0.04,0.013554323719136181,-0.02644567628086382,0.04,0.14200000000000002
2009,1.0,20dB_nominal_difference,imag,dressed_linear_chi,REJECTED_PHYSICAL,XY,z,-0.0625,x,-0.4375,y,0.0625,0.04,0.006818786634519375,-0.033181213365480626,0.04,0.14200000000000002
2009,1.0,20dB_nominal_difference,imag,dressed_linear_chi,REJECTED_PHYSICAL,XY,z,-0.0625,x,-0.3125,y,0.0625,0.093,0.022387966645195087,-0.07061203335480491,0.04,0.14200000000000002
2009,1.0,20dB_nominal_difference,imag,dressed_linear_chi,REJECTED_PHYSICAL,XY,z,-0.0625,x,-0.1875,y,0.0625,0.093,0.05521302392228125,-0.03778697607771875,0.04,0.14200000000000002
2009,1.0,20dB_nominal_difference,imag,dressed_linear_chi,REJECTED_PHYSICAL,XY,z,-0.0625,x,-0.0625,y,0.0625,0.11750000000000002,0.09769473643430199,-0.019805263565698034,0.04,0.14200000000000002
2009,1.0,20dB_nominal_difference,imag,dressed_linear_chi,REJECTED_PHYSICAL,XY,z,-0.0625,x,0.0625,y,0.0625,0.11750000000000002,0.1408012571606091,0.023301257160609073,0.04,0.14200000000000002
2009,1.0,20dB_nominal_difference,imag,dressed_linear_chi,REJECTED_PHYSICAL,XY,z,-0.0625,x,0.1875,y,0.0625,0.14200000000000002,0.17525387401657752,0.033253874016577506,0.04,0.14200000000000002
2009,1.0,20dB_nominal_difference,imag,dressed_linear_chi,REJECTED_PHYSICAL,XY,z,-0.0625,x,0.3125,y,0.0625,0.11750000000000002,0.19267792300060407,0.07517792300060405,0.04,0.14200000000000002
2009,1.0,20dB_nominal_difference,imag,dressed_linear_chi,REJECTED_PHYSICAL,XY,z,-0.0625,x,0.4375,y,0.0625,0.093,0.18665940226420052,0.09365940226420053,0.04,0.14200000000000002
2009,1.0,20dB_nominal_difference,imag,dressed_linear_chi,REJECTED_PHYSICAL,XY,z,-0.0625,x,0.5625,y,0.0625,0.04,0.15362585484129512,0.11362585484129512,0.04,0.14200000000000002
2009,1.0,20dB_nominal_difference,imag,dressed_linear_chi,REJECTED_PHYSICAL,XY,z,-0.0625,x,0.6875,y,0.0625,0.04,0.08646048044842787,0.04646048044842787,0.04,0.14200000000000002
2009,1.0,20dB_nominal_difference,imag,dressed_linear_chi,REJECTED_PHYSICAL,XY,z,-0.0625,x,-0.6875,y,0.1875,0.04,0.05254821005469623,0.01254821005469623,0.04,0.14200000000000002
2009,1.0,20dB_nominal_difference,imag,dressed_linear_chi,REJECTED_PHYSICAL,XY,z,-0.0625,x,-0.5625,y,0.1875,0.04,0.026116446696994377,-0.013883553303005624,0.04,0.14200000000000002
2009,1.0,20dB_nominal_difference,imag,dressed_linear_chi,REJECTED_PHYSICAL,XY,z,-0.0625,x,-0.4375,y,0.1875,0.04,0.023408819455003917,-0.016591180544996083,0.04,0.14200000000000002
2009,1.0,20dB_nominal_difference,imag,dressed_linear_chi,REJECTED_PHYSICAL,XY,z,-0.0625,x,-0.3125,y,0.1875,0.04,0.03854306948480064,-0.0014569305151993575,0.04,0.14200000000000002
2009,1.0,20dB_nominal_difference,imag,dressed_linear_chi,REJECTED_PHYSICAL,XY,z,-0.0625,x,-0.1875,y,0.1875,0.093,0.06763167126177633,-0.025368328738223672,0.04,0.14200000000000002
2009,1.0,20dB_nominal_difference,imag,dressed_linear_chi,REJECTED_PHYSICAL,XY,z,-0.0625,x,-0.0625,y,0.1875,0.093,0.10436755939642492,0.01136755939642492,0.04,0.14200000000000002
2009,1.0,20dB_nominal_difference,imag,dressed_linear_chi,REJECTED_PHYSICAL,XY,z,-0.0625,x,0.0625,y,0.1875,0.11750000000000002,0.14095817845390565,0.02345817845390563,0.04,0.14200000000000002
2009,1.0,20dB_nominal_difference,imag,dressed_linear_chi,REJECTED_PHYSICAL,XY,z,-0.0625,x,0.1875,y,0.1875,0.11750000000000002,0.16916343921508686,0.05166343921508684,0.04,0.14200000000000002
2009,1.0,20dB_nominal_difference,imag,dressed_linear_chi,REJECTED_PHYSICAL,XY,z,-0.0625,x,0.3125,y,0.1875,0.093,0.18135974916645056,0.08835974916645056,0.04,0.14200000000000002
2009,1.0,20dB_nominal_difference,imag,dressed_linear_chi,REJECTED_PHYSICAL,XY,z,-0.0625,x,0.4375,y,0.1875,0.04,0.17157843467910142,0.1315784346791014,0.04,0.14200000000000002
2009,1.0,20dB_nominal_difference,imag,dressed_linear_chi,REJECTED_PHYSICAL,XY,z,-0.0625,x,0.5625,y,0.1875,0.04,0.1364604195442586,0.0964604195442586,0.04,0.14200000000000002
2009,1.0,20dB_nominal_difference,imag,dressed_linear_chi,REJECTED_PHYSICAL,XY,z,-0.0625,x,0.6875,y,0.1875,0.04,0.06893308381848133,0.02893308381848133,0.04,0.14200000000000002
2009,1.0,20dB_nominal_difference,imag,dressed_linear_chi,REJECTED_PHYSICAL,XY,z,-0.0625,x,-0.6875,y,0.3125,0.04,0.05684722180368891,0.01684722180368891,0.04,0.14200000000000002
2009,1.0,20dB_nominal_difference,imag,dressed_linear_chi,REJECTED_PHYSICAL,XY,z,-0.0625,x,-0.5625,y,0.3125,0.04,0.04000966874382795,9.668743827948023e-06,0.04,0.14200000000000002
2009,1.0,20dB_nominal_difference,imag,dressed_linear_chi,REJECTED_PHYSICAL,XY,z,-0.0625,x,-0.4375,y,0.3125,0.04,0.039872944216044454,-0.00012705578395554723,0.04,0.14200000000000002
2009,1.0,20dB_nominal_difference,imag,dressed_linear_chi,REJECTED_PHYSICAL,XY,z,-0.0625,x,-0.3125,y,0.3125,0.04,0.052327023849010376,0.012327023849010375,0.04,0.14200000000000002
2009,1.0,20dB_nominal_difference,imag,dressed_linear_chi,REJECTED_PHYSICAL,XY,z,-0.0625,x,-0.1875,y,0.3125,0.04,0.07492988741562495,0.03492988741562495,0.04,0.14200000000000002
2009,1.0,20dB_nominal_difference,imag,dressed_linear_chi,REJECTED_PHYSICAL,XY,z,-0.0625,x,-0.0625,y,0.3125,0.04,0.10307931019434757,0.06307931019434757,0.04,0.14200000000000002
2009,1.0,20dB_nominal_difference,imag,dressed_linear_chi,REJECTED_PHYSICAL,XY,z,-0.0625,x,0.0625,y,0.3125,0.04,0.13067504778164854,0.09067504778164853,0.04,0.14200000000000002
2009,1.0,20dB_nominal_difference,imag,dressed_linear_chi,REJECTED_PHYSICAL,XY,z,-0.0625,x,0.1875,y,0.3125,0.04,0.1509118713001213,0.11091187130012128,0.04,0.14200000000000002
2009,1.0,20dB_nominal_difference,imag,dressed_linear_chi,REJECTED_PHYSICAL,XY,z,-0.0625,x,0.3125,y,0.3125,0.04,0.15716702890093456,0.11716702890093456,0.04,0.14200000000000002
2009,1.0,20dB_nominal_difference,imag,dressed_linear_chi,REJECTED_PHYSICAL,XY,z,-0.0625,x,0.4375,y,0.3125,0.04,0.14392615016956892,0.10392615016956891,0.04,0.14200000000000002
2009,1.0,20dB_nominal_difference,imag,dressed_linear_chi,REJECTED_PHYSICAL,XY,z,-0.0625,x,0.5625,y,0.3125,0.04,0.10774575303244441,0.0677457530324444,0.04,0.14200000000000002
2009,1.0,20dB_nominal_difference,imag,dressed_linear_chi,REJECTED_PHYSICAL,XY,z,-0.0625,x,0.6875,y,0.3125,0.04,0.04137324679070656,0.0013732467907065574,0.04,0.14200000000000002
2009,1.0,20dB_nominal_difference,imag,dressed_linear_chi,REJECTED_PHYSICAL,XY,z,-0.0625,x,-0.6875,y,0.4375,0.04,0.062206914520722495,0.022206914520722494,0.04,0.14200000000000002
2009,1.0,20dB_nominal_difference,imag,dressed_linear_chi,REJECTED_PHYSICAL,XY,z,-0.0625,x,-0.5625,y,0.4375,0.04,0.05232346639956771,0.01232346639956771,0.04,0.14200000000000002
2009,1.0,20dB_nominal_difference,imag,dressed_linear_chi,REJECTED_PHYSICAL,XY,z,-0.0625,x,-0.4375,y,0.4375,0.04,0.05213327120857597,0.01213327120857597,0.04,0.14200000000000002
2009,1.0,20dB_nominal_difference,imag,dressed_linear_chi,REJECTED_PHYSICAL,XY,z,-0.0625,x,-0.3125,y,0.4375,0.04,0.0593509672431108,0.0193509672431108,0.04,0.14200000000000002
2009,1.0,20dB_nominal_difference,imag,dressed_linear_chi,REJECTED_PHYSICAL,XY,z,-0.0625,x,-0.1875,y,0.4375,0.04,0.073058006676224,0.033058006676224,0.04,0.14200000000000002
2009,1.0,20dB_nominal_difference,imag,dressed_linear_chi,REJECTED_PHYSICAL,XY,z,-0.0625,x,-0.0625,y,0.4375,0.04,0.09059961577034163,0.05059961577034163,0.04,0.14200000000000002
2009,1.0,20dB_nominal_difference,imag,dressed_linear_chi,REJECTED_PHYSICAL,XY,z,-0.0625,x,0.0625,y,0.4375,0.04,0.10783495488098843,0.06783495488098842,0.04,0.14200000000000002
2009,1.0,20dB_nominal_difference,imag,dressed_linear_chi,REJECTED_PHYSICAL,XY,z,-0.0625,x,0.1875,y,0.4375,0.04,0.11962463580105465,0.07962463580105464,0.04,0.14200000000000002
2009,1.0,20dB_nominal_difference,imag,dressed_linear_chi,REJECTED_PHYSICAL,XY,z,-0.0625,x,0.3125,y,0.4375,0.04,0.1205035004547303,0.08050350045473029,0.04,0.14200000000000002
2009,1.0,20dB_nominal_difference,imag,dressed_linear_chi,REJECTED_PHYSICAL,XY,z,-0.0625,x,0.4375,y,0.4375,0.04,0.10538745236223887,0.06538745236223886,0.04,0.14200000000000002
2009,1.0,20dB_nominal_difference,imag,dressed_linear_chi,REJECTED_PHYSICAL,XY,z,-0.0625,x,0.5625,y,0.4375,0.04,0.07024039613970973,0.030240396139709726,0.04,0.14200000000000002
2009,1.0,20dB_nominal_difference,imag,dressed_linear_chi,REJECTED_PHYSICAL,XY,z,-0.0625,x,0.6875,y,0.4375,0.04,0.006681080826095857,-0.033318919173904143,0.04,0.14200000000000002
2009,1.0,20dB_nominal_difference,imag,dressed_linear_chi,REJECTED_PHYSICAL,XY,z,-0.0625,x,-0.6875,y,0.5625,0.04,0.06688905807463112,0.02688905807463112,0.04,0.14200000000000002
2009,1.0,20dB_nominal_difference,imag,dressed_linear_chi,REJECTED_PHYSICAL,XY,z,-0.0625,x,-0.5625,y,0.5625,0.04,0.05907056634077585,0.01907056634077585,0.04,0.14200000000000002
2009,1.0,20dB_nominal_difference,imag,dressed_linear_chi,REJECTED_PHYSICAL,XY,z,-0.0625,x,-0.4375,y,0.5625,0.04,0.05558221082282669,0.015582210822826688,0.04,0.14200000000000002
2009,1.0,20dB_nominal_difference,imag,dressed_linear_chi,REJECTED_PHYSICAL,XY,z,-0.0625,x,-0.3125,y,0.5625,0.04,0.054987284950417686,0.014987284950417686,0.04,0.14200000000000002
2009,1.0,20dB_nominal_difference,imag,dressed_linear_chi,REJECTED_PHYSICAL,XY,z,-0.0625,x,-0.1875,y,0.5625,0.04,0.057900090602730284,0.017900090602730283,0.04,0.14200000000000002
2009,1.0,20dB_nominal_difference,imag,dressed_linear_chi,REJECTED_PHYSICAL,XY,z,-0.0625,x,-0.0625,y,0.5625,0.04,0.06374609124196856,0.02374609124196856,0.04,0.14200000000000002
2009,1.0,20dB_nominal_difference,imag,dressed_linear_chi,REJECTED_PHYSICAL,XY,z,-0.0625,x,0.0625,y,0.5625,0.04,0.07040677254915319,0.030406772549153187,0.04,0.14200000000000002
2009,1.0,20dB_nominal_difference,imag,dressed_linear_chi,REJECTED_PHYSICAL,XY,z,-0.0625,x,0.1875,y,0.5625,0.04,0.07444943316841285,0.03444943316841285,0.04,0.14200000000000002
2009,1.0,20dB_nominal_difference,imag,dressed_linear_chi,REJECTED_PHYSICAL,XY,z,-0.0625,x,0.3125,y,0.5625,0.04,0.0716705201571119,0.031670520157111894,0.04,0.14200000000000002
2009,1.0,20dB_nominal_difference,imag,dressed_linear_chi,REJECTED_PHYSICAL,XY,z,-0.0625,x,0.4375,y,0.5625,0.04,0.05763990804753003,0.01763990804753003,0.04,0.14200000000000002
2009,1.0,20dB_nominal_difference,imag,dressed_linear_chi,REJECTED_PHYSICAL,XY,z,-0.0625,x,0.5625,y,0.5625,0.04,0.02763537517002096,-0.012364624829979041,0.04,0.14200000000000002
2009,1.0,20dB_nominal_difference,imag,dressed_linear_chi,REJECTED_PHYSICAL,XY,z,-0.0625,x,0.6875,y,0.5625,0.04,-0.030532594900370143,-0.07053259490037014,0.04,0.14200000000000002
2009,1.0,20dB_nominal_difference,imag,dressed_linear_chi,REJECTED_PHYSICAL,XY,z,-0.0625,x,-0.6875,y,0.6875,0.04,0.06200242274599746,0.02200242274599746,0.04,0.14200000000000002
2009,1.0,20dB_nominal_difference,imag,dressed_linear_chi,REJECTED_PHYSICAL,XY,z,-0.0625,x,-0.5625,y,0.6875,0.04,0.05299144428835109,0.01299144428835109,0.04,0.14200000000000002
2009,1.0,20dB_nominal_difference,imag,dressed_linear_chi,REJECTED_PHYSICAL,XY,z,-0.0625,x,-0.4375,y,0.6875,0.04,0.04437111464185926,0.0043711146418592625,0.04,0.14200000000000002
2009,1.0,20dB_nominal_difference,imag,dressed_linear_chi,REJECTED_PHYSICAL,XY,z,-0.0625,x,-0.3125,y,0.6875,0.04,0.03464813151496214,-0.00535186848503786,0.04,0.14200000000000002
2009,1.0,20dB_nominal_difference,imag,dressed_linear_chi,REJECTED_PHYSICAL,XY,z,-0.0625,x,-0.1875,y,0.6875,0.04,0.026636172830675767,-0.013363827169324233,0.04,0.14200000000000002
2009,1.0,20dB_nominal_difference,imag,dressed_linear_chi,REJECTED_PHYSICAL,XY,z,-0.0625,x,-0.0625,y,0.6875,0.04,0.02180923960294119,-0.01819076039705881,0.04,0.14200000000000002
2009,1.0,20dB_nominal_difference,imag,dressed_linear_chi,REJECTED_PHYSICAL,XY,z,-0.0625,x,0.0625,y,0.6875,0.04,0.01978687312744454,-0.02021312687255546,0.04,0.14200000000000002
2009,1.0,20dB_nominal_difference,imag,dressed_linear_chi,REJECTED_PHYSICAL,XY,z,-0.0625,x,0.1875,y,0.6875,0.04,0.018540988510743955,-0.021459011489256045,0.04,0.14200000000000002
2009,1.0,20dB_nominal_difference,imag,dressed_linear_chi,REJECTED_PHYSICAL,XY,z,-0.0625,x,0.3125,y,0.6875,0.04,0.015003686360636405,-0.024996313639363596,0.04,0.14200000000000002
2009,1.0,20dB_nominal_difference,imag,dressed_linear_chi,REJECTED_PHYSICAL,XY,z,-0.0625,x,0.4375,y,0.6875,0.04,0.0058817229211157104,-0.03411827707888429,0.04,0.14200000000000002
2009,1.0,20dB_nominal_difference,imag,dressed_linear_chi,REJECTED_PHYSICAL,XY,z,-0.0625,x,0.5625,y,0.6875,0.04,-0.01187597773904226,-0.05187597773904226,0.04,0.14200000000000002
2009,1.0,20dB_nominal_difference,imag,dressed_linear_chi,REJECTED_PHYSICAL,XY,z,-0.0625,x,0.6875,y,0.6875,0.04,-0.05183370719109764,-0.09183370719109764,0.04,0.14200000000000002
2009,1.0,20dB_nominal_difference,imag,dressed_linear_chi,REJECTED_PHYSICAL,XZ,y,-0.0625,x,-0.6875,z,-0.6875,0.04,0.05348196177898402,0.013481961778984017,0.04,0.14200000000000002
2009,1.0,20dB_nominal_difference,imag,dressed_linear_chi,REJECTED_PHYSICAL,XZ,y,-0.0625,x,-0.5625,z,-0.6875,0.04,0.024563192153924572,-0.015436807846075429,0.04,0.14200000000000002
2009,1.0,20dB_nominal_difference,imag,dressed_linear_chi,REJECTED_PHYSICAL,XZ,y,-0.0625,x,-0.4375,z,-0.6875,0.04,0.00633479580017568,-0.03366520419982432,0.04,0.14200000000000002
2009,1.0,20dB_nominal_difference,imag,dressed_linear_chi,REJECTED_PHYSICAL,XZ,y,-0.0625,x,-0.3125,z,-0.6875,0.04,-0.001487680764200236,-0.04148768076420024,0.04,0.14200000000000002
2009,1.0,20dB_nominal_difference,imag,dressed_linear_chi,REJECTED_PHYSICAL,XZ,y,-0.0625,x,-0.1875,z,-0.6875,0.04,4.19192448109576e-05,-0.03995808075518904,0.04,0.14200000000000002
2009,1.0,20dB_nominal_difference,imag,dressed_linear_chi,REJECTED_PHYSICAL,XZ,y,-0.0625,x,-0.0625,z,-0.6875,0.04,0.007823539379221284,-0.03217646062077872,0.04,0.14200000000000002
2009,1.0,20dB_nominal_difference,imag,dressed_linear_chi,REJECTED_PHYSICAL,XZ,y,-0.0625,x,0.0625,z,-0.6875,0.04,0.017477302963763812,-0.02252269703623619,0.04,0.14200000000000002
2009,1.0,20dB_nominal_difference,imag,dressed_linear_chi,REJECTED_PHYSICAL,XZ,y,-0.0625,x,0.1875,z,-0.6875,0.04,0.024219594766221174,-0.015780405233778827,0.04,0.14200000000000002
2009,1.0,20dB_nominal_difference,imag,dressed_linear_chi,REJECTED_PHYSICAL,XZ,y,-0.0625,x,0.3125,z,-0.6875,0.04,0.023793574050391637,-0.016206425949608364,0.04,0.14200000000000002
2009,1.0,20dB_nominal_difference,imag,dressed_linear_chi,REJECTED_PHYSICAL,XZ,y,-0.0625,x,0.4375,z,-0.6875,0.04,0.013355248688617344,-0.026644751311382657,0.04,0.14200000000000002
2009,1.0,20dB_nominal_difference,imag,dressed_linear_chi,REJECTED_PHYSICAL,XZ,y,-0.0625,x,0.5625,z,-0.6875,0.04,-0.008022975267802678,-0.04802297526780268,0.04,0.14200000000000002
2009,1.0,20dB_nominal_difference,imag,dressed_linear_chi,REJECTED_PHYSICAL,XZ,y,-0.0625,x,0.6875,z,-0.6875,0.04,-0.049773077745110784,-0.08977307774511079,0.04,0.14200000000000002
2009,1.0,20dB_nominal_difference,imag,dressed_linear_chi,REJECTED_PHYSICAL,XZ,y,-0.0625,x,-0.6875,z,-0.5625,0.04,0.045036464317706956,0.005036464317706955,0.04,0.14200000000000002
2009,1.0,20dB_nominal_difference,imag,dressed_linear_chi,REJECTED_PHYSICAL,XZ,y,-0.0625,x,-0.5625,z,-0.5625,0.04,0.020049106744386504,-0.019950893255613496,0.04,0.14200000000000002
2009,1.0,20dB_nominal_difference,imag,dressed_linear_chi,REJECTED_PHYSICAL,XZ,y,-0.0625,x,-0.4375,z,-0.5625,0.04,0.012841254086598183,-0.027158745913401817,0.04,0.14200000000000002
2009,1.0,20dB_nominal_difference,imag,dressed_linear_chi,REJECTED_PHYSICAL,XZ,y,-0.0625,x,-0.3125,z,-0.5625,0.04,0.02000498883293074,-0.01999501116706926,0.04,0.14200000000000002
2009,1.0,20dB_nominal_difference,imag,dressed_linear_chi,REJECTED_PHYSICAL,XZ,y,-0.0625,x,-0.1875,z,-0.5625,0.04,0.038356020169539415,-0.001643979830460586,0.04,0.14200000000000002
2009,1.0,20dB_nominal_difference,imag,dressed_linear_chi,REJECTED_PHYSICAL,XZ,y,-0.0625,x,-0.0625,z,-0.5625,0.04,0.06308151979367096,0.023081519793670964,0.04,0.14200000000000002
2009,1.0,20dB_nominal_difference,imag,dressed_linear_chi,REJECTED_PHYSICAL,XZ,y,-0.0625,x,0.0625,z,-0.5625,0.04,0.08816073573835988,0.048160735738359876,0.04,0.14200000000000002
2009,1.0,20dB_nominal_difference,imag,dressed_linear_chi,REJECTED_PHYSICAL,XZ,y,-0.0625,x,0.1875,z,-0.5625,0.04,0.10718063792894778,0.06718063792894777,0.04,0.14200000000000002
2009,1.0,20dB_nominal_difference,imag,dressed_linear_chi,REJECTED_PHYSICAL,XZ,y,-0.0625,x,0.3125,z,-0.5625,0.04,0.11423448758539811,0.0742344875853981,0.04,0.14200000000000002
2009,1.0,20dB_nominal_difference,imag,dressed_linear_chi,REJECTED_PHYSICAL,XZ,y,-0.0625,x,0.4375,z,-0.5625,0.04,0.10467914216476473,0.06467914216476472,0.04,0.14200000000000002
2009,1.0,20dB_nominal_difference,imag,dressed_linear_chi,REJECTED_PHYSICAL,XZ,y,-0.0625,x,0.5625,z,-0.5625,0.04,0.07535406117806114,0.035354061178061134,0.04,0.14200000000000002
2009,1.0,20dB_nominal_difference,imag,dressed_linear_chi,REJECTED_PHYSICAL,XZ,y,-0.0625,x,0.6875,z,-0.5625,0.04,0.015006702644472132,-0.02499329735552787,0.04,0.14200000000000002
2009,1.0,20dB_nominal_difference,imag,dressed_linear_chi,REJECTED_PHYSICAL,XZ,y,-0.0625,x,-0.6875,z,-0.4375,0.04,0.03561848800039826,-0.004381511999601739,0.04,0.14200000000000002
2009,1.0,20dB_nominal_difference,imag,dressed_linear_chi,REJECTED_PHYSICAL,XZ,y,-0.0625,x,-0.5625,z,-0.4375,0.04,0.013567373189545488,-0.026432626810454513,0.04,0.14200000000000002
2009,1.0,20dB_nominal_difference,imag,dressed_linear_chi,REJECTED_PHYSICAL,XZ,y,-0.0625,x,-0.4375,z,-0.4375,0.04,0.013025172585980346,-0.026974827414019655,0.04,0.14200000000000002
2009,1.0,20dB_nominal_difference,imag,dressed_linear_chi,REJECTED_PHYSICAL,XZ,y,-0.0625,x,-0.3125,z,-0.4375,0.04,0.030152421034119564,-0.009847578965880437,0.04,0.14200000000000002
2009,1.0,20dB_nominal_difference,imag,dressed_linear_chi,REJECTED_PHYSICAL,XZ,y,-0.0625,x,-0.1875,z,-0.4375,0.04,0.060407530640254975,0.020407530640254974,0.04,0.14200000000000002
2009,1.0,20dB_nominal_difference,imag,dressed_linear_chi,REJECTED_PHYSICAL,XZ,y,-0.0625,x,-0.0625,z,-0.4375,0.04,0.09747902825978517,0.057479028259785174,0.04,0.14200000000000002
2009,1.0,20dB_nominal_difference,imag,dressed_linear_chi,REJECTED_PHYSICAL,XZ,y,-0.0625,x,0.0625,z,-0.4375,0.04,0.1338770245839604,0.09387702458396038,0.04,0.14200000000000002
2009,1.0,20dB_nominal_difference,imag,dressed_linear_chi,REJECTED_PHYSICAL,XZ,y,-0.0625,x,0.1875,z,-0.4375,0.04,0.1617922617753409,0.12179226177534089,0.04,0.14200000000000002
2009,1.0,20dB_nominal_difference,imag,dressed_linear_chi,REJECTED_PHYSICAL,XZ,y,-0.0625,x,0.3125,z,-0.4375,0.04,0.17404866387963025,0.13404866387963024,0.04,0.14200000000000002
2009,1.0,20dB_nominal_difference,imag,dressed_linear_chi,REJECTED_PHYSICAL,XZ,y,-0.0625,x,0.4375,z,-0.4375,0.04,0.16500827150162675,0.12500827150162674,0.04,0.14200000000000002
2009,1.0,20dB_nominal_difference,imag,dressed_linear_chi,REJECTED_PHYSICAL,XZ,y,-0.0625,x,0.5625,z,-0.4375,0.04,0.13134706989447104,0.09134706989447103,0.04,0.14200000000000002
2009,1.0,20dB_nominal_difference,imag,dressed_linear_chi,REJECTED_PHYSICAL,XZ,y,-0.0625,x,0.6875,z,-0.4375,0.04,0.06329452840811833,0.023294528408118333,0.04,0.14200000000000002
2009,1.0,20dB_nominal_difference,imag,dressed_linear_chi,REJECTED_PHYSICAL,XZ,y,-0.0625,x,-0.6875,z,-0.3125,0.04,0.03175062419149821,-0.00824937580850179,0.04,0.14200000000000002
2009,1.0,20dB_nominal_difference,imag,dressed_linear_chi,REJECTED_PHYSICAL,XZ,y,-0.0625,x,-0.5625,z,-0.3125,0.04,0.007308625876459959,-0.03269137412354004,0.04,0.14200000000000002
2009,1.0,20dB_nominal_difference,imag,dressed_linear_chi,REJECTED_PHYSICAL,XZ,y,-0.0625,x,-0.4375,z,-0.3125,0.04,0.007999218527514063,-0.03200078147248594,0.04,0.14200000000000002
2009,1.0,20dB_nominal_difference,imag,dressed_linear_chi,REJECTED_PHYSICAL,XZ,y,-0.0625,x,-0.3125,z,-0.3125,0.04,0.02915465808500135,-0.010845341914998651,0.04,0.14200000000000002
2009,1.0,20dB_nominal_difference,imag,dressed_linear_chi,REJECTED_PHYSICAL,XZ,y,-0.0625,x,-0.1875,z,-0.3125,0.093,0.06552053766078417,-0.027479462339215832,0.04,0.14200000000000002
2009,1.0,20dB_nominal_difference,imag,dressed_linear_chi,REJECTED_PHYSICAL,XZ,y,-0.0625,x,-0.0625,z,-0.3125,0.093,0.10973245435817841,0.01673245435817841,0.04,0.14200000000000002
2009,1.0,20dB_nominal_difference,imag,dressed_linear_chi,REJECTED_PHYSICAL,XZ,y,-0.0625,x,0.0625,z,-0.3125,0.093,0.15318648448270938,0.060186484482709385,0.04,0.14200000000000002
2009,1.0,20dB_nominal_difference,imag,dressed_linear_chi,REJECTED_PHYSICAL,XZ,y,-0.0625,x,0.1875,z,-0.3125,0.093,0.1870337968333977,0.09403379683339769,0.04,0.14200000000000002
2009,1.0,20dB_nominal_difference,imag,dressed_linear_chi,REJECTED_PHYSICAL,XZ,y,-0.0625,x,0.3125,z,-0.3125,0.04,0.20323212243124497,0.16323212243124496,0.04,0.14200000000000002
2009,1.0,20dB_nominal_difference,imag,dressed_linear_chi,REJECTED_PHYSICAL,XZ,y,-0.0625,x,0.4375,z,-0.3125,0.04,0.1955866964383068,0.1555866964383068,0.04,0.14200000000000002
2009,1.0,20dB_nominal_difference,imag,dressed_linear_chi,REJECTED_PHYSICAL,XZ,y,-0.0625,x,0.5625,z,-0.3125,0.04,0.16071570192368997,0.12071570192368997,0.04,0.14200000000000002
2009,1.0,20dB_nominal_difference,imag,dressed_linear_chi,REJECTED_PHYSICAL,XZ,y,-0.0625,x,0.6875,z,-0.3125,0.04,0.08937606910041263,0.049376069100412624,0.04,0.14200000000000002
2009,1.0,20dB_nominal_difference,imag,dressed_linear_chi,REJECTED_PHYSICAL,XZ,y,-0.0625,x,-0.6875,z,-0.1875,0.04,0.0362772500437369,-0.003722749956263101,0.04,0.14200000000000002
2009,1.0,20dB_nominal_difference,imag,dressed_linear_chi,REJECTED_PHYSICAL,XZ,y,-0.0625,x,-0.5625,z,-0.1875,0.04,0.003979004252146867,-0.036020995747853134,0.04,0.14200000000000002
2009,1.0,20dB_nominal_difference,imag,dressed_linear_chi,REJECTED_PHYSICAL,XZ,y,-0.0625,x,-0.4375,z,-0.1875,0.04,0.000725527573592781,-0.03927447242640722,0.04,0.14200000000000002
2009,1.0,20dB_nominal_difference,imag,dressed_linear_chi,REJECTED_PHYSICAL,XZ,y,-0.0625,x,-0.3125,z,-0.1875,0.093,0.020451466785038355,-0.07254853321496164,0.04,0.14200000000000002
2009,1.0,20dB_nominal_difference,imag,dressed_linear_chi,REJECTED_PHYSICAL,XZ,y,-0.0625,x,-0.1875,z,-0.1875,0.093,0.05754018814986237,-0.03545981185013763,0.04,0.14200000000000002
2009,1.0,20dB_nominal_difference,imag,dressed_linear_chi,REJECTED_PHYSICAL,XZ,y,-0.0625,x,-0.0625,z,-0.1875,0.11750000000000002,0.1039906067384726,-0.01350939326152742,0.04,0.14200000000000002
2009,1.0,20dB_nominal_difference,imag,dressed_linear_chi,REJECTED_PHYSICAL,XZ,y,-0.0625,x,0.0625,z,-0.1875,0.11750000000000002,0.15048839121350982,0.0329883912135098,0.04,0.14200000000000002
2009,1.0,20dB_nominal_difference,imag,dressed_linear_chi,REJECTED_PHYSICAL,XZ,y,-0.0625,x,0.1875,z,-0.1875,0.11750000000000002,0.18753529595775187,0.07003529595775185,0.04,0.14200000000000002
2009,1.0,20dB_nominal_difference,imag,dressed_linear_chi,REJECTED_PHYSICAL,XZ,y,-0.0625,x,0.3125,z,-0.1875,0.11750000000000002,0.20656995889358024,0.08906995889358021,0.04,0.14200000000000002
2009,1.0,20dB_nominal_difference,imag,dressed_linear_chi,REJECTED_PHYSICAL,XZ,y,-0.0625,x,0.4375,z,-0.1875,0.04,0.2010325013043035,0.1610325013043035,0.04,0.14200000000000002
2009,1.0,20dB_nominal_difference,imag,dressed_linear_chi,REJECTED_PHYSICAL,XZ,y,-0.0625,x,0.5625,z,-0.1875,0.04,0.16729049741185553,0.12729049741185552,0.04,0.14200000000000002
2009,1.0,20dB_nominal_difference,imag,dressed_linear_chi,REJECTED_PHYSICAL,XZ,y,-0.0625,x,0.6875,z,-0.1875,0.04,0.09685313747076307,0.05685313747076307,0.04,0.14200000000000002
2009,1.0,20dB_nominal_difference,imag,dressed_linear_chi,REJECTED_PHYSICAL,XZ,y,-0.0625,x,-0.6875,z,-0.0625,0.04,0.048627895204140126,0.008627895204140125,0.04,0.14200000000000002
2009,1.0,20dB_nominal_difference,imag,dressed_linear_chi,REJECTED_PHYSICAL,XZ,y,-0.0625,x,-0.5625,z,-0.0625,0.04,0.004544433619247203,-0.0354555663807528,0.04,0.14200000000000002
2009,1.0,20dB_nominal_difference,imag,dressed_linear_chi,REJECTED_PHYSICAL,XZ,y,-0.0625,x,-0.4375,z,-0.0625,0.04,-0.006505340424655039,-0.04650534042465504,0.04,0.14200000000000002
2009,1.0,20dB_nominal_difference,imag,dressed_linear_chi,REJECTED_PHYSICAL,XZ,y,-0.0625,x,-0.3125,z,-0.0625,0.093,0.007655277014530261,-0.08534472298546975,0.04,0.14200000000000002
2009,1.0,20dB_nominal_difference,imag,dressed_linear_chi,REJECTED_PHYSICAL,XZ,y,-0.0625,x,-0.1875,z,-0.0625,0.11750000000000002,0.041249465364744574,-0.07625053463525544,0.04,0.14200000000000002
2009,1.0,20dB_nominal_difference,imag,dressed_linear_chi,REJECTED_PHYSICAL,XZ,y,-0.0625,x,-0.0625,z,-0.0625,0.11750000000000002,0.08595986770737593,-0.03154013229262409,0.04,0.14200000000000002
2009,1.0,20dB_nominal_difference,imag,dressed_linear_chi,REJECTED_PHYSICAL,XZ,y,-0.0625,x,0.0625,z,-0.0625,0.14200000000000002,0.13213482319653777,-0.009865176803462244,0.04,0.14200000000000002
2009,1.0,20dB_nominal_difference,imag,dressed_linear_chi,REJECTED_PHYSICAL,XZ,y,-0.0625,x,0.1875,z,-0.0625,0.14200000000000002,0.17000572029374203,0.028005720293742015,0.04,0.14200000000000002
2009,1.0,20dB_nominal_difference,imag,dressed_linear_chi,REJECTED_PHYSICAL,XZ,y,-0.0625,x,0.3125,z,-0.0625,0.14200000000000002,0.19081787702473693,0.048817877024736916,0.04,0.14200000000000002
2009,1.0,20dB_nominal_difference,imag,dressed_linear_chi,REJECTED_PHYSICAL,XZ,y,-0.0625,x,0.4375,z,-0.0625,0.093,0.187833519877371,0.09483351987737101,0.04,0.14200000000000002
2009,1.0,20dB_nominal_difference,imag,dressed_linear_chi,REJECTED_PHYSICAL,XZ,y,-0.0625,x,0.5625,z,-0.0625,0.04,0.15715137372546645,0.11715137372546644,0.04,0.14200000000000002
2009,1.0,20dB_nominal_difference,imag,dressed_linear_chi,REJECTED_PHYSICAL,XZ,y,-0.0625,x,0.6875,z,-0.0625,0.04,0.09159181813267211,0.051591818132672114,0.04,0.14200000000000002
2009,1.0,20dB_nominal_difference,imag,dressed_linear_chi,REJECTED_PHYSICAL,XZ,y,-0.0625,x,-0.6875,z,0.0625,0.04,0.06551448014481914,0.025514480144819142,0.04,0.14200000000000002
2009,1.0,20dB_nominal_difference,imag,dressed_linear_chi,REJECTED_PHYSICAL,XZ,y,-0.0625,x,-0.5625,z,0.0625,0.04,0.008160118732492179,-0.03183988126750782,0.04,0.14200000000000002
2009,1.0,20dB_nominal_difference,imag,dressed_linear_chi,REJECTED_PHYSICAL,XZ,y,-0.0625,x,-0.4375,z,0.0625,0.04,-0.012465962499140691,-0.05246596249914069,0.04,0.14200000000000002
2009,1.0,20dB_nominal_difference,imag,dressed_linear_chi,REJECTED_PHYSICAL,XZ,y,-0.0625,x,-0.3125,z,0.0625,0.093,-0.006075501960385941,-0.09907550196038595,0.04,0.14200000000000002
2009,1.0,20dB_nominal_difference,imag,dressed_linear_chi,REJECTED_PHYSICAL,XZ,y,-0.0625,x,-0.1875,z,0.0625,0.11750000000000002,0.021470922003487325,-0.0960290779965127,0.04,0.14200000000000002
2009,1.0,20dB_nominal_difference,imag,dressed_linear_chi,REJECTED_PHYSICAL,XZ,y,-0.0625,x,-0.0625,z,0.0625,0.14200000000000002,0.06175181143256415,-0.08024818856743587,0.04,0.14200000000000002
2009,1.0,20dB_nominal_difference,imag,dressed_linear_chi,REJECTED_PHYSICAL,XZ,y,-0.0625,x,0.0625,z,0.0625,0.14200000000000002,0.10509455560334668,-0.03690544439665333,0.04,0.14200000000000002
2009,1.0,20dB_nominal_difference,imag,dressed_linear_chi,REJECTED_PHYSICAL,XZ,y,-0.0625,x,0.1875,z,0.0625,0.14200000000000002,0.14182453911210216,-0.00017546088789785474,0.04,0.14200000000000002
2009,1.0,20dB_nominal_difference,imag,dressed_linear_chi,REJECTED_PHYSICAL,XZ,y,-0.0625,x,0.3125,z,0.0625,0.14200000000000002,0.1633437893620062,0.021343789362006177,0.04,0.14200000000000002
2009,1.0,20dB_nominal_difference,imag,dressed_linear_chi,REJECTED_PHYSICAL,XZ,y,-0.0625,x,0.4375,z,0.0625,0.093,0.16300999099989186,0.07000999099989186,0.04,0.14200000000000002
2009,1.0,20dB_nominal_difference,imag,dressed_linear_chi,REJECTED_PHYSICAL,XZ,y,-0.0625,x,0.5625,z,0.0625,0.04,0.13680581634628863,0.09680581634628863,0.04,0.14200000000000002
2009,1.0,20dB_nominal_difference,imag,dressed_linear_chi,REJECTED_PHYSICAL,XZ,y,-0.0625,x,0.6875,z,0.0625,0.04,0.07932499441172543,0.03932499441172543,0.04,0.14200000000000002
2009,1.0,20dB_nominal_difference,imag,dressed_linear_chi,REJECTED_PHYSICAL,XZ,y,-0.0625,x,-0.6875,z,0.1875,0.04,0.08214909719913399,0.04214909719913399,0.04,0.14200000000000002
2009,1.0,20dB_nominal_difference,imag,dressed_linear_chi,REJECTED_PHYSICAL,XZ,y,-0.0625,x,-0.5625,z,0.1875,0.04,0.012798062326580567,-0.027201937673419434,0.04,0.14200000000000002
2009,1.0,20dB_nominal_difference,imag,dressed_linear_chi,REJECTED_PHYSICAL,XZ,y,-0.0625,x,-0.4375,z,0.1875,0.04,-0.016779560155536895,-0.056779560155536896,0.04,0.14200000000000002
2009,1.0,20dB_nominal_difference,imag,dressed_linear_chi,REJECTED_PHYSICAL,XZ,y,-0.0625,x,-0.3125,z,0.1875,0.093,-0.018149898462294346,-0.11114989846229434,0.04,0.14200000000000002
2009,1.0,20dB_nominal_difference,imag,dressed_linear_chi,REJECTED_PHYSICAL,XZ,y,-0.0625,x,-0.1875,z,0.1875,0.093,0.002651543588493871,-0.09034845641150613,0.04,0.14200000000000002
2009,1.0,20dB_nominal_difference,imag,dressed_linear_chi,REJECTED_PHYSICAL,XZ,y,-0.0625,x,-0.0625,z,0.1875,0.11750000000000002,0.03720522694674382,-0.08029477305325619,0.04,0.14200000000000002
2009,1.0,20dB_nominal_difference,imag,dressed_linear_chi,REJECTED_PHYSICAL,XZ,y,-0.0625,x,0.0625,z,0.1875,0.14200000000000002,0.07608588730180346,-0.06591411269819655,0.04,0.14200000000000002
2009,1.0,20dB_nominal_difference,imag,dressed_linear_chi,REJECTED_PHYSICAL,XZ,y,-0.0625,x,0.1875,z,0.1875,0.14200000000000002,0.11007224997582205,-0.03192775002417797,0.04,0.14200000000000002
2009,1.0,20dB_nominal_difference,imag,dressed_linear_chi,REJECTED_PHYSICAL,XZ,y,-0.0625,x,0.3125,z,0.1875,0.11750000000000002,0.13111423211306358,0.013614232113063562,0.04,0.14200000000000002
2009,1.0,20dB_nominal_difference,imag,dressed_linear_chi,REJECTED_PHYSICAL,XZ,y,-0.0625,x,0.4375,z,0.1875,0.04,0.13303863876834976,0.09303863876834975,0.04,0.14200000000000002
2009,1.0,20dB_nominal_difference,imag,dressed_linear_chi,REJECTED_PHYSICAL,XZ,y,-0.0625,x,0.5625,z,0.1875,0.04,0.11200596447983069,0.07200596447983068,0.04,0.14200000000000002
2009,1.0,20dB_nominal_difference,imag,dressed_linear_chi,REJECTED_PHYSICAL,XZ,y,-0.0625,x,0.6875,z,0.1875,0.04,0.06460473633319865,0.024604736333198644,0.04,0.14200000000000002
2009,1.0,20dB_nominal_difference,imag,dressed_linear_chi,REJECTED_PHYSICAL,XZ,y,-0.0625,x,-0.6875,z,0.3125,0.04,0.09376473018935938,0.05376473018935938,0.04,0.14200000000000002
2009,1.0,20dB_nominal_difference,imag,dressed_linear_chi,REJECTED_PHYSICAL,XZ,y,-0.0625,x,-0.5625,z,0.3125,0.04,0.01624444094943108,-0.02375555905056892,0.04,0.14200000000000002
2009,1.0,20dB_nominal_difference,imag,dressed_linear_chi,REJECTED_PHYSICAL,XZ,y,-0.0625,x,-0.4375,z,0.3125,0.04,-0.01925658451719805,-0.05925658451719805,0.04,0.14200000000000002
2009,1.0,20dB_nominal_difference,imag,dressed_linear_chi,REJECTED_PHYSICAL,XZ,y,-0.0625,x,-0.3125,z,0.3125,0.04,-0.026193486472702636,-0.06619348647270264,0.04,0.14200000000000002
2009,1.0,20dB_nominal_difference,imag,dressed_linear_chi,REJECTED_PHYSICAL,XZ,y,-0.0625,x,-0.1875,z,0.3125,0.093,-0.011090913165786719,-0.10409091316578672,0.04,0.14200000000000002
2009,1.0,20dB_nominal_difference,imag,dressed_linear_chi,REJECTED_PHYSICAL,XZ,y,-0.0625,x,-0.0625,z,0.3125,0.093,0.017679682500154174,-0.07532031749984583,0.04,0.14200000000000002
2009,1.0,20dB_nominal_difference,imag,dressed_linear_chi,REJECTED_PHYSICAL,XZ,y,-0.0625,x,0.0625,z,0.3125,0.093,0.05120255976583799,-0.04179744023416201,0.04,0.14200000000000002
2009,1.0,20dB_nominal_difference,imag,dressed_linear_chi,REJECTED_PHYSICAL,XZ,y,-0.0625,x,0.1875,z,0.3125,0.093,0.081072922260736,-0.011927077739264005,0.04,0.14200000000000002
2009,1.0,20dB_nominal_difference,imag,dressed_linear_chi,REJECTED_PHYSICAL,XZ,y,-0.0625,x,0.3125,z,0.3125,0.04,0.10020706820886954,0.06020706820886954,0.04,0.14200000000000002
2009,1.0,20dB_nominal_difference,imag,dressed_linear_chi,REJECTED_PHYSICAL,XZ,y,-0.0625,x,0.4375,z,0.3125,0.04,0.1033632195082978,0.06336321950829779,0.04,0.14200000000000002
2009,1.0,20dB_nominal_difference,imag,dressed_linear_chi,REJECTED_PHYSICAL,XZ,y,-0.0625,x,0.5625,z,0.3125,0.04,0.08733054339638324,0.04733054339638324,0.04,0.14200000000000002
2009,1.0,20dB_nominal_difference,imag,dressed_linear_chi,REJECTED_PHYSICAL,XZ,y,-0.0625,x,0.6875,z,0.3125,0.04,0.0506893051721439,0.0106893051721439,0.04,0.14200000000000002
2009,1.0,20dB_nominal_difference,imag,dressed_linear_chi,REJECTED_PHYSICAL,XZ,y,-0.0625,x,-0.6875,z,0.4375,0.04,0.0968235025089453,0.056823502508945294,0.04,0.14200000000000002
2009,1.0,20dB_nominal_difference,imag,dressed_linear_chi,REJECTED_PHYSICAL,XZ,y,-0.0625,x,-0.5625,z,0.4375,0.04,0.017041318463587342,-0.02295868153641266,0.04,0.14200000000000002
2009,1.0,20dB_nominal_difference,imag,dressed_linear_chi,REJECTED_PHYSICAL,XZ,y,-0.0625,x,-0.4375,z,0.4375,0.04,-0.01900416085906801,-0.05900416085906801,0.04,0.14200000000000002
2009,1.0,20dB_nominal_difference,imag,dressed_linear_chi,REJECTED_PHYSICAL,XZ,y,-0.0625,x,-0.3125,z,0.4375,0.04,-0.02741300374139779,-0.06741300374139779,0.04,0.14200000000000002
2009,1.0,20dB_nominal_difference,imag,dressed_linear_chi,REJECTED_PHYSICAL,XZ,y,-0.0625,x,-0.1875,z,0.4375,0.04,-0.015648961032354816,-0.05564896103235482,0.04,0.14200000000000002
2009,1.0,20dB_nominal_difference,imag,dressed_linear_chi,REJECTED_PHYSICAL,XZ,y,-0.0625,x,-0.0625,z,0.4375,0.04,0.008137475654938185,-0.031862524345061816,0.04,0.14200000000000002
2009,1.0,20dB_nominal_difference,imag,dressed_linear_chi,REJECTED_PHYSICAL,XZ,y,-0.0625,x,0.0625,z,0.4375,0.04,0.03587783613663686,-0.004122163863363143,0.04,0.14200000000000002
2009,1.0,20dB_nominal_difference,imag,dressed_linear_chi,REJECTED_PHYSICAL,XZ,y,-0.0625,x,0.1875,z,0.4375,0.04,0.06034361903919311,0.020343619039193107,0.04,0.14200000000000002
2009,1.0,20dB_nominal_difference,imag,dressed_linear_chi,REJECTED_PHYSICAL,XZ,y,-0.0625,x,0.3125,z,0.4375,0.04,0.07580158955120772,0.03580158955120772,0.04,0.14200000000000002
2009,1.0,20dB_nominal_difference,imag,dressed_linear_chi,REJECTED_PHYSICAL,XZ,y,-0.0625,x,0.4375,z,0.4375,0.04,0.07842738451452486,0.038427384514524855,0.04,0.14200000000000002
2009,1.0,20dB_nominal_difference,imag,dressed_linear_chi,REJECTED_PHYSICAL,XZ,y,-0.0625,x,0.5625,z,0.4375,0.04,0.06630897329660479,0.02630897329660479,0.04,0.14200000000000002
2009,1.0,20dB_nominal_difference,imag,dressed_linear_chi,REJECTED_PHYSICAL,XZ,y,-0.0625,x,0.6875,z,0.4375,0.04,0.0400656939114802,6.569391148020243e-05,0.04,0.14200000000000002
2009,1.0,20dB_nominal_difference,imag,dressed_linear_chi,REJECTED_PHYSICAL,XZ,y,-0.0625,x,-0.6875,z,0.5625,0.04,0.08852211362524748,0.04852211362524748,0.04,0.14200000000000002
2009,1.0,20dB_nominal_difference,imag,dressed_linear_chi,REJECTED_PHYSICAL,XZ,y,-0.0625,x,-0.5625,z,0.5625,0.04,0.015096051448232502,-0.0249039485517675,0.04,0.14200000000000002
2009,1.0,20dB_nominal_difference,imag,dressed_linear_chi,REJECTED_PHYSICAL,XZ,y,-0.0625,x,-0.4375,z,0.5625,0.04,-0.013310610049991477,-0.05331061004999148,0.04,0.14200000000000002
2009,1.0,20dB_nominal_difference,imag,dressed_linear_chi,REJECTED_PHYSICAL,XZ,y,-0.0625,x,-0.3125,z,0.5625,0.04,-0.017883569176780363,-0.057883569176780364,0.04,0.14200000000000002
2009,1.0,20dB_nominal_difference,imag,dressed_linear_chi,REJECTED_PHYSICAL,XZ,y,-0.0625,x,-0.1875,z,0.5625,0.04,-0.006626253774190752,-0.04662625377419075,0.04,0.14200000000000002
2009,1.0,20dB_nominal_difference,imag,dressed_linear_chi,REJECTED_PHYSICAL,XZ,y,-0.0625,x,-0.0625,z,0.5625,0.04,0.013227566940879183,-0.026772433059120818,0.04,0.14200000000000002
2009,1.0,20dB_nominal_difference,imag,dressed_linear_chi,REJECTED_PHYSICAL,XZ,y,-0.0625,x,0.0625,z,0.5625,0.04,0.03492533411066172,-0.005074665889338283,0.04,0.14200000000000002
2009,1.0,20dB_nominal_difference,imag,dressed_linear_chi,REJECTED_PHYSICAL,XZ,y,-0.0625,x,0.1875,z,0.5625,0.04,0.052721562358547955,0.012721562358547954,0.04,0.14200000000000002
2009,1.0,20dB_nominal_difference,imag,dressed_linear_chi,REJECTED_PHYSICAL,XZ,y,-0.0625,x,0.3125,z,0.5625,0.04,0.06246558106538211,0.022465581065382108,0.04,0.14200000000000002
2009,1.0,20dB_nominal_difference,imag,dressed_linear_chi,REJECTED_PHYSICAL,XZ,y,-0.0625,x,0.4375,z,0.5625,0.04,0.062045620120242055,0.022045620120242054,0.04,0.14200000000000002
2009,1.0,20dB_nominal_difference,imag,dressed_linear_chi,REJECTED_PHYSICAL,XZ,y,-0.0625,x,0.5625,z,0.5625,0.04,0.05164331453277327,0.011643314532773272,0.04,0.14200000000000002
2009,1.0,20dB_nominal_difference,imag,dressed_linear_chi,REJECTED_PHYSICAL,XZ,y,-0.0625,x,0.6875,z,0.5625,0.04,0.03510104612303252,-0.004898953876967482,0.04,0.14200000000000002
2009,1.0,20dB_nominal_difference,imag,dressed_linear_chi,REJECTED_PHYSICAL,XZ,y,-0.0625,x,-0.6875,z,0.6875,0.04,0.05552621446048821,0.015526214460488207,0.04,0.14200000000000002
2009,1.0,20dB_nominal_difference,imag,dressed_linear_chi,REJECTED_PHYSICAL,XZ,y,-0.0625,x,-0.5625,z,0.6875,0.04,0.013272993345249916,-0.026727006654750085,0.04,0.14200000000000002
2009,1.0,20dB_nominal_difference,imag,dressed_linear_chi,REJECTED_PHYSICAL,XZ,y,-0.0625,x,-0.4375,z,0.6875,0.04,0.0044795420086466906,-0.03552045799135331,0.04,0.14200000000000002
2009,1.0,20dB_nominal_difference,imag,dressed_linear_chi,REJECTED_PHYSICAL,XZ,y,-0.0625,x,-0.3125,z,0.6875,0.04,0.009217521430880511,-0.03078247856911949,0.04,0.14200000000000002
2009,1.0,20dB_nominal_difference,imag,dressed_linear_chi,REJECTED_PHYSICAL,XZ,y,-0.0625,x,-0.1875,z,0.6875,0.04,0.022610378163923774,-0.017389621836076227,0.04,0.14200000000000002
2009,1.0,20dB_nominal_difference,imag,dressed_linear_chi,REJECTED_PHYSICAL,XZ,y,-0.0625,x,-0.0625,z,0.6875,0.04,0.039456766593165604,-0.0005432334068343966,0.04,0.14200000000000002
2009,1.0,20dB_nominal_difference,imag,dressed_linear_chi,REJECTED_PHYSICAL,XZ,y,-0.0625,x,0.0625,z,0.6875,0.04,0.05470763908602917,0.014707639086029171,0.04,0.14200000000000002
2009,1.0,20dB_nominal_difference,imag,dressed_linear_chi,REJECTED_PHYSICAL,XZ,y,-0.0625,x,0.1875,z,0.6875,0.04,0.06428831858903317,0.024288318589033166,0.04,0.14200000000000002
2009,1.0,20dB_nominal_difference,imag,dressed_linear_chi,REJECTED_PHYSICAL,XZ,y,-0.0625,x,0.3125,z,0.6875,0.04,0.06571641849611705,0.025716418496117048,0.04,0.14200000000000002
2009,1.0,20dB_nominal_difference,imag,dressed_linear_chi,REJECTED_PHYSICAL,XZ,y,-0.0625,x,0.4375,z,0.6875,0.04,0.05851161876661759,0.01851161876661759,0.04,0.14200000000000002
2009,1.0,20dB_nominal_difference,imag,dressed_linear_chi,REJECTED_PHYSICAL,XZ,y,-0.0625,x,0.5625,z,0.6875,0.04,0.04482184299150526,0.00482184299150526,0.04,0.14200000000000002
2009,1.0,20dB_nominal_difference,imag,dressed_linear_chi,REJECTED_PHYSICAL,XZ,y,-0.0625,x,0.6875,z,0.6875,0.04,0.03516567784254283,-0.004834322157457167,0.04,0.14200000000000002
2009,1.0,20dB_nominal_difference,imag,dressed_linear_chi,REJECTED_PHYSICAL,YZ,x,-0.0625,y,-0.6875,z,-0.6875,0.04,0.018827891050850504,-0.021172108949149497,0.04,0.14200000000000002
2009,1.0,20dB_nominal_difference,imag,dressed_linear_chi,REJECTED_PHYSICAL,YZ,x,-0.0625,y,-0.5625,z,-0.6875,0.04,0.0117533309355177,-0.0282466690644823,0.04,0.14200000000000002
2009,1.0,20dB_nominal_difference,imag,dressed_linear_chi,REJECTED_PHYSICAL,YZ,x,-0.0625,y,-0.4375,z,-0.6875,0.04,0.00792995490390401,-0.03207004509609599,0.04,0.14200000000000002
2009,1.0,20dB_nominal_difference,imag,dressed_linear_chi,REJECTED_PHYSICAL,YZ,x,-0.0625,y,-0.3125,z,-0.6875,0.04,0.006580116662073539,-0.03341988333792646,0.04,0.14200000000000002
2009,1.0,20dB_nominal_difference,imag,dressed_linear_chi,REJECTED_PHYSICAL,YZ,x,-0.0625,y,-0.1875,z,-0.6875,0.04,0.006792013385683852,-0.03320798661431615,0.04,0.14200000000000002
2009,1.0,20dB_nominal_difference,imag,dressed_linear_chi,REJECTED_PHYSICAL,YZ,x,-0.0625,y,-0.0625,z,-0.6875,0.04,0.007823539379221284,-0.03217646062077872,0.04,0.14200000000000002
2009,1.0,20dB_nominal_difference,imag,dressed_linear_chi,REJECTED_PHYSICAL,YZ,x,-0.0625,y,0.0625,z,-0.6875,0.04,0.009098833972565508,-0.030901166027434493,0.04,0.14200000000000002
2009,1.0,20dB_nominal_difference,imag,dressed_linear_chi,REJECTED_PHYSICAL,YZ,x,-0.0625,y,0.1875,z,-0.6875,0.04,0.00997300194747645,-0.03002699805252355,0.04,0.14200000000000002
2009,1.0,20dB_nominal_difference,imag,dressed_linear_chi,REJECTED_PHYSICAL,YZ,x,-0.0625,y,0.3125,z,-0.6875,0.04,0.00939947827818046,-0.03060052172181954,0.04,0.14200000000000002
2009,1.0,20dB_nominal_difference,imag,dressed_linear_chi,REJECTED_PHYSICAL,YZ,x,-0.0625,y,0.4375,z,-0.6875,0.04,0.005601154192036321,-0.03439884580796368,0.04,0.14200000000000002
2009,1.0,20dB_nominal_difference,imag,dressed_linear_chi,REJECTED_PHYSICAL,YZ,x,-0.0625,y,0.5625,z,-0.6875,0.04,-0.004160271249749242,-0.04416027124974924,0.04,0.14200000000000002
2009,1.0,20dB_nominal_difference,imag,dressed_linear_chi,REJECTED_PHYSICAL,YZ,x,-0.0625,y,0.6875,z,-0.6875,0.04,-0.018894504105442862,-0.05889450410544286,0.04,0.14200000000000002
2009,1.0,20dB_nominal_difference,imag,dressed_linear_chi,REJECTED_PHYSICAL,YZ,x,-0.0625,y,-0.6875,z,-0.5625,0.04,0.048725210522970464,0.008725210522970463,0.04,0.14200000000000002
2009,1.0,20dB_nominal_difference,imag,dressed_linear_chi,REJECTED_PHYSICAL,YZ,x,-0.0625,y,-0.5625,z,-0.5625,0.04,0.04608012168262607,0.006080121682626068,0.04,0.14200000000000002
2009,1.0,20dB_nominal_difference,imag,dressed_linear_chi,REJECTED_PHYSICAL,YZ,x,-0.0625,y,-0.4375,z,-0.5625,0.04,0.04814824272271014,0.008148242722710142,0.04,0.14200000000000002
2009,1.0,20dB_nominal_difference,imag,dressed_linear_chi,REJECTED_PHYSICAL,YZ,x,-0.0625,y,-0.3125,z,-0.5625,0.04,0.052553536216890344,0.012553536216890343,0.04,0.14200000000000002
2009,1.0,20dB_nominal_difference,imag,dressed_linear_chi,REJECTED_PHYSICAL,YZ,x,-0.0625,y,-0.1875,z,-0.5625,0.04,0.05797788428881233,0.017977884288812328,0.04,0.14200000000000002
2009,1.0,20dB_nominal_difference,imag,dressed_linear_chi,REJECTED_PHYSICAL,YZ,x,-0.0625,y,-0.0625,z,-0.5625,0.04,0.06308151979367096,0.023081519793670964,0.04,0.14200000000000002
2009,1.0,20dB_nominal_difference,imag,dressed_linear_chi,REJECTED_PHYSICAL,YZ,x,-0.0625,y,0.0625,z,-0.5625,0.04,0.06657703257919304,0.026577032579193034,0.04,0.14200000000000002
2009,1.0,20dB_nominal_difference,imag,dressed_linear_chi,REJECTED_PHYSICAL,YZ,x,-0.0625,y,0.1875,z,-0.5625,0.04,0.06709315973828964,0.027093159738289636,0.04,0.14200000000000002
2009,1.0,20dB_nominal_difference,imag,dressed_linear_chi,REJECTED_PHYSICAL,YZ,x,-0.0625,y,0.3125,z,-0.5625,0.04,0.06298838097638591,0.022988380976385912,0.04,0.14200000000000002
2009,1.0,20dB_nominal_difference,imag,dressed_linear_chi,REJECTED_PHYSICAL,YZ,x,-0.0625,y,0.4375,z,-0.5625,0.04,0.052288739289137284,0.012288739289137283,0.04,0.14200000000000002
2009,1.0,20dB_nominal_difference,imag,dressed_linear_chi,REJECTED_PHYSICAL,YZ,x,-0.0625,y,0.5625,z,-0.5625,0.04,0.033076308285365355,-0.006923691714634646,0.04,0.14200000000000002
2009,1.0,20dB_nominal_difference,imag,dressed_linear_chi,REJECTED_PHYSICAL,YZ,x,-0.0625,y,0.6875,z,-0.5625,0.04,0.009746931324474267,-0.030253068675525734,0.04,0.14200000000000002
2009,1.0,20dB_nominal_difference,imag,dressed_linear_chi,REJECTED_PHYSICAL,YZ,x,-0.0625,y,-0.6875,z,-0.4375,0.04,0.06206556560826647,0.022065565608266467,0.04,0.14200000000000002
2009,1.0,20dB_nominal_difference,imag,dressed_linear_chi,REJECTED_PHYSICAL,YZ,x,-0.0625,y,-0.5625,z,-0.4375,0.04,0.06361453223891864,0.023614532238918635,0.04,0.14200000000000002
2009,1.0,20dB_nominal_difference,imag,dressed_linear_chi,REJECTED_PHYSICAL,YZ,x,-0.0625,y,-0.4375,z,-0.4375,0.04,0.07032407762491387,0.03032407762491387,0.04,0.14200000000000002
2009,1.0,20dB_nominal_difference,imag,dressed_linear_chi,REJECTED_PHYSICAL,YZ,x,-0.0625,y,-0.3125,z,-0.4375,0.04,0.07927781354797012,0.039277813547970115,0.04,0.14200000000000002
2009,1.0,20dB_nominal_difference,imag,dressed_linear_chi,REJECTED_PHYSICAL,YZ,x,-0.0625,y,-0.1875,z,-0.4375,0.04,0.08890555568955465,0.048905555689554646,0.04,0.14200000000000002
2009,1.0,20dB_nominal_difference,imag,dressed_linear_chi,REJECTED_PHYSICAL,YZ,x,-0.0625,y,-0.0625,z,-0.4375,0.04,0.09747902825978517,0.057479028259785174,0.04,0.14200000000000002
2009,1.0,20dB_nominal_difference,imag,dressed_linear_chi,REJECTED_PHYSICAL,YZ,x,-0.0625,y,0.0625,z,-0.4375,0.04,0.10319795476179339,0.06319795476179338,0.04,0.14200000000000002
2009,1.0,20dB_nominal_difference,imag,dressed_linear_chi,REJECTED_PHYSICAL,YZ,x,-0.0625,y,0.1875,z,-0.4375,0.04,0.10412531956108637,0.06412531956108636,0.04,0.14200000000000002
2009,1.0,20dB_nominal_difference,imag,dressed_linear_chi,REJECTED_PHYSICAL,YZ,x,-0.0625,y,0.3125,z,-0.4375,0.04,0.09809798720167959,0.058097987201679586,0.04,0.14200000000000002
2009,1.0,20dB_nominal_difference,imag,dressed_linear_chi,REJECTED_PHYSICAL,YZ,x,-0.0625,y,0.4375,z,-0.4375,0.04,0.08276810458805775,0.04276810458805775,0.04,0.14200000000000002
2009,1.0,20dB_nominal_difference,imag,dressed_linear_chi,REJECTED_PHYSICAL,YZ,x,-0.0625,y,0.5625,z,-0.4375,0.04,0.05594941202017917,0.015949412020179167,0.04,0.14200000000000002
2009,1.0,20dB_nominal_difference,imag,dressed_linear_chi,REJECTED_PHYSICAL,YZ,x,-0.0625,y,0.6875,z,-0.4375,0.04,0.021188640342739318,-0.018811359657260683,0.04,0.14200000000000002
2009,1.0,20dB_nominal_difference,imag,dressed_linear_chi,REJECTED_PHYSICAL,YZ,x,-0.0625,y,-0.6875,z,-0.3125,0.04,0.058200842034472816,0.018200842034472815,0.04,0.14200000000000002
2009,1.0,20dB_nominal_difference,imag,dressed_linear_chi,REJECTED_PHYSICAL,YZ,x,-0.0625,y,-0.5625,z,-0.3125,0.04,0.0633437398007535,0.0233437398007535,0.04,0.14200000000000002
2009,1.0,20dB_nominal_difference,imag,dressed_linear_chi,REJECTED_PHYSICAL,YZ,x,-0.0625,y,-0.4375,z,-0.3125,0.04,0.07333495536623891,0.03333495536623891,0.04,0.14200000000000002
2009,1.0,20dB_nominal_difference,imag,dressed_linear_chi,REJECTED_PHYSICAL,YZ,x,-0.0625,y,-0.3125,z,-0.3125,0.04,0.08554925516727316,0.04554925516727316,0.04,0.14200000000000002
2009,1.0,20dB_nominal_difference,imag,dressed_linear_chi,REJECTED_PHYSICAL,YZ,x,-0.0625,y,-0.1875,z,-0.3125,0.093,0.09831516270879351,0.005315162708793508,0.04,0.14200000000000002
2009,1.0,20dB_nominal_difference,imag,dressed_linear_chi,REJECTED_PHYSICAL,YZ,x,-0.0625,y,-0.0625,z,-0.3125,0.093,0.10973245435817841,0.01673245435817841,0.04,0.14200000000000002
2009,1.0,20dB_nominal_difference,imag,dressed_linear_chi,REJECTED_PHYSICAL,YZ,x,-0.0625,y,0.0625,z,-0.3125,0.093,0.11771904532080818,0.02471904532080818,0.04,0.14200000000000002
2009,1.0,20dB_nominal_difference,imag,dressed_linear_chi,REJECTED_PHYSICAL,YZ,x,-0.0625,y,0.1875,z,-0.3125,0.04,0.11996540132552444,0.07996540132552443,0.04,0.14200000000000002
2009,1.0,20dB_nominal_difference,imag,dressed_linear_chi,REJECTED_PHYSICAL,YZ,x,-0.0625,y,0.3125,z,-0.3125,0.04,0.1138904557988494,0.0738904557988494,0.04,0.14200000000000002
2009,1.0,20dB_nominal_difference,imag,dressed_linear_chi,REJECTED_PHYSICAL,YZ,x,-0.0625,y,0.4375,z,-0.3125,0.04,0.09671970479008873,0.05671970479008873,0.04,0.14200000000000002
2009,1.0,20dB_nominal_difference,imag,dressed_linear_chi,REJECTED_PHYSICAL,YZ,x,-0.0625,y,0.5625,z,-0.3125,0.04,0.06579235710235101,0.02579235710235101,0.04,0.14200000000000002
2009,1.0,20dB_nominal_difference,imag,dressed_linear_chi,REJECTED_PHYSICAL,YZ,x,-0.0625,y,0.6875,z,-0.3125,0.04,0.023596483634048232,-0.01640351636595177,0.04,0.14200000000000002
2009,1.0,20dB_nominal_difference,imag,dressed_linear_chi,REJECTED_PHYSICAL,YZ,x,-0.0625,y,-0.6875,z,-0.1875,0.04,0.04264309451412411,0.00264309451412411,0.04,0.14200000000000002
2009,1.0,20dB_nominal_difference,imag,dressed_linear_chi,REJECTED_PHYSICAL,YZ,x,-0.0625,y,-0.5625,z,-0.1875,0.04,0.050315305188047735,0.010315305188047734,0.04,0.14200000000000002
2009,1.0,20dB_nominal_difference,imag,dressed_linear_chi,REJECTED_PHYSICAL,YZ,x,-0.0625,y,-0.4375,z,-0.1875,0.04,0.061926628418987176,0.021926628418987175,0.04,0.14200000000000002
2009,1.0,20dB_nominal_difference,imag,dressed_linear_chi,REJECTED_PHYSICAL,YZ,x,-0.0625,y,-0.3125,z,-0.1875,0.093,0.07588175375490731,-0.017118246245092686,0.04,0.14200000000000002
2009,1.0,20dB_nominal_difference,imag,dressed_linear_chi,REJECTED_PHYSICAL,YZ,x,-0.0625,y,-0.1875,z,-0.1875,0.11750000000000002,0.0905321605647042,-0.02696783943529582,0.04,0.14200000000000002
2009,1.0,20dB_nominal_difference,imag,dressed_linear_chi,REJECTED_PHYSICAL,YZ,x,-0.0625,y,-0.0625,z,-0.1875,0.11750000000000002,0.1039906067384726,-0.01350939326152742,0.04,0.14200000000000002
2009,1.0,20dB_nominal_difference,imag,dressed_linear_chi,REJECTED_PHYSICAL,YZ,x,-0.0625,y,0.0625,z,-0.1875,0.11750000000000002,0.1141115133056412,-0.0033884866943588166,0.04,0.14200000000000002
2009,1.0,20dB_nominal_difference,imag,dressed_linear_chi,REJECTED_PHYSICAL,YZ,x,-0.0625,y,0.1875,z,-0.1875,0.093,0.11841901914299549,0.02541901914299549,0.04,0.14200000000000002
2009,1.0,20dB_nominal_difference,imag,dressed_linear_chi,REJECTED_PHYSICAL,YZ,x,-0.0625,y,0.3125,z,-0.1875,0.04,0.11407533354685134,0.07407533354685134,0.04,0.14200000000000002
2009,1.0,20dB_nominal_difference,imag,dressed_linear_chi,REJECTED_PHYSICAL,YZ,x,-0.0625,y,0.4375,z,-0.1875,0.04,0.09799086945733565,0.05799086945733565,0.04,0.14200000000000002
2009,1.0,20dB_nominal_difference,imag,dressed_linear_chi,REJECTED_PHYSICAL,YZ,x,-0.0625,y,0.5625,z,-0.1875,0.04,0.06716055279828331,0.027160552798283312,0.04,0.14200000000000002
2009,1.0,20dB_nominal_difference,imag,dressed_linear_chi,REJECTED_PHYSICAL,YZ,x,-0.0625,y,0.6875,z,-0.1875,0.04,0.0226641053100918,-0.0173358946899082,0.04,0.14200000000000002
2009,1.0,20dB_nominal_difference,imag,dressed_linear_chi,REJECTED_PHYSICAL,YZ,x,-0.0625,y,-0.6875,z,-0.0625,0.04,0.022463273242179168,-0.017536726757820833,0.04,0.14200000000000002
2009,1.0,20dB_nominal_difference,imag,dressed_linear_chi,REJECTED_PHYSICAL,YZ,x,-0.0625,y,-0.5625,z,-0.0625,0.04,0.031285296612477725,-0.008714703387522275,0.04,0.14200000000000002
2009,1.0,20dB_nominal_difference,imag,dressed_linear_chi,REJECTED_PHYSICAL,YZ,x,-0.0625,y,-0.4375,z,-0.0625,0.04,0.0426614533133046,0.0026614533133045987,0.04,0.14200000000000002
2009,1.0,20dB_nominal_difference,imag,dressed_linear_chi,REJECTED_PHYSICAL,YZ,x,-0.0625,y,-0.3125,z,-0.0625,0.093,0.05659417005846427,-0.03640582994153573,0.04,0.14200000000000002
2009,1.0,20dB_nominal_difference,imag,dressed_linear_chi,REJECTED_PHYSICAL,YZ,x,-0.0625,y,-0.1875,z,-0.0625,0.11750000000000002,0.071592704217435,-0.04590729578256503,0.04,0.14200000000000002
2009,1.0,20dB_nominal_difference,imag,dressed_linear_chi,REJECTED_PHYSICAL,YZ,x,-0.0625,y,-0.0625,z,-0.0625,0.11750000000000002,0.08595986770737593,-0.03154013229262409,0.04,0.14200000000000002
2009,1.0,20dB_nominal_difference,imag,dressed_linear_chi,REJECTED_PHYSICAL,YZ,x,-0.0625,y,0.0625,z,-0.0625,0.11750000000000002,0.09769473643430199,-0.019805263565698034,0.04,0.14200000000000002
2009,1.0,20dB_nominal_difference,imag,dressed_linear_chi,REJECTED_PHYSICAL,YZ,x,-0.0625,y,0.1875,z,-0.0625,0.093,0.10436755939642492,0.01136755939642492,0.04,0.14200000000000002
2009,1.0,20dB_nominal_difference,imag,dressed_linear_chi,REJECTED_PHYSICAL,YZ,x,-0.0625,y,0.3125,z,-0.0625,0.04,0.10307931019434757,0.06307931019434757,0.04,0.14200000000000002
2009,1.0,20dB_nominal_difference,imag,dressed_linear_chi,REJECTED_PHYSICAL,YZ,x,-0.0625,y,0.4375,z,-0.0625,0.04,0.09059961577034163,0.05059961577034163,0.04,0.14200000000000002
2009,1.0,20dB_nominal_difference,imag,dressed_linear_chi,REJECTED_PHYSICAL,YZ,x,-0.0625,y,0.5625,z,-0.0625,0.04,0.06374609124196856,0.02374609124196856,0.04,0.14200000000000002
2009,1.0,20dB_nominal_difference,imag,dressed_linear_chi,REJECTED_PHYSICAL,YZ,x,-0.0625,y,0.6875,z,-0.0625,0.04,0.02180923960294119,-0.01819076039705881,0.04,0.14200000000000002
2009,1.0,20dB_nominal_difference,imag,dressed_linear_chi,REJECTED_PHYSICAL,YZ,x,-0.0625,y,-0.6875,z,0.0625,0.04,0.0044597499328409215,-0.03554025006715908,0.04,0.14200000000000002
2009,1.0,20dB_nominal_difference,imag,dressed_linear_chi,REJECTED_PHYSICAL,YZ,x,-0.0625,y,-0.5625,z,0.0625,0.04,0.012953547260021889,-0.027046452739978112,0.04,0.14200000000000002
2009,1.0,20dB_nominal_difference,imag,dressed_linear_chi,REJECTED_PHYSICAL,YZ,x,-0.0625,y,-0.4375,z,0.0625,0.04,0.022291559056165974,-0.017708440943834027,0.04,0.14200000000000002
2009,1.0,20dB_nominal_difference,imag,dressed_linear_chi,REJECTED_PHYSICAL,YZ,x,-0.0625,y,-0.3125,z,0.0625,0.093,0.03435232769518266,-0.058647672304817336,0.04,0.14200000000000002
2009,1.0,20dB_nominal_difference,imag,dressed_linear_chi,REJECTED_PHYSICAL,YZ,x,-0.0625,y,-0.1875,z,0.0625,0.11750000000000002,0.04794863303440984,-0.06955136696559018,0.04,0.14200000000000002
2009,1.0,20dB_nominal_difference,imag,dressed_linear_chi,REJECTED_PHYSICAL,YZ,x,-0.0625,y,-0.0625,z,0.0625,0.14200000000000002,0.06175181143256415,-0.08024818856743587,0.04,0.14200000000000002
2009,1.0,20dB_nominal_difference,imag,dressed_linear_chi,REJECTED_PHYSICAL,YZ,x,-0.0625,y,0.0625,z,0.0625,0.11750000000000002,0.07410444941553776,-0.04339555058446226,0.04,0.14200000000000002
2009,1.0,20dB_nominal_difference,imag,dressed_linear_chi,REJECTED_PHYSICAL,YZ,x,-0.0625,y,0.1875,z,0.0625,0.093,0.08282869380852667,-0.010171306191473328,0.04,0.14200000000000002
2009,1.0,20dB_nominal_difference,imag,dressed_linear_chi,REJECTED_PHYSICAL,YZ,x,-0.0625,y,0.3125,z,0.0625,0.04,0.08516246659264548,0.04516246659264548,0.04,0.14200000000000002
2009,1.0,20dB_nominal_difference,imag,dressed_linear_chi,REJECTED_PHYSICAL,YZ,x,-0.0625,y,0.4375,z,0.0625,0.04,0.07791436552963205,0.037914365529632045,0.04,0.14200000000000002
2009,1.0,20dB_nominal_difference,imag,dressed_linear_chi,REJECTED_PHYSICAL,YZ,x,-0.0625,y,0.5625,z,0.0625,0.04,0.057881313336043655,0.017881313336043654,0.04,0.14200000000000002
2009,1.0,20dB_nominal_difference,imag,dressed_linear_chi,REJECTED_PHYSICAL,YZ,x,-0.0625,y,0.6875,z,0.0625,0.04,0.022382010595635993,-0.017617989404364008,0.04,0.14200000000000002
2009,1.0,20dB_nominal_difference,imag,dressed_linear_chi,REJECTED_PHYSICAL,YZ,x,-0.0625,y,-0.6875,z,0.1875,0.04,-0.006034672713962588,-0.04603467271396259,0.04,0.14200000000000002
2009,1.0,20dB_nominal_difference,imag,dressed_linear_chi,REJECTED_PHYSICAL,YZ,x,-0.0625,y,-0.5625,z,0.1875,0.04,0.0008848925754491727,-0.03911510742455083,0.04,0.14200000000000002
2009,1.0,20dB_nominal_difference,imag,dressed_linear_chi,REJECTED_PHYSICAL,YZ,x,-0.0625,y,-0.4375,z,0.1875,0.04,0.006747298595080574,-0.03325270140491943,0.04,0.14200000000000002
2009,1.0,20dB_nominal_difference,imag,dressed_linear_chi,REJECTED_PHYSICAL,YZ,x,-0.0625,y,-0.3125,z,0.1875,0.093,0.0152463216010039,-0.0777536783989961,0.04,0.14200000000000002
2009,1.0,20dB_nominal_difference,imag,dressed_linear_chi,REJECTED_PHYSICAL,YZ,x,-0.0625,y,-0.1875,z,0.1875,0.11750000000000002,0.025660145940441668,-0.09183985405955836,0.04,0.14200000000000002
2009,1.0,20dB_nominal_difference,imag,dressed_linear_chi,REJECTED_PHYSICAL,YZ,x,-0.0625,y,-0.0625,z,0.1875,0.11750000000000002,0.03720522694674382,-0.08029477305325619,0.04,0.14200000000000002
2009,1.0,20dB_nominal_difference,imag,dressed_linear_chi,REJECTED_PHYSICAL,YZ,x,-0.0625,y,0.0625,z,0.1875,0.11750000000000002,0.04874760154665434,-0.06875239845334569,0.04,0.14200000000000002
2009,1.0,20dB_nominal_difference,imag,dressed_linear_chi,REJECTED_PHYSICAL,YZ,x,-0.0625,y,0.1875,z,0.1875,0.093,0.058547635647824336,-0.03445236435217566,0.04,0.14200000000000002
2009,1.0,20dB_nominal_difference,imag,dressed_linear_chi,REJECTED_PHYSICAL,YZ,x,-0.0625,y,0.3125,z,0.1875,0.04,0.06416354049590098,0.024163540495900977,0.04,0.14200000000000002
2009,1.0,20dB_nominal_difference,imag,dressed_linear_chi,REJECTED_PHYSICAL,YZ,x,-0.0625,y,0.4375,z,0.1875,0.04,0.06260305502970918,0.022603055029709183,0.04,0.14200000000000002
2009,1.0,20dB_nominal_difference,imag,dressed_linear_chi,REJECTED_PHYSICAL,YZ,x,-0.0625,y,0.5625,z,0.1875,0.04,0.05077073662705134,0.010770736627051337,0.04,0.14200000000000002
2009,1.0,20dB_nominal_difference,imag,dressed_linear_chi,REJECTED_PHYSICAL,YZ,x,-0.0625,y,0.6875,z,0.1875,0.04,0.024123925246754063,-0.01587607475324594,0.04,0.14200000000000002
2009,1.0,20dB_nominal_difference,imag,dressed_linear_chi,REJECTED_PHYSICAL,YZ,x,-0.0625,y,-0.6875,z,0.3125,0.04,-0.005581202283559149,-0.04558120228355915,0.04,0.14200000000000002
2009,1.0,20dB_nominal_difference,imag,dressed_linear_chi,REJECTED_PHYSICAL,YZ,x,-0.0625,y,-0.5625,z,0.3125,0.04,-0.0008261779241176409,-0.04082617792411764,0.04,0.14200000000000002
2009,1.0,20dB_nominal_difference,imag,dressed_linear_chi,REJECTED_PHYSICAL,YZ,x,-0.0625,y,-0.4375,z,0.3125,0.04,0.0007808571927718083,-0.03921914280722819,0.04,0.14200000000000002
2009,1.0,20dB_nominal_difference,imag,dressed_linear_chi,REJECTED_PHYSICAL,YZ,x,-0.0625,y,-0.3125,z,0.3125,0.04,0.00443750660934366,-0.03556249339065634,0.04,0.14200000000000002
2009,1.0,20dB_nominal_difference,imag,dressed_linear_chi,REJECTED_PHYSICAL,YZ,x,-0.0625,y,-0.1875,z,0.3125,0.093,0.010098096119076281,-0.08290190388092372,0.04,0.14200000000000002
2009,1.0,20dB_nominal_difference,imag,dressed_linear_chi,REJECTED_PHYSICAL,YZ,x,-0.0625,y,-0.0625,z,0.3125,0.093,0.017679682500154174,-0.07532031749984583,0.04,0.14200000000000002
2009,1.0,20dB_nominal_difference,imag,dressed_linear_chi,REJECTED_PHYSICAL,YZ,x,-0.0625,y,0.0625,z,0.3125,0.093,0.026706196961056566,-0.06629380303894343,0.04,0.14200000000000002
2009,1.0,20dB_nominal_difference,imag,dressed_linear_chi,REJECTED_PHYSICAL,YZ,x,-0.0625,y,0.1875,z,0.3125,0.04,0.03603234996847693,-0.003967650031523072,0.04,0.14200000000000002
2009,1.0,20dB_nominal_difference,imag,dressed_linear_chi,REJECTED_PHYSICAL,YZ,x,-0.0625,y,0.3125,z,0.3125,0.04,0.04370964606749816,0.003709646067498157,0.04,0.14200000000000002
2009,1.0,20dB_nominal_difference,imag,dressed_linear_chi,REJECTED_PHYSICAL,YZ,x,-0.0625,y,0.4375,z,0.3125,0.04,0.04708373721743936,0.007083737217439358,0.04,0.14200000000000002
2009,1.0,20dB_nominal_difference,imag,dressed_linear_chi,REJECTED_PHYSICAL,YZ,x,-0.0625,y,0.5625,z,0.3125,0.04,0.04322118135937203,0.0032211813593720287,0.04,0.14200000000000002
2009,1.0,20dB_nominal_difference,imag,dressed_linear_chi,REJECTED_PHYSICAL,YZ,x,-0.0625,y,0.6875,z,0.3125,0.04,0.026049230119107824,-0.013950769880892177,0.04,0.14200000000000002
2009,1.0,20dB_nominal_difference,imag,dressed_linear_chi,REJECTED_PHYSICAL,YZ,x,-0.0625,y,-0.6875,z,0.4375,0.04,0.00772723727972522,-0.03227276272027478,0.04,0.14200000000000002
2009,1.0,20dB_nominal_difference,imag,dressed_linear_chi,REJECTED_PHYSICAL,YZ,x,-0.0625,y,-0.5625,z,0.4375,0.04,0.010770883284332913,-0.029229116715667088,0.04,0.14200000000000002
2009,1.0,20dB_nominal_difference,imag,dressed_linear_chi,REJECTED_PHYSICAL,YZ,x,-0.0625,y,-0.4375,z,0.4375,0.04,0.008072261879102142,-0.03192773812089786,0.04,0.14200000000000002
2009,1.0,20dB_nominal_difference,imag,dressed_linear_chi,REJECTED_PHYSICAL,YZ,x,-0.0625,y,-0.3125,z,0.4375,0.04,0.00616804059314844,-0.03383195940685156,0.04,0.14200000000000002
2009,1.0,20dB_nominal_difference,imag,dressed_linear_chi,REJECTED_PHYSICAL,YZ,x,-0.0625,y,-0.1875,z,0.4375,0.04,0.005969278651510104,-0.0340307213484899,0.04,0.14200000000000002
2009,1.0,20dB_nominal_difference,imag,dressed_linear_chi,REJECTED_PHYSICAL,YZ,x,-0.0625,y,-0.0625,z,0.4375,0.04,0.008137475654938185,-0.031862524345061816,0.04,0.14200000000000002
2009,1.0,20dB_nominal_difference,imag,dressed_linear_chi,REJECTED_PHYSICAL,YZ,x,-0.0625,y,0.0625,z,0.4375,0.04,0.012883121794442638,-0.027116878205557363,0.04,0.14200000000000002
2009,1.0,20dB_nominal_difference,imag,dressed_linear_chi,REJECTED_PHYSICAL,YZ,x,-0.0625,y,0.1875,z,0.4375,0.04,0.019772461047975854,-0.020227538952024147,0.04,0.14200000000000002
2009,1.0,20dB_nominal_difference,imag,dressed_linear_chi,REJECTED_PHYSICAL,YZ,x,-0.0625,y,0.3125,z,0.4375,0.04,0.0275557177418978,-0.0124442822581022,0.04,0.14200000000000002
2009,1.0,20dB_nominal_difference,imag,dressed_linear_chi,REJECTED_PHYSICAL,YZ,x,-0.0625,y,0.4375,z,0.4375,0.04,0.034111380595339906,-0.005888619404660095,0.04,0.14200000000000002
2009,1.0,20dB_nominal_difference,imag,dressed_linear_chi,REJECTED_PHYSICAL,YZ,x,-0.0625,y,0.5625,z,0.4375,0.04,0.03662941255145691,-0.003370587448543093,0.04,0.14200000000000002
2009,1.0,20dB_nominal_difference,imag,dressed_linear_chi,REJECTED_PHYSICAL,YZ,x,-0.0625,y,0.6875,z,0.4375,0.04,0.027666953436037554,-0.012333046563962446,0.04,0.14200000000000002
2009,1.0,20dB_nominal_difference,imag,dressed_linear_chi,REJECTED_PHYSICAL,YZ,x,-0.0625,y,-0.6875,z,0.5625,0.04,0.03560025064771452,-0.00439974935228548,0.04,0.14200000000000002
2009,1.0,20dB_nominal_difference,imag,dressed_linear_chi,REJECTED_PHYSICAL,YZ,x,-0.0625,y,-0.5625,z,0.5625,0.04,0.038177153127060215,-0.001822846872939786,0.04,0.14200000000000002
2009,1.0,20dB_nominal_difference,imag,dressed_linear_chi,REJECTED_PHYSICAL,YZ,x,-0.0625,y,-0.4375,z,0.5625,0.04,0.03127891988628122,-0.008721080113718783,0.04,0.14200000000000002
2009,1.0,20dB_nominal_difference,imag,dressed_linear_chi,REJECTED_PHYSICAL,YZ,x,-0.0625,y,-0.3125,z,0.5625,0.04,0.02372876321540962,-0.01627123678459038,0.04,0.14200000000000002
2009,1.0,20dB_nominal_difference,imag,dressed_linear_chi,REJECTED_PHYSICAL,YZ,x,-0.0625,y,-0.1875,z,0.5625,0.04,0.01735092921168571,-0.02264907078831429,0.04,0.14200000000000002
2009,1.0,20dB_nominal_difference,imag,dressed_linear_chi,REJECTED_PHYSICAL,YZ,x,-0.0625,y,-0.0625,z,0.5625,0.04,0.013227566940879183,-0.026772433059120818,0.04,0.14200000000000002
2009,1.0,20dB_nominal_difference,imag,dressed_linear_chi,REJECTED_PHYSICAL,YZ,x,-0.0625,y,0.0625,z,0.5625,0.04,0.012099484981012428,-0.027900515018987573,0.04,0.14200000000000002
2009,1.0,20dB_nominal_difference,imag,dressed_linear_chi,REJECTED_PHYSICAL,YZ,x,-0.0625,y,0.1875,z,0.5625,0.04,0.014313326132133198,-0.025686673867866803,0.04,0.14200000000000002
2009,1.0,20dB_nominal_difference,imag,dressed_linear_chi,REJECTED_PHYSICAL,YZ,x,-0.0625,y,0.3125,z,0.5625,0.04,0.0196135746384662,-0.0203864253615338,0.04,0.14200000000000002
2009,1.0,20dB_nominal_difference,imag,dressed_linear_chi,REJECTED_PHYSICAL,YZ,x,-0.0625,y,0.4375,z,0.5625,0.04,0.02690228099374619,-0.01309771900625381,0.04,0.14200000000000002
2009,1.0,20dB_nominal_difference,imag,dressed_linear_chi,REJECTED_PHYSICAL,YZ,x,-0.0625,y,0.5625,z,0.5625,0.04,0.03382660588611454,-0.006173394113885462,0.04,0.14200000000000002
2009,1.0,20dB_nominal_difference,imag,dressed_linear_chi,REJECTED_PHYSICAL,YZ,x,-0.0625,y,0.6875,z,0.5625,0.04,0.030797848575855807,-0.009202151424144194,0.04,0.14200000000000002
2009,1.0,20dB_nominal_difference,imag,dressed_linear_chi,REJECTED_PHYSICAL,YZ,x,-0.0625,y,-0.6875,z,0.6875,0.04,0.08632449653334034,0.046324496533340344,0.04,0.14200000000000002
2009,1.0,20dB_nominal_difference,imag,dressed_linear_chi,REJECTED_PHYSICAL,YZ,x,-0.0625,y,-0.5625,z,0.6875,0.04,0.08421348459277483,0.044213484592774834,0.04,0.14200000000000002
2009,1.0,20dB_nominal_difference,imag,dressed_linear_chi,REJECTED_PHYSICAL,YZ,x,-0.0625,y,-0.4375,z,0.6875,0.04,0.0725196446798168,0.03251964467981679,0.04,0.14200000000000002
2009,1.0,20dB_nominal_difference,imag,dressed_linear_chi,REJECTED_PHYSICAL,YZ,x,-0.0625,y,-0.3125,z,0.6875,0.04,0.060699796164839954,0.020699796164839954,0.04,0.14200000000000002
2009,1.0,20dB_nominal_difference,imag,dressed_linear_chi,REJECTED_PHYSICAL,YZ,x,-0.0625,y,-0.1875,z,0.6875,0.04,0.049476491172063146,0.009476491172063145,0.04,0.14200000000000002
2009,1.0,20dB_nominal_difference,imag,dressed_linear_chi,REJECTED_PHYSICAL,YZ,x,-0.0625,y,-0.0625,z,0.6875,0.04,0.039456766593165604,-0.0005432334068343966,0.04,0.14200000000000002
2009,1.0,20dB_nominal_difference,imag,dressed_linear_chi,REJECTED_PHYSICAL,YZ,x,-0.0625,y,0.0625,z,0.6875,0.04,0.03154224528021208,-0.008457754719787922,0.04,0.14200000000000002
2009,1.0,20dB_nominal_difference,imag,dressed_linear_chi,REJECTED_PHYSICAL,YZ,x,-0.0625,y,0.1875,z,0.6875,0.04,0.026793161517020277,-0.013206838482979724,0.04,0.14200000000000002
2009,1.0,20dB_nominal_difference,imag,dressed_linear_chi,REJECTED_PHYSICAL,YZ,x,-0.0625,y,0.3125,z,0.6875,0.04,0.026187082103980214,-0.013812917896019787,0.04,0.14200000000000002
2009,1.0,20dB_nominal_difference,imag,dressed_linear_chi,REJECTED_PHYSICAL,YZ,x,-0.0625,y,0.4375,z,0.6875,0.04,0.030442342094156062,-0.009557657905843939,0.04,0.14200000000000002
2009,1.0,20dB_nominal_difference,imag,dressed_linear_chi,REJECTED_PHYSICAL,YZ,x,-0.0625,y,0.5625,z,0.6875,0.04,0.03988825721882794,-0.00011174278117206254,0.04,0.14200000000000002
2009,1.0,20dB_nominal_difference,imag,dressed_linear_chi,REJECTED_PHYSICAL,YZ,x,-0.0625,y,0.6875,z,0.6875,0.04,0.04691357731782639,0.006913577317826387,0.04,0.14200000000000002
2009,1.0,20dB_nominal_difference,imag,linear_a_exact_conversion,REJECTED_PHYSICAL,XY,z,-0.0625,x,-0.6875,y,-0.6875,0.04,0.09685663120204968,0.05685663120204968,0.04,0.14200000000000002
2009,1.0,20dB_nominal_difference,imag,linear_a_exact_conversion,REJECTED_PHYSICAL,XY,z,-0.0625,x,-0.5625,y,-0.6875,0.04,0.07388745780851826,0.033887457808518255,0.04,0.14200000000000002
2009,1.0,20dB_nominal_difference,imag,linear_a_exact_conversion,REJECTED_PHYSICAL,XY,z,-0.0625,x,-0.4375,y,-0.6875,0.04,0.0548030916004573,0.0148030916004573,0.04,0.14200000000000002
2009,1.0,20dB_nominal_difference,imag,linear_a_exact_conversion,REJECTED_PHYSICAL,XY,z,-0.0625,x,-0.3125,y,-0.6875,0.04,0.03963239534517619,-0.00036760465482381377,0.04,0.14200000000000002
2009,1.0,20dB_nominal_difference,imag,linear_a_exact_conversion,REJECTED_PHYSICAL,XY,z,-0.0625,x,-0.1875,y,-0.6875,0.04,0.02885052991087111,-0.01114947008912889,0.04,0.14200000000000002
2009,1.0,20dB_nominal_difference,imag,linear_a_exact_conversion,REJECTED_PHYSICAL,XY,z,-0.0625,x,-0.0625,y,-0.6875,0.04,0.02221001577131726,-0.01778998422868274,0.04,0.14200000000000002
2009,1.0,20dB_nominal_difference,imag,linear_a_exact_conversion,REJECTED_PHYSICAL,XY,z,-0.0625,x,0.0625,y,-0.6875,0.04,0.01890433387715337,-0.02109566612284663,0.04,0.14200000000000002
2009,1.0,20dB_nominal_difference,imag,linear_a_exact_conversion,REJECTED_PHYSICAL,XY,z,-0.0625,x,0.1875,y,-0.6875,0.04,0.017475939880106924,-0.022524060119893077,0.04,0.14200000000000002
2009,1.0,20dB_nominal_difference,imag,linear_a_exact_conversion,REJECTED_PHYSICAL,XY,z,-0.0625,x,0.3125,y,-0.6875,0.04,0.015617383664309672,-0.02438261633569033,0.04,0.14200000000000002
2009,1.0,20dB_nominal_difference,imag,linear_a_exact_conversion,REJECTED_PHYSICAL,XY,z,-0.0625,x,0.4375,y,-0.6875,0.04,0.009974089010194665,-0.030025910989805338,0.04,0.14200000000000002
2009,1.0,20dB_nominal_difference,imag,linear_a_exact_conversion,REJECTED_PHYSICAL,XY,z,-0.0625,x,0.5625,y,-0.6875,0.04,-0.004448048429897871,-0.04444804842989787,0.04,0.14200000000000002
2009,1.0,20dB_nominal_difference,imag,linear_a_exact_conversion,REJECTED_PHYSICAL,XY,z,-0.0625,x,0.6875,y,-0.6875,0.04,-0.04510816643030423,-0.08510816643030422,0.04,0.14200000000000002
2009,1.0,20dB_nominal_difference,imag,linear_a_exact_conversion,REJECTED_PHYSICAL,XY,z,-0.0625,x,-0.6875,y,-0.5625,0.04,0.07791575846671096,0.03791575846671096,0.04,0.14200000000000002
2009,1.0,20dB_nominal_difference,imag,linear_a_exact_conversion,REJECTED_PHYSICAL,XY,z,-0.0625,x,-0.5625,y,-0.5625,0.04,0.04064688583514812,0.0006468858351481171,0.04,0.14200000000000002
2009,1.0,20dB_nominal_difference,imag,linear_a_exact_conversion,REJECTED_PHYSICAL,XY,z,-0.0625,x,-0.4375,y,-0.5625,0.04,0.02024738493955056,-0.019752615060449442,0.04,0.14200000000000002
2009,1.0,20dB_nominal_difference,imag,linear_a_exact_conversion,REJECTED_PHYSICAL,XY,z,-0.0625,x,-0.3125,y,-0.5625,0.04,0.013327917738494299,-0.026672082261505702,0.04,0.14200000000000002
2009,1.0,20dB_nominal_difference,imag,linear_a_exact_conversion,REJECTED_PHYSICAL,XY,z,-0.0625,x,-0.1875,y,-0.5625,0.04,0.017770446245299425,-0.022229553754700575,0.04,0.14200000000000002
2009,1.0,20dB_nominal_difference,imag,linear_a_exact_conversion,REJECTED_PHYSICAL,XY,z,-0.0625,x,-0.0625,y,-0.5625,0.04,0.030153928427723596,-0.009846071572276405,0.04,0.14200000000000002
2009,1.0,20dB_nominal_difference,imag,linear_a_exact_conversion,REJECTED_PHYSICAL,XY,z,-0.0625,x,0.0625,y,-0.5625,0.04,0.04587879444170924,0.005878794441709238,0.04,0.14200000000000002
2009,1.0,20dB_nominal_difference,imag,linear_a_exact_conversion,REJECTED_PHYSICAL,XY,z,-0.0625,x,0.1875,y,-0.5625,0.04,0.05963054022542172,0.019630540225421718,0.04,0.14200000000000002
2009,1.0,20dB_nominal_difference,imag,linear_a_exact_conversion,REJECTED_PHYSICAL,XY,z,-0.0625,x,0.3125,y,-0.5625,0.04,0.06587479278041407,0.025874792780414067,0.04,0.14200000000000002
2009,1.0,20dB_nominal_difference,imag,linear_a_exact_conversion,REJECTED_PHYSICAL,XY,z,-0.0625,x,0.4375,y,-0.5625,0.04,0.05912248354712193,0.019122483547121927,0.04,0.14200000000000002
2009,1.0,20dB_nominal_difference,imag,linear_a_exact_conversion,REJECTED_PHYSICAL,XY,z,-0.0625,x,0.5625,y,-0.5625,0.04,0.03360151766202152,-0.0063984823379784825,0.04,0.14200000000000002
2009,1.0,20dB_nominal_difference,imag,linear_a_exact_conversion,REJECTED_PHYSICAL,XY,z,-0.0625,x,0.6875,y,-0.5625,0.04,-0.021580366203731036,-0.061580366203731036,0.04,0.14200000000000002
2009,1.0,20dB_nominal_difference,imag,linear_a_exact_conversion,REJECTED_PHYSICAL,XY,z,-0.0625,x,-0.6875,y,-0.4375,0.04,0.06262345346138948,0.022623453461389477,0.04,0.14200000000000002
2009,1.0,20dB_nominal_difference,imag,linear_a_exact_conversion,REJECTED_PHYSICAL,XY,z,-0.0625,x,-0.5625,y,-0.4375,0.04,0.01612510737504905,-0.02387489262495095,0.04,0.14200000000000002
2009,1.0,20dB_nominal_difference,imag,linear_a_exact_conversion,REJECTED_PHYSICAL,XY,z,-0.0625,x,-0.4375,y,-0.4375,0.04,-0.006264785154712042,-0.046264785154712045,0.04,0.14200000000000002
2009,1.0,20dB_nominal_difference,imag,linear_a_exact_conversion,REJECTED_PHYSICAL,XY,z,-0.0625,x,-0.3125,y,-0.4375,0.04,-0.006954657351836821,-0.04695465735183682,0.04,0.14200000000000002
2009,1.0,20dB_nominal_difference,imag,linear_a_exact_conversion,REJECTED_PHYSICAL,XY,z,-0.0625,x,-0.1875,y,-0.4375,0.04,0.011442495038216621,-0.02855750496178338,0.04,0.14200000000000002
2009,1.0,20dB_nominal_difference,imag,linear_a_exact_conversion,REJECTED_PHYSICAL,XY,z,-0.0625,x,-0.0625,y,-0.4375,0.04,0.04273661443394332,0.002736614433943317,0.04,0.14200000000000002
2009,1.0,20dB_nominal_difference,imag,linear_a_exact_conversion,REJECTED_PHYSICAL,XY,z,-0.0625,x,0.0625,y,-0.4375,0.04,0.07796982652794368,0.03796982652794368,0.04,0.14200000000000002
2009,1.0,20dB_nominal_difference,imag,linear_a_exact_conversion,REJECTED_PHYSICAL,XY,z,-0.0625,x,0.1875,y,-0.4375,0.04,0.10719455951461582,0.06719455951461581,0.04,0.14200000000000002
2009,1.0,20dB_nominal_difference,imag,linear_a_exact_conversion,REJECTED_PHYSICAL,XY,z,-0.0625,x,0.3125,y,-0.4375,0.04,0.12150559891787767,0.08150559891787768,0.04,0.14200000000000002
2009,1.0,20dB_nominal_difference,imag,linear_a_exact_conversion,REJECTED_PHYSICAL,XY,z,-0.0625,x,0.4375,y,-0.4375,0.04,0.11446457111999964,0.07446457111999963,0.04,0.14200000000000002
2009,1.0,20dB_nominal_difference,imag,linear_a_exact_conversion,REJECTED_PHYSICAL,XY,z,-0.0625,x,0.5625,y,-0.4375,0.04,0.08266758162326196,0.04266758162326196,0.04,0.14200000000000002
2009,1.0,20dB_nominal_difference,imag,linear_a_exact_conversion,REJECTED_PHYSICAL,XY,z,-0.0625,x,0.6875,y,-0.4375,0.04,0.0211646034505353,-0.0188353965494647,0.04,0.14200000000000002
2009,1.0,20dB_nominal_difference,imag,linear_a_exact_conversion,REJECTED_PHYSICAL,XY,z,-0.0625,x,-0.6875,y,-0.3125,0.04,0.05363814498865721,0.01363814498865721,0.04,0.14200000000000002
2009,1.0,20dB_nominal_difference,imag,linear_a_exact_conversion,REJECTED_PHYSICAL,XY,z,-0.0625,x,-0.5625,y,-0.3125,0.04,0.0019829655197117976,-0.0380170344802882,0.04,0.14200000000000002
2009,1.0,20dB_nominal_difference,imag,linear_a_exact_conversion,REJECTED_PHYSICAL,XY,z,-0.0625,x,-0.4375,y,-0.3125,0.04,-0.02081280689146581,-0.060812806891465815,0.04,0.14200000000000002
2009,1.0,20dB_nominal_difference,imag,linear_a_exact_conversion,REJECTED_PHYSICAL,XY,z,-0.0625,x,-0.3125,y,-0.3125,0.04,-0.016209954357101687,-0.05620995435710169,0.04,0.14200000000000002
2009,1.0,20dB_nominal_difference,imag,linear_a_exact_conversion,REJECTED_PHYSICAL,XY,z,-0.0625,x,-0.1875,y,-0.3125,0.093,0.013640845193368927,-0.07935915480663107,0.04,0.14200000000000002
2009,1.0,20dB_nominal_difference,imag,linear_a_exact_conversion,REJECTED_PHYSICAL,XY,z,-0.0625,x,-0.0625,y,-0.3125,0.093,0.060623926825876064,-0.032376073174123936,0.04,0.14200000000000002
2009,1.0,20dB_nominal_difference,imag,linear_a_exact_conversion,REJECTED_PHYSICAL,XY,z,-0.0625,x,0.0625,y,-0.3125,0.11750000000000002,0.11189600911924732,-0.005603990880752696,0.04,0.14200000000000002
2009,1.0,20dB_nominal_difference,imag,linear_a_exact_conversion,REJECTED_PHYSICAL,XY,z,-0.0625,x,0.1875,y,-0.3125,0.093,0.153268146094122,0.06026814609412201,0.04,0.14200000000000002
2009,1.0,20dB_nominal_difference,imag,linear_a_exact_conversion,REJECTED_PHYSICAL,XY,z,-0.0625,x,0.3125,y,-0.3125,0.04,0.17315059071205027,0.13315059071205027,0.04,0.14200000000000002
2009,1.0,20dB_nominal_difference,imag,linear_a_exact_conversion,REJECTED_PHYSICAL,XY,z,-0.0625,x,0.4375,y,-0.3125,0.04,0.16506596332712295,0.12506596332712294,0.04,0.14200000000000002
2009,1.0,20dB_nominal_difference,imag,linear_a_exact_conversion,REJECTED_PHYSICAL,XY,z,-0.0625,x,0.5625,y,-0.3125,0.04,0.12802639628961307,0.08802639628961306,0.04,0.14200000000000002
2009,1.0,20dB_nominal_difference,imag,linear_a_exact_conversion,REJECTED_PHYSICAL,XY,z,-0.0625,x,0.6875,y,-0.3125,0.04,0.05942647497863365,0.019426474978633652,0.04,0.14200000000000002
2009,1.0,20dB_nominal_difference,imag,linear_a_exact_conversion,REJECTED_PHYSICAL,XY,z,-0.0625,x,-0.6875,y,-0.1875,0.04,0.04953259320063597,0.009532593200635972,0.04,0.14200000000000002
2009,1.0,20dB_nominal_difference,imag,linear_a_exact_conversion,REJECTED_PHYSICAL,XY,z,-0.0625,x,-0.5625,y,-0.1875,0.04,-0.0024039998252891807,-0.04240399982528918,0.04,0.14200000000000002
2009,1.0,20dB_nominal_difference,imag,linear_a_exact_conversion,REJECTED_PHYSICAL,XY,z,-0.0625,x,-0.4375,y,-0.1875,0.04,-0.023189750594735468,-0.06318975059473547,0.04,0.14200000000000002
2009,1.0,20dB_nominal_difference,imag,linear_a_exact_conversion,REJECTED_PHYSICAL,XY,z,-0.0625,x,-0.3125,y,-0.1875,0.093,-0.013789882020372726,-0.10678988202037272,0.04,0.14200000000000002
2009,1.0,20dB_nominal_difference,imag,linear_a_exact_conversion,REJECTED_PHYSICAL,XY,z,-0.0625,x,-0.1875,y,-0.1875,0.11750000000000002,0.024139389551954715,-0.0933606104480453,0.04,0.14200000000000002
2009,1.0,20dB_nominal_difference,imag,linear_a_exact_conversion,REJECTED_PHYSICAL,XY,z,-0.0625,x,-0.0625,y,-0.1875,0.11750000000000002,0.08139811431335285,-0.03610188568664717,0.04,0.14200000000000002
2009,1.0,20dB_nominal_difference,imag,linear_a_exact_conversion,REJECTED_PHYSICAL,XY,z,-0.0625,x,0.0625,y,-0.1875,0.14200000000000002,0.1426063234082839,0.0006063234082838986,0.04,0.14200000000000002
2009,1.0,20dB_nominal_difference,imag,linear_a_exact_conversion,REJECTED_PHYSICAL,XY,z,-0.0625,x,0.1875,y,-0.1875,0.14200000000000002,0.1908035576648707,0.048803557664870684,0.04,0.14200000000000002
2009,1.0,20dB_nominal_difference,imag,linear_a_exact_conversion,REJECTED_PHYSICAL,XY,z,-0.0625,x,0.3125,y,-0.1875,0.11750000000000002,0.2128724633101134,0.09537246331011337,0.04,0.14200000000000002
2009,1.0,20dB_nominal_difference,imag,linear_a_exact_conversion,REJECTED_PHYSICAL,XY,z,-0.0625,x,0.4375,y,-0.1875,0.04,0.20267567511583864,0.16267567511583864,0.04,0.14200000000000002
2009,1.0,20dB_nominal_difference,imag,linear_a_exact_conversion,REJECTED_PHYSICAL,XY,z,-0.0625,x,0.5625,y,-0.1875,0.04,0.1608654148156749,0.1208654148156749,0.04,0.14200000000000002
2009,1.0,20dB_nominal_difference,imag,linear_a_exact_conversion,REJECTED_PHYSICAL,XY,z,-0.0625,x,0.6875,y,-0.1875,0.04,0.08563936907293032,0.04563936907293032,0.04,0.14200000000000002
2009,1.0,20dB_nominal_difference,imag,linear_a_exact_conversion,REJECTED_PHYSICAL,XY,z,-0.0625,x,-0.6875,y,-0.0625,0.04,0.048592223915611396,0.008592223915611395,0.04,0.14200000000000002
2009,1.0,20dB_nominal_difference,imag,linear_a_exact_conversion,REJECTED_PHYSICAL,XY,z,-0.0625,x,-0.5625,y,-0.0625,0.04,0.0014607411048650598,-0.03853925889513494,0.04,0.14200000000000002
2009,1.0,20dB_nominal_difference,imag,linear_a_exact_conversion,REJECTED_PHYSICAL,XY,z,-0.0625,x,-0.4375,y,-0.0625,0.04,-0.014803759550462727,-0.054803759550462725,0.04,0.14200000000000002
2009,1.0,20dB_nominal_difference,imag,linear_a_exact_conversion,REJECTED_PHYSICAL,XY,z,-0.0625,x,-0.3125,y,-0.0625,0.093,-0.0012500070596178988,-0.0942500070596179,0.04,0.14200000000000002
2009,1.0,20dB_nominal_difference,imag,linear_a_exact_conversion,REJECTED_PHYSICAL,XY,z,-0.0625,x,-0.1875,y,-0.0625,0.11750000000000002,0.040590964391601,-0.07690903560839901,0.04,0.14200000000000002
2009,1.0,20dB_nominal_difference,imag,linear_a_exact_conversion,REJECTED_PHYSICAL,XY,z,-0.0625,x,-0.0625,y,-0.0625,0.11750000000000002,0.10125139558976892,-0.0162486044102311,0.04,0.14200000000000002
2009,1.0,20dB_nominal_difference,imag,linear_a_exact_conversion,REJECTED_PHYSICAL,XY,z,-0.0625,x,0.0625,y,-0.0625,0.14200000000000002,0.16471962006529073,0.022719620065290713,0.04,0.14200000000000002
2009,1.0,20dB_nominal_difference,imag,linear_a_exact_conversion,REJECTED_PHYSICAL,XY,z,-0.0625,x,0.1875,y,-0.0625,0.14200000000000002,0.213426840618327,0.07142684061832699,0.04,0.14200000000000002
2009,1.0,20dB_nominal_difference,imag,linear_a_exact_conversion,REJECTED_PHYSICAL,XY,z,-0.0625,x,0.3125,y,-0.0625,0.14200000000000002,0.2341185590420291,0.09211855904202909,0.04,0.14200000000000002
2009,1.0,20dB_nominal_difference,imag,linear_a_exact_conversion,REJECTED_PHYSICAL,XY,z,-0.0625,x,0.4375,y,-0.0625,0.093,0.22110267978215048,0.12810267978215048,0.04,0.14200000000000002
2009,1.0,20dB_nominal_difference,imag,linear_a_exact_conversion,REJECTED_PHYSICAL,XY,z,-0.0625,x,0.5625,y,-0.0625,0.04,0.17576350165760787,0.13576350165760787,0.04,0.14200000000000002
2009,1.0,20dB_nominal_difference,imag,linear_a_exact_conversion,REJECTED_PHYSICAL,XY,z,-0.0625,x,0.6875,y,-0.0625,0.04,0.09622924326408021,0.05622924326408021,0.04,0.14200000000000002
2009,1.0,20dB_nominal_difference,imag,linear_a_exact_conversion,REJECTED_PHYSICAL,XY,z,-0.0625,x,-0.6875,y,0.0625,0.04,0.049686180233691264,0.009686180233691263,0.04,0.14200000000000002
2009,1.0,20dB_nominal_difference,imag,linear_a_exact_conversion,REJECTED_PHYSICAL,XY,z,-0.0625,x,-0.5625,y,0.0625,0.04,0.01148606336163232,-0.028513936638367682,0.04,0.14200000000000002
2009,1.0,20dB_nominal_difference,imag,linear_a_exact_conversion,REJECTED_PHYSICAL,XY,z,-0.0625,x,-0.4375,y,0.0625,0.04,0.001336750523145236,-0.03866324947685477,0.04,0.14200000000000002
2009,1.0,20dB_nominal_difference,imag,linear_a_exact_conversion,REJECTED_PHYSICAL,XY,z,-0.0625,x,-0.3125,y,0.0625,0.093,0.017679829256623127,-0.07532017074337688,0.04,0.14200000000000002
2009,1.0,20dB_nominal_difference,imag,linear_a_exact_conversion,REJECTED_PHYSICAL,XY,z,-0.0625,x,-0.1875,y,0.0625,0.093,0.058812881156249844,-0.034187118843750156,0.04,0.14200000000000002
2009,1.0,20dB_nominal_difference,imag,linear_a_exact_conversion,REJECTED_PHYSICAL,XY,z,-0.0625,x,-0.0625,y,0.0625,0.11750000000000002,0.1158563811624141,-0.0016436188375859168,0.04,0.14200000000000002
2009,1.0,20dB_nominal_difference,imag,linear_a_exact_conversion,REJECTED_PHYSICAL,XY,z,-0.0625,x,0.0625,y,0.0625,0.11750000000000002,0.17411215925416262,0.0566121592541626,0.04,0.14200000000000002
2009,1.0,20dB_nominal_difference,imag,linear_a_exact_conversion,REJECTED_PHYSICAL,XY,z,-0.0625,x,0.1875,y,0.0625,0.14200000000000002,0.21753525613778413,0.07553525613778411,0.04,0.14200000000000002
2009,1.0,20dB_nominal_difference,imag,linear_a_exact_conversion,REJECTED_PHYSICAL,XY,z,-0.0625,x,0.3125,y,0.0625,0.11750000000000002,0.23397051530381824,0.11647051530381822,0.04,0.14200000000000002
2009,1.0,20dB_nominal_difference,imag,linear_a_exact_conversion,REJECTED_PHYSICAL,XY,z,-0.0625,x,0.4375,y,0.0625,0.093,0.2181210509825796,0.1251210509825796,0.04,0.14200000000000002
2009,1.0,20dB_nominal_difference,imag,linear_a_exact_conversion,REJECTED_PHYSICAL,XY,z,-0.0625,x,0.5625,y,0.0625,0.04,0.17122536351467324,0.13122536351467323,0.04,0.14200000000000002
2009,1.0,20dB_nominal_difference,imag,linear_a_exact_conversion,REJECTED_PHYSICAL,XY,z,-0.0625,x,0.6875,y,0.0625,0.04,0.09074543766346352,0.05074543766346352,0.04,0.14200000000000002
2009,1.0,20dB_nominal_difference,imag,linear_a_exact_conversion,REJECTED_PHYSICAL,XY,z,-0.0625,x,-0.6875,y,0.1875,0.04,0.05236732845007247,0.01236732845007247,0.04,0.14200000000000002
2009,1.0,20dB_nominal_difference,imag,linear_a_exact_conversion,REJECTED_PHYSICAL,XY,z,-0.0625,x,-0.5625,y,0.1875,0.04,0.025250598041692073,-0.014749401958307928,0.04,0.14200000000000002
2009,1.0,20dB_nominal_difference,imag,linear_a_exact_conversion,REJECTED_PHYSICAL,XY,z,-0.0625,x,-0.4375,y,0.1875,0.04,0.021092929955163063,-0.018907070044836938,0.04,0.14200000000000002
2009,1.0,20dB_nominal_difference,imag,linear_a_exact_conversion,REJECTED_PHYSICAL,XY,z,-0.0625,x,-0.3125,y,0.1875,0.04,0.03785704191385138,-0.0021429580861486233,0.04,0.14200000000000002
2009,1.0,20dB_nominal_difference,imag,linear_a_exact_conversion,REJECTED_PHYSICAL,XY,z,-0.0625,x,-0.1875,y,0.1875,0.093,0.07377162259488959,-0.01922837740511041,0.04,0.14200000000000002
2009,1.0,20dB_nominal_difference,imag,linear_a_exact_conversion,REJECTED_PHYSICAL,XY,z,-0.0625,x,-0.0625,y,0.1875,0.093,0.12140898732029397,0.02840898732029397,0.04,0.14200000000000002
2009,1.0,20dB_nominal_difference,imag,linear_a_exact_conversion,REJECTED_PHYSICAL,XY,z,-0.0625,x,0.0625,y,0.1875,0.11750000000000002,0.16884847741482728,0.05134847741482726,0.04,0.14200000000000002
2009,1.0,20dB_nominal_difference,imag,linear_a_exact_conversion,REJECTED_PHYSICAL,XY,z,-0.0625,x,0.1875,y,0.1875,0.11750000000000002,0.2030094434354009,0.08550944343540087,0.04,0.14200000000000002
2009,1.0,20dB_nominal_difference,imag,linear_a_exact_conversion,REJECTED_PHYSICAL,XY,z,-0.0625,x,0.3125,y,0.1875,0.093,0.21359416077943003,0.12059416077943003,0.04,0.14200000000000002
2009,1.0,20dB_nominal_difference,imag,linear_a_exact_conversion,REJECTED_PHYSICAL,XY,z,-0.0625,x,0.4375,y,0.1875,0.04,0.19556403701670175,0.15556403701670174,0.04,0.14200000000000002
2009,1.0,20dB_nominal_difference,imag,linear_a_exact_conversion,REJECTED_PHYSICAL,XY,z,-0.0625,x,0.5625,y,0.1875,0.04,0.14929818714170598,0.10929818714170597,0.04,0.14200000000000002
2009,1.0,20dB_nominal_difference,imag,linear_a_exact_conversion,REJECTED_PHYSICAL,XY,z,-0.0625,x,0.6875,y,0.1875,0.04,0.07125067720135615,0.03125067720135615,0.04,0.14200000000000002
2009,1.0,20dB_nominal_difference,imag,linear_a_exact_conversion,REJECTED_PHYSICAL,XY,z,-0.0625,x,-0.6875,y,0.3125,0.04,0.05648212947088766,0.01648212947088766,0.04,0.14200000000000002
2009,1.0,20dB_nominal_difference,imag,linear_a_exact_conversion,REJECTED_PHYSICAL,XY,z,-0.0625,x,-0.5625,y,0.3125,0.04,0.03999390937411639,-6.090625883609091e-06,0.04,0.14200000000000002
2009,1.0,20dB_nominal_difference,imag,linear_a_exact_conversion,REJECTED_PHYSICAL,XY,z,-0.0625,x,-0.4375,y,0.3125,0.04,0.03977001522357816,-0.00022998477642183907,0.04,0.14200000000000002
2009,1.0,20dB_nominal_difference,imag,linear_a_exact_conversion,REJECTED_PHYSICAL,XY,z,-0.0625,x,-0.3125,y,0.3125,0.04,0.05381802821052222,0.01381802821052222,0.04,0.14200000000000002
2009,1.0,20dB_nominal_difference,imag,linear_a_exact_conversion,REJECTED_PHYSICAL,XY,z,-0.0625,x,-0.1875,y,0.3125,0.04,0.08076862175951947,0.04076862175951947,0.04,0.14200000000000002
2009,1.0,20dB_nominal_difference,imag,linear_a_exact_conversion,REJECTED_PHYSICAL,XY,z,-0.0625,x,-0.0625,y,0.3125,0.04,0.11533121687590304,0.07533121687590305,0.04,0.14200000000000002
2009,1.0,20dB_nominal_difference,imag,linear_a_exact_conversion,REJECTED_PHYSICAL,XY,z,-0.0625,x,0.0625,y,0.3125,0.04,0.14905129155285324,0.10905129155285323,0.04,0.14200000000000002
2009,1.0,20dB_nominal_difference,imag,linear_a_exact_conversion,REJECTED_PHYSICAL,XY,z,-0.0625,x,0.1875,y,0.3125,0.04,0.17232628721196921,0.1323262872119692,0.04,0.14200000000000002
2009,1.0,20dB_nominal_difference,imag,linear_a_exact_conversion,REJECTED_PHYSICAL,XY,z,-0.0625,x,0.3125,y,0.3125,0.04,0.17694314870970906,0.13694314870970906,0.04,0.14200000000000002
2009,1.0,20dB_nominal_difference,imag,linear_a_exact_conversion,REJECTED_PHYSICAL,XY,z,-0.0625,x,0.4375,y,0.3125,0.04,0.15797038735013436,0.11797038735013435,0.04,0.14200000000000002
2009,1.0,20dB_nominal_difference,imag,linear_a_exact_conversion,REJECTED_PHYSICAL,XY,z,-0.0625,x,0.5625,y,0.3125,0.04,0.11439391443907468,0.07439391443907467,0.04,0.14200000000000002
2009,1.0,20dB_nominal_difference,imag,linear_a_exact_conversion,REJECTED_PHYSICAL,XY,z,-0.0625,x,0.6875,y,0.3125,0.04,0.041414157101528036,0.0014141571015280352,0.04,0.14200000000000002
2009,1.0,20dB_nominal_difference,imag,linear_a_exact_conversion,REJECTED_PHYSICAL,XY,z,-0.0625,x,-0.6875,y,0.4375,0.04,0.06150729963944906,0.021507299639449057,0.04,0.14200000000000002
2009,1.0,20dB_nominal_difference,imag,linear_a_exact_conversion,REJECTED_PHYSICAL,XY,z,-0.0625,x,-0.5625,y,0.4375,0.04,0.052449205997667926,0.012449205997667925,0.04,0.14200000000000002
2009,1.0,20dB_nominal_difference,imag,linear_a_exact_conversion,REJECTED_PHYSICAL,XY,z,-0.0625,x,-0.4375,y,0.4375,0.04,0.05265355735228601,0.012653557352286009,0.04,0.14200000000000002
2009,1.0,20dB_nominal_difference,imag,linear_a_exact_conversion,REJECTED_PHYSICAL,XY,z,-0.0625,x,-0.3125,y,0.4375,0.04,0.06075678661703844,0.02075678661703844,0.04,0.14200000000000002
2009,1.0,20dB_nominal_difference,imag,linear_a_exact_conversion,REJECTED_PHYSICAL,XY,z,-0.0625,x,-0.1875,y,0.4375,0.04,0.07629516785428864,0.036295167854288636,0.04,0.14200000000000002
2009,1.0,20dB_nominal_difference,imag,linear_a_exact_conversion,REJECTED_PHYSICAL,XY,z,-0.0625,x,-0.0625,y,0.4375,0.04,0.09642115686893543,0.05642115686893543,0.04,0.14200000000000002
2009,1.0,20dB_nominal_difference,imag,linear_a_exact_conversion,REJECTED_PHYSICAL,XY,z,-0.0625,x,0.0625,y,0.4375,0.04,0.11608322307348667,0.07608322307348667,0.04,0.14200000000000002
2009,1.0,20dB_nominal_difference,imag,linear_a_exact_conversion,REJECTED_PHYSICAL,XY,z,-0.0625,x,0.1875,y,0.4375,0.04,0.12893601504368815,0.08893601504368814,0.04,0.14200000000000002
2009,1.0,20dB_nominal_difference,imag,linear_a_exact_conversion,REJECTED_PHYSICAL,XY,z,-0.0625,x,0.3125,y,0.4375,0.04,0.12875115147019028,0.08875115147019028,0.04,0.14200000000000002
2009,1.0,20dB_nominal_difference,imag,linear_a_exact_conversion,REJECTED_PHYSICAL,XY,z,-0.0625,x,0.4375,y,0.4375,0.04,0.11068599300499128,0.07068599300499129,0.04,0.14200000000000002
2009,1.0,20dB_nominal_difference,imag,linear_a_exact_conversion,REJECTED_PHYSICAL,XY,z,-0.0625,x,0.5625,y,0.4375,0.04,0.07193939874218275,0.03193939874218275,0.04,0.14200000000000002
2009,1.0,20dB_nominal_difference,imag,linear_a_exact_conversion,REJECTED_PHYSICAL,XY,z,-0.0625,x,0.6875,y,0.4375,0.04,0.005699653674954921,-0.034300346325045084,0.04,0.14200000000000002
2009,1.0,20dB_nominal_difference,imag,linear_a_exact_conversion,REJECTED_PHYSICAL,XY,z,-0.0625,x,-0.6875,y,0.5625,0.04,0.0656912507352357,0.025691250735235698,0.04,0.14200000000000002
2009,1.0,20dB_nominal_difference,imag,linear_a_exact_conversion,REJECTED_PHYSICAL,XY,z,-0.0625,x,-0.5625,y,0.5625,0.04,0.05869365995011475,0.018693659950114752,0.04,0.14200000000000002
2009,1.0,20dB_nominal_difference,imag,linear_a_exact_conversion,REJECTED_PHYSICAL,XY,z,-0.0625,x,-0.4375,y,0.5625,0.04,0.05553770255776828,0.015537702557768276,0.04,0.14200000000000002
2009,1.0,20dB_nominal_difference,imag,linear_a_exact_conversion,REJECTED_PHYSICAL,XY,z,-0.0625,x,-0.3125,y,0.5625,0.04,0.055176149524705016,0.015176149524705015,0.04,0.14200000000000002
2009,1.0,20dB_nominal_difference,imag,linear_a_exact_conversion,REJECTED_PHYSICAL,XY,z,-0.0625,x,-0.1875,y,0.5625,0.04,0.0583698782441662,0.0183698782441662,0.04,0.14200000000000002
2009,1.0,20dB_nominal_difference,imag,linear_a_exact_conversion,REJECTED_PHYSICAL,XY,z,-0.0625,x,-0.0625,y,0.5625,0.04,0.0646201475766934,0.024620147576693403,0.04,0.14200000000000002
2009,1.0,20dB_nominal_difference,imag,linear_a_exact_conversion,REJECTED_PHYSICAL,XY,z,-0.0625,x,0.0625,y,0.5625,0.04,0.07170476235142498,0.03170476235142498,0.04,0.14200000000000002
2009,1.0,20dB_nominal_difference,imag,linear_a_exact_conversion,REJECTED_PHYSICAL,XY,z,-0.0625,x,0.1875,y,0.5625,0.04,0.07592427308676185,0.03592427308676185,0.04,0.14200000000000002
2009,1.0,20dB_nominal_difference,imag,linear_a_exact_conversion,REJECTED_PHYSICAL,XY,z,-0.0625,x,0.3125,y,0.5625,0.04,0.07285055275890469,0.03285055275890469,0.04,0.14200000000000002
2009,1.0,20dB_nominal_difference,imag,linear_a_exact_conversion,REJECTED_PHYSICAL,XY,z,-0.0625,x,0.4375,y,0.5625,0.04,0.05811957929015212,0.01811957929015212,0.04,0.14200000000000002
2009,1.0,20dB_nominal_difference,imag,linear_a_exact_conversion,REJECTED_PHYSICAL,XY,z,-0.0625,x,0.5625,y,0.5625,0.04,0.027448318136368197,-0.012551681863631804,0.04,0.14200000000000002
2009,1.0,20dB_nominal_difference,imag,linear_a_exact_conversion,REJECTED_PHYSICAL,XY,z,-0.0625,x,0.6875,y,0.5625,0.04,-0.03031767172405491,-0.07031767172405491,0.04,0.14200000000000002
2009,1.0,20dB_nominal_difference,imag,linear_a_exact_conversion,REJECTED_PHYSICAL,XY,z,-0.0625,x,-0.6875,y,0.6875,0.04,0.060853724498951864,0.020853724498951863,0.04,0.14200000000000002
2009,1.0,20dB_nominal_difference,imag,linear_a_exact_conversion,REJECTED_PHYSICAL,XY,z,-0.0625,x,-0.5625,y,0.6875,0.04,0.05236482211927669,0.01236482211927669,0.04,0.14200000000000002
2009,1.0,20dB_nominal_difference,imag,linear_a_exact_conversion,REJECTED_PHYSICAL,XY,z,-0.0625,x,-0.4375,y,0.6875,0.04,0.04414396842633109,0.004143968426331086,0.04,0.14200000000000002
2009,1.0,20dB_nominal_difference,imag,linear_a_exact_conversion,REJECTED_PHYSICAL,XY,z,-0.0625,x,-0.3125,y,0.6875,0.04,0.03485304072374433,-0.005146959276255671,0.04,0.14200000000000002
2009,1.0,20dB_nominal_difference,imag,linear_a_exact_conversion,REJECTED_PHYSICAL,XY,z,-0.0625,x,-0.1875,y,0.6875,0.04,0.027100529989612387,-0.012899470010387614,0.04,0.14200000000000002
2009,1.0,20dB_nominal_difference,imag,linear_a_exact_conversion,REJECTED_PHYSICAL,XY,z,-0.0625,x,-0.0625,y,0.6875,0.04,0.02231732538308494,-0.01768267461691506,0.04,0.14200000000000002
2009,1.0,20dB_nominal_difference,imag,linear_a_exact_conversion,REJECTED_PHYSICAL,XY,z,-0.0625,x,0.0625,y,0.6875,0.04,0.02022303567960927,-0.019776964320390732,0.04,0.14200000000000002
2009,1.0,20dB_nominal_difference,imag,linear_a_exact_conversion,REJECTED_PHYSICAL,XY,z,-0.0625,x,0.1875,y,0.6875,0.04,0.01891372551045424,-0.02108627448954576,0.04,0.14200000000000002
2009,1.0,20dB_nominal_difference,imag,linear_a_exact_conversion,REJECTED_PHYSICAL,XY,z,-0.0625,x,0.3125,y,0.6875,0.04,0.015402099199772413,-0.024597900800227588,0.04,0.14200000000000002
2009,1.0,20dB_nominal_difference,imag,linear_a_exact_conversion,REJECTED_PHYSICAL,XY,z,-0.0625,x,0.4375,y,0.6875,0.04,0.006453276725565627,-0.03354672327443437,0.04,0.14200000000000002
2009,1.0,20dB_nominal_difference,imag,linear_a_exact_conversion,REJECTED_PHYSICAL,XY,z,-0.0625,x,0.5625,y,0.6875,0.04,-0.010919704394982,-0.050919704394982,0.04,0.14200000000000002
2009,1.0,20dB_nominal_difference,imag,linear_a_exact_conversion,REJECTED_PHYSICAL,XY,z,-0.0625,x,0.6875,y,0.6875,0.04,-0.04954581358321088,-0.08954581358321088,0.04,0.14200000000000002
2009,1.0,20dB_nominal_difference,imag,linear_a_exact_conversion,REJECTED_PHYSICAL,XZ,y,-0.0625,x,-0.6875,z,-0.6875,0.04,0.05218971765254176,0.01218971765254176,0.04,0.14200000000000002
2009,1.0,20dB_nominal_difference,imag,linear_a_exact_conversion,REJECTED_PHYSICAL,XZ,y,-0.0625,x,-0.5625,z,-0.6875,0.04,0.02548597187475605,-0.014514028125243952,0.04,0.14200000000000002
2009,1.0,20dB_nominal_difference,imag,linear_a_exact_conversion,REJECTED_PHYSICAL,XZ,y,-0.0625,x,-0.4375,z,-0.6875,0.04,0.007588253648577599,-0.0324117463514224,0.04,0.14200000000000002
2009,1.0,20dB_nominal_difference,imag,linear_a_exact_conversion,REJECTED_PHYSICAL,XZ,y,-0.0625,x,-0.3125,z,-0.6875,0.04,-0.0009222181348024725,-0.04092221813480247,0.04,0.14200000000000002
2009,1.0,20dB_nominal_difference,imag,linear_a_exact_conversion,REJECTED_PHYSICAL,XZ,y,-0.0625,x,-0.1875,z,-0.6875,0.04,-0.00019099194626206334,-0.040190991946262064,0.04,0.14200000000000002
2009,1.0,20dB_nominal_difference,imag,linear_a_exact_conversion,REJECTED_PHYSICAL,XZ,y,-0.0625,x,-0.0625,z,-0.6875,0.04,0.007246532096127576,-0.03275346790387242,0.04,0.14200000000000002
2009,1.0,20dB_nominal_difference,imag,linear_a_exact_conversion,REJECTED_PHYSICAL,XZ,y,-0.0625,x,0.0625,z,-0.6875,0.04,0.017005908080458515,-0.022994091919541486,0.04,0.14200000000000002
2009,1.0,20dB_nominal_difference,imag,linear_a_exact_conversion,REJECTED_PHYSICAL,XZ,y,-0.0625,x,0.1875,z,-0.6875,0.04,0.023983891473248024,-0.016016108526751976,0.04,0.14200000000000002
2009,1.0,20dB_nominal_difference,imag,linear_a_exact_conversion,REJECTED_PHYSICAL,XZ,y,-0.0625,x,0.3125,z,-0.6875,0.04,0.023757502574219887,-0.016242497425780114,0.04,0.14200000000000002
2009,1.0,20dB_nominal_difference,imag,linear_a_exact_conversion,REJECTED_PHYSICAL,XZ,y,-0.0625,x,0.4375,z,-0.6875,0.04,0.013707850375034325,-0.026292149624965677,0.04,0.14200000000000002
2009,1.0,20dB_nominal_difference,imag,linear_a_exact_conversion,REJECTED_PHYSICAL,XZ,y,-0.0625,x,0.5625,z,-0.6875,0.04,-0.0067122201885000425,-0.04671222018850004,0.04,0.14200000000000002
2009,1.0,20dB_nominal_difference,imag,linear_a_exact_conversion,REJECTED_PHYSICAL,XZ,y,-0.0625,x,0.6875,z,-0.6875,0.04,-0.04653315453892325,-0.08653315453892325,0.04,0.14200000000000002
2009,1.0,20dB_nominal_difference,imag,linear_a_exact_conversion,REJECTED_PHYSICAL,XZ,y,-0.0625,x,-0.6875,z,-0.5625,0.04,0.044656148846274335,0.004656148846274334,0.04,0.14200000000000002
2009,1.0,20dB_nominal_difference,imag,linear_a_exact_conversion,REJECTED_PHYSICAL,XZ,y,-0.0625,x,-0.5625,z,-0.5625,0.04,0.020535319215670825,-0.019464680784329176,0.04,0.14200000000000002
2009,1.0,20dB_nominal_difference,imag,linear_a_exact_conversion,REJECTED_PHYSICAL,XZ,y,-0.0625,x,-0.4375,z,-0.5625,0.04,0.012469203399181375,-0.027530796600818627,0.04,0.14200000000000002
2009,1.0,20dB_nominal_difference,imag,linear_a_exact_conversion,REJECTED_PHYSICAL,XZ,y,-0.0625,x,-0.3125,z,-0.5625,0.04,0.018999973570655585,-0.021000026429344416,0.04,0.14200000000000002
2009,1.0,20dB_nominal_difference,imag,linear_a_exact_conversion,REJECTED_PHYSICAL,XZ,y,-0.0625,x,-0.1875,z,-0.5625,0.04,0.03816291187184004,-0.0018370881281599624,0.04,0.14200000000000002
2009,1.0,20dB_nominal_difference,imag,linear_a_exact_conversion,REJECTED_PHYSICAL,XZ,y,-0.0625,x,-0.0625,z,-0.5625,0.04,0.06512894724038767,0.025128947240387674,0.04,0.14200000000000002
2009,1.0,20dB_nominal_difference,imag,linear_a_exact_conversion,REJECTED_PHYSICAL,XZ,y,-0.0625,x,0.0625,z,-0.5625,0.04,0.09267063743390982,0.052670637433909824,0.04,0.14200000000000002
2009,1.0,20dB_nominal_difference,imag,linear_a_exact_conversion,REJECTED_PHYSICAL,XZ,y,-0.0625,x,0.1875,z,-0.5625,0.04,0.11286631482153767,0.07286631482153766,0.04,0.14200000000000002
2009,1.0,20dB_nominal_difference,imag,linear_a_exact_conversion,REJECTED_PHYSICAL,XZ,y,-0.0625,x,0.3125,z,-0.5625,0.04,0.11912301940487416,0.07912301940487415,0.04,0.14200000000000002
2009,1.0,20dB_nominal_difference,imag,linear_a_exact_conversion,REJECTED_PHYSICAL,XZ,y,-0.0625,x,0.4375,z,-0.5625,0.04,0.1074314411276005,0.0674314411276005,0.04,0.14200000000000002
2009,1.0,20dB_nominal_difference,imag,linear_a_exact_conversion,REJECTED_PHYSICAL,XZ,y,-0.0625,x,0.5625,z,-0.5625,0.04,0.07608145304230848,0.03608145304230848,0.04,0.14200000000000002
2009,1.0,20dB_nominal_difference,imag,linear_a_exact_conversion,REJECTED_PHYSICAL,XZ,y,-0.0625,x,0.6875,z,-0.5625,0.04,0.014912597371641745,-0.025087402628358256,0.04,0.14200000000000002
2009,1.0,20dB_nominal_difference,imag,linear_a_exact_conversion,REJECTED_PHYSICAL,XZ,y,-0.0625,x,-0.6875,z,-0.4375,0.04,0.03578397242885312,-0.004216027571146884,0.04,0.14200000000000002
2009,1.0,20dB_nominal_difference,imag,linear_a_exact_conversion,REJECTED_PHYSICAL,XZ,y,-0.0625,x,-0.5625,z,-0.4375,0.04,0.013239168828971772,-0.02676083117102823,0.04,0.14200000000000002
2009,1.0,20dB_nominal_difference,imag,linear_a_exact_conversion,REJECTED_PHYSICAL,XZ,y,-0.0625,x,-0.4375,z,-0.4375,0.04,0.01120644737264041,-0.02879355262735959,0.04,0.14200000000000002
2009,1.0,20dB_nominal_difference,imag,linear_a_exact_conversion,REJECTED_PHYSICAL,XZ,y,-0.0625,x,-0.3125,z,-0.4375,0.04,0.02887503607576123,-0.01112496392423877,0.04,0.14200000000000002
2009,1.0,20dB_nominal_difference,imag,linear_a_exact_conversion,REJECTED_PHYSICAL,XZ,y,-0.0625,x,-0.1875,z,-0.4375,0.04,0.06327656657223613,0.023276566572236125,0.04,0.14200000000000002
2009,1.0,20dB_nominal_difference,imag,linear_a_exact_conversion,REJECTED_PHYSICAL,XZ,y,-0.0625,x,-0.0625,z,-0.4375,0.04,0.10724537059923311,0.0672453705992331,0.04,0.14200000000000002
2009,1.0,20dB_nominal_difference,imag,linear_a_exact_conversion,REJECTED_PHYSICAL,XZ,y,-0.0625,x,0.0625,z,-0.4375,0.04,0.15036429536620724,0.11036429536620723,0.04,0.14200000000000002
2009,1.0,20dB_nominal_difference,imag,linear_a_exact_conversion,REJECTED_PHYSICAL,XZ,y,-0.0625,x,0.1875,z,-0.4375,0.04,0.1816018653497296,0.1416018653497296,0.04,0.14200000000000002
2009,1.0,20dB_nominal_difference,imag,linear_a_exact_conversion,REJECTED_PHYSICAL,XZ,y,-0.0625,x,0.3125,z,-0.4375,0.04,0.19229395363396942,0.15229395363396941,0.04,0.14200000000000002
2009,1.0,20dB_nominal_difference,imag,linear_a_exact_conversion,REJECTED_PHYSICAL,XZ,y,-0.0625,x,0.4375,z,-0.4375,0.04,0.17786546342652967,0.13786546342652967,0.04,0.14200000000000002
2009,1.0,20dB_nominal_difference,imag,linear_a_exact_conversion,REJECTED_PHYSICAL,XZ,y,-0.0625,x,0.5625,z,-0.4375,0.04,0.1377352113214402,0.0977352113214402,0.04,0.14200000000000002
2009,1.0,20dB_nominal_difference,imag,linear_a_exact_conversion,REJECTED_PHYSICAL,XZ,y,-0.0625,x,0.6875,z,-0.4375,0.04,0.06421702896094057,0.02421702896094057,0.04,0.14200000000000002
2009,1.0,20dB_nominal_difference,imag,linear_a_exact_conversion,REJECTED_PHYSICAL,XZ,y,-0.0625,x,-0.6875,z,-0.3125,0.04,0.031952144115323884,-0.008047855884676117,0.04,0.14200000000000002
2009,1.0,20dB_nominal_difference,imag,linear_a_exact_conversion,REJECTED_PHYSICAL,XZ,y,-0.0625,x,-0.5625,z,-0.3125,0.04,0.005833885838904974,-0.034166114161095024,0.04,0.14200000000000002
2009,1.0,20dB_nominal_difference,imag,linear_a_exact_conversion,REJECTED_PHYSICAL,XZ,y,-0.0625,x,-0.4375,z,-0.3125,0.04,0.004262287923053094,-0.035737712076946905,0.04,0.14200000000000002
2009,1.0,20dB_nominal_difference,imag,linear_a_exact_conversion,REJECTED_PHYSICAL,XZ,y,-0.0625,x,-0.3125,z,-0.3125,0.04,0.026908861933756415,-0.013091138066243586,0.04,0.14200000000000002
2009,1.0,20dB_nominal_difference,imag,linear_a_exact_conversion,REJECTED_PHYSICAL,XZ,y,-0.0625,x,-0.1875,z,-0.3125,0.093,0.07075164872215742,-0.022248351277842582,0.04,0.14200000000000002
2009,1.0,20dB_nominal_difference,imag,linear_a_exact_conversion,REJECTED_PHYSICAL,XZ,y,-0.0625,x,-0.0625,z,-0.3125,0.093,0.1269105299874221,0.03391052998742211,0.04,0.14200000000000002
2009,1.0,20dB_nominal_difference,imag,linear_a_exact_conversion,REJECTED_PHYSICAL,XZ,y,-0.0625,x,0.0625,z,-0.3125,0.093,0.18204751795144816,0.08904751795144816,0.04,0.14200000000000002
2009,1.0,20dB_nominal_difference,imag,linear_a_exact_conversion,REJECTED_PHYSICAL,XZ,y,-0.0625,x,0.1875,z,-0.3125,0.093,0.22211097032076466,0.12911097032076466,0.04,0.14200000000000002
2009,1.0,20dB_nominal_difference,imag,linear_a_exact_conversion,REJECTED_PHYSICAL,XZ,y,-0.0625,x,0.3125,z,-0.3125,0.04,0.2365066180755908,0.1965066180755908,0.04,0.14200000000000002
2009,1.0,20dB_nominal_difference,imag,linear_a_exact_conversion,REJECTED_PHYSICAL,XZ,y,-0.0625,x,0.4375,z,-0.3125,0.04,0.22039874465131704,0.18039874465131703,0.04,0.14200000000000002
2009,1.0,20dB_nominal_difference,imag,linear_a_exact_conversion,REJECTED_PHYSICAL,XZ,y,-0.0625,x,0.5625,z,-0.3125,0.04,0.17446646263101034,0.13446646263101034,0.04,0.14200000000000002
2009,1.0,20dB_nominal_difference,imag,linear_a_exact_conversion,REJECTED_PHYSICAL,XZ,y,-0.0625,x,0.6875,z,-0.3125,0.04,0.09277213095154577,0.052772130951545766,0.04,0.14200000000000002
2009,1.0,20dB_nominal_difference,imag,linear_a_exact_conversion,REJECTED_PHYSICAL,XZ,y,-0.0625,x,-0.6875,z,-0.1875,0.04,0.03632276823742305,-0.003677231762576949,0.04,0.14200000000000002
2009,1.0,20dB_nominal_difference,imag,linear_a_exact_conversion,REJECTED_PHYSICAL,XZ,y,-0.0625,x,-0.5625,z,-0.1875,0.04,0.0014401428015662846,-0.03855985719843372,0.04,0.14200000000000002
2009,1.0,20dB_nominal_difference,imag,linear_a_exact_conversion,REJECTED_PHYSICAL,XZ,y,-0.0625,x,-0.4375,z,-0.1875,0.04,-0.0053683102542052795,-0.04536831025420528,0.04,0.14200000000000002
2009,1.0,20dB_nominal_difference,imag,linear_a_exact_conversion,REJECTED_PHYSICAL,XZ,y,-0.0625,x,-0.3125,z,-0.1875,0.093,0.01552045957403575,-0.07747954042596425,0.04,0.14200000000000002
2009,1.0,20dB_nominal_difference,imag,linear_a_exact_conversion,REJECTED_PHYSICAL,XZ,y,-0.0625,x,-0.1875,z,-0.1875,0.093,0.06169948566714019,-0.03130051433285981,0.04,0.14200000000000002
2009,1.0,20dB_nominal_difference,imag,linear_a_exact_conversion,REJECTED_PHYSICAL,XZ,y,-0.0625,x,-0.0625,z,-0.1875,0.11750000000000002,0.12353534591498623,0.006035345914986209,0.04,0.14200000000000002
2009,1.0,20dB_nominal_difference,imag,linear_a_exact_conversion,REJECTED_PHYSICAL,XZ,y,-0.0625,x,0.0625,z,-0.1875,0.11750000000000002,0.18568948737114005,0.06818948737114003,0.04,0.14200000000000002
2009,1.0,20dB_nominal_difference,imag,linear_a_exact_conversion,REJECTED_PHYSICAL,XZ,y,-0.0625,x,0.1875,z,-0.1875,0.11750000000000002,0.23174584610759505,0.11424584610759503,0.04,0.14200000000000002
2009,1.0,20dB_nominal_difference,imag,linear_a_exact_conversion,REJECTED_PHYSICAL,XZ,y,-0.0625,x,0.3125,z,-0.1875,0.11750000000000002,0.24947526957151162,0.1319752695715116,0.04,0.14200000000000002
2009,1.0,20dB_nominal_difference,imag,linear_a_exact_conversion,REJECTED_PHYSICAL,XZ,y,-0.0625,x,0.4375,z,-0.1875,0.04,0.23368931888445493,0.19368931888445493,0.04,0.14200000000000002
2009,1.0,20dB_nominal_difference,imag,linear_a_exact_conversion,REJECTED_PHYSICAL,XZ,y,-0.0625,x,0.5625,z,-0.1875,0.04,0.1857783772789855,0.1457783772789855,0.04,0.14200000000000002
2009,1.0,20dB_nominal_difference,imag,linear_a_exact_conversion,REJECTED_PHYSICAL,XZ,y,-0.0625,x,0.6875,z,-0.1875,0.04,0.10175516147788011,0.061755161477880106,0.04,0.14200000000000002
2009,1.0,20dB_nominal_difference,imag,linear_a_exact_conversion,REJECTED_PHYSICAL,XZ,y,-0.0625,x,-0.6875,z,-0.0625,0.04,0.048592223915611396,0.008592223915611395,0.04,0.14200000000000002
2009,1.0,20dB_nominal_difference,imag,linear_a_exact_conversion,REJECTED_PHYSICAL,XZ,y,-0.0625,x,-0.5625,z,-0.0625,0.04,0.0014607411048650598,-0.03853925889513494,0.04,0.14200000000000002
2009,1.0,20dB_nominal_difference,imag,linear_a_exact_conversion,REJECTED_PHYSICAL,XZ,y,-0.0625,x,-0.4375,z,-0.0625,0.04,-0.014803759550462727,-0.054803759550462725,0.04,0.14200000000000002
2009,1.0,20dB_nominal_difference,imag,linear_a_exact_conversion,REJECTED_PHYSICAL,XZ,y,-0.0625,x,-0.3125,z,-0.0625,0.093,-0.0012500070596178988,-0.0942500070596179,0.04,0.14200000000000002
2009,1.0,20dB_nominal_difference,imag,linear_a_exact_conversion,REJECTED_PHYSICAL,XZ,y,-0.0625,x,-0.1875,z,-0.0625,0.11750000000000002,0.040590964391601,-0.07690903560839901,0.04,0.14200000000000002
2009,1.0,20dB_nominal_difference,imag,linear_a_exact_conversion,REJECTED_PHYSICAL,XZ,y,-0.0625,x,-0.0625,z,-0.0625,0.11750000000000002,0.10125139558976892,-0.0162486044102311,0.04,0.14200000000000002
2009,1.0,20dB_nominal_difference,imag,linear_a_exact_conversion,REJECTED_PHYSICAL,XZ,y,-0.0625,x,0.0625,z,-0.0625,0.14200000000000002,0.16471962006529073,0.022719620065290713,0.04,0.14200000000000002
2009,1.0,20dB_nominal_difference,imag,linear_a_exact_conversion,REJECTED_PHYSICAL,XZ,y,-0.0625,x,0.1875,z,-0.0625,0.14200000000000002,0.213426840618327,0.07142684061832699,0.04,0.14200000000000002
2009,1.0,20dB_nominal_difference,imag,linear_a_exact_conversion,REJECTED_PHYSICAL,XZ,y,-0.0625,x,0.3125,z,-0.0625,0.14200000000000002,0.2341185590420291,0.09211855904202909,0.04,0.14200000000000002
2009,1.0,20dB_nominal_difference,imag,linear_a_exact_conversion,REJECTED_PHYSICAL,XZ,y,-0.0625,x,0.4375,z,-0.0625,0.093,0.22110267978215048,0.12810267978215048,0.04,0.14200000000000002
2009,1.0,20dB_nominal_difference,imag,linear_a_exact_conversion,REJECTED_PHYSICAL,XZ,y,-0.0625,x,0.5625,z,-0.0625,0.04,0.17576350165760787,0.13576350165760787,0.04,0.14200000000000002
2009,1.0,20dB_nominal_difference,imag,linear_a_exact_conversion,REJECTED_PHYSICAL,XZ,y,-0.0625,x,0.6875,z,-0.0625,0.04,0.09622924326408021,0.05622924326408021,0.04,0.14200000000000002
2009,1.0,20dB_nominal_difference,imag,linear_a_exact_conversion,REJECTED_PHYSICAL,XZ,y,-0.0625,x,-0.6875,z,0.0625,0.04,0.06554397557274082,0.025543975572740817,0.04,0.14200000000000002
2009,1.0,20dB_nominal_difference,imag,linear_a_exact_conversion,REJECTED_PHYSICAL,XZ,y,-0.0625,x,-0.5625,z,0.0625,0.04,0.005176170962667038,-0.034823829037332964,0.04,0.14200000000000002
2009,1.0,20dB_nominal_difference,imag,linear_a_exact_conversion,REJECTED_PHYSICAL,XZ,y,-0.0625,x,-0.4375,z,0.0625,0.04,-0.022142975517589918,-0.06214297551758992,0.04,0.14200000000000002
2009,1.0,20dB_nominal_difference,imag,linear_a_exact_conversion,REJECTED_PHYSICAL,XZ,y,-0.0625,x,-0.3125,z,0.0625,0.093,-0.018793667199383086,-0.11179366719938308,0.04,0.14200000000000002
2009,1.0,20dB_nominal_difference,imag,linear_a_exact_conversion,REJECTED_PHYSICAL,XZ,y,-0.0625,x,-0.1875,z,0.0625,0.11750000000000002,0.014312386381269538,-0.10318761361873048,0.04,0.14200000000000002
2009,1.0,20dB_nominal_difference,imag,linear_a_exact_conversion,REJECTED_PHYSICAL,XZ,y,-0.0625,x,-0.0625,z,0.0625,0.14200000000000002,0.06837247473679839,-0.07362752526320163,0.04,0.14200000000000002
2009,1.0,20dB_nominal_difference,imag,linear_a_exact_conversion,REJECTED_PHYSICAL,XZ,y,-0.0625,x,0.0625,z,0.0625,0.14200000000000002,0.12796427832073987,-0.014035721679260149,0.04,0.14200000000000002
2009,1.0,20dB_nominal_difference,imag,linear_a_exact_conversion,REJECTED_PHYSICAL,XZ,y,-0.0625,x,0.1875,z,0.0625,0.14200000000000002,0.17584172293157505,0.03384172293157503,0.04,0.14200000000000002
2009,1.0,20dB_nominal_difference,imag,linear_a_exact_conversion,REJECTED_PHYSICAL,XZ,y,-0.0625,x,0.3125,z,0.0625,0.14200000000000002,0.19868152243334794,0.056681522433347925,0.04,0.14200000000000002
2009,1.0,20dB_nominal_difference,imag,linear_a_exact_conversion,REJECTED_PHYSICAL,XZ,y,-0.0625,x,0.4375,z,0.0625,0.093,0.19036403432318066,0.09736403432318066,0.04,0.14200000000000002
2009,1.0,20dB_nominal_difference,imag,linear_a_exact_conversion,REJECTED_PHYSICAL,XZ,y,-0.0625,x,0.5625,z,0.0625,0.04,0.1516351668194972,0.1116351668194972,0.04,0.14200000000000002
2009,1.0,20dB_nominal_difference,imag,linear_a_exact_conversion,REJECTED_PHYSICAL,XZ,y,-0.0625,x,0.6875,z,0.0625,0.04,0.0824870357533369,0.04248703575333689,0.04,0.14200000000000002
2009,1.0,20dB_nominal_difference,imag,linear_a_exact_conversion,REJECTED_PHYSICAL,XZ,y,-0.0625,x,-0.6875,z,0.1875,0.04,0.08226119192717544,0.042261191927175444,0.04,0.14200000000000002
2009,1.0,20dB_nominal_difference,imag,linear_a_exact_conversion,REJECTED_PHYSICAL,XZ,y,-0.0625,x,-0.5625,z,0.1875,0.04,0.010355651548007957,-0.029644348451992042,0.04,0.14200000000000002
2009,1.0,20dB_nominal_difference,imag,linear_a_exact_conversion,REJECTED_PHYSICAL,XZ,y,-0.0625,x,-0.4375,z,0.1875,0.04,-0.026578175753997,-0.066578175753997,0.04,0.14200000000000002
2009,1.0,20dB_nominal_difference,imag,linear_a_exact_conversion,REJECTED_PHYSICAL,XZ,y,-0.0625,x,-0.3125,z,0.1875,0.093,-0.03288150857430705,-0.12588150857430705,0.04,0.14200000000000002
2009,1.0,20dB_nominal_difference,imag,linear_a_exact_conversion,REJECTED_PHYSICAL,XZ,y,-0.0625,x,-0.1875,z,0.1875,0.093,-0.009588293337570367,-0.10258829333757037,0.04,0.14200000000000002
2009,1.0,20dB_nominal_difference,imag,linear_a_exact_conversion,REJECTED_PHYSICAL,XZ,y,-0.0625,x,-0.0625,z,0.1875,0.11750000000000002,0.035105945024255285,-0.08239405497574473,0.04,0.14200000000000002
2009,1.0,20dB_nominal_difference,imag,linear_a_exact_conversion,REJECTED_PHYSICAL,XZ,y,-0.0625,x,0.0625,z,0.1875,0.14200000000000002,0.08718668348938595,-0.054813316510614066,0.04,0.14200000000000002
2009,1.0,20dB_nominal_difference,imag,linear_a_exact_conversion,REJECTED_PHYSICAL,XZ,y,-0.0625,x,0.1875,z,0.1875,0.14200000000000002,0.13104824850181712,-0.010951751498182893,0.04,0.14200000000000002
2009,1.0,20dB_nominal_difference,imag,linear_a_exact_conversion,REJECTED_PHYSICAL,XZ,y,-0.0625,x,0.3125,z,0.1875,0.11750000000000002,0.1544294612945793,0.036929461294579274,0.04,0.14200000000000002
2009,1.0,20dB_nominal_difference,imag,linear_a_exact_conversion,REJECTED_PHYSICAL,XZ,y,-0.0625,x,0.4375,z,0.1875,0.04,0.15124578776177142,0.11124578776177141,0.04,0.14200000000000002
2009,1.0,20dB_nominal_difference,imag,linear_a_exact_conversion,REJECTED_PHYSICAL,XZ,y,-0.0625,x,0.5625,z,0.1875,0.04,0.12136667456458307,0.08136667456458307,0.04,0.14200000000000002
2009,1.0,20dB_nominal_difference,imag,linear_a_exact_conversion,REJECTED_PHYSICAL,XZ,y,-0.0625,x,0.6875,z,0.1875,0.04,0.0660918228186735,0.026091822818673498,0.04,0.14200000000000002
2009,1.0,20dB_nominal_difference,imag,linear_a_exact_conversion,REJECTED_PHYSICAL,XZ,y,-0.0625,x,-0.6875,z,0.3125,0.04,0.09370232114968216,0.05370232114968216,0.04,0.14200000000000002
2009,1.0,20dB_nominal_difference,imag,linear_a_exact_conversion,REJECTED_PHYSICAL,XZ,y,-0.0625,x,-0.5625,z,0.3125,0.04,0.014483665525920739,-0.025516334474079264,0.04,0.14200000000000002
2009,1.0,20dB_nominal_difference,imag,linear_a_exact_conversion,REJECTED_PHYSICAL,XZ,y,-0.0625,x,-0.4375,z,0.3125,0.04,-0.027776427899080813,-0.06777642789908081,0.04,0.14200000000000002
2009,1.0,20dB_nominal_difference,imag,linear_a_exact_conversion,REJECTED_PHYSICAL,XZ,y,-0.0625,x,-0.3125,z,0.3125,0.04,-0.0400558378345667,-0.0800558378345667,0.04,0.14200000000000002
2009,1.0,20dB_nominal_difference,imag,linear_a_exact_conversion,REJECTED_PHYSICAL,XZ,y,-0.0625,x,-0.1875,z,0.3125,0.093,-0.02457102397246496,-0.11757102397246497,0.04,0.14200000000000002
2009,1.0,20dB_nominal_difference,imag,linear_a_exact_conversion,REJECTED_PHYSICAL,XZ,y,-0.0625,x,-0.0625,z,0.3125,0.093,0.010697248767462943,-0.08230275123253705,0.04,0.14200000000000002
2009,1.0,20dB_nominal_difference,imag,linear_a_exact_conversion,REJECTED_PHYSICAL,XZ,y,-0.0625,x,0.0625,z,0.3125,0.093,0.05350332997061103,-0.03949667002938897,0.04,0.14200000000000002
2009,1.0,20dB_nominal_difference,imag,linear_a_exact_conversion,REJECTED_PHYSICAL,XZ,y,-0.0625,x,0.1875,z,0.3125,0.093,0.0907688875531379,-0.0022311124468620963,0.04,0.14200000000000002
2009,1.0,20dB_nominal_difference,imag,linear_a_exact_conversion,REJECTED_PHYSICAL,XZ,y,-0.0625,x,0.3125,z,0.3125,0.04,0.11230828308826035,0.07230828308826034,0.04,0.14200000000000002
2009,1.0,20dB_nominal_difference,imag,linear_a_exact_conversion,REJECTED_PHYSICAL,XZ,y,-0.0625,x,0.4375,z,0.3125,0.04,0.11285446042186296,0.07285446042186297,0.04,0.14200000000000002
2009,1.0,20dB_nominal_difference,imag,linear_a_exact_conversion,REJECTED_PHYSICAL,XZ,y,-0.0625,x,0.5625,z,0.3125,0.04,0.09175070039120738,0.051750700391207376,0.04,0.14200000000000002
2009,1.0,20dB_nominal_difference,imag,linear_a_exact_conversion,REJECTED_PHYSICAL,XZ,y,-0.0625,x,0.6875,z,0.3125,0.04,0.05104667399439059,0.01104667399439059,0.04,0.14200000000000002
2009,1.0,20dB_nominal_difference,imag,linear_a_exact_conversion,REJECTED_PHYSICAL,XZ,y,-0.0625,x,-0.6875,z,0.4375,0.04,0.09610971366289844,0.05610971366289844,0.04,0.14200000000000002
2009,1.0,20dB_nominal_difference,imag,linear_a_exact_conversion,REJECTED_PHYSICAL,XZ,y,-0.0625,x,-0.5625,z,0.4375,0.04,0.015969454678182515,-0.024030545321817486,0.04,0.14200000000000002
2009,1.0,20dB_nominal_difference,imag,linear_a_exact_conversion,REJECTED_PHYSICAL,XZ,y,-0.0625,x,-0.4375,z,0.4375,0.04,-0.024943273599721583,-0.06494327359972159,0.04,0.14200000000000002
2009,1.0,20dB_nominal_difference,imag,linear_a_exact_conversion,REJECTED_PHYSICAL,XZ,y,-0.0625,x,-0.3125,z,0.4375,0.04,-0.03746840980153308,-0.07746840980153308,0.04,0.14200000000000002
2009,1.0,20dB_nominal_difference,imag,linear_a_exact_conversion,REJECTED_PHYSICAL,XZ,y,-0.0625,x,-0.1875,z,0.4375,0.04,-0.026017309872877335,-0.06601730987287734,0.04,0.14200000000000002
2009,1.0,20dB_nominal_difference,imag,linear_a_exact_conversion,REJECTED_PHYSICAL,XZ,y,-0.0625,x,-0.0625,z,0.4375,0.04,0.001454696218014526,-0.03854530378198547,0.04,0.14200000000000002
2009,1.0,20dB_nominal_difference,imag,linear_a_exact_conversion,REJECTED_PHYSICAL,XZ,y,-0.0625,x,0.0625,z,0.4375,0.04,0.0346748815089312,-0.0053251184910688,0.04,0.14200000000000002
2009,1.0,20dB_nominal_difference,imag,linear_a_exact_conversion,REJECTED_PHYSICAL,XZ,y,-0.0625,x,0.1875,z,0.4375,0.04,0.06351866594827345,0.023518665948273447,0.04,0.14200000000000002
2009,1.0,20dB_nominal_difference,imag,linear_a_exact_conversion,REJECTED_PHYSICAL,XZ,y,-0.0625,x,0.3125,z,0.4375,0.04,0.08049188290311211,0.04049188290311211,0.04,0.14200000000000002
2009,1.0,20dB_nominal_difference,imag,linear_a_exact_conversion,REJECTED_PHYSICAL,XZ,y,-0.0625,x,0.4375,z,0.4375,0.04,0.08193865008323935,0.04193865008323935,0.04,0.14200000000000002
2009,1.0,20dB_nominal_difference,imag,linear_a_exact_conversion,REJECTED_PHYSICAL,XZ,y,-0.0625,x,0.5625,z,0.4375,0.04,0.06757484456825444,0.027574844568254438,0.04,0.14200000000000002
2009,1.0,20dB_nominal_difference,imag,linear_a_exact_conversion,REJECTED_PHYSICAL,XZ,y,-0.0625,x,0.6875,z,0.4375,0.04,0.04006578402991681,6.578402991681137e-05,0.04,0.14200000000000002
2009,1.0,20dB_nominal_difference,imag,linear_a_exact_conversion,REJECTED_PHYSICAL,XZ,y,-0.0625,x,-0.6875,z,0.5625,0.04,0.08690971892766886,0.046909718927668854,0.04,0.14200000000000002
2009,1.0,20dB_nominal_difference,imag,linear_a_exact_conversion,REJECTED_PHYSICAL,XZ,y,-0.0625,x,-0.5625,z,0.5625,0.04,0.014847996788582509,-0.025152003211417494,0.04,0.14200000000000002
2009,1.0,20dB_nominal_difference,imag,linear_a_exact_conversion,REJECTED_PHYSICAL,XZ,y,-0.0625,x,-0.4375,z,0.5625,0.04,-0.01583577967606897,-0.05583577967606897,0.04,0.14200000000000002
2009,1.0,20dB_nominal_difference,imag,linear_a_exact_conversion,REJECTED_PHYSICAL,XZ,y,-0.0625,x,-0.3125,z,0.5625,0.04,-0.02245988351011681,-0.06245988351011681,0.04,0.14200000000000002
2009,1.0,20dB_nominal_difference,imag,linear_a_exact_conversion,REJECTED_PHYSICAL,XZ,y,-0.0625,x,-0.1875,z,0.5625,0.04,-0.011346211072836773,-0.051346211072836774,0.04,0.14200000000000002
2009,1.0,20dB_nominal_difference,imag,linear_a_exact_conversion,REJECTED_PHYSICAL,XZ,y,-0.0625,x,-0.0625,z,0.5625,0.04,0.010237027841943106,-0.029762972158056893,0.04,0.14200000000000002
2009,1.0,20dB_nominal_difference,imag,linear_a_exact_conversion,REJECTED_PHYSICAL,XZ,y,-0.0625,x,0.0625,z,0.5625,0.04,0.034296251991072856,-0.005703748008927145,0.04,0.14200000000000002
2009,1.0,20dB_nominal_difference,imag,linear_a_exact_conversion,REJECTED_PHYSICAL,XZ,y,-0.0625,x,0.1875,z,0.5625,0.04,0.053703259008545834,0.013703259008545833,0.04,0.14200000000000002
2009,1.0,20dB_nominal_difference,imag,linear_a_exact_conversion,REJECTED_PHYSICAL,XZ,y,-0.0625,x,0.3125,z,0.5625,0.04,0.06371273980434286,0.02371273980434286,0.04,0.14200000000000002
2009,1.0,20dB_nominal_difference,imag,linear_a_exact_conversion,REJECTED_PHYSICAL,XZ,y,-0.0625,x,0.4375,z,0.5625,0.04,0.0626343320238089,0.0226343320238089,0.04,0.14200000000000002
2009,1.0,20dB_nominal_difference,imag,linear_a_exact_conversion,REJECTED_PHYSICAL,XZ,y,-0.0625,x,0.5625,z,0.5625,0.04,0.0516144516870461,0.011614451687046098,0.04,0.14200000000000002
2009,1.0,20dB_nominal_difference,imag,linear_a_exact_conversion,REJECTED_PHYSICAL,XZ,y,-0.0625,x,0.6875,z,0.5625,0.04,0.03523854139368683,-0.0047614586063131695,0.04,0.14200000000000002
2009,1.0,20dB_nominal_difference,imag,linear_a_exact_conversion,REJECTED_PHYSICAL,XZ,y,-0.0625,x,-0.6875,z,0.6875,0.04,0.054588771965728734,0.014588771965728733,0.04,0.14200000000000002
2009,1.0,20dB_nominal_difference,imag,linear_a_exact_conversion,REJECTED_PHYSICAL,XZ,y,-0.0625,x,-0.5625,z,0.6875,0.04,0.01407063670020515,-0.025929363299794853,0.04,0.14200000000000002
2009,1.0,20dB_nominal_difference,imag,linear_a_exact_conversion,REJECTED_PHYSICAL,XZ,y,-0.0625,x,-0.4375,z,0.6875,0.04,0.00480225736061054,-0.03519774263938946,0.04,0.14200000000000002
2009,1.0,20dB_nominal_difference,imag,linear_a_exact_conversion,REJECTED_PHYSICAL,XZ,y,-0.0625,x,-0.3125,z,0.6875,0.04,0.008987625169978197,-0.031012374830021804,0.04,0.14200000000000002
2009,1.0,20dB_nominal_difference,imag,linear_a_exact_conversion,REJECTED_PHYSICAL,XZ,y,-0.0625,x,-0.1875,z,0.6875,0.04,0.02231445699240696,-0.017685543007593042,0.04,0.14200000000000002
2009,1.0,20dB_nominal_difference,imag,linear_a_exact_conversion,REJECTED_PHYSICAL,XZ,y,-0.0625,x,-0.0625,z,0.6875,0.04,0.039443686933957105,-0.0005563130660428961,0.04,0.14200000000000002
2009,1.0,20dB_nominal_difference,imag,linear_a_exact_conversion,REJECTED_PHYSICAL,XZ,y,-0.0625,x,0.0625,z,0.6875,0.04,0.054846742993196675,0.014846742993196674,0.04,0.14200000000000002
2009,1.0,20dB_nominal_difference,imag,linear_a_exact_conversion,REJECTED_PHYSICAL,XZ,y,-0.0625,x,0.1875,z,0.6875,0.04,0.06416111462171398,0.024161114621713976,0.04,0.14200000000000002
2009,1.0,20dB_nominal_difference,imag,linear_a_exact_conversion,REJECTED_PHYSICAL,XZ,y,-0.0625,x,0.3125,z,0.6875,0.04,0.06509352771967573,0.025093527719675733,0.04,0.14200000000000002
2009,1.0,20dB_nominal_difference,imag,linear_a_exact_conversion,REJECTED_PHYSICAL,XZ,y,-0.0625,x,0.4375,z,0.6875,0.04,0.05768651786777974,0.017686517867779736,0.04,0.14200000000000002
2009,1.0,20dB_nominal_difference,imag,linear_a_exact_conversion,REJECTED_PHYSICAL,XZ,y,-0.0625,x,0.5625,z,0.6875,0.04,0.044490127186896405,0.004490127186896405,0.04,0.14200000000000002
2009,1.0,20dB_nominal_difference,imag,linear_a_exact_conversion,REJECTED_PHYSICAL,XZ,y,-0.0625,x,0.6875,z,0.6875,0.04,0.03543644571843005,-0.004563554281569952,0.04,0.14200000000000002
2009,1.0,20dB_nominal_difference,imag,linear_a_exact_conversion,REJECTED_PHYSICAL,YZ,x,-0.0625,y,-0.6875,z,-0.6875,0.04,0.020086733114094677,-0.019913266885905324,0.04,0.14200000000000002
2009,1.0,20dB_nominal_difference,imag,linear_a_exact_conversion,REJECTED_PHYSICAL,YZ,x,-0.0625,y,-0.5625,z,-0.6875,0.04,0.012544570835141745,-0.027455429164858255,0.04,0.14200000000000002
2009,1.0,20dB_nominal_difference,imag,linear_a_exact_conversion,REJECTED_PHYSICAL,YZ,x,-0.0625,y,-0.4375,z,-0.6875,0.04,0.007975968531917316,-0.032024031468082685,0.04,0.14200000000000002
2009,1.0,20dB_nominal_difference,imag,linear_a_exact_conversion,REJECTED_PHYSICAL,YZ,x,-0.0625,y,-0.3125,z,-0.6875,0.04,0.006082214233183727,-0.033917785766816276,0.04,0.14200000000000002
2009,1.0,20dB_nominal_difference,imag,linear_a_exact_conversion,REJECTED_PHYSICAL,YZ,x,-0.0625,y,-0.1875,z,-0.6875,0.04,0.006103809571343964,-0.033896190428656034,0.04,0.14200000000000002
2009,1.0,20dB_nominal_difference,imag,linear_a_exact_conversion,REJECTED_PHYSICAL,YZ,x,-0.0625,y,-0.0625,z,-0.6875,0.04,0.007246532096127576,-0.03275346790387242,0.04,0.14200000000000002
2009,1.0,20dB_nominal_difference,imag,linear_a_exact_conversion,REJECTED_PHYSICAL,YZ,x,-0.0625,y,0.0625,z,-0.6875,0.04,0.008803157985014071,-0.03119684201498593,0.04,0.14200000000000002
2009,1.0,20dB_nominal_difference,imag,linear_a_exact_conversion,REJECTED_PHYSICAL,YZ,x,-0.0625,y,0.1875,z,-0.6875,0.04,0.010008844192347746,-0.029991155807652256,0.04,0.14200000000000002
2009,1.0,20dB_nominal_difference,imag,linear_a_exact_conversion,REJECTED_PHYSICAL,YZ,x,-0.0625,y,0.3125,z,-0.6875,0.04,0.009762907139475798,-0.0302370928605242,0.04,0.14200000000000002
2009,1.0,20dB_nominal_difference,imag,linear_a_exact_conversion,REJECTED_PHYSICAL,YZ,x,-0.0625,y,0.4375,z,-0.6875,0.04,0.00633285530535388,-0.03366714469464612,0.04,0.14200000000000002
2009,1.0,20dB_nominal_difference,imag,linear_a_exact_conversion,REJECTED_PHYSICAL,YZ,x,-0.0625,y,0.5625,z,-0.6875,0.04,-0.0028347873607954526,-0.042834787360795455,0.04,0.14200000000000002
2009,1.0,20dB_nominal_difference,imag,linear_a_exact_conversion,REJECTED_PHYSICAL,YZ,x,-0.0625,y,0.6875,z,-0.6875,0.04,-0.016552829330430275,-0.05655282933043028,0.04,0.14200000000000002
2009,1.0,20dB_nominal_difference,imag,linear_a_exact_conversion,REJECTED_PHYSICAL,YZ,x,-0.0625,y,-0.6875,z,-0.5625,0.04,0.04832577169837007,0.008325771698370066,0.04,0.14200000000000002
2009,1.0,20dB_nominal_difference,imag,linear_a_exact_conversion,REJECTED_PHYSICAL,YZ,x,-0.0625,y,-0.5625,z,-0.5625,0.04,0.046107905967626865,0.006107905967626864,0.04,0.14200000000000002
2009,1.0,20dB_nominal_difference,imag,linear_a_exact_conversion,REJECTED_PHYSICAL,YZ,x,-0.0625,y,-0.4375,z,-0.5625,0.04,0.048507084145086296,0.008507084145086295,0.04,0.14200000000000002
2009,1.0,20dB_nominal_difference,imag,linear_a_exact_conversion,REJECTED_PHYSICAL,YZ,x,-0.0625,y,-0.3125,z,-0.5625,0.04,0.05345418139727648,0.013454181397276478,0.04,0.14200000000000002
2009,1.0,20dB_nominal_difference,imag,linear_a_exact_conversion,REJECTED_PHYSICAL,YZ,x,-0.0625,y,-0.1875,z,-0.5625,0.04,0.0595392241738513,0.019539224173851302,0.04,0.14200000000000002
2009,1.0,20dB_nominal_difference,imag,linear_a_exact_conversion,REJECTED_PHYSICAL,YZ,x,-0.0625,y,-0.0625,z,-0.5625,0.04,0.06512894724038767,0.025128947240387674,0.04,0.14200000000000002
2009,1.0,20dB_nominal_difference,imag,linear_a_exact_conversion,REJECTED_PHYSICAL,YZ,x,-0.0625,y,0.0625,z,-0.5625,0.04,0.0686822869256063,0.028682286925606294,0.04,0.14200000000000002
2009,1.0,20dB_nominal_difference,imag,linear_a_exact_conversion,REJECTED_PHYSICAL,YZ,x,-0.0625,y,0.1875,z,-0.5625,0.04,0.06876611886722056,0.02876611886722056,0.04,0.14200000000000002
2009,1.0,20dB_nominal_difference,imag,linear_a_exact_conversion,REJECTED_PHYSICAL,YZ,x,-0.0625,y,0.3125,z,-0.5625,0.04,0.06390659903745267,0.023906599037452674,0.04,0.14200000000000002
2009,1.0,20dB_nominal_difference,imag,linear_a_exact_conversion,REJECTED_PHYSICAL,YZ,x,-0.0625,y,0.4375,z,-0.5625,0.04,0.05249708088035355,0.012497080880353548,0.04,0.14200000000000002
2009,1.0,20dB_nominal_difference,imag,linear_a_exact_conversion,REJECTED_PHYSICAL,YZ,x,-0.0625,y,0.5625,z,-0.5625,0.04,0.03310709199609243,-0.006892908003907572,0.04,0.14200000000000002
2009,1.0,20dB_nominal_difference,imag,linear_a_exact_conversion,REJECTED_PHYSICAL,YZ,x,-0.0625,y,0.6875,z,-0.5625,0.04,0.010272215896078393,-0.029727784103921608,0.04,0.14200000000000002
2009,1.0,20dB_nominal_difference,imag,linear_a_exact_conversion,REJECTED_PHYSICAL,YZ,x,-0.0625,y,-0.6875,z,-0.4375,0.04,0.06155672461034705,0.02155672461034705,0.04,0.14200000000000002
2009,1.0,20dB_nominal_difference,imag,linear_a_exact_conversion,REJECTED_PHYSICAL,YZ,x,-0.0625,y,-0.5625,z,-0.4375,0.04,0.06456590018980968,0.024565900189809677,0.04,0.14200000000000002
2009,1.0,20dB_nominal_difference,imag,linear_a_exact_conversion,REJECTED_PHYSICAL,YZ,x,-0.0625,y,-0.4375,z,-0.4375,0.04,0.07327691743878352,0.03327691743878352,0.04,0.14200000000000002
2009,1.0,20dB_nominal_difference,imag,linear_a_exact_conversion,REJECTED_PHYSICAL,YZ,x,-0.0625,y,-0.3125,z,-0.4375,0.04,0.08478775240783697,0.044787752407836966,0.04,0.14200000000000002
2009,1.0,20dB_nominal_difference,imag,linear_a_exact_conversion,REJECTED_PHYSICAL,YZ,x,-0.0625,y,-0.1875,z,-0.4375,0.04,0.09697532421419947,0.056975324214199465,0.04,0.14200000000000002
2009,1.0,20dB_nominal_difference,imag,linear_a_exact_conversion,REJECTED_PHYSICAL,YZ,x,-0.0625,y,-0.0625,z,-0.4375,0.04,0.10724537059923311,0.0672453705992331,0.04,0.14200000000000002
2009,1.0,20dB_nominal_difference,imag,linear_a_exact_conversion,REJECTED_PHYSICAL,YZ,x,-0.0625,y,0.0625,z,-0.4375,0.04,0.11309983307110581,0.07309983307110582,0.04,0.14200000000000002
2009,1.0,20dB_nominal_difference,imag,linear_a_exact_conversion,REJECTED_PHYSICAL,YZ,x,-0.0625,y,0.1875,z,-0.4375,0.04,0.11243301087902685,0.07243301087902684,0.04,0.14200000000000002
2009,1.0,20dB_nominal_difference,imag,linear_a_exact_conversion,REJECTED_PHYSICAL,YZ,x,-0.0625,y,0.3125,z,-0.4375,0.04,0.10355358918942992,0.06355358918942991,0.04,0.14200000000000002
2009,1.0,20dB_nominal_difference,imag,linear_a_exact_conversion,REJECTED_PHYSICAL,YZ,x,-0.0625,y,0.4375,z,-0.4375,0.04,0.08512371041140317,0.045123710411403166,0.04,0.14200000000000002
2009,1.0,20dB_nominal_difference,imag,linear_a_exact_conversion,REJECTED_PHYSICAL,YZ,x,-0.0625,y,0.5625,z,-0.4375,0.04,0.056236633893504535,0.016236633893504535,0.04,0.14200000000000002
2009,1.0,20dB_nominal_difference,imag,linear_a_exact_conversion,REJECTED_PHYSICAL,YZ,x,-0.0625,y,0.6875,z,-0.4375,0.04,0.021356715620193055,-0.018643284379806946,0.04,0.14200000000000002
2009,1.0,20dB_nominal_difference,imag,linear_a_exact_conversion,REJECTED_PHYSICAL,YZ,x,-0.0625,y,-0.6875,z,-0.3125,0.04,0.058135404419338156,0.018135404419338155,0.04,0.14200000000000002
2009,1.0,20dB_nominal_difference,imag,linear_a_exact_conversion,REJECTED_PHYSICAL,YZ,x,-0.0625,y,-0.5625,z,-0.3125,0.04,0.06503827025045923,0.02503827025045923,0.04,0.14200000000000002
2009,1.0,20dB_nominal_difference,imag,linear_a_exact_conversion,REJECTED_PHYSICAL,YZ,x,-0.0625,y,-0.4375,z,-0.3125,0.04,0.07817238395046103,0.03817238395046103,0.04,0.14200000000000002
2009,1.0,20dB_nominal_difference,imag,linear_a_exact_conversion,REJECTED_PHYSICAL,YZ,x,-0.0625,y,-0.3125,z,-0.3125,0.04,0.09477837189871086,0.054778371898710855,0.04,0.14200000000000002
2009,1.0,20dB_nominal_difference,imag,linear_a_exact_conversion,REJECTED_PHYSICAL,YZ,x,-0.0625,y,-0.1875,z,-0.3125,0.093,0.11217846671412282,0.01917846671412282,0.04,0.14200000000000002
2009,1.0,20dB_nominal_difference,imag,linear_a_exact_conversion,REJECTED_PHYSICAL,YZ,x,-0.0625,y,-0.0625,z,-0.3125,0.093,0.1269105299874221,0.03391052998742211,0.04,0.14200000000000002
2009,1.0,20dB_nominal_difference,imag,linear_a_exact_conversion,REJECTED_PHYSICAL,YZ,x,-0.0625,y,0.0625,z,-0.3125,0.093,0.1355462238072531,0.04254622380725309,0.04,0.14200000000000002
2009,1.0,20dB_nominal_difference,imag,linear_a_exact_conversion,REJECTED_PHYSICAL,YZ,x,-0.0625,y,0.1875,z,-0.3125,0.04,0.13532364928966817,0.09532364928966816,0.04,0.14200000000000002
2009,1.0,20dB_nominal_difference,imag,linear_a_exact_conversion,REJECTED_PHYSICAL,YZ,x,-0.0625,y,0.3125,z,-0.3125,0.04,0.12437202214380588,0.08437202214380587,0.04,0.14200000000000002
2009,1.0,20dB_nominal_difference,imag,linear_a_exact_conversion,REJECTED_PHYSICAL,YZ,x,-0.0625,y,0.4375,z,-0.3125,0.04,0.10162181166321037,0.06162181166321037,0.04,0.14200000000000002
2009,1.0,20dB_nominal_difference,imag,linear_a_exact_conversion,REJECTED_PHYSICAL,YZ,x,-0.0625,y,0.5625,z,-0.3125,0.04,0.0666283439636622,0.026628343963662197,0.04,0.14200000000000002
2009,1.0,20dB_nominal_difference,imag,linear_a_exact_conversion,REJECTED_PHYSICAL,YZ,x,-0.0625,y,0.6875,z,-0.3125,0.04,0.023767216703852435,-0.016232783296147565,0.04,0.14200000000000002
2009,1.0,20dB_nominal_difference,imag,linear_a_exact_conversion,REJECTED_PHYSICAL,YZ,x,-0.0625,y,-0.6875,z,-0.1875,0.04,0.042667586104382316,0.002667586104382315,0.04,0.14200000000000002
2009,1.0,20dB_nominal_difference,imag,linear_a_exact_conversion,REJECTED_PHYSICAL,YZ,x,-0.0625,y,-0.5625,z,-0.1875,0.04,0.05124121473961444,0.011241214739614439,0.04,0.14200000000000002
2009,1.0,20dB_nominal_difference,imag,linear_a_exact_conversion,REJECTED_PHYSICAL,YZ,x,-0.0625,y,-0.4375,z,-0.1875,0.04,0.06575950810332253,0.025759508103322525,0.04,0.14200000000000002
2009,1.0,20dB_nominal_difference,imag,linear_a_exact_conversion,REJECTED_PHYSICAL,YZ,x,-0.0625,y,-0.3125,z,-0.1875,0.093,0.08472272388189926,-0.008277276118100738,0.04,0.14200000000000002
2009,1.0,20dB_nominal_difference,imag,linear_a_exact_conversion,REJECTED_PHYSICAL,YZ,x,-0.0625,y,-0.1875,z,-0.1875,0.11750000000000002,0.10530051461838473,-0.012199485381615291,0.04,0.14200000000000002
2009,1.0,20dB_nominal_difference,imag,linear_a_exact_conversion,REJECTED_PHYSICAL,YZ,x,-0.0625,y,-0.0625,z,-0.1875,0.11750000000000002,0.12353534591498623,0.006035345914986209,0.04,0.14200000000000002
2009,1.0,20dB_nominal_difference,imag,linear_a_exact_conversion,REJECTED_PHYSICAL,YZ,x,-0.0625,y,0.0625,z,-0.1875,0.11750000000000002,0.135302274913308,0.01780227491330799,0.04,0.14200000000000002
2009,1.0,20dB_nominal_difference,imag,linear_a_exact_conversion,REJECTED_PHYSICAL,YZ,x,-0.0625,y,0.1875,z,-0.1875,0.093,0.13723397089871328,0.04423397089871328,0.04,0.14200000000000002
2009,1.0,20dB_nominal_difference,imag,linear_a_exact_conversion,REJECTED_PHYSICAL,YZ,x,-0.0625,y,0.3125,z,-0.1875,0.04,0.12718594130724314,0.08718594130724314,0.04,0.14200000000000002
2009,1.0,20dB_nominal_difference,imag,linear_a_exact_conversion,REJECTED_PHYSICAL,YZ,x,-0.0625,y,0.4375,z,-0.1875,0.04,0.10419723826236353,0.06419723826236354,0.04,0.14200000000000002
2009,1.0,20dB_nominal_difference,imag,linear_a_exact_conversion,REJECTED_PHYSICAL,YZ,x,-0.0625,y,0.5625,z,-0.1875,0.04,0.06819968705625808,0.028199687056258076,0.04,0.14200000000000002
2009,1.0,20dB_nominal_difference,imag,linear_a_exact_conversion,REJECTED_PHYSICAL,YZ,x,-0.0625,y,0.6875,z,-0.1875,0.04,0.02297567495613749,-0.01702432504386251,0.04,0.14200000000000002
2009,1.0,20dB_nominal_difference,imag,linear_a_exact_conversion,REJECTED_PHYSICAL,YZ,x,-0.0625,y,-0.6875,z,-0.0625,0.04,0.02221001577131726,-0.01778998422868274,0.04,0.14200000000000002
2009,1.0,20dB_nominal_difference,imag,linear_a_exact_conversion,REJECTED_PHYSICAL,YZ,x,-0.0625,y,-0.5625,z,-0.0625,0.04,0.030153928427723596,-0.009846071572276405,0.04,0.14200000000000002
2009,1.0,20dB_nominal_difference,imag,linear_a_exact_conversion,REJECTED_PHYSICAL,YZ,x,-0.0625,y,-0.4375,z,-0.0625,0.04,0.04273661443394332,0.002736614433943317,0.04,0.14200000000000002
2009,1.0,20dB_nominal_difference,imag,linear_a_exact_conversion,REJECTED_PHYSICAL,YZ,x,-0.0625,y,-0.3125,z,-0.0625,0.093,0.060623926825876064,-0.032376073174123936,0.04,0.14200000000000002
2009,1.0,20dB_nominal_difference,imag,linear_a_exact_conversion,REJECTED_PHYSICAL,YZ,x,-0.0625,y,-0.1875,z,-0.0625,0.11750000000000002,0.08139811431335285,-0.03610188568664717,0.04,0.14200000000000002
2009,1.0,20dB_nominal_difference,imag,linear_a_exact_conversion,REJECTED_PHYSICAL,YZ,x,-0.0625,y,-0.0625,z,-0.0625,0.11750000000000002,0.10125139558976892,-0.0162486044102311,0.04,0.14200000000000002
2009,1.0,20dB_nominal_difference,imag,linear_a_exact_conversion,REJECTED_PHYSICAL,YZ,x,-0.0625,y,0.0625,z,-0.0625,0.11750000000000002,0.1158563811624141,-0.0016436188375859168,0.04,0.14200000000000002
2009,1.0,20dB_nominal_difference,imag,linear_a_exact_conversion,REJECTED_PHYSICAL,YZ,x,-0.0625,y,0.1875,z,-0.0625,0.093,0.12140898732029397,0.02840898732029397,0.04,0.14200000000000002
2009,1.0,20dB_nominal_difference,imag,linear_a_exact_conversion,REJECTED_PHYSICAL,YZ,x,-0.0625,y,0.3125,z,-0.0625,0.04,0.11533121687590304,0.07533121687590305,0.04,0.14200000000000002
2009,1.0,20dB_nominal_difference,imag,linear_a_exact_conversion,REJECTED_PHYSICAL,YZ,x,-0.0625,y,0.4375,z,-0.0625,0.04,0.09642115686893543,0.05642115686893543,0.04,0.14200000000000002
2009,1.0,20dB_nominal_difference,imag,linear_a_exact_conversion,REJECTED_PHYSICAL,YZ,x,-0.0625,y,0.5625,z,-0.0625,0.04,0.0646201475766934,0.024620147576693403,0.04,0.14200000000000002
2009,1.0,20dB_nominal_difference,imag,linear_a_exact_conversion,REJECTED_PHYSICAL,YZ,x,-0.0625,y,0.6875,z,-0.0625,0.04,0.02231732538308494,-0.01768267461691506,0.04,0.14200000000000002
2009,1.0,20dB_nominal_difference,imag,linear_a_exact_conversion,REJECTED_PHYSICAL,YZ,x,-0.0625,y,-0.6875,z,0.0625,0.04,0.004098259401006241,-0.03590174059899376,0.04,0.14200000000000002
2009,1.0,20dB_nominal_difference,imag,linear_a_exact_conversion,REJECTED_PHYSICAL,YZ,x,-0.0625,y,-0.5625,z,0.0625,0.04,0.009811577424993754,-0.030188422575006247,0.04,0.14200000000000002
2009,1.0,20dB_nominal_difference,imag,linear_a_exact_conversion,REJECTED_PHYSICAL,YZ,x,-0.0625,y,-0.4375,z,0.0625,0.04,0.017971040740519875,-0.022028959259480126,0.04,0.14200000000000002
2009,1.0,20dB_nominal_difference,imag,linear_a_exact_conversion,REJECTED_PHYSICAL,YZ,x,-0.0625,y,-0.3125,z,0.0625,0.093,0.031708574411183056,-0.06129142558881694,0.04,0.14200000000000002
2009,1.0,20dB_nominal_difference,imag,linear_a_exact_conversion,REJECTED_PHYSICAL,YZ,x,-0.0625,y,-0.1875,z,0.0625,0.11750000000000002,0.04949251493897479,-0.06800748506102523,0.04,0.14200000000000002
2009,1.0,20dB_nominal_difference,imag,linear_a_exact_conversion,REJECTED_PHYSICAL,YZ,x,-0.0625,y,-0.0625,z,0.0625,0.14200000000000002,0.06837247473679839,-0.07362752526320163,0.04,0.14200000000000002
2009,1.0,20dB_nominal_difference,imag,linear_a_exact_conversion,REJECTED_PHYSICAL,YZ,x,-0.0625,y,0.0625,z,0.0625,0.11750000000000002,0.08449299455970015,-0.03300700544029987,0.04,0.14200000000000002
2009,1.0,20dB_nominal_difference,imag,linear_a_exact_conversion,REJECTED_PHYSICAL,YZ,x,-0.0625,y,0.1875,z,0.0625,0.093,0.09398083005862712,0.000980830058627119,0.04,0.14200000000000002
2009,1.0,20dB_nominal_difference,imag,linear_a_exact_conversion,REJECTED_PHYSICAL,YZ,x,-0.0625,y,0.3125,z,0.0625,0.04,0.09378265856385905,0.05378265856385905,0.04,0.14200000000000002
2009,1.0,20dB_nominal_difference,imag,linear_a_exact_conversion,REJECTED_PHYSICAL,YZ,x,-0.0625,y,0.4375,z,0.0625,0.04,0.08210331039645719,0.042103310396457184,0.04,0.14200000000000002
2009,1.0,20dB_nominal_difference,imag,linear_a_exact_conversion,REJECTED_PHYSICAL,YZ,x,-0.0625,y,0.5625,z,0.0625,0.04,0.058418862957818604,0.018418862957818603,0.04,0.14200000000000002
2009,1.0,20dB_nominal_difference,imag,linear_a_exact_conversion,REJECTED_PHYSICAL,YZ,x,-0.0625,y,0.6875,z,0.0625,0.04,0.023034351767628705,-0.016965648232371296,0.04,0.14200000000000002
2009,1.0,20dB_nominal_difference,imag,linear_a_exact_conversion,REJECTED_PHYSICAL,YZ,x,-0.0625,y,-0.6875,z,0.1875,0.04,-0.005997272942928658,-0.04599727294292866,0.04,0.14200000000000002
2009,1.0,20dB_nominal_difference,imag,linear_a_exact_conversion,REJECTED_PHYSICAL,YZ,x,-0.0625,y,-0.5625,z,0.1875,0.04,-0.0029645936862290065,-0.042964593686229006,0.04,0.14200000000000002
2009,1.0,20dB_nominal_difference,imag,linear_a_exact_conversion,REJECTED_PHYSICAL,YZ,x,-0.0625,y,-0.4375,z,0.1875,0.04,-0.0001595538655793604,-0.04015955386557936,0.04,0.14200000000000002
2009,1.0,20dB_nominal_difference,imag,linear_a_exact_conversion,REJECTED_PHYSICAL,YZ,x,-0.0625,y,-0.3125,z,0.1875,0.093,0.0076119388810407815,-0.08538806111895922,0.04,0.14200000000000002
2009,1.0,20dB_nominal_difference,imag,linear_a_exact_conversion,REJECTED_PHYSICAL,YZ,x,-0.0625,y,-0.1875,z,0.1875,0.11750000000000002,0.019901721129049695,-0.09759827887095032,0.04,0.14200000000000002
2009,1.0,20dB_nominal_difference,imag,linear_a_exact_conversion,REJECTED_PHYSICAL,YZ,x,-0.0625,y,-0.0625,z,0.1875,0.11750000000000002,0.035105945024255285,-0.08239405497574473,0.04,0.14200000000000002
2009,1.0,20dB_nominal_difference,imag,linear_a_exact_conversion,REJECTED_PHYSICAL,YZ,x,-0.0625,y,0.0625,z,0.1875,0.11750000000000002,0.050468660903435304,-0.06703133909656472,0.04,0.14200000000000002
2009,1.0,20dB_nominal_difference,imag,linear_a_exact_conversion,REJECTED_PHYSICAL,YZ,x,-0.0625,y,0.1875,z,0.1875,0.093,0.06258165574052132,-0.030418344259478675,0.04,0.14200000000000002
2009,1.0,20dB_nominal_difference,imag,linear_a_exact_conversion,REJECTED_PHYSICAL,YZ,x,-0.0625,y,0.3125,z,0.1875,0.04,0.0681626982652877,0.0281626982652877,0.04,0.14200000000000002
2009,1.0,20dB_nominal_difference,imag,linear_a_exact_conversion,REJECTED_PHYSICAL,YZ,x,-0.0625,y,0.4375,z,0.1875,0.04,0.06473371134838117,0.02473371134838117,0.04,0.14200000000000002
2009,1.0,20dB_nominal_difference,imag,linear_a_exact_conversion,REJECTED_PHYSICAL,YZ,x,-0.0625,y,0.5625,z,0.1875,0.04,0.050985488438021864,0.010985488438021863,0.04,0.14200000000000002
2009,1.0,20dB_nominal_difference,imag,linear_a_exact_conversion,REJECTED_PHYSICAL,YZ,x,-0.0625,y,0.6875,z,0.1875,0.04,0.02480569583826622,-0.015194304161733781,0.04,0.14200000000000002
2009,1.0,20dB_nominal_difference,imag,linear_a_exact_conversion,REJECTED_PHYSICAL,YZ,x,-0.0625,y,-0.6875,z,0.3125,0.04,-0.00487593685241133,-0.04487593685241133,0.04,0.14200000000000002
2009,1.0,20dB_nominal_difference,imag,linear_a_exact_conversion,REJECTED_PHYSICAL,YZ,x,-0.0625,y,-0.5625,z,0.3125,0.04,-0.00377387303058496,-0.04377387303058496,0.04,0.14200000000000002
2009,1.0,20dB_nominal_difference,imag,linear_a_exact_conversion,REJECTED_PHYSICAL,YZ,x,-0.0625,y,-0.4375,z,0.3125,0.04,-0.005694518024231691,-0.04569451802423169,0.04,0.14200000000000002
2009,1.0,20dB_nominal_difference,imag,linear_a_exact_conversion,REJECTED_PHYSICAL,YZ,x,-0.0625,y,-0.3125,z,0.3125,0.04,-0.004207839857215903,-0.0442078398572159,0.04,0.14200000000000002
2009,1.0,20dB_nominal_difference,imag,linear_a_exact_conversion,REJECTED_PHYSICAL,YZ,x,-0.0625,y,-0.1875,z,0.3125,0.093,0.0013008077253035273,-0.09169919227469647,0.04,0.14200000000000002
2009,1.0,20dB_nominal_difference,imag,linear_a_exact_conversion,REJECTED_PHYSICAL,YZ,x,-0.0625,y,-0.0625,z,0.3125,0.093,0.010697248767462943,-0.08230275123253705,0.04,0.14200000000000002
2009,1.0,20dB_nominal_difference,imag,linear_a_exact_conversion,REJECTED_PHYSICAL,YZ,x,-0.0625,y,0.0625,z,0.3125,0.093,0.022659119235830697,-0.0703408807641693,0.04,0.14200000000000002
2009,1.0,20dB_nominal_difference,imag,linear_a_exact_conversion,REJECTED_PHYSICAL,YZ,x,-0.0625,y,0.1875,z,0.3125,0.04,0.03476187546347506,-0.005238124536524939,0.04,0.14200000000000002
2009,1.0,20dB_nominal_difference,imag,linear_a_exact_conversion,REJECTED_PHYSICAL,YZ,x,-0.0625,y,0.3125,z,0.3125,0.04,0.044013241691680055,0.004013241691680054,0.04,0.14200000000000002
2009,1.0,20dB_nominal_difference,imag,linear_a_exact_conversion,REJECTED_PHYSICAL,YZ,x,-0.0625,y,0.4375,z,0.3125,0.04,0.04754747608737558,0.007547476087375576,0.04,0.14200000000000002
2009,1.0,20dB_nominal_difference,imag,linear_a_exact_conversion,REJECTED_PHYSICAL,YZ,x,-0.0625,y,0.5625,z,0.3125,0.04,0.04324616225569948,0.0032461622556994793,0.04,0.14200000000000002
2009,1.0,20dB_nominal_difference,imag,linear_a_exact_conversion,REJECTED_PHYSICAL,YZ,x,-0.0625,y,0.6875,z,0.3125,0.04,0.026671380487358377,-0.013328619512641623,0.04,0.14200000000000002
2009,1.0,20dB_nominal_difference,imag,linear_a_exact_conversion,REJECTED_PHYSICAL,YZ,x,-0.0625,y,-0.6875,z,0.4375,0.04,0.008722130666457191,-0.03127786933354281,0.04,0.14200000000000002
2009,1.0,20dB_nominal_difference,imag,linear_a_exact_conversion,REJECTED_PHYSICAL,YZ,x,-0.0625,y,-0.5625,z,0.4375,0.04,0.009584665716788834,-0.030415334283211165,0.04,0.14200000000000002
2009,1.0,20dB_nominal_difference,imag,linear_a_exact_conversion,REJECTED_PHYSICAL,YZ,x,-0.0625,y,-0.4375,z,0.4375,0.04,0.004426487259475078,-0.03557351274052492,0.04,0.14200000000000002
2009,1.0,20dB_nominal_difference,imag,linear_a_exact_conversion,REJECTED_PHYSICAL,YZ,x,-0.0625,y,-0.3125,z,0.4375,0.04,0.0003458682598525074,-0.039654131740147494,0.04,0.14200000000000002
2009,1.0,20dB_nominal_difference,imag,linear_a_exact_conversion,REJECTED_PHYSICAL,YZ,x,-0.0625,y,-0.1875,z,0.4375,0.04,-0.0010065683603235397,-0.04100656836032354,0.04,0.14200000000000002
2009,1.0,20dB_nominal_difference,imag,linear_a_exact_conversion,REJECTED_PHYSICAL,YZ,x,-0.0625,y,-0.0625,z,0.4375,0.04,0.001454696218014526,-0.03854530378198547,0.04,0.14200000000000002
2009,1.0,20dB_nominal_difference,imag,linear_a_exact_conversion,REJECTED_PHYSICAL,YZ,x,-0.0625,y,0.0625,z,0.4375,0.04,0.007752434470723178,-0.03224756552927682,0.04,0.14200000000000002
2009,1.0,20dB_nominal_difference,imag,linear_a_exact_conversion,REJECTED_PHYSICAL,YZ,x,-0.0625,y,0.1875,z,0.4375,0.04,0.01673682649646636,-0.02326317350353364,0.04,0.14200000000000002
2009,1.0,20dB_nominal_difference,imag,linear_a_exact_conversion,REJECTED_PHYSICAL,YZ,x,-0.0625,y,0.3125,z,0.4375,0.04,0.026310725779268705,-0.013689274220731296,0.04,0.14200000000000002
2009,1.0,20dB_nominal_difference,imag,linear_a_exact_conversion,REJECTED_PHYSICAL,YZ,x,-0.0625,y,0.4375,z,0.4375,0.04,0.033843201311839904,-0.006156798688160096,0.04,0.14200000000000002
2009,1.0,20dB_nominal_difference,imag,linear_a_exact_conversion,REJECTED_PHYSICAL,YZ,x,-0.0625,y,0.5625,z,0.4375,0.04,0.03664891385454047,-0.0033510861454595295,0.04,0.14200000000000002
2009,1.0,20dB_nominal_difference,imag,linear_a_exact_conversion,REJECTED_PHYSICAL,YZ,x,-0.0625,y,0.6875,z,0.4375,0.04,0.028184763529862905,-0.011815236470137096,0.04,0.14200000000000002
2009,1.0,20dB_nominal_difference,imag,linear_a_exact_conversion,REJECTED_PHYSICAL,YZ,x,-0.0625,y,-0.6875,z,0.5625,0.04,0.0357774720485088,-0.004222527951491202,0.04,0.14200000000000002
2009,1.0,20dB_nominal_difference,imag,linear_a_exact_conversion,REJECTED_PHYSICAL,YZ,x,-0.0625,y,-0.5625,z,0.5625,0.04,0.03816482900968321,-0.001835170990316791,0.04,0.14200000000000002
2009,1.0,20dB_nominal_difference,imag,linear_a_exact_conversion,REJECTED_PHYSICAL,YZ,x,-0.0625,y,-0.4375,z,0.5625,0.04,0.030745799070389206,-0.009254200929610795,0.04,0.14200000000000002
2009,1.0,20dB_nominal_difference,imag,linear_a_exact_conversion,REJECTED_PHYSICAL,YZ,x,-0.0625,y,-0.3125,z,0.5625,0.04,0.022129204725620664,-0.017870795274379337,0.04,0.14200000000000002
2009,1.0,20dB_nominal_difference,imag,linear_a_exact_conversion,REJECTED_PHYSICAL,YZ,x,-0.0625,y,-0.1875,z,0.5625,0.04,0.01475082605222008,-0.02524917394777992,0.04,0.14200000000000002
2009,1.0,20dB_nominal_difference,imag,linear_a_exact_conversion,REJECTED_PHYSICAL,YZ,x,-0.0625,y,-0.0625,z,0.5625,0.04,0.010237027841943106,-0.029762972158056893,0.04,0.14200000000000002
2009,1.0,20dB_nominal_difference,imag,linear_a_exact_conversion,REJECTED_PHYSICAL,YZ,x,-0.0625,y,0.0625,z,0.5625,0.04,0.00949284283604671,-0.03050715716395329,0.04,0.14200000000000002
2009,1.0,20dB_nominal_difference,imag,linear_a_exact_conversion,REJECTED_PHYSICAL,YZ,x,-0.0625,y,0.1875,z,0.5625,0.04,0.01262212925507373,-0.027377870744926272,0.04,0.14200000000000002
2009,1.0,20dB_nominal_difference,imag,linear_a_exact_conversion,REJECTED_PHYSICAL,YZ,x,-0.0625,y,0.3125,z,0.5625,0.04,0.01890794298819852,-0.02109205701180148,0.04,0.14200000000000002
2009,1.0,20dB_nominal_difference,imag,linear_a_exact_conversion,REJECTED_PHYSICAL,YZ,x,-0.0625,y,0.4375,z,0.5625,0.04,0.02684406392971398,-0.01315593607028602,0.04,0.14200000000000002
2009,1.0,20dB_nominal_difference,imag,linear_a_exact_conversion,REJECTED_PHYSICAL,YZ,x,-0.0625,y,0.5625,z,0.5625,0.04,0.033951846847350795,-0.006048153152649206,0.04,0.14200000000000002
2009,1.0,20dB_nominal_difference,imag,linear_a_exact_conversion,REJECTED_PHYSICAL,YZ,x,-0.0625,y,0.6875,z,0.5625,0.04,0.03112456985584944,-0.00887543014415056,0.04,0.14200000000000002
2009,1.0,20dB_nominal_difference,imag,linear_a_exact_conversion,REJECTED_PHYSICAL,YZ,x,-0.0625,y,-0.6875,z,0.6875,0.04,0.0833051904204659,0.0433051904204659,0.04,0.14200000000000002
2009,1.0,20dB_nominal_difference,imag,linear_a_exact_conversion,REJECTED_PHYSICAL,YZ,x,-0.0625,y,-0.5625,z,0.6875,0.04,0.08298133961278575,0.04298133961278575,0.04,0.14200000000000002
2009,1.0,20dB_nominal_difference,imag,linear_a_exact_conversion,REJECTED_PHYSICAL,YZ,x,-0.0625,y,-0.4375,z,0.6875,0.04,0.07264614687480707,0.03264614687480707,0.04,0.14200000000000002
2009,1.0,20dB_nominal_difference,imag,linear_a_exact_conversion,REJECTED_PHYSICAL,YZ,x,-0.0625,y,-0.3125,z,0.6875,0.04,0.06114102533504655,0.021141025335046547,0.04,0.14200000000000002
2009,1.0,20dB_nominal_difference,imag,linear_a_exact_conversion,REJECTED_PHYSICAL,YZ,x,-0.0625,y,-0.1875,z,0.6875,0.04,0.04970738985842141,0.009707389858421407,0.04,0.14200000000000002
2009,1.0,20dB_nominal_difference,imag,linear_a_exact_conversion,REJECTED_PHYSICAL,YZ,x,-0.0625,y,-0.0625,z,0.6875,0.04,0.039443686933957105,-0.0005563130660428961,0.04,0.14200000000000002
2009,1.0,20dB_nominal_difference,imag,linear_a_exact_conversion,REJECTED_PHYSICAL,YZ,x,-0.0625,y,0.0625,z,0.6875,0.04,0.0315157689929671,-0.008484231007032904,0.04,0.14200000000000002
2009,1.0,20dB_nominal_difference,imag,linear_a_exact_conversion,REJECTED_PHYSICAL,YZ,x,-0.0625,y,0.1875,z,0.6875,0.04,0.026963981658740015,-0.013036018341259985,0.04,0.14200000000000002
2009,1.0,20dB_nominal_difference,imag,linear_a_exact_conversion,REJECTED_PHYSICAL,YZ,x,-0.0625,y,0.3125,z,0.6875,0.04,0.02655257685090567,-0.01344742314909433,0.04,0.14200000000000002
2009,1.0,20dB_nominal_difference,imag,linear_a_exact_conversion,REJECTED_PHYSICAL,YZ,x,-0.0625,y,0.4375,z,0.6875,0.04,0.030771133884351896,-0.009228866115648104,0.04,0.14200000000000002
2009,1.0,20dB_nominal_difference,imag,linear_a_exact_conversion,REJECTED_PHYSICAL,YZ,x,-0.0625,y,0.5625,z,0.6875,0.04,0.03987499146559528,-0.00012500853440471776,0.04,0.14200000000000002
2009,1.0,20dB_nominal_difference,imag,linear_a_exact_conversion,REJECTED_PHYSICAL,YZ,x,-0.0625,y,0.6875,z,0.6875,0.04,0.04670049494939597,0.006700494949395966,0.04,0.14200000000000002
2009,1.0,20dB_nominal_difference,imag,vanilla_IBS2,REJECTED_PHYSICAL,XY,z,-0.0625,x,-0.6875,y,-0.6875,0.04,0.10271151490814909,0.06271151490814908,0.04,0.14200000000000002
2009,1.0,20dB_nominal_difference,imag,vanilla_IBS2,REJECTED_PHYSICAL,XY,z,-0.0625,x,-0.5625,y,-0.6875,0.04,0.08144432354952053,0.041444323549520524,0.04,0.14200000000000002
2009,1.0,20dB_nominal_difference,imag,vanilla_IBS2,REJECTED_PHYSICAL,XY,z,-0.0625,x,-0.4375,y,-0.6875,0.04,0.06240352481561101,0.02240352481561101,0.04,0.14200000000000002
2009,1.0,20dB_nominal_difference,imag,vanilla_IBS2,REJECTED_PHYSICAL,XY,z,-0.0625,x,-0.3125,y,-0.6875,0.04,0.047136446356627185,0.007136446356627184,0.04,0.14200000000000002
2009,1.0,20dB_nominal_difference,imag,vanilla_IBS2,REJECTED_PHYSICAL,XY,z,-0.0625,x,-0.1875,y,-0.6875,0.04,0.036405519270570716,-0.003594480729429285,0.04,0.14200000000000002
2009,1.0,20dB_nominal_difference,imag,vanilla_IBS2,REJECTED_PHYSICAL,XY,z,-0.0625,x,-0.0625,y,-0.6875,0.04,0.02980758694221565,-0.010192413057784351,0.04,0.14200000000000002
2009,1.0,20dB_nominal_difference,imag,vanilla_IBS2,REJECTED_PHYSICAL,XY,z,-0.0625,x,0.0625,y,-0.6875,0.04,0.0261749570772149,-0.013825042922785101,0.04,0.14200000000000002
2009,1.0,20dB_nominal_difference,imag,vanilla_IBS2,REJECTED_PHYSICAL,XY,z,-0.0625,x,0.1875,y,-0.6875,0.04,0.023659142622028045,-0.016340857377971956,0.04,0.14200000000000002
2009,1.0,20dB_nominal_difference,imag,vanilla_IBS2,REJECTED_PHYSICAL,XY,z,-0.0625,x,0.3125,y,-0.6875,0.04,0.019703715366022462,-0.02029628463397754,0.04,0.14200000000000002
2009,1.0,20dB_nominal_difference,imag,vanilla_IBS2,REJECTED_PHYSICAL,XY,z,-0.0625,x,0.4375,y,-0.6875,0.04,0.011008786776908305,-0.028991213223091696,0.04,0.14200000000000002
2009,1.0,20dB_nominal_difference,imag,vanilla_IBS2,REJECTED_PHYSICAL,XY,z,-0.0625,x,0.5625,y,-0.6875,0.04,-0.006734971869930932,-0.04673497186993093,0.04,0.14200000000000002
2009,1.0,20dB_nominal_difference,imag,vanilla_IBS2,REJECTED_PHYSICAL,XY,z,-0.0625,x,0.6875,y,-0.6875,0.04,-0.047304452625576095,-0.0873044526255761,0.04,0.14200000000000002
2009,1.0,20dB_nominal_difference,imag,vanilla_IBS2,REJECTED_PHYSICAL,XY,z,-0.0625,x,-0.6875,y,-0.5625,0.04,0.07955296799834416,0.03955296799834416,0.04,0.14200000000000002
2009,1.0,20dB_nominal_difference,imag,vanilla_IBS2,REJECTED_PHYSICAL,XY,z,-0.0625,x,-0.5625,y,-0.5625,0.04,0.0375252463756585,-0.0024747536243414983,0.04,0.14200000000000002
2009,1.0,20dB_nominal_difference,imag,vanilla_IBS2,REJECTED_PHYSICAL,XY,z,-0.0625,x,-0.4375,y,-0.5625,0.04,0.014484064452420987,-0.025515935547579013,0.04,0.14200000000000002
2009,1.0,20dB_nominal_difference,imag,vanilla_IBS2,REJECTED_PHYSICAL,XY,z,-0.0625,x,-0.3125,y,-0.5625,0.04,0.005945027984674257,-0.034054972015325743,0.04,0.14200000000000002
2009,1.0,20dB_nominal_difference,imag,vanilla_IBS2,REJECTED_PHYSICAL,XY,z,-0.0625,x,-0.1875,y,-0.5625,0.04,0.009304158346796019,-0.030695841653203982,0.04,0.14200000000000002
2009,1.0,20dB_nominal_difference,imag,vanilla_IBS2,REJECTED_PHYSICAL,XY,z,-0.0625,x,-0.0625,y,-0.5625,0.04,0.0210466744624247,-0.0189533255375753,0.04,0.14200000000000002
2009,1.0,20dB_nominal_difference,imag,vanilla_IBS2,REJECTED_PHYSICAL,XY,z,-0.0625,x,0.0625,y,-0.5625,0.04,0.03679267603206261,-0.003207323967937388,0.04,0.14200000000000002
2009,1.0,20dB_nominal_difference,imag,vanilla_IBS2,REJECTED_PHYSICAL,XY,z,-0.0625,x,0.1875,y,-0.5625,0.04,0.051547174075994996,0.011547174075994995,0.04,0.14200000000000002
2009,1.0,20dB_nominal_difference,imag,vanilla_IBS2,REJECTED_PHYSICAL,XY,z,-0.0625,x,0.3125,y,-0.5625,0.04,0.05989418285923631,0.01989418285923631,0.04,0.14200000000000002
2009,1.0,20dB_nominal_difference,imag,vanilla_IBS2,REJECTED_PHYSICAL,XY,z,-0.0625,x,0.4375,y,-0.5625,0.04,0.05599355908431913,0.015993559084319132,0.04,0.14200000000000002
2009,1.0,20dB_nominal_difference,imag,vanilla_IBS2,REJECTED_PHYSICAL,XY,z,-0.0625,x,0.5625,y,-0.5625,0.04,0.03301123094638922,-0.006988769053610781,0.04,0.14200000000000002
2009,1.0,20dB_nominal_difference,imag,vanilla_IBS2,REJECTED_PHYSICAL,XY,z,-0.0625,x,0.6875,y,-0.5625,0.04,-0.021476321486876955,-0.061476321486876956,0.04,0.14200000000000002
2009,1.0,20dB_nominal_difference,imag,vanilla_IBS2,REJECTED_PHYSICAL,XY,z,-0.0625,x,-0.6875,y,-0.4375,0.04,0.06288711341057172,0.022887113410571723,0.04,0.14200000000000002
2009,1.0,20dB_nominal_difference,imag,vanilla_IBS2,REJECTED_PHYSICAL,XY,z,-0.0625,x,-0.5625,y,-0.4375,0.04,0.008904865830515241,-0.03109513416948476,0.04,0.14200000000000002
2009,1.0,20dB_nominal_difference,imag,vanilla_IBS2,REJECTED_PHYSICAL,XY,z,-0.0625,x,-0.4375,y,-0.4375,0.04,-0.017371873716223493,-0.057371873716223494,0.04,0.14200000000000002
2009,1.0,20dB_nominal_difference,imag,vanilla_IBS2,REJECTED_PHYSICAL,XY,z,-0.0625,x,-0.3125,y,-0.4375,0.04,-0.021207849641550702,-0.0612078496415507,0.04,0.14200000000000002
2009,1.0,20dB_nominal_difference,imag,vanilla_IBS2,REJECTED_PHYSICAL,XY,z,-0.0625,x,-0.1875,y,-0.4375,0.04,-0.00689259956385721,-0.04689259956385721,0.04,0.14200000000000002
2009,1.0,20dB_nominal_difference,imag,vanilla_IBS2,REJECTED_PHYSICAL,XY,z,-0.0625,x,-0.0625,y,-0.4375,0.04,0.01964434851582268,-0.020355651484177322,0.04,0.14200000000000002
2009,1.0,20dB_nominal_difference,imag,vanilla_IBS2,REJECTED_PHYSICAL,XY,z,-0.0625,x,0.0625,y,-0.4375,0.04,0.05130581454587315,0.01130581454587315,0.04,0.14200000000000002
2009,1.0,20dB_nominal_difference,imag,vanilla_IBS2,REJECTED_PHYSICAL,XY,z,-0.0625,x,0.1875,y,-0.4375,0.04,0.08039185635912205,0.04039185635912205,0.04,0.14200000000000002
2009,1.0,20dB_nominal_difference,imag,vanilla_IBS2,REJECTED_PHYSICAL,XY,z,-0.0625,x,0.3125,y,-0.4375,0.04,0.09912487567937836,0.05912487567937836,0.04,0.14200000000000002
2009,1.0,20dB_nominal_difference,imag,vanilla_IBS2,REJECTED_PHYSICAL,XY,z,-0.0625,x,0.4375,y,-0.4375,0.04,0.10004564320001605,0.06004564320001605,0.04,0.14200000000000002
2009,1.0,20dB_nominal_difference,imag,vanilla_IBS2,REJECTED_PHYSICAL,XY,z,-0.0625,x,0.5625,y,-0.4375,0.04,0.07632295946537007,0.03632295946537007,0.04,0.14200000000000002
2009,1.0,20dB_nominal_difference,imag,vanilla_IBS2,REJECTED_PHYSICAL,XY,z,-0.0625,x,0.6875,y,-0.4375,0.04,0.019465883753381225,-0.020534116246618776,0.04,0.14200000000000002
2009,1.0,20dB_nominal_difference,imag,vanilla_IBS2,REJECTED_PHYSICAL,XY,z,-0.0625,x,-0.6875,y,-0.3125,0.04,0.054001639701565365,0.014001639701565365,0.04,0.14200000000000002
2009,1.0,20dB_nominal_difference,imag,vanilla_IBS2,REJECTED_PHYSICAL,XY,z,-0.0625,x,-0.5625,y,-0.3125,0.04,-0.006341665933291725,-0.046341665933291726,0.04,0.14200000000000002
2009,1.0,20dB_nominal_difference,imag,vanilla_IBS2,REJECTED_PHYSICAL,XY,z,-0.0625,x,-0.4375,y,-0.3125,0.04,-0.03367495863975362,-0.07367495863975362,0.04,0.14200000000000002
2009,1.0,20dB_nominal_difference,imag,vanilla_IBS2,REJECTED_PHYSICAL,XY,z,-0.0625,x,-0.3125,y,-0.3125,0.04,-0.03379512816509569,-0.07379512816509569,0.04,0.14200000000000002
2009,1.0,20dB_nominal_difference,imag,vanilla_IBS2,REJECTED_PHYSICAL,XY,z,-0.0625,x,-0.1875,y,-0.3125,0.093,-0.011695335412749044,-0.10469533541274904,0.04,0.14200000000000002
2009,1.0,20dB_nominal_difference,imag,vanilla_IBS2,REJECTED_PHYSICAL,XY,z,-0.0625,x,-0.0625,y,-0.3125,0.093,0.02519204348330399,-0.06780795651669601,0.04,0.14200000000000002
2009,1.0,20dB_nominal_difference,imag,vanilla_IBS2,REJECTED_PHYSICAL,XY,z,-0.0625,x,0.0625,y,-0.3125,0.11750000000000002,0.06788200180310963,-0.04961799819689039,0.04,0.14200000000000002
2009,1.0,20dB_nominal_difference,imag,vanilla_IBS2,REJECTED_PHYSICAL,XY,z,-0.0625,x,0.1875,y,-0.3125,0.093,0.10675658432087237,0.013756584320872373,0.04,0.14200000000000002
2009,1.0,20dB_nominal_difference,imag,vanilla_IBS2,REJECTED_PHYSICAL,XY,z,-0.0625,x,0.3125,y,-0.3125,0.04,0.13244948052131794,0.09244948052131793,0.04,0.14200000000000002
2009,1.0,20dB_nominal_difference,imag,vanilla_IBS2,REJECTED_PHYSICAL,XY,z,-0.0625,x,0.4375,y,-0.3125,0.04,0.13665500156571464,0.09665500156571463,0.04,0.14200000000000002
2009,1.0,20dB_nominal_difference,imag,vanilla_IBS2,REJECTED_PHYSICAL,XY,z,-0.0625,x,0.5625,y,-0.3125,0.04,0.11292185142624195,0.07292185142624194,0.04,0.14200000000000002
2009,1.0,20dB_nominal_difference,imag,vanilla_IBS2,REJECTED_PHYSICAL,XY,z,-0.0625,x,0.6875,y,-0.3125,0.04,0.054236780808484236,0.014236780808484235,0.04,0.14200000000000002
2009,1.0,20dB_nominal_difference,imag,vanilla_IBS2,REJECTED_PHYSICAL,XY,z,-0.0625,x,-0.6875,y,-0.1875,0.04,0.05096067476359934,0.01096067476359934,0.04,0.14200000000000002
2009,1.0,20dB_nominal_difference,imag,vanilla_IBS2,REJECTED_PHYSICAL,XY,z,-0.0625,x,-0.5625,y,-0.1875,0.04,-0.0105105639494565,-0.0505105639494565,0.04,0.14200000000000002
2009,1.0,20dB_nominal_difference,imag,vanilla_IBS2,REJECTED_PHYSICAL,XY,z,-0.0625,x,-0.4375,y,-0.1875,0.04,-0.036686241755828734,-0.07668624175582874,0.04,0.14200000000000002
2009,1.0,20dB_nominal_difference,imag,vanilla_IBS2,REJECTED_PHYSICAL,XY,z,-0.0625,x,-0.3125,y,-0.1875,0.093,-0.033734284123606705,-0.1267342841236067,0.04,0.14200000000000002
2009,1.0,20dB_nominal_difference,imag,vanilla_IBS2,REJECTED_PHYSICAL,XY,z,-0.0625,x,-0.1875,y,-0.1875,0.11750000000000002,-0.006813030869906478,-0.1243130308699065,0.04,0.14200000000000002
2009,1.0,20dB_nominal_difference,imag,vanilla_IBS2,REJECTED_PHYSICAL,XY,z,-0.0625,x,-0.0625,y,-0.1875,0.11750000000000002,0.035965095197102996,-0.08153490480289702,0.04,0.14200000000000002
2009,1.0,20dB_nominal_difference,imag,vanilla_IBS2,REJECTED_PHYSICAL,XY,z,-0.0625,x,0.0625,y,-0.1875,0.14200000000000002,0.08462611024683056,-0.057373889753169455,0.04,0.14200000000000002
2009,1.0,20dB_nominal_difference,imag,vanilla_IBS2,REJECTED_PHYSICAL,XY,z,-0.0625,x,0.1875,y,-0.1875,0.14200000000000002,0.12850419677942493,-0.013495803220575087,0.04,0.14200000000000002
2009,1.0,20dB_nominal_difference,imag,vanilla_IBS2,REJECTED_PHYSICAL,XY,z,-0.0625,x,0.3125,y,-0.1875,0.11750000000000002,0.15739933824217395,0.039899338242173926,0.04,0.14200000000000002
2009,1.0,20dB_nominal_difference,imag,vanilla_IBS2,REJECTED_PHYSICAL,XY,z,-0.0625,x,0.4375,y,-0.1875,0.04,0.16266113156270093,0.12266113156270092,0.04,0.14200000000000002
2009,1.0,20dB_nominal_difference,imag,vanilla_IBS2,REJECTED_PHYSICAL,XY,z,-0.0625,x,0.5625,y,-0.1875,0.04,0.13816191105671372,0.09816191105671371,0.04,0.14200000000000002
2009,1.0,20dB_nominal_difference,imag,vanilla_IBS2,REJECTED_PHYSICAL,XY,z,-0.0625,x,0.6875,y,-0.1875,0.04,0.07741711770981408,0.037417117709814075,0.04,0.14200000000000002
2009,1.0,20dB_nominal_difference,imag,vanilla_IBS2,REJECTED_PHYSICAL,XY,z,-0.0625,x,-0.6875,y,-0.0625,0.04,0.05152965256398473,0.011529652563984728,0.04,0.14200000000000002
2009,1.0,20dB_nominal_difference,imag,vanilla_IBS2,REJECTED_PHYSICAL,XY,z,-0.0625,x,-0.5625,y,-0.0625,0.04,-0.005988266933186104,-0.045988266933186105,0.04,0.14200000000000002
2009,1.0,20dB_nominal_difference,imag,vanilla_IBS2,REJECTED_PHYSICAL,XY,z,-0.0625,x,-0.4375,y,-0.0625,0.04,-0.02896102048917535,-0.06896102048917535,0.04,0.14200000000000002
2009,1.0,20dB_nominal_difference,imag,vanilla_IBS2,REJECTED_PHYSICAL,XY,z,-0.0625,x,-0.3125,y,-0.0625,0.093,-0.023537615304457353,-0.11653761530445736,0.04,0.14200000000000002
2009,1.0,20dB_nominal_difference,imag,vanilla_IBS2,REJECTED_PHYSICAL,XY,z,-0.0625,x,-0.1875,y,-0.0625,0.11750000000000002,0.005402513311761732,-0.1120974866882383,0.04,0.14200000000000002
2009,1.0,20dB_nominal_difference,imag,vanilla_IBS2,REJECTED_PHYSICAL,XY,z,-0.0625,x,-0.0625,y,-0.0625,0.11750000000000002,0.049803294003270826,-0.0676967059967292,0.04,0.14200000000000002
2009,1.0,20dB_nominal_difference,imag,vanilla_IBS2,REJECTED_PHYSICAL,XY,z,-0.0625,x,0.0625,y,-0.0625,0.14200000000000002,0.0995641826216741,-0.04243581737832591,0.04,0.14200000000000002
2009,1.0,20dB_nominal_difference,imag,vanilla_IBS2,REJECTED_PHYSICAL,XY,z,-0.0625,x,0.1875,y,-0.0625,0.14200000000000002,0.14381413353788536,0.001814133537885343,0.04,0.14200000000000002
2009,1.0,20dB_nominal_difference,imag,vanilla_IBS2,REJECTED_PHYSICAL,XY,z,-0.0625,x,0.3125,y,-0.0625,0.14200000000000002,0.1722112617077082,0.030211261707708187,0.04,0.14200000000000002
2009,1.0,20dB_nominal_difference,imag,vanilla_IBS2,REJECTED_PHYSICAL,XY,z,-0.0625,x,0.4375,y,-0.0625,0.093,0.17617216482493153,0.08317216482493153,0.04,0.14200000000000002
2009,1.0,20dB_nominal_difference,imag,vanilla_IBS2,REJECTED_PHYSICAL,XY,z,-0.0625,x,0.5625,y,-0.0625,0.04,0.14992538503094374,0.10992538503094373,0.04,0.14200000000000002
2009,1.0,20dB_nominal_difference,imag,vanilla_IBS2,REJECTED_PHYSICAL,XY,z,-0.0625,x,0.6875,y,-0.0625,0.04,0.08724196770808523,0.04724196770808523,0.04,0.14200000000000002
2009,1.0,20dB_nominal_difference,imag,vanilla_IBS2,REJECTED_PHYSICAL,XY,z,-0.0625,x,-0.6875,y,0.0625,0.04,0.054090283098367886,0.014090283098367885,0.04,0.14200000000000002
2009,1.0,20dB_nominal_difference,imag,vanilla_IBS2,REJECTED_PHYSICAL,XY,z,-0.0625,x,-0.5625,y,0.0625,0.04,0.004840544329672528,-0.03515945567032747,0.04,0.14200000000000002
2009,1.0,20dB_nominal_difference,imag,vanilla_IBS2,REJECTED_PHYSICAL,XY,z,-0.0625,x,-0.4375,y,0.0625,0.04,-0.013401584835451022,-0.05340158483545102,0.04,0.14200000000000002
2009,1.0,20dB_nominal_difference,imag,vanilla_IBS2,REJECTED_PHYSICAL,XY,z,-0.0625,x,-0.3125,y,0.0625,0.093,-0.006277722340695929,-0.09927772234069593,0.04,0.14200000000000002
2009,1.0,20dB_nominal_difference,imag,vanilla_IBS2,REJECTED_PHYSICAL,XY,z,-0.0625,x,-0.1875,y,0.0625,0.093,0.022014684152655385,-0.07098531584734462,0.04,0.14200000000000002
2009,1.0,20dB_nominal_difference,imag,vanilla_IBS2,REJECTED_PHYSICAL,XY,z,-0.0625,x,-0.0625,y,0.0625,0.11750000000000002,0.06412748197017032,-0.0533725180298297,0.04,0.14200000000000002
2009,1.0,20dB_nominal_difference,imag,vanilla_IBS2,REJECTED_PHYSICAL,XY,z,-0.0625,x,0.0625,y,0.0625,0.11750000000000002,0.11060672986666839,-0.00689327013333163,0.04,0.14200000000000002
2009,1.0,20dB_nominal_difference,imag,vanilla_IBS2,REJECTED_PHYSICAL,XY,z,-0.0625,x,0.1875,y,0.0625,0.14200000000000002,0.1511298801292103,0.009129880129210288,0.04,0.14200000000000002
2009,1.0,20dB_nominal_difference,imag,vanilla_IBS2,REJECTED_PHYSICAL,XY,z,-0.0625,x,0.3125,y,0.0625,0.11750000000000002,0.17581697444288524,0.05831697444288522,0.04,0.14200000000000002
2009,1.0,20dB_nominal_difference,imag,vanilla_IBS2,REJECTED_PHYSICAL,XY,z,-0.0625,x,0.4375,y,0.0625,0.093,0.17650444039708654,0.08350444039708654,0.04,0.14200000000000002
2009,1.0,20dB_nominal_difference,imag,vanilla_IBS2,REJECTED_PHYSICAL,XY,z,-0.0625,x,0.5625,y,0.0625,0.04,0.147849693614066,0.10784969361406599,0.04,0.14200000000000002
2009,1.0,20dB_nominal_difference,imag,vanilla_IBS2,REJECTED_PHYSICAL,XY,z,-0.0625,x,0.6875,y,0.0625,0.04,0.08381200364764961,0.04381200364764961,0.04,0.14200000000000002
2009,1.0,20dB_nominal_difference,imag,vanilla_IBS2,REJECTED_PHYSICAL,XY,z,-0.0625,x,-0.6875,y,0.1875,0.04,0.057816911292877846,0.017816911292877845,0.04,0.14200000000000002
2009,1.0,20dB_nominal_difference,imag,vanilla_IBS2,REJECTED_PHYSICAL,XY,z,-0.0625,x,-0.5625,y,0.1875,0.04,0.019650640436033113,-0.020349359563966888,0.04,0.14200000000000002
2009,1.0,20dB_nominal_difference,imag,vanilla_IBS2,REJECTED_PHYSICAL,XY,z,-0.0625,x,-0.4375,y,0.1875,0.04,0.006743302203498627,-0.033256697796501374,0.04,0.14200000000000002
2009,1.0,20dB_nominal_difference,imag,vanilla_IBS2,REJECTED_PHYSICAL,XY,z,-0.0625,x,-0.3125,y,0.1875,0.04,0.014426311224408454,-0.025573688775591547,0.04,0.14200000000000002
2009,1.0,20dB_nominal_difference,imag,vanilla_IBS2,REJECTED_PHYSICAL,XY,z,-0.0625,x,-0.1875,y,0.1875,0.093,0.03951729287477608,-0.05348270712522392,0.04,0.14200000000000002
2009,1.0,20dB_nominal_difference,imag,vanilla_IBS2,REJECTED_PHYSICAL,XY,z,-0.0625,x,-0.0625,y,0.1875,0.093,0.07591914935343279,-0.01708085064656721,0.04,0.14200000000000002
2009,1.0,20dB_nominal_difference,imag,vanilla_IBS2,REJECTED_PHYSICAL,XY,z,-0.0625,x,0.0625,y,0.1875,0.11750000000000002,0.11547038750148131,-0.0020296124985187125,0.04,0.14200000000000002
2009,1.0,20dB_nominal_difference,imag,vanilla_IBS2,REJECTED_PHYSICAL,XY,z,-0.0625,x,0.1875,y,0.1875,0.11750000000000002,0.1490196962840513,0.03151969628405127,0.04,0.14200000000000002
2009,1.0,20dB_nominal_difference,imag,vanilla_IBS2,REJECTED_PHYSICAL,XY,z,-0.0625,x,0.3125,y,0.1875,0.093,0.1676330068066793,0.07463300680667931,0.04,0.14200000000000002
2009,1.0,20dB_nominal_difference,imag,vanilla_IBS2,REJECTED_PHYSICAL,XY,z,-0.0625,x,0.4375,y,0.1875,0.04,0.1638231296180322,0.12382312961803218,0.04,0.14200000000000002
2009,1.0,20dB_nominal_difference,imag,vanilla_IBS2,REJECTED_PHYSICAL,XY,z,-0.0625,x,0.5625,y,0.1875,0.04,0.13268032398662044,0.09268032398662043,0.04,0.14200000000000002
2009,1.0,20dB_nominal_difference,imag,vanilla_IBS2,REJECTED_PHYSICAL,XY,z,-0.0625,x,0.6875,y,0.1875,0.04,0.06829488175756226,0.028294881757562264,0.04,0.14200000000000002
2009,1.0,20dB_nominal_difference,imag,vanilla_IBS2,REJECTED_PHYSICAL,XY,z,-0.0625,x,-0.6875,y,0.3125,0.04,0.06236642889455268,0.022366428894552683,0.04,0.14200000000000002
2009,1.0,20dB_nominal_difference,imag,vanilla_IBS2,REJECTED_PHYSICAL,XY,z,-0.0625,x,-0.5625,y,0.3125,0.04,0.03602471054237101,-0.00397528945762899,0.04,0.14200000000000002
2009,1.0,20dB_nominal_difference,imag,vanilla_IBS2,REJECTED_PHYSICAL,XY,z,-0.0625,x,-0.4375,y,0.3125,0.04,0.02785185108907635,-0.01214814891092365,0.04,0.14200000000000002
2009,1.0,20dB_nominal_difference,imag,vanilla_IBS2,REJECTED_PHYSICAL,XY,z,-0.0625,x,-0.3125,y,0.3125,0.04,0.034458093484154254,-0.005541906515845747,0.04,0.14200000000000002
2009,1.0,20dB_nominal_difference,imag,vanilla_IBS2,REJECTED_PHYSICAL,XY,z,-0.0625,x,-0.1875,y,0.3125,0.04,0.053902748604365,0.013902748604365002,0.04,0.14200000000000002
2009,1.0,20dB_nominal_difference,imag,vanilla_IBS2,REJECTED_PHYSICAL,XY,z,-0.0625,x,-0.0625,y,0.3125,0.04,0.081758060897339,0.041758060897339,0.04,0.14200000000000002
2009,1.0,20dB_nominal_difference,imag,vanilla_IBS2,REJECTED_PHYSICAL,XY,z,-0.0625,x,0.0625,y,0.3125,0.04,0.1116476058704638,0.07164760587046379,0.04,0.14200000000000002
2009,1.0,20dB_nominal_difference,imag,vanilla_IBS2,REJECTED_PHYSICAL,XY,z,-0.0625,x,0.1875,y,0.3125,0.04,0.13605400798912687,0.09605400798912686,0.04,0.14200000000000002
2009,1.0,20dB_nominal_difference,imag,vanilla_IBS2,REJECTED_PHYSICAL,XY,z,-0.0625,x,0.3125,y,0.3125,0.04,0.14733370215065414,0.10733370215065413,0.04,0.14200000000000002
2009,1.0,20dB_nominal_difference,imag,vanilla_IBS2,REJECTED_PHYSICAL,XY,z,-0.0625,x,0.4375,y,0.3125,0.04,0.13881233307886415,0.09881233307886414,0.04,0.14200000000000002
2009,1.0,20dB_nominal_difference,imag,vanilla_IBS2,REJECTED_PHYSICAL,XY,z,-0.0625,x,0.5625,y,0.3125,0.04,0.10586385188544489,0.06586385188544489,0.04,0.14200000000000002
2009,1.0,20dB_nominal_difference,imag,vanilla_IBS2,REJECTED_PHYSICAL,XY,z,-0.0625,x,0.6875,y,0.3125,0.04,0.04249473544063326,0.002494735440633257,0.04,0.14200000000000002
2009,1.0,20dB_nominal_difference,imag,vanilla_IBS2,REJECTED_PHYSICAL,XY,z,-0.0625,x,-0.6875,y,0.4375,0.04,0.06722265319841585,0.027222653198415846,0.04,0.14200000000000002
2009,1.0,20dB_nominal_difference,imag,vanilla_IBS2,REJECTED_PHYSICAL,XY,z,-0.0625,x,-0.5625,y,0.4375,0.04,0.05116993209033458,0.01116993209033458,0.04,0.14200000000000002
2009,1.0,20dB_nominal_difference,imag,vanilla_IBS2,REJECTED_PHYSICAL,XY,z,-0.0625,x,-0.4375,y,0.4375,0.04,0.045941524997292926,0.0059415249972929254,0.04,0.14200000000000002
2009,1.0,20dB_nominal_difference,imag,vanilla_IBS2,REJECTED_PHYSICAL,XY,z,-0.0625,x,-0.3125,y,0.4375,0.04,0.049355158851202355,0.009355158851202354,0.04,0.14200000000000002
2009,1.0,20dB_nominal_difference,imag,vanilla_IBS2,REJECTED_PHYSICAL,XY,z,-0.0625,x,-0.1875,y,0.4375,0.04,0.06085397027360939,0.02085397027360939,0.04,0.14200000000000002
2009,1.0,20dB_nominal_difference,imag,vanilla_IBS2,REJECTED_PHYSICAL,XY,z,-0.0625,x,-0.0625,y,0.4375,0.04,0.07799466939127642,0.037994669391276416,0.04,0.14200000000000002
2009,1.0,20dB_nominal_difference,imag,vanilla_IBS2,REJECTED_PHYSICAL,XY,z,-0.0625,x,0.0625,y,0.4375,0.04,0.09650799579396258,0.056507995793962575,0.04,0.14200000000000002
2009,1.0,20dB_nominal_difference,imag,vanilla_IBS2,REJECTED_PHYSICAL,XY,z,-0.0625,x,0.1875,y,0.4375,0.04,0.11079094927849648,0.07079094927849647,0.04,0.14200000000000002
2009,1.0,20dB_nominal_difference,imag,vanilla_IBS2,REJECTED_PHYSICAL,XY,z,-0.0625,x,0.3125,y,0.4375,0.04,0.11470533211650577,0.07470533211650576,0.04,0.14200000000000002
2009,1.0,20dB_nominal_difference,imag,vanilla_IBS2,REJECTED_PHYSICAL,XY,z,-0.0625,x,0.4375,y,0.4375,0.04,0.10246622367133221,0.062466223671332206,0.04,0.14200000000000002
2009,1.0,20dB_nominal_difference,imag,vanilla_IBS2,REJECTED_PHYSICAL,XY,z,-0.0625,x,0.5625,y,0.4375,0.04,0.0694403822596642,0.0294403822596642,0.04,0.14200000000000002
2009,1.0,20dB_nominal_difference,imag,vanilla_IBS2,REJECTED_PHYSICAL,XY,z,-0.0625,x,0.6875,y,0.4375,0.04,0.008831098504600277,-0.031168901495399724,0.04,0.14200000000000002
2009,1.0,20dB_nominal_difference,imag,vanilla_IBS2,REJECTED_PHYSICAL,XY,z,-0.0625,x,-0.6875,y,0.5625,0.04,0.07065015825631409,0.030650158256314085,0.04,0.14200000000000002
2009,1.0,20dB_nominal_difference,imag,vanilla_IBS2,REJECTED_PHYSICAL,XY,z,-0.0625,x,-0.5625,y,0.5625,0.04,0.06169115867473599,0.02169115867473599,0.04,0.14200000000000002
2009,1.0,20dB_nominal_difference,imag,vanilla_IBS2,REJECTED_PHYSICAL,XY,z,-0.0625,x,-0.4375,y,0.5625,0.04,0.056880538128246616,0.016880538128246615,0.04,0.14200000000000002
2009,1.0,20dB_nominal_difference,imag,vanilla_IBS2,REJECTED_PHYSICAL,XY,z,-0.0625,x,-0.3125,y,0.5625,0.04,0.054625492996242475,0.014625492996242474,0.04,0.14200000000000002
2009,1.0,20dB_nominal_difference,imag,vanilla_IBS2,REJECTED_PHYSICAL,XY,z,-0.0625,x,-0.1875,y,0.5625,0.04,0.05609942826983552,0.01609942826983552,0.04,0.14200000000000002
2009,1.0,20dB_nominal_difference,imag,vanilla_IBS2,REJECTED_PHYSICAL,XY,z,-0.0625,x,-0.0625,y,0.5625,0.04,0.06110519964804691,0.021105199648046906,0.04,0.14200000000000002
2009,1.0,20dB_nominal_difference,imag,vanilla_IBS2,REJECTED_PHYSICAL,XY,z,-0.0625,x,0.0625,y,0.5625,0.04,0.06759221982600733,0.027592219826007326,0.04,0.14200000000000002
2009,1.0,20dB_nominal_difference,imag,vanilla_IBS2,REJECTED_PHYSICAL,XY,z,-0.0625,x,0.1875,y,0.5625,0.04,0.07192988724985712,0.03192988724985712,0.04,0.14200000000000002
2009,1.0,20dB_nominal_difference,imag,vanilla_IBS2,REJECTED_PHYSICAL,XY,z,-0.0625,x,0.3125,y,0.5625,0.04,0.06958014113816588,0.02958014113816588,0.04,0.14200000000000002
2009,1.0,20dB_nominal_difference,imag,vanilla_IBS2,REJECTED_PHYSICAL,XY,z,-0.0625,x,0.4375,y,0.5625,0.04,0.055852094277787825,0.015852094277787825,0.04,0.14200000000000002
2009,1.0,20dB_nominal_difference,imag,vanilla_IBS2,REJECTED_PHYSICAL,XY,z,-0.0625,x,0.5625,y,0.5625,0.04,0.026179381846940193,-0.013820618153059808,0.04,0.14200000000000002
2009,1.0,20dB_nominal_difference,imag,vanilla_IBS2,REJECTED_PHYSICAL,XY,z,-0.0625,x,0.6875,y,0.5625,0.04,-0.02875493949509931,-0.06875493949509931,0.04,0.14200000000000002
2009,1.0,20dB_nominal_difference,imag,vanilla_IBS2,REJECTED_PHYSICAL,XY,z,-0.0625,x,-0.6875,y,0.6875,0.04,0.0647092565880222,0.024709256588022192,0.04,0.14200000000000002
2009,1.0,20dB_nominal_difference,imag,vanilla_IBS2,REJECTED_PHYSICAL,XY,z,-0.0625,x,-0.5625,y,0.6875,0.04,0.06271952689713248,0.022719526897132476,0.04,0.14200000000000002
2009,1.0,20dB_nominal_difference,imag,vanilla_IBS2,REJECTED_PHYSICAL,XY,z,-0.0625,x,-0.4375,y,0.6875,0.04,0.056192884670042784,0.016192884670042783,0.04,0.14200000000000002
2009,1.0,20dB_nominal_difference,imag,vanilla_IBS2,REJECTED_PHYSICAL,XY,z,-0.0625,x,-0.3125,y,0.6875,0.04,0.04618582284340322,0.006185822843403216,0.04,0.14200000000000002
2009,1.0,20dB_nominal_difference,imag,vanilla_IBS2,REJECTED_PHYSICAL,XY,z,-0.0625,x,-0.1875,y,0.6875,0.04,0.036650075657005676,-0.0033499243429943246,0.04,0.14200000000000002
2009,1.0,20dB_nominal_difference,imag,vanilla_IBS2,REJECTED_PHYSICAL,XY,z,-0.0625,x,-0.0625,y,0.6875,0.04,0.029658477118780092,-0.010341522881219908,0.04,0.14200000000000002
2009,1.0,20dB_nominal_difference,imag,vanilla_IBS2,REJECTED_PHYSICAL,XY,z,-0.0625,x,0.0625,y,0.6875,0.04,0.025135257651504955,-0.014864742348495046,0.04,0.14200000000000002
2009,1.0,20dB_nominal_difference,imag,vanilla_IBS2,REJECTED_PHYSICAL,XY,z,-0.0625,x,0.1875,y,0.6875,0.04,0.021156655179022994,-0.018843344820977007,0.04,0.14200000000000002
2009,1.0,20dB_nominal_difference,imag,vanilla_IBS2,REJECTED_PHYSICAL,XY,z,-0.0625,x,0.3125,y,0.6875,0.04,0.014645672711406595,-0.025354327288593406,0.04,0.14200000000000002
2009,1.0,20dB_nominal_difference,imag,vanilla_IBS2,REJECTED_PHYSICAL,XY,z,-0.0625,x,0.4375,y,0.6875,0.04,0.002310594588323653,-0.03768940541167635,0.04,0.14200000000000002
2009,1.0,20dB_nominal_difference,imag,vanilla_IBS2,REJECTED_PHYSICAL,XY,z,-0.0625,x,0.5625,y,0.6875,0.04,-0.018563150786334456,-0.05856315078633446,0.04,0.14200000000000002
2009,1.0,20dB_nominal_difference,imag,vanilla_IBS2,REJECTED_PHYSICAL,XY,z,-0.0625,x,0.6875,y,0.6875,0.04,-0.05674772704137015,-0.09674772704137015,0.04,0.14200000000000002
2009,1.0,20dB_nominal_difference,imag,vanilla_IBS2,REJECTED_PHYSICAL,XZ,y,-0.0625,x,-0.6875,z,-0.6875,0.04,0.06579377836096151,0.025793778360961507,0.04,0.14200000000000002
2009,1.0,20dB_nominal_difference,imag,vanilla_IBS2,REJECTED_PHYSICAL,XZ,y,-0.0625,x,-0.5625,z,-0.6875,0.04,0.03471632675299756,-0.005283673247002442,0.04,0.14200000000000002
2009,1.0,20dB_nominal_difference,imag,vanilla_IBS2,REJECTED_PHYSICAL,XZ,y,-0.0625,x,-0.4375,z,-0.6875,0.04,0.011842811548693377,-0.028157188451306624,0.04,0.14200000000000002
2009,1.0,20dB_nominal_difference,imag,vanilla_IBS2,REJECTED_PHYSICAL,XZ,y,-0.0625,x,-0.3125,z,-0.6875,0.04,-0.0008014237793372986,-0.0408014237793373,0.04,0.14200000000000002
2009,1.0,20dB_nominal_difference,imag,vanilla_IBS2,REJECTED_PHYSICAL,XZ,y,-0.0625,x,-0.1875,z,-0.6875,0.04,-0.002692645316939808,-0.04269264531693981,0.04,0.14200000000000002
2009,1.0,20dB_nominal_difference,imag,vanilla_IBS2,REJECTED_PHYSICAL,XZ,y,-0.0625,x,-0.0625,z,-0.6875,0.04,0.0037244594244881662,-0.036275540575511835,0.04,0.14200000000000002
2009,1.0,20dB_nominal_difference,imag,vanilla_IBS2,REJECTED_PHYSICAL,XZ,y,-0.0625,x,0.0625,z,-0.6875,0.04,0.013821998193613072,-0.02617800180638693,0.04,0.14200000000000002
2009,1.0,20dB_nominal_difference,imag,vanilla_IBS2,REJECTED_PHYSICAL,XZ,y,-0.0625,x,0.1875,z,-0.6875,0.04,0.0217773296565169,-0.0182226703434831,0.04,0.14200000000000002
2009,1.0,20dB_nominal_difference,imag,vanilla_IBS2,REJECTED_PHYSICAL,XZ,y,-0.0625,x,0.3125,z,-0.6875,0.04,0.021718529772455825,-0.018281470227544176,0.04,0.14200000000000002
2009,1.0,20dB_nominal_difference,imag,vanilla_IBS2,REJECTED_PHYSICAL,XZ,y,-0.0625,x,0.4375,z,-0.6875,0.04,0.008887224875751505,-0.031112775124248496,0.04,0.14200000000000002
2009,1.0,20dB_nominal_difference,imag,vanilla_IBS2,REJECTED_PHYSICAL,XZ,y,-0.0625,x,0.5625,z,-0.6875,0.04,-0.019520564059056965,-0.059520564059056966,0.04,0.14200000000000002
2009,1.0,20dB_nominal_difference,imag,vanilla_IBS2,REJECTED_PHYSICAL,XZ,y,-0.0625,x,0.6875,z,-0.6875,0.04,-0.07010492058019954,-0.11010492058019955,0.04,0.14200000000000002
2009,1.0,20dB_nominal_difference,imag,vanilla_IBS2,REJECTED_PHYSICAL,XZ,y,-0.0625,x,-0.6875,z,-0.5625,0.04,0.05806222035594453,0.018062220355944528,0.04,0.14200000000000002
2009,1.0,20dB_nominal_difference,imag,vanilla_IBS2,REJECTED_PHYSICAL,XZ,y,-0.0625,x,-0.5625,z,-0.5625,0.04,0.02850747202151426,-0.01149252797848574,0.04,0.14200000000000002
2009,1.0,20dB_nominal_difference,imag,vanilla_IBS2,REJECTED_PHYSICAL,XZ,y,-0.0625,x,-0.4375,z,-0.5625,0.04,0.015748753740361852,-0.02425124625963815,0.04,0.14200000000000002
2009,1.0,20dB_nominal_difference,imag,vanilla_IBS2,REJECTED_PHYSICAL,XZ,y,-0.0625,x,-0.3125,z,-0.5625,0.04,0.01786410111411208,-0.02213589888588792,0.04,0.14200000000000002
2009,1.0,20dB_nominal_difference,imag,vanilla_IBS2,REJECTED_PHYSICAL,XZ,y,-0.0625,x,-0.1875,z,-0.5625,0.04,0.0330085857218288,-0.006991414278171203,0.04,0.14200000000000002
2009,1.0,20dB_nominal_difference,imag,vanilla_IBS2,REJECTED_PHYSICAL,XZ,y,-0.0625,x,-0.0625,z,-0.5625,0.04,0.05691834333066359,0.01691834333066359,0.04,0.14200000000000002
2009,1.0,20dB_nominal_difference,imag,vanilla_IBS2,REJECTED_PHYSICAL,XZ,y,-0.0625,x,0.0625,z,-0.5625,0.04,0.08326684455735087,0.043266844557350866,0.04,0.14200000000000002
2009,1.0,20dB_nominal_difference,imag,vanilla_IBS2,REJECTED_PHYSICAL,XZ,y,-0.0625,x,0.1875,z,-0.5625,0.04,0.10459167293126603,0.06459167293126603,0.04,0.14200000000000002
2009,1.0,20dB_nominal_difference,imag,vanilla_IBS2,REJECTED_PHYSICAL,XZ,y,-0.0625,x,0.3125,z,-0.5625,0.04,0.11345327882663714,0.07345327882663713,0.04,0.14200000000000002
2009,1.0,20dB_nominal_difference,imag,vanilla_IBS2,REJECTED_PHYSICAL,XZ,y,-0.0625,x,0.4375,z,-0.5625,0.04,0.10361311303141288,0.06361311303141287,0.04,0.14200000000000002
2009,1.0,20dB_nominal_difference,imag,vanilla_IBS2,REJECTED_PHYSICAL,XZ,y,-0.0625,x,0.5625,z,-0.5625,0.04,0.07100870662957358,0.031008706629573578,0.04,0.14200000000000002
2009,1.0,20dB_nominal_difference,imag,vanilla_IBS2,REJECTED_PHYSICAL,XZ,y,-0.0625,x,0.6875,z,-0.5625,0.04,0.008770845437552237,-0.031229154562447764,0.04,0.14200000000000002
2009,1.0,20dB_nominal_difference,imag,vanilla_IBS2,REJECTED_PHYSICAL,XZ,y,-0.0625,x,-0.6875,z,-0.4375,0.04,0.048219221094515506,0.008219221094515505,0.04,0.14200000000000002
2009,1.0,20dB_nominal_difference,imag,vanilla_IBS2,REJECTED_PHYSICAL,XZ,y,-0.0625,x,-0.5625,z,-0.4375,0.04,0.018595869173781542,-0.02140413082621846,0.04,0.14200000000000002
2009,1.0,20dB_nominal_difference,imag,vanilla_IBS2,REJECTED_PHYSICAL,XZ,y,-0.0625,x,-0.4375,z,-0.4375,0.04,0.010669336523497767,-0.029330663476502233,0.04,0.14200000000000002
2009,1.0,20dB_nominal_difference,imag,vanilla_IBS2,REJECTED_PHYSICAL,XZ,y,-0.0625,x,-0.3125,z,-0.4375,0.04,0.02180296320259784,-0.01819703679740216,0.04,0.14200000000000002
2009,1.0,20dB_nominal_difference,imag,vanilla_IBS2,REJECTED_PHYSICAL,XZ,y,-0.0625,x,-0.1875,z,-0.4375,0.04,0.04858852856761209,0.008588528567612087,0.04,0.14200000000000002
2009,1.0,20dB_nominal_difference,imag,vanilla_IBS2,REJECTED_PHYSICAL,XZ,y,-0.0625,x,-0.0625,z,-0.4375,0.04,0.08514618072199293,0.045146180721992925,0.04,0.14200000000000002
2009,1.0,20dB_nominal_difference,imag,vanilla_IBS2,REJECTED_PHYSICAL,XZ,y,-0.0625,x,0.0625,z,-0.4375,0.04,0.12361758123203284,0.08361758123203283,0.04,0.14200000000000002
2009,1.0,20dB_nominal_difference,imag,vanilla_IBS2,REJECTED_PHYSICAL,XZ,y,-0.0625,x,0.1875,z,-0.4375,0.04,0.15512453084427444,0.11512453084427443,0.04,0.14200000000000002
2009,1.0,20dB_nominal_difference,imag,vanilla_IBS2,REJECTED_PHYSICAL,XZ,y,-0.0625,x,0.3125,z,-0.4375,0.04,0.17098294229828892,0.1309829422982889,0.04,0.14200000000000002
2009,1.0,20dB_nominal_difference,imag,vanilla_IBS2,REJECTED_PHYSICAL,XZ,y,-0.0625,x,0.4375,z,-0.4375,0.04,0.1640026285696,0.12400262856959998,0.04,0.14200000000000002
2009,1.0,20dB_nominal_difference,imag,vanilla_IBS2,REJECTED_PHYSICAL,XZ,y,-0.0625,x,0.5625,z,-0.4375,0.04,0.12974945395993775,0.08974945395993775,0.04,0.14200000000000002
2009,1.0,20dB_nominal_difference,imag,vanilla_IBS2,REJECTED_PHYSICAL,XZ,y,-0.0625,x,0.6875,z,-0.4375,0.04,0.06127045354818452,0.02127045354818452,0.04,0.14200000000000002
2009,1.0,20dB_nominal_difference,imag,vanilla_IBS2,REJECTED_PHYSICAL,XZ,y,-0.0625,x,-0.6875,z,-0.3125,0.04,0.042480811256175394,0.002480811256175393,0.04,0.14200000000000002
2009,1.0,20dB_nominal_difference,imag,vanilla_IBS2,REJECTED_PHYSICAL,XZ,y,-0.0625,x,-0.5625,z,-0.3125,0.04,0.007736696238329288,-0.03226330376167071,0.04,0.14200000000000002
2009,1.0,20dB_nominal_difference,imag,vanilla_IBS2,REJECTED_PHYSICAL,XZ,y,-0.0625,x,-0.4375,z,-0.3125,0.04,-0.0008919617634957425,-0.04089196176349574,0.04,0.14200000000000002
2009,1.0,20dB_nominal_difference,imag,vanilla_IBS2,REJECTED_PHYSICAL,XZ,y,-0.0625,x,-0.3125,z,-0.3125,0.04,0.013137139239414994,-0.026862860760585007,0.04,0.14200000000000002
2009,1.0,20dB_nominal_difference,imag,vanilla_IBS2,REJECTED_PHYSICAL,XZ,y,-0.0625,x,-0.1875,z,-0.3125,0.093,0.04557802758793223,-0.04742197241206777,0.04,0.14200000000000002
2009,1.0,20dB_nominal_difference,imag,vanilla_IBS2,REJECTED_PHYSICAL,XZ,y,-0.0625,x,-0.0625,z,-0.3125,0.093,0.08940606163755004,-0.003593938362449964,0.04,0.14200000000000002
2009,1.0,20dB_nominal_difference,imag,vanilla_IBS2,REJECTED_PHYSICAL,XZ,y,-0.0625,x,0.0625,z,-0.3125,0.093,0.13559725380046617,0.04259725380046617,0.04,0.14200000000000002
2009,1.0,20dB_nominal_difference,imag,vanilla_IBS2,REJECTED_PHYSICAL,XZ,y,-0.0625,x,0.1875,z,-0.3125,0.093,0.17420681119544043,0.08120681119544043,0.04,0.14200000000000002
2009,1.0,20dB_nominal_difference,imag,vanilla_IBS2,REJECTED_PHYSICAL,XZ,y,-0.0625,x,0.3125,z,-0.3125,0.04,0.1956481217997431,0.1556481217997431,0.04,0.14200000000000002
2009,1.0,20dB_nominal_difference,imag,vanilla_IBS2,REJECTED_PHYSICAL,XZ,y,-0.0625,x,0.4375,z,-0.3125,0.04,0.19204337672215474,0.15204337672215473,0.04,0.14200000000000002
2009,1.0,20dB_nominal_difference,imag,vanilla_IBS2,REJECTED_PHYSICAL,XZ,y,-0.0625,x,0.5625,z,-0.3125,0.04,0.15848467713745426,0.11848467713745425,0.04,0.14200000000000002
2009,1.0,20dB_nominal_difference,imag,vanilla_IBS2,REJECTED_PHYSICAL,XZ,y,-0.0625,x,0.6875,z,-0.3125,0.04,0.08768491895089246,0.04768491895089246,0.04,0.14200000000000002
2009,1.0,20dB_nominal_difference,imag,vanilla_IBS2,REJECTED_PHYSICAL,XZ,y,-0.0625,x,-0.6875,z,-0.1875,0.04,0.04356807715733809,0.00356807715733809,0.04,0.14200000000000002
2009,1.0,20dB_nominal_difference,imag,vanilla_IBS2,REJECTED_PHYSICAL,XZ,y,-0.0625,x,-0.5625,z,-0.1875,0.04,-0.0010711631613593772,-0.04107116316135938,0.04,0.14200000000000002
2009,1.0,20dB_nominal_difference,imag,vanilla_IBS2,REJECTED_PHYSICAL,XZ,y,-0.0625,x,-0.4375,z,-0.1875,0.04,-0.015244328026841628,-0.05524432802684163,0.04,0.14200000000000002
2009,1.0,20dB_nominal_difference,imag,vanilla_IBS2,REJECTED_PHYSICAL,XZ,y,-0.0625,x,-0.3125,z,-0.1875,0.093,-0.0036291606946897495,-0.09662916069468974,0.04,0.14200000000000002
2009,1.0,20dB_nominal_difference,imag,vanilla_IBS2,REJECTED_PHYSICAL,XZ,y,-0.0625,x,-0.1875,z,-0.1875,0.093,0.029096269009301796,-0.06390373099069821,0.04,0.14200000000000002
2009,1.0,20dB_nominal_difference,imag,vanilla_IBS2,REJECTED_PHYSICAL,XZ,y,-0.0625,x,-0.0625,z,-0.1875,0.11750000000000002,0.07521409215041379,-0.04228590784958623,0.04,0.14200000000000002
2009,1.0,20dB_nominal_difference,imag,vanilla_IBS2,REJECTED_PHYSICAL,XZ,y,-0.0625,x,0.0625,z,-0.1875,0.11750000000000002,0.12495935596377658,0.007459355963776559,0.04,0.14200000000000002
2009,1.0,20dB_nominal_difference,imag,vanilla_IBS2,REJECTED_PHYSICAL,XZ,y,-0.0625,x,0.1875,z,-0.1875,0.11750000000000002,0.16771833369986996,0.050218333699869944,0.04,0.14200000000000002
2009,1.0,20dB_nominal_difference,imag,vanilla_IBS2,REJECTED_PHYSICAL,XZ,y,-0.0625,x,0.3125,z,-0.1875,0.11750000000000002,0.19334154368334294,0.07584154368334292,0.04,0.14200000000000002
2009,1.0,20dB_nominal_difference,imag,vanilla_IBS2,REJECTED_PHYSICAL,XZ,y,-0.0625,x,0.4375,z,-0.1875,0.04,0.19346124804980586,0.15346124804980585,0.04,0.14200000000000002
2009,1.0,20dB_nominal_difference,imag,vanilla_IBS2,REJECTED_PHYSICAL,XZ,y,-0.0625,x,0.5625,z,-0.1875,0.04,0.16266006020866705,0.12266006020866704,0.04,0.14200000000000002
2009,1.0,20dB_nominal_difference,imag,vanilla_IBS2,REJECTED_PHYSICAL,XZ,y,-0.0625,x,0.6875,z,-0.1875,0.04,0.09386516903465647,0.05386516903465647,0.04,0.14200000000000002
2009,1.0,20dB_nominal_difference,imag,vanilla_IBS2,REJECTED_PHYSICAL,XZ,y,-0.0625,x,-0.6875,z,-0.0625,0.04,0.05152965256398473,0.011529652563984728,0.04,0.14200000000000002
2009,1.0,20dB_nominal_difference,imag,vanilla_IBS2,REJECTED_PHYSICAL,XZ,y,-0.0625,x,-0.5625,z,-0.0625,0.04,-0.005988266933186104,-0.045988266933186105,0.04,0.14200000000000002
2009,1.0,20dB_nominal_difference,imag,vanilla_IBS2,REJECTED_PHYSICAL,XZ,y,-0.0625,x,-0.4375,z,-0.0625,0.04,-0.02896102048917535,-0.06896102048917535,0.04,0.14200000000000002
2009,1.0,20dB_nominal_difference,imag,vanilla_IBS2,REJECTED_PHYSICAL,XZ,y,-0.0625,x,-0.3125,z,-0.0625,0.093,-0.023537615304457353,-0.11653761530445736,0.04,0.14200000000000002
2009,1.0,20dB_nominal_difference,imag,vanilla_IBS2,REJECTED_PHYSICAL,XZ,y,-0.0625,x,-0.1875,z,-0.0625,0.11750000000000002,0.005402513311761732,-0.1120974866882383,0.04,0.14200000000000002
2009,1.0,20dB_nominal_difference,imag,vanilla_IBS2,REJECTED_PHYSICAL,XZ,y,-0.0625,x,-0.0625,z,-0.0625,0.11750000000000002,0.049803294003270826,-0.0676967059967292,0.04,0.14200000000000002
2009,1.0,20dB_nominal_difference,imag,vanilla_IBS2,REJECTED_PHYSICAL,XZ,y,-0.0625,x,0.0625,z,-0.0625,0.14200000000000002,0.0995641826216741,-0.04243581737832591,0.04,0.14200000000000002
2009,1.0,20dB_nominal_difference,imag,vanilla_IBS2,REJECTED_PHYSICAL,XZ,y,-0.0625,x,0.1875,z,-0.0625,0.14200000000000002,0.14381413353788536,0.001814133537885343,0.04,0.14200000000000002
2009,1.0,20dB_nominal_difference,imag,vanilla_IBS2,REJECTED_PHYSICAL,XZ,y,-0.0625,x,0.3125,z,-0.0625,0.14200000000000002,0.1722112617077082,0.030211261707708187,0.04,0.14200000000000002
2009,1.0,20dB_nominal_difference,imag,vanilla_IBS2,REJECTED_PHYSICAL,XZ,y,-0.0625,x,0.4375,z,-0.0625,0.093,0.17617216482493153,0.08317216482493153,0.04,0.14200000000000002
2009,1.0,20dB_nominal_difference,imag,vanilla_IBS2,REJECTED_PHYSICAL,XZ,y,-0.0625,x,0.5625,z,-0.0625,0.04,0.14992538503094374,0.10992538503094373,0.04,0.14200000000000002
2009,1.0,20dB_nominal_difference,imag,vanilla_IBS2,REJECTED_PHYSICAL,XZ,y,-0.0625,x,0.6875,z,-0.0625,0.04,0.08724196770808523,0.04724196770808523,0.04,0.14200000000000002
2009,1.0,20dB_nominal_difference,imag,vanilla_IBS2,REJECTED_PHYSICAL,XZ,y,-0.0625,x,-0.6875,z,0.0625,0.04,0.06428562629621544,0.02428562629621544,0.04,0.14200000000000002
2009,1.0,20dB_nominal_difference,imag,vanilla_IBS2,REJECTED_PHYSICAL,XZ,y,-0.0625,x,-0.5625,z,0.0625,0.04,-0.006548964371855218,-0.04654896437185522,0.04,0.14200000000000002
2009,1.0,20dB_nominal_difference,imag,vanilla_IBS2,REJECTED_PHYSICAL,XZ,y,-0.0625,x,-0.4375,z,0.0625,0.04,-0.03939750996514812,-0.07939750996514812,0.04,0.14200000000000002
2009,1.0,20dB_nominal_difference,imag,vanilla_IBS2,REJECTED_PHYSICAL,XZ,y,-0.0625,x,-0.3125,z,0.0625,0.093,-0.041941711190950436,-0.13494171119095044,0.04,0.14200000000000002
2009,1.0,20dB_nominal_difference,imag,vanilla_IBS2,REJECTED_PHYSICAL,XZ,y,-0.0625,x,-0.1875,z,0.0625,0.11750000000000002,-0.01916169561164064,-0.13666169561164065,0.04,0.14200000000000002
2009,1.0,20dB_nominal_difference,imag,vanilla_IBS2,REJECTED_PHYSICAL,XZ,y,-0.0625,x,-0.0625,z,0.0625,0.14200000000000002,0.02079627437395744,-0.12120372562604258,0.04,0.14200000000000002
2009,1.0,20dB_nominal_difference,imag,vanilla_IBS2,REJECTED_PHYSICAL,XZ,y,-0.0625,x,0.0625,z,0.0625,0.14200000000000002,0.06785206446088109,-0.07414793553911893,0.04,0.14200000000000002
2009,1.0,20dB_nominal_difference,imag,vanilla_IBS2,REJECTED_PHYSICAL,XZ,y,-0.0625,x,0.1875,z,0.0625,0.14200000000000002,0.1112898592345026,-0.030710140765497412,0.04,0.14200000000000002
2009,1.0,20dB_nominal_difference,imag,vanilla_IBS2,REJECTED_PHYSICAL,XZ,y,-0.0625,x,0.3125,z,0.0625,0.14200000000000002,0.14099399350150457,-0.001006006498495443,0.04,0.14200000000000002
2009,1.0,20dB_nominal_difference,imag,vanilla_IBS2,REJECTED_PHYSICAL,XZ,y,-0.0625,x,0.4375,z,0.0625,0.093,0.14854232732993072,0.055542327329930724,0.04,0.14200000000000002
2009,1.0,20dB_nominal_difference,imag,vanilla_IBS2,REJECTED_PHYSICAL,XZ,y,-0.0625,x,0.5625,z,0.0625,0.04,0.1281020362329878,0.08810203623298779,0.04,0.14200000000000002
2009,1.0,20dB_nominal_difference,imag,vanilla_IBS2,REJECTED_PHYSICAL,XZ,y,-0.0625,x,0.6875,z,0.0625,0.04,0.07476895274945711,0.034768952749457106,0.04,0.14200000000000002
2009,1.0,20dB_nominal_difference,imag,vanilla_IBS2,REJECTED_PHYSICAL,XZ,y,-0.0625,x,-0.6875,z,0.1875,0.04,0.07860785067947963,0.03860785067947963,0.04,0.14200000000000002
2009,1.0,20dB_nominal_difference,imag,vanilla_IBS2,REJECTED_PHYSICAL,XZ,y,-0.0625,x,-0.5625,z,0.1875,0.04,-0.0032686176554021437,-0.043268617655402145,0.04,0.14200000000000002
2009,1.0,20dB_nominal_difference,imag,vanilla_IBS2,REJECTED_PHYSICAL,XZ,y,-0.0625,x,-0.4375,z,0.1875,0.04,-0.044705711934988464,-0.08470571193498846,0.04,0.14200000000000002
2009,1.0,20dB_nominal_difference,imag,vanilla_IBS2,REJECTED_PHYSICAL,XZ,y,-0.0625,x,-0.3125,z,0.1875,0.093,-0.054838846726045866,-0.14783884672604586,0.04,0.14200000000000002
2009,1.0,20dB_nominal_difference,imag,vanilla_IBS2,REJECTED_PHYSICAL,XZ,y,-0.0625,x,-0.1875,z,0.1875,0.093,-0.03879938988354712,-0.1317993898835471,0.04,0.14200000000000002
2009,1.0,20dB_nominal_difference,imag,vanilla_IBS2,REJECTED_PHYSICAL,XZ,y,-0.0625,x,-0.0625,z,0.1875,0.11750000000000002,-0.004679819683927652,-0.12217981968392767,0.04,0.14200000000000002
2009,1.0,20dB_nominal_difference,imag,vanilla_IBS2,REJECTED_PHYSICAL,XZ,y,-0.0625,x,0.0625,z,0.1875,0.14200000000000002,0.037766099666766084,-0.10423390033323393,0.04,0.14200000000000002
2009,1.0,20dB_nominal_difference,imag,vanilla_IBS2,REJECTED_PHYSICAL,XZ,y,-0.0625,x,0.1875,z,0.1875,0.14200000000000002,0.07838545173288272,-0.0636145482671173,0.04,0.14200000000000002
2009,1.0,20dB_nominal_difference,imag,vanilla_IBS2,REJECTED_PHYSICAL,XZ,y,-0.0625,x,0.3125,z,0.1875,0.11750000000000002,0.10774932750420518,-0.009750672495794838,0.04,0.14200000000000002
2009,1.0,20dB_nominal_difference,imag,vanilla_IBS2,REJECTED_PHYSICAL,XZ,y,-0.0625,x,0.4375,z,0.1875,0.04,0.11806704750759592,0.07806704750759591,0.04,0.14200000000000002
2009,1.0,20dB_nominal_difference,imag,vanilla_IBS2,REJECTED_PHYSICAL,XZ,y,-0.0625,x,0.5625,z,0.1875,0.04,0.10385491157681048,0.06385491157681047,0.04,0.14200000000000002
2009,1.0,20dB_nominal_difference,imag,vanilla_IBS2,REJECTED_PHYSICAL,XZ,y,-0.0625,x,0.6875,z,0.1875,0.04,0.061810269595279355,0.021810269595279354,0.04,0.14200000000000002
2009,1.0,20dB_nominal_difference,imag,vanilla_IBS2,REJECTED_PHYSICAL,XZ,y,-0.0625,x,-0.6875,z,0.3125,0.04,0.09137322563142375,0.05137322563142375,0.04,0.14200000000000002
2009,1.0,20dB_nominal_difference,imag,vanilla_IBS2,REJECTED_PHYSICAL,XZ,y,-0.0625,x,-0.5625,z,0.3125,0.04,0.003092422620358762,-0.03690757737964124,0.04,0.14200000000000002
2009,1.0,20dB_nominal_difference,imag,vanilla_IBS2,REJECTED_PHYSICAL,XZ,y,-0.0625,x,-0.4375,z,0.3125,0.04,-0.04343573731012967,-0.08343573731012967,0.04,0.14200000000000002
2009,1.0,20dB_nominal_difference,imag,vanilla_IBS2,REJECTED_PHYSICAL,XZ,y,-0.0625,x,-0.3125,z,0.3125,0.04,-0.05876683066057079,-0.09876683066057079,0.04,0.14200000000000002
2009,1.0,20dB_nominal_difference,imag,vanilla_IBS2,REJECTED_PHYSICAL,XZ,y,-0.0625,x,-0.1875,z,0.3125,0.093,-0.04843051195579085,-0.14143051195579084,0.04,0.14200000000000002
2009,1.0,20dB_nominal_difference,imag,vanilla_IBS2,REJECTED_PHYSICAL,XZ,y,-0.0625,x,-0.0625,z,0.3125,0.093,-0.020393294812153996,-0.11339329481215399,0.04,0.14200000000000002
2009,1.0,20dB_nominal_difference,imag,vanilla_IBS2,REJECTED_PHYSICAL,XZ,y,-0.0625,x,0.0625,z,0.3125,0.093,0.016199282522857593,-0.0768007174771424,0.04,0.14200000000000002
2009,1.0,20dB_nominal_difference,imag,vanilla_IBS2,REJECTED_PHYSICAL,XZ,y,-0.0625,x,0.1875,z,0.3125,0.093,0.05215396782039233,-0.040846032179607666,0.04,0.14200000000000002
2009,1.0,20dB_nominal_difference,imag,vanilla_IBS2,REJECTED_PHYSICAL,XZ,y,-0.0625,x,0.3125,z,0.3125,0.04,0.0792023148289589,0.0392023148289589,0.04,0.14200000000000002
2009,1.0,20dB_nominal_difference,imag,vanilla_IBS2,REJECTED_PHYSICAL,XZ,y,-0.0625,x,0.4375,z,0.3125,0.04,0.09072740298813775,0.05072740298813775,0.04,0.14200000000000002
2009,1.0,20dB_nominal_difference,imag,vanilla_IBS2,REJECTED_PHYSICAL,XZ,y,-0.0625,x,0.5625,z,0.3125,0.04,0.08215017342290157,0.04215017342290157,0.04,0.14200000000000002
2009,1.0,20dB_nominal_difference,imag,vanilla_IBS2,REJECTED_PHYSICAL,XZ,y,-0.0625,x,0.6875,z,0.3125,0.04,0.05189728361248919,0.011897283612489186,0.04,0.14200000000000002
2009,1.0,20dB_nominal_difference,imag,vanilla_IBS2,REJECTED_PHYSICAL,XZ,y,-0.0625,x,-0.6875,z,0.4375,0.04,0.10058045239464787,0.06058045239464787,0.04,0.14200000000000002
2009,1.0,20dB_nominal_difference,imag,vanilla_IBS2,REJECTED_PHYSICAL,XZ,y,-0.0625,x,-0.5625,z,0.4375,0.04,0.01223049955758591,-0.02776950044241409,0.04,0.14200000000000002
2009,1.0,20dB_nominal_difference,imag,vanilla_IBS2,REJECTED_PHYSICAL,XZ,y,-0.0625,x,-0.4375,z,0.4375,0.04,-0.03392306334387287,-0.07392306334387287,0.04,0.14200000000000002
2009,1.0,20dB_nominal_difference,imag,vanilla_IBS2,REJECTED_PHYSICAL,XZ,y,-0.0625,x,-0.3125,z,0.4375,0.04,-0.050407406974022816,-0.09040740697402282,0.04,0.14200000000000002
2009,1.0,20dB_nominal_difference,imag,vanilla_IBS2,REJECTED_PHYSICAL,XZ,y,-0.0625,x,-0.1875,z,0.4375,0.04,-0.04355388019764154,-0.08355388019764154,0.04,0.14200000000000002
2009,1.0,20dB_nominal_difference,imag,vanilla_IBS2,REJECTED_PHYSICAL,XZ,y,-0.0625,x,-0.0625,z,0.4375,0.04,-0.021061888314624792,-0.06106188831462479,0.04,0.14200000000000002
2009,1.0,20dB_nominal_difference,imag,vanilla_IBS2,REJECTED_PHYSICAL,XZ,y,-0.0625,x,0.0625,z,0.4375,0.04,0.008851628184807628,-0.031148371815192373,0.04,0.14200000000000002
2009,1.0,20dB_nominal_difference,imag,vanilla_IBS2,REJECTED_PHYSICAL,XZ,y,-0.0625,x,0.1875,z,0.4375,0.04,0.0383239411742321,-0.0016760588257678996,0.04,0.14200000000000002
2009,1.0,20dB_nominal_difference,imag,vanilla_IBS2,REJECTED_PHYSICAL,XZ,y,-0.0625,x,0.3125,z,0.4375,0.04,0.060664639168422116,0.020664639168422115,0.04,0.14200000000000002
2009,1.0,20dB_nominal_difference,imag,vanilla_IBS2,REJECTED_PHYSICAL,XZ,y,-0.0625,x,0.4375,z,0.4375,0.04,0.07096913396371012,0.030969133963710115,0.04,0.14200000000000002
2009,1.0,20dB_nominal_difference,imag,vanilla_IBS2,REJECTED_PHYSICAL,XZ,y,-0.0625,x,0.5625,z,0.4375,0.04,0.06631967658675479,0.02631967658675479,0.04,0.14200000000000002
2009,1.0,20dB_nominal_difference,imag,vanilla_IBS2,REJECTED_PHYSICAL,XZ,y,-0.0625,x,0.6875,z,0.4375,0.04,0.04714526044164343,0.007145260441643431,0.04,0.14200000000000002
2009,1.0,20dB_nominal_difference,imag,vanilla_IBS2,REJECTED_PHYSICAL,XZ,y,-0.0625,x,-0.6875,z,0.5625,0.04,0.10501322319725667,0.06501322319725666,0.04,0.14200000000000002
2009,1.0,20dB_nominal_difference,imag,vanilla_IBS2,REJECTED_PHYSICAL,XZ,y,-0.0625,x,-0.5625,z,0.5625,0.04,0.024633057283391997,-0.015366942716608004,0.04,0.14200000000000002
2009,1.0,20dB_nominal_difference,imag,vanilla_IBS2,REJECTED_PHYSICAL,XZ,y,-0.0625,x,-0.4375,z,0.5625,0.04,-0.013512765221968703,-0.053512765221968704,0.04,0.14200000000000002
2009,1.0,20dB_nominal_difference,imag,vanilla_IBS2,REJECTED_PHYSICAL,XZ,y,-0.0625,x,-0.3125,z,0.5625,0.04,-0.02608299737063032,-0.06608299737063032,0.04,0.14200000000000002
2009,1.0,20dB_nominal_difference,imag,vanilla_IBS2,REJECTED_PHYSICAL,XZ,y,-0.0625,x,-0.1875,z,0.5625,0.04,-0.020055886191266616,-0.060055886191266616,0.04,0.14200000000000002
2009,1.0,20dB_nominal_difference,imag,vanilla_IBS2,REJECTED_PHYSICAL,XZ,y,-0.0625,x,-0.0625,z,0.5625,0.04,-0.002320828935091078,-0.04232082893509108,0.04,0.14200000000000002
2009,1.0,20dB_nominal_difference,imag,vanilla_IBS2,REJECTED_PHYSICAL,XZ,y,-0.0625,x,0.0625,z,0.5625,0.04,0.020251360805302827,-0.019748639194697173,0.04,0.14200000000000002
2009,1.0,20dB_nominal_difference,imag,vanilla_IBS2,REJECTED_PHYSICAL,XZ,y,-0.0625,x,0.1875,z,0.5625,0.04,0.041434097856990704,0.0014340978569907029,0.04,0.14200000000000002
2009,1.0,20dB_nominal_difference,imag,vanilla_IBS2,REJECTED_PHYSICAL,XZ,y,-0.0625,x,0.3125,z,0.5625,0.04,0.056363398706997955,0.016363398706997954,0.04,0.14200000000000002
2009,1.0,20dB_nominal_difference,imag,vanilla_IBS2,REJECTED_PHYSICAL,XZ,y,-0.0625,x,0.4375,z,0.5625,0.04,0.062154302255296834,0.022154302255296833,0.04,0.14200000000000002
2009,1.0,20dB_nominal_difference,imag,vanilla_IBS2,REJECTED_PHYSICAL,XZ,y,-0.0625,x,0.5625,z,0.5625,0.04,0.058357488632239246,0.018357488632239245,0.04,0.14200000000000002
2009,1.0,20dB_nominal_difference,imag,vanilla_IBS2,REJECTED_PHYSICAL,XZ,y,-0.0625,x,0.6875,z,0.5625,0.04,0.0488479727943904,0.008847972794390396,0.04,0.14200000000000002
2009,1.0,20dB_nominal_difference,imag,vanilla_IBS2,REJECTED_PHYSICAL,XZ,y,-0.0625,x,-0.6875,z,0.6875,0.04,0.09406116587618449,0.05406116587618449,0.04,0.14200000000000002
2009,1.0,20dB_nominal_difference,imag,vanilla_IBS2,REJECTED_PHYSICAL,XZ,y,-0.0625,x,-0.5625,z,0.6875,0.04,0.04154312975983264,0.0015431297598326385,0.04,0.14200000000000002
2009,1.0,20dB_nominal_difference,imag,vanilla_IBS2,REJECTED_PHYSICAL,XZ,y,-0.0625,x,-0.4375,z,0.6875,0.04,0.02257500616095758,-0.017424993839042422,0.04,0.14200000000000002
2009,1.0,20dB_nominal_difference,imag,vanilla_IBS2,REJECTED_PHYSICAL,XZ,y,-0.0625,x,-0.3125,z,0.6875,0.04,0.019522277466704707,-0.020477722533295294,0.04,0.14200000000000002
2009,1.0,20dB_nominal_difference,imag,vanilla_IBS2,REJECTED_PHYSICAL,XZ,y,-0.0625,x,-0.1875,z,0.6875,0.04,0.02757341176248922,-0.01242658823751078,0.04,0.14200000000000002
2009,1.0,20dB_nominal_difference,imag,vanilla_IBS2,REJECTED_PHYSICAL,XZ,y,-0.0625,x,-0.0625,z,0.6875,0.04,0.041571818458518484,0.0015718184585184827,0.04,0.14200000000000002
2009,1.0,20dB_nominal_difference,imag,vanilla_IBS2,REJECTED_PHYSICAL,XZ,y,-0.0625,x,0.0625,z,0.6875,0.04,0.05632665377599932,0.016326653775999317,0.04,0.14200000000000002
2009,1.0,20dB_nominal_difference,imag,vanilla_IBS2,REJECTED_PHYSICAL,XZ,y,-0.0625,x,0.1875,z,0.6875,0.04,0.06741418301167044,0.027414183011670444,0.04,0.14200000000000002
2009,1.0,20dB_nominal_difference,imag,vanilla_IBS2,REJECTED_PHYSICAL,XZ,y,-0.0625,x,0.3125,z,0.6875,0.04,0.071867547493419,0.031867547493419,0.04,0.14200000000000002
2009,1.0,20dB_nominal_difference,imag,vanilla_IBS2,REJECTED_PHYSICAL,XZ,y,-0.0625,x,0.4375,z,0.6875,0.04,0.06870644493873529,0.02870644493873529,0.04,0.14200000000000002
2009,1.0,20dB_nominal_difference,imag,vanilla_IBS2,REJECTED_PHYSICAL,XZ,y,-0.0625,x,0.5625,z,0.6875,0.04,0.05970330472698734,0.019703304726987336,0.04,0.14200000000000002
2009,1.0,20dB_nominal_difference,imag,vanilla_IBS2,REJECTED_PHYSICAL,XZ,y,-0.0625,x,0.6875,z,0.6875,0.04,0.055326709591276654,0.015326709591276653,0.04,0.14200000000000002
2009,1.0,20dB_nominal_difference,imag,vanilla_IBS2,REJECTED_PHYSICAL,YZ,x,-0.0625,y,-0.6875,z,-0.6875,0.04,0.02395785598546407,-0.01604214401453593,0.04,0.14200000000000002
2009,1.0,20dB_nominal_difference,imag,vanilla_IBS2,REJECTED_PHYSICAL,YZ,x,-0.0625,y,-0.5625,z,-0.6875,0.04,0.010287962281072108,-0.029712037718927893,0.04,0.14200000000000002
2009,1.0,20dB_nominal_difference,imag,vanilla_IBS2,REJECTED_PHYSICAL,YZ,x,-0.0625,y,-0.4375,z,-0.6875,0.04,0.003739130992910289,-0.03626086900708971,0.04,0.14200000000000002
2009,1.0,20dB_nominal_difference,imag,vanilla_IBS2,REJECTED_PHYSICAL,YZ,x,-0.0625,y,-0.3125,z,-0.6875,0.04,0.0016689205298671406,-0.03833107947013286,0.04,0.14200000000000002
2009,1.0,20dB_nominal_difference,imag,vanilla_IBS2,REJECTED_PHYSICAL,YZ,x,-0.0625,y,-0.1875,z,-0.6875,0.04,0.0021587324435965102,-0.03784126755640349,0.04,0.14200000000000002
2009,1.0,20dB_nominal_difference,imag,vanilla_IBS2,REJECTED_PHYSICAL,YZ,x,-0.0625,y,-0.0625,z,-0.6875,0.04,0.0037244594244881662,-0.036275540575511835,0.04,0.14200000000000002
2009,1.0,20dB_nominal_difference,imag,vanilla_IBS2,REJECTED_PHYSICAL,YZ,x,-0.0625,y,0.0625,z,-0.6875,0.04,0.005421332724037414,-0.03457866727596259,0.04,0.14200000000000002
2009,1.0,20dB_nominal_difference,imag,vanilla_IBS2,REJECTED_PHYSICAL,YZ,x,-0.0625,y,0.1875,z,-0.6875,0.04,0.006676096473205176,-0.033323903526794825,0.04,0.14200000000000002
2009,1.0,20dB_nominal_difference,imag,vanilla_IBS2,REJECTED_PHYSICAL,YZ,x,-0.0625,y,0.3125,z,-0.6875,0.04,0.0069384158353559475,-0.03306158416464405,0.04,0.14200000000000002
2009,1.0,20dB_nominal_difference,imag,vanilla_IBS2,REJECTED_PHYSICAL,YZ,x,-0.0625,y,0.4375,z,-0.6875,0.04,0.005247809417553317,-0.03475219058244668,0.04,0.14200000000000002
2009,1.0,20dB_nominal_difference,imag,vanilla_IBS2,REJECTED_PHYSICAL,YZ,x,-0.0625,y,0.5625,z,-0.6875,0.04,-0.00020007861279088685,-0.04020007861279089,0.04,0.14200000000000002
2009,1.0,20dB_nominal_difference,imag,vanilla_IBS2,REJECTED_PHYSICAL,YZ,x,-0.0625,y,0.6875,z,-0.6875,0.04,-0.00854240284276745,-0.04854240284276745,0.04,0.14200000000000002
2009,1.0,20dB_nominal_difference,imag,vanilla_IBS2,REJECTED_PHYSICAL,YZ,x,-0.0625,y,-0.6875,z,-0.5625,0.04,0.05674706084913317,0.016747060849133168,0.04,0.14200000000000002
2009,1.0,20dB_nominal_difference,imag,vanilla_IBS2,REJECTED_PHYSICAL,YZ,x,-0.0625,y,-0.5625,z,-0.5625,0.04,0.045956685385143387,0.005956685385143386,0.04,0.14200000000000002
2009,1.0,20dB_nominal_difference,imag,vanilla_IBS2,REJECTED_PHYSICAL,YZ,x,-0.0625,y,-0.4375,z,-0.5625,0.04,0.04368294419560812,0.0036829441956081205,0.04,0.14200000000000002
2009,1.0,20dB_nominal_difference,imag,vanilla_IBS2,REJECTED_PHYSICAL,YZ,x,-0.0625,y,-0.3125,z,-0.5625,0.04,0.04623495962370443,0.006234959623704427,0.04,0.14200000000000002
2009,1.0,20dB_nominal_difference,imag,vanilla_IBS2,REJECTED_PHYSICAL,YZ,x,-0.0625,y,-0.1875,z,-0.5625,0.04,0.0513352319060645,0.011335231906064502,0.04,0.14200000000000002
2009,1.0,20dB_nominal_difference,imag,vanilla_IBS2,REJECTED_PHYSICAL,YZ,x,-0.0625,y,-0.0625,z,-0.5625,0.04,0.05691834333066359,0.01691834333066359,0.04,0.14200000000000002
2009,1.0,20dB_nominal_difference,imag,vanilla_IBS2,REJECTED_PHYSICAL,YZ,x,-0.0625,y,0.0625,z,-0.5625,0.04,0.06127895833862686,0.021278958338626856,0.04,0.14200000000000002
2009,1.0,20dB_nominal_difference,imag,vanilla_IBS2,REJECTED_PHYSICAL,YZ,x,-0.0625,y,0.1875,z,-0.5625,0.04,0.06298862390639487,0.02298862390639487,0.04,0.14200000000000002
2009,1.0,20dB_nominal_difference,imag,vanilla_IBS2,REJECTED_PHYSICAL,YZ,x,-0.0625,y,0.3125,z,-0.5625,0.04,0.060697769415237524,0.020697769415237523,0.04,0.14200000000000002
2009,1.0,20dB_nominal_difference,imag,vanilla_IBS2,REJECTED_PHYSICAL,YZ,x,-0.0625,y,0.4375,z,-0.5625,0.04,0.052976913511175325,0.012976913511175324,0.04,0.14200000000000002
2009,1.0,20dB_nominal_difference,imag,vanilla_IBS2,REJECTED_PHYSICAL,YZ,x,-0.0625,y,0.5625,z,-0.5625,0.04,0.038500444097925954,-0.001499555902074047,0.04,0.14200000000000002
2009,1.0,20dB_nominal_difference,imag,vanilla_IBS2,REJECTED_PHYSICAL,YZ,x,-0.0625,y,0.6875,z,-0.5625,0.04,0.02118186557900846,-0.01881813442099154,0.04,0.14200000000000002
2009,1.0,20dB_nominal_difference,imag,vanilla_IBS2,REJECTED_PHYSICAL,YZ,x,-0.0625,y,-0.6875,z,-0.4375,0.04,0.07039421190762198,0.030394211907621975,0.04,0.14200000000000002
2009,1.0,20dB_nominal_difference,imag,vanilla_IBS2,REJECTED_PHYSICAL,YZ,x,-0.0625,y,-0.5625,z,-0.4375,0.04,0.06180450522908602,0.021804505229086016,0.04,0.14200000000000002
2009,1.0,20dB_nominal_difference,imag,vanilla_IBS2,REJECTED_PHYSICAL,YZ,x,-0.0625,y,-0.4375,z,-0.4375,0.04,0.06220058894254168,0.022200588942541677,0.04,0.14200000000000002
2009,1.0,20dB_nominal_difference,imag,vanilla_IBS2,REJECTED_PHYSICAL,YZ,x,-0.0625,y,-0.3125,z,-0.4375,0.04,0.06779931905895548,0.027799319058955475,0.04,0.14200000000000002
2009,1.0,20dB_nominal_difference,imag,vanilla_IBS2,REJECTED_PHYSICAL,YZ,x,-0.0625,y,-0.1875,z,-0.4375,0.04,0.0762469426688099,0.036246942668809894,0.04,0.14200000000000002
2009,1.0,20dB_nominal_difference,imag,vanilla_IBS2,REJECTED_PHYSICAL,YZ,x,-0.0625,y,-0.0625,z,-0.4375,0.04,0.08514618072199293,0.045146180721992925,0.04,0.14200000000000002
2009,1.0,20dB_nominal_difference,imag,vanilla_IBS2,REJECTED_PHYSICAL,YZ,x,-0.0625,y,0.0625,z,-0.4375,0.04,0.09223636902809547,0.05223636902809547,0.04,0.14200000000000002
2009,1.0,20dB_nominal_difference,imag,vanilla_IBS2,REJECTED_PHYSICAL,YZ,x,-0.0625,y,0.1875,z,-0.4375,0.04,0.09538729262157676,0.05538729262157676,0.04,0.14200000000000002
2009,1.0,20dB_nominal_difference,imag,vanilla_IBS2,REJECTED_PHYSICAL,YZ,x,-0.0625,y,0.3125,z,-0.4375,0.04,0.09251724092536867,0.05251724092536867,0.04,0.14200000000000002
2009,1.0,20dB_nominal_difference,imag,vanilla_IBS2,REJECTED_PHYSICAL,YZ,x,-0.0625,y,0.4375,z,-0.4375,0.04,0.08157779635268597,0.04157779635268597,0.04,0.14200000000000002
2009,1.0,20dB_nominal_difference,imag,vanilla_IBS2,REJECTED_PHYSICAL,YZ,x,-0.0625,y,0.5625,z,-0.4375,0.04,0.06077873102399392,0.02077873102399392,0.04,0.14200000000000002
2009,1.0,20dB_nominal_difference,imag,vanilla_IBS2,REJECTED_PHYSICAL,YZ,x,-0.0625,y,0.6875,z,-0.4375,0.04,0.033133237188487666,-0.006866762811512335,0.04,0.14200000000000002
2009,1.0,20dB_nominal_difference,imag,vanilla_IBS2,REJECTED_PHYSICAL,YZ,x,-0.0625,y,-0.6875,z,-0.3125,0.04,0.06617897675134043,0.026178976751340434,0.04,0.14200000000000002
2009,1.0,20dB_nominal_difference,imag,vanilla_IBS2,REJECTED_PHYSICAL,YZ,x,-0.0625,y,-0.5625,z,-0.3125,0.04,0.05873318173180493,0.01873318173180493,0.04,0.14200000000000002
2009,1.0,20dB_nominal_difference,imag,vanilla_IBS2,REJECTED_PHYSICAL,YZ,x,-0.0625,y,-0.4375,z,-0.3125,0.04,0.060198505156071114,0.020198505156071113,0.04,0.14200000000000002
2009,1.0,20dB_nominal_difference,imag,vanilla_IBS2,REJECTED_PHYSICAL,YZ,x,-0.0625,y,-0.3125,z,-0.3125,0.04,0.06734810731107813,0.027348107311078125,0.04,0.14200000000000002
2009,1.0,20dB_nominal_difference,imag,vanilla_IBS2,REJECTED_PHYSICAL,YZ,x,-0.0625,y,-0.1875,z,-0.3125,0.093,0.07791660559081201,-0.015083394409187989,0.04,0.14200000000000002
2009,1.0,20dB_nominal_difference,imag,vanilla_IBS2,REJECTED_PHYSICAL,YZ,x,-0.0625,y,-0.0625,z,-0.3125,0.093,0.08940606163755004,-0.003593938362449964,0.04,0.14200000000000002
2009,1.0,20dB_nominal_difference,imag,vanilla_IBS2,REJECTED_PHYSICAL,YZ,x,-0.0625,y,0.0625,z,-0.3125,0.093,0.09923581315657219,0.0062358131565721925,0.04,0.14200000000000002
2009,1.0,20dB_nominal_difference,imag,vanilla_IBS2,REJECTED_PHYSICAL,YZ,x,-0.0625,y,0.1875,z,-0.3125,0.04,0.10476890546722298,0.06476890546722297,0.04,0.14200000000000002
2009,1.0,20dB_nominal_difference,imag,vanilla_IBS2,REJECTED_PHYSICAL,YZ,x,-0.0625,y,0.3125,z,-0.3125,0.04,0.10330049665767374,0.06330049665767373,0.04,0.14200000000000002
2009,1.0,20dB_nominal_difference,imag,vanilla_IBS2,REJECTED_PHYSICAL,YZ,x,-0.0625,y,0.4375,z,-0.3125,0.04,0.092118674238565,0.052118674238565,0.04,0.14200000000000002
2009,1.0,20dB_nominal_difference,imag,vanilla_IBS2,REJECTED_PHYSICAL,YZ,x,-0.0625,y,0.5625,z,-0.3125,0.04,0.06873852711762901,0.02873852711762901,0.04,0.14200000000000002
2009,1.0,20dB_nominal_difference,imag,vanilla_IBS2,REJECTED_PHYSICAL,YZ,x,-0.0625,y,0.6875,z,-0.3125,0.04,0.03497507029347947,-0.005024929706520534,0.04,0.14200000000000002
2009,1.0,20dB_nominal_difference,imag,vanilla_IBS2,REJECTED_PHYSICAL,YZ,x,-0.0625,y,-0.6875,z,-0.1875,0.04,0.05016118854819277,0.01016118854819277,0.04,0.14200000000000002
2009,1.0,20dB_nominal_difference,imag,vanilla_IBS2,REJECTED_PHYSICAL,YZ,x,-0.0625,y,-0.5625,z,-0.1875,0.04,0.042645331193313346,0.0026453311933133453,0.04,0.14200000000000002
2009,1.0,20dB_nominal_difference,imag,vanilla_IBS2,REJECTED_PHYSICAL,YZ,x,-0.0625,y,-0.4375,z,-0.1875,0.04,0.043477268707318155,0.003477268707318154,0.04,0.14200000000000002
2009,1.0,20dB_nominal_difference,imag,vanilla_IBS2,REJECTED_PHYSICAL,YZ,x,-0.0625,y,-0.3125,z,-0.1875,0.093,0.05061129434907785,-0.04238870565092215,0.04,0.14200000000000002
2009,1.0,20dB_nominal_difference,imag,vanilla_IBS2,REJECTED_PHYSICAL,YZ,x,-0.0625,y,-0.1875,z,-0.1875,0.11750000000000002,0.06199406152831274,-0.055505938471687284,0.04,0.14200000000000002
2009,1.0,20dB_nominal_difference,imag,vanilla_IBS2,REJECTED_PHYSICAL,YZ,x,-0.0625,y,-0.0625,z,-0.1875,0.11750000000000002,0.07521409215041379,-0.04228590784958623,0.04,0.14200000000000002
2009,1.0,20dB_nominal_difference,imag,vanilla_IBS2,REJECTED_PHYSICAL,YZ,x,-0.0625,y,0.0625,z,-0.1875,0.11750000000000002,0.0875898711955287,-0.029910128804471317,0.04,0.14200000000000002
2009,1.0,20dB_nominal_difference,imag,vanilla_IBS2,REJECTED_PHYSICAL,YZ,x,-0.0625,y,0.1875,z,-0.1875,0.093,0.09618580980791037,0.0031858098079103753,0.04,0.14200000000000002
2009,1.0,20dB_nominal_difference,imag,vanilla_IBS2,REJECTED_PHYSICAL,YZ,x,-0.0625,y,0.3125,z,-0.1875,0.04,0.09783713826697293,0.05783713826697293,0.04,0.14200000000000002
2009,1.0,20dB_nominal_difference,imag,vanilla_IBS2,REJECTED_PHYSICAL,YZ,x,-0.0625,y,0.4375,z,-0.1875,0.04,0.08927210466717173,0.049272104667171725,0.04,0.14200000000000002
2009,1.0,20dB_nominal_difference,imag,vanilla_IBS2,REJECTED_PHYSICAL,YZ,x,-0.0625,y,0.5625,z,-0.1875,0.04,0.06740287613779984,0.02740287613779984,0.04,0.14200000000000002
2009,1.0,20dB_nominal_difference,imag,vanilla_IBS2,REJECTED_PHYSICAL,YZ,x,-0.0625,y,0.6875,z,-0.1875,0.04,0.03255341384558011,-0.007446586154419892,0.04,0.14200000000000002
2009,1.0,20dB_nominal_difference,imag,vanilla_IBS2,REJECTED_PHYSICAL,YZ,x,-0.0625,y,-0.6875,z,-0.0625,0.04,0.02980758694221565,-0.010192413057784351,0.04,0.14200000000000002
2009,1.0,20dB_nominal_difference,imag,vanilla_IBS2,REJECTED_PHYSICAL,YZ,x,-0.0625,y,-0.5625,z,-0.0625,0.04,0.0210466744624247,-0.0189533255375753,0.04,0.14200000000000002
2009,1.0,20dB_nominal_difference,imag,vanilla_IBS2,REJECTED_PHYSICAL,YZ,x,-0.0625,y,-0.4375,z,-0.0625,0.04,0.01964434851582268,-0.020355651484177322,0.04,0.14200000000000002
2009,1.0,20dB_nominal_difference,imag,vanilla_IBS2,REJECTED_PHYSICAL,YZ,x,-0.0625,y,-0.3125,z,-0.0625,0.093,0.02519204348330399,-0.06780795651669601,0.04,0.14200000000000002
2009,1.0,20dB_nominal_difference,imag,vanilla_IBS2,REJECTED_PHYSICAL,YZ,x,-0.0625,y,-0.1875,z,-0.0625,0.11750000000000002,0.035965095197102996,-0.08153490480289702,0.04,0.14200000000000002
2009,1.0,20dB_nominal_difference,imag,vanilla_IBS2,REJECTED_PHYSICAL,YZ,x,-0.0625,y,-0.0625,z,-0.0625,0.11750000000000002,0.049803294003270826,-0.0676967059967292,0.04,0.14200000000000002
2009,1.0,20dB_nominal_difference,imag,vanilla_IBS2,REJECTED_PHYSICAL,YZ,x,-0.0625,y,0.0625,z,-0.0625,0.11750000000000002,0.06412748197017032,-0.0533725180298297,0.04,0.14200000000000002
2009,1.0,20dB_nominal_difference,imag,vanilla_IBS2,REJECTED_PHYSICAL,YZ,x,-0.0625,y,0.1875,z,-0.0625,0.093,0.07591914935343279,-0.01708085064656721,0.04,0.14200000000000002
2009,1.0,20dB_nominal_difference,imag,vanilla_IBS2,REJECTED_PHYSICAL,YZ,x,-0.0625,y,0.3125,z,-0.0625,0.04,0.081758060897339,0.041758060897339,0.04,0.14200000000000002
2009,1.0,20dB_nominal_difference,imag,vanilla_IBS2,REJECTED_PHYSICAL,YZ,x,-0.0625,y,0.4375,z,-0.0625,0.04,0.07799466939127642,0.037994669391276416,0.04,0.14200000000000002
2009,1.0,20dB_nominal_difference,imag,vanilla_IBS2,REJECTED_PHYSICAL,YZ,x,-0.0625,y,0.5625,z,-0.0625,0.04,0.06110519964804691,0.021105199648046906,0.04,0.14200000000000002
2009,1.0,20dB_nominal_difference,imag,vanilla_IBS2,REJECTED_PHYSICAL,YZ,x,-0.0625,y,0.6875,z,-0.0625,0.04,0.029658477118780092,-0.010341522881219908,0.04,0.14200000000000002
2009,1.0,20dB_nominal_difference,imag,vanilla_IBS2,REJECTED_PHYSICAL,YZ,x,-0.0625,y,-0.6875,z,0.0625,0.04,0.01214644565133078,-0.02785355434866922,0.04,0.14200000000000002
2009,1.0,20dB_nominal_difference,imag,vanilla_IBS2,REJECTED_PHYSICAL,YZ,x,-0.0625,y,-0.5625,z,0.0625,0.04,0.0012476186119209157,-0.038752381388079085,0.04,0.14200000000000002
2009,1.0,20dB_nominal_difference,imag,vanilla_IBS2,REJECTED_PHYSICAL,YZ,x,-0.0625,y,-0.4375,z,0.0625,0.04,-0.0036095939252223652,-0.043609593925222366,0.04,0.14200000000000002
2009,1.0,20dB_nominal_difference,imag,vanilla_IBS2,REJECTED_PHYSICAL,YZ,x,-0.0625,y,-0.3125,z,0.0625,0.093,-0.0010285983188139045,-0.09402859831881391,0.04,0.14200000000000002
2009,1.0,20dB_nominal_difference,imag,vanilla_IBS2,REJECTED_PHYSICAL,YZ,x,-0.0625,y,-0.1875,z,0.0625,0.11750000000000002,0.007693881539287753,-0.10980611846071227,0.04,0.14200000000000002
2009,1.0,20dB_nominal_difference,imag,vanilla_IBS2,REJECTED_PHYSICAL,YZ,x,-0.0625,y,-0.0625,z,0.0625,0.14200000000000002,0.02079627437395744,-0.12120372562604258,0.04,0.14200000000000002
2009,1.0,20dB_nominal_difference,imag,vanilla_IBS2,REJECTED_PHYSICAL,YZ,x,-0.0625,y,0.0625,z,0.0625,0.11750000000000002,0.03598873316538722,-0.0815112668346128,0.04,0.14200000000000002
2009,1.0,20dB_nominal_difference,imag,vanilla_IBS2,REJECTED_PHYSICAL,YZ,x,-0.0625,y,0.1875,z,0.0625,0.093,0.050382722734925896,-0.042617277265074104,0.04,0.14200000000000002
2009,1.0,20dB_nominal_difference,imag,vanilla_IBS2,REJECTED_PHYSICAL,YZ,x,-0.0625,y,0.3125,z,0.0625,0.04,0.06052450794755612,0.02052450794755612,0.04,0.14200000000000002
2009,1.0,20dB_nominal_difference,imag,vanilla_IBS2,REJECTED_PHYSICAL,YZ,x,-0.0625,y,0.4375,z,0.0625,0.04,0.0626025686542298,0.022602568654229806,0.04,0.14200000000000002
2009,1.0,20dB_nominal_difference,imag,vanilla_IBS2,REJECTED_PHYSICAL,YZ,x,-0.0625,y,0.5625,z,0.0625,0.04,0.05285590698992651,0.012855906989926509,0.04,0.14200000000000002
2009,1.0,20dB_nominal_difference,imag,vanilla_IBS2,REJECTED_PHYSICAL,YZ,x,-0.0625,y,0.6875,z,0.0625,0.04,0.028039742943100503,-0.011960257056899497,0.04,0.14200000000000002
2009,1.0,20dB_nominal_difference,imag,vanilla_IBS2,REJECTED_PHYSICAL,YZ,x,-0.0625,y,-0.6875,z,0.1875,0.04,0.0025167356144663727,-0.03748326438553363,0.04,0.14200000000000002
2009,1.0,20dB_nominal_difference,imag,vanilla_IBS2,REJECTED_PHYSICAL,YZ,x,-0.0625,y,-0.5625,z,0.1875,0.04,-0.010811937155488276,-0.050811937155488276,0.04,0.14200000000000002
2009,1.0,20dB_nominal_difference,imag,vanilla_IBS2,REJECTED_PHYSICAL,YZ,x,-0.0625,y,-0.4375,z,0.1875,0.04,-0.01965544182194865,-0.05965544182194865,0.04,0.14200000000000002
2009,1.0,20dB_nominal_difference,imag,vanilla_IBS2,REJECTED_PHYSICAL,YZ,x,-0.0625,y,-0.3125,z,0.1875,0.093,-0.020980214734287454,-0.11398021473428746,0.04,0.14200000000000002
2009,1.0,20dB_nominal_difference,imag,vanilla_IBS2,REJECTED_PHYSICAL,YZ,x,-0.0625,y,-0.1875,z,0.1875,0.11750000000000002,-0.015576084627187584,-0.13307608462718762,0.04,0.14200000000000002
2009,1.0,20dB_nominal_difference,imag,vanilla_IBS2,REJECTED_PHYSICAL,YZ,x,-0.0625,y,-0.0625,z,0.1875,0.11750000000000002,-0.004679819683927652,-0.12217981968392767,0.04,0.14200000000000002
2009,1.0,20dB_nominal_difference,imag,vanilla_IBS2,REJECTED_PHYSICAL,YZ,x,-0.0625,y,0.0625,z,0.1875,0.11750000000000002,0.009870976306775338,-0.10762902369322469,0.04,0.14200000000000002
2009,1.0,20dB_nominal_difference,imag,vanilla_IBS2,REJECTED_PHYSICAL,YZ,x,-0.0625,y,0.1875,z,0.1875,0.093,0.02551629383512662,-0.06748370616487338,0.04,0.14200000000000002
2009,1.0,20dB_nominal_difference,imag,vanilla_IBS2,REJECTED_PHYSICAL,YZ,x,-0.0625,y,0.3125,z,0.1875,0.04,0.038991843692228564,-0.0010081563077714364,0.04,0.14200000000000002
2009,1.0,20dB_nominal_difference,imag,vanilla_IBS2,REJECTED_PHYSICAL,YZ,x,-0.0625,y,0.4375,z,0.1875,0.04,0.046550946757577955,0.006550946757577954,0.04,0.14200000000000002
2009,1.0,20dB_nominal_difference,imag,vanilla_IBS2,REJECTED_PHYSICAL,YZ,x,-0.0625,y,0.5625,z,0.1875,0.04,0.0444107388256667,0.004410738825666699,0.04,0.14200000000000002
2009,1.0,20dB_nominal_difference,imag,vanilla_IBS2,REJECTED_PHYSICAL,YZ,x,-0.0625,y,0.6875,z,0.1875,0.04,0.027738322181308686,-0.012261677818691315,0.04,0.14200000000000002
2009,1.0,20dB_nominal_difference,imag,vanilla_IBS2,REJECTED_PHYSICAL,YZ,x,-0.0625,y,-0.6875,z,0.3125,0.04,0.00408048975395936,-0.03591951024604064,0.04,0.14200000000000002
2009,1.0,20dB_nominal_difference,imag,vanilla_IBS2,REJECTED_PHYSICAL,YZ,x,-0.0625,y,-0.5625,z,0.3125,0.04,-0.011003209585011761,-0.05100320958501176,0.04,0.14200000000000002
2009,1.0,20dB_nominal_difference,imag,vanilla_IBS2,REJECTED_PHYSICAL,YZ,x,-0.0625,y,-0.4375,z,0.3125,0.04,-0.02340731089253028,-0.06340731089253028,0.04,0.14200000000000002
2009,1.0,20dB_nominal_difference,imag,vanilla_IBS2,REJECTED_PHYSICAL,YZ,x,-0.0625,y,-0.3125,z,0.3125,0.04,-0.02890542227895409,-0.06890542227895409,0.04,0.14200000000000002
2009,1.0,20dB_nominal_difference,imag,vanilla_IBS2,REJECTED_PHYSICAL,YZ,x,-0.0625,y,-0.1875,z,0.3125,0.093,-0.0276954013513833,-0.12069540135138329,0.04,0.14200000000000002
2009,1.0,20dB_nominal_difference,imag,vanilla_IBS2,REJECTED_PHYSICAL,YZ,x,-0.0625,y,-0.0625,z,0.3125,0.093,-0.020393294812153996,-0.11339329481215399,0.04,0.14200000000000002
2009,1.0,20dB_nominal_difference,imag,vanilla_IBS2,REJECTED_PHYSICAL,YZ,x,-0.0625,y,0.0625,z,0.3125,0.093,-0.008263958884337307,-0.10126395888433731,0.04,0.14200000000000002
2009,1.0,20dB_nominal_difference,imag,vanilla_IBS2,REJECTED_PHYSICAL,YZ,x,-0.0625,y,0.1875,z,0.3125,0.04,0.00663409129888843,-0.03336590870111157,0.04,0.14200000000000002
2009,1.0,20dB_nominal_difference,imag,vanilla_IBS2,REJECTED_PHYSICAL,YZ,x,-0.0625,y,0.3125,z,0.3125,0.04,0.021446181511514693,-0.018553818488485307,0.04,0.14200000000000002
2009,1.0,20dB_nominal_difference,imag,vanilla_IBS2,REJECTED_PHYSICAL,YZ,x,-0.0625,y,0.4375,z,0.3125,0.04,0.03271863786340169,-0.007281362136598309,0.04,0.14200000000000002
2009,1.0,20dB_nominal_difference,imag,vanilla_IBS2,REJECTED_PHYSICAL,YZ,x,-0.0625,y,0.5625,z,0.3125,0.04,0.036842646868416006,-0.0031573531315839953,0.04,0.14200000000000002
2009,1.0,20dB_nominal_difference,imag,vanilla_IBS2,REJECTED_PHYSICAL,YZ,x,-0.0625,y,0.6875,z,0.3125,0.04,0.02785916824030633,-0.01214083175969367,0.04,0.14200000000000002
2009,1.0,20dB_nominal_difference,imag,vanilla_IBS2,REJECTED_PHYSICAL,YZ,x,-0.0625,y,-0.6875,z,0.4375,0.04,0.01809366623667232,-0.021906333763327682,0.04,0.14200000000000002
2009,1.0,20dB_nominal_difference,imag,vanilla_IBS2,REJECTED_PHYSICAL,YZ,x,-0.0625,y,-0.5625,z,0.4375,0.04,0.0032302314868786555,-0.036769768513121345,0.04,0.14200000000000002
2009,1.0,20dB_nominal_difference,imag,vanilla_IBS2,REJECTED_PHYSICAL,YZ,x,-0.0625,y,-0.4375,z,0.4375,0.04,-0.011273479875743633,-0.051273479875743634,0.04,0.14200000000000002
2009,1.0,20dB_nominal_difference,imag,vanilla_IBS2,REJECTED_PHYSICAL,YZ,x,-0.0625,y,-0.3125,z,0.4375,0.04,-0.02042532668079882,-0.06042532668079882,0.04,0.14200000000000002
2009,1.0,20dB_nominal_difference,imag,vanilla_IBS2,REJECTED_PHYSICAL,YZ,x,-0.0625,y,-0.1875,z,0.4375,0.04,-0.02369486519928759,-0.06369486519928759,0.04,0.14200000000000002
2009,1.0,20dB_nominal_difference,imag,vanilla_IBS2,REJECTED_PHYSICAL,YZ,x,-0.0625,y,-0.0625,z,0.4375,0.04,-0.021061888314624792,-0.06106188831462479,0.04,0.14200000000000002
2009,1.0,20dB_nominal_difference,imag,vanilla_IBS2,REJECTED_PHYSICAL,YZ,x,-0.0625,y,0.0625,z,0.4375,0.04,-0.013182151215864135,-0.053182151215864136,0.04,0.14200000000000002
2009,1.0,20dB_nominal_difference,imag,vanilla_IBS2,REJECTED_PHYSICAL,YZ,x,-0.0625,y,0.1875,z,0.4375,0.04,-0.0014768251823040618,-0.04147682518230406,0.04,0.14200000000000002
2009,1.0,20dB_nominal_difference,imag,vanilla_IBS2,REJECTED_PHYSICAL,YZ,x,-0.0625,y,0.3125,z,0.4375,0.04,0.011846322409982603,-0.028153677590017398,0.04,0.14200000000000002
2009,1.0,20dB_nominal_difference,imag,vanilla_IBS2,REJECTED_PHYSICAL,YZ,x,-0.0625,y,0.4375,z,0.4375,0.04,0.0238960270647027,-0.016103972935297303,0.04,0.14200000000000002
2009,1.0,20dB_nominal_difference,imag,vanilla_IBS2,REJECTED_PHYSICAL,YZ,x,-0.0625,y,0.5625,z,0.4375,0.04,0.031388895272593864,-0.008611104727406137,0.04,0.14200000000000002
2009,1.0,20dB_nominal_difference,imag,vanilla_IBS2,REJECTED_PHYSICAL,YZ,x,-0.0625,y,0.6875,z,0.4375,0.04,0.027662220050436025,-0.012337779949563976,0.04,0.14200000000000002
2009,1.0,20dB_nominal_difference,imag,vanilla_IBS2,REJECTED_PHYSICAL,YZ,x,-0.0625,y,-0.6875,z,0.5625,0.04,0.0449239157287546,0.004923915728754599,0.04,0.14200000000000002
2009,1.0,20dB_nominal_difference,imag,vanilla_IBS2,REJECTED_PHYSICAL,YZ,x,-0.0625,y,-0.5625,z,0.5625,0.04,0.033557308557044314,-0.006442691442955686,0.04,0.14200000000000002
2009,1.0,20dB_nominal_difference,imag,vanilla_IBS2,REJECTED_PHYSICAL,YZ,x,-0.0625,y,-0.4375,z,0.5625,0.04,0.01901403785243247,-0.02098596214756753,0.04,0.14200000000000002
2009,1.0,20dB_nominal_difference,imag,vanilla_IBS2,REJECTED_PHYSICAL,YZ,x,-0.0625,y,-0.3125,z,0.5625,0.04,0.007485988327746822,-0.03251401167225318,0.04,0.14200000000000002
2009,1.0,20dB_nominal_difference,imag,vanilla_IBS2,REJECTED_PHYSICAL,YZ,x,-0.0625,y,-0.1875,z,0.5625,0.04,0.00023365908698381316,-0.03976634091301619,0.04,0.14200000000000002
2009,1.0,20dB_nominal_difference,imag,vanilla_IBS2,REJECTED_PHYSICAL,YZ,x,-0.0625,y,-0.0625,z,0.5625,0.04,-0.002320828935091078,-0.04232082893509108,0.04,0.14200000000000002
2009,1.0,20dB_nominal_difference,imag,vanilla_IBS2,REJECTED_PHYSICAL,YZ,x,-0.0625,y,0.0625,z,0.5625,0.04,-0.0003323878924335888,-0.04033238789243359,0.04,0.14200000000000002
2009,1.0,20dB_nominal_difference,imag,vanilla_IBS2,REJECTED_PHYSICAL,YZ,x,-0.0625,y,0.1875,z,0.5625,0.04,0.00549972597094274,-0.03450027402905726,0.04,0.14200000000000002
2009,1.0,20dB_nominal_difference,imag,vanilla_IBS2,REJECTED_PHYSICAL,YZ,x,-0.0625,y,0.3125,z,0.5625,0.04,0.013896876874833874,-0.026103123125166126,0.04,0.14200000000000002
2009,1.0,20dB_nominal_difference,imag,vanilla_IBS2,REJECTED_PHYSICAL,YZ,x,-0.0625,y,0.4375,z,0.5625,0.04,0.022985368940376956,-0.017014631059623045,0.04,0.14200000000000002
2009,1.0,20dB_nominal_difference,imag,vanilla_IBS2,REJECTED_PHYSICAL,YZ,x,-0.0625,y,0.5625,z,0.5625,0.04,0.030206745198694936,-0.009793254801305065,0.04,0.14200000000000002
2009,1.0,20dB_nominal_difference,imag,vanilla_IBS2,REJECTED_PHYSICAL,YZ,x,-0.0625,y,0.6875,z,0.5625,0.04,0.028045802185537868,-0.011954197814462133,0.04,0.14200000000000002
2009,1.0,20dB_nominal_difference,imag,vanilla_IBS2,REJECTED_PHYSICAL,YZ,x,-0.0625,y,-0.6875,z,0.6875,0.04,0.08873741393904029,0.04873741393904029,0.04,0.14200000000000002
2009,1.0,20dB_nominal_difference,imag,vanilla_IBS2,REJECTED_PHYSICAL,YZ,x,-0.0625,y,-0.5625,z,0.6875,0.04,0.08200908961772252,0.04200908961772252,0.04,0.14200000000000002
2009,1.0,20dB_nominal_difference,imag,vanilla_IBS2,REJECTED_PHYSICAL,YZ,x,-0.0625,y,-0.4375,z,0.6875,0.04,0.0692912643151131,0.029291264315113093,0.04,0.14200000000000002
2009,1.0,20dB_nominal_difference,imag,vanilla_IBS2,REJECTED_PHYSICAL,YZ,x,-0.0625,y,-0.3125,z,0.6875,0.04,0.05794389832523665,0.01794389832523665,0.04,0.14200000000000002
2009,1.0,20dB_nominal_difference,imag,vanilla_IBS2,REJECTED_PHYSICAL,YZ,x,-0.0625,y,-0.1875,z,0.6875,0.04,0.04866128142262546,0.008661281422625462,0.04,0.14200000000000002
2009,1.0,20dB_nominal_difference,imag,vanilla_IBS2,REJECTED_PHYSICAL,YZ,x,-0.0625,y,-0.0625,z,0.6875,0.04,0.041571818458518484,0.0015718184585184827,0.04,0.14200000000000002
2009,1.0,20dB_nominal_difference,imag,vanilla_IBS2,REJECTED_PHYSICAL,YZ,x,-0.0625,y,0.0625,z,0.6875,0.04,0.03670971512703572,-0.0032902848729642817,0.04,0.14200000000000002
2009,1.0,20dB_nominal_difference,imag,vanilla_IBS2,REJECTED_PHYSICAL,YZ,x,-0.0625,y,0.1875,z,0.6875,0.04,0.0340434696583654,-0.005956530341634604,0.04,0.14200000000000002
2009,1.0,20dB_nominal_difference,imag,vanilla_IBS2,REJECTED_PHYSICAL,YZ,x,-0.0625,y,0.3125,z,0.6875,0.04,0.03342594774198172,-0.006574052258018284,0.04,0.14200000000000002
2009,1.0,20dB_nominal_difference,imag,vanilla_IBS2,REJECTED_PHYSICAL,YZ,x,-0.0625,y,0.4375,z,0.6875,0.04,0.03461450913844323,-0.00538549086155677,0.04,0.14200000000000002
2009,1.0,20dB_nominal_difference,imag,vanilla_IBS2,REJECTED_PHYSICAL,YZ,x,-0.0625,y,0.5625,z,0.6875,0.04,0.037398851770477005,-0.0026011482295229954,0.04,0.14200000000000002
2009,1.0,20dB_nominal_difference,imag,vanilla_IBS2,REJECTED_PHYSICAL,YZ,x,-0.0625,y,0.6875,z,0.6875,0.04,0.036690391488495434,-0.0033096085115045665,0.04,0.14200000000000002
2009,1.0,20dB_nominal_difference,imag,A23_compressed_feedback,REJECTED_PHYSICAL,XY,z,-0.0625,x,-0.6875,y,-0.6875,0.04,0.10214550192266683,0.06214550192266683,0.04,0.14200000000000002
2009,1.0,20dB_nominal_difference,imag,A23_compressed_feedback,REJECTED_PHYSICAL,XY,z,-0.0625,x,-0.5625,y,-0.6875,0.04,0.08930144242235455,0.04930144242235455,0.04,0.14200000000000002
2009,1.0,20dB_nominal_difference,imag,A23_compressed_feedback,REJECTED_PHYSICAL,XY,z,-0.0625,x,-0.4375,y,-0.6875,0.04,0.07314985306693988,0.033149853066939884,0.04,0.14200000000000002
2009,1.0,20dB_nominal_difference,imag,A23_compressed_feedback,REJECTED_PHYSICAL,XY,z,-0.0625,x,-0.3125,y,-0.6875,0.04,0.05547096192877113,0.015470961928771128,0.04,0.14200000000000002
2009,1.0,20dB_nominal_difference,imag,A23_compressed_feedback,REJECTED_PHYSICAL,XY,z,-0.0625,x,-0.1875,y,-0.6875,0.04,0.0396314954507871,-0.000368504549212903,0.04,0.14200000000000002
2009,1.0,20dB_nominal_difference,imag,A23_compressed_feedback,REJECTED_PHYSICAL,XY,z,-0.0625,x,-0.0625,y,-0.6875,0.04,0.028065885164187235,-0.011934114835812765,0.04,0.14200000000000002
2009,1.0,20dB_nominal_difference,imag,A23_compressed_feedback,REJECTED_PHYSICAL,XY,z,-0.0625,x,0.0625,y,-0.6875,0.04,0.021952890600067995,-0.018047109399932006,0.04,0.14200000000000002
2009,1.0,20dB_nominal_difference,imag,A23_compressed_feedback,REJECTED_PHYSICAL,XY,z,-0.0625,x,0.1875,y,-0.6875,0.04,0.02071466516366482,-0.01928533483633518,0.04,0.14200000000000002
2009,1.0,20dB_nominal_difference,imag,A23_compressed_feedback,REJECTED_PHYSICAL,XY,z,-0.0625,x,0.3125,y,-0.6875,0.04,0.0216185987056053,-0.0183814012943947,0.04,0.14200000000000002
2009,1.0,20dB_nominal_difference,imag,A23_compressed_feedback,REJECTED_PHYSICAL,XY,z,-0.0625,x,0.4375,y,-0.6875,0.04,0.019642736985781645,-0.020357263014218356,0.04,0.14200000000000002
2009,1.0,20dB_nominal_difference,imag,A23_compressed_feedback,REJECTED_PHYSICAL,XY,z,-0.0625,x,0.5625,y,-0.6875,0.04,0.007289087203932135,-0.032710912796067866,0.04,0.14200000000000002
2009,1.0,20dB_nominal_difference,imag,A23_compressed_feedback,REJECTED_PHYSICAL,XY,z,-0.0625,x,0.6875,y,-0.6875,0.04,-0.03614268293793509,-0.0761426829379351,0.04,0.14200000000000002
2009,1.0,20dB_nominal_difference,imag,A23_compressed_feedback,REJECTED_PHYSICAL,XY,z,-0.0625,x,-0.6875,y,-0.5625,0.04,0.0735388955402988,0.0335388955402988,0.04,0.14200000000000002
2009,1.0,20dB_nominal_difference,imag,A23_compressed_feedback,REJECTED_PHYSICAL,XY,z,-0.0625,x,-0.5625,y,-0.5625,0.04,0.042868387120158655,0.002868387120158654,0.04,0.14200000000000002
2009,1.0,20dB_nominal_difference,imag,A23_compressed_feedback,REJECTED_PHYSICAL,XY,z,-0.0625,x,-0.4375,y,-0.5625,0.04,0.02561083414167104,-0.014389165858328962,0.04,0.14200000000000002
2009,1.0,20dB_nominal_difference,imag,A23_compressed_feedback,REJECTED_PHYSICAL,XY,z,-0.0625,x,-0.3125,y,-0.5625,0.04,0.017165515801889866,-0.022834484198110135,0.04,0.14200000000000002
2009,1.0,20dB_nominal_difference,imag,A23_compressed_feedback,REJECTED_PHYSICAL,XY,z,-0.0625,x,-0.1875,y,-0.5625,0.04,0.016947955150570043,-0.023052044849429958,0.04,0.14200000000000002
2009,1.0,20dB_nominal_difference,imag,A23_compressed_feedback,REJECTED_PHYSICAL,XY,z,-0.0625,x,-0.0625,y,-0.5625,0.04,0.023811015538430746,-0.016188984461569255,0.04,0.14200000000000002
2009,1.0,20dB_nominal_difference,imag,A23_compressed_feedback,REJECTED_PHYSICAL,XY,z,-0.0625,x,0.0625,y,-0.5625,0.04,0.035487416735517106,-0.0045125832644828945,0.04,0.14200000000000002
2009,1.0,20dB_nominal_difference,imag,A23_compressed_feedback,REJECTED_PHYSICAL,XY,z,-0.0625,x,0.1875,y,-0.5625,0.04,0.04828607317430405,0.008286073174304048,0.04,0.14200000000000002
2009,1.0,20dB_nominal_difference,imag,A23_compressed_feedback,REJECTED_PHYSICAL,XY,z,-0.0625,x,0.3125,y,-0.5625,0.04,0.05689027227991225,0.01689027227991225,0.04,0.14200000000000002
2009,1.0,20dB_nominal_difference,imag,A23_compressed_feedback,REJECTED_PHYSICAL,XY,z,-0.0625,x,0.4375,y,-0.5625,0.04,0.05418126278869949,0.014181262788699488,0.04,0.14200000000000002
2009,1.0,20dB_nominal_difference,imag,A23_compressed_feedback,REJECTED_PHYSICAL,XY,z,-0.0625,x,0.5625,y,-0.5625,0.04,0.03070184270683525,-0.00929815729316475,0.04,0.14200000000000002
2009,1.0,20dB_nominal_difference,imag,A23_compressed_feedback,REJECTED_PHYSICAL,XY,z,-0.0625,x,0.6875,y,-0.5625,0.04,-0.03049176508550982,-0.07049176508550982,0.04,0.14200000000000002
2009,1.0,20dB_nominal_difference,imag,A23_compressed_feedback,REJECTED_PHYSICAL,XY,z,-0.0625,x,-0.6875,y,-0.4375,0.04,0.053003707752012505,0.013003707752012504,0.04,0.14200000000000002
2009,1.0,20dB_nominal_difference,imag,A23_compressed_feedback,REJECTED_PHYSICAL,XY,z,-0.0625,x,-0.5625,y,-0.4375,0.04,0.011494672352259282,-0.02850532764774072,0.04,0.14200000000000002
2009,1.0,20dB_nominal_difference,imag,A23_compressed_feedback,REJECTED_PHYSICAL,XY,z,-0.0625,x,-0.4375,y,-0.4375,0.04,-0.007076615153151021,-0.04707661515315102,0.04,0.14200000000000002
2009,1.0,20dB_nominal_difference,imag,A23_compressed_feedback,REJECTED_PHYSICAL,XY,z,-0.0625,x,-0.3125,y,-0.4375,0.04,-0.008765790707684316,-0.04876579070768432,0.04,0.14200000000000002
2009,1.0,20dB_nominal_difference,imag,A23_compressed_feedback,REJECTED_PHYSICAL,XY,z,-0.0625,x,-0.1875,y,-0.4375,0.04,0.0035375858748711297,-0.03646241412512887,0.04,0.14200000000000002
2009,1.0,20dB_nominal_difference,imag,A23_compressed_feedback,REJECTED_PHYSICAL,XY,z,-0.0625,x,-0.0625,y,-0.4375,0.04,0.02577076176072427,-0.01422923823927573,0.04,0.14200000000000002
2009,1.0,20dB_nominal_difference,imag,A23_compressed_feedback,REJECTED_PHYSICAL,XY,z,-0.0625,x,0.0625,y,-0.4375,0.04,0.05266441597336445,0.01266441597336445,0.04,0.14200000000000002
2009,1.0,20dB_nominal_difference,imag,A23_compressed_feedback,REJECTED_PHYSICAL,XY,z,-0.0625,x,0.1875,y,-0.4375,0.04,0.07780739316041348,0.037807393160413476,0.04,0.14200000000000002
2009,1.0,20dB_nominal_difference,imag,A23_compressed_feedback,REJECTED_PHYSICAL,XY,z,-0.0625,x,0.3125,y,-0.4375,0.04,0.09379835208727337,0.05379835208727337,0.04,0.14200000000000002
2009,1.0,20dB_nominal_difference,imag,A23_compressed_feedback,REJECTED_PHYSICAL,XY,z,-0.0625,x,0.4375,y,-0.4375,0.04,0.09249450703936091,0.052494507039360906,0.04,0.14200000000000002
2009,1.0,20dB_nominal_difference,imag,A23_compressed_feedback,REJECTED_PHYSICAL,XY,z,-0.0625,x,0.5625,y,-0.4375,0.04,0.06549276324207026,0.02549276324207026,0.04,0.14200000000000002
2009,1.0,20dB_nominal_difference,imag,A23_compressed_feedback,REJECTED_PHYSICAL,XY,z,-0.0625,x,0.6875,y,-0.4375,0.04,0.0020643970736356557,-0.037935602926364345,0.04,0.14200000000000002
2009,1.0,20dB_nominal_difference,imag,A23_compressed_feedback,REJECTED_PHYSICAL,XY,z,-0.0625,x,-0.6875,y,-0.3125,0.04,0.04236719806169347,0.0023671980616934707,0.04,0.14200000000000002
2009,1.0,20dB_nominal_difference,imag,A23_compressed_feedback,REJECTED_PHYSICAL,XY,z,-0.0625,x,-0.5625,y,-0.3125,0.04,-0.00553822185446675,-0.04553822185446675,0.04,0.14200000000000002
2009,1.0,20dB_nominal_difference,imag,A23_compressed_feedback,REJECTED_PHYSICAL,XY,z,-0.0625,x,-0.4375,y,-0.3125,0.04,-0.024283250158778198,-0.0642832501587782,0.04,0.14200000000000002
2009,1.0,20dB_nominal_difference,imag,A23_compressed_feedback,REJECTED_PHYSICAL,XY,z,-0.0625,x,-0.3125,y,-0.3125,0.04,-0.020947132163978116,-0.06094713216397812,0.04,0.14200000000000002
2009,1.0,20dB_nominal_difference,imag,A23_compressed_feedback,REJECTED_PHYSICAL,XY,z,-0.0625,x,-0.1875,y,-0.3125,0.093,0.0003587708090621866,-0.09264122919093781,0.04,0.14200000000000002
2009,1.0,20dB_nominal_difference,imag,A23_compressed_feedback,REJECTED_PHYSICAL,XY,z,-0.0625,x,-0.0625,y,-0.3125,0.093,0.033640778895606065,-0.059359221104393935,0.04,0.14200000000000002
2009,1.0,20dB_nominal_difference,imag,A23_compressed_feedback,REJECTED_PHYSICAL,XY,z,-0.0625,x,0.0625,y,-0.3125,0.11750000000000002,0.07148921158621305,-0.046010788413786974,0.04,0.14200000000000002
2009,1.0,20dB_nominal_difference,imag,A23_compressed_feedback,REJECTED_PHYSICAL,XY,z,-0.0625,x,0.1875,y,-0.3125,0.093,0.10556077052539722,0.012560770525397225,0.04,0.14200000000000002
2009,1.0,20dB_nominal_difference,imag,A23_compressed_feedback,REJECTED_PHYSICAL,XY,z,-0.0625,x,0.3125,y,-0.3125,0.04,0.12712450955053803,0.08712450955053802,0.04,0.14200000000000002
2009,1.0,20dB_nominal_difference,imag,A23_compressed_feedback,REJECTED_PHYSICAL,XY,z,-0.0625,x,0.4375,y,-0.3125,0.04,0.12773086331167435,0.08773086331167435,0.04,0.14200000000000002
2009,1.0,20dB_nominal_difference,imag,A23_compressed_feedback,REJECTED_PHYSICAL,XY,z,-0.0625,x,0.5625,y,-0.3125,0.04,0.10012730930120603,0.06012730930120603,0.04,0.14200000000000002
2009,1.0,20dB_nominal_difference,imag,A23_compressed_feedback,REJECTED_PHYSICAL,XY,z,-0.0625,x,0.6875,y,-0.3125,0.04,0.03627729400061033,-0.003722705999389668,0.04,0.14200000000000002
2009,1.0,20dB_nominal_difference,imag,A23_compressed_feedback,REJECTED_PHYSICAL,XY,z,-0.0625,x,-0.6875,y,-0.1875,0.04,0.040056846063240656,5.6846063240655054e-05,0.04,0.14200000000000002
2009,1.0,20dB_nominal_difference,imag,A23_compressed_feedback,REJECTED_PHYSICAL,XY,z,-0.0625,x,-0.5625,y,-0.1875,0.04,-0.00987373508653571,-0.04987373508653571,0.04,0.14200000000000002
2009,1.0,20dB_nominal_difference,imag,A23_compressed_feedback,REJECTED_PHYSICAL,XY,z,-0.0625,x,-0.4375,y,-0.1875,0.04,-0.02760608437038429,-0.06760608437038429,0.04,0.14200000000000002
2009,1.0,20dB_nominal_difference,imag,A23_compressed_feedback,REJECTED_PHYSICAL,XY,z,-0.0625,x,-0.3125,y,-0.1875,0.093,-0.020766944918985064,-0.11376694491898506,0.04,0.14200000000000002
2009,1.0,20dB_nominal_difference,imag,A23_compressed_feedback,REJECTED_PHYSICAL,XY,z,-0.0625,x,-0.1875,y,-0.1875,0.11750000000000002,0.006030518800140543,-0.11146948119985947,0.04,0.14200000000000002
2009,1.0,20dB_nominal_difference,imag,A23_compressed_feedback,REJECTED_PHYSICAL,XY,z,-0.0625,x,-0.0625,y,-0.1875,0.11750000000000002,0.04581273459050695,-0.07168726540949308,0.04,0.14200000000000002
2009,1.0,20dB_nominal_difference,imag,A23_compressed_feedback,REJECTED_PHYSICAL,XY,z,-0.0625,x,0.0625,y,-0.1875,0.14200000000000002,0.0899900554616136,-0.05200994453838642,0.04,0.14200000000000002
2009,1.0,20dB_nominal_difference,imag,A23_compressed_feedback,REJECTED_PHYSICAL,XY,z,-0.0625,x,0.1875,y,-0.1875,0.14200000000000002,0.12914961909045133,-0.012850380909548681,0.04,0.14200000000000002
2009,1.0,20dB_nominal_difference,imag,A23_compressed_feedback,REJECTED_PHYSICAL,XY,z,-0.0625,x,0.3125,y,-0.1875,0.11750000000000002,0.1539042232248683,0.036404223224868276,0.04,0.14200000000000002
2009,1.0,20dB_nominal_difference,imag,A23_compressed_feedback,REJECTED_PHYSICAL,XY,z,-0.0625,x,0.4375,y,-0.1875,0.04,0.1558151714668605,0.11581517146686049,0.04,0.14200000000000002
2009,1.0,20dB_nominal_difference,imag,A23_compressed_feedback,REJECTED_PHYSICAL,XY,z,-0.0625,x,0.5625,y,-0.1875,0.04,0.12838298740077683,0.08838298740077682,0.04,0.14200000000000002
2009,1.0,20dB_nominal_difference,imag,A23_compressed_feedback,REJECTED_PHYSICAL,XY,z,-0.0625,x,0.6875,y,-0.1875,0.04,0.06480853349393702,0.024808533493937017,0.04,0.14200000000000002
2009,1.0,20dB_nominal_difference,imag,A23_compressed_feedback,REJECTED_PHYSICAL,XY,z,-0.0625,x,-0.6875,y,-0.0625,0.04,0.04371368736338639,0.0037136873633863907,0.04,0.14200000000000002
2009,1.0,20dB_nominal_difference,imag,A23_compressed_feedback,REJECTED_PHYSICAL,XY,z,-0.0625,x,-0.5625,y,-0.0625,0.04,-0.0039052292216377876,-0.04390522922163779,0.04,0.14200000000000002
2009,1.0,20dB_nominal_difference,imag,A23_compressed_feedback,REJECTED_PHYSICAL,XY,z,-0.0625,x,-0.4375,y,-0.0625,0.04,-0.019573229763857766,-0.05957322976385777,0.04,0.14200000000000002
2009,1.0,20dB_nominal_difference,imag,A23_compressed_feedback,REJECTED_PHYSICAL,XY,z,-0.0625,x,-0.3125,y,-0.0625,0.093,-0.01075146657706301,-0.10375146657706301,0.04,0.14200000000000002
2009,1.0,20dB_nominal_difference,imag,A23_compressed_feedback,REJECTED_PHYSICAL,XY,z,-0.0625,x,-0.1875,y,-0.0625,0.11750000000000002,0.018091496402579885,-0.09940850359742014,0.04,0.14200000000000002
2009,1.0,20dB_nominal_difference,imag,A23_compressed_feedback,REJECTED_PHYSICAL,XY,z,-0.0625,x,-0.0625,y,-0.0625,0.11750000000000002,0.0598779658907421,-0.05762203410925792,0.04,0.14200000000000002
2009,1.0,20dB_nominal_difference,imag,A23_compressed_feedback,REJECTED_PHYSICAL,XY,z,-0.0625,x,0.0625,y,-0.0625,0.14200000000000002,0.10576024510551196,-0.03623975489448805,0.04,0.14200000000000002
2009,1.0,20dB_nominal_difference,imag,A23_compressed_feedback,REJECTED_PHYSICAL,XY,z,-0.0625,x,0.1875,y,-0.0625,0.14200000000000002,0.1460719518570863,0.004071951857086281,0.04,0.14200000000000002
2009,1.0,20dB_nominal_difference,imag,A23_compressed_feedback,REJECTED_PHYSICAL,XY,z,-0.0625,x,0.3125,y,-0.0625,0.14200000000000002,0.17134849655379256,0.02934849655379254,0.04,0.14200000000000002
2009,1.0,20dB_nominal_difference,imag,A23_compressed_feedback,REJECTED_PHYSICAL,XY,z,-0.0625,x,0.4375,y,-0.0625,0.093,0.17338038577175707,0.08038038577175707,0.04,0.14200000000000002
2009,1.0,20dB_nominal_difference,imag,A23_compressed_feedback,REJECTED_PHYSICAL,XY,z,-0.0625,x,0.5625,y,-0.0625,0.04,0.1462144599330106,0.1062144599330106,0.04,0.14200000000000002
2009,1.0,20dB_nominal_difference,imag,A23_compressed_feedback,REJECTED_PHYSICAL,XY,z,-0.0625,x,0.6875,y,-0.0625,0.04,0.08367911564159969,0.04367911564159969,0.04,0.14200000000000002
2009,1.0,20dB_nominal_difference,imag,A23_compressed_feedback,REJECTED_PHYSICAL,XY,z,-0.0625,x,-0.6875,y,0.0625,0.04,0.051053377713822436,0.011053377713822435,0.04,0.14200000000000002
2009,1.0,20dB_nominal_difference,imag,A23_compressed_feedback,REJECTED_PHYSICAL,XY,z,-0.0625,x,-0.5625,y,0.0625,0.04,0.009388197466123585,-0.030611802533876416,0.04,0.14200000000000002
2009,1.0,20dB_nominal_difference,imag,A23_compressed_feedback,REJECTED_PHYSICAL,XY,z,-0.0625,x,-0.4375,y,0.0625,0.04,-0.003609837039289021,-0.04360983703928902,0.04,0.14200000000000002
2009,1.0,20dB_nominal_difference,imag,A23_compressed_feedback,REJECTED_PHYSICAL,XY,z,-0.0625,x,-0.3125,y,0.0625,0.093,0.005553583769652939,-0.08744641623034706,0.04,0.14200000000000002
2009,1.0,20dB_nominal_difference,imag,A23_compressed_feedback,REJECTED_PHYSICAL,XY,z,-0.0625,x,-0.1875,y,0.0625,0.093,0.03314562150345084,-0.05985437849654916,0.04,0.14200000000000002
2009,1.0,20dB_nominal_difference,imag,A23_compressed_feedback,REJECTED_PHYSICAL,XY,z,-0.0625,x,-0.0625,y,0.0625,0.11750000000000002,0.07275280872874054,-0.04474719127125948,0.04,0.14200000000000002
2009,1.0,20dB_nominal_difference,imag,A23_compressed_feedback,REJECTED_PHYSICAL,XY,z,-0.0625,x,0.0625,y,0.0625,0.11750000000000002,0.1160768004748525,-0.0014231995251475227,0.04,0.14200000000000002
2009,1.0,20dB_nominal_difference,imag,A23_compressed_feedback,REJECTED_PHYSICAL,XY,z,-0.0625,x,0.1875,y,0.0625,0.14200000000000002,0.1539023354248697,0.011902335424869681,0.04,0.14200000000000002
2009,1.0,20dB_nominal_difference,imag,A23_compressed_feedback,REJECTED_PHYSICAL,XY,z,-0.0625,x,0.3125,y,0.0625,0.11750000000000002,0.17716831537757527,0.05966831537757525,0.04,0.14200000000000002
2009,1.0,20dB_nominal_difference,imag,A23_compressed_feedback,REJECTED_PHYSICAL,XY,z,-0.0625,x,0.4375,y,0.0625,0.093,0.17807862842322256,0.08507862842322256,0.04,0.14200000000000002
2009,1.0,20dB_nominal_difference,imag,A23_compressed_feedback,REJECTED_PHYSICAL,XY,z,-0.0625,x,0.5625,y,0.0625,0.04,0.15114139138005026,0.11114139138005025,0.04,0.14200000000000002
2009,1.0,20dB_nominal_difference,imag,A23_compressed_feedback,REJECTED_PHYSICAL,XY,z,-0.0625,x,0.6875,y,0.0625,0.04,0.09046145938396474,0.05046145938396474,0.04,0.14200000000000002
2009,1.0,20dB_nominal_difference,imag,A23_compressed_feedback,REJECTED_PHYSICAL,XY,z,-0.0625,x,-0.6875,y,0.1875,0.04,0.06018086458587597,0.020180864585875972,0.04,0.14200000000000002
2009,1.0,20dB_nominal_difference,imag,A23_compressed_feedback,REJECTED_PHYSICAL,XY,z,-0.0625,x,-0.5625,y,0.1875,0.04,0.026677303707686676,-0.013322696292313325,0.04,0.14200000000000002
2009,1.0,20dB_nominal_difference,imag,A23_compressed_feedback,REJECTED_PHYSICAL,XY,z,-0.0625,x,-0.4375,y,0.1875,0.04,0.016148328869507882,-0.02385167113049212,0.04,0.14200000000000002
2009,1.0,20dB_nominal_difference,imag,A23_compressed_feedback,REJECTED_PHYSICAL,XY,z,-0.0625,x,-0.3125,y,0.1875,0.04,0.023783567817952714,-0.016216432182047286,0.04,0.14200000000000002
2009,1.0,20dB_nominal_difference,imag,A23_compressed_feedback,REJECTED_PHYSICAL,XY,z,-0.0625,x,-0.1875,y,0.1875,0.093,0.047068422090685166,-0.04593157790931483,0.04,0.14200000000000002
2009,1.0,20dB_nominal_difference,imag,A23_compressed_feedback,REJECTED_PHYSICAL,XY,z,-0.0625,x,-0.0625,y,0.1875,0.093,0.08086322164535228,-0.012136778354647715,0.04,0.14200000000000002
2009,1.0,20dB_nominal_difference,imag,A23_compressed_feedback,REJECTED_PHYSICAL,XY,z,-0.0625,x,0.0625,y,0.1875,0.11750000000000002,0.1180572573598537,0.0005572573598536801,0.04,0.14200000000000002
2009,1.0,20dB_nominal_difference,imag,A23_compressed_feedback,REJECTED_PHYSICAL,XY,z,-0.0625,x,0.1875,y,0.1875,0.11750000000000002,0.15043486617139046,0.03293486617139044,0.04,0.14200000000000002
2009,1.0,20dB_nominal_difference,imag,A23_compressed_feedback,REJECTED_PHYSICAL,XY,z,-0.0625,x,0.3125,y,0.1875,0.093,0.1696926385552259,0.0766926385552259,0.04,0.14200000000000002
2009,1.0,20dB_nominal_difference,imag,A23_compressed_feedback,REJECTED_PHYSICAL,XY,z,-0.0625,x,0.4375,y,0.1875,0.04,0.16855133868060845,0.12855133868060845,0.04,0.14200000000000002
2009,1.0,20dB_nominal_difference,imag,A23_compressed_feedback,REJECTED_PHYSICAL,XY,z,-0.0625,x,0.5625,y,0.1875,0.04,0.14187384608092748,0.10187384608092748,0.04,0.14200000000000002
2009,1.0,20dB_nominal_difference,imag,A23_compressed_feedback,REJECTED_PHYSICAL,XY,z,-0.0625,x,0.6875,y,0.1875,0.04,0.08376616953622035,0.043766169536220347,0.04,0.14200000000000002
2009,1.0,20dB_nominal_difference,imag,A23_compressed_feedback,REJECTED_PHYSICAL,XY,z,-0.0625,x,-0.6875,y,0.3125,0.04,0.069583627692898,0.029583627692897997,0.04,0.14200000000000002
2009,1.0,20dB_nominal_difference,imag,A23_compressed_feedback,REJECTED_PHYSICAL,XY,z,-0.0625,x,-0.5625,y,0.3125,0.04,0.04442828226394534,0.0044282822639453365,0.04,0.14200000000000002
2009,1.0,20dB_nominal_difference,imag,A23_compressed_feedback,REJECTED_PHYSICAL,XY,z,-0.0625,x,-0.4375,y,0.3125,0.04,0.03510381432113966,-0.00489618567886034,0.04,0.14200000000000002
2009,1.0,20dB_nominal_difference,imag,A23_compressed_feedback,REJECTED_PHYSICAL,XY,z,-0.0625,x,-0.3125,y,0.3125,0.04,0.03906878004732834,-0.0009312199526716608,0.04,0.14200000000000002
2009,1.0,20dB_nominal_difference,imag,A23_compressed_feedback,REJECTED_PHYSICAL,XY,z,-0.0625,x,-0.1875,y,0.3125,0.04,0.055333147468729096,0.015333147468729096,0.04,0.14200000000000002
2009,1.0,20dB_nominal_difference,imag,A23_compressed_feedback,REJECTED_PHYSICAL,XY,z,-0.0625,x,-0.0625,y,0.3125,0.04,0.08043521206431481,0.04043521206431481,0.04,0.14200000000000002
2009,1.0,20dB_nominal_difference,imag,A23_compressed_feedback,REJECTED_PHYSICAL,XY,z,-0.0625,x,0.0625,y,0.3125,0.04,0.10888606239098583,0.06888606239098582,0.04,0.14200000000000002
2009,1.0,20dB_nominal_difference,imag,A23_compressed_feedback,REJECTED_PHYSICAL,XY,z,-0.0625,x,0.1875,y,0.3125,0.04,0.13383736518159306,0.09383736518159305,0.04,0.14200000000000002
2009,1.0,20dB_nominal_difference,imag,A23_compressed_feedback,REJECTED_PHYSICAL,XY,z,-0.0625,x,0.3125,y,0.3125,0.04,0.14795183151252034,0.10795183151252033,0.04,0.14200000000000002
2009,1.0,20dB_nominal_difference,imag,A23_compressed_feedback,REJECTED_PHYSICAL,XY,z,-0.0625,x,0.4375,y,0.3125,0.04,0.14443820441345,0.10443820441345,0.04,0.14200000000000002
2009,1.0,20dB_nominal_difference,imag,A23_compressed_feedback,REJECTED_PHYSICAL,XY,z,-0.0625,x,0.5625,y,0.3125,0.04,0.1182414148533007,0.07824141485330069,0.04,0.14200000000000002
2009,1.0,20dB_nominal_difference,imag,A23_compressed_feedback,REJECTED_PHYSICAL,XY,z,-0.0625,x,0.6875,y,0.3125,0.04,0.06312529893703099,0.02312529893703099,0.04,0.14200000000000002
2009,1.0,20dB_nominal_difference,imag,A23_compressed_feedback,REJECTED_PHYSICAL,XY,z,-0.0625,x,-0.6875,y,0.4375,0.04,0.07795345406277004,0.037953454062770044,0.04,0.14200000000000002
2009,1.0,20dB_nominal_difference,imag,A23_compressed_feedback,REJECTED_PHYSICAL,XY,z,-0.0625,x,-0.5625,y,0.4375,0.04,0.05898542484089667,0.018985424840896672,0.04,0.14200000000000002
2009,1.0,20dB_nominal_difference,imag,A23_compressed_feedback,REJECTED_PHYSICAL,XY,z,-0.0625,x,-0.4375,y,0.4375,0.04,0.04850584436536993,0.008505844365369927,0.04,0.14200000000000002
2009,1.0,20dB_nominal_difference,imag,A23_compressed_feedback,REJECTED_PHYSICAL,XY,z,-0.0625,x,-0.3125,y,0.4375,0.04,0.046469724798710206,0.006469724798710205,0.04,0.14200000000000002
2009,1.0,20dB_nominal_difference,imag,A23_compressed_feedback,REJECTED_PHYSICAL,XY,z,-0.0625,x,-0.1875,y,0.4375,0.04,0.053470019019286094,0.013470019019286093,0.04,0.14200000000000002
2009,1.0,20dB_nominal_difference,imag,A23_compressed_feedback,REJECTED_PHYSICAL,XY,z,-0.0625,x,-0.0625,y,0.4375,0.04,0.06790417087076048,0.027904170870760477,0.04,0.14200000000000002
2009,1.0,20dB_nominal_difference,imag,A23_compressed_feedback,REJECTED_PHYSICAL,XY,z,-0.0625,x,0.0625,y,0.4375,0.04,0.08612519216153283,0.04612519216153283,0.04,0.14200000000000002
2009,1.0,20dB_nominal_difference,imag,A23_compressed_feedback,REJECTED_PHYSICAL,XY,z,-0.0625,x,0.1875,y,0.4375,0.04,0.10284161477579559,0.06284161477579558,0.04,0.14200000000000002
2009,1.0,20dB_nominal_difference,imag,A23_compressed_feedback,REJECTED_PHYSICAL,XY,z,-0.0625,x,0.3125,y,0.4375,0.04,0.11177725776606276,0.07177725776606275,0.04,0.14200000000000002
2009,1.0,20dB_nominal_difference,imag,A23_compressed_feedback,REJECTED_PHYSICAL,XY,z,-0.0625,x,0.4375,y,0.4375,0.04,0.10650572360916535,0.06650572360916535,0.04,0.14200000000000002
2009,1.0,20dB_nominal_difference,imag,A23_compressed_feedback,REJECTED_PHYSICAL,XY,z,-0.0625,x,0.5625,y,0.4375,0.04,0.08147687682653007,0.04147687682653007,0.04,0.14200000000000002
2009,1.0,20dB_nominal_difference,imag,A23_compressed_feedback,REJECTED_PHYSICAL,XY,z,-0.0625,x,0.6875,y,0.4375,0.04,0.029208232315952404,-0.010791767684047597,0.04,0.14200000000000002
2009,1.0,20dB_nominal_difference,imag,A23_compressed_feedback,REJECTED_PHYSICAL,XY,z,-0.0625,x,-0.6875,y,0.5625,0.04,0.08399516442282079,0.04399516442282079,0.04,0.14200000000000002
2009,1.0,20dB_nominal_difference,imag,A23_compressed_feedback,REJECTED_PHYSICAL,XY,z,-0.0625,x,-0.5625,y,0.5625,0.04,0.06660408473232042,0.02660408473232042,0.04,0.14200000000000002
2009,1.0,20dB_nominal_difference,imag,A23_compressed_feedback,REJECTED_PHYSICAL,XY,z,-0.0625,x,-0.4375,y,0.5625,0.04,0.051846626758864485,0.011846626758864484,0.04,0.14200000000000002
2009,1.0,20dB_nominal_difference,imag,A23_compressed_feedback,REJECTED_PHYSICAL,XY,z,-0.0625,x,-0.3125,y,0.5625,0.04,0.04153326505663553,0.0015332650566355285,0.04,0.14200000000000002
2009,1.0,20dB_nominal_difference,imag,A23_compressed_feedback,REJECTED_PHYSICAL,XY,z,-0.0625,x,-0.1875,y,0.5625,0.04,0.03764590556840789,-0.0023540944315921103,0.04,0.14200000000000002
2009,1.0,20dB_nominal_difference,imag,A23_compressed_feedback,REJECTED_PHYSICAL,XY,z,-0.0625,x,-0.0625,y,0.5625,0.04,0.040438270850967635,0.0004382708509676342,0.04,0.14200000000000002
2009,1.0,20dB_nominal_difference,imag,A23_compressed_feedback,REJECTED_PHYSICAL,XY,z,-0.0625,x,0.0625,y,0.5625,0.04,0.04811522484341754,0.008115224843417541,0.04,0.14200000000000002
2009,1.0,20dB_nominal_difference,imag,A23_compressed_feedback,REJECTED_PHYSICAL,XY,z,-0.0625,x,0.1875,y,0.5625,0.04,0.05696345416034469,0.01696345416034469,0.04,0.14200000000000002
2009,1.0,20dB_nominal_difference,imag,A23_compressed_feedback,REJECTED_PHYSICAL,XY,z,-0.0625,x,0.3125,y,0.5625,0.04,0.06183124420668891,0.02183124420668891,0.04,0.14200000000000002
2009,1.0,20dB_nominal_difference,imag,A23_compressed_feedback,REJECTED_PHYSICAL,XY,z,-0.0625,x,0.4375,y,0.5625,0.04,0.05671545799479214,0.01671545799479214,0.04,0.14200000000000002
2009,1.0,20dB_nominal_difference,imag,A23_compressed_feedback,REJECTED_PHYSICAL,XY,z,-0.0625,x,0.5625,y,0.5625,0.04,0.03501761534173306,-0.00498238465826694,0.04,0.14200000000000002
2009,1.0,20dB_nominal_difference,imag,A23_compressed_feedback,REJECTED_PHYSICAL,XY,z,-0.0625,x,0.6875,y,0.5625,0.04,-0.015050972595112073,-0.055050972595112074,0.04,0.14200000000000002
2009,1.0,20dB_nominal_difference,imag,A23_compressed_feedback,REJECTED_PHYSICAL,XY,z,-0.0625,x,-0.6875,y,0.6875,0.04,0.08431706150132065,0.04431706150132065,0.04,0.14200000000000002
2009,1.0,20dB_nominal_difference,imag,A23_compressed_feedback,REJECTED_PHYSICAL,XY,z,-0.0625,x,-0.5625,y,0.6875,0.04,0.06303054833317218,0.023030548333172175,0.04,0.14200000000000002
2009,1.0,20dB_nominal_difference,imag,A23_compressed_feedback,REJECTED_PHYSICAL,XY,z,-0.0625,x,-0.4375,y,0.6875,0.04,0.04247114470152379,0.002471144701523792,0.04,0.14200000000000002
2009,1.0,20dB_nominal_difference,imag,A23_compressed_feedback,REJECTED_PHYSICAL,XY,z,-0.0625,x,-0.3125,y,0.6875,0.04,0.023462302948734897,-0.016537697051265104,0.04,0.14200000000000002
2009,1.0,20dB_nominal_difference,imag,A23_compressed_feedback,REJECTED_PHYSICAL,XY,z,-0.0625,x,-0.1875,y,0.6875,0.04,0.009271587778561508,-0.030728412221438493,0.04,0.14200000000000002
2009,1.0,20dB_nominal_difference,imag,A23_compressed_feedback,REJECTED_PHYSICAL,XY,z,-0.0625,x,-0.0625,y,0.6875,0.04,0.0017704022195651065,-0.038229597780434894,0.04,0.14200000000000002
2009,1.0,20dB_nominal_difference,imag,A23_compressed_feedback,REJECTED_PHYSICAL,XY,z,-0.0625,x,0.0625,y,0.6875,0.04,0.0006895341217673864,-0.039310465878232614,0.04,0.14200000000000002
2009,1.0,20dB_nominal_difference,imag,A23_compressed_feedback,REJECTED_PHYSICAL,XY,z,-0.0625,x,0.1875,y,0.6875,0.04,0.003631762354729437,-0.036368237645270564,0.04,0.14200000000000002
2009,1.0,20dB_nominal_difference,imag,A23_compressed_feedback,REJECTED_PHYSICAL,XY,z,-0.0625,x,0.3125,y,0.6875,0.04,0.006535685357644386,-0.033464314642355615,0.04,0.14200000000000002
2009,1.0,20dB_nominal_difference,imag,A23_compressed_feedback,REJECTED_PHYSICAL,XY,z,-0.0625,x,0.4375,y,0.6875,0.04,0.004351252864471827,-0.035648747135528173,0.04,0.14200000000000002
2009,1.0,20dB_nominal_difference,imag,A23_compressed_feedback,REJECTED_PHYSICAL,XY,z,-0.0625,x,0.5625,y,0.6875,0.04,-0.008818145050205714,-0.048818145050205715,0.04,0.14200000000000002
2009,1.0,20dB_nominal_difference,imag,A23_compressed_feedback,REJECTED_PHYSICAL,XY,z,-0.0625,x,0.6875,y,0.6875,0.04,-0.051286137638164565,-0.09128613763816457,0.04,0.14200000000000002
2009,1.0,20dB_nominal_difference,imag,A23_compressed_feedback,REJECTED_PHYSICAL,XZ,y,-0.0625,x,-0.6875,z,-0.6875,0.04,0.04406635781270782,0.004066357812707817,0.04,0.14200000000000002
2009,1.0,20dB_nominal_difference,imag,A23_compressed_feedback,REJECTED_PHYSICAL,XZ,y,-0.0625,x,-0.5625,z,-0.6875,0.04,0.022143429642504778,-0.017856570357495223,0.04,0.14200000000000002
2009,1.0,20dB_nominal_difference,imag,A23_compressed_feedback,REJECTED_PHYSICAL,XZ,y,-0.0625,x,-0.4375,z,-0.6875,0.04,0.008022804997403432,-0.03197719500259657,0.04,0.14200000000000002
2009,1.0,20dB_nominal_difference,imag,A23_compressed_feedback,REJECTED_PHYSICAL,XZ,y,-0.0625,x,-0.3125,z,-0.6875,0.04,0.0024742064858855606,-0.03752579351411444,0.04,0.14200000000000002
2009,1.0,20dB_nominal_difference,imag,A23_compressed_feedback,REJECTED_PHYSICAL,XZ,y,-0.0625,x,-0.1875,z,-0.6875,0.04,0.005303952143238887,-0.034696047856761114,0.04,0.14200000000000002
2009,1.0,20dB_nominal_difference,imag,A23_compressed_feedback,REJECTED_PHYSICAL,XZ,y,-0.0625,x,-0.0625,z,-0.6875,0.04,0.0139664276942956,-0.0260335723057044,0.04,0.14200000000000002
2009,1.0,20dB_nominal_difference,imag,A23_compressed_feedback,REJECTED_PHYSICAL,XZ,y,-0.0625,x,0.0625,z,-0.6875,0.04,0.023992141260565904,-0.016007858739434097,0.04,0.14200000000000002
2009,1.0,20dB_nominal_difference,imag,A23_compressed_feedback,REJECTED_PHYSICAL,XZ,y,-0.0625,x,0.1875,z,-0.6875,0.04,0.029696026521654015,-0.010303973478345985,0.04,0.14200000000000002
2009,1.0,20dB_nominal_difference,imag,A23_compressed_feedback,REJECTED_PHYSICAL,XZ,y,-0.0625,x,0.3125,z,-0.6875,0.04,0.025147955480449118,-0.014852044519550883,0.04,0.14200000000000002
2009,1.0,20dB_nominal_difference,imag,A23_compressed_feedback,REJECTED_PHYSICAL,XZ,y,-0.0625,x,0.4375,z,-0.6875,0.04,0.005334444593220321,-0.03466555540677968,0.04,0.14200000000000002
2009,1.0,20dB_nominal_difference,imag,A23_compressed_feedback,REJECTED_PHYSICAL,XZ,y,-0.0625,x,0.5625,z,-0.6875,0.04,-0.032562520006090785,-0.07256252000609079,0.04,0.14200000000000002
2009,1.0,20dB_nominal_difference,imag,A23_compressed_feedback,REJECTED_PHYSICAL,XZ,y,-0.0625,x,0.6875,z,-0.6875,0.04,-0.08925503400080104,-0.12925503400080104,0.04,0.14200000000000002
2009,1.0,20dB_nominal_difference,imag,A23_compressed_feedback,REJECTED_PHYSICAL,XZ,y,-0.0625,x,-0.6875,z,-0.5625,0.04,0.037511889755821315,-0.002488110244178686,0.04,0.14200000000000002
2009,1.0,20dB_nominal_difference,imag,A23_compressed_feedback,REJECTED_PHYSICAL,XZ,y,-0.0625,x,-0.5625,z,-0.5625,0.04,0.018218000001678048,-0.021781999998321953,0.04,0.14200000000000002
2009,1.0,20dB_nominal_difference,imag,A23_compressed_feedback,REJECTED_PHYSICAL,XZ,y,-0.0625,x,-0.4375,z,-0.5625,0.04,0.013373927867301894,-0.026626072132698107,0.04,0.14200000000000002
2009,1.0,20dB_nominal_difference,imag,A23_compressed_feedback,REJECTED_PHYSICAL,XZ,y,-0.0625,x,-0.3125,z,-0.5625,0.04,0.0209752995316818,-0.019024700468318202,0.04,0.14200000000000002
2009,1.0,20dB_nominal_difference,imag,A23_compressed_feedback,REJECTED_PHYSICAL,XZ,y,-0.0625,x,-0.1875,z,-0.5625,0.04,0.03890893027241563,-0.0010910697275843678,0.04,0.14200000000000002
2009,1.0,20dB_nominal_difference,imag,A23_compressed_feedback,REJECTED_PHYSICAL,XZ,y,-0.0625,x,-0.0625,z,-0.5625,0.04,0.06317150558098238,0.023171505580982375,0.04,0.14200000000000002
2009,1.0,20dB_nominal_difference,imag,A23_compressed_feedback,REJECTED_PHYSICAL,XZ,y,-0.0625,x,0.0625,z,-0.5625,0.04,0.08794337571983737,0.047943375719837374,0.04,0.14200000000000002
2009,1.0,20dB_nominal_difference,imag,A23_compressed_feedback,REJECTED_PHYSICAL,XZ,y,-0.0625,x,0.1875,z,-0.5625,0.04,0.10624662104750762,0.06624662104750761,0.04,0.14200000000000002
2009,1.0,20dB_nominal_difference,imag,A23_compressed_feedback,REJECTED_PHYSICAL,XZ,y,-0.0625,x,0.3125,z,-0.5625,0.04,0.11095408760290798,0.07095408760290797,0.04,0.14200000000000002
2009,1.0,20dB_nominal_difference,imag,A23_compressed_feedback,REJECTED_PHYSICAL,XZ,y,-0.0625,x,0.4375,z,-0.5625,0.04,0.09605083479246318,0.05605083479246318,0.04,0.14200000000000002
2009,1.0,20dB_nominal_difference,imag,A23_compressed_feedback,REJECTED_PHYSICAL,XZ,y,-0.0625,x,0.5625,z,-0.5625,0.04,0.0581376586379061,0.018137658637906097,0.04,0.14200000000000002
2009,1.0,20dB_nominal_difference,imag,A23_compressed_feedback,REJECTED_PHYSICAL,XZ,y,-0.0625,x,0.6875,z,-0.5625,0.04,-0.006054204322206734,-0.046054204322206735,0.04,0.14200000000000002
2009,1.0,20dB_nominal_difference,imag,A23_compressed_feedback,REJECTED_PHYSICAL,XZ,y,-0.0625,x,-0.6875,z,-0.4375,0.04,0.02975290455144585,-0.01024709544855415,0.04,0.14200000000000002
2009,1.0,20dB_nominal_difference,imag,A23_compressed_feedback,REJECTED_PHYSICAL,XZ,y,-0.0625,x,-0.5625,z,-0.4375,0.04,0.010970015555997366,-0.029029984444002635,0.04,0.14200000000000002
2009,1.0,20dB_nominal_difference,imag,A23_compressed_feedback,REJECTED_PHYSICAL,XZ,y,-0.0625,x,-0.4375,z,-0.4375,0.04,0.010668051228652109,-0.029331948771347892,0.04,0.14200000000000002
2009,1.0,20dB_nominal_difference,imag,A23_compressed_feedback,REJECTED_PHYSICAL,XZ,y,-0.0625,x,-0.3125,z,-0.4375,0.04,0.026223441522850704,-0.013776558477149297,0.04,0.14200000000000002
2009,1.0,20dB_nominal_difference,imag,A23_compressed_feedback,REJECTED_PHYSICAL,XZ,y,-0.0625,x,-0.1875,z,-0.4375,0.04,0.054278043985021715,0.014278043985021714,0.04,0.14200000000000002
2009,1.0,20dB_nominal_difference,imag,A23_compressed_feedback,REJECTED_PHYSICAL,XZ,y,-0.0625,x,-0.0625,z,-0.4375,0.04,0.0895297707963297,0.049529770796329704,0.04,0.14200000000000002
2009,1.0,20dB_nominal_difference,imag,A23_compressed_feedback,REJECTED_PHYSICAL,XZ,y,-0.0625,x,0.0625,z,-0.4375,0.04,0.1249494080499679,0.0849494080499679,0.04,0.14200000000000002
2009,1.0,20dB_nominal_difference,imag,A23_compressed_feedback,REJECTED_PHYSICAL,XZ,y,-0.0625,x,0.1875,z,-0.4375,0.04,0.15246142300599175,0.11246142300599174,0.04,0.14200000000000002
2009,1.0,20dB_nominal_difference,imag,A23_compressed_feedback,REJECTED_PHYSICAL,XZ,y,-0.0625,x,0.3125,z,-0.4375,0.04,0.1639786474320552,0.1239786474320552,0.04,0.14200000000000002
2009,1.0,20dB_nominal_difference,imag,A23_compressed_feedback,REJECTED_PHYSICAL,XZ,y,-0.0625,x,0.4375,z,-0.4375,0.04,0.1526919541027426,0.1126919541027426,0.04,0.14200000000000002
2009,1.0,20dB_nominal_difference,imag,A23_compressed_feedback,REJECTED_PHYSICAL,XZ,y,-0.0625,x,0.5625,z,-0.4375,0.04,0.11447641236063588,0.07447641236063587,0.04,0.14200000000000002
2009,1.0,20dB_nominal_difference,imag,A23_compressed_feedback,REJECTED_PHYSICAL,XZ,y,-0.0625,x,0.6875,z,-0.4375,0.04,0.043828863581304174,0.0038288635813041733,0.04,0.14200000000000002
2009,1.0,20dB_nominal_difference,imag,A23_compressed_feedback,REJECTED_PHYSICAL,XZ,y,-0.0625,x,-0.6875,z,-0.3125,0.04,0.027189717404366702,-0.012810282595633299,0.04,0.14200000000000002
2009,1.0,20dB_nominal_difference,imag,A23_compressed_feedback,REJECTED_PHYSICAL,XZ,y,-0.0625,x,-0.5625,z,-0.3125,0.04,0.00331395767426447,-0.03668604232573553,0.04,0.14200000000000002
2009,1.0,20dB_nominal_difference,imag,A23_compressed_feedback,REJECTED_PHYSICAL,XZ,y,-0.0625,x,-0.4375,z,-0.3125,0.04,0.00209488953943289,-0.03790511046056711,0.04,0.14200000000000002
2009,1.0,20dB_nominal_difference,imag,A23_compressed_feedback,REJECTED_PHYSICAL,XZ,y,-0.0625,x,-0.3125,z,-0.3125,0.04,0.019838724714188558,-0.020161275285811443,0.04,0.14200000000000002
2009,1.0,20dB_nominal_difference,imag,A23_compressed_feedback,REJECTED_PHYSICAL,XZ,y,-0.0625,x,-0.1875,z,-0.3125,0.093,0.052551428464594936,-0.04044857153540506,0.04,0.14200000000000002
2009,1.0,20dB_nominal_difference,imag,A23_compressed_feedback,REJECTED_PHYSICAL,XZ,y,-0.0625,x,-0.0625,z,-0.3125,0.093,0.0940131741671408,0.0010131741671408068,0.04,0.14200000000000002
2009,1.0,20dB_nominal_difference,imag,A23_compressed_feedback,REJECTED_PHYSICAL,XZ,y,-0.0625,x,0.0625,z,-0.3125,0.093,0.1362627335429965,0.043262733542996507,0.04,0.14200000000000002
2009,1.0,20dB_nominal_difference,imag,A23_compressed_feedback,REJECTED_PHYSICAL,XZ,y,-0.0625,x,0.1875,z,-0.3125,0.093,0.1703765933654674,0.0773765933654674,0.04,0.14200000000000002
2009,1.0,20dB_nominal_difference,imag,A23_compressed_feedback,REJECTED_PHYSICAL,XZ,y,-0.0625,x,0.3125,z,-0.3125,0.04,0.18752304911538975,0.14752304911538974,0.04,0.14200000000000002
2009,1.0,20dB_nominal_difference,imag,A23_compressed_feedback,REJECTED_PHYSICAL,XZ,y,-0.0625,x,0.4375,z,-0.3125,0.04,0.18020885348664245,0.14020885348664244,0.04,0.14200000000000002
2009,1.0,20dB_nominal_difference,imag,A23_compressed_feedback,REJECTED_PHYSICAL,XZ,y,-0.0625,x,0.5625,z,-0.3125,0.04,0.1435261659471488,0.10352616594714878,0.04,0.14200000000000002
2009,1.0,20dB_nominal_difference,imag,A23_compressed_feedback,REJECTED_PHYSICAL,XZ,y,-0.0625,x,0.6875,z,-0.3125,0.04,0.070834844809612,0.030834844809611996,0.04,0.14200000000000002
2009,1.0,20dB_nominal_difference,imag,A23_compressed_feedback,REJECTED_PHYSICAL,XZ,y,-0.0625,x,-0.6875,z,-0.1875,0.04,0.03211575952982521,-0.007884240470174789,0.04,0.14200000000000002
2009,1.0,20dB_nominal_difference,imag,A23_compressed_feedback,REJECTED_PHYSICAL,XZ,y,-0.0625,x,-0.5625,z,-0.1875,0.04,-0.0020160235487529377,-0.04201602354875294,0.04,0.14200000000000002
2009,1.0,20dB_nominal_difference,imag,A23_compressed_feedback,REJECTED_PHYSICAL,XZ,y,-0.0625,x,-0.4375,z,-0.1875,0.04,-0.008896748126426768,-0.04889674812642677,0.04,0.14200000000000002
2009,1.0,20dB_nominal_difference,imag,A23_compressed_feedback,REJECTED_PHYSICAL,XZ,y,-0.0625,x,-0.3125,z,-0.1875,0.093,0.006089950891987252,-0.08691004910801275,0.04,0.14200000000000002
2009,1.0,20dB_nominal_difference,imag,A23_compressed_feedback,REJECTED_PHYSICAL,XZ,y,-0.0625,x,-0.1875,z,-0.1875,0.093,0.03863582893312638,-0.05436417106687362,0.04,0.14200000000000002
2009,1.0,20dB_nominal_difference,imag,A23_compressed_feedback,REJECTED_PHYSICAL,XZ,y,-0.0625,x,-0.0625,z,-0.1875,0.11750000000000002,0.08196031482941875,-0.03553968517058127,0.04,0.14200000000000002
2009,1.0,20dB_nominal_difference,imag,A23_compressed_feedback,REJECTED_PHYSICAL,XZ,y,-0.0625,x,0.0625,z,-0.1875,0.11750000000000002,0.12750055775932864,0.010000557759328621,0.04,0.14200000000000002
2009,1.0,20dB_nominal_difference,imag,A23_compressed_feedback,REJECTED_PHYSICAL,XZ,y,-0.0625,x,0.1875,z,-0.1875,0.11750000000000002,0.16579329252320363,0.04829329252320361,0.04,0.14200000000000002
2009,1.0,20dB_nominal_difference,imag,A23_compressed_feedback,REJECTED_PHYSICAL,XZ,y,-0.0625,x,0.3125,z,-0.1875,0.11750000000000002,0.18752803452449043,0.07002803452449041,0.04,0.14200000000000002
2009,1.0,20dB_nominal_difference,imag,A23_compressed_feedback,REJECTED_PHYSICAL,XZ,y,-0.0625,x,0.4375,z,-0.1875,0.04,0.18471027699907477,0.14471027699907477,0.04,0.14200000000000002
2009,1.0,20dB_nominal_difference,imag,A23_compressed_feedback,REJECTED_PHYSICAL,XZ,y,-0.0625,x,0.5625,z,-0.1875,0.04,0.1517821502338254,0.1117821502338254,0.04,0.14200000000000002
2009,1.0,20dB_nominal_difference,imag,A23_compressed_feedback,REJECTED_PHYSICAL,XZ,y,-0.0625,x,0.6875,z,-0.1875,0.04,0.0819630637064745,0.041963063706474506,0.04,0.14200000000000002
2009,1.0,20dB_nominal_difference,imag,A23_compressed_feedback,REJECTED_PHYSICAL,XZ,y,-0.0625,x,-0.6875,z,-0.0625,0.04,0.04371368736338639,0.0037136873633863907,0.04,0.14200000000000002
2009,1.0,20dB_nominal_difference,imag,A23_compressed_feedback,REJECTED_PHYSICAL,XZ,y,-0.0625,x,-0.5625,z,-0.0625,0.04,-0.0039052292216377876,-0.04390522922163779,0.04,0.14200000000000002
2009,1.0,20dB_nominal_difference,imag,A23_compressed_feedback,REJECTED_PHYSICAL,XZ,y,-0.0625,x,-0.4375,z,-0.0625,0.04,-0.019573229763857766,-0.05957322976385777,0.04,0.14200000000000002
2009,1.0,20dB_nominal_difference,imag,A23_compressed_feedback,REJECTED_PHYSICAL,XZ,y,-0.0625,x,-0.3125,z,-0.0625,0.093,-0.01075146657706301,-0.10375146657706301,0.04,0.14200000000000002
2009,1.0,20dB_nominal_difference,imag,A23_compressed_feedback,REJECTED_PHYSICAL,XZ,y,-0.0625,x,-0.1875,z,-0.0625,0.11750000000000002,0.018091496402579885,-0.09940850359742014,0.04,0.14200000000000002
2009,1.0,20dB_nominal_difference,imag,A23_compressed_feedback,REJECTED_PHYSICAL,XZ,y,-0.0625,x,-0.0625,z,-0.0625,0.11750000000000002,0.0598779658907421,-0.05762203410925792,0.04,0.14200000000000002
2009,1.0,20dB_nominal_difference,imag,A23_compressed_feedback,REJECTED_PHYSICAL,XZ,y,-0.0625,x,0.0625,z,-0.0625,0.14200000000000002,0.10576024510551196,-0.03623975489448805,0.04,0.14200000000000002
2009,1.0,20dB_nominal_difference,imag,A23_compressed_feedback,REJECTED_PHYSICAL,XZ,y,-0.0625,x,0.1875,z,-0.0625,0.14200000000000002,0.1460719518570863,0.004071951857086281,0.04,0.14200000000000002
2009,1.0,20dB_nominal_difference,imag,A23_compressed_feedback,REJECTED_PHYSICAL,XZ,y,-0.0625,x,0.3125,z,-0.0625,0.14200000000000002,0.17134849655379256,0.02934849655379254,0.04,0.14200000000000002
2009,1.0,20dB_nominal_difference,imag,A23_compressed_feedback,REJECTED_PHYSICAL,XZ,y,-0.0625,x,0.4375,z,-0.0625,0.093,0.17338038577175707,0.08038038577175707,0.04,0.14200000000000002
2009,1.0,20dB_nominal_difference,imag,A23_compressed_feedback,REJECTED_PHYSICAL,XZ,y,-0.0625,x,0.5625,z,-0.0625,0.04,0.1462144599330106,0.1062144599330106,0.04,0.14200000000000002
2009,1.0,20dB_nominal_difference,imag,A23_compressed_feedback,REJECTED_PHYSICAL,XZ,y,-0.0625,x,0.6875,z,-0.0625,0.04,0.08367911564159969,0.04367911564159969,0.04,0.14200000000000002
2009,1.0,20dB_nominal_difference,imag,A23_compressed_feedback,REJECTED_PHYSICAL,XZ,y,-0.0625,x,-0.6875,z,0.0625,0.04,0.05878688377353712,0.01878688377353712,0.04,0.14200000000000002
2009,1.0,20dB_nominal_difference,imag,A23_compressed_feedback,REJECTED_PHYSICAL,XZ,y,-0.0625,x,-0.5625,z,0.0625,0.04,-0.0028758161673234847,-0.042875816167323486,0.04,0.14200000000000002
2009,1.0,20dB_nominal_difference,imag,A23_compressed_feedback,REJECTED_PHYSICAL,XZ,y,-0.0625,x,-0.4375,z,0.0625,0.04,-0.02826420668782264,-0.06826420668782264,0.04,0.14200000000000002
2009,1.0,20dB_nominal_difference,imag,A23_compressed_feedback,REJECTED_PHYSICAL,XZ,y,-0.0625,x,-0.3125,z,0.0625,0.093,-0.027031889408823805,-0.12003188940882381,0.04,0.14200000000000002
2009,1.0,20dB_nominal_difference,imag,A23_compressed_feedback,REJECTED_PHYSICAL,XZ,y,-0.0625,x,-0.1875,z,0.0625,0.11750000000000002,-0.0037915471865475406,-0.12129154718654755,0.04,0.14200000000000002
2009,1.0,20dB_nominal_difference,imag,A23_compressed_feedback,REJECTED_PHYSICAL,XZ,y,-0.0625,x,-0.0625,z,0.0625,0.14200000000000002,0.034243262932898776,-0.10775673706710123,0.04,0.14200000000000002
2009,1.0,20dB_nominal_difference,imag,A23_compressed_feedback,REJECTED_PHYSICAL,XZ,y,-0.0625,x,0.0625,z,0.0625,0.14200000000000002,0.07821854163039482,-0.06378145836960519,0.04,0.14200000000000002
2009,1.0,20dB_nominal_difference,imag,A23_compressed_feedback,REJECTED_PHYSICAL,XZ,y,-0.0625,x,0.1875,z,0.0625,0.14200000000000002,0.1186152177563583,-0.02338478224364171,0.04,0.14200000000000002
2009,1.0,20dB_nominal_difference,imag,A23_compressed_feedback,REJECTED_PHYSICAL,XZ,y,-0.0625,x,0.3125,z,0.0625,0.14200000000000002,0.14619773244271897,0.004197732442718954,0.04,0.14200000000000002
2009,1.0,20dB_nominal_difference,imag,A23_compressed_feedback,REJECTED_PHYSICAL,XZ,y,-0.0625,x,0.4375,z,0.0625,0.093,0.152926258404921,0.059926258404920996,0.04,0.14200000000000002
2009,1.0,20dB_nominal_difference,imag,A23_compressed_feedback,REJECTED_PHYSICAL,XZ,y,-0.0625,x,0.5625,z,0.0625,0.04,0.13280159933900082,0.09280159933900081,0.04,0.14200000000000002
2009,1.0,20dB_nominal_difference,imag,A23_compressed_feedback,REJECTED_PHYSICAL,XZ,y,-0.0625,x,0.6875,z,0.0625,0.04,0.08075565017121716,0.04075565017121716,0.04,0.14200000000000002
2009,1.0,20dB_nominal_difference,imag,A23_compressed_feedback,REJECTED_PHYSICAL,XZ,y,-0.0625,x,-0.6875,z,0.1875,0.04,0.07301887876353258,0.03301887876353258,0.04,0.14200000000000002
2009,1.0,20dB_nominal_difference,imag,A23_compressed_feedback,REJECTED_PHYSICAL,XZ,y,-0.0625,x,-0.5625,z,0.1875,0.04,-0.0004310050944975885,-0.04043100509449759,0.04,0.14200000000000002
2009,1.0,20dB_nominal_difference,imag,A23_compressed_feedback,REJECTED_PHYSICAL,XZ,y,-0.0625,x,-0.4375,z,0.1875,0.04,-0.034112119812243845,-0.07411211981224385,0.04,0.14200000000000002
2009,1.0,20dB_nominal_difference,imag,A23_compressed_feedback,REJECTED_PHYSICAL,XZ,y,-0.0625,x,-0.3125,z,0.1875,0.093,-0.03978545740983427,-0.13278545740983427,0.04,0.14200000000000002
2009,1.0,20dB_nominal_difference,imag,A23_compressed_feedback,REJECTED_PHYSICAL,XZ,y,-0.0625,x,-0.1875,z,0.1875,0.093,-0.02235880486567436,-0.11535880486567436,0.04,0.14200000000000002
2009,1.0,20dB_nominal_difference,imag,A23_compressed_feedback,REJECTED_PHYSICAL,XZ,y,-0.0625,x,-0.0625,z,0.1875,0.11750000000000002,0.01088794874096529,-0.10661205125903472,0.04,0.14200000000000002
2009,1.0,20dB_nominal_difference,imag,A23_compressed_feedback,REJECTED_PHYSICAL,XZ,y,-0.0625,x,0.0625,z,0.1875,0.14200000000000002,0.051342602611753774,-0.09065739738824624,0.04,0.14200000000000002
2009,1.0,20dB_nominal_difference,imag,A23_compressed_feedback,REJECTED_PHYSICAL,XZ,y,-0.0625,x,0.1875,z,0.1875,0.14200000000000002,0.0899920572778902,-0.05200794272210982,0.04,0.14200000000000002
2009,1.0,20dB_nominal_difference,imag,A23_compressed_feedback,REJECTED_PHYSICAL,XZ,y,-0.0625,x,0.3125,z,0.1875,0.11750000000000002,0.11825581483194175,0.0007558148319417313,0.04,0.14200000000000002
2009,1.0,20dB_nominal_difference,imag,A23_compressed_feedback,REJECTED_PHYSICAL,XZ,y,-0.0625,x,0.4375,z,0.1875,0.04,0.12872988615375916,0.08872988615375915,0.04,0.14200000000000002
2009,1.0,20dB_nominal_difference,imag,A23_compressed_feedback,REJECTED_PHYSICAL,XZ,y,-0.0625,x,0.5625,z,0.1875,0.04,0.11581974844620044,0.07581974844620043,0.04,0.14200000000000002
2009,1.0,20dB_nominal_difference,imag,A23_compressed_feedback,REJECTED_PHYSICAL,XZ,y,-0.0625,x,0.6875,z,0.1875,0.04,0.0758274471879081,0.0358274471879081,0.04,0.14200000000000002
2009,1.0,20dB_nominal_difference,imag,A23_compressed_feedback,REJECTED_PHYSICAL,XZ,y,-0.0625,x,-0.6875,z,0.3125,0.04,0.08249756240531333,0.042497562405313334,0.04,0.14200000000000002
2009,1.0,20dB_nominal_difference,imag,A23_compressed_feedback,REJECTED_PHYSICAL,XZ,y,-0.0625,x,-0.5625,z,0.3125,0.04,0.0019575354160299638,-0.03804246458397004,0.04,0.14200000000000002
2009,1.0,20dB_nominal_difference,imag,A23_compressed_feedback,REJECTED_PHYSICAL,XZ,y,-0.0625,x,-0.4375,z,0.3125,0.04,-0.03636402352730548,-0.07636402352730548,0.04,0.14200000000000002
2009,1.0,20dB_nominal_difference,imag,A23_compressed_feedback,REJECTED_PHYSICAL,XZ,y,-0.0625,x,-0.3125,z,0.3125,0.04,-0.04630885052374865,-0.08630885052374865,0.04,0.14200000000000002
2009,1.0,20dB_nominal_difference,imag,A23_compressed_feedback,REJECTED_PHYSICAL,XZ,y,-0.0625,x,-0.1875,z,0.3125,0.093,-0.03343665871945494,-0.12643665871945495,0.04,0.14200000000000002
2009,1.0,20dB_nominal_difference,imag,A23_compressed_feedback,REJECTED_PHYSICAL,XZ,y,-0.0625,x,-0.0625,z,0.3125,0.093,-0.005057821745093456,-0.09805782174509345,0.04,0.14200000000000002
2009,1.0,20dB_nominal_difference,imag,A23_compressed_feedback,REJECTED_PHYSICAL,XZ,y,-0.0625,x,0.0625,z,0.3125,0.093,0.030716630837661515,-0.06228336916233848,0.04,0.14200000000000002
2009,1.0,20dB_nominal_difference,imag,A23_compressed_feedback,REJECTED_PHYSICAL,XZ,y,-0.0625,x,0.1875,z,0.3125,0.093,0.06574287707789372,-0.027257122922106275,0.04,0.14200000000000002
2009,1.0,20dB_nominal_difference,imag,A23_compressed_feedback,REJECTED_PHYSICAL,XZ,y,-0.0625,x,0.3125,z,0.3125,0.04,0.09252678720334645,0.05252678720334645,0.04,0.14200000000000002
2009,1.0,20dB_nominal_difference,imag,A23_compressed_feedback,REJECTED_PHYSICAL,XZ,y,-0.0625,x,0.4375,z,0.3125,0.04,0.10481094507671435,0.06481094507671434,0.04,0.14200000000000002
2009,1.0,20dB_nominal_difference,imag,A23_compressed_feedback,REJECTED_PHYSICAL,XZ,y,-0.0625,x,0.5625,z,0.3125,0.04,0.09797989892917719,0.05797989892917719,0.04,0.14200000000000002
2009,1.0,20dB_nominal_difference,imag,A23_compressed_feedback,REJECTED_PHYSICAL,XZ,y,-0.0625,x,0.6875,z,0.3125,0.04,0.06985010435150647,0.029850104351506472,0.04,0.14200000000000002
2009,1.0,20dB_nominal_difference,imag,A23_compressed_feedback,REJECTED_PHYSICAL,XZ,y,-0.0625,x,-0.6875,z,0.4375,0.04,0.08486037103075048,0.044860371030750475,0.04,0.14200000000000002
2009,1.0,20dB_nominal_difference,imag,A23_compressed_feedback,REJECTED_PHYSICAL,XZ,y,-0.0625,x,-0.5625,z,0.4375,0.04,0.0037704240087984425,-0.03622957599120156,0.04,0.14200000000000002
2009,1.0,20dB_nominal_difference,imag,A23_compressed_feedback,REJECTED_PHYSICAL,XZ,y,-0.0625,x,-0.4375,z,0.4375,0.04,-0.03345823149916955,-0.07345823149916955,0.04,0.14200000000000002
2009,1.0,20dB_nominal_difference,imag,A23_compressed_feedback,REJECTED_PHYSICAL,XZ,y,-0.0625,x,-0.3125,z,0.4375,0.04,-0.04346138505062153,-0.08346138505062153,0.04,0.14200000000000002
2009,1.0,20dB_nominal_difference,imag,A23_compressed_feedback,REJECTED_PHYSICAL,XZ,y,-0.0625,x,-0.1875,z,0.4375,0.04,-0.03289666335418972,-0.07289666335418972,0.04,0.14200000000000002
2009,1.0,20dB_nominal_difference,imag,A23_compressed_feedback,REJECTED_PHYSICAL,XZ,y,-0.0625,x,-0.0625,z,0.4375,0.04,-0.008904552901916898,-0.0489045529019169,0.04,0.14200000000000002
2009,1.0,20dB_nominal_difference,imag,A23_compressed_feedback,REJECTED_PHYSICAL,XZ,y,-0.0625,x,0.0625,z,0.4375,0.04,0.021255428644808404,-0.018744571355191596,0.04,0.14200000000000002
2009,1.0,20dB_nominal_difference,imag,A23_compressed_feedback,REJECTED_PHYSICAL,XZ,y,-0.0625,x,0.1875,z,0.4375,0.04,0.05066341753882696,0.010663417538826957,0.04,0.14200000000000002
2009,1.0,20dB_nominal_difference,imag,A23_compressed_feedback,REJECTED_PHYSICAL,XZ,y,-0.0625,x,0.3125,z,0.4375,0.04,0.07327256104626756,0.03327256104626756,0.04,0.14200000000000002
2009,1.0,20dB_nominal_difference,imag,A23_compressed_feedback,REJECTED_PHYSICAL,XZ,y,-0.0625,x,0.4375,z,0.4375,0.04,0.08442224214807206,0.04442224214807206,0.04,0.14200000000000002
2009,1.0,20dB_nominal_difference,imag,A23_compressed_feedback,REJECTED_PHYSICAL,XZ,y,-0.0625,x,0.5625,z,0.4375,0.04,0.08116751966767058,0.04116751966767058,0.04,0.14200000000000002
2009,1.0,20dB_nominal_difference,imag,A23_compressed_feedback,REJECTED_PHYSICAL,XZ,y,-0.0625,x,0.6875,z,0.4375,0.04,0.06317192488437892,0.02317192488437892,0.04,0.14200000000000002
2009,1.0,20dB_nominal_difference,imag,A23_compressed_feedback,REJECTED_PHYSICAL,XZ,y,-0.0625,x,-0.6875,z,0.5625,0.04,0.07867632496069733,0.03867632496069733,0.04,0.14200000000000002
2009,1.0,20dB_nominal_difference,imag,A23_compressed_feedback,REJECTED_PHYSICAL,XZ,y,-0.0625,x,-0.5625,z,0.5625,0.04,0.005956360995716184,-0.03404363900428382,0.04,0.14200000000000002
2009,1.0,20dB_nominal_difference,imag,A23_compressed_feedback,REJECTED_PHYSICAL,XZ,y,-0.0625,x,-0.4375,z,0.5625,0.04,-0.02197117854231844,-0.06197117854231844,0.04,0.14200000000000002
2009,1.0,20dB_nominal_difference,imag,A23_compressed_feedback,REJECTED_PHYSICAL,XZ,y,-0.0625,x,-0.3125,z,0.5625,0.04,-0.026968260685271854,-0.06696826068527185,0.04,0.14200000000000002
2009,1.0,20dB_nominal_difference,imag,A23_compressed_feedback,REJECTED_PHYSICAL,XZ,y,-0.0625,x,-0.1875,z,0.5625,0.04,-0.016303256927689046,-0.05630325692768905,0.04,0.14200000000000002
2009,1.0,20dB_nominal_difference,imag,A23_compressed_feedback,REJECTED_PHYSICAL,XZ,y,-0.0625,x,-0.0625,z,0.5625,0.04,0.003806528902837225,-0.036193471097162776,0.04,0.14200000000000002
2009,1.0,20dB_nominal_difference,imag,A23_compressed_feedback,REJECTED_PHYSICAL,XZ,y,-0.0625,x,0.0625,z,0.5625,0.04,0.02743961750538453,-0.012560382494615472,0.04,0.14200000000000002
2009,1.0,20dB_nominal_difference,imag,A23_compressed_feedback,REJECTED_PHYSICAL,XZ,y,-0.0625,x,0.1875,z,0.5625,0.04,0.049201294697322144,0.009201294697322143,0.04,0.14200000000000002
2009,1.0,20dB_nominal_difference,imag,A23_compressed_feedback,REJECTED_PHYSICAL,XZ,y,-0.0625,x,0.3125,z,0.5625,0.04,0.06468380570242296,0.024683805702422963,0.04,0.14200000000000002
2009,1.0,20dB_nominal_difference,imag,A23_compressed_feedback,REJECTED_PHYSICAL,XZ,y,-0.0625,x,0.4375,z,0.5625,0.04,0.07098809493145702,0.030988094931457023,0.04,0.14200000000000002
2009,1.0,20dB_nominal_difference,imag,A23_compressed_feedback,REJECTED_PHYSICAL,XZ,y,-0.0625,x,0.5625,z,0.5625,0.04,0.06735854321520914,0.027358543215209134,0.04,0.14200000000000002
2009,1.0,20dB_nominal_difference,imag,A23_compressed_feedback,REJECTED_PHYSICAL,XZ,y,-0.0625,x,0.6875,z,0.5625,0.04,0.056583295371220095,0.016583295371220094,0.04,0.14200000000000002
2009,1.0,20dB_nominal_difference,imag,A23_compressed_feedback,REJECTED_PHYSICAL,XZ,y,-0.0625,x,-0.6875,z,0.6875,0.04,0.05112214387013832,0.011122143870138317,0.04,0.14200000000000002
2009,1.0,20dB_nominal_difference,imag,A23_compressed_feedback,REJECTED_PHYSICAL,XZ,y,-0.0625,x,-0.5625,z,0.6875,0.04,0.01154450751349154,-0.02845549248650846,0.04,0.14200000000000002
2009,1.0,20dB_nominal_difference,imag,A23_compressed_feedback,REJECTED_PHYSICAL,XZ,y,-0.0625,x,-0.4375,z,0.6875,0.04,0.004739606402465318,-0.03526039359753468,0.04,0.14200000000000002
2009,1.0,20dB_nominal_difference,imag,A23_compressed_feedback,REJECTED_PHYSICAL,XZ,y,-0.0625,x,-0.3125,z,0.6875,0.04,0.009778601639877663,-0.030221398360122338,0.04,0.14200000000000002
2009,1.0,20dB_nominal_difference,imag,A23_compressed_feedback,REJECTED_PHYSICAL,XZ,y,-0.0625,x,-0.1875,z,0.6875,0.04,0.022618044970117768,-0.017381955029882233,0.04,0.14200000000000002
2009,1.0,20dB_nominal_difference,imag,A23_compressed_feedback,REJECTED_PHYSICAL,XZ,y,-0.0625,x,-0.0625,z,0.6875,0.04,0.03911390301387321,-0.0008860969861267942,0.04,0.14200000000000002
2009,1.0,20dB_nominal_difference,imag,A23_compressed_feedback,REJECTED_PHYSICAL,XZ,y,-0.0625,x,0.0625,z,0.6875,0.04,0.0550752252517817,0.015075225251781697,0.04,0.14200000000000002
2009,1.0,20dB_nominal_difference,imag,A23_compressed_feedback,REJECTED_PHYSICAL,XZ,y,-0.0625,x,0.1875,z,0.6875,0.04,0.06683370068315375,0.02683370068315375,0.04,0.14200000000000002
2009,1.0,20dB_nominal_difference,imag,A23_compressed_feedback,REJECTED_PHYSICAL,XZ,y,-0.0625,x,0.3125,z,0.6875,0.04,0.0717275794209414,0.031727579420941406,0.04,0.14200000000000002
2009,1.0,20dB_nominal_difference,imag,A23_compressed_feedback,REJECTED_PHYSICAL,XZ,y,-0.0625,x,0.4375,z,0.6875,0.04,0.06849990582966287,0.028499905829662865,0.04,0.14200000000000002
2009,1.0,20dB_nominal_difference,imag,A23_compressed_feedback,REJECTED_PHYSICAL,XZ,y,-0.0625,x,0.5625,z,0.6875,0.04,0.05798717503218437,0.017987175032184367,0.04,0.14200000000000002
2009,1.0,20dB_nominal_difference,imag,A23_compressed_feedback,REJECTED_PHYSICAL,XZ,y,-0.0625,x,0.6875,z,0.6875,0.04,0.04777902422500621,0.0077790242250062105,0.04,0.14200000000000002
2009,1.0,20dB_nominal_difference,imag,A23_compressed_feedback,REJECTED_PHYSICAL,YZ,x,-0.0625,y,-0.6875,z,-0.6875,0.04,0.018994109941462434,-0.021005890058537566,0.04,0.14200000000000002
2009,1.0,20dB_nominal_difference,imag,A23_compressed_feedback,REJECTED_PHYSICAL,YZ,x,-0.0625,y,-0.5625,z,-0.6875,0.04,0.003407304500921249,-0.03659269549907875,0.04,0.14200000000000002
2009,1.0,20dB_nominal_difference,imag,A23_compressed_feedback,REJECTED_PHYSICAL,YZ,x,-0.0625,y,-0.4375,z,-0.6875,0.04,-0.002822836620897398,-0.0428228366208974,0.04,0.14200000000000002
2009,1.0,20dB_nominal_difference,imag,A23_compressed_feedback,REJECTED_PHYSICAL,YZ,x,-0.0625,y,-0.3125,z,-0.6875,0.04,-0.001623212533394397,-0.0416232125333944,0.04,0.14200000000000002
2009,1.0,20dB_nominal_difference,imag,A23_compressed_feedback,REJECTED_PHYSICAL,YZ,x,-0.0625,y,-0.1875,z,-0.6875,0.04,0.00489377814116311,-0.03510622185883689,0.04,0.14200000000000002
2009,1.0,20dB_nominal_difference,imag,A23_compressed_feedback,REJECTED_PHYSICAL,YZ,x,-0.0625,y,-0.0625,z,-0.6875,0.04,0.0139664276942956,-0.0260335723057044,0.04,0.14200000000000002
2009,1.0,20dB_nominal_difference,imag,A23_compressed_feedback,REJECTED_PHYSICAL,YZ,x,-0.0625,y,0.0625,z,-0.6875,0.04,0.022589119327440156,-0.017410880672559845,0.04,0.14200000000000002
2009,1.0,20dB_nominal_difference,imag,A23_compressed_feedback,REJECTED_PHYSICAL,YZ,x,-0.0625,y,0.1875,z,-0.6875,0.04,0.02777205026190548,-0.012227949738094521,0.04,0.14200000000000002
2009,1.0,20dB_nominal_difference,imag,A23_compressed_feedback,REJECTED_PHYSICAL,YZ,x,-0.0625,y,0.3125,z,-0.6875,0.04,0.02671866070205095,-0.01328133929794905,0.04,0.14200000000000002
2009,1.0,20dB_nominal_difference,imag,A23_compressed_feedback,REJECTED_PHYSICAL,YZ,x,-0.0625,y,0.4375,z,-0.6875,0.04,0.016964117392526554,-0.023035882607473447,0.04,0.14200000000000002
2009,1.0,20dB_nominal_difference,imag,A23_compressed_feedback,REJECTED_PHYSICAL,YZ,x,-0.0625,y,0.5625,z,-0.6875,0.04,-0.0032840533172422137,-0.043284053317242215,0.04,0.14200000000000002
2009,1.0,20dB_nominal_difference,imag,A23_compressed_feedback,REJECTED_PHYSICAL,YZ,x,-0.0625,y,0.6875,z,-0.6875,0.04,-0.02534307322493539,-0.06534307322493539,0.04,0.14200000000000002
2009,1.0,20dB_nominal_difference,imag,A23_compressed_feedback,REJECTED_PHYSICAL,YZ,x,-0.0625,y,-0.6875,z,-0.5625,0.04,0.06002881473398837,0.02002881473398837,0.04,0.14200000000000002
2009,1.0,20dB_nominal_difference,imag,A23_compressed_feedback,REJECTED_PHYSICAL,YZ,x,-0.0625,y,-0.5625,z,-0.5625,0.04,0.04376364823104835,0.0037636482310483485,0.04,0.14200000000000002
2009,1.0,20dB_nominal_difference,imag,A23_compressed_feedback,REJECTED_PHYSICAL,YZ,x,-0.0625,y,-0.4375,z,-0.5625,0.04,0.039817859511241366,-0.00018214048875863503,0.04,0.14200000000000002
2009,1.0,20dB_nominal_difference,imag,A23_compressed_feedback,REJECTED_PHYSICAL,YZ,x,-0.0625,y,-0.3125,z,-0.5625,0.04,0.04362912863739602,0.00362912863739602,0.04,0.14200000000000002
2009,1.0,20dB_nominal_difference,imag,A23_compressed_feedback,REJECTED_PHYSICAL,YZ,x,-0.0625,y,-0.1875,z,-0.5625,0.04,0.05248671692554508,0.01248671692554508,0.04,0.14200000000000002
2009,1.0,20dB_nominal_difference,imag,A23_compressed_feedback,REJECTED_PHYSICAL,YZ,x,-0.0625,y,-0.0625,z,-0.5625,0.04,0.06317150558098238,0.023171505580982375,0.04,0.14200000000000002
2009,1.0,20dB_nominal_difference,imag,A23_compressed_feedback,REJECTED_PHYSICAL,YZ,x,-0.0625,y,0.0625,z,-0.5625,0.04,0.07219185630435082,0.03219185630435082,0.04,0.14200000000000002
2009,1.0,20dB_nominal_difference,imag,A23_compressed_feedback,REJECTED_PHYSICAL,YZ,x,-0.0625,y,0.1875,z,-0.5625,0.04,0.07607262044725446,0.03607262044725446,0.04,0.14200000000000002
2009,1.0,20dB_nominal_difference,imag,A23_compressed_feedback,REJECTED_PHYSICAL,YZ,x,-0.0625,y,0.3125,z,-0.5625,0.04,0.07168891645127606,0.03168891645127606,0.04,0.14200000000000002
2009,1.0,20dB_nominal_difference,imag,A23_compressed_feedback,REJECTED_PHYSICAL,YZ,x,-0.0625,y,0.4375,z,-0.5625,0.04,0.05675329739328931,0.01675329739328931,0.04,0.14200000000000002
2009,1.0,20dB_nominal_difference,imag,A23_compressed_feedback,REJECTED_PHYSICAL,YZ,x,-0.0625,y,0.5625,z,-0.5625,0.04,0.030848472272691028,-0.009151527727308973,0.04,0.14200000000000002
2009,1.0,20dB_nominal_difference,imag,A23_compressed_feedback,REJECTED_PHYSICAL,YZ,x,-0.0625,y,0.6875,z,-0.5625,0.04,0.00452183354539392,-0.03547816645460608,0.04,0.14200000000000002
2009,1.0,20dB_nominal_difference,imag,A23_compressed_feedback,REJECTED_PHYSICAL,YZ,x,-0.0625,y,-0.6875,z,-0.4375,0.04,0.07688072015199249,0.03688072015199249,0.04,0.14200000000000002
2009,1.0,20dB_nominal_difference,imag,A23_compressed_feedback,REJECTED_PHYSICAL,YZ,x,-0.0625,y,-0.5625,z,-0.4375,0.04,0.06333366734487117,0.02333366734487117,0.04,0.14200000000000002
2009,1.0,20dB_nominal_difference,imag,A23_compressed_feedback,REJECTED_PHYSICAL,YZ,x,-0.0625,y,-0.4375,z,-0.4375,0.04,0.06157347906479138,0.02157347906479138,0.04,0.14200000000000002
2009,1.0,20dB_nominal_difference,imag,A23_compressed_feedback,REJECTED_PHYSICAL,YZ,x,-0.0625,y,-0.3125,z,-0.4375,0.04,0.06728348807379608,0.027283488073796082,0.04,0.14200000000000002
2009,1.0,20dB_nominal_difference,imag,A23_compressed_feedback,REJECTED_PHYSICAL,YZ,x,-0.0625,y,-0.1875,z,-0.4375,0.04,0.07772520470870059,0.03772520470870059,0.04,0.14200000000000002
2009,1.0,20dB_nominal_difference,imag,A23_compressed_feedback,REJECTED_PHYSICAL,YZ,x,-0.0625,y,-0.0625,z,-0.4375,0.04,0.0895297707963297,0.049529770796329704,0.04,0.14200000000000002
2009,1.0,20dB_nominal_difference,imag,A23_compressed_feedback,REJECTED_PHYSICAL,YZ,x,-0.0625,y,0.0625,z,-0.4375,0.04,0.09897326024662151,0.05897326024662151,0.04,0.14200000000000002
2009,1.0,20dB_nominal_difference,imag,A23_compressed_feedback,REJECTED_PHYSICAL,YZ,x,-0.0625,y,0.1875,z,-0.4375,0.04,0.10229013318673513,0.06229013318673513,0.04,0.14200000000000002
2009,1.0,20dB_nominal_difference,imag,A23_compressed_feedback,REJECTED_PHYSICAL,YZ,x,-0.0625,y,0.3125,z,-0.4375,0.04,0.0960532761171704,0.056053276117170404,0.04,0.14200000000000002
2009,1.0,20dB_nominal_difference,imag,A23_compressed_feedback,REJECTED_PHYSICAL,YZ,x,-0.0625,y,0.4375,z,-0.4375,0.04,0.07766604975496422,0.037666049754964216,0.04,0.14200000000000002
2009,1.0,20dB_nominal_difference,imag,A23_compressed_feedback,REJECTED_PHYSICAL,YZ,x,-0.0625,y,0.5625,z,-0.4375,0.04,0.04599144930776693,0.005991449307766926,0.04,0.14200000000000002
2009,1.0,20dB_nominal_difference,imag,A23_compressed_feedback,REJECTED_PHYSICAL,YZ,x,-0.0625,y,0.6875,z,-0.4375,0.04,0.009308787782741992,-0.03069121221725801,0.04,0.14200000000000002
2009,1.0,20dB_nominal_difference,imag,A23_compressed_feedback,REJECTED_PHYSICAL,YZ,x,-0.0625,y,-0.6875,z,-0.3125,0.04,0.0715345882698817,0.031534588269881696,0.04,0.14200000000000002
2009,1.0,20dB_nominal_difference,imag,A23_compressed_feedback,REJECTED_PHYSICAL,YZ,x,-0.0625,y,-0.5625,z,-0.3125,0.04,0.061677948675039444,0.021677948675039443,0.04,0.14200000000000002
2009,1.0,20dB_nominal_difference,imag,A23_compressed_feedback,REJECTED_PHYSICAL,YZ,x,-0.0625,y,-0.4375,z,-0.3125,0.04,0.06206482341755473,0.02206482341755473,0.04,0.14200000000000002
2009,1.0,20dB_nominal_difference,imag,A23_compressed_feedback,REJECTED_PHYSICAL,YZ,x,-0.0625,y,-0.3125,z,-0.3125,0.04,0.0693362194239913,0.029336219423991304,0.04,0.14200000000000002
2009,1.0,20dB_nominal_difference,imag,A23_compressed_feedback,REJECTED_PHYSICAL,YZ,x,-0.0625,y,-0.1875,z,-0.3125,0.093,0.08105976432193757,-0.011940235678062433,0.04,0.14200000000000002
2009,1.0,20dB_nominal_difference,imag,A23_compressed_feedback,REJECTED_PHYSICAL,YZ,x,-0.0625,y,-0.0625,z,-0.3125,0.093,0.0940131741671408,0.0010131741671408068,0.04,0.14200000000000002
2009,1.0,20dB_nominal_difference,imag,A23_compressed_feedback,REJECTED_PHYSICAL,YZ,x,-0.0625,y,0.0625,z,-0.3125,0.093,0.1044783516512027,0.0114783516512027,0.04,0.14200000000000002
2009,1.0,20dB_nominal_difference,imag,A23_compressed_feedback,REJECTED_PHYSICAL,YZ,x,-0.0625,y,0.1875,z,-0.3125,0.04,0.1085560307765717,0.06855603077657169,0.04,0.14200000000000002
2009,1.0,20dB_nominal_difference,imag,A23_compressed_feedback,REJECTED_PHYSICAL,YZ,x,-0.0625,y,0.3125,z,-0.3125,0.04,0.10253588717780035,0.06253588717780034,0.04,0.14200000000000002
2009,1.0,20dB_nominal_difference,imag,A23_compressed_feedback,REJECTED_PHYSICAL,YZ,x,-0.0625,y,0.4375,z,-0.3125,0.04,0.08333208702585909,0.04333208702585909,0.04,0.14200000000000002
2009,1.0,20dB_nominal_difference,imag,A23_compressed_feedback,REJECTED_PHYSICAL,YZ,x,-0.0625,y,0.5625,z,-0.3125,0.04,0.0489487989995409,0.008948798999540902,0.04,0.14200000000000002
2009,1.0,20dB_nominal_difference,imag,A23_compressed_feedback,REJECTED_PHYSICAL,YZ,x,-0.0625,y,0.6875,z,-0.3125,0.04,0.006335971152496206,-0.033664028847503795,0.04,0.14200000000000002
2009,1.0,20dB_nominal_difference,imag,A23_compressed_feedback,REJECTED_PHYSICAL,YZ,x,-0.0625,y,-0.6875,z,-0.1875,0.04,0.05225090944022116,0.012250909440221162,0.04,0.14200000000000002
2009,1.0,20dB_nominal_difference,imag,A23_compressed_feedback,REJECTED_PHYSICAL,YZ,x,-0.0625,y,-0.5625,z,-0.1875,0.04,0.045740562124167695,0.005740562124167695,0.04,0.14200000000000002
2009,1.0,20dB_nominal_difference,imag,A23_compressed_feedback,REJECTED_PHYSICAL,YZ,x,-0.0625,y,-0.4375,z,-0.1875,0.04,0.04753866718785513,0.007538667187855126,0.04,0.14200000000000002
2009,1.0,20dB_nominal_difference,imag,A23_compressed_feedback,REJECTED_PHYSICAL,YZ,x,-0.0625,y,-0.3125,z,-0.1875,0.093,0.055673841758237155,-0.037326158241762844,0.04,0.14200000000000002
2009,1.0,20dB_nominal_difference,imag,A23_compressed_feedback,REJECTED_PHYSICAL,YZ,x,-0.0625,y,-0.1875,z,-0.1875,0.11750000000000002,0.06810809166807205,-0.04939190833192797,0.04,0.14200000000000002
2009,1.0,20dB_nominal_difference,imag,A23_compressed_feedback,REJECTED_PHYSICAL,YZ,x,-0.0625,y,-0.0625,z,-0.1875,0.11750000000000002,0.08196031482941875,-0.03553968517058127,0.04,0.14200000000000002
2009,1.0,20dB_nominal_difference,imag,A23_compressed_feedback,REJECTED_PHYSICAL,YZ,x,-0.0625,y,0.0625,z,-0.1875,0.11750000000000002,0.09373571332794707,-0.02376428667205295,0.04,0.14200000000000002
2009,1.0,20dB_nominal_difference,imag,A23_compressed_feedback,REJECTED_PHYSICAL,YZ,x,-0.0625,y,0.1875,z,-0.1875,0.093,0.09959342197591228,0.006593421975912284,0.04,0.14200000000000002
2009,1.0,20dB_nominal_difference,imag,A23_compressed_feedback,REJECTED_PHYSICAL,YZ,x,-0.0625,y,0.3125,z,-0.1875,0.04,0.09568516341656609,0.05568516341656609,0.04,0.14200000000000002
2009,1.0,20dB_nominal_difference,imag,A23_compressed_feedback,REJECTED_PHYSICAL,YZ,x,-0.0625,y,0.4375,z,-0.1875,0.04,0.07857235184012434,0.03857235184012434,0.04,0.14200000000000002
2009,1.0,20dB_nominal_difference,imag,A23_compressed_feedback,REJECTED_PHYSICAL,YZ,x,-0.0625,y,0.5625,z,-0.1875,0.04,0.045709365093886845,0.005709365093886844,0.04,0.14200000000000002
2009,1.0,20dB_nominal_difference,imag,A23_compressed_feedback,REJECTED_PHYSICAL,YZ,x,-0.0625,y,0.6875,z,-0.1875,0.04,0.0026320178437796438,-0.03736798215622036,0.04,0.14200000000000002
2009,1.0,20dB_nominal_difference,imag,A23_compressed_feedback,REJECTED_PHYSICAL,YZ,x,-0.0625,y,-0.6875,z,-0.0625,0.04,0.028065885164187235,-0.011934114835812765,0.04,0.14200000000000002
2009,1.0,20dB_nominal_difference,imag,A23_compressed_feedback,REJECTED_PHYSICAL,YZ,x,-0.0625,y,-0.5625,z,-0.0625,0.04,0.023811015538430746,-0.016188984461569255,0.04,0.14200000000000002
2009,1.0,20dB_nominal_difference,imag,A23_compressed_feedback,REJECTED_PHYSICAL,YZ,x,-0.0625,y,-0.4375,z,-0.0625,0.04,0.02577076176072427,-0.01422923823927573,0.04,0.14200000000000002
2009,1.0,20dB_nominal_difference,imag,A23_compressed_feedback,REJECTED_PHYSICAL,YZ,x,-0.0625,y,-0.3125,z,-0.0625,0.093,0.033640778895606065,-0.059359221104393935,0.04,0.14200000000000002
2009,1.0,20dB_nominal_difference,imag,A23_compressed_feedback,REJECTED_PHYSICAL,YZ,x,-0.0625,y,-0.1875,z,-0.0625,0.11750000000000002,0.04581273459050695,-0.07168726540949308,0.04,0.14200000000000002
2009,1.0,20dB_nominal_difference,imag,A23_compressed_feedback,REJECTED_PHYSICAL,YZ,x,-0.0625,y,-0.0625,z,-0.0625,0.11750000000000002,0.0598779658907421,-0.05762203410925792,0.04,0.14200000000000002
2009,1.0,20dB_nominal_difference,imag,A23_compressed_feedback,REJECTED_PHYSICAL,YZ,x,-0.0625,y,0.0625,z,-0.0625,0.11750000000000002,0.07275280872874054,-0.04474719127125948,0.04,0.14200000000000002
2009,1.0,20dB_nominal_difference,imag,A23_compressed_feedback,REJECTED_PHYSICAL,YZ,x,-0.0625,y,0.1875,z,-0.0625,0.093,0.08086322164535228,-0.012136778354647715,0.04,0.14200000000000002
2009,1.0,20dB_nominal_difference,imag,A23_compressed_feedback,REJECTED_PHYSICAL,YZ,x,-0.0625,y,0.3125,z,-0.0625,0.04,0.08043521206431481,0.04043521206431481,0.04,0.14200000000000002
2009,1.0,20dB_nominal_difference,imag,A23_compressed_feedback,REJECTED_PHYSICAL,YZ,x,-0.0625,y,0.4375,z,-0.0625,0.04,0.06790417087076048,0.027904170870760477,0.04,0.14200000000000002
2009,1.0,20dB_nominal_difference,imag,A23_compressed_feedback,REJECTED_PHYSICAL,YZ,x,-0.0625,y,0.5625,z,-0.0625,0.04,0.040438270850967635,0.0004382708509676342,0.04,0.14200000000000002
2009,1.0,20dB_nominal_difference,imag,A23_compressed_feedback,REJECTED_PHYSICAL,YZ,x,-0.0625,y,0.6875,z,-0.0625,0.04,0.0017704022195651065,-0.038229597780434894,0.04,0.14200000000000002
2009,1.0,20dB_nominal_difference,imag,A23_compressed_feedback,REJECTED_PHYSICAL,YZ,x,-0.0625,y,-0.6875,z,0.0625,0.04,0.006801543037080936,-0.033198456962919065,0.04,0.14200000000000002
2009,1.0,20dB_nominal_difference,imag,A23_compressed_feedback,REJECTED_PHYSICAL,YZ,x,-0.0625,y,-0.5625,z,0.0625,0.04,0.0034034330344685504,-0.03659656696553145,0.04,0.14200000000000002
2009,1.0,20dB_nominal_difference,imag,A23_compressed_feedback,REJECTED_PHYSICAL,YZ,x,-0.0625,y,-0.4375,z,0.0625,0.04,0.004157251742197256,-0.035842748257802745,0.04,0.14200000000000002
2009,1.0,20dB_nominal_difference,imag,A23_compressed_feedback,REJECTED_PHYSICAL,YZ,x,-0.0625,y,-0.3125,z,0.0625,0.093,0.010428450390444217,-0.08257154960955579,0.04,0.14200000000000002
2009,1.0,20dB_nominal_difference,imag,A23_compressed_feedback,REJECTED_PHYSICAL,YZ,x,-0.0625,y,-0.1875,z,0.0625,0.11750000000000002,0.021068300264588842,-0.09643169973541119,0.04,0.14200000000000002
2009,1.0,20dB_nominal_difference,imag,A23_compressed_feedback,REJECTED_PHYSICAL,YZ,x,-0.0625,y,-0.0625,z,0.0625,0.14200000000000002,0.034243262932898776,-0.10775673706710123,0.04,0.14200000000000002
2009,1.0,20dB_nominal_difference,imag,A23_compressed_feedback,REJECTED_PHYSICAL,YZ,x,-0.0625,y,0.0625,z,0.0625,0.11750000000000002,0.047442264877473085,-0.07005773512252694,0.04,0.14200000000000002
2009,1.0,20dB_nominal_difference,imag,A23_compressed_feedback,REJECTED_PHYSICAL,YZ,x,-0.0625,y,0.1875,z,0.0625,0.093,0.0575596155376771,-0.0354403844623229,0.04,0.14200000000000002
2009,1.0,20dB_nominal_difference,imag,A23_compressed_feedback,REJECTED_PHYSICAL,YZ,x,-0.0625,y,0.3125,z,0.0625,0.04,0.06111999393426016,0.02111999393426016,0.04,0.14200000000000002
2009,1.0,20dB_nominal_difference,imag,A23_compressed_feedback,REJECTED_PHYSICAL,YZ,x,-0.0625,y,0.4375,z,0.0625,0.04,0.05466342405284494,0.014663424052844938,0.04,0.14200000000000002
2009,1.0,20dB_nominal_difference,imag,A23_compressed_feedback,REJECTED_PHYSICAL,YZ,x,-0.0625,y,0.5625,z,0.0625,0.04,0.0352808372566484,-0.0047191627433516015,0.04,0.14200000000000002
2009,1.0,20dB_nominal_difference,imag,A23_compressed_feedback,REJECTED_PHYSICAL,YZ,x,-0.0625,y,0.6875,z,0.0625,0.04,0.004661346862053689,-0.03533865313794631,0.04,0.14200000000000002
2009,1.0,20dB_nominal_difference,imag,A23_compressed_feedback,REJECTED_PHYSICAL,YZ,x,-0.0625,y,-0.6875,z,0.1875,0.04,-0.006138603218262671,-0.04613860321826267,0.04,0.14200000000000002
2009,1.0,20dB_nominal_difference,imag,A23_compressed_feedback,REJECTED_PHYSICAL,YZ,x,-0.0625,y,-0.5625,z,0.1875,0.04,-0.009884278742226943,-0.049884278742226944,0.04,0.14200000000000002
2009,1.0,20dB_nominal_difference,imag,A23_compressed_feedback,REJECTED_PHYSICAL,YZ,x,-0.0625,y,-0.4375,z,0.1875,0.04,-0.011355243060570966,-0.05135524306057097,0.04,0.14200000000000002
2009,1.0,20dB_nominal_difference,imag,A23_compressed_feedback,REJECTED_PHYSICAL,YZ,x,-0.0625,y,-0.3125,z,0.1875,0.093,-0.007855569323849204,-0.1008555693238492,0.04,0.14200000000000002
2009,1.0,20dB_nominal_difference,imag,A23_compressed_feedback,REJECTED_PHYSICAL,YZ,x,-0.0625,y,-0.1875,z,0.1875,0.11750000000000002,-4.8897731871618e-05,-0.11754889773187163,0.04,0.14200000000000002
2009,1.0,20dB_nominal_difference,imag,A23_compressed_feedback,REJECTED_PHYSICAL,YZ,x,-0.0625,y,-0.0625,z,0.1875,0.11750000000000002,0.01088794874096529,-0.10661205125903472,0.04,0.14200000000000002
2009,1.0,20dB_nominal_difference,imag,A23_compressed_feedback,REJECTED_PHYSICAL,YZ,x,-0.0625,y,0.0625,z,0.1875,0.11750000000000002,0.023147400492945794,-0.09435259950705423,0.04,0.14200000000000002
2009,1.0,20dB_nominal_difference,imag,A23_compressed_feedback,REJECTED_PHYSICAL,YZ,x,-0.0625,y,0.1875,z,0.1875,0.093,0.03427100864893344,-0.05872899135106656,0.04,0.14200000000000002
2009,1.0,20dB_nominal_difference,imag,A23_compressed_feedback,REJECTED_PHYSICAL,YZ,x,-0.0625,y,0.3125,z,0.1875,0.04,0.04129650030343501,0.0012965003034350123,0.04,0.14200000000000002
2009,1.0,20dB_nominal_difference,imag,A23_compressed_feedback,REJECTED_PHYSICAL,YZ,x,-0.0625,y,0.4375,z,0.1875,0.04,0.04108962271935295,0.0010896227193529506,0.04,0.14200000000000002
2009,1.0,20dB_nominal_difference,imag,A23_compressed_feedback,REJECTED_PHYSICAL,YZ,x,-0.0625,y,0.5625,z,0.1875,0.04,0.030851370923506885,-0.009148629076493116,0.04,0.14200000000000002
2009,1.0,20dB_nominal_difference,imag,A23_compressed_feedback,REJECTED_PHYSICAL,YZ,x,-0.0625,y,0.6875,z,0.1875,0.04,0.010293034234357578,-0.029706965765642423,0.04,0.14200000000000002
2009,1.0,20dB_nominal_difference,imag,A23_compressed_feedback,REJECTED_PHYSICAL,YZ,x,-0.0625,y,-0.6875,z,0.3125,0.04,-0.008064554343845565,-0.048064554343845566,0.04,0.14200000000000002
2009,1.0,20dB_nominal_difference,imag,A23_compressed_feedback,REJECTED_PHYSICAL,YZ,x,-0.0625,y,-0.5625,z,0.3125,0.04,-0.012600617009397935,-0.052600617009397936,0.04,0.14200000000000002
2009,1.0,20dB_nominal_difference,imag,A23_compressed_feedback,REJECTED_PHYSICAL,YZ,x,-0.0625,y,-0.4375,z,0.3125,0.04,-0.01651391211408932,-0.05651391211408932,0.04,0.14200000000000002
2009,1.0,20dB_nominal_difference,imag,A23_compressed_feedback,REJECTED_PHYSICAL,YZ,x,-0.0625,y,-0.3125,z,0.3125,0.04,-0.016410407294911777,-0.05641040729491178,0.04,0.14200000000000002
2009,1.0,20dB_nominal_difference,imag,A23_compressed_feedback,REJECTED_PHYSICAL,YZ,x,-0.0625,y,-0.1875,z,0.3125,0.093,-0.012435475860424192,-0.10543547586042419,0.04,0.14200000000000002
2009,1.0,20dB_nominal_difference,imag,A23_compressed_feedback,REJECTED_PHYSICAL,YZ,x,-0.0625,y,-0.0625,z,0.3125,0.093,-0.005057821745093456,-0.09805782174509345,0.04,0.14200000000000002
2009,1.0,20dB_nominal_difference,imag,A23_compressed_feedback,REJECTED_PHYSICAL,YZ,x,-0.0625,y,0.0625,z,0.3125,0.093,0.004701633559651142,-0.08829836644034886,0.04,0.14200000000000002
2009,1.0,20dB_nominal_difference,imag,A23_compressed_feedback,REJECTED_PHYSICAL,YZ,x,-0.0625,y,0.1875,z,0.3125,0.04,0.015176643274893566,-0.024823356725106435,0.04,0.14200000000000002
2009,1.0,20dB_nominal_difference,imag,A23_compressed_feedback,REJECTED_PHYSICAL,YZ,x,-0.0625,y,0.3125,z,0.3125,0.04,0.024123582087910402,-0.0158764179120896,0.04,0.14200000000000002
2009,1.0,20dB_nominal_difference,imag,A23_compressed_feedback,REJECTED_PHYSICAL,YZ,x,-0.0625,y,0.4375,z,0.3125,0.04,0.028959617604608988,-0.011040382395391013,0.04,0.14200000000000002
2009,1.0,20dB_nominal_difference,imag,A23_compressed_feedback,REJECTED_PHYSICAL,YZ,x,-0.0625,y,0.5625,z,0.3125,0.04,0.027173546215333612,-0.012826453784666389,0.04,0.14200000000000002
2009,1.0,20dB_nominal_difference,imag,A23_compressed_feedback,REJECTED_PHYSICAL,YZ,x,-0.0625,y,0.6875,z,0.3125,0.04,0.01684886219665025,-0.02315113780334975,0.04,0.14200000000000002
2009,1.0,20dB_nominal_difference,imag,A23_compressed_feedback,REJECTED_PHYSICAL,YZ,x,-0.0625,y,-0.6875,z,0.4375,0.04,0.0015159471211241976,-0.0384840528788758,0.04,0.14200000000000002
2009,1.0,20dB_nominal_difference,imag,A23_compressed_feedback,REJECTED_PHYSICAL,YZ,x,-0.0625,y,-0.5625,z,0.4375,0.04,-0.0029497766474800152,-0.042949776647480016,0.04,0.14200000000000002
2009,1.0,20dB_nominal_difference,imag,A23_compressed_feedback,REJECTED_PHYSICAL,YZ,x,-0.0625,y,-0.4375,z,0.4375,0.04,-0.008428620900750528,-0.04842862090075053,0.04,0.14200000000000002
2009,1.0,20dB_nominal_difference,imag,A23_compressed_feedback,REJECTED_PHYSICAL,YZ,x,-0.0625,y,-0.3125,z,0.4375,0.04,-0.011505668675681223,-0.051505668675681224,0.04,0.14200000000000002
2009,1.0,20dB_nominal_difference,imag,A23_compressed_feedback,REJECTED_PHYSICAL,YZ,x,-0.0625,y,-0.1875,z,0.4375,0.04,-0.011735567739805178,-0.05173556773980518,0.04,0.14200000000000002
2009,1.0,20dB_nominal_difference,imag,A23_compressed_feedback,REJECTED_PHYSICAL,YZ,x,-0.0625,y,-0.0625,z,0.4375,0.04,-0.008904552901916898,-0.0489045529019169,0.04,0.14200000000000002
2009,1.0,20dB_nominal_difference,imag,A23_compressed_feedback,REJECTED_PHYSICAL,YZ,x,-0.0625,y,0.0625,z,0.4375,0.04,-0.0032512244049429165,-0.04325122440494292,0.04,0.14200000000000002
2009,1.0,20dB_nominal_difference,imag,A23_compressed_feedback,REJECTED_PHYSICAL,YZ,x,-0.0625,y,0.1875,z,0.4375,0.04,0.004448847122161655,-0.035551152877838346,0.04,0.14200000000000002
2009,1.0,20dB_nominal_difference,imag,A23_compressed_feedback,REJECTED_PHYSICAL,YZ,x,-0.0625,y,0.3125,z,0.4375,0.04,0.012887442881515995,-0.027112557118484006,0.04,0.14200000000000002
2009,1.0,20dB_nominal_difference,imag,A23_compressed_feedback,REJECTED_PHYSICAL,YZ,x,-0.0625,y,0.4375,z,0.4375,0.04,0.020322964369114765,-0.019677035630885235,0.04,0.14200000000000002
2009,1.0,20dB_nominal_difference,imag,A23_compressed_feedback,REJECTED_PHYSICAL,YZ,x,-0.0625,y,0.5625,z,0.4375,0.04,0.0247542471848178,-0.0152457528151822,0.04,0.14200000000000002
2009,1.0,20dB_nominal_difference,imag,A23_compressed_feedback,REJECTED_PHYSICAL,YZ,x,-0.0625,y,0.6875,z,0.4375,0.04,0.02307008029133679,-0.01692991970866321,0.04,0.14200000000000002
2009,1.0,20dB_nominal_difference,imag,A23_compressed_feedback,REJECTED_PHYSICAL,YZ,x,-0.0625,y,-0.6875,z,0.5625,0.04,0.021978420866176778,-0.018021579133823223,0.04,0.14200000000000002
2009,1.0,20dB_nominal_difference,imag,A23_compressed_feedback,REJECTED_PHYSICAL,YZ,x,-0.0625,y,-0.5625,z,0.5625,0.04,0.020052347670601888,-0.019947652329398113,0.04,0.14200000000000002
2009,1.0,20dB_nominal_difference,imag,A23_compressed_feedback,REJECTED_PHYSICAL,YZ,x,-0.0625,y,-0.4375,z,0.5625,0.04,0.014840686538795438,-0.025159313461204563,0.04,0.14200000000000002
2009,1.0,20dB_nominal_difference,imag,A23_compressed_feedback,REJECTED_PHYSICAL,YZ,x,-0.0625,y,-0.3125,z,0.5625,0.04,0.00977587452981998,-0.03022412547018002,0.04,0.14200000000000002
2009,1.0,20dB_nominal_difference,imag,A23_compressed_feedback,REJECTED_PHYSICAL,YZ,x,-0.0625,y,-0.1875,z,0.5625,0.04,0.005880823641086101,-0.0341191763589139,0.04,0.14200000000000002
2009,1.0,20dB_nominal_difference,imag,A23_compressed_feedback,REJECTED_PHYSICAL,YZ,x,-0.0625,y,-0.0625,z,0.5625,0.04,0.003806528902837225,-0.036193471097162776,0.04,0.14200000000000002
2009,1.0,20dB_nominal_difference,imag,A23_compressed_feedback,REJECTED_PHYSICAL,YZ,x,-0.0625,y,0.0625,z,0.5625,0.04,0.0039509382130690565,-0.036049061786930944,0.04,0.14200000000000002
2009,1.0,20dB_nominal_difference,imag,A23_compressed_feedback,REJECTED_PHYSICAL,YZ,x,-0.0625,y,0.1875,z,0.5625,0.04,0.006463024976888332,-0.03353697502311167,0.04,0.14200000000000002
2009,1.0,20dB_nominal_difference,imag,A23_compressed_feedback,REJECTED_PHYSICAL,YZ,x,-0.0625,y,0.3125,z,0.5625,0.04,0.011206913441843998,-0.028793086558156003,0.04,0.14200000000000002
2009,1.0,20dB_nominal_difference,imag,A23_compressed_feedback,REJECTED_PHYSICAL,YZ,x,-0.0625,y,0.4375,z,0.5625,0.04,0.01774858707233882,-0.022251412927661182,0.04,0.14200000000000002
2009,1.0,20dB_nominal_difference,imag,A23_compressed_feedback,REJECTED_PHYSICAL,YZ,x,-0.0625,y,0.5625,z,0.5625,0.04,0.02523489051696607,-0.01476510948303393,0.04,0.14200000000000002
2009,1.0,20dB_nominal_difference,imag,A23_compressed_feedback,REJECTED_PHYSICAL,YZ,x,-0.0625,y,0.6875,z,0.5625,0.04,0.029849124768822226,-0.010150875231177775,0.04,0.14200000000000002
2009,1.0,20dB_nominal_difference,imag,A23_compressed_feedback,REJECTED_PHYSICAL,YZ,x,-0.0625,y,-0.6875,z,0.6875,0.04,0.05545724398235506,0.01545724398235506,0.04,0.14200000000000002
2009,1.0,20dB_nominal_difference,imag,A23_compressed_feedback,REJECTED_PHYSICAL,YZ,x,-0.0625,y,-0.5625,z,0.6875,0.04,0.058581267907750936,0.018581267907750935,0.04,0.14200000000000002
2009,1.0,20dB_nominal_difference,imag,A23_compressed_feedback,REJECTED_PHYSICAL,YZ,x,-0.0625,y,-0.4375,z,0.6875,0.04,0.05577703752914604,0.01577703752914604,0.04,0.14200000000000002
2009,1.0,20dB_nominal_difference,imag,A23_compressed_feedback,REJECTED_PHYSICAL,YZ,x,-0.0625,y,-0.3125,z,0.6875,0.04,0.05119482473717137,0.011194824737171372,0.04,0.14200000000000002
2009,1.0,20dB_nominal_difference,imag,A23_compressed_feedback,REJECTED_PHYSICAL,YZ,x,-0.0625,y,-0.1875,z,0.6875,0.04,0.04547951444625562,0.0054795144462556206,0.04,0.14200000000000002
2009,1.0,20dB_nominal_difference,imag,A23_compressed_feedback,REJECTED_PHYSICAL,YZ,x,-0.0625,y,-0.0625,z,0.6875,0.04,0.03911390301387321,-0.0008860969861267942,0.04,0.14200000000000002
2009,1.0,20dB_nominal_difference,imag,A23_compressed_feedback,REJECTED_PHYSICAL,YZ,x,-0.0625,y,0.0625,z,0.6875,0.04,0.03283091896480243,-0.007169081035197568,0.04,0.14200000000000002
2009,1.0,20dB_nominal_difference,imag,A23_compressed_feedback,REJECTED_PHYSICAL,YZ,x,-0.0625,y,0.1875,z,0.6875,0.04,0.02761717732576272,-0.012382822674237282,0.04,0.14200000000000002
2009,1.0,20dB_nominal_difference,imag,A23_compressed_feedback,REJECTED_PHYSICAL,YZ,x,-0.0625,y,0.3125,z,0.6875,0.04,0.02463469946358999,-0.015365300536410012,0.04,0.14200000000000002
2009,1.0,20dB_nominal_difference,imag,A23_compressed_feedback,REJECTED_PHYSICAL,YZ,x,-0.0625,y,0.4375,z,0.6875,0.04,0.025238697355177198,-0.014761302644822803,0.04,0.14200000000000002
2009,1.0,20dB_nominal_difference,imag,A23_compressed_feedback,REJECTED_PHYSICAL,YZ,x,-0.0625,y,0.5625,z,0.6875,0.04,0.031313713549179514,-0.008686286450820487,0.04,0.14200000000000002
2009,1.0,20dB_nominal_difference,imag,A23_compressed_feedback,REJECTED_PHYSICAL,YZ,x,-0.0625,y,0.6875,z,0.6875,0.04,0.04396200852411833,0.003962008524118328,0.04,0.14200000000000002
