scene,shape,method,t,noise,status,full_validation,full_chi_NRMSE,datafullresidual,setup_seconds,cold_decode_seconds,warm_decode_median_seconds,pack_encode_seconds,conservative_image_export_seconds,full_validation_seconds,eligible_quality,total_time_to_image_seconds,cached_pipeline_without_fullvalidation_seconds,total_time_N10_extrapolated,total_time_N100_extrapolated,timing_scope,warm_full_pipeline,N10_N100,metadata_and_publication_cost,attribution
2001,gaussian_moderate,homogeneous_born,0.15,zero,OK,NOT_RUN,0.1185866625818879,,17.992523100052495,0.010374799952842295,0.010688900016248226,0.0001183999702334404,0.04244390001986176,,False,,18.045460199995432,,,measured individual components plus independent setup attribution; one full validation,"NOT_RUN; warm5 encode/decode only, single full validation",FORMULA_ONLY_NOT_MEASURED,budget ledger only,each method pays its independent setup; actual shared budget is charged once
2001,gaussian_moderate,born_BP,0.15,zero,OK,NOT_RUN,0.1511402261393799,,17.992523100052495,0.011140600021462888,0.012139600003138185,0.0001183999702334404,0.04244390001986176,,False,,18.046226000064053,,,measured individual components plus independent setup attribution; one full validation,"NOT_RUN; warm5 encode/decode only, single full validation",FORMULA_ONLY_NOT_MEASURED,budget ledger only,each method pays its independent setup; actual shared budget is charged once
2001,gaussian_moderate,dressed_linear_chi,0.15,zero,OK,NOT_RUN,0.11454669726914343,,20.69075500004692,0.012133099953643978,0.010820499970577657,0.0001183999702334404,0.04244390001986176,,False,,20.74545039999066,,,measured individual components plus independent setup attribution; one full validation,"NOT_RUN; warm5 encode/decode only, single full validation",FORMULA_ONLY_NOT_MEASURED,budget ledger only,each method pays its independent setup; actual shared budget is charged once
2001,gaussian_moderate,linear_a_exact_conversion,0.15,zero,OK,NOT_RUN,0.1141992865831542,,20.69075500004692,0.014360100030899048,0.012678199971560389,0.0001183999702334404,0.04244390001986176,,False,,20.747677400067914,,,measured individual components plus independent setup attribution; one full validation,"NOT_RUN; warm5 encode/decode only, single full validation",FORMULA_ONLY_NOT_MEASURED,budget ledger only,each method pays its independent setup; actual shared budget is charged once
2001,gaussian_moderate,vanilla_IBS2,0.15,zero,OK,NOT_RUN,0.11445883090544443,,20.69075500004692,0.4379831000114791,0.4382611000328325,0.0001183999702334404,0.04244390001986176,,False,,21.171300400048494,,,measured individual components plus independent setup attribution; one full validation,"NOT_RUN; warm5 encode/decode only, single full validation",FORMULA_ONLY_NOT_MEASURED,budget ledger only,each method pays its independent setup; actual shared budget is charged once
2001,gaussian_moderate,A23_compressed_feedback,0.15,zero,OK,NOT_RUN,0.11461118593077967,,36.524400200054515,0.37653149996185675,0.3757225999725051,0.0001183999702334404,0.04244390001986176,,False,,36.94349400000647,,,measured individual components plus independent setup attribution; one full validation,"NOT_RUN; warm5 encode/decode only, single full validation",FORMULA_ONLY_NOT_MEASURED,budget ledger only,each method pays its independent setup; actual shared budget is charged once
2001,gaussian_moderate,generic_randomized_linear,0.15,zero,OK,NOT_RUN,0.12588689402178288,,22.397708200092893,0.013606599997729063,0.011929300031624734,0.0001183999702334404,0.04244390001986176,,False,,22.453877100080717,,,measured individual components plus independent setup attribution; one full validation,"NOT_RUN; warm5 encode/decode only, single full validation",FORMULA_ONLY_NOT_MEASURED,budget ledger only,each method pays its independent setup; actual shared budget is charged once
2001,gaussian_moderate,current_BP_ratio,0.15,zero,OK,NOT_RUN,0.15368070228495626,,5.908224600018002,0.40892779995920137,0.40787559997988865,0.0001183999702334404,0.04244390001986176,,False,,6.359714699967299,,,measured individual components plus independent setup attribution; one full validation,"NOT_RUN; warm5 encode/decode only, single full validation",FORMULA_ONLY_NOT_MEASURED,budget ledger only,each method pays its independent setup; actual shared budget is charged once
2001,gaussian_moderate,homogeneous_born,0.15,20dB_nominal_difference,REJECTED_PHYSICAL,NOT_RUN,0.22109697383385232,,17.992523100052495,0.010204799997154623,0.012136400036979467,9.100005263462663e-05,0.026502199994865805,,False,,18.02932110009715,,,measured individual components plus independent setup attribution; one full validation,"NOT_RUN; warm5 encode/decode only, single full validation",FORMULA_ONLY_NOT_MEASURED,budget ledger only,each method pays its independent setup; actual shared budget is charged once
2001,gaussian_moderate,born_BP,0.15,20dB_nominal_difference,OK,NOT_RUN,0.15096382290351282,,17.992523100052495,0.013992800028063357,0.011594300041906536,9.100005263462663e-05,0.026502199994865805,,False,,18.03310910012806,,,measured individual components plus independent setup attribution; one full validation,"NOT_RUN; warm5 encode/decode only, single full validation",FORMULA_ONLY_NOT_MEASURED,budget ledger only,each method pays its independent setup; actual shared budget is charged once
2001,gaussian_moderate,dressed_linear_chi,0.15,20dB_nominal_difference,REJECTED_PHYSICAL,NOT_RUN,0.2270923087207021,,20.69075500004692,0.01045420003356412,0.011544199951458722,9.100005263462663e-05,0.026502199994865805,,False,,20.727802400127985,,,measured individual components plus independent setup attribution; one full validation,"NOT_RUN; warm5 encode/decode only, single full validation",FORMULA_ONLY_NOT_MEASURED,budget ledger only,each method pays its independent setup; actual shared budget is charged once
2001,gaussian_moderate,linear_a_exact_conversion,0.15,20dB_nominal_difference,REJECTED_PHYSICAL,NOT_RUN,0.2272797017021738,,20.69075500004692,0.010563999996520579,0.011920100019779056,9.100005263462663e-05,0.026502199994865805,,False,,20.72791220009094,,,measured individual components plus independent setup attribution; one full validation,"NOT_RUN; warm5 encode/decode only, single full validation",FORMULA_ONLY_NOT_MEASURED,budget ledger only,each method pays its independent setup; actual shared budget is charged once
2001,gaussian_moderate,vanilla_IBS2,0.15,20dB_nominal_difference,REJECTED_PHYSICAL,NOT_RUN,0.22581705813834047,,20.69075500004692,0.5843457000446506,0.4396532000391744,9.100005263462663e-05,0.026502199994865805,,False,,21.30169390013907,,,measured individual components plus independent setup attribution; one full validation,"NOT_RUN; warm5 encode/decode only, single full validation",FORMULA_ONLY_NOT_MEASURED,budget ledger only,each method pays its independent setup; actual shared budget is charged once
2001,gaussian_moderate,A23_compressed_feedback,0.15,20dB_nominal_difference,REJECTED_PHYSICAL,NOT_RUN,0.22675503123327484,,36.524400200054515,0.4023835000116378,0.4098903000121936,9.100005263462663e-05,0.026502199994865805,,False,,36.95337690011365,,,measured individual components plus independent setup attribution; one full validation,"NOT_RUN; warm5 encode/decode only, single full validation",FORMULA_ONLY_NOT_MEASURED,budget ledger only,each method pays its independent setup; actual shared budget is charged once
2001,gaussian_moderate,generic_randomized_linear,0.15,20dB_nominal_difference,OK,NOT_RUN,0.1385997918315542,,22.397708200092893,0.012606100004632026,0.010402600048109889,9.100005263462663e-05,0.026502199994865805,,False,,22.436907500145026,,,measured individual components plus independent setup attribution; one full validation,"NOT_RUN; warm5 encode/decode only, single full validation",FORMULA_ONLY_NOT_MEASURED,budget ledger only,each method pays its independent setup; actual shared budget is charged once
2001,gaussian_moderate,current_BP_ratio,0.15,20dB_nominal_difference,OK,NOT_RUN,0.1535224077638821,,5.908224600018002,0.404666599992197,0.4047997999587096,9.100005263462663e-05,0.026502199994865805,,False,,6.3394844000576995,,,measured individual components plus independent setup attribution; one full validation,"NOT_RUN; warm5 encode/decode only, single full validation",FORMULA_ONLY_NOT_MEASURED,budget ledger only,each method pays its independent setup; actual shared budget is charged once
2001,gaussian_moderate,homogeneous_born,0.5,zero,REJECTED_PHYSICAL,NOT_RUN,0.30621326282294026,,17.992523100052495,0.011430199956521392,0.012462399958167225,9.42000187933445e-05,0.024003099999390543,,False,,18.0280506000272,,,measured individual components plus independent setup attribution; one full validation,"NOT_RUN; warm5 encode/decode only, single full validation",FORMULA_ONLY_NOT_MEASURED,budget ledger only,each method pays its independent setup; actual shared budget is charged once
2001,gaussian_moderate,born_BP,0.5,zero,OK,NOT_RUN,0.3883367114773446,,17.992523100052495,0.014545500045642257,0.012993999989703298,9.42000187933445e-05,0.024003099999390543,,False,,18.03116590011632,,,measured individual components plus independent setup attribution; one full validation,"NOT_RUN; warm5 encode/decode only, single full validation",FORMULA_ONLY_NOT_MEASURED,budget ledger only,each method pays its independent setup; actual shared budget is charged once
2001,gaussian_moderate,dressed_linear_chi,0.5,zero,REJECTED_PHYSICAL,NOT_RUN,0.29409586853363584,,20.69075500004692,0.015616799995768815,0.005567499960307032,9.42000187933445e-05,0.024003099999390543,,False,,20.730469100060873,,,measured individual components plus independent setup attribution; one full validation,"NOT_RUN; warm5 encode/decode only, single full validation",FORMULA_ONLY_NOT_MEASURED,budget ledger only,each method pays its independent setup; actual shared budget is charged once
2001,gaussian_moderate,linear_a_exact_conversion,0.5,zero,REJECTED_PHYSICAL,NOT_RUN,0.2911008125105956,,20.69075500004692,0.012665799993555993,0.011648799991235137,9.42000187933445e-05,0.024003099999390543,,False,,20.72751810005866,,,measured individual components plus independent setup attribution; one full validation,"NOT_RUN; warm5 encode/decode only, single full validation",FORMULA_ONLY_NOT_MEASURED,budget ledger only,each method pays its independent setup; actual shared budget is charged once
2001,gaussian_moderate,vanilla_IBS2,0.5,zero,REJECTED_PHYSICAL,NOT_RUN,0.2928987092080061,,20.69075500004692,0.5794237999944016,0.37817549996543676,9.42000187933445e-05,0.024003099999390543,,False,,21.294276100059506,,,measured individual components plus independent setup attribution; one full validation,"NOT_RUN; warm5 encode/decode only, single full validation",FORMULA_ONLY_NOT_MEASURED,budget ledger only,each method pays its independent setup; actual shared budget is charged once
2001,gaussian_moderate,A23_compressed_feedback,0.5,zero,REJECTED_PHYSICAL,NOT_RUN,0.29473605303248046,,36.524400200054515,0.37369869998656213,0.3905765999807045,9.42000187933445e-05,0.024003099999390543,,False,,36.92219620005926,,,measured individual components plus independent setup attribution; one full validation,"NOT_RUN; warm5 encode/decode only, single full validation",FORMULA_ONLY_NOT_MEASURED,budget ledger only,each method pays its independent setup; actual shared budget is charged once
2001,gaussian_moderate,generic_randomized_linear,0.5,zero,REJECTED_PHYSICAL,NOT_RUN,0.32315136543691647,,22.397708200092893,0.010106800007633865,0.012267799989785999,9.42000187933445e-05,0.024003099999390543,,False,,22.43191230011871,,,measured individual components plus independent setup attribution; one full validation,"NOT_RUN; warm5 encode/decode only, single full validation",FORMULA_ONLY_NOT_MEASURED,budget ledger only,each method pays its independent setup; actual shared budget is charged once
2001,gaussian_moderate,current_BP_ratio,0.5,zero,OK,NOT_RUN,0.39452580518189073,,5.908224600018002,0.4201092000002973,0.4100421000039205,9.42000187933445e-05,0.024003099999390543,,False,,6.352431100036483,,,measured individual components plus independent setup attribution; one full validation,"NOT_RUN; warm5 encode/decode only, single full validation",FORMULA_ONLY_NOT_MEASURED,budget ledger only,each method pays its independent setup; actual shared budget is charged once
2001,gaussian_moderate,homogeneous_born,0.5,20dB_nominal_difference,REJECTED_PHYSICAL,NOT_RUN,0.3260750369582466,,17.992523100052495,0.010167899949010462,0.012274400040041655,5.6800025049597025e-05,0.04055889998562634,,False,,18.04330670001218,,,measured individual components plus independent setup attribution; one full validation,"NOT_RUN; warm5 encode/decode only, single full validation",FORMULA_ONLY_NOT_MEASURED,budget ledger only,each method pays its independent setup; actual shared budget is charged once
2001,gaussian_moderate,born_BP,0.5,20dB_nominal_difference,OK,NOT_RUN,0.38852586151129453,,17.992523100052495,0.012923799979034811,0.011887700005900115,5.6800025049597025e-05,0.04055889998562634,,False,,18.046062600042205,,,measured individual components plus independent setup attribution; one full validation,"NOT_RUN; warm5 encode/decode only, single full validation",FORMULA_ONLY_NOT_MEASURED,budget ledger only,each method pays its independent setup; actual shared budget is charged once
2001,gaussian_moderate,dressed_linear_chi,0.5,20dB_nominal_difference,REJECTED_PHYSICAL,NOT_RUN,0.31695745791421787,,20.69075500004692,0.013391599990427494,0.011220899992622435,5.6800025049597025e-05,0.04055889998562634,,False,,20.744762300048023,,,measured individual components plus independent setup attribution; one full validation,"NOT_RUN; warm5 encode/decode only, single full validation",FORMULA_ONLY_NOT_MEASURED,budget ledger only,each method pays its independent setup; actual shared budget is charged once
2001,gaussian_moderate,linear_a_exact_conversion,0.5,20dB_nominal_difference,REJECTED_PHYSICAL,NOT_RUN,0.31446133387262326,,20.69075500004692,0.010128099995199591,0.012580999988131225,5.6800025049597025e-05,0.04055889998562634,,False,,20.741498800052796,,,measured individual components plus independent setup attribution; one full validation,"NOT_RUN; warm5 encode/decode only, single full validation",FORMULA_ONLY_NOT_MEASURED,budget ledger only,each method pays its independent setup; actual shared budget is charged once
2001,gaussian_moderate,vanilla_IBS2,0.5,20dB_nominal_difference,REJECTED_PHYSICAL,NOT_RUN,0.31443347129735033,,20.69075500004692,0.5715706000337377,0.4508068999857642,5.6800025049597025e-05,0.04055889998562634,,False,,21.302941300091334,,,measured individual components plus independent setup attribution; one full validation,"NOT_RUN; warm5 encode/decode only, single full validation",FORMULA_ONLY_NOT_MEASURED,budget ledger only,each method pays its independent setup; actual shared budget is charged once
2001,gaussian_moderate,A23_compressed_feedback,0.5,20dB_nominal_difference,REJECTED_PHYSICAL,NOT_RUN,0.31616629390388473,,36.524400200054515,0.40170869999565184,0.40547030000016093,5.6800025049597025e-05,0.04055889998562634,,False,,36.96672460006084,,,measured individual components plus independent setup attribution; one full validation,"NOT_RUN; warm5 encode/decode only, single full validation",FORMULA_ONLY_NOT_MEASURED,budget ledger only,each method pays its independent setup; actual shared budget is charged once
2001,gaussian_moderate,generic_randomized_linear,0.5,20dB_nominal_difference,REJECTED_PHYSICAL,NOT_RUN,0.32720022448105923,,22.397708200092893,0.011653899971861392,0.01167960005113855,5.6800025049597025e-05,0.04055889998562634,,False,,22.44997780007543,,,measured individual components plus independent setup attribution; one full validation,"NOT_RUN; warm5 encode/decode only, single full validation",FORMULA_ONLY_NOT_MEASURED,budget ledger only,each method pays its independent setup; actual shared budget is charged once
2001,gaussian_moderate,current_BP_ratio,0.5,20dB_nominal_difference,OK,NOT_RUN,0.39453767273028695,,5.908224600018002,0.3068423999939114,0.41150590003235266,5.6800025049597025e-05,0.04055889998562634,,False,,6.255682700022589,,,measured individual components plus independent setup attribution; one full validation,"NOT_RUN; warm5 encode/decode only, single full validation",FORMULA_ONLY_NOT_MEASURED,budget ledger only,each method pays its independent setup; actual shared budget is charged once
2001,gaussian_moderate,homogeneous_born,1.0,zero,REJECTED_PHYSICAL,NOT_RUN,0.44222784596892833,,17.992523100052495,0.004779699956998229,0.004513999971095473,7.989996811375022e-05,0.025912500044796616,,False,,18.023295200022403,,,measured individual components plus independent setup attribution; one full validation,"NOT_RUN; warm5 encode/decode only, single full validation",FORMULA_ONLY_NOT_MEASURED,budget ledger only,each method pays its independent setup; actual shared budget is charged once
2001,gaussian_moderate,born_BP,1.0,zero,OK,NOT_RUN,0.5557795101115115,,17.992523100052495,0.004779800015967339,0.005460000014863908,7.989996811375022e-05,0.025912500044796616,,False,,18.023295300081372,,,measured individual components plus independent setup attribution; one full validation,"NOT_RUN; warm5 encode/decode only, single full validation",FORMULA_ONLY_NOT_MEASURED,budget ledger only,each method pays its independent setup; actual shared budget is charged once
2001,gaussian_moderate,dressed_linear_chi,1.0,zero,REJECTED_PHYSICAL,NOT_RUN,0.4219191697459689,,20.69075500004692,0.013290699978824705,0.011355600028764457,7.989996811375022e-05,0.025912500044796616,,False,,20.730038100038655,,,measured individual components plus independent setup attribution; one full validation,"NOT_RUN; warm5 encode/decode only, single full validation",FORMULA_ONLY_NOT_MEASURED,budget ledger only,each method pays its independent setup; actual shared budget is charged once
2001,gaussian_moderate,linear_a_exact_conversion,1.0,zero,REJECTED_PHYSICAL,NOT_RUN,0.4136008233149782,,20.69075500004692,0.012995900004170835,0.012483800004702061,7.989996811375022e-05,0.025912500044796616,,False,,20.729743300064,,,measured individual components plus independent setup attribution; one full validation,"NOT_RUN; warm5 encode/decode only, single full validation",FORMULA_ONLY_NOT_MEASURED,budget ledger only,each method pays its independent setup; actual shared budget is charged once
2001,gaussian_moderate,vanilla_IBS2,1.0,zero,REJECTED_PHYSICAL,NOT_RUN,0.4168433222921991,,20.69075500004692,0.5567246999708004,0.44408109999494627,7.989996811375022e-05,0.025912500044796616,,False,,21.27347210003063,,,measured individual components plus independent setup attribution; one full validation,"NOT_RUN; warm5 encode/decode only, single full validation",FORMULA_ONLY_NOT_MEASURED,budget ledger only,each method pays its independent setup; actual shared budget is charged once
2001,gaussian_moderate,A23_compressed_feedback,1.0,zero,REJECTED_PHYSICAL,NOT_RUN,0.42398225369036313,,36.524400200054515,0.39909379999153316,0.39995140000246465,7.989996811375022e-05,0.025912500044796616,,False,,36.94948640005896,,,measured individual components plus independent setup attribution; one full validation,"NOT_RUN; warm5 encode/decode only, single full validation",FORMULA_ONLY_NOT_MEASURED,budget ledger only,each method pays its independent setup; actual shared budget is charged once
2001,gaussian_moderate,generic_randomized_linear,1.0,zero,REJECTED_PHYSICAL,NOT_RUN,0.46261343634211166,,22.397708200092893,0.009101900039240718,0.010691000032238662,7.989996811375022e-05,0.025912500044796616,,False,,22.432802500145044,,,measured individual components plus independent setup attribution; one full validation,"NOT_RUN; warm5 encode/decode only, single full validation",FORMULA_ONLY_NOT_MEASURED,budget ledger only,each method pays its independent setup; actual shared budget is charged once
2001,gaussian_moderate,current_BP_ratio,1.0,zero,OK,NOT_RUN,0.5636723392790459,,5.908224600018002,0.40941510000266135,0.40368270000908524,7.989996811375022e-05,0.025912500044796616,,False,,6.343632100033574,,,measured individual components plus independent setup attribution; one full validation,"NOT_RUN; warm5 encode/decode only, single full validation",FORMULA_ONLY_NOT_MEASURED,budget ledger only,each method pays its independent setup; actual shared budget is charged once
2001,gaussian_moderate,homogeneous_born,1.0,20dB_nominal_difference,REJECTED_PHYSICAL,NOT_RUN,0.44546149532454077,,17.992523100052495,0.010067099996376783,0.011233200028073043,9.889999637380242e-05,0.035467199981212616,,False,,18.038156300026458,,,measured individual components plus independent setup attribution; one full validation,"NOT_RUN; warm5 encode/decode only, single full validation",FORMULA_ONLY_NOT_MEASURED,budget ledger only,each method pays its independent setup; actual shared budget is charged once
2001,gaussian_moderate,born_BP,1.0,20dB_nominal_difference,OK,NOT_RUN,0.5560331300696008,,17.992523100052495,0.013289299968164414,0.012464400031603873,9.889999637380242e-05,0.035467199981212616,,False,,18.041378499998245,,,measured individual components plus independent setup attribution; one full validation,"NOT_RUN; warm5 encode/decode only, single full validation",FORMULA_ONLY_NOT_MEASURED,budget ledger only,each method pays its independent setup; actual shared budget is charged once
2001,gaussian_moderate,dressed_linear_chi,1.0,20dB_nominal_difference,REJECTED_PHYSICAL,REJECTED,0.4258815770795054,,20.69075500004692,0.01352709997445345,0.01005280000390485,9.889999637380242e-05,0.035467199981212616,0.0028962999931536615,False,,20.73984819999896,,,measured individual components plus independent setup attribution; one full validation,"NOT_RUN; warm5 encode/decode only, single full validation",FORMULA_ONLY_NOT_MEASURED,budget ledger only,each method pays its independent setup; actual shared budget is charged once
2001,gaussian_moderate,linear_a_exact_conversion,1.0,20dB_nominal_difference,REJECTED_PHYSICAL,NOT_RUN,0.41816387532007365,,20.69075500004692,0.010551699961069971,0.013310099951922894,9.889999637380242e-05,0.035467199981212616,,False,,20.736872799985576,,,measured individual components plus independent setup attribution; one full validation,"NOT_RUN; warm5 encode/decode only, single full validation",FORMULA_ONLY_NOT_MEASURED,budget ledger only,each method pays its independent setup; actual shared budget is charged once
2001,gaussian_moderate,vanilla_IBS2,1.0,20dB_nominal_difference,REJECTED_PHYSICAL,REJECTED,0.4197328533456282,,20.69075500004692,0.5852187999989837,0.4476797000388615,9.889999637380242e-05,0.035467199981212616,0.002361399994697422,False,,21.31153990002349,,,measured individual components plus independent setup attribution; one full validation,"NOT_RUN; warm5 encode/decode only, single full validation",FORMULA_ONLY_NOT_MEASURED,budget ledger only,each method pays its independent setup; actual shared budget is charged once
2001,gaussian_moderate,A23_compressed_feedback,1.0,20dB_nominal_difference,REJECTED_PHYSICAL,REJECTED,0.4275224242159921,,36.524400200054515,0.4002438999596052,0.4017203999683261,9.889999637380242e-05,0.035467199981212616,0.00230529997497797,False,,36.96021019999171,,,measured individual components plus independent setup attribution; one full validation,"NOT_RUN; warm5 encode/decode only, single full validation",FORMULA_ONLY_NOT_MEASURED,budget ledger only,each method pays its independent setup; actual shared budget is charged once
2001,gaussian_moderate,generic_randomized_linear,1.0,20dB_nominal_difference,REJECTED_PHYSICAL,NOT_RUN,0.4652891483671219,,22.397708200092893,0.010982399981003255,0.01120260002790019,9.889999637380242e-05,0.035467199981212616,,False,,22.444256700051483,,,measured individual components plus independent setup attribution; one full validation,"NOT_RUN; warm5 encode/decode only, single full validation",FORMULA_ONLY_NOT_MEASURED,budget ledger only,each method pays its independent setup; actual shared budget is charged once
2001,gaussian_moderate,current_BP_ratio,1.0,20dB_nominal_difference,OK,NOT_RUN,0.56379344042463,,5.908224600018002,0.4068089999491349,0.405250400013756,9.889999637380242e-05,0.035467199981212616,,False,,6.350599699944723,,,measured individual components plus independent setup attribution; one full validation,"NOT_RUN; warm5 encode/decode only, single full validation",FORMULA_ONLY_NOT_MEASURED,budget ledger only,each method pays its independent setup; actual shared budget is charged once
2001,gaussian_moderate,dressed_linear_chi,1.0,20dB_calibration,REJECTED_PHYSICAL,REJECTED,0.5155027116909932,,20.69075500004692,0.009067300008609891,,0.0,0.0,0.0011938000097870827,False,,20.69982230005553,,,measured individual components plus independent setup attribution; one full validation,"NOT_RUN; warm5 encode/decode only, single full validation",FORMULA_ONLY_NOT_MEASURED,budget ledger only,each method pays its independent setup; actual shared budget is charged once
2001,gaussian_moderate,vanilla_IBS2,1.0,20dB_calibration,REJECTED_PHYSICAL,NOT_RUN,0.5064337260426153,,20.69075500004692,0.5856717000133358,,0.0,0.0,,False,,21.276426700060256,,,measured individual components plus independent setup attribution; one full validation,"NOT_RUN; warm5 encode/decode only, single full validation",FORMULA_ONLY_NOT_MEASURED,budget ledger only,each method pays its independent setup; actual shared budget is charged once
2001,gaussian_moderate,A23_compressed_feedback,1.0,20dB_calibration,REJECTED_PHYSICAL,REJECTED,0.5155017005320184,,36.524400200054515,0.4091406999505125,,0.0,0.0,0.0017046000575646758,False,,36.93354090000503,,,measured individual components plus independent setup attribution; one full validation,"NOT_RUN; warm5 encode/decode only, single full validation",FORMULA_ONLY_NOT_MEASURED,budget ledger only,each method pays its independent setup; actual shared budget is charged once
2003,gaussian_stronger,homogeneous_born,0.15,zero,REJECTED_PHYSICAL,NOT_RUN,0.24811725992565772,,22.770047800033353,0.005316700029652566,0.009358600014820695,0.00010629999451339245,0.034563700028229505,,False,,22.81003450008575,,,measured individual components plus independent setup attribution; one full validation,"NOT_RUN; warm5 encode/decode only, single full validation",FORMULA_ONLY_NOT_MEASURED,budget ledger only,each method pays its independent setup; actual shared budget is charged once
2003,gaussian_stronger,born_BP,0.15,zero,OK,NOT_RUN,0.34925875912989823,,22.770047800033353,0.013257100014016032,0.013220800028648227,0.00010629999451339245,0.034563700028229505,,False,,22.817974900070112,,,measured individual components plus independent setup attribution; one full validation,"NOT_RUN; warm5 encode/decode only, single full validation",FORMULA_ONLY_NOT_MEASURED,budget ledger only,each method pays its independent setup; actual shared budget is charged once
2003,gaussian_stronger,dressed_linear_chi,0.15,zero,REJECTED_PHYSICAL,NOT_RUN,0.2175821818296948,,24.848465999995824,0.010859799978788942,0.011822999978903681,0.00010629999451339245,0.034563700028229505,,False,,24.893995799997356,,,measured individual components plus independent setup attribution; one full validation,"NOT_RUN; warm5 encode/decode only, single full validation",FORMULA_ONLY_NOT_MEASURED,budget ledger only,each method pays its independent setup; actual shared budget is charged once
2003,gaussian_stronger,linear_a_exact_conversion,0.15,zero,REJECTED_PHYSICAL,NOT_RUN,0.2128133404995382,,24.848465999995824,0.010231499967630953,0.012449199974071234,0.00010629999451339245,0.034563700028229505,,False,,24.893367499986198,,,measured individual components plus independent setup attribution; one full validation,"NOT_RUN; warm5 encode/decode only, single full validation",FORMULA_ONLY_NOT_MEASURED,budget ledger only,each method pays its independent setup; actual shared budget is charged once
2003,gaussian_stronger,vanilla_IBS2,0.15,zero,REJECTED_PHYSICAL,NOT_RUN,0.21275633574748676,,24.848465999995824,0.3991408000001684,0.44360300002153963,0.00010629999451339245,0.034563700028229505,,False,,25.282276800018735,,,measured individual components plus independent setup attribution; one full validation,"NOT_RUN; warm5 encode/decode only, single full validation",FORMULA_ONLY_NOT_MEASURED,budget ledger only,each method pays its independent setup; actual shared budget is charged once
2003,gaussian_stronger,A23_compressed_feedback,0.15,zero,REJECTED_PHYSICAL,NOT_RUN,0.21666447326105664,,40.57005499996012,0.38977090001571923,0.4021086000138894,0.00010629999451339245,0.034563700028229505,,False,,40.99449589999858,,,measured individual components plus independent setup attribution; one full validation,"NOT_RUN; warm5 encode/decode only, single full validation",FORMULA_ONLY_NOT_MEASURED,budget ledger only,each method pays its independent setup; actual shared budget is charged once
2003,gaussian_stronger,generic_randomized_linear,0.15,zero,REJECTED_PHYSICAL,NOT_RUN,0.26153393965652716,,25.906624600000214,0.012388200033456087,0.011576999968383461,0.00010629999451339245,0.034563700028229505,,False,,25.953682800056413,,,measured individual components plus independent setup attribution; one full validation,"NOT_RUN; warm5 encode/decode only, single full validation",FORMULA_ONLY_NOT_MEASURED,budget ledger only,each method pays its independent setup; actual shared budget is charged once
2003,gaussian_stronger,current_BP_ratio,0.15,zero,OK,NOT_RUN,0.3589040548498199,,10.412895900022704,0.40601760003482923,0.40098889998625964,0.00010629999451339245,0.034563700028229505,,False,,10.853583500080276,,,measured individual components plus independent setup attribution; one full validation,"NOT_RUN; warm5 encode/decode only, single full validation",FORMULA_ONLY_NOT_MEASURED,budget ledger only,each method pays its independent setup; actual shared budget is charged once
2003,gaussian_stronger,homogeneous_born,0.15,20dB_nominal_difference,REJECTED_PHYSICAL,NOT_RUN,0.5827173098577645,,22.770047800033353,0.011592300026677549,0.012409199960529804,8.960004197433591e-05,0.024120899965055287,,False,,22.80585060006706,,,measured individual components plus independent setup attribution; one full validation,"NOT_RUN; warm5 encode/decode only, single full validation",FORMULA_ONLY_NOT_MEASURED,budget ledger only,each method pays its independent setup; actual shared budget is charged once
2003,gaussian_stronger,born_BP,0.15,20dB_nominal_difference,OK,NOT_RUN,0.34955911696428155,,22.770047800033353,0.014302600000519305,0.012835700006689876,8.960004197433591e-05,0.024120899965055287,,False,,22.808560900040902,,,measured individual components plus independent setup attribution; one full validation,"NOT_RUN; warm5 encode/decode only, single full validation",FORMULA_ONLY_NOT_MEASURED,budget ledger only,each method pays its independent setup; actual shared budget is charged once
2003,gaussian_stronger,dressed_linear_chi,0.15,20dB_nominal_difference,REJECTED_PHYSICAL,NOT_RUN,0.5876411554274649,,24.848465999995824,0.009375300025567412,0.012795899994671345,8.960004197433591e-05,0.024120899965055287,,False,,24.88205180002842,,,measured individual components plus independent setup attribution; one full validation,"NOT_RUN; warm5 encode/decode only, single full validation",FORMULA_ONLY_NOT_MEASURED,budget ledger only,each method pays its independent setup; actual shared budget is charged once
2003,gaussian_stronger,linear_a_exact_conversion,0.15,20dB_nominal_difference,REJECTED_PHYSICAL,NOT_RUN,0.5958168920068783,,24.848465999995824,0.013639000011608005,0.011204499984160066,8.960004197433591e-05,0.024120899965055287,,False,,24.88631550001446,,,measured individual components plus independent setup attribution; one full validation,"NOT_RUN; warm5 encode/decode only, single full validation",FORMULA_ONLY_NOT_MEASURED,budget ledger only,each method pays its independent setup; actual shared budget is charged once
2003,gaussian_stronger,vanilla_IBS2,0.15,20dB_nominal_difference,REJECTED_PHYSICAL,NOT_RUN,0.5710180567692447,,24.848465999995824,0.5744983000331558,0.45442039996851236,8.960004197433591e-05,0.024120899965055287,,False,,25.44717480003601,,,measured individual components plus independent setup attribution; one full validation,"NOT_RUN; warm5 encode/decode only, single full validation",FORMULA_ONLY_NOT_MEASURED,budget ledger only,each method pays its independent setup; actual shared budget is charged once
2003,gaussian_stronger,A23_compressed_feedback,0.15,20dB_nominal_difference,REJECTED_PHYSICAL,NOT_RUN,0.5877454007655357,,40.57005499996012,0.400860299996566,0.39382240001577884,8.960004197433591e-05,0.024120899965055287,,False,,40.995125799963716,,,measured individual components plus independent setup attribution; one full validation,"NOT_RUN; warm5 encode/decode only, single full validation",FORMULA_ONLY_NOT_MEASURED,budget ledger only,each method pays its independent setup; actual shared budget is charged once
2003,gaussian_stronger,generic_randomized_linear,0.15,20dB_nominal_difference,REJECTED_PHYSICAL,NOT_RUN,0.3516344405673056,,25.906624600000214,0.011072600027546287,0.011478599975816905,8.960004197433591e-05,0.024120899965055287,,False,,25.94190770003479,,,measured individual components plus independent setup attribution; one full validation,"NOT_RUN; warm5 encode/decode only, single full validation",FORMULA_ONLY_NOT_MEASURED,budget ledger only,each method pays its independent setup; actual shared budget is charged once
2003,gaussian_stronger,current_BP_ratio,0.15,20dB_nominal_difference,OK,NOT_RUN,0.3595436189626489,,10.412895900022704,0.40867430000798777,0.4048707000329159,8.960004197433591e-05,0.024120899965055287,,False,,10.845780700037722,,,measured individual components plus independent setup attribution; one full validation,"NOT_RUN; warm5 encode/decode only, single full validation",FORMULA_ONLY_NOT_MEASURED,budget ledger only,each method pays its independent setup; actual shared budget is charged once
2003,gaussian_stronger,homogeneous_born,0.5,zero,REJECTED_PHYSICAL,NOT_RUN,0.4561282466714219,,22.770047800033353,0.010511400003451854,0.011964500008616596,9.99000039882958e-05,0.03194090002216399,,False,,22.812600000062957,,,measured individual components plus independent setup attribution; one full validation,"NOT_RUN; warm5 encode/decode only, single full validation",FORMULA_ONLY_NOT_MEASURED,budget ledger only,each method pays its independent setup; actual shared budget is charged once
2003,gaussian_stronger,born_BP,0.5,zero,REJECTED_PHYSICAL,NOT_RUN,0.5818912737133134,,22.770047800033353,0.01300410000840202,0.01164389995392412,9.99000039882958e-05,0.03194090002216399,,False,,22.815092700067908,,,measured individual components plus independent setup attribution; one full validation,"NOT_RUN; warm5 encode/decode only, single full validation",FORMULA_ONLY_NOT_MEASURED,budget ledger only,each method pays its independent setup; actual shared budget is charged once
2003,gaussian_stronger,dressed_linear_chi,0.5,zero,REJECTED_PHYSICAL,NOT_RUN,0.39374410566565593,,24.848465999995824,0.012063599948305637,0.0110588000388816,9.99000039882958e-05,0.03194090002216399,,False,,24.892570399970282,,,measured individual components plus independent setup attribution; one full validation,"NOT_RUN; warm5 encode/decode only, single full validation",FORMULA_ONLY_NOT_MEASURED,budget ledger only,each method pays its independent setup; actual shared budget is charged once
2003,gaussian_stronger,linear_a_exact_conversion,0.5,zero,REJECTED_PHYSICAL,NOT_RUN,0.3825981831058874,,24.848465999995824,0.009780799970030785,0.012350799981504679,9.99000039882958e-05,0.03194090002216399,,False,,24.890287599992007,,,measured individual components plus independent setup attribution; one full validation,"NOT_RUN; warm5 encode/decode only, single full validation",FORMULA_ONLY_NOT_MEASURED,budget ledger only,each method pays its independent setup; actual shared budget is charged once
2003,gaussian_stronger,vanilla_IBS2,0.5,zero,REJECTED_PHYSICAL,NOT_RUN,0.3447300775394656,,24.848465999995824,0.5740848000277765,0.44911009998759255,9.99000039882958e-05,0.03194090002216399,,False,,25.454591600049753,,,measured individual components plus independent setup attribution; one full validation,"NOT_RUN; warm5 encode/decode only, single full validation",FORMULA_ONLY_NOT_MEASURED,budget ledger only,each method pays its independent setup; actual shared budget is charged once
2003,gaussian_stronger,A23_compressed_feedback,0.5,zero,REJECTED_PHYSICAL,NOT_RUN,0.38075633184303426,,40.57005499996012,0.4066834999830462,0.4003672999679111,9.99000039882958e-05,0.03194090002216399,,False,,41.00877929996932,,,measured individual components plus independent setup attribution; one full validation,"NOT_RUN; warm5 encode/decode only, single full validation",FORMULA_ONLY_NOT_MEASURED,budget ledger only,each method pays its independent setup; actual shared budget is charged once
2003,gaussian_stronger,generic_randomized_linear,0.5,zero,REJECTED_PHYSICAL,NOT_RUN,0.4440290634172917,,25.906624600000214,0.013160499976947904,0.011004400032106787,9.99000039882958e-05,0.03194090002216399,,False,,25.951825900003314,,,measured individual components plus independent setup attribution; one full validation,"NOT_RUN; warm5 encode/decode only, single full validation",FORMULA_ONLY_NOT_MEASURED,budget ledger only,each method pays its independent setup; actual shared budget is charged once
2003,gaussian_stronger,current_BP_ratio,0.5,zero,REJECTED_PHYSICAL,NOT_RUN,0.5887466447186093,,10.412895900022704,0.40415289998054504,0.4026457999716513,9.99000039882958e-05,0.03194090002216399,,False,,10.849089600029401,,,measured individual components plus independent setup attribution; one full validation,"NOT_RUN; warm5 encode/decode only, single full validation",FORMULA_ONLY_NOT_MEASURED,budget ledger only,each method pays its independent setup; actual shared budget is charged once
2003,gaussian_stronger,homogeneous_born,0.5,20dB_nominal_difference,REJECTED_PHYSICAL,NOT_RUN,0.5079777717045133,,22.770047800033353,0.011240299965720624,0.011788400006480515,8.699996396899223e-05,0.0382744999951683,,False,,22.81964959995821,,,measured individual components plus independent setup attribution; one full validation,"NOT_RUN; warm5 encode/decode only, single full validation",FORMULA_ONLY_NOT_MEASURED,budget ledger only,each method pays its independent setup; actual shared budget is charged once
2003,gaussian_stronger,born_BP,0.5,20dB_nominal_difference,REJECTED_PHYSICAL,NOT_RUN,0.5827766950619921,,22.770047800033353,0.012717200035694987,0.010951400035992265,8.699996396899223e-05,0.0382744999951683,,False,,22.821126500028186,,,measured individual components plus independent setup attribution; one full validation,"NOT_RUN; warm5 encode/decode only, single full validation",FORMULA_ONLY_NOT_MEASURED,budget ledger only,each method pays its independent setup; actual shared budget is charged once
2003,gaussian_stronger,dressed_linear_chi,0.5,20dB_nominal_difference,REJECTED_PHYSICAL,NOT_RUN,0.4436846497886708,,24.848465999995824,0.01112079998711124,0.011184400005731732,8.699996396899223e-05,0.0382744999951683,,False,,24.897948299942072,,,measured individual components plus independent setup attribution; one full validation,"NOT_RUN; warm5 encode/decode only, single full validation",FORMULA_ONLY_NOT_MEASURED,budget ledger only,each method pays its independent setup; actual shared budget is charged once
2003,gaussian_stronger,linear_a_exact_conversion,0.5,20dB_nominal_difference,REJECTED_PHYSICAL,NOT_RUN,0.4392745200062632,,24.848465999995824,0.010254100023303181,0.011955699999816716,8.699996396899223e-05,0.0382744999951683,,False,,24.897081599978264,,,measured individual components plus independent setup attribution; one full validation,"NOT_RUN; warm5 encode/decode only, single full validation",FORMULA_ONLY_NOT_MEASURED,budget ledger only,each method pays its independent setup; actual shared budget is charged once
2003,gaussian_stronger,vanilla_IBS2,0.5,20dB_nominal_difference,REJECTED_PHYSICAL,NOT_RUN,0.39933300833032265,,24.848465999995824,0.5883976999903098,0.3654079000116326,8.699996396899223e-05,0.0382744999951683,,False,,25.47522519994527,,,measured individual components plus independent setup attribution; one full validation,"NOT_RUN; warm5 encode/decode only, single full validation",FORMULA_ONLY_NOT_MEASURED,budget ledger only,each method pays its independent setup; actual shared budget is charged once
2003,gaussian_stronger,A23_compressed_feedback,0.5,20dB_nominal_difference,REJECTED_PHYSICAL,NOT_RUN,0.4388373596980258,,40.57005499996012,0.35276059998432174,0.38404169998830184,8.699996396899223e-05,0.0382744999951683,,False,,40.96117709990358,,,measured individual components plus independent setup attribution; one full validation,"NOT_RUN; warm5 encode/decode only, single full validation",FORMULA_ONLY_NOT_MEASURED,budget ledger only,each method pays its independent setup; actual shared budget is charged once
2003,gaussian_stronger,generic_randomized_linear,0.5,20dB_nominal_difference,REJECTED_PHYSICAL,NOT_RUN,0.45567252515236467,,25.906624600000214,0.011622399964835495,0.010578999994322658,8.699996396899223e-05,0.0382744999951683,,False,,25.956608499924187,,,measured individual components plus independent setup attribution; one full validation,"NOT_RUN; warm5 encode/decode only, single full validation",FORMULA_ONLY_NOT_MEASURED,budget ledger only,each method pays its independent setup; actual shared budget is charged once
2003,gaussian_stronger,current_BP_ratio,0.5,20dB_nominal_difference,REJECTED_PHYSICAL,NOT_RUN,0.5889005720943362,,10.412895900022704,0.39162509999005124,0.3978439000202343,8.699996396899223e-05,0.0382744999951683,,False,,10.842882499971893,,,measured individual components plus independent setup attribution; one full validation,"NOT_RUN; warm5 encode/decode only, single full validation",FORMULA_ONLY_NOT_MEASURED,budget ledger only,each method pays its independent setup; actual shared budget is charged once
2003,gaussian_stronger,homogeneous_born,1.0,zero,REJECTED_PHYSICAL,NOT_RUN,0.6135476695360768,,22.770047800033353,0.004918099963106215,0.005403899995144457,6.880000000819564e-05,0.0328832000377588,,False,,22.807917900034226,,,measured individual components plus independent setup attribution; one full validation,"NOT_RUN; warm5 encode/decode only, single full validation",FORMULA_ONLY_NOT_MEASURED,budget ledger only,each method pays its independent setup; actual shared budget is charged once
2003,gaussian_stronger,born_BP,1.0,zero,REJECTED_PHYSICAL,NOT_RUN,0.6797711382413829,,22.770047800033353,0.011280700040515512,0.011752299964427948,6.880000000819564e-05,0.0328832000377588,,False,,22.814280500111636,,,measured individual components plus independent setup attribution; one full validation,"NOT_RUN; warm5 encode/decode only, single full validation",FORMULA_ONLY_NOT_MEASURED,budget ledger only,each method pays its independent setup; actual shared budget is charged once
2003,gaussian_stronger,dressed_linear_chi,1.0,zero,REJECTED_PHYSICAL,NOT_RUN,0.5469232110950544,,24.848465999995824,0.011117299960460514,0.010518099996261299,6.880000000819564e-05,0.0328832000377588,,False,,24.89253529999405,,,measured individual components plus independent setup attribution; one full validation,"NOT_RUN; warm5 encode/decode only, single full validation",FORMULA_ONLY_NOT_MEASURED,budget ledger only,each method pays its independent setup; actual shared budget is charged once
2003,gaussian_stronger,linear_a_exact_conversion,1.0,zero,REJECTED_PHYSICAL,NOT_RUN,0.6060203656199465,,24.848465999995824,0.01244409999344498,0.012014200037810951,6.880000000819564e-05,0.0328832000377588,,False,,24.893862100027036,,,measured individual components plus independent setup attribution; one full validation,"NOT_RUN; warm5 encode/decode only, single full validation",FORMULA_ONLY_NOT_MEASURED,budget ledger only,each method pays its independent setup; actual shared budget is charged once
2003,gaussian_stronger,vanilla_IBS2,1.0,zero,REJECTED_PHYSICAL,NOT_RUN,0.40165156675417085,,24.848465999995824,0.5465315000037663,0.4425018999609165,6.880000000819564e-05,0.0328832000377588,,False,,25.427949500037357,,,measured individual components plus independent setup attribution; one full validation,"NOT_RUN; warm5 encode/decode only, single full validation",FORMULA_ONLY_NOT_MEASURED,budget ledger only,each method pays its independent setup; actual shared budget is charged once
2003,gaussian_stronger,A23_compressed_feedback,1.0,zero,REJECTED_PHYSICAL,NOT_RUN,0.504133181440337,,40.57005499996012,0.39187509997282177,0.3891120000043884,6.880000000819564e-05,0.0328832000377588,,False,,40.99488209997071,,,measured individual components plus independent setup attribution; one full validation,"NOT_RUN; warm5 encode/decode only, single full validation",FORMULA_ONLY_NOT_MEASURED,budget ledger only,each method pays its independent setup; actual shared budget is charged once
2003,gaussian_stronger,generic_randomized_linear,1.0,zero,REJECTED_PHYSICAL,NOT_RUN,0.5506818751495755,,25.906624600000214,0.012022600043565035,0.011959699972067028,6.880000000819564e-05,0.0328832000377588,,False,,25.951599200081546,,,measured individual components plus independent setup attribution; one full validation,"NOT_RUN; warm5 encode/decode only, single full validation",FORMULA_ONLY_NOT_MEASURED,budget ledger only,each method pays its independent setup; actual shared budget is charged once
2003,gaussian_stronger,current_BP_ratio,1.0,zero,REJECTED_PHYSICAL,NOT_RUN,0.6659826723964863,,10.412895900022704,0.39171160000842065,0.4010411000344902,6.880000000819564e-05,0.0328832000377588,,False,,10.837559500068892,,,measured individual components plus independent setup attribution; one full validation,"NOT_RUN; warm5 encode/decode only, single full validation",FORMULA_ONLY_NOT_MEASURED,budget ledger only,each method pays its independent setup; actual shared budget is charged once
2003,gaussian_stronger,homogeneous_born,1.0,20dB_nominal_difference,REJECTED_PHYSICAL,NOT_RUN,0.6319117327438334,,22.770047800033353,0.01033849996747449,0.01139659999171272,0.00010029994882643223,0.034665999992284924,,False,,22.81515259994194,,,measured individual components plus independent setup attribution; one full validation,"NOT_RUN; warm5 encode/decode only, single full validation",FORMULA_ONLY_NOT_MEASURED,budget ledger only,each method pays its independent setup; actual shared budget is charged once
2003,gaussian_stronger,born_BP,1.0,20dB_nominal_difference,REJECTED_PHYSICAL,NOT_RUN,0.679260091081075,,22.770047800033353,0.013185799994971603,0.010764899954665452,0.00010029994882643223,0.034665999992284924,,False,,22.817999899969436,,,measured individual components plus independent setup attribution; one full validation,"NOT_RUN; warm5 encode/decode only, single full validation",FORMULA_ONLY_NOT_MEASURED,budget ledger only,each method pays its independent setup; actual shared budget is charged once
2003,gaussian_stronger,dressed_linear_chi,1.0,20dB_nominal_difference,REJECTED_PHYSICAL,REJECTED,0.5673603639597958,,24.848465999995824,0.01778939994983375,0.011204099981114268,0.00010029994882643223,0.034665999992284924,0.0028263000422157347,False,,24.90102169988677,,,measured individual components plus independent setup attribution; one full validation,"NOT_RUN; warm5 encode/decode only, single full validation",FORMULA_ONLY_NOT_MEASURED,budget ledger only,each method pays its independent setup; actual shared budget is charged once
2003,gaussian_stronger,linear_a_exact_conversion,1.0,20dB_nominal_difference,REJECTED_PHYSICAL,NOT_RUN,0.6369765835221873,,24.848465999995824,0.010510799998883158,0.012109400006011128,0.00010029994882643223,0.034665999992284924,,False,,24.89374309993582,,,measured individual components plus independent setup attribution; one full validation,"NOT_RUN; warm5 encode/decode only, single full validation",FORMULA_ONLY_NOT_MEASURED,budget ledger only,each method pays its independent setup; actual shared budget is charged once
2003,gaussian_stronger,vanilla_IBS2,1.0,20dB_nominal_difference,REJECTED_PHYSICAL,REJECTED,0.4257452955967536,,24.848465999995824,0.5794847999932244,0.3722758999792859,0.00010029994882643223,0.034665999992284924,0.0023663000320084393,False,,25.46271709993016,,,measured individual components plus independent setup attribution; one full validation,"NOT_RUN; warm5 encode/decode only, single full validation",FORMULA_ONLY_NOT_MEASURED,budget ledger only,each method pays its independent setup; actual shared budget is charged once
2003,gaussian_stronger,A23_compressed_feedback,1.0,20dB_nominal_difference,REJECTED_PHYSICAL,REJECTED,0.5230619234145231,,40.57005499996012,0.3963468999718316,0.3985406000283547,0.00010029994882643223,0.034665999992284924,0.001959000015631318,False,,41.001168199873064,,,measured individual components plus independent setup attribution; one full validation,"NOT_RUN; warm5 encode/decode only, single full validation",FORMULA_ONLY_NOT_MEASURED,budget ledger only,each method pays its independent setup; actual shared budget is charged once
2003,gaussian_stronger,generic_randomized_linear,1.0,20dB_nominal_difference,REJECTED_PHYSICAL,NOT_RUN,0.5553649999841929,,25.906624600000214,0.011821300024166703,0.012326700030826032,0.00010029994882643223,0.034665999992284924,,False,,25.953212199965492,,,measured individual components plus independent setup attribution; one full validation,"NOT_RUN; warm5 encode/decode only, single full validation",FORMULA_ONLY_NOT_MEASURED,budget ledger only,each method pays its independent setup; actual shared budget is charged once
2003,gaussian_stronger,current_BP_ratio,1.0,20dB_nominal_difference,REJECTED_PHYSICAL,NOT_RUN,0.6655639052212121,,10.412895900022704,0.40118310000980273,0.40079300000797957,0.00010029994882643223,0.034665999992284924,,False,,10.848845299973618,,,measured individual components plus independent setup attribution; one full validation,"NOT_RUN; warm5 encode/decode only, single full validation",FORMULA_ONLY_NOT_MEASURED,budget ledger only,each method pays its independent setup; actual shared budget is charged once
2003,gaussian_stronger,dressed_linear_chi,1.0,20dB_calibration,REJECTED_PHYSICAL,REJECTED,0.5997984148959479,,24.848465999995824,0.007438300002831966,,0.0,0.0,0.0012947000213898718,False,,24.855904299998656,,,measured individual components plus independent setup attribution; one full validation,"NOT_RUN; warm5 encode/decode only, single full validation",FORMULA_ONLY_NOT_MEASURED,budget ledger only,each method pays its independent setup; actual shared budget is charged once
2003,gaussian_stronger,vanilla_IBS2,1.0,20dB_calibration,REJECTED_PHYSICAL,NOT_RUN,0.4514212873400249,,24.848465999995824,0.5660160999977961,,0.0,0.0,,False,,25.41448209999362,,,measured individual components plus independent setup attribution; one full validation,"NOT_RUN; warm5 encode/decode only, single full validation",FORMULA_ONLY_NOT_MEASURED,budget ledger only,each method pays its independent setup; actual shared budget is charged once
2003,gaussian_stronger,A23_compressed_feedback,1.0,20dB_calibration,REJECTED_PHYSICAL,REJECTED,0.5567493868572768,,40.57005499996012,0.43018220004159957,,0.0,0.0,0.00104160001501441,False,,41.00023720000172,,,measured individual components plus independent setup attribution; one full validation,"NOT_RUN; warm5 encode/decode only, single full validation",FORMULA_ONLY_NOT_MEASURED,budget ledger only,each method pays its independent setup; actual shared budget is charged once
2014,asymmetric_piecewise,homogeneous_born,0.15,zero,OK,NOT_RUN,0.2576512041644538,,22.117651300039142,0.009546599991153926,0.012422100000549108,0.00010850001126527786,0.03979860001709312,,False,,22.167105000058655,,,measured individual components plus independent setup attribution; one full validation,"NOT_RUN; warm5 encode/decode only, single full validation",FORMULA_ONLY_NOT_MEASURED,budget ledger only,each method pays its independent setup; actual shared budget is charged once
2014,asymmetric_piecewise,born_BP,0.15,zero,OK,NOT_RUN,0.2642196937155384,,22.117651300039142,0.012241600023116916,0.012459699995815754,0.00010850001126527786,0.03979860001709312,,False,,22.169800000090618,,,measured individual components plus independent setup attribution; one full validation,"NOT_RUN; warm5 encode/decode only, single full validation",FORMULA_ONLY_NOT_MEASURED,budget ledger only,each method pays its independent setup; actual shared budget is charged once
2014,asymmetric_piecewise,dressed_linear_chi,0.15,zero,OK,NOT_RUN,0.25693260752848895,,24.5117484999937,0.01242320000892505,0.011442699993494898,0.00010850001126527786,0.03979860001709312,,False,,24.564078800030984,,,measured individual components plus independent setup attribution; one full validation,"NOT_RUN; warm5 encode/decode only, single full validation",FORMULA_ONLY_NOT_MEASURED,budget ledger only,each method pays its independent setup; actual shared budget is charged once
2014,asymmetric_piecewise,linear_a_exact_conversion,0.15,zero,OK,NOT_RUN,0.2568865321699125,,24.5117484999937,0.01032379997195676,0.012222799996379763,0.00010850001126527786,0.03979860001709312,,False,,24.561979399994016,,,measured individual components plus independent setup attribution; one full validation,"NOT_RUN; warm5 encode/decode only, single full validation",FORMULA_ONLY_NOT_MEASURED,budget ledger only,each method pays its independent setup; actual shared budget is charged once
2014,asymmetric_piecewise,vanilla_IBS2,0.15,zero,OK,NOT_RUN,0.2569211924715701,,24.5117484999937,0.39960469998186454,0.4235012999852188,0.00010850001126527786,0.03979860001709312,,False,,24.951260300003923,,,measured individual components plus independent setup attribution; one full validation,"NOT_RUN; warm5 encode/decode only, single full validation",FORMULA_ONLY_NOT_MEASURED,budget ledger only,each method pays its independent setup; actual shared budget is charged once
2014,asymmetric_piecewise,A23_compressed_feedback,0.15,zero,OK,NOT_RUN,0.25693854561772833,,40.08604560000822,0.39284039998892695,0.4002256999956444,0.00010850001126527786,0.03979860001709312,,False,,40.518793100025505,,,measured individual components plus independent setup attribution; one full validation,"NOT_RUN; warm5 encode/decode only, single full validation",FORMULA_ONLY_NOT_MEASURED,budget ledger only,each method pays its independent setup; actual shared budget is charged once
2014,asymmetric_piecewise,generic_randomized_linear,0.15,zero,OK,NOT_RUN,0.25997242590077196,,25.84924780006986,0.009802100015804172,0.011622700025327504,0.00010850001126527786,0.03979860001709312,,False,,25.898957000114024,,,measured individual components plus independent setup attribution; one full validation,"NOT_RUN; warm5 encode/decode only, single full validation",FORMULA_ONLY_NOT_MEASURED,budget ledger only,each method pays its independent setup; actual shared budget is charged once
2014,asymmetric_piecewise,current_BP_ratio,0.15,zero,OK,NOT_RUN,0.2646488339477836,,9.964587500027847,0.39476219995412976,0.4005839000456035,0.00010850001126527786,0.03979860001709312,,False,,10.399256800010335,,,measured individual components plus independent setup attribution; one full validation,"NOT_RUN; warm5 encode/decode only, single full validation",FORMULA_ONLY_NOT_MEASURED,budget ledger only,each method pays its independent setup; actual shared budget is charged once
2014,asymmetric_piecewise,homogeneous_born,0.15,20dB_nominal_difference,OK,NOT_RUN,0.262354671110763,,22.117651300039142,0.010329100012313575,0.011822200031019747,0.0001012999564409256,0.03994999994756654,,False,,22.168031699955463,,,measured individual components plus independent setup attribution; one full validation,"NOT_RUN; warm5 encode/decode only, single full validation",FORMULA_ONLY_NOT_MEASURED,budget ledger only,each method pays its independent setup; actual shared budget is charged once
2014,asymmetric_piecewise,born_BP,0.15,20dB_nominal_difference,OK,NOT_RUN,0.2641506064270775,,22.117651300039142,0.013134100008755922,0.012203699967358261,0.0001012999564409256,0.03994999994756654,,False,,22.170836699951906,,,measured individual components plus independent setup attribution; one full validation,"NOT_RUN; warm5 encode/decode only, single full validation",FORMULA_ONLY_NOT_MEASURED,budget ledger only,each method pays its independent setup; actual shared budget is charged once
2014,asymmetric_piecewise,dressed_linear_chi,0.15,20dB_nominal_difference,OK,NOT_RUN,0.26228028949755927,,24.5117484999937,0.012398799997754395,0.012502499972470105,0.0001012999564409256,0.03994999994756654,,False,,24.564198599895462,,,measured individual components plus independent setup attribution; one full validation,"NOT_RUN; warm5 encode/decode only, single full validation",FORMULA_ONLY_NOT_MEASURED,budget ledger only,each method pays its independent setup; actual shared budget is charged once
2014,asymmetric_piecewise,linear_a_exact_conversion,0.15,20dB_nominal_difference,OK,NOT_RUN,0.2622487631860589,,24.5117484999937,0.009692299994640052,0.012934200000017881,0.0001012999564409256,0.03994999994756654,,False,,24.561492099892348,,,measured individual components plus independent setup attribution; one full validation,"NOT_RUN; warm5 encode/decode only, single full validation",FORMULA_ONLY_NOT_MEASURED,budget ledger only,each method pays its independent setup; actual shared budget is charged once
2014,asymmetric_piecewise,vanilla_IBS2,0.15,20dB_nominal_difference,OK,NOT_RUN,0.26223402560348813,,24.5117484999937,0.5816567000001669,0.37261510000098497,0.0001012999564409256,0.03994999994756654,,False,,25.133456499897875,,,measured individual components plus independent setup attribution; one full validation,"NOT_RUN; warm5 encode/decode only, single full validation",FORMULA_ONLY_NOT_MEASURED,budget ledger only,each method pays its independent setup; actual shared budget is charged once
2014,asymmetric_piecewise,A23_compressed_feedback,0.15,20dB_nominal_difference,OK,NOT_RUN,0.2622908850719752,,40.08604560000822,0.3798867000150494,0.40032229997450486,0.0001012999564409256,0.03994999994756654,,False,,40.505983599927276,,,measured individual components plus independent setup attribution; one full validation,"NOT_RUN; warm5 encode/decode only, single full validation",FORMULA_ONLY_NOT_MEASURED,budget ledger only,each method pays its independent setup; actual shared budget is charged once
2014,asymmetric_piecewise,generic_randomized_linear,0.15,20dB_nominal_difference,OK,NOT_RUN,0.2603523816347546,,25.84924780006986,0.012583100004121661,0.011442000046372414,0.0001012999564409256,0.03994999994756654,,False,,25.90188219997799,,,measured individual components plus independent setup attribution; one full validation,"NOT_RUN; warm5 encode/decode only, single full validation",FORMULA_ONLY_NOT_MEASURED,budget ledger only,each method pays its independent setup; actual shared budget is charged once
2014,asymmetric_piecewise,current_BP_ratio,0.15,20dB_nominal_difference,OK,NOT_RUN,0.26457896738355485,,9.964587500027847,0.3866608999669552,0.4029918999876827,0.0001012999564409256,0.03994999994756654,,False,,10.39129969989881,,,measured individual components plus independent setup attribution; one full validation,"NOT_RUN; warm5 encode/decode only, single full validation",FORMULA_ONLY_NOT_MEASURED,budget ledger only,each method pays its independent setup; actual shared budget is charged once
2014,asymmetric_piecewise,homogeneous_born,0.5,zero,OK,NOT_RUN,0.6281587901655361,,22.117651300039142,0.011747799988370389,0.010898200038354844,9.730004239827394e-05,0.03150900005130097,,False,,22.161005400121212,,,measured individual components plus independent setup attribution; one full validation,"NOT_RUN; warm5 encode/decode only, single full validation",FORMULA_ONLY_NOT_MEASURED,budget ledger only,each method pays its independent setup; actual shared budget is charged once
2014,asymmetric_piecewise,born_BP,0.5,zero,OK,NOT_RUN,0.6428005948413225,,22.117651300039142,0.01342909998493269,0.01180099998600781,9.730004239827394e-05,0.03150900005130097,,False,,22.162686700117774,,,measured individual components plus independent setup attribution; one full validation,"NOT_RUN; warm5 encode/decode only, single full validation",FORMULA_ONLY_NOT_MEASURED,budget ledger only,each method pays its independent setup; actual shared budget is charged once
2014,asymmetric_piecewise,dressed_linear_chi,0.5,zero,OK,NOT_RUN,0.6261901325633391,,24.5117484999937,0.011693599983118474,0.011302400031127036,9.730004239827394e-05,0.03150900005130097,,False,,24.55504840007052,,,measured individual components plus independent setup attribution; one full validation,"NOT_RUN; warm5 encode/decode only, single full validation",FORMULA_ONLY_NOT_MEASURED,budget ledger only,each method pays its independent setup; actual shared budget is charged once
2014,asymmetric_piecewise,linear_a_exact_conversion,0.5,zero,OK,NOT_RUN,0.625851599798775,,24.5117484999937,0.013871200033463538,0.010645499976817518,9.730004239827394e-05,0.03150900005130097,,False,,24.557226000120863,,,measured individual components plus independent setup attribution; one full validation,"NOT_RUN; warm5 encode/decode only, single full validation",FORMULA_ONLY_NOT_MEASURED,budget ledger only,each method pays its independent setup; actual shared budget is charged once
2014,asymmetric_piecewise,vanilla_IBS2,0.5,zero,OK,NOT_RUN,0.6260855901590806,,24.5117484999937,0.5698805999709293,0.4456750000244938,9.730004239827394e-05,0.03150900005130097,,False,,25.11323540005833,,,measured individual components plus independent setup attribution; one full validation,"NOT_RUN; warm5 encode/decode only, single full validation",FORMULA_ONLY_NOT_MEASURED,budget ledger only,each method pays its independent setup; actual shared budget is charged once
2014,asymmetric_piecewise,A23_compressed_feedback,0.5,zero,OK,NOT_RUN,0.6262113112515919,,40.08604560000822,0.395035800000187,0.3962908000103198,9.730004239827394e-05,0.03150900005130097,,False,,40.512687700102106,,,measured individual components plus independent setup attribution; one full validation,"NOT_RUN; warm5 encode/decode only, single full validation",FORMULA_ONLY_NOT_MEASURED,budget ledger only,each method pays its independent setup; actual shared budget is charged once
2014,asymmetric_piecewise,generic_randomized_linear,0.5,zero,OK,NOT_RUN,0.6326619591804973,,25.84924780006986,0.009853299998212606,0.01047640002798289,9.730004239827394e-05,0.03150900005130097,,False,,25.890707400161773,,,measured individual components plus independent setup attribution; one full validation,"NOT_RUN; warm5 encode/decode only, single full validation",FORMULA_ONLY_NOT_MEASURED,budget ledger only,each method pays its independent setup; actual shared budget is charged once
2014,asymmetric_piecewise,current_BP_ratio,0.5,zero,OK,NOT_RUN,0.6439729894689181,,9.964587500027847,0.40132060000905767,0.3969642000156455,9.730004239827394e-05,0.03150900005130097,,False,,10.397514400130603,,,measured individual components plus independent setup attribution; one full validation,"NOT_RUN; warm5 encode/decode only, single full validation",FORMULA_ONLY_NOT_MEASURED,budget ledger only,each method pays its independent setup; actual shared budget is charged once
2014,asymmetric_piecewise,homogeneous_born,0.5,20dB_nominal_difference,OK,NOT_RUN,0.6294012679967301,,22.117651300039142,0.00999930000398308,0.012228499981574714,0.0001023999648168683,0.021681800018996,,False,,22.14943480002694,,,measured individual components plus independent setup attribution; one full validation,"NOT_RUN; warm5 encode/decode only, single full validation",FORMULA_ONLY_NOT_MEASURED,budget ledger only,each method pays its independent setup; actual shared budget is charged once
2014,asymmetric_piecewise,born_BP,0.5,20dB_nominal_difference,OK,NOT_RUN,0.6428224596510694,,22.117651300039142,0.013729300000704825,0.012564500037115067,0.0001023999648168683,0.021681800018996,,False,,22.15316480002366,,,measured individual components plus independent setup attribution; one full validation,"NOT_RUN; warm5 encode/decode only, single full validation",FORMULA_ONLY_NOT_MEASURED,budget ledger only,each method pays its independent setup; actual shared budget is charged once
2014,asymmetric_piecewise,dressed_linear_chi,0.5,20dB_nominal_difference,REJECTED_PHYSICAL,NOT_RUN,0.6273193253358649,,24.5117484999937,0.012114299985114485,0.011939699994400144,0.0001023999648168683,0.021681800018996,,False,,24.545646999962628,,,measured individual components plus independent setup attribution; one full validation,"NOT_RUN; warm5 encode/decode only, single full validation",FORMULA_ONLY_NOT_MEASURED,budget ledger only,each method pays its independent setup; actual shared budget is charged once
2014,asymmetric_piecewise,linear_a_exact_conversion,0.5,20dB_nominal_difference,REJECTED_PHYSICAL,NOT_RUN,0.6269854041365518,,24.5117484999937,0.010248999984469265,0.005732199992053211,0.0001023999648168683,0.021681800018996,,False,,24.543781699961983,,,measured individual components plus independent setup attribution; one full validation,"NOT_RUN; warm5 encode/decode only, single full validation",FORMULA_ONLY_NOT_MEASURED,budget ledger only,each method pays its independent setup; actual shared budget is charged once
2014,asymmetric_piecewise,vanilla_IBS2,0.5,20dB_nominal_difference,REJECTED_PHYSICAL,NOT_RUN,0.6271980073781797,,24.5117484999937,0.5558044000063092,0.44369069999083877,0.0001023999648168683,0.021681800018996,,False,,25.089337099983823,,,measured individual components plus independent setup attribution; one full validation,"NOT_RUN; warm5 encode/decode only, single full validation",FORMULA_ONLY_NOT_MEASURED,budget ledger only,each method pays its independent setup; actual shared budget is charged once
2014,asymmetric_piecewise,A23_compressed_feedback,0.5,20dB_nominal_difference,REJECTED_PHYSICAL,NOT_RUN,0.627298234652592,,40.08604560000822,0.39444050000747666,0.4026686000288464,0.0001023999648168683,0.021681800018996,,False,,40.50227029999951,,,measured individual components plus independent setup attribution; one full validation,"NOT_RUN; warm5 encode/decode only, single full validation",FORMULA_ONLY_NOT_MEASURED,budget ledger only,each method pays its independent setup; actual shared budget is charged once
2014,asymmetric_piecewise,generic_randomized_linear,0.5,20dB_nominal_difference,OK,NOT_RUN,0.6329733883668468,,25.84924780006986,0.009414800035301596,0.01043349999235943,0.0001023999648168683,0.021681800018996,,False,,25.880446800088976,,,measured individual components plus independent setup attribution; one full validation,"NOT_RUN; warm5 encode/decode only, single full validation",FORMULA_ONLY_NOT_MEASURED,budget ledger only,each method pays its independent setup; actual shared budget is charged once
2014,asymmetric_piecewise,current_BP_ratio,0.5,20dB_nominal_difference,OK,NOT_RUN,0.6439771275550257,,9.964587500027847,0.38963170000351965,0.40061459998833016,0.0001023999648168683,0.021681800018996,,False,,10.376003400015179,,,measured individual components plus independent setup attribution; one full validation,"NOT_RUN; warm5 encode/decode only, single full validation",FORMULA_ONLY_NOT_MEASURED,budget ledger only,each method pays its independent setup; actual shared budget is charged once
2014,asymmetric_piecewise,homogeneous_born,1.0,zero,OK,NOT_RUN,0.814721133387879,,22.117651300039142,0.011023899947758764,0.011684799974318594,9.700004011392593e-05,0.03147340001305565,,False,,22.16024560004007,,,measured individual components plus independent setup attribution; one full validation,"NOT_RUN; warm5 encode/decode only, single full validation",FORMULA_ONLY_NOT_MEASURED,budget ledger only,each method pays its independent setup; actual shared budget is charged once
2014,asymmetric_piecewise,born_BP,1.0,zero,OK,NOT_RUN,0.8315324706567241,,22.117651300039142,0.01381890004267916,0.011670000036247075,9.700004011392593e-05,0.03147340001305565,,False,,22.16304060013499,,,measured individual components plus independent setup attribution; one full validation,"NOT_RUN; warm5 encode/decode only, single full validation",FORMULA_ONLY_NOT_MEASURED,budget ledger only,each method pays its independent setup; actual shared budget is charged once
2014,asymmetric_piecewise,dressed_linear_chi,1.0,zero,OK,NOT_RUN,0.8120583230106437,,24.5117484999937,0.010011999984271824,0.011666600010357797,9.700004011392593e-05,0.03147340001305565,,False,,24.553330900031142,,,measured individual components plus independent setup attribution; one full validation,"NOT_RUN; warm5 encode/decode only, single full validation",FORMULA_ONLY_NOT_MEASURED,budget ledger only,each method pays its independent setup; actual shared budget is charged once
2014,asymmetric_piecewise,linear_a_exact_conversion,1.0,zero,OK,NOT_RUN,0.8113179604595834,,24.5117484999937,0.011998500034678727,0.011026899970602244,9.700004011392593e-05,0.03147340001305565,,False,,24.55531740008155,,,measured individual components plus independent setup attribution; one full validation,"NOT_RUN; warm5 encode/decode only, single full validation",FORMULA_ONLY_NOT_MEASURED,budget ledger only,each method pays its independent setup; actual shared budget is charged once
2014,asymmetric_piecewise,vanilla_IBS2,1.0,zero,OK,NOT_RUN,0.8117853074260282,,24.5117484999937,0.555021200038027,0.45218650001334026,9.700004011392593e-05,0.03147340001305565,,False,,25.098340100084897,,,measured individual components plus independent setup attribution; one full validation,"NOT_RUN; warm5 encode/decode only, single full validation",FORMULA_ONLY_NOT_MEASURED,budget ledger only,each method pays its independent setup; actual shared budget is charged once
2014,asymmetric_piecewise,A23_compressed_feedback,1.0,zero,OK,NOT_RUN,0.8120629620925219,,40.08604560000822,0.3431581000331789,0.38748129998566583,9.700004011392593e-05,0.03147340001305565,,False,,40.46077410009457,,,measured individual components plus independent setup attribution; one full validation,"NOT_RUN; warm5 encode/decode only, single full validation",FORMULA_ONLY_NOT_MEASURED,budget ledger only,each method pays its independent setup; actual shared budget is charged once
2014,asymmetric_piecewise,generic_randomized_linear,1.0,zero,OK,NOT_RUN,0.8191465524228129,,25.84924780006986,0.010560300026554614,0.011711200000718236,9.700004011392593e-05,0.03147340001305565,,False,,25.891378500149585,,,measured individual components plus independent setup attribution; one full validation,"NOT_RUN; warm5 encode/decode only, single full validation",FORMULA_ONLY_NOT_MEASURED,budget ledger only,each method pays its independent setup; actual shared budget is charged once
2014,asymmetric_piecewise,current_BP_ratio,1.0,zero,OK,NOT_RUN,0.8331164194374583,,9.964587500027847,0.3804187999921851,0.4054747999762185,9.700004011392593e-05,0.03147340001305565,,False,,10.376576700073201,,,measured individual components plus independent setup attribution; one full validation,"NOT_RUN; warm5 encode/decode only, single full validation",FORMULA_ONLY_NOT_MEASURED,budget ledger only,each method pays its independent setup; actual shared budget is charged once
2014,asymmetric_piecewise,homogeneous_born,1.0,20dB_nominal_difference,OK,NOT_RUN,0.8150237189158541,,22.117651300039142,0.009593199996743351,0.012259599985554814,0.00010389997623860836,0.031281800009310246,,False,,22.158630200021435,,,measured individual components plus independent setup attribution; one full validation,"NOT_RUN; warm5 encode/decode only, single full validation",FORMULA_ONLY_NOT_MEASURED,budget ledger only,each method pays its independent setup; actual shared budget is charged once
2014,asymmetric_piecewise,born_BP,1.0,20dB_nominal_difference,OK,NOT_RUN,0.8315366997757166,,22.117651300039142,0.01237129996297881,0.012725599983241409,0.00010389997623860836,0.031281800009310246,,False,,22.16140829998767,,,measured individual components plus independent setup attribution; one full validation,"NOT_RUN; warm5 encode/decode only, single full validation",FORMULA_ONLY_NOT_MEASURED,budget ledger only,each method pays its independent setup; actual shared budget is charged once
2014,asymmetric_piecewise,dressed_linear_chi,1.0,20dB_nominal_difference,REJECTED_PHYSICAL,REJECTED,0.8124100195756078,,24.5117484999937,0.012514800007920712,0.011713000014424324,0.00010389997623860836,0.031281800009310246,0.0016041999915614724,False,,24.55564899998717,,,measured individual components plus independent setup attribution; one full validation,"NOT_RUN; warm5 encode/decode only, single full validation",FORMULA_ONLY_NOT_MEASURED,budget ledger only,each method pays its independent setup; actual shared budget is charged once
2014,asymmetric_piecewise,linear_a_exact_conversion,1.0,20dB_nominal_difference,OK,NOT_RUN,0.8116573325537729,,24.5117484999937,0.011139700014609843,0.01309000002220273,0.00010389997623860836,0.031281800009310246,,False,,24.55427389999386,,,measured individual components plus independent setup attribution; one full validation,"NOT_RUN; warm5 encode/decode only, single full validation",FORMULA_ONLY_NOT_MEASURED,budget ledger only,each method pays its independent setup; actual shared budget is charged once
2014,asymmetric_piecewise,vanilla_IBS2,1.0,20dB_nominal_difference,REJECTED_PHYSICAL,REJECTED,0.8120951809425594,,24.5117484999937,0.5728373999590985,0.4426900999969803,0.00010389997623860836,0.031281800009310246,0.0012871000217273831,False,,25.115971599938348,,,measured individual components plus independent setup attribution; one full validation,"NOT_RUN; warm5 encode/decode only, single full validation",FORMULA_ONLY_NOT_MEASURED,budget ledger only,each method pays its independent setup; actual shared budget is charged once
2014,asymmetric_piecewise,A23_compressed_feedback,1.0,20dB_nominal_difference,OK,RUN,0.8123703709912041,0.10936368555285997,40.08604560000822,0.3945086000021547,0.39652730000671,0.00010389997623860836,0.031281800009310246,4.057940900034737,False,44.56988080003066,40.51193989999592,84.92439760023262,488.46956560225226,measured individual components plus independent setup attribution; one full validation,"NOT_RUN; warm5 encode/decode only, single full validation",FORMULA_ONLY_NOT_MEASURED,budget ledger only,each method pays its independent setup; actual shared budget is charged once
2014,asymmetric_piecewise,generic_randomized_linear,1.0,20dB_nominal_difference,OK,NOT_RUN,0.8189388466709264,,25.84924780006986,0.010120299994014204,0.010185900027863681,0.00010389997623860836,0.031281800009310246,,False,,25.890753800049424,,,measured individual components plus independent setup attribution; one full validation,"NOT_RUN; warm5 encode/decode only, single full validation",FORMULA_ONLY_NOT_MEASURED,budget ledger only,each method pays its independent setup; actual shared budget is charged once
2014,asymmetric_piecewise,current_BP_ratio,1.0,20dB_nominal_difference,OK,NOT_RUN,0.833114520977473,,9.964587500027847,0.4039585999562405,0.40852980001363903,0.00010389997623860836,0.031281800009310246,,False,,10.399931799969636,,,measured individual components plus independent setup attribution; one full validation,"NOT_RUN; warm5 encode/decode only, single full validation",FORMULA_ONLY_NOT_MEASURED,budget ledger only,each method pays its independent setup; actual shared budget is charged once
2014,asymmetric_piecewise,dressed_linear_chi,1.0,20dB_calibration,REJECTED_PHYSICAL,REJECTED,0.8257118902931305,,24.5117484999937,0.007821099949069321,,0.0,0.0,0.0018703999812714756,False,,24.51956959994277,,,measured individual components plus independent setup attribution; one full validation,"NOT_RUN; warm5 encode/decode only, single full validation",FORMULA_ONLY_NOT_MEASURED,budget ledger only,each method pays its independent setup; actual shared budget is charged once
2014,asymmetric_piecewise,vanilla_IBS2,1.0,20dB_calibration,REJECTED_PHYSICAL,NOT_RUN,0.8244334860133534,,24.5117484999937,0.3482539000106044,,0.0,0.0,,False,,24.860002400004305,,,measured individual components plus independent setup attribution; one full validation,"NOT_RUN; warm5 encode/decode only, single full validation",FORMULA_ONLY_NOT_MEASURED,budget ledger only,each method pays its independent setup; actual shared budget is charged once
2014,asymmetric_piecewise,A23_compressed_feedback,1.0,20dB_calibration,REJECTED_PHYSICAL,REJECTED,0.8246826094357498,,40.08604560000822,0.34817900002235547,,0.0,0.0,0.0009945999481715262,False,,40.434224600030575,,,measured individual components plus independent setup attribution; one full validation,"NOT_RUN; warm5 encode/decode only, single full validation",FORMULA_ONLY_NOT_MEASURED,budget ledger only,each method pays its independent setup; actual shared budget is charged once
2009,nested_shell,homogeneous_born,0.15,zero,OK,NOT_RUN,0.32506724042967183,,22.275965900043957,0.011162100010551512,0.011761799978557974,9.90999978967011e-05,0.038485300028696656,,False,,22.325712400081102,,,measured individual components plus independent setup attribution; one full validation,"NOT_RUN; warm5 encode/decode only, single full validation",FORMULA_ONLY_NOT_MEASURED,budget ledger only,each method pays its independent setup; actual shared budget is charged once
2009,nested_shell,born_BP,0.15,zero,OK,NOT_RUN,0.37078368399640155,,22.275965900043957,0.012945499969646335,0.012864499993156642,9.90999978967011e-05,0.038485300028696656,,False,,22.327495800040197,,,measured individual components plus independent setup attribution; one full validation,"NOT_RUN; warm5 encode/decode only, single full validation",FORMULA_ONLY_NOT_MEASURED,budget ledger only,each method pays its independent setup; actual shared budget is charged once
2009,nested_shell,dressed_linear_chi,0.15,zero,OK,NOT_RUN,0.31769040330693354,,24.693748100020457,0.010196699993684888,0.012182800041045994,9.90999978967011e-05,0.038485300028696656,,False,,24.742529200040735,,,measured individual components plus independent setup attribution; one full validation,"NOT_RUN; warm5 encode/decode only, single full validation",FORMULA_ONLY_NOT_MEASURED,budget ledger only,each method pays its independent setup; actual shared budget is charged once
2009,nested_shell,linear_a_exact_conversion,0.15,zero,OK,NOT_RUN,0.31625260275616407,,24.693748100020457,0.01283359999069944,0.0118219000287354,9.90999978967011e-05,0.038485300028696656,,False,,24.74516610003775,,,measured individual components plus independent setup attribution; one full validation,"NOT_RUN; warm5 encode/decode only, single full validation",FORMULA_ONLY_NOT_MEASURED,budget ledger only,each method pays its independent setup; actual shared budget is charged once
2009,nested_shell,vanilla_IBS2,0.15,zero,OK,NOT_RUN,0.3172087170201169,,24.693748100020457,0.4390568000380881,0.3965153999743052,9.90999978967011e-05,0.038485300028696656,,False,,25.17138930008514,,,measured individual components plus independent setup attribution; one full validation,"NOT_RUN; warm5 encode/decode only, single full validation",FORMULA_ONLY_NOT_MEASURED,budget ledger only,each method pays its independent setup; actual shared budget is charged once
2009,nested_shell,A23_compressed_feedback,0.15,zero,OK,NOT_RUN,0.3176260878433195,,40.28589710005326,0.3612911000382155,0.4026680999668315,9.90999978967011e-05,0.038485300028696656,,False,,40.68577260011807,,,measured individual components plus independent setup attribution; one full validation,"NOT_RUN; warm5 encode/decode only, single full validation",FORMULA_ONLY_NOT_MEASURED,budget ledger only,each method pays its independent setup; actual shared budget is charged once
2009,nested_shell,generic_randomized_linear,0.15,zero,REJECTED_PHYSICAL,NOT_RUN,0.3388799316071021,,25.402680400002282,0.01242640003329143,0.012981200008653104,9.90999978967011e-05,0.038485300028696656,,False,,25.453691200062167,,,measured individual components plus independent setup attribution; one full validation,"NOT_RUN; warm5 encode/decode only, single full validation",FORMULA_ONLY_NOT_MEASURED,budget ledger only,each method pays its independent setup; actual shared budget is charged once
2009,nested_shell,current_BP_ratio,0.15,zero,OK,NOT_RUN,0.3732634313379722,,10.079596600029618,0.4112050000112504,0.40550559997791424,9.90999978967011e-05,0.038485300028696656,,False,,10.529386000067461,,,measured individual components plus independent setup attribution; one full validation,"NOT_RUN; warm5 encode/decode only, single full validation",FORMULA_ONLY_NOT_MEASURED,budget ledger only,each method pays its independent setup; actual shared budget is charged once
2009,nested_shell,homogeneous_born,0.15,20dB_nominal_difference,REJECTED_PHYSICAL,NOT_RUN,0.3609152346340915,,22.275965900043957,0.011653200024738908,0.011076299997512251,0.00010259996633976698,0.03647389996331185,,False,,22.324195599998347,,,measured individual components plus independent setup attribution; one full validation,"NOT_RUN; warm5 encode/decode only, single full validation",FORMULA_ONLY_NOT_MEASURED,budget ledger only,each method pays its independent setup; actual shared budget is charged once
2009,nested_shell,born_BP,0.15,20dB_nominal_difference,OK,NOT_RUN,0.3707774764982879,,22.275965900043957,0.01016840001102537,0.012302700022701174,0.00010259996633976698,0.03647389996331185,,False,,22.322710799984634,,,measured individual components plus independent setup attribution; one full validation,"NOT_RUN; warm5 encode/decode only, single full validation",FORMULA_ONLY_NOT_MEASURED,budget ledger only,each method pays its independent setup; actual shared budget is charged once
2009,nested_shell,dressed_linear_chi,0.15,20dB_nominal_difference,REJECTED_PHYSICAL,NOT_RUN,0.363348554629614,,24.693748100020457,0.01257890003034845,0.011835600016638637,0.00010259996633976698,0.03647389996331185,,False,,24.742903499980457,,,measured individual components plus independent setup attribution; one full validation,"NOT_RUN; warm5 encode/decode only, single full validation",FORMULA_ONLY_NOT_MEASURED,budget ledger only,each method pays its independent setup; actual shared budget is charged once
2009,nested_shell,linear_a_exact_conversion,0.15,20dB_nominal_difference,REJECTED_PHYSICAL,NOT_RUN,0.3620973636071143,,24.693748100020457,0.012318300025071949,0.011725799995474517,0.00010259996633976698,0.03647389996331185,,False,,24.74264289997518,,,measured individual components plus independent setup attribution; one full validation,"NOT_RUN; warm5 encode/decode only, single full validation",FORMULA_ONLY_NOT_MEASURED,budget ledger only,each method pays its independent setup; actual shared budget is charged once
2009,nested_shell,vanilla_IBS2,0.15,20dB_nominal_difference,REJECTED_PHYSICAL,NOT_RUN,0.3620624213524585,,24.693748100020457,0.5638799999724142,0.4455858999863267,0.00010259996633976698,0.03647389996331185,,False,,25.294204599922523,,,measured individual components plus independent setup attribution; one full validation,"NOT_RUN; warm5 encode/decode only, single full validation",FORMULA_ONLY_NOT_MEASURED,budget ledger only,each method pays its independent setup; actual shared budget is charged once
2009,nested_shell,A23_compressed_feedback,0.15,20dB_nominal_difference,REJECTED_PHYSICAL,NOT_RUN,0.36325551676005563,,40.28589710005326,0.3993269999627955,0.4051148999715224,0.00010259996633976698,0.03647389996331185,,False,,40.72180059994571,,,measured individual components plus independent setup attribution; one full validation,"NOT_RUN; warm5 encode/decode only, single full validation",FORMULA_ONLY_NOT_MEASURED,budget ledger only,each method pays its independent setup; actual shared budget is charged once
2009,nested_shell,generic_randomized_linear,0.15,20dB_nominal_difference,OK,NOT_RUN,0.34675860232192285,,25.402680400002282,0.010751700028777122,0.011006399989128113,0.00010259996633976698,0.03647389996331185,,False,,25.45000859996071,,,measured individual components plus independent setup attribution; one full validation,"NOT_RUN; warm5 encode/decode only, single full validation",FORMULA_ONLY_NOT_MEASURED,budget ledger only,each method pays its independent setup; actual shared budget is charged once
2009,nested_shell,current_BP_ratio,0.15,20dB_nominal_difference,OK,NOT_RUN,0.373053750378949,,10.079596600029618,0.4033501999801956,0.3998972999979742,0.00010259996633976698,0.03647389996331185,,False,,10.519523299939465,,,measured individual components plus independent setup attribution; one full validation,"NOT_RUN; warm5 encode/decode only, single full validation",FORMULA_ONLY_NOT_MEASURED,budget ledger only,each method pays its independent setup; actual shared budget is charged once
2009,nested_shell,homogeneous_born,0.5,zero,REJECTED_PHYSICAL,NOT_RUN,0.6357000952510136,,22.275965900043957,0.004958599980454892,0.010164400038775057,7.120001828297973e-05,0.038100800011307,,False,,22.319096500054002,,,measured individual components plus independent setup attribution; one full validation,"NOT_RUN; warm5 encode/decode only, single full validation",FORMULA_ONLY_NOT_MEASURED,budget ledger only,each method pays its independent setup; actual shared budget is charged once
2009,nested_shell,born_BP,0.5,zero,OK,NOT_RUN,0.7189047688693692,,22.275965900043957,0.00965989998076111,0.011781400011386722,7.120001828297973e-05,0.038100800011307,,False,,22.323797800054308,,,measured individual components plus independent setup attribution; one full validation,"NOT_RUN; warm5 encode/decode only, single full validation",FORMULA_ONLY_NOT_MEASURED,budget ledger only,each method pays its independent setup; actual shared budget is charged once
2009,nested_shell,dressed_linear_chi,0.5,zero,REJECTED_PHYSICAL,NOT_RUN,0.619496632209678,,24.693748100020457,0.012866500008385628,0.01038900000276044,7.120001828297973e-05,0.038100800011307,,False,,24.744786600058433,,,measured individual components plus independent setup attribution; one full validation,"NOT_RUN; warm5 encode/decode only, single full validation",FORMULA_ONLY_NOT_MEASURED,budget ledger only,each method pays its independent setup; actual shared budget is charged once
2009,nested_shell,linear_a_exact_conversion,0.5,zero,REJECTED_PHYSICAL,NOT_RUN,0.6106807881107702,,24.693748100020457,0.011563199979718775,0.011975599976722151,7.120001828297973e-05,0.038100800011307,,False,,24.743483300029766,,,measured individual components plus independent setup attribution; one full validation,"NOT_RUN; warm5 encode/decode only, single full validation",FORMULA_ONLY_NOT_MEASURED,budget ledger only,each method pays its independent setup; actual shared budget is charged once
2009,nested_shell,vanilla_IBS2,0.5,zero,REJECTED_PHYSICAL,NOT_RUN,0.6159225271186114,,24.693748100020457,0.5465977999847382,0.44136739999521524,7.120001828297973e-05,0.038100800011307,,False,,25.278517900034785,,,measured individual components plus independent setup attribution; one full validation,"NOT_RUN; warm5 encode/decode only, single full validation",FORMULA_ONLY_NOT_MEASURED,budget ledger only,each method pays its independent setup; actual shared budget is charged once
2009,nested_shell,A23_compressed_feedback,0.5,zero,REJECTED_PHYSICAL,NOT_RUN,0.6187325690929215,,40.28589710005326,0.38978609995683655,0.39482119999593124,7.120001828297973e-05,0.038100800011307,,False,,40.71385520003969,,,measured individual components plus independent setup attribution; one full validation,"NOT_RUN; warm5 encode/decode only, single full validation",FORMULA_ONLY_NOT_MEASURED,budget ledger only,each method pays its independent setup; actual shared budget is charged once
2009,nested_shell,generic_randomized_linear,0.5,zero,REJECTED_PHYSICAL,NOT_RUN,0.6575760554920386,,25.402680400002282,0.009596800024155527,0.010172899987082928,7.120001828297973e-05,0.038100800011307,,False,,25.450449200056028,,,measured individual components plus independent setup attribution; one full validation,"NOT_RUN; warm5 encode/decode only, single full validation",FORMULA_ONLY_NOT_MEASURED,budget ledger only,each method pays its independent setup; actual shared budget is charged once
2009,nested_shell,current_BP_ratio,0.5,zero,OK,NOT_RUN,0.7238707852332434,,10.079596600029618,0.4025911000207998,0.4033422999782488,7.120001828297973e-05,0.038100800011307,,False,,10.520359700080007,,,measured individual components plus independent setup attribution; one full validation,"NOT_RUN; warm5 encode/decode only, single full validation",FORMULA_ONLY_NOT_MEASURED,budget ledger only,each method pays its independent setup; actual shared budget is charged once
2009,nested_shell,homogeneous_born,0.5,20dB_nominal_difference,REJECTED_PHYSICAL,NOT_RUN,0.6459478522470397,,22.275965900043957,0.01286909996997565,0.011389799998141825,9.869999485090375e-05,0.03556689998367801,,False,,22.32450059999246,,,measured individual components plus independent setup attribution; one full validation,"NOT_RUN; warm5 encode/decode only, single full validation",FORMULA_ONLY_NOT_MEASURED,budget ledger only,each method pays its independent setup; actual shared budget is charged once
2009,nested_shell,born_BP,0.5,20dB_nominal_difference,OK,NOT_RUN,0.7189404588143865,,22.275965900043957,0.00985849997960031,0.01162630005273968,9.869999485090375e-05,0.03556689998367801,,False,,22.321490000002086,,,measured individual components plus independent setup attribution; one full validation,"NOT_RUN; warm5 encode/decode only, single full validation",FORMULA_ONLY_NOT_MEASURED,budget ledger only,each method pays its independent setup; actual shared budget is charged once
2009,nested_shell,dressed_linear_chi,0.5,20dB_nominal_difference,REJECTED_PHYSICAL,NOT_RUN,0.6338530556213927,,24.693748100020457,0.008911800046917051,0.011163399962242693,9.869999485090375e-05,0.03556689998367801,,False,,24.738325500045903,,,measured individual components plus independent setup attribution; one full validation,"NOT_RUN; warm5 encode/decode only, single full validation",FORMULA_ONLY_NOT_MEASURED,budget ledger only,each method pays its independent setup; actual shared budget is charged once
2009,nested_shell,linear_a_exact_conversion,0.5,20dB_nominal_difference,REJECTED_PHYSICAL,NOT_RUN,0.6255737801726213,,24.693748100020457,0.011910500004887581,0.011480099987238646,9.869999485090375e-05,0.03556689998367801,,False,,24.741324200003874,,,measured individual components plus independent setup attribution; one full validation,"NOT_RUN; warm5 encode/decode only, single full validation",FORMULA_ONLY_NOT_MEASURED,budget ledger only,each method pays its independent setup; actual shared budget is charged once
2009,nested_shell,vanilla_IBS2,0.5,20dB_nominal_difference,REJECTED_PHYSICAL,NOT_RUN,0.6297090091270089,,24.693748100020457,0.5843175000045449,0.36971590004395694,9.869999485090375e-05,0.03556689998367801,,False,,25.31373120000353,,,measured individual components plus independent setup attribution; one full validation,"NOT_RUN; warm5 encode/decode only, single full validation",FORMULA_ONLY_NOT_MEASURED,budget ledger only,each method pays its independent setup; actual shared budget is charged once
2009,nested_shell,A23_compressed_feedback,0.5,20dB_nominal_difference,REJECTED_PHYSICAL,NOT_RUN,0.6333477921341123,,40.28589710005326,0.373425199999474,0.39837319997604936,9.869999485090375e-05,0.03556689998367801,,False,,40.694987900031265,,,measured individual components plus independent setup attribution; one full validation,"NOT_RUN; warm5 encode/decode only, single full validation",FORMULA_ONLY_NOT_MEASURED,budget ledger only,each method pays its independent setup; actual shared budget is charged once
2009,nested_shell,generic_randomized_linear,0.5,20dB_nominal_difference,REJECTED_PHYSICAL,NOT_RUN,0.6584638763530731,,25.402680400002282,0.011839899991173297,0.010144200001377612,9.869999485090375e-05,0.03556689998367801,,False,,25.450185899971984,,,measured individual components plus independent setup attribution; one full validation,"NOT_RUN; warm5 encode/decode only, single full validation",FORMULA_ONLY_NOT_MEASURED,budget ledger only,each method pays its independent setup; actual shared budget is charged once
2009,nested_shell,current_BP_ratio,0.5,20dB_nominal_difference,OK,NOT_RUN,0.7237787891962599,,10.079596600029618,0.4088876000023447,0.40044469997519627,9.869999485090375e-05,0.03556689998367801,,False,,10.524149800010491,,,measured individual components plus independent setup attribution; one full validation,"NOT_RUN; warm5 encode/decode only, single full validation",FORMULA_ONLY_NOT_MEASURED,budget ledger only,each method pays its independent setup; actual shared budget is charged once
2009,nested_shell,homogeneous_born,1.0,zero,REJECTED_PHYSICAL,NOT_RUN,0.7506188318999913,,22.275965900043957,0.005737999978009611,0.010217799979727715,7.150002056732774e-05,0.02905439998721704,,False,,22.31082980002975,,,measured individual components plus independent setup attribution; one full validation,"NOT_RUN; warm5 encode/decode only, single full validation",FORMULA_ONLY_NOT_MEASURED,budget ledger only,each method pays its independent setup; actual shared budget is charged once
2009,nested_shell,born_BP,1.0,zero,REJECTED_PHYSICAL,NOT_RUN,0.8388315542619693,,22.275965900043957,0.009864299965556711,0.01109280000673607,7.150002056732774e-05,0.02905439998721704,,False,,22.314956100017298,,,measured individual components plus independent setup attribution; one full validation,"NOT_RUN; warm5 encode/decode only, single full validation",FORMULA_ONLY_NOT_MEASURED,budget ledger only,each method pays its independent setup; actual shared budget is charged once
2009,nested_shell,dressed_linear_chi,1.0,zero,REJECTED_PHYSICAL,NOT_RUN,0.7303978665431283,,24.693748100020457,0.011286199965979904,0.011941000004298985,7.150002056732774e-05,0.02905439998721704,,False,,24.73416019999422,,,measured individual components plus independent setup attribution; one full validation,"NOT_RUN; warm5 encode/decode only, single full validation",FORMULA_ONLY_NOT_MEASURED,budget ledger only,each method pays its independent setup; actual shared budget is charged once
2009,nested_shell,linear_a_exact_conversion,1.0,zero,REJECTED_PHYSICAL,NOT_RUN,0.7119832835286417,,24.693748100020457,0.01289439998799935,0.012808099971152842,7.150002056732774e-05,0.02905439998721704,,False,,24.73576840001624,,,measured individual components plus independent setup attribution; one full validation,"NOT_RUN; warm5 encode/decode only, single full validation",FORMULA_ONLY_NOT_MEASURED,budget ledger only,each method pays its independent setup; actual shared budget is charged once
2009,nested_shell,vanilla_IBS2,1.0,zero,REJECTED_PHYSICAL,NOT_RUN,0.7214076889425368,,24.693748100020457,0.5131204000208527,0.4520603999844752,7.150002056732774e-05,0.02905439998721704,,False,,25.235994400049094,,,measured individual components plus independent setup attribution; one full validation,"NOT_RUN; warm5 encode/decode only, single full validation",FORMULA_ONLY_NOT_MEASURED,budget ledger only,each method pays its independent setup; actual shared budget is charged once
2009,nested_shell,A23_compressed_feedback,1.0,zero,REJECTED_PHYSICAL,NOT_RUN,0.7279282273461475,,40.28589710005326,0.39929219998884946,0.40086500003235415,7.150002056732774e-05,0.02905439998721704,,False,,40.714315200049896,,,measured individual components plus independent setup attribution; one full validation,"NOT_RUN; warm5 encode/decode only, single full validation",FORMULA_ONLY_NOT_MEASURED,budget ledger only,each method pays its independent setup; actual shared budget is charged once
2009,nested_shell,generic_randomized_linear,1.0,zero,REJECTED_PHYSICAL,NOT_RUN,0.7698490651855685,,25.402680400002282,0.009702000010292977,0.011548700043931603,7.150002056732774e-05,0.02905439998721704,,False,,25.44150830002036,,,measured individual components plus independent setup attribution; one full validation,"NOT_RUN; warm5 encode/decode only, single full validation",FORMULA_ONLY_NOT_MEASURED,budget ledger only,each method pays its independent setup; actual shared budget is charged once
2009,nested_shell,current_BP_ratio,1.0,zero,REJECTED_PHYSICAL,NOT_RUN,0.8443498489608912,,10.079596600029618,0.40729970001848415,0.40291760000400245,7.150002056732774e-05,0.02905439998721704,,False,,10.516022200055886,,,measured individual components plus independent setup attribution; one full validation,"NOT_RUN; warm5 encode/decode only, single full validation",FORMULA_ONLY_NOT_MEASURED,budget ledger only,each method pays its independent setup; actual shared budget is charged once
2009,nested_shell,homogeneous_born,1.0,20dB_nominal_difference,REJECTED_PHYSICAL,NOT_RUN,0.7513636948121621,,22.275965900043957,0.012721700011752546,0.012364700029138476,9.240000508725643e-05,0.023048800008837134,,False,,22.311828800069634,,,measured individual components plus independent setup attribution; one full validation,"NOT_RUN; warm5 encode/decode only, single full validation",FORMULA_ONLY_NOT_MEASURED,budget ledger only,each method pays its independent setup; actual shared budget is charged once
2009,nested_shell,born_BP,1.0,20dB_nominal_difference,REJECTED_PHYSICAL,NOT_RUN,0.8388554297502716,,22.275965900043957,0.012495099974330515,0.011403299984522164,9.240000508725643e-05,0.023048800008837134,,False,,22.311602200032212,,,measured individual components plus independent setup attribution; one full validation,"NOT_RUN; warm5 encode/decode only, single full validation",FORMULA_ONLY_NOT_MEASURED,budget ledger only,each method pays its independent setup; actual shared budget is charged once
2009,nested_shell,dressed_linear_chi,1.0,20dB_nominal_difference,REJECTED_PHYSICAL,REJECTED,0.7301053538348338,,24.693748100020457,0.009289000008720905,0.010018699977081269,9.240000508725643e-05,0.023048800008837134,0.0018791999900713563,False,,24.726178300043102,,,measured individual components plus independent setup attribution; one full validation,"NOT_RUN; warm5 encode/decode only, single full validation",FORMULA_ONLY_NOT_MEASURED,budget ledger only,each method pays its independent setup; actual shared budget is charged once
2009,nested_shell,linear_a_exact_conversion,1.0,20dB_nominal_difference,REJECTED_PHYSICAL,NOT_RUN,0.7115689320793753,,24.693748100020457,0.010873900027945638,0.012247400009073317,9.240000508725643e-05,0.023048800008837134,,False,,24.727763200062327,,,measured individual components plus independent setup attribution; one full validation,"NOT_RUN; warm5 encode/decode only, single full validation",FORMULA_ONLY_NOT_MEASURED,budget ledger only,each method pays its independent setup; actual shared budget is charged once
2009,nested_shell,vanilla_IBS2,1.0,20dB_nominal_difference,REJECTED_PHYSICAL,REJECTED,0.7210171935579918,,24.693748100020457,0.5683107000077143,0.4470657000201754,9.240000508725643e-05,0.023048800008837134,0.002049800008535385,False,,25.285200000042096,,,measured individual components plus independent setup attribution; one full validation,"NOT_RUN; warm5 encode/decode only, single full validation",FORMULA_ONLY_NOT_MEASURED,budget ledger only,each method pays its independent setup; actual shared budget is charged once
2009,nested_shell,A23_compressed_feedback,1.0,20dB_nominal_difference,REJECTED_PHYSICAL,REJECTED,0.7273785258161852,,40.28589710005326,0.40153679996728897,0.39922560000559315,9.240000508725643e-05,0.023048800008837134,0.0023382999934256077,False,,40.710575100034475,,,measured individual components plus independent setup attribution; one full validation,"NOT_RUN; warm5 encode/decode only, single full validation",FORMULA_ONLY_NOT_MEASURED,budget ledger only,each method pays its independent setup; actual shared budget is charged once
2009,nested_shell,generic_randomized_linear,1.0,20dB_nominal_difference,REJECTED_PHYSICAL,NOT_RUN,0.7701245756903817,,25.402680400002282,0.0093755999696441,0.012054499995429069,9.240000508725643e-05,0.023048800008837134,,False,,25.43519719998585,,,measured individual components plus independent setup attribution; one full validation,"NOT_RUN; warm5 encode/decode only, single full validation",FORMULA_ONLY_NOT_MEASURED,budget ledger only,each method pays its independent setup; actual shared budget is charged once
2009,nested_shell,current_BP_ratio,1.0,20dB_nominal_difference,REJECTED_PHYSICAL,NOT_RUN,0.8443555646387587,,10.079596600029618,0.4015610999776982,0.40295169997261837,9.240000508725643e-05,0.023048800008837134,,False,,10.50429890002124,,,measured individual components plus independent setup attribution; one full validation,"NOT_RUN; warm5 encode/decode only, single full validation",FORMULA_ONLY_NOT_MEASURED,budget ledger only,each method pays its independent setup; actual shared budget is charged once
2009,nested_shell,dressed_linear_chi,1.0,20dB_calibration,REJECTED_PHYSICAL,REJECTED,0.7432857145137644,,24.693748100020457,0.009709300007671118,,0.0,0.0,0.0009575000149197876,False,,24.703457400028128,,,measured individual components plus independent setup attribution; one full validation,"NOT_RUN; warm5 encode/decode only, single full validation",FORMULA_ONLY_NOT_MEASURED,budget ledger only,each method pays its independent setup; actual shared budget is charged once
2009,nested_shell,vanilla_IBS2,1.0,20dB_calibration,REJECTED_PHYSICAL,NOT_RUN,0.7339942322909401,,24.693748100020457,0.5906163000036031,,0.0,0.0,,False,,25.28436440002406,,,measured individual components plus independent setup attribution; one full validation,"NOT_RUN; warm5 encode/decode only, single full validation",FORMULA_ONLY_NOT_MEASURED,budget ledger only,each method pays its independent setup; actual shared budget is charged once
2009,nested_shell,A23_compressed_feedback,1.0,20dB_calibration,REJECTED_PHYSICAL,REJECTED,0.74026869782636,,40.28589710005326,0.43770509999012575,,0.0,0.0,0.00314400001661852,False,,40.72360220004339,,,measured individual components plus independent setup attribution; one full validation,"NOT_RUN; warm5 encode/decode only, single full validation",FORMULA_ONLY_NOT_MEASURED,budget ledger only,each method pays its independent setup; actual shared budget is charged once
