scene,t,noise,method,published_status,image_reference,diagnostic_status,chart_source,chart_rank,chart_orthogonality_error,material_metric,truth_energy_reference,truth_delta_full_mass_norm,truth_delta_in_chart_mass_norm,truth_delta_out_chart_mass_norm,truth_delta_in_chart_energy_fraction,truth_delta_out_chart_energy_fraction,full_absolute_mass_error,in_chart_absolute_mass_error,out_chart_absolute_mass_error,in_chart_delta_NRMSE,out_chart_delta_NRMSE,in_chart_denominator_status,out_chart_denominator_status,truth_energy_absolute_decomposition_residual,truth_energy_relative_decomposition_residual,error_energy_absolute_decomposition_residual,error_energy_relative_decomposition_residual,error_in_out_orthogonality_relative_residual,identity_assertion_tolerance,evaluation_only
2001,1.0,20dB_calibration,dressed_linear_chi,REJECTED_PHYSICAL,results/a23/images/scene_2001_calibration.npz,COMPUTED,"a23.offline.old_chart_basis(points, volume)",32,1.758572255777152e-14,"sqrt(volume) * [Re(delta chi), Im(delta chi)]",truth minus frozen declared background,0.26999967527875146,0.18409735354397117,0.19750440265659222,0.4649096996367117,0.5350903003632883,0.2056345572342473,0.08529457420997778,0.18711068045214183,0.4633123321330385,0.94737473157739,NONZERO,NONZERO,0.0,0.0,6.938893903907228e-18,1.6409601948501912e-16,1.2820001522267119e-18,1e-09,True
2001,1.0,20dB_calibration,vanilla_IBS2,REJECTED_PHYSICAL,results/a23/images/scene_2001_calibration.npz,COMPUTED,"a23.offline.old_chart_basis(points, volume)",32,1.758572255777152e-14,"sqrt(volume) * [Re(delta chi), Im(delta chi)]",truth minus frozen declared background,0.26999967527875146,0.18409735354397117,0.19750440265659222,0.4649096996367117,0.5350903003632883,0.20201692961353013,0.08345677119392053,0.18397230006814502,0.4533295541045738,0.9314845522103326,NONZERO,NONZERO,0.0,0.0,1.3877787807814457e-17,3.400515122614395e-16,6.64163109885624e-19,1e-09,True
2001,1.0,20dB_calibration,A23_compressed_feedback,REJECTED_PHYSICAL,results/a23/images/scene_2001_calibration.npz,COMPUTED,"a23.offline.old_chart_basis(points, volume)",32,1.758572255777152e-14,"sqrt(volume) * [Re(delta chi), Im(delta chi)]",truth minus frozen declared background,0.26999967527875146,0.18409735354397117,0.19750440265659222,0.4649096996367117,0.5350903003632883,0.20563415388190143,0.08707599647372007,0.1862878849545354,0.47298885506750205,0.9432087712922564,NONZERO,NONZERO,0.0,0.0,6.938893903907228e-18,1.64096663235856e-16,3.8460155445903745e-18,1e-09,True
2001,0.15,20dB_nominal_difference,homogeneous_born,REJECTED_PHYSICAL,results/a23/images/scene_2001_t0.15_20dB_nominal_difference.npz,COMPUTED,"a23.offline.old_chart_basis(points, volume)",32,1.758572255777152e-14,"sqrt(volume) * [Re(delta chi), Im(delta chi)]",truth minus frozen declared background,0.04049995129181272,0.027614603031595675,0.029625660398488834,0.46490969963671164,0.5350903003632883,0.048364717093652636,0.020451101652020128,0.04382805380994911,0.7405901011367313,1.4793949981342769,NONZERO,NONZERO,1.0842021724855044e-19,6.609997136825862e-17,2.168404344971009e-19,9.270068970342182e-17,7.604353452233822e-18,1e-09,True
2001,0.15,20dB_nominal_difference,born_BP,OK,results/a23/images/scene_2001_t0.15_20dB_nominal_difference.npz,COMPUTED,"a23.offline.old_chart_basis(points, volume)",32,1.758572255777152e-14,"sqrt(volume) * [Re(delta chi), Im(delta chi)]",truth minus frozen declared background,0.04049995129181272,0.027614603031595675,0.029625660398488834,0.46490969963671164,0.5350903003632883,0.03302316833875527,0.018817032275210206,0.027137592809301753,0.6814159976763167,0.916016468300771,NONZERO,NONZERO,1.0842021724855044e-19,6.609997136825862e-17,1.0842021724855044e-19,9.941977967669947e-17,1.747613314629483e-17,1e-09,True
2001,0.15,20dB_nominal_difference,dressed_linear_chi,REJECTED_PHYSICAL,results/a23/images/scene_2001_t0.15_20dB_nominal_difference.npz,COMPUTED,"a23.offline.old_chart_basis(points, volume)",32,1.758572255777152e-14,"sqrt(volume) * [Re(delta chi), Im(delta chi)]",truth minus frozen declared background,0.04049995129181272,0.027614603031595675,0.029625660398488834,0.46490969963671164,0.5350903003632883,0.049676189931368145,0.02052545688998367,0.045237478549923445,0.7432827068525719,1.526969456256609,NONZERO,NONZERO,1.0842021724855044e-19,6.609997136825862e-17,0.0,0.0,1.0297338763336828e-18,1e-09,True
2001,0.15,20dB_nominal_difference,linear_a_exact_conversion,REJECTED_PHYSICAL,results/a23/images/scene_2001_t0.15_20dB_nominal_difference.npz,COMPUTED,"a23.offline.old_chart_basis(points, volume)",32,1.758572255777152e-14,"sqrt(volume) * [Re(delta chi), Im(delta chi)]",truth minus frozen declared background,0.04049995129181272,0.027614603031595675,0.029625660398488834,0.46490969963671164,0.5350903003632883,0.0497171819376225,0.020582373502726462,0.04525664681362198,0.7453438124450611,1.5276164718316443,NONZERO,NONZERO,1.0842021724855044e-19,6.609997136825862e-17,4.336808689942018e-19,1.754515690378972e-16,6.510898069765716e-18,1e-09,True
2001,0.15,20dB_nominal_difference,vanilla_IBS2,REJECTED_PHYSICAL,results/a23/images/scene_2001_t0.15_20dB_nominal_difference.npz,COMPUTED,"a23.offline.old_chart_basis(points, volume)",32,1.758572255777152e-14,"sqrt(volume) * [Re(delta chi), Im(delta chi)]",truth minus frozen declared background,0.04049995129181272,0.027614603031595675,0.029625660398488834,0.46490969963671164,0.5350903003632883,0.04939723028497433,0.020419458662889113,0.04497924040867462,0.739444222302449,1.5182527512861435,NONZERO,NONZERO,1.0842021724855044e-19,6.609997136825862e-17,0.0,0.0,1.7356618216464044e-18,1e-09,True
2001,0.15,20dB_nominal_difference,A23_compressed_feedback,REJECTED_PHYSICAL,results/a23/images/scene_2001_t0.15_20dB_nominal_difference.npz,COMPUTED,"a23.offline.old_chart_basis(points, volume)",32,1.758572255777152e-14,"sqrt(volume) * [Re(delta chi), Im(delta chi)]",truth minus frozen declared background,0.04049995129181272,0.027614603031595675,0.029625660398488834,0.46490969963671164,0.5350903003632883,0.04960241085615684,0.020546795523258287,0.04514674247903606,0.7440554368914647,1.5239067035730598,NONZERO,NONZERO,1.0842021724855044e-19,6.609997136825862e-17,0.0,0.0,8.950928354267337e-18,1e-09,True
2001,0.15,20dB_nominal_difference,generic_randomized_linear,OK,results/a23/images/scene_2001_t0.15_20dB_nominal_difference.npz,COMPUTED,"a23.offline.old_chart_basis(points, volume)",32,1.758572255777152e-14,"sqrt(volume) * [Re(delta chi), Im(delta chi)]",truth minus frozen declared background,0.04049995129181272,0.027614603031595675,0.029625660398488834,0.46490969963671164,0.5350903003632883,0.030318550294630545,0.013550585122677702,0.027121875576757368,0.49070360009063285,0.9154859406320887,NONZERO,NONZERO,1.0842021724855044e-19,6.609997136825862e-17,1.0842021724855044e-19,1.1794876842772826e-16,5.0681111433789486e-18,1e-09,True
2001,0.15,20dB_nominal_difference,current_BP_ratio,OK,results/a23/images/scene_2001_t0.15_20dB_nominal_difference.npz,COMPUTED,"a23.offline.old_chart_basis(points, volume)",32,1.758572255777152e-14,"sqrt(volume) * [Re(delta chi), Im(delta chi)]",truth minus frozen declared background,0.04049995129181272,0.027614603031595675,0.029625660398488834,0.46490969963671164,0.5350903003632883,0.03358285593097375,0.019185371016677756,0.027563195595448654,0.694754546886896,0.9303824868273525,NONZERO,NONZERO,1.0842021724855044e-19,6.609997136825862e-17,0.0,0.0,1.9151607441728368e-17,1e-09,True
2001,0.15,zero,homogeneous_born,OK,results/a23/images/scene_2001_t0.15_zero.npz,COMPUTED,"a23.offline.old_chart_basis(points, volume)",32,1.758572255777152e-14,"sqrt(volume) * [Re(delta chi), Im(delta chi)]",truth minus frozen declared background,0.04049995129181272,0.027614603031595675,0.029625660398488834,0.46490969963671164,0.5350903003632883,0.025940700532443458,0.010226910920373498,0.02383967779020215,0.37034430329026347,0.8046969238673303,NONZERO,NONZERO,1.0842021724855044e-19,6.609997136825862e-17,0.0,0.0,7.867140759678855e-18,1e-09,True
2001,0.15,zero,born_BP,OK,results/a23/images/scene_2001_t0.15_zero.npz,COMPUTED,"a23.offline.old_chart_basis(points, volume)",32,1.758572255777152e-14,"sqrt(volume) * [Re(delta chi), Im(delta chi)]",truth minus frozen declared background,0.04049995129181272,0.027614603031595675,0.029625660398488834,0.46490969963671164,0.5350903003632883,0.03306175635038281,0.01882582998304563,0.027178444738828203,0.6817345866426457,0.9173954056468743,NONZERO,NONZERO,1.0842021724855044e-19,6.609997136825862e-17,0.0,0.0,2.1309887418878956e-17,1e-09,True
2001,0.15,zero,dressed_linear_chi,OK,results/a23/images/scene_2001_t0.15_zero.npz,COMPUTED,"a23.offline.old_chart_basis(points, volume)",32,1.758572255777152e-14,"sqrt(volume) * [Re(delta chi), Im(delta chi)]",truth minus frozen declared background,0.04049995129181272,0.027614603031595675,0.029625660398488834,0.46490969963671164,0.5350903003632883,0.025056962614049844,0.009398079101926521,0.023227730940318377,0.3403300453449779,0.7840409505775335,NONZERO,NONZERO,1.0842021724855044e-19,6.609997136825862e-17,0.0,0.0,0.0,1e-09,True
2001,0.15,zero,linear_a_exact_conversion,OK,results/a23/images/scene_2001_t0.15_zero.npz,COMPUTED,"a23.offline.old_chart_basis(points, volume)",32,1.758572255777152e-14,"sqrt(volume) * [Re(delta chi), Im(delta chi)]",truth minus frozen declared background,0.04049995129181272,0.027614603031595675,0.029625660398488834,0.46490969963671164,0.5350903003632883,0.02498096691292457,0.009359020429235969,0.023161550995340875,0.33891562440813294,0.781807078181532,NONZERO,NONZERO,1.0842021724855044e-19,6.609997136825862e-17,1.0842021724855044e-19,1.7373678668864317e-16,7.804582214528892e-18,1e-09,True
2001,0.15,zero,vanilla_IBS2,OK,results/a23/images/scene_2001_t0.15_zero.npz,COMPUTED,"a23.offline.old_chart_basis(points, volume)",32,1.758572255777152e-14,"sqrt(volume) * [Re(delta chi), Im(delta chi)]",truth minus frozen declared background,0.04049995129181272,0.027614603031595675,0.029625660398488834,0.46490969963671164,0.5350903003632883,0.025037741944726986,0.00940589847910221,0.0232038271733687,0.3406132062930728,0.7832340903547351,NONZERO,NONZERO,1.0842021724855044e-19,6.609997136825862e-17,1.0842021724855044e-19,1.7294975661085192e-16,6.418057374230833e-18,1e-09,True
2001,0.15,zero,A23_compressed_feedback,OK,results/a23/images/scene_2001_t0.15_zero.npz,COMPUTED,"a23.offline.old_chart_basis(points, volume)",32,1.758572255777152e-14,"sqrt(volume) * [Re(delta chi), Im(delta chi)]",truth minus frozen declared background,0.04049995129181272,0.027614603031595675,0.029625660398488834,0.46490969963671164,0.5350903003632883,0.025071069437050182,0.009406310535230082,0.023239618000995874,0.34062812796793446,0.7844421926264062,NONZERO,NONZERO,1.0842021724855044e-19,6.609997136825862e-17,0.0,0.0,1.3475800846552796e-17,1e-09,True
2001,0.15,zero,generic_randomized_linear,OK,results/a23/images/scene_2001_t0.15_zero.npz,COMPUTED,"a23.offline.old_chart_basis(points, volume)",32,1.758572255777152e-14,"sqrt(volume) * [Re(delta chi), Im(delta chi)]",truth minus frozen declared background,0.04049995129181272,0.027614603031595675,0.029625660398488834,0.46490969963671164,0.5350903003632883,0.027537618039663776,0.011089811182500122,0.025205882155459484,0.40159227238615536,0.8508124989087232,NONZERO,NONZERO,1.0842021724855044e-19,6.609997136825862e-17,1.0842021724855044e-19,1.4297415209331787e-16,3.3509566896871376e-18,1e-09,True
2001,0.15,zero,current_BP_ratio,OK,results/a23/images/scene_2001_t0.15_zero.npz,COMPUTED,"a23.offline.old_chart_basis(points, volume)",32,1.758572255777152e-14,"sqrt(volume) * [Re(delta chi), Im(delta chi)]",truth minus frozen declared background,0.04049995129181272,0.027614603031595675,0.029625660398488834,0.46490969963671164,0.5350903003632883,0.033617482681383204,0.01918227366514706,0.02760752648950111,0.6946423833505542,0.9318788549574184,NONZERO,NONZERO,1.0842021724855044e-19,6.609997136825862e-17,1.0842021724855044e-19,9.593562153344854e-17,6.370724867455567e-18,1e-09,True
2001,0.5,20dB_nominal_difference,homogeneous_born,REJECTED_PHYSICAL,results/a23/images/scene_2001_t0.5_20dB_nominal_difference.npz,COMPUTED,"a23.offline.old_chart_basis(points, volume)",32,1.758572255777152e-14,"sqrt(volume) * [Re(delta chi), Im(delta chi)]",truth minus frozen declared background,0.13499983763937573,0.09204867677198558,0.09875220132829611,0.4649096996367117,0.5350903003632883,0.09275161610866425,0.03417096725917993,0.08622764804481843,0.3712271426109152,0.8731719079168624,NONZERO,NONZERO,0.0,0.0,8.673617379884035e-19,1.0082245985956244e-16,2.9537830036981185e-18,1e-09,True
2001,0.5,20dB_nominal_difference,born_BP,OK,results/a23/images/scene_2001_t0.5_20dB_nominal_difference.npz,COMPUTED,"a23.offline.old_chart_basis(points, volume)",32,1.758572255777152e-14,"sqrt(volume) * [Re(delta chi), Im(delta chi)]",truth minus frozen declared background,0.13499983763937573,0.09204867677198558,0.09875220132829611,0.4649096996367117,0.5350903003632883,0.11051567115147809,0.06310022220966258,0.09073078599435175,0.6855092807685718,0.9187722883535768,NONZERO,NONZERO,0.0,0.0,1.734723475976807e-18,1.4203079726947055e-16,2.3024523776105578e-17,1e-09,True
2001,0.5,20dB_nominal_difference,dressed_linear_chi,REJECTED_PHYSICAL,results/a23/images/scene_2001_t0.5_20dB_nominal_difference.npz,COMPUTED,"a23.offline.old_chart_basis(points, volume)",32,1.758572255777152e-14,"sqrt(volume) * [Re(delta chi), Im(delta chi)]",truth minus frozen declared background,0.13499983763937573,0.09204867677198558,0.09875220132829611,0.4649096996367117,0.5350903003632883,0.09015813272146327,0.03098610160091797,0.08466611130433814,0.3366273442221647,0.8573592301286574,NONZERO,NONZERO,0.0,0.0,1.734723475976807e-18,2.1341278781455456e-16,1.2504655536009056e-18,1e-09,True
2001,0.5,20dB_nominal_difference,linear_a_exact_conversion,REJECTED_PHYSICAL,results/a23/images/scene_2001_t0.5_20dB_nominal_difference.npz,COMPUTED,"a23.offline.old_chart_basis(points, volume)",32,1.758572255777152e-14,"sqrt(volume) * [Re(delta chi), Im(delta chi)]",truth minus frozen declared background,0.13499983763937573,0.09204867677198558,0.09875220132829611,0.4649096996367117,0.5350903003632883,0.08944811351537724,0.030379159834299636,0.08413127634371113,0.33003363980507905,0.8519433006259928,NONZERO,NONZERO,0.0,0.0,0.0,0.0,2.9642577475530227e-18,1e-09,True
2001,0.5,20dB_nominal_difference,vanilla_IBS2,REJECTED_PHYSICAL,results/a23/images/scene_2001_t0.5_20dB_nominal_difference.npz,COMPUTED,"a23.offline.old_chart_basis(points, volume)",32,1.758572255777152e-14,"sqrt(volume) * [Re(delta chi), Im(delta chi)]",truth minus frozen declared background,0.13499983763937573,0.09204867677198558,0.09875220132829611,0.4649096996367117,0.5350903003632883,0.08944018804242587,0.030775811794289253,0.08397854872208131,0.33434279419924995,0.8503967262754921,NONZERO,NONZERO,0.0,0.0,1.734723475976807e-18,2.1685270735564508e-16,5.506025772701926e-18,1e-09,True
2001,0.5,20dB_nominal_difference,A23_compressed_feedback,REJECTED_PHYSICAL,results/a23/images/scene_2001_t0.5_20dB_nominal_difference.npz,COMPUTED,"a23.offline.old_chart_basis(points, volume)",32,1.758572255777152e-14,"sqrt(volume) * [Re(delta chi), Im(delta chi)]",truth minus frozen declared background,0.13499983763937573,0.09204867677198558,0.09875220132829611,0.4649096996367117,0.5350903003632883,0.08993308715756507,0.031059911322333003,0.0843993013853729,0.3374291995448422,0.854657417760159,NONZERO,NONZERO,0.0,0.0,1.734723475976807e-18,2.1448219828476027e-16,1.6756421740996896e-18,1e-09,True
2001,0.5,20dB_nominal_difference,generic_randomized_linear,REJECTED_PHYSICAL,results/a23/images/scene_2001_t0.5_20dB_nominal_difference.npz,COMPUTED,"a23.offline.old_chart_basis(points, volume)",32,1.758572255777152e-14,"sqrt(volume) * [Re(delta chi), Im(delta chi)]",truth minus frozen declared background,0.13499983763937573,0.09204867677198558,0.09875220132829611,0.4649096996367117,0.5350903003632883,0.0930716742220964,0.03874344209711658,0.08462435959563545,0.4209016735035554,0.8569364374400785,NONZERO,NONZERO,0.0,0.0,8.673617379884035e-19,1.0013022857429561e-16,3.52020334831508e-18,1e-09,True
2001,0.5,20dB_nominal_difference,current_BP_ratio,OK,results/a23/images/scene_2001_t0.5_20dB_nominal_difference.npz,COMPUTED,"a23.offline.old_chart_basis(points, volume)",32,1.758572255777152e-14,"sqrt(volume) * [Re(delta chi), Im(delta chi)]",truth minus frozen declared background,0.13499983763937573,0.09204867677198558,0.09875220132829611,0.4649096996367117,0.5350903003632883,0.11222572295888811,0.06410658007936379,0.09211383872238321,0.6964421687251696,0.9327775733946018,NONZERO,NONZERO,0.0,0.0,1.734723475976807e-18,1.3773535483985386e-16,6.456344758118149e-18,1e-09,True
2001,0.5,zero,homogeneous_born,REJECTED_PHYSICAL,results/a23/images/scene_2001_t0.5_zero.npz,COMPUTED,"a23.offline.old_chart_basis(points, volume)",32,1.758572255777152e-14,"sqrt(volume) * [Re(delta chi), Im(delta chi)]",truth minus frozen declared background,0.13499983763937573,0.09204867677198558,0.09875220132829611,0.4649096996367117,0.5350903003632883,0.08710196053545696,0.034495394694265366,0.07998011799195567,0.37475166296756385,0.8099071910920375,NONZERO,NONZERO,0.0,0.0,0.0,0.0,2.9028045197053396e-18,1e-09,True
2001,0.5,zero,born_BP,OK,results/a23/images/scene_2001_t0.5_zero.npz,COMPUTED,"a23.offline.old_chart_basis(points, volume)",32,1.758572255777152e-14,"sqrt(volume) * [Re(delta chi), Im(delta chi)]",truth minus frozen declared background,0.13499983763937573,0.09204867677198558,0.09875220132829611,0.4649096996367117,0.5350903003632883,0.11046186767268525,0.063020485747061,0.09072068444374912,0.6846430384129202,0.9186699964505433,NONZERO,NONZERO,0.0,0.0,1.734723475976807e-18,1.4216919094707073e-16,1.3606035852356378e-17,1e-09,True
2001,0.5,zero,dressed_linear_chi,REJECTED_PHYSICAL,results/a23/images/scene_2001_t0.5_zero.npz,COMPUTED,"a23.offline.old_chart_basis(points, volume)",32,1.758572255777152e-14,"sqrt(volume) * [Re(delta chi), Im(delta chi)]",truth minus frozen declared background,0.13499983763937573,0.09204867677198558,0.09875220132829611,0.4649096996367117,0.5350903003632883,0.08365518364065655,0.03116434262890429,0.07763358486158055,0.3385637221717125,0.7861453599752383,NONZERO,NONZERO,0.0,0.0,0.0,0.0,4.3572962709912365e-18,1e-09,True
2001,0.5,zero,linear_a_exact_conversion,REJECTED_PHYSICAL,results/a23/images/scene_2001_t0.5_zero.npz,COMPUTED,"a23.offline.old_chart_basis(points, volume)",32,1.758572255777152e-14,"sqrt(volume) * [Re(delta chi), Im(delta chi)]",truth minus frozen declared background,0.13499983763937573,0.09204867677198558,0.09875220132829611,0.4649096996367117,0.5350903003632883,0.0828032438875728,0.03072834423404492,0.07689048093840292,0.3338271153007698,0.7786204247010643,NONZERO,NONZERO,0.0,0.0,0.0,0.0,4.941577295156494e-19,1e-09,True
2001,0.5,zero,vanilla_IBS2,REJECTED_PHYSICAL,results/a23/images/scene_2001_t0.5_zero.npz,COMPUTED,"a23.offline.old_chart_basis(points, volume)",32,1.758572255777152e-14,"sqrt(volume) * [Re(delta chi), Im(delta chi)]",truth minus frozen declared background,0.13499983763937573,0.09204867677198558,0.09875220132829611,0.4649096996367117,0.5350903003632883,0.08331465324241587,0.031180351438571976,0.07726006166882822,0.33873763895388787,0.782362930948562,NONZERO,NONZERO,0.0,0.0,8.673617379884035e-19,1.2495610458497562e-16,1.2202744588376523e-18,1e-09,True
2001,0.5,zero,A23_compressed_feedback,REJECTED_PHYSICAL,results/a23/images/scene_2001_t0.5_zero.npz,COMPUTED,"a23.offline.old_chart_basis(points, volume)",32,1.758572255777152e-14,"sqrt(volume) * [Re(delta chi), Im(delta chi)]",truth minus frozen declared background,0.13499983763937573,0.09204867677198558,0.09875220132829611,0.4649096996367117,0.5350903003632883,0.0838372832807561,0.0312715059391682,0.07778677898071314,0.3397279247873499,0.7876966582457781,NONZERO,NONZERO,0.0,0.0,1.734723475976807e-18,2.4680608466431585e-16,2.4102156705499595e-18,1e-09,True
2001,0.5,zero,generic_randomized_linear,REJECTED_PHYSICAL,results/a23/images/scene_2001_t0.5_zero.npz,COMPUTED,"a23.offline.old_chart_basis(points, volume)",32,1.758572255777152e-14,"sqrt(volume) * [Re(delta chi), Im(delta chi)]",truth minus frozen declared background,0.13499983763937573,0.09204867677198558,0.09875220132829611,0.4649096996367117,0.5350903003632883,0.0919199815833603,0.03709534859875941,0.08410242640151243,0.40299708697223924,0.8516511558250602,NONZERO,NONZERO,0.0,0.0,8.673617379884035e-19,1.0265506984698529e-16,4.611458215782542e-18,1e-09,True
2001,0.5,zero,current_BP_ratio,OK,results/a23/images/scene_2001_t0.5_zero.npz,COMPUTED,"a23.offline.old_chart_basis(points, volume)",32,1.758572255777152e-14,"sqrt(volume) * [Re(delta chi), Im(delta chi)]",truth minus frozen declared background,0.13499983763937573,0.09204867677198558,0.09875220132829611,0.4649096996367117,0.5350903003632883,0.11222234725032958,0.06409510423303438,0.09211771184593119,0.6963174972281765,0.9328167940245814,NONZERO,NONZERO,0.0,0.0,1.734723475976807e-18,1.3774364127157762e-16,1.2644435819851851e-17,1e-09,True
2001,1.0,20dB_nominal_difference,homogeneous_born,REJECTED_PHYSICAL,results/a23/images/scene_2001_t1.0_20dB_nominal_difference.npz,COMPUTED,"a23.offline.old_chart_basis(points, volume)",32,1.758572255777152e-14,"sqrt(volume) * [Re(delta chi), Im(delta chi)]",truth minus frozen declared background,0.26999967527875146,0.18409735354397117,0.19750440265659222,0.4649096996367117,0.5350903003632883,0.17769504462059282,0.06723554323125465,0.16448377004772408,0.36521732625121966,0.8328106504730314,NONZERO,NONZERO,0.0,0.0,6.938893903907228e-18,2.1975542926553532e-16,5.794332607587357e-18,1e-09,True
2001,1.0,20dB_nominal_difference,born_BP,OK,results/a23/images/scene_2001_t1.0_20dB_nominal_difference.npz,COMPUTED,"a23.offline.old_chart_basis(points, volume)",32,1.758572255777152e-14,"sqrt(volume) * [Re(delta chi), Im(delta chi)]",truth minus frozen declared background,0.26999967527875146,0.18409735354397117,0.19750440265659222,0.4649096996367117,0.5350903003632883,0.22180218244511068,0.1269332568414228,0.18189050674799814,0.6894898508745,0.920944061506606,NONZERO,NONZERO,0.0,0.0,0.0,0.0,1.6804225118550976e-17,1e-09,True
2001,1.0,20dB_nominal_difference,dressed_linear_chi,REJECTED_PHYSICAL,results/a23/images/scene_2001_t1.0_20dB_nominal_difference.npz,COMPUTED,"a23.offline.old_chart_basis(points, volume)",32,1.758572255777152e-14,"sqrt(volume) * [Re(delta chi), Im(delta chi)]",truth minus frozen declared background,0.26999967527875146,0.18409735354397117,0.19750440265659222,0.4649096996367117,0.5350903003632883,0.169884595271465,0.05994146751053154,0.1589584731407337,0.3255965735336585,0.8048350872315506,NONZERO,NONZERO,0.0,0.0,0.0,0.0,9.391658278342781e-19,1e-09,True
2001,1.0,20dB_nominal_difference,linear_a_exact_conversion,REJECTED_PHYSICAL,results/a23/images/scene_2001_t1.0_20dB_nominal_difference.npz,COMPUTED,"a23.offline.old_chart_basis(points, volume)",32,1.758572255777152e-14,"sqrt(volume) * [Re(delta chi), Im(delta chi)]",truth minus frozen declared background,0.26999967527875146,0.18409735354397117,0.19750440265659222,0.4649096996367117,0.5350903003632883,0.16680599617164482,0.05844792878070868,0.1562308547632637,0.3174838076460917,0.79102466913058,NONZERO,NONZERO,0.0,0.0,0.0,0.0,1.4612288042331403e-18,1e-09,True
2001,1.0,20dB_nominal_difference,vanilla_IBS2,REJECTED_PHYSICAL,results/a23/images/scene_2001_t1.0_20dB_nominal_difference.npz,COMPUTED,"a23.offline.old_chart_basis(points, volume)",32,1.758572255777152e-14,"sqrt(volume) * [Re(delta chi), Im(delta chi)]",truth minus frozen declared background,0.26999967527875146,0.18409735354397117,0.19750440265659222,0.4649096996367117,0.5350903003632883,0.1674318631055681,0.059571734205867505,0.1564756762781589,0.3235882160122359,0.7922642441051231,NONZERO,NONZERO,0.0,0.0,0.0,0.0,3.3840915724873958e-18,1e-09,True
2001,1.0,20dB_nominal_difference,A23_compressed_feedback,REJECTED_PHYSICAL,results/a23/images/scene_2001_t1.0_20dB_nominal_difference.npz,COMPUTED,"a23.offline.old_chart_basis(points, volume)",32,1.758572255777152e-14,"sqrt(volume) * [Re(delta chi), Im(delta chi)]",truth minus frozen declared background,0.26999967527875146,0.18409735354397117,0.19750440265659222,0.4649096996367117,0.5350903003632883,0.1705391308670077,0.06078788852753714,0.159337465039576,0.33019425514456463,0.8067539907787351,NONZERO,NONZERO,0.0,0.0,3.469446951953614e-18,1.1929223100650795e-16,0.0,1e-09,True
2001,1.0,20dB_nominal_difference,generic_randomized_linear,REJECTED_PHYSICAL,results/a23/images/scene_2001_t1.0_20dB_nominal_difference.npz,COMPUTED,"a23.offline.old_chart_basis(points, volume)",32,1.758572255777152e-14,"sqrt(volume) * [Re(delta chi), Im(delta chi)]",truth minus frozen declared background,0.26999967527875146,0.18409735354397117,0.19750440265659222,0.4649096996367117,0.5350903003632883,0.18560431563302063,0.0756100104274949,0.16950542264115345,0.41070666672802364,0.8582361727696695,NONZERO,NONZERO,0.0,0.0,0.0,0.0,6.2945418968765505e-18,1e-09,True
2001,1.0,20dB_nominal_difference,current_BP_ratio,OK,results/a23/images/scene_2001_t1.0_20dB_nominal_difference.npz,COMPUTED,"a23.offline.old_chart_basis(points, volume)",32,1.758572255777152e-14,"sqrt(volume) * [Re(delta chi), Im(delta chi)]",truth minus frozen declared background,0.26999967527875146,0.18409735354397117,0.19750440265659222,0.4649096996367117,0.5350903003632883,0.22489777815715303,0.12860166106762524,0.1845010118960643,0.6985524701576391,0.9341615144491874,NONZERO,NONZERO,0.0,0.0,6.938893903907228e-18,1.3718919802595246e-16,5.358953047888768e-18,1e-09,True
2001,1.0,zero,homogeneous_born,REJECTED_PHYSICAL,results/a23/images/scene_2001_t1.0_zero.npz,COMPUTED,"a23.offline.old_chart_basis(points, volume)",32,1.758572255777152e-14,"sqrt(volume) * [Re(delta chi), Im(delta chi)]",truth minus frozen declared background,0.26999967527875146,0.18409735354397117,0.19750440265659222,0.4649096996367117,0.5350903003632883,0.17640513859602333,0.07049380884113138,0.16170774823165474,0.382915927274827,0.8187551571334925,NONZERO,NONZERO,0.0,0.0,3.469446951953614e-18,1.114904806988764e-16,6.0971356632198034e-18,1e-09,True
2001,1.0,zero,born_BP,OK,results/a23/images/scene_2001_t1.0_zero.npz,COMPUTED,"a23.offline.old_chart_basis(points, volume)",32,1.758572255777152e-14,"sqrt(volume) * [Re(delta chi), Im(delta chi)]",truth minus frozen declared background,0.26999967527875146,0.18409735354397117,0.19750440265659222,0.4649096996367117,0.5350903003632883,0.22170101318527033,0.126904233664985,0.18178738879602815,0.6893321996324855,0.9204219569328195,NONZERO,NONZERO,0.0,0.0,0.0,0.0,2.233417677831009e-17,1e-09,True
2001,1.0,zero,dressed_linear_chi,REJECTED_PHYSICAL,results/a23/images/scene_2001_t1.0_zero.npz,COMPUTED,"a23.offline.old_chart_basis(points, volume)",32,1.758572255777152e-14,"sqrt(volume) * [Re(delta chi), Im(delta chi)]",truth minus frozen declared background,0.26999967527875146,0.18409735354397117,0.19750440265659222,0.4649096996367117,0.5350903003632883,0.16830398694655285,0.06233785103406195,0.156333695505993,0.33861350983067073,0.7915453701445625,NONZERO,NONZERO,0.0,0.0,0.0,0.0,4.784444025415235e-18,1e-09,True
2001,1.0,zero,linear_a_exact_conversion,REJECTED_PHYSICAL,results/a23/images/scene_2001_t1.0_zero.npz,COMPUTED,"a23.offline.old_chart_basis(points, volume)",32,1.758572255777152e-14,"sqrt(volume) * [Re(delta chi), Im(delta chi)]",truth minus frozen declared background,0.26999967527875146,0.18409735354397117,0.19750440265659222,0.4649096996367117,0.5350903003632883,0.16498579007490735,0.060715044256169165,0.15340793436981287,0.32979857171965016,0.7767317199330922,NONZERO,NONZERO,0.0,0.0,6.938893903907228e-18,2.549160412828315e-16,4.2320045916095075e-18,1e-09,True
2001,1.0,zero,vanilla_IBS2,REJECTED_PHYSICAL,results/a23/images/scene_2001_t1.0_zero.npz,COMPUTED,"a23.offline.old_chart_basis(points, volume)",32,1.758572255777152e-14,"sqrt(volume) * [Re(delta chi), Im(delta chi)]",truth minus frozen declared background,0.26999967527875146,0.18409735354397117,0.19750440265659222,0.4649096996367117,0.5350903003632883,0.16627922622255845,0.06200663420620977,0.15428531487990055,0.33681437029131245,0.7811740538673551,NONZERO,NONZERO,0.0,0.0,0.0,0.0,2.4508362810284315e-19,1e-09,True
2001,1.0,zero,A23_compressed_feedback,REJECTED_PHYSICAL,results/a23/images/scene_2001_t1.0_zero.npz,COMPUTED,"a23.offline.old_chart_basis(points, volume)",32,1.758572255777152e-14,"sqrt(volume) * [Re(delta chi), Im(delta chi)]",truth minus frozen declared background,0.26999967527875146,0.18409735354397117,0.19750440265659222,0.4649096996367117,0.5350903003632883,0.16912695323522864,0.06284137718401589,0.1570187492761532,0.34134861786052995,0.795013919508251,NONZERO,NONZERO,0.0,0.0,6.938893903907228e-18,2.425853649793613e-16,3.79039632780252e-18,1e-09,True
2001,1.0,zero,generic_randomized_linear,REJECTED_PHYSICAL,results/a23/images/scene_2001_t1.0_zero.npz,COMPUTED,"a23.offline.old_chart_basis(points, volume)",32,1.758572255777152e-14,"sqrt(volume) * [Re(delta chi), Im(delta chi)]",truth minus frozen declared background,0.26999967527875146,0.18409735354397117,0.19750440265659222,0.4649096996367117,0.5350903003632883,0.1845369713784299,0.07485583888854652,0.16867275177044871,0.4066100758513479,0.8540202117100443,NONZERO,NONZERO,0.0,0.0,1.0408340855860843e-17,3.0564319355963444e-16,2.7858103579654185e-18,1e-09,True
2001,1.0,zero,current_BP_ratio,OK,results/a23/images/scene_2001_t1.0_zero.npz,COMPUTED,"a23.offline.old_chart_basis(points, volume)",32,1.758572255777152e-14,"sqrt(volume) * [Re(delta chi), Im(delta chi)]",truth minus frozen declared background,0.26999967527875146,0.18409735354397117,0.19750440265659222,0.4649096996367117,0.5350903003632883,0.22484947078672018,0.12860285635384597,0.18444129106764626,0.6985589628431541,0.9338591372484023,NONZERO,NONZERO,0.0,0.0,6.938893903907228e-18,1.3724815267943536e-16,1.1794763120888976e-17,1e-09,True
2003,1.0,20dB_calibration,dressed_linear_chi,REJECTED_PHYSICAL,results/a23/images/scene_2003_calibration.npz,COMPUTED,"a23.offline.old_chart_basis(points, volume)",32,1.758572255777152e-14,"sqrt(volume) * [Re(delta chi), Im(delta chi)]",truth minus frozen declared background,0.9826591374026863,0.6877226628189782,0.701894948953307,0.4898023657298074,0.5101976342701925,0.6608654332597099,0.27802726973054726,0.5995364527397159,0.404272368444152,0.8541683533038212,NONZERO,NONZERO,1.1102230246251565e-16,1.1497526946457657e-16,5.551115123125783e-17,1.2710251994288945e-16,8.68864882422096e-19,1e-09,True
2003,1.0,20dB_calibration,vanilla_IBS2,REJECTED_PHYSICAL,results/a23/images/scene_2003_calibration.npz,COMPUTED,"a23.offline.old_chart_basis(points, volume)",32,1.758572255777152e-14,"sqrt(volume) * [Re(delta chi), Im(delta chi)]",truth minus frozen declared background,0.9826591374026863,0.6877226628189782,0.701894948953307,0.4898023657298074,0.5101976342701925,0.4973816489534654,0.20998274119820476,0.4508833032111037,0.3053305533621425,0.6423800369036398,NONZERO,NONZERO,1.1102230246251565e-16,1.1497526946457657e-16,0.0,0.0,1.4243414683425747e-18,1e-09,True
2003,1.0,20dB_calibration,A23_compressed_feedback,REJECTED_PHYSICAL,results/a23/images/scene_2003_calibration.npz,COMPUTED,"a23.offline.old_chart_basis(points, volume)",32,1.758572255777152e-14,"sqrt(volume) * [Re(delta chi), Im(delta chi)]",truth minus frozen declared background,0.9826591374026863,0.6877226628189782,0.701894948953307,0.4898023657298074,0.5101976342701925,0.6134334730216668,0.25355687659728265,0.5585781379123734,0.3686905933242797,0.7958144430948633,NONZERO,NONZERO,1.1102230246251565e-16,1.1497526946457657e-16,5.551115123125783e-17,1.4751809436879854e-16,8.64363834192179e-18,1e-09,True
2003,0.15,20dB_nominal_difference,homogeneous_born,REJECTED_PHYSICAL,results/a23/images/scene_2003_t0.15_20dB_nominal_difference.npz,COMPUTED,"a23.offline.old_chart_basis(points, volume)",32,1.758572255777152e-14,"sqrt(volume) * [Re(delta chi), Im(delta chi)]",truth minus frozen declared background,0.14739887061040294,0.10315839942284674,0.10528424234299605,0.4898023657298075,0.5101976342701925,0.17699621849178254,0.05557468357051128,0.16804498179484076,0.5387315417982631,1.5961076230893332,NONZERO,NONZERO,0.0,0.0,6.938893903907228e-18,2.2149415572655642e-16,2.1630288645171525e-18,1e-09,True
2003,0.15,20dB_nominal_difference,born_BP,OK,results/a23/images/scene_2003_t0.15_20dB_nominal_difference.npz,COMPUTED,"a23.offline.old_chart_basis(points, volume)",32,1.758572255777152e-14,"sqrt(volume) * [Re(delta chi), Im(delta chi)]",truth minus frozen declared background,0.14739887061040294,0.10315839942284674,0.10528424234299605,0.4898023657298075,0.5101976342701925,0.10617608366071468,0.05608602474060564,0.09015386054031883,0.5436883962372154,0.8562901582804262,NONZERO,NONZERO,0.0,0.0,1.734723475976807e-18,1.538781128139276e-16,1.5327702643574822e-17,1e-09,True
2003,0.15,20dB_nominal_difference,dressed_linear_chi,REJECTED_PHYSICAL,results/a23/images/scene_2003_t0.15_20dB_nominal_difference.npz,COMPUTED,"a23.offline.old_chart_basis(points, volume)",32,1.758572255777152e-14,"sqrt(volume) * [Re(delta chi), Im(delta chi)]",truth minus frozen declared background,0.14739887061040294,0.10315839942284674,0.10528424234299605,0.4898023657298075,0.5101976342701925,0.1784918013954159,0.058207372683463904,0.16873418423860925,0.5642523828318781,1.6026537351041132,NONZERO,NONZERO,0.0,0.0,0.0,0.0,1.169812977059332e-18,1e-09,True
2003,0.15,20dB_nominal_difference,linear_a_exact_conversion,REJECTED_PHYSICAL,results/a23/images/scene_2003_t0.15_20dB_nominal_difference.npz,COMPUTED,"a23.offline.old_chart_basis(points, volume)",32,1.758572255777152e-14,"sqrt(volume) * [Re(delta chi), Im(delta chi)]",truth minus frozen declared background,0.14739887061040294,0.10315839942284674,0.10528424234299605,0.4898023657298075,0.5101976342701925,0.180975122953676,0.05947475936493233,0.170923222900171,0.5765382140250648,1.6234454377639498,NONZERO,NONZERO,0.0,0.0,6.938893903907228e-18,2.1186171641660717e-16,1.4482734520666506e-18,1e-09,True
2003,0.15,20dB_nominal_difference,vanilla_IBS2,REJECTED_PHYSICAL,results/a23/images/scene_2003_t0.15_20dB_nominal_difference.npz,COMPUTED,"a23.offline.old_chart_basis(points, volume)",32,1.758572255777152e-14,"sqrt(volume) * [Re(delta chi), Im(delta chi)]",truth minus frozen declared background,0.14739887061040294,0.10315839942284674,0.10528424234299605,0.4898023657298075,0.5101976342701925,0.1734426539746211,0.058079566950456615,0.16342924499797332,0.5630134557670695,1.5522669049139557,NONZERO,NONZERO,0.0,0.0,0.0,0.0,2.590456537520216e-18,1e-09,True
2003,0.15,20dB_nominal_difference,A23_compressed_feedback,REJECTED_PHYSICAL,results/a23/images/scene_2003_t0.15_20dB_nominal_difference.npz,COMPUTED,"a23.offline.old_chart_basis(points, volume)",32,1.758572255777152e-14,"sqrt(volume) * [Re(delta chi), Im(delta chi)]",truth minus frozen declared background,0.14739887061040294,0.10315839942284674,0.10528424234299605,0.4898023657298075,0.5101976342701925,0.17852346517186776,0.059654548384051743,0.16826158941976596,0.5782810582347976,1.5981649834321996,NONZERO,NONZERO,0.0,0.0,6.938893903907228e-18,2.1772065449417992e-16,1.913560439890253e-18,1e-09,True
2003,0.15,20dB_nominal_difference,generic_randomized_linear,REJECTED_PHYSICAL,results/a23/images/scene_2003_t0.15_20dB_nominal_difference.npz,COMPUTED,"a23.offline.old_chart_basis(points, volume)",32,1.758572255777152e-14,"sqrt(volume) * [Re(delta chi), Im(delta chi)]",truth minus frozen declared background,0.14739887061040294,0.10315839942284674,0.10528424234299605,0.4898023657298075,0.5101976342701925,0.10680644837387485,0.05812469802305748,0.08960545125141421,0.5634509487182336,0.85108131337923,NONZERO,NONZERO,0.0,0.0,1.734723475976807e-18,1.5206711559340955e-16,1.48503042571689e-18,1e-09,True
2003,0.15,20dB_nominal_difference,current_BP_ratio,OK,results/a23/images/scene_2003_t0.15_20dB_nominal_difference.npz,COMPUTED,"a23.offline.old_chart_basis(points, volume)",32,1.758572255777152e-14,"sqrt(volume) * [Re(delta chi), Im(delta chi)]",truth minus frozen declared background,0.14739887061040294,0.10315839942284674,0.10528424234299605,0.4898023657298075,0.5101976342701925,0.1092088047886764,0.057969860815055764,0.0925530025469422,0.5619499831267937,0.8790774429987548,NONZERO,NONZERO,0.0,0.0,0.0,0.0,3.4089939675289655e-18,1e-09,True
2003,0.15,zero,homogeneous_born,REJECTED_PHYSICAL,results/a23/images/scene_2003_t0.15_zero.npz,COMPUTED,"a23.offline.old_chart_basis(points, volume)",32,1.758572255777152e-14,"sqrt(volume) * [Re(delta chi), Im(delta chi)]",truth minus frozen declared background,0.14739887061040294,0.10315839942284674,0.10528424234299605,0.4898023657298075,0.5101976342701925,0.07536384453741996,0.030872826890369343,0.06875010998724068,0.2992759393621598,0.6529952484557555,NONZERO,NONZERO,0.0,0.0,8.673617379884035e-19,1.5271235344930806e-16,1.491331576653399e-18,1e-09,True
2003,0.15,zero,born_BP,OK,results/a23/images/scene_2003_t0.15_zero.npz,COMPUTED,"a23.offline.old_chart_basis(points, volume)",32,1.758572255777152e-14,"sqrt(volume) * [Re(delta chi), Im(delta chi)]",truth minus frozen declared background,0.14739887061040294,0.10315839942284674,0.10528424234299605,0.4898023657298075,0.5101976342701925,0.10608485211502189,0.05645419279185035,0.08981603400555303,0.547257354783534,0.8530814489118843,NONZERO,NONZERO,0.0,0.0,1.734723475976807e-18,1.5414289283251165e-16,6.472797257615236e-18,1e-09,True
2003,0.15,zero,dressed_linear_chi,REJECTED_PHYSICAL,results/a23/images/scene_2003_t0.15_zero.npz,COMPUTED,"a23.offline.old_chart_basis(points, volume)",32,1.758572255777152e-14,"sqrt(volume) * [Re(delta chi), Im(delta chi)]",truth minus frozen declared background,0.14739887061040294,0.10315839942284674,0.10528424234299605,0.4898023657298075,0.5101976342701925,0.06608903278409152,0.025554268590747716,0.060948663735381825,0.247718738694274,0.5788963512395584,NONZERO,NONZERO,0.0,0.0,4.336808689942018e-19,9.929136301920476e-17,9.308565283050447e-18,1e-09,True
2003,0.15,zero,linear_a_exact_conversion,REJECTED_PHYSICAL,results/a23/images/scene_2003_t0.15_zero.npz,COMPUTED,"a23.offline.old_chart_basis(points, volume)",32,1.758572255777152e-14,"sqrt(volume) * [Re(delta chi), Im(delta chi)]",truth minus frozen declared background,0.14739887061040294,0.10315839942284674,0.10528424234299605,0.4898023657298075,0.5101976342701925,0.06464053131048493,0.02529907936258035,0.05948407241865375,0.24524497766662035,0.5649855201015357,NONZERO,NONZERO,0.0,0.0,4.336808689942018e-19,1.0379117525228069e-16,4.15570135287452e-18,1e-09,True
2003,0.15,zero,vanilla_IBS2,REJECTED_PHYSICAL,results/a23/images/scene_2003_t0.15_zero.npz,COMPUTED,"a23.offline.old_chart_basis(points, volume)",32,1.758572255777152e-14,"sqrt(volume) * [Re(delta chi), Im(delta chi)]",truth minus frozen declared background,0.14739887061040294,0.10315839942284674,0.10528424234299605,0.4898023657298075,0.5101976342701925,0.0646232165244326,0.025776691572953717,0.05925978641133054,0.24987486929973526,0.562855229733937,NONZERO,NONZERO,0.0,0.0,4.336808689942018e-19,1.0384680116648697e-16,1.0344114959943038e-17,1e-09,True
2003,0.15,zero,A23_compressed_feedback,REJECTED_PHYSICAL,results/a23/images/scene_2003_t0.15_zero.npz,COMPUTED,"a23.offline.old_chart_basis(points, volume)",32,1.758572255777152e-14,"sqrt(volume) * [Re(delta chi), Im(delta chi)]",truth minus frozen declared background,0.14739887061040294,0.10315839942284674,0.10528424234299605,0.4898023657298075,0.5101976342701925,0.0658102853647535,0.026138751922761126,0.06039668291976505,0.25338462082586477,0.5736535836293919,NONZERO,NONZERO,0.0,0.0,8.673617379884035e-19,2.002685309935093e-16,4.4982189578620245e-18,1e-09,True
2003,0.15,zero,generic_randomized_linear,REJECTED_PHYSICAL,results/a23/images/scene_2003_t0.15_zero.npz,COMPUTED,"a23.offline.old_chart_basis(points, volume)",32,1.758572255777152e-14,"sqrt(volume) * [Re(delta chi), Im(delta chi)]",truth minus frozen declared background,0.14739887061040294,0.10315839942284674,0.10528424234299605,0.4898023657298075,0.5101976342701925,0.07943906512364013,0.03792137285131148,0.06980354252321119,0.3676033465377027,0.6630008534022074,NONZERO,NONZERO,0.0,0.0,8.673617379884035e-19,1.374459701596998e-16,4.832084888426946e-18,1e-09,True
2003,0.15,zero,current_BP_ratio,OK,results/a23/images/scene_2003_t0.15_zero.npz,COMPUTED,"a23.offline.old_chart_basis(points, volume)",32,1.758572255777152e-14,"sqrt(volume) * [Re(delta chi), Im(delta chi)]",truth minus frozen declared background,0.14739887061040294,0.10315839942284674,0.10528424234299605,0.4898023657298075,0.5101976342701925,0.10901454176003658,0.05808839581774804,0.09224916577656078,0.5630990413067911,0.8761915717266648,NONZERO,NONZERO,0.0,0.0,0.0,0.0,4.133894890257318e-18,1e-09,True
2003,0.5,20dB_nominal_difference,homogeneous_born,REJECTED_PHYSICAL,results/a23/images/scene_2003_t0.5_20dB_nominal_difference.npz,COMPUTED,"a23.offline.old_chart_basis(points, volume)",32,1.758572255777152e-14,"sqrt(volume) * [Re(delta chi), Im(delta chi)]",truth minus frozen declared background,0.49132956870134314,0.3438613314094891,0.3509474744766535,0.48980236572980734,0.5101976342701925,0.3152597489546409,0.14836904185825925,0.27816422618483005,0.4314792862869864,0.792609283197263,NONZERO,NONZERO,4.163336342344337e-17,1.7246290419686484e-16,1.3877787807814457e-17,1.3963143202108614e-16,2.181741125329471e-18,1e-09,True
2003,0.5,20dB_nominal_difference,born_BP,REJECTED_PHYSICAL,results/a23/images/scene_2003_t0.5_20dB_nominal_difference.npz,COMPUTED,"a23.offline.old_chart_basis(points, volume)",32,1.758572255777152e-14,"sqrt(volume) * [Re(delta chi), Im(delta chi)]",truth minus frozen declared background,0.49132956870134314,0.3438613314094891,0.3509474744766535,0.48980236572980734,0.5101976342701925,0.3616812483061382,0.1964014336099116,0.3037100628103354,0.571164640132292,0.8654003373674071,NONZERO,NONZERO,4.163336342344337e-17,1.7246290419686484e-16,0.0,0.0,1.761234652436524e-18,1e-09,True
2003,0.5,20dB_nominal_difference,dressed_linear_chi,REJECTED_PHYSICAL,results/a23/images/scene_2003_t0.5_20dB_nominal_difference.npz,COMPUTED,"a23.offline.old_chart_basis(points, volume)",32,1.758572255777152e-14,"sqrt(volume) * [Re(delta chi), Im(delta chi)]",truth minus frozen declared background,0.49132956870134314,0.3438613314094891,0.3509474744766535,0.48980236572980734,0.5101976342701925,0.27535833081446104,0.11706811407003827,0.24923335855581344,0.3404515232642634,0.7101728226637901,NONZERO,NONZERO,4.163336342344337e-17,1.7246290419686484e-16,1.3877787807814457e-17,1.8303064160158714e-16,1.5014232318880194e-17,1e-09,True
2003,0.5,20dB_nominal_difference,linear_a_exact_conversion,REJECTED_PHYSICAL,results/a23/images/scene_2003_t0.5_20dB_nominal_difference.npz,COMPUTED,"a23.offline.old_chart_basis(points, volume)",32,1.758572255777152e-14,"sqrt(volume) * [Re(delta chi), Im(delta chi)]",truth minus frozen declared background,0.49132956870134314,0.3438613314094891,0.3509474744766535,0.48980236572980734,0.5101976342701925,0.27262132835981817,0.12282716055619579,0.24338421745539357,0.35719968876036956,0.6935061089079999,NONZERO,NONZERO,4.163336342344337e-17,1.7246290419686484e-16,6.938893903907228e-18,9.336209488763645e-17,6.564522296786938e-18,1e-09,True
2003,0.5,20dB_nominal_difference,vanilla_IBS2,REJECTED_PHYSICAL,results/a23/images/scene_2003_t0.5_20dB_nominal_difference.npz,COMPUTED,"a23.offline.old_chart_basis(points, volume)",32,1.758572255777152e-14,"sqrt(volume) * [Re(delta chi), Im(delta chi)]",truth minus frozen declared background,0.49132956870134314,0.3438613314094891,0.3509474744766535,0.48980236572980734,0.5101976342701925,0.2478329386994326,0.10987462672995045,0.22214574473833787,0.3195317899793323,0.6329885834614147,NONZERO,NONZERO,4.163336342344337e-17,1.7246290419686484e-16,6.938893903907228e-18,1.1297235809389715e-16,1.765193095217143e-18,1e-09,True
2003,0.5,20dB_nominal_difference,A23_compressed_feedback,REJECTED_PHYSICAL,results/a23/images/scene_2003_t0.5_20dB_nominal_difference.npz,COMPUTED,"a23.offline.old_chart_basis(points, volume)",32,1.758572255777152e-14,"sqrt(volume) * [Re(delta chi), Im(delta chi)]",truth minus frozen declared background,0.49132956870134314,0.3438613314094891,0.3509474744766535,0.48980236572980734,0.5101976342701925,0.27235001914767415,0.11985890101657427,0.24455751220691938,0.3485675476369271,0.6968493292952543,NONZERO,NONZERO,4.163336342344337e-17,1.7246290419686484e-16,0.0,0.0,3.6542264900828925e-18,1e-09,True
2003,0.5,20dB_nominal_difference,generic_randomized_linear,REJECTED_PHYSICAL,results/a23/images/scene_2003_t0.5_20dB_nominal_difference.npz,COMPUTED,"a23.offline.old_chart_basis(points, volume)",32,1.758572255777152e-14,"sqrt(volume) * [Re(delta chi), Im(delta chi)]",truth minus frozen declared background,0.49132956870134314,0.3438613314094891,0.3509474744766535,0.48980236572980734,0.5101976342701925,0.28279821261278515,0.1401381093220615,0.24563415758526738,0.40754250775344464,0.699917154131303,NONZERO,NONZERO,4.163336342344337e-17,1.7246290419686484e-16,0.0,0.0,4.321227648182967e-18,1e-09,True
2003,0.5,20dB_nominal_difference,current_BP_ratio,REJECTED_PHYSICAL,results/a23/images/scene_2003_t0.5_20dB_nominal_difference.npz,COMPUTED,"a23.offline.old_chart_basis(points, volume)",32,1.758572255777152e-14,"sqrt(volume) * [Re(delta chi), Im(delta chi)]",truth minus frozen declared background,0.49132956870134314,0.3438613314094891,0.3509474744766535,0.48980236572980734,0.5101976342701925,0.3654818318028683,0.19597789094004986,0.30849576275966917,0.5699329149245588,0.8790368507985705,NONZERO,NONZERO,4.163336342344337e-17,1.7246290419686484e-16,1.3877787807814457e-17,1.0389356692578308e-16,9.537104776390243e-18,1e-09,True
2003,0.5,zero,homogeneous_born,REJECTED_PHYSICAL,results/a23/images/scene_2003_t0.5_zero.npz,COMPUTED,"a23.offline.old_chart_basis(points, volume)",32,1.758572255777152e-14,"sqrt(volume) * [Re(delta chi), Im(delta chi)]",truth minus frozen declared background,0.49132956870134314,0.3438613314094891,0.3509474744766535,0.48980236572980734,0.5101976342701925,0.2830810412318587,0.12177059637096203,0.2555519472912964,0.3541270426419389,0.7281771942436268,NONZERO,NONZERO,4.163336342344337e-17,1.7246290419686484e-16,0.0,0.0,3.720672105205482e-18,1e-09,True
2003,0.5,zero,born_BP,REJECTED_PHYSICAL,results/a23/images/scene_2003_t0.5_zero.npz,COMPUTED,"a23.offline.old_chart_basis(points, volume)",32,1.758572255777152e-14,"sqrt(volume) * [Re(delta chi), Im(delta chi)]",truth minus frozen declared background,0.49132956870134314,0.3438613314094891,0.3509474744766535,0.48980236572980734,0.5101976342701925,0.3611317405763672,0.19527229551242986,0.30378424030390855,0.5678809382608038,0.8656117008875001,NONZERO,NONZERO,4.163336342344337e-17,1.7246290419686484e-16,1.3877787807814457e-17,1.0641158709942447e-16,5.403713407392649e-18,1e-09,True
2003,0.5,zero,dressed_linear_chi,REJECTED_PHYSICAL,results/a23/images/scene_2003_t0.5_zero.npz,COMPUTED,"a23.offline.old_chart_basis(points, volume)",32,1.758572255777152e-14,"sqrt(volume) * [Re(delta chi), Im(delta chi)]",truth minus frozen declared background,0.49132956870134314,0.3438613314094891,0.3509474744766535,0.48980236572980734,0.5101976342701925,0.2443643695038111,0.09075048239381435,0.22688828755201337,0.26391592803362834,0.6465021236877627,NONZERO,NONZERO,4.163336342344337e-17,1.7246290419686484e-16,6.938893903907228e-18,1.16202235411896e-16,1.815659928310875e-18,1e-09,True
2003,0.5,zero,linear_a_exact_conversion,REJECTED_PHYSICAL,results/a23/images/scene_2003_t0.5_zero.npz,COMPUTED,"a23.offline.old_chart_basis(points, volume)",32,1.758572255777152e-14,"sqrt(volume) * [Re(delta chi), Im(delta chi)]",truth minus frozen declared background,0.49132956870134314,0.3438613314094891,0.3509474744766535,0.48980236572980734,0.5101976342701925,0.23744701810815902,0.09473911064487624,0.21772824190415513,0.27551545344322437,0.6204012216609905,NONZERO,NONZERO,4.163336342344337e-17,1.7246290419686484e-16,0.0,0.0,5.288220153714428e-18,1e-09,True
2003,0.5,zero,vanilla_IBS2,REJECTED_PHYSICAL,results/a23/images/scene_2003_t0.5_zero.npz,COMPUTED,"a23.offline.old_chart_basis(points, volume)",32,1.758572255777152e-14,"sqrt(volume) * [Re(delta chi), Im(delta chi)]",truth minus frozen declared background,0.49132956870134314,0.3438613314094891,0.3509474744766535,0.48980236572980734,0.5101976342701925,0.2139454199689347,0.08463964768279894,0.19649115187665708,0.24614470994996923,0.5598876360904785,NONZERO,NONZERO,4.163336342344337e-17,1.7246290419686484e-16,6.938893903907228e-18,1.5159478436698807e-16,3.108877413776123e-18,1e-09,True
2003,0.5,zero,A23_compressed_feedback,REJECTED_PHYSICAL,results/a23/images/scene_2003_t0.5_zero.npz,COMPUTED,"a23.offline.old_chart_basis(points, volume)",32,1.758572255777152e-14,"sqrt(volume) * [Re(delta chi), Im(delta chi)]",truth minus frozen declared background,0.49132956870134314,0.3438613314094891,0.3509474744766535,0.48980236572980734,0.5101976342701925,0.23630393351059778,0.09127995414749508,0.217962196179549,0.26545571080452157,0.6210678578171355,NONZERO,NONZERO,4.163336342344337e-17,1.7246290419686484e-16,6.938893903907228e-18,1.242648629706724e-16,2.791105320630337e-18,1e-09,True
2003,0.5,zero,generic_randomized_linear,REJECTED_PHYSICAL,results/a23/images/scene_2003_t0.5_zero.npz,COMPUTED,"a23.offline.old_chart_basis(points, volume)",32,1.758572255777152e-14,"sqrt(volume) * [Re(delta chi), Im(delta chi)]",truth minus frozen declared background,0.49132956870134314,0.3438613314094891,0.3509474744766535,0.48980236572980734,0.5101976342701925,0.2755720798407841,0.13276294328699864,0.24148286083602008,0.38609442574657277,0.68808832773659,NONZERO,NONZERO,4.163336342344337e-17,1.7246290419686484e-16,6.938893903907228e-18,9.13734071184929e-17,1.302784906181637e-17,1e-09,True
2003,0.5,zero,current_BP_ratio,REJECTED_PHYSICAL,results/a23/images/scene_2003_t0.5_zero.npz,COMPUTED,"a23.offline.old_chart_basis(points, volume)",32,1.758572255777152e-14,"sqrt(volume) * [Re(delta chi), Im(delta chi)]",truth minus frozen declared background,0.49132956870134314,0.3438613314094891,0.3509474744766535,0.48980236572980734,0.5101976342701925,0.3653863018239362,0.19557578754903376,0.3086377502593418,0.5687635383349671,0.8794414341336818,NONZERO,NONZERO,4.163336342344337e-17,1.7246290419686484e-16,1.3877787807814457e-17,1.0394789982028684e-16,2.9235346824455674e-17,1e-09,True
2003,1.0,20dB_nominal_difference,homogeneous_born,REJECTED_PHYSICAL,results/a23/images/scene_2003_t1.0_20dB_nominal_difference.npz,COMPUTED,"a23.offline.old_chart_basis(points, volume)",32,1.758572255777152e-14,"sqrt(volume) * [Re(delta chi), Im(delta chi)]",truth minus frozen declared background,0.9826591374026863,0.6877226628189782,0.701894948953307,0.4898023657298074,0.5101976342701925,0.6962482905429043,0.3125945922119485,0.6221304549720758,0.4545358312471802,0.8863583587541425,NONZERO,NONZERO,1.1102230246251565e-16,1.1497526946457657e-16,0.0,0.0,1.7892539159855786e-18,1e-09,True
2003,1.0,20dB_nominal_difference,born_BP,REJECTED_PHYSICAL,results/a23/images/scene_2003_t1.0_20dB_nominal_difference.npz,COMPUTED,"a23.offline.old_chart_basis(points, volume)",32,1.758572255777152e-14,"sqrt(volume) * [Re(delta chi), Im(delta chi)]",truth minus frozen declared background,0.9826591374026863,0.6877226628189782,0.701894948953307,0.4898023657298074,0.5101976342701925,0.7484173069483668,0.417883192270053,0.620888156561257,0.6076333017108204,0.8845884380378425,NONZERO,NONZERO,1.1102230246251565e-16,1.1497526946457657e-16,0.0,0.0,4.451951920000499e-18,1e-09,True
2003,1.0,20dB_nominal_difference,dressed_linear_chi,REJECTED_PHYSICAL,results/a23/images/scene_2003_t1.0_20dB_nominal_difference.npz,COMPUTED,"a23.offline.old_chart_basis(points, volume)",32,1.758572255777152e-14,"sqrt(volume) * [Re(delta chi), Im(delta chi)]",truth minus frozen declared background,0.9826591374026863,0.6877226628189782,0.701894948953307,0.4898023657298074,0.5101976342701925,0.625124780977827,0.2384360246898799,0.5778661211064922,0.34670374786331687,0.8232943148661044,NONZERO,NONZERO,1.1102230246251565e-16,1.1497526946457657e-16,5.551115123125783e-17,1.420518203217079e-16,2.7744496156583576e-18,1e-09,True
2003,1.0,20dB_nominal_difference,linear_a_exact_conversion,REJECTED_PHYSICAL,results/a23/images/scene_2003_t1.0_20dB_nominal_difference.npz,COMPUTED,"a23.offline.old_chart_basis(points, volume)",32,1.758572255777152e-14,"sqrt(volume) * [Re(delta chi), Im(delta chi)]",truth minus frozen declared background,0.9826591374026863,0.6877226628189782,0.701894948953307,0.4898023657298074,0.5101976342701925,0.7018288067978751,0.31729749067862756,0.6260079683681155,0.46137419607203833,0.8918827088037076,NONZERO,NONZERO,1.1102230246251565e-16,1.1497526946457657e-16,5.551115123125783e-17,1.1269842693570847e-16,4.622396417284918e-18,1e-09,True
2003,1.0,20dB_nominal_difference,vanilla_IBS2,REJECTED_PHYSICAL,results/a23/images/scene_2003_t1.0_20dB_nominal_difference.npz,COMPUTED,"a23.offline.old_chart_basis(points, volume)",32,1.758572255777152e-14,"sqrt(volume) * [Re(delta chi), Im(delta chi)]",truth minus frozen declared background,0.9826591374026863,0.6877226628189782,0.701894948953307,0.4898023657298074,0.5101976342701925,0.46909151849232805,0.17939952100271322,0.4334312685829614,0.26086027217331154,0.6175158679077417,NONZERO,NONZERO,1.1102230246251565e-16,1.1497526946457657e-16,0.0,0.0,9.854284749603014e-19,1e-09,True
2003,1.0,20dB_nominal_difference,A23_compressed_feedback,REJECTED_PHYSICAL,results/a23/images/scene_2003_t1.0_20dB_nominal_difference.npz,COMPUTED,"a23.offline.old_chart_basis(points, volume)",32,1.758572255777152e-14,"sqrt(volume) * [Re(delta chi), Im(delta chi)]",truth minus frozen declared background,0.9826591374026863,0.6877226628189782,0.701894948953307,0.4898023657298074,0.5101976342701925,0.5763162023343505,0.2124421068708684,0.535731944447365,0.3089066543191514,0.763265137106727,NONZERO,NONZERO,1.1102230246251565e-16,1.1497526946457657e-16,0.0,0.0,1.6321445486562943e-19,1e-09,True
2003,1.0,20dB_nominal_difference,generic_randomized_linear,REJECTED_PHYSICAL,results/a23/images/scene_2003_t1.0_20dB_nominal_difference.npz,COMPUTED,"a23.offline.old_chart_basis(points, volume)",32,1.758572255777152e-14,"sqrt(volume) * [Re(delta chi), Im(delta chi)]",truth minus frozen declared background,0.9826591374026863,0.6877226628189782,0.701894948953307,0.4898023657298074,0.5101976342701925,0.6119081381625568,0.3054383878885731,0.5302253867494431,0.4441301768892998,0.7554198638131473,NONZERO,NONZERO,1.1102230246251565e-16,1.1497526946457657e-16,1.1102230246251565e-16,2.965089257726669e-16,7.238987445621749e-18,1e-09,True
2003,1.0,20dB_nominal_difference,current_BP_ratio,REJECTED_PHYSICAL,results/a23/images/scene_2003_t1.0_20dB_nominal_difference.npz,COMPUTED,"a23.offline.old_chart_basis(points, volume)",32,1.758572255777152e-14,"sqrt(volume) * [Re(delta chi), Im(delta chi)]",truth minus frozen declared background,0.9826591374026863,0.6877226628189782,0.701894948953307,0.4898023657298074,0.5101976342701925,0.7333266772009476,0.3952766993478808,0.6176765710687333,0.5747617763934664,0.880012845212573,NONZERO,NONZERO,1.1102230246251565e-16,1.1497526946457657e-16,5.551115123125783e-17,1.0322508894509927e-16,1.3306359121829203e-17,1e-09,True
2003,1.0,zero,homogeneous_born,REJECTED_PHYSICAL,results/a23/images/scene_2003_t1.0_zero.npz,COMPUTED,"a23.offline.old_chart_basis(points, volume)",32,1.758572255777152e-14,"sqrt(volume) * [Re(delta chi), Im(delta chi)]",truth minus frozen declared background,0.9826591374026863,0.6877226628189782,0.701894948953307,0.4898023657298074,0.5101976342701925,0.6760145348563238,0.3064410171230048,0.602569128284573,0.44558807451088167,0.8584890505098342,NONZERO,NONZERO,1.1102230246251565e-16,1.1497526946457657e-16,5.551115123125783e-17,1.2146975812319292e-16,1.5658211008067836e-17,1e-09,True
2003,1.0,zero,born_BP,REJECTED_PHYSICAL,results/a23/images/scene_2003_t1.0_zero.npz,COMPUTED,"a23.offline.old_chart_basis(points, volume)",32,1.758572255777152e-14,"sqrt(volume) * [Re(delta chi), Im(delta chi)]",truth minus frozen declared background,0.9826591374026863,0.6877226628189782,0.701894948953307,0.4898023657298074,0.5101976342701925,0.7489803851336795,0.41857260161558874,0.6211027245888979,0.6086357542731802,0.8848941362451895,NONZERO,NONZERO,1.1102230246251565e-16,1.1497526946457657e-16,5.551115123125783e-17,9.895536515190109e-17,2.068012513916683e-17,1e-09,True
2003,1.0,zero,dressed_linear_chi,REJECTED_PHYSICAL,results/a23/images/scene_2003_t1.0_zero.npz,COMPUTED,"a23.offline.old_chart_basis(points, volume)",32,1.758572255777152e-14,"sqrt(volume) * [Re(delta chi), Im(delta chi)]",truth minus frozen declared background,0.9826591374026863,0.6877226628189782,0.701894948953307,0.4898023657298074,0.5101976342701925,0.6026068690475409,0.22939001116408744,0.5572389625658097,0.3335501700988256,0.7939065003912426,NONZERO,NONZERO,1.1102230246251565e-16,1.1497526946457657e-16,0.0,0.0,7.61346398937333e-18,1e-09,True
2003,1.0,zero,linear_a_exact_conversion,REJECTED_PHYSICAL,results/a23/images/scene_2003_t1.0_zero.npz,COMPUTED,"a23.offline.old_chart_basis(points, volume)",32,1.758572255777152e-14,"sqrt(volume) * [Re(delta chi), Im(delta chi)]",truth minus frozen declared background,0.9826591374026863,0.6877226628189782,0.701894948953307,0.4898023657298074,0.5101976342701925,0.6677208567800424,0.29848886755486936,0.5972901627558298,0.43402505645424305,0.8509680311085471,NONZERO,NONZERO,1.1102230246251565e-16,1.1497526946457657e-16,0.0,0.0,1.702230740846988e-18,1e-09,True
2003,1.0,zero,vanilla_IBS2,REJECTED_PHYSICAL,results/a23/images/scene_2003_t1.0_zero.npz,COMPUTED,"a23.offline.old_chart_basis(points, volume)",32,1.758572255777152e-14,"sqrt(volume) * [Re(delta chi), Im(delta chi)]",truth minus frozen declared background,0.9826591374026863,0.6877226628189782,0.701894948953307,0.4898023657298074,0.5101976342701925,0.4425447451849036,0.17812623168962963,0.4051134372923511,0.2590088146281081,0.5771710394788736,NONZERO,NONZERO,1.1102230246251565e-16,1.1497526946457657e-16,2.7755575615628914e-17,1.4172153969233718e-16,9.687995877405862e-18,1e-09,True
2003,1.0,zero,A23_compressed_feedback,REJECTED_PHYSICAL,results/a23/images/scene_2003_t1.0_zero.npz,COMPUTED,"a23.offline.old_chart_basis(points, volume)",32,1.758572255777152e-14,"sqrt(volume) * [Re(delta chi), Im(delta chi)]",truth minus frozen declared background,0.9826591374026863,0.6877226628189782,0.701894948953307,0.4898023657298074,0.5101976342701925,0.5554602764846602,0.2112501662761228,0.5137212142794237,0.3071734838724195,0.7319061278977784,NONZERO,NONZERO,1.1102230246251565e-16,1.1497526946457657e-16,5.551115123125783e-17,1.7991783735311313e-16,2.8112162086423927e-18,1e-09,True
2003,1.0,zero,generic_randomized_linear,REJECTED_PHYSICAL,results/a23/images/scene_2003_t1.0_zero.npz,COMPUTED,"a23.offline.old_chart_basis(points, volume)",32,1.758572255777152e-14,"sqrt(volume) * [Re(delta chi), Im(delta chi)]",truth minus frozen declared background,0.9826591374026863,0.6877226628189782,0.701894948953307,0.4898023657298074,0.5101976342701925,0.606748212350856,0.3027164683374688,0.5258385046649302,0.4401723030278407,0.7491698087428625,NONZERO,NONZERO,1.1102230246251565e-16,1.1497526946457657e-16,5.551115123125783e-17,1.5078676477147498e-16,5.00659179905288e-18,1e-09,True
2003,1.0,zero,current_BP_ratio,REJECTED_PHYSICAL,results/a23/images/scene_2003_t1.0_zero.npz,COMPUTED,"a23.offline.old_chart_basis(points, volume)",32,1.758572255777152e-14,"sqrt(volume) * [Re(delta chi), Im(delta chi)]",truth minus frozen declared background,0.9826591374026863,0.6877226628189782,0.701894948953307,0.4898023657298074,0.5101976342701925,0.7337880801387505,0.3958522901426031,0.6178558982016517,0.5755987283013225,0.8802683352017597,NONZERO,NONZERO,1.1102230246251565e-16,1.1497526946457657e-16,0.0,0.0,1.9129013475818383e-17,1e-09,True
2009,1.0,20dB_calibration,dressed_linear_chi,REJECTED_PHYSICAL,results/a23/images/scene_2009_calibration.npz,COMPUTED,"a23.offline.old_chart_basis(points, volume)",32,1.758572255777152e-14,"sqrt(volume) * [Re(delta chi), Im(delta chi)]",truth minus frozen declared background,0.6359136412907712,0.2325465236675224,0.5918684596342654,0.13372832982105165,0.8662716701789483,0.5266744801557918,0.10385089945643092,0.5163341928726624,0.446581173601671,0.8723799764422688,NONZERO,NONZERO,0.0,0.0,0.0,0.0,0.0,1e-09,True
2009,1.0,20dB_calibration,vanilla_IBS2,REJECTED_PHYSICAL,results/a23/images/scene_2009_calibration.npz,COMPUTED,"a23.offline.old_chart_basis(points, volume)",32,1.758572255777152e-14,"sqrt(volume) * [Re(delta chi), Im(delta chi)]",truth minus frozen declared background,0.6359136412907712,0.2325465236675224,0.5918684596342654,0.13372832982105165,0.8662716701789483,0.520090758076882,0.09959568316490736,0.5104655684097618,0.4282828295782301,0.862464556271836,NONZERO,NONZERO,0.0,0.0,0.0,0.0,8.016448295899797e-19,1e-09,True
2009,1.0,20dB_calibration,A23_compressed_feedback,REJECTED_PHYSICAL,results/a23/images/scene_2009_calibration.npz,COMPUTED,"a23.offline.old_chart_basis(points, volume)",32,1.758572255777152e-14,"sqrt(volume) * [Re(delta chi), Im(delta chi)]",truth minus frozen declared background,0.6359136412907712,0.2325465236675224,0.5918684596342654,0.13372832982105165,0.8662716701789483,0.5245366942890213,0.09917738954707393,0.5150753236743943,0.4264840771770484,0.8702530356030055,NONZERO,NONZERO,0.0,0.0,0.0,0.0,7.881130502234332e-19,1e-09,True
2009,0.15,20dB_nominal_difference,homogeneous_born,REJECTED_PHYSICAL,results/a23/images/scene_2009_t0.15_20dB_nominal_difference.npz,COMPUTED,"a23.offline.old_chart_basis(points, volume)",32,1.758572255777152e-14,"sqrt(volume) * [Re(delta chi), Im(delta chi)]",truth minus frozen declared background,0.09538704619361565,0.03488197855012835,0.0887802689451398,0.13372832982105162,0.8662716701789485,0.08619021132751128,0.023810923381240582,0.08283593698639345,0.6826138989513533,0.9330444474952025,NONZERO,NONZERO,1.734723475976807e-18,1.9065642926781328e-16,8.673617379884035e-19,1.1675738754786603e-16,5.4730025413062196e-18,1e-09,True
2009,0.15,20dB_nominal_difference,born_BP,OK,results/a23/images/scene_2009_t0.15_20dB_nominal_difference.npz,COMPUTED,"a23.offline.old_chart_basis(points, volume)",32,1.758572255777152e-14,"sqrt(volume) * [Re(delta chi), Im(delta chi)]",truth minus frozen declared background,0.09538704619361565,0.03488197855012835,0.0887802689451398,0.13372832982105162,0.8662716701789485,0.08854541451337818,0.02427398846878075,0.08515317912540589,0.6958890945333557,0.9591453161515516,NONZERO,NONZERO,1.734723475976807e-18,1.9065642926781328e-16,8.673617379884035e-19,1.1062877652091026e-16,6.9142985325568914e-18,1e-09,True
2009,0.15,20dB_nominal_difference,dressed_linear_chi,REJECTED_PHYSICAL,results/a23/images/scene_2009_t0.15_20dB_nominal_difference.npz,COMPUTED,"a23.offline.old_chart_basis(points, volume)",32,1.758572255777152e-14,"sqrt(volume) * [Re(delta chi), Im(delta chi)]",truth minus frozen declared background,0.09538704619361565,0.03488197855012835,0.0887802689451398,0.13372832982105162,0.8662716701789485,0.08677131277326813,0.023132525912178698,0.08363101676602232,0.6631655334268183,0.942000038518701,NONZERO,NONZERO,1.734723475976807e-18,1.9065642926781328e-16,8.673617379884035e-19,1.1519879178028347e-16,1.799981121566929e-18,1e-09,True
2009,0.15,20dB_nominal_difference,linear_a_exact_conversion,REJECTED_PHYSICAL,results/a23/images/scene_2009_t0.15_20dB_nominal_difference.npz,COMPUTED,"a23.offline.old_chart_basis(points, volume)",32,1.758572255777152e-14,"sqrt(volume) * [Re(delta chi), Im(delta chi)]",truth minus frozen declared background,0.09538704619361565,0.03488197855012835,0.0887802689451398,0.13372832982105162,0.8662716701789485,0.08647251569214834,0.023215639195053473,0.08329783950916096,0.665548233214198,0.9382472085169442,NONZERO,NONZERO,1.734723475976807e-18,1.9065642926781328e-16,0.0,0.0,1.8124419204247717e-18,1e-09,True
2009,0.15,20dB_nominal_difference,vanilla_IBS2,REJECTED_PHYSICAL,results/a23/images/scene_2009_t0.15_20dB_nominal_difference.npz,COMPUTED,"a23.offline.old_chart_basis(points, volume)",32,1.758572255777152e-14,"sqrt(volume) * [Re(delta chi), Im(delta chi)]",truth minus frozen declared background,0.09538704619361565,0.03488197855012835,0.0887802689451398,0.13372832982105162,0.8662716701789485,0.08646417112804003,0.02296841095621258,0.08335769302833138,0.6584606696895084,0.9389213844333001,NONZERO,NONZERO,1.734723475976807e-18,1.9065642926781328e-16,0.0,0.0,3.625583541888832e-18,1e-09,True
2009,0.15,20dB_nominal_difference,A23_compressed_feedback,REJECTED_PHYSICAL,results/a23/images/scene_2009_t0.15_20dB_nominal_difference.npz,COMPUTED,"a23.offline.old_chart_basis(points, volume)",32,1.758572255777152e-14,"sqrt(volume) * [Re(delta chi), Im(delta chi)]",truth minus frozen declared background,0.09538704619361565,0.03488197855012835,0.0887802689451398,0.13372832982105162,0.8662716701789485,0.08674909438825919,0.023014373102254796,0.08364056436857246,0.659778317023537,0.9421075804608868,NONZERO,NONZERO,1.734723475976807e-18,1.9065642926781328e-16,0.0,0.0,1.800903270561322e-18,1e-09,True
2009,0.15,20dB_nominal_difference,generic_randomized_linear,OK,results/a23/images/scene_2009_t0.15_20dB_nominal_difference.npz,COMPUTED,"a23.offline.old_chart_basis(points, volume)",32,1.758572255777152e-14,"sqrt(volume) * [Re(delta chi), Im(delta chi)]",truth minus frozen declared background,0.09538704619361565,0.03488197855012835,0.0887802689451398,0.13372832982105162,0.8662716701789485,0.08280946423350531,0.018463509997732358,0.08072487946849988,0.5293137248851505,0.9092659937579418,NONZERO,NONZERO,1.734723475976807e-18,1.9065642926781328e-16,0.0,0.0,2.4704174681963114e-18,1e-09,True
2009,0.15,20dB_nominal_difference,current_BP_ratio,OK,results/a23/images/scene_2009_t0.15_20dB_nominal_difference.npz,COMPUTED,"a23.offline.old_chart_basis(points, volume)",32,1.758572255777152e-14,"sqrt(volume) * [Re(delta chi), Im(delta chi)]",truth minus frozen declared background,0.09538704619361565,0.03488197855012835,0.0887802689451398,0.13372832982105162,0.8662716701789485,0.08908901175723626,0.024076309814739853,0.0857740247486711,0.6902220233906791,0.9661383747516428,NONZERO,NONZERO,1.734723475976807e-18,1.9065642926781328e-16,0.0,0.0,0.0,1e-09,True
2009,0.15,zero,homogeneous_born,OK,results/a23/images/scene_2009_t0.15_zero.npz,COMPUTED,"a23.offline.old_chart_basis(points, volume)",32,1.758572255777152e-14,"sqrt(volume) * [Re(delta chi), Im(delta chi)]",truth minus frozen declared background,0.09538704619361565,0.03488197855012835,0.0887802689451398,0.13372832982105162,0.8662716701789485,0.07762934744688618,0.013221568277563609,0.07649513525258386,0.37903722286174507,0.8616231529986994,NONZERO,NONZERO,1.734723475976807e-18,1.9065642926781328e-16,8.673617379884035e-19,1.4392902690710573e-16,0.0,1e-09,True
2009,0.15,zero,born_BP,OK,results/a23/images/scene_2009_t0.15_zero.npz,COMPUTED,"a23.offline.old_chart_basis(points, volume)",32,1.758572255777152e-14,"sqrt(volume) * [Re(delta chi), Im(delta chi)]",truth minus frozen declared background,0.09538704619361565,0.03488197855012835,0.0887802689451398,0.13372832982105162,0.8662716701789485,0.08854689692676197,0.024258689191253076,0.08515908027967886,0.6954504933368757,0.9592117853607924,NONZERO,NONZERO,1.734723475976807e-18,1.9065642926781328e-16,1.734723475976807e-18,2.2125014470965523e-16,1.7285167555441815e-18,1e-09,True
2009,0.15,zero,dressed_linear_chi,OK,results/a23/images/scene_2009_t0.15_zero.npz,COMPUTED,"a23.offline.old_chart_basis(points, volume)",32,1.758572255777152e-14,"sqrt(volume) * [Re(delta chi), Im(delta chi)]",truth minus frozen declared background,0.09538704619361565,0.03488197855012835,0.0887802689451398,0.13372832982105162,0.8662716701789485,0.0758676840713236,0.012471257712347241,0.0748356413577006,0.3575272456069254,0.8429310053559758,NONZERO,NONZERO,1.734723475976807e-18,1.9065642926781328e-16,0.0,0.0,5.886357580148483e-19,1e-09,True
2009,0.15,zero,linear_a_exact_conversion,OK,results/a23/images/scene_2009_t0.15_zero.npz,COMPUTED,"a23.offline.old_chart_basis(points, volume)",32,1.758572255777152e-14,"sqrt(volume) * [Re(delta chi), Im(delta chi)]",truth minus frozen declared background,0.09538704619361565,0.03488197855012835,0.0887802689451398,0.13372832982105162,0.8662716701789485,0.07552432274593297,0.012365551876209791,0.07450514380248262,0.35449686027526933,0.8392083588812033,NONZERO,NONZERO,1.734723475976807e-18,1.9065642926781328e-16,0.0,0.0,2.3760009349603118e-18,1e-09,True
2009,0.15,zero,vanilla_IBS2,OK,results/a23/images/scene_2009_t0.15_zero.npz,COMPUTED,"a23.offline.old_chart_basis(points, volume)",32,1.758572255777152e-14,"sqrt(volume) * [Re(delta chi), Im(delta chi)]",truth minus frozen declared background,0.09538704619361565,0.03488197855012835,0.0887802689451398,0.13372832982105162,0.8662716701789485,0.07575265251025255,0.012468983576812871,0.07471940049880113,0.3574620504652249,0.8416216957505802,NONZERO,NONZERO,1.734723475976807e-18,1.9065642926781328e-16,0.0,0.0,0.0,1e-09,True
2009,0.15,zero,A23_compressed_feedback,OK,results/a23/images/scene_2009_t0.15_zero.npz,COMPUTED,"a23.offline.old_chart_basis(points, volume)",32,1.758572255777152e-14,"sqrt(volume) * [Re(delta chi), Im(delta chi)]",truth minus frozen declared background,0.09538704619361565,0.03488197855012835,0.0887802689451398,0.13372832982105162,0.8662716701789485,0.07585232488759136,0.012346017522001616,0.07484083806451622,0.3539368474829874,0.8429895398352848,NONZERO,NONZERO,1.734723475976807e-18,1.9065642926781328e-16,8.673617379884035e-19,1.5075178636187353e-16,1.7666224964282055e-18,1e-09,True
2009,0.15,zero,generic_randomized_linear,REJECTED_PHYSICAL,results/a23/images/scene_2009_t0.15_zero.npz,COMPUTED,"a23.offline.old_chart_basis(points, volume)",32,1.758572255777152e-14,"sqrt(volume) * [Re(delta chi), Im(delta chi)]",truth minus frozen declared background,0.09538704619361565,0.03488197855012835,0.0887802689451398,0.13372832982105162,0.8662716701789485,0.0809279579164369,0.01521832052057831,0.07948419398256189,0.4362803130191798,0.8952912052077444,NONZERO,NONZERO,1.734723475976807e-18,1.9065642926781328e-16,0.0,0.0,1.0346492013695046e-18,1e-09,True
2009,0.15,zero,current_BP_ratio,OK,results/a23/images/scene_2009_t0.15_zero.npz,COMPUTED,"a23.offline.old_chart_basis(points, volume)",32,1.758572255777152e-14,"sqrt(volume) * [Re(delta chi), Im(delta chi)]",truth minus frozen declared background,0.09538704619361565,0.03488197855012835,0.0887802689451398,0.13372832982105162,0.8662716701789485,0.08913908569270723,0.024175173400209516,0.08579823768121118,0.693056254405631,0.9664111035102709,NONZERO,NONZERO,1.734723475976807e-18,1.9065642926781328e-16,8.673617379884035e-19,1.0916009621920859e-16,0.0,1e-09,True
2009,0.5,20dB_nominal_difference,homogeneous_born,REJECTED_PHYSICAL,results/a23/images/scene_2009_t0.5_20dB_nominal_difference.npz,COMPUTED,"a23.offline.old_chart_basis(points, volume)",32,1.758572255777152e-14,"sqrt(volume) * [Re(delta chi), Im(delta chi)]",truth minus frozen declared background,0.3179568206453856,0.1162732618337612,0.2959342298171327,0.13372832982105165,0.8662716701789483,0.26595367747294907,0.04538188074293984,0.2620531309899177,0.39030366936659483,0.8855113893105533,NONZERO,NONZERO,0.0,0.0,0.0,0.0,1.532845112178301e-18,1e-09,True
2009,0.5,20dB_nominal_difference,born_BP,OK,results/a23/images/scene_2009_t0.5_20dB_nominal_difference.npz,COMPUTED,"a23.offline.old_chart_basis(points, volume)",32,1.758572255777152e-14,"sqrt(volume) * [Re(delta chi), Im(delta chi)]",truth minus frozen declared background,0.3179568206453856,0.1162732618337612,0.2959342298171327,0.13372832982105165,0.8662716701789483,0.2960066485872453,0.0805592078644115,0.2848335479470624,0.6928437939548734,0.9624893616499526,NONZERO,NONZERO,0.0,0.0,1.3877787807814457e-17,1.5838618972023284e-16,2.474784214378638e-18,1e-09,True
2009,0.5,20dB_nominal_difference,dressed_linear_chi,REJECTED_PHYSICAL,results/a23/images/scene_2009_t0.5_20dB_nominal_difference.npz,COMPUTED,"a23.offline.old_chart_basis(points, volume)",32,1.758572255777152e-14,"sqrt(volume) * [Re(delta chi), Im(delta chi)]",truth minus frozen declared background,0.3179568206453856,0.1162732618337612,0.2959342298171327,0.13372832982105165,0.8662716701789483,0.260973932390295,0.04205991835679186,0.257562335474491,0.3617333658096389,0.8703364110114841,NONZERO,NONZERO,0.0,0.0,1.3877787807814457e-17,2.0376330846940876e-16,2.387851271125884e-18,1e-09,True
2009,0.5,20dB_nominal_difference,linear_a_exact_conversion,REJECTED_PHYSICAL,results/a23/images/scene_2009_t0.5_20dB_nominal_difference.npz,COMPUTED,"a23.offline.old_chart_basis(points, volume)",32,1.758572255777152e-14,"sqrt(volume) * [Re(delta chi), Im(delta chi)]",truth minus frozen declared background,0.3179568206453856,0.1162732618337612,0.2959342298171327,0.13372832982105165,0.8662716701789483,0.2575651374778997,0.04060448481730725,0.25434440402086783,0.349216012150416,0.8594626048430946,NONZERO,NONZERO,0.0,0.0,1.3877787807814457e-17,2.091924877465417e-16,3.677211698669678e-18,1e-09,True
2009,0.5,20dB_nominal_difference,vanilla_IBS2,REJECTED_PHYSICAL,results/a23/images/scene_2009_t0.5_20dB_nominal_difference.npz,COMPUTED,"a23.offline.old_chart_basis(points, volume)",32,1.758572255777152e-14,"sqrt(volume) * [Re(delta chi), Im(delta chi)]",truth minus frozen declared background,0.3179568206453856,0.1162732618337612,0.2959342298171327,0.13372832982105165,0.8662716701789483,0.25926771972782325,0.041696644787749405,0.2558928297282074,0.35860905706218293,0.8646949353791613,NONZERO,NONZERO,0.0,0.0,0.0,0.0,1.6129220423104437e-18,1e-09,True
2009,0.5,20dB_nominal_difference,A23_compressed_feedback,REJECTED_PHYSICAL,results/a23/images/scene_2009_t0.5_20dB_nominal_difference.npz,COMPUTED,"a23.offline.old_chart_basis(points, volume)",32,1.758572255777152e-14,"sqrt(volume) * [Re(delta chi), Im(delta chi)]",truth minus frozen declared background,0.3179568206453856,0.1162732618337612,0.2959342298171327,0.13372832982105165,0.8662716701789483,0.2607659021567899,0.04072160878216491,0.2575667026341659,0.3502233285618633,0.8703511682083033,NONZERO,NONZERO,0.0,0.0,0.0,0.0,1.5944417900619588e-18,1e-09,True
2009,0.5,20dB_nominal_difference,generic_randomized_linear,REJECTED_PHYSICAL,results/a23/images/scene_2009_t0.5_20dB_nominal_difference.npz,COMPUTED,"a23.offline.old_chart_basis(points, volume)",32,1.758572255777152e-14,"sqrt(volume) * [Re(delta chi), Im(delta chi)]",truth minus frozen declared background,0.3179568206453856,0.1162732618337612,0.2959342298171327,0.13372832982105165,0.8662716701789483,0.27110685296035153,0.0521475789524451,0.266044274006159,0.448491580351481,0.8989979772551365,NONZERO,NONZERO,0.0,0.0,0.0,0.0,2.950253114134994e-18,1e-09,True
2009,0.5,20dB_nominal_difference,current_BP_ratio,OK,results/a23/images/scene_2009_t0.5_20dB_nominal_difference.npz,COMPUTED,"a23.offline.old_chart_basis(points, volume)",32,1.758572255777152e-14,"sqrt(volume) * [Re(delta chi), Im(delta chi)]",truth minus frozen declared background,0.3179568206453856,0.1162732618337612,0.2959342298171327,0.13372832982105165,0.8662716701789483,0.29799871614101503,0.08115303127409491,0.2867358023280648,0.6979509303705734,0.9689173249922731,NONZERO,NONZERO,0.0,0.0,0.0,0.0,0.0,1e-09,True
2009,0.5,zero,homogeneous_born,REJECTED_PHYSICAL,results/a23/images/scene_2009_t0.5_zero.npz,COMPUTED,"a23.offline.old_chart_basis(points, volume)",32,1.758572255777152e-14,"sqrt(volume) * [Re(delta chi), Im(delta chi)]",truth minus frozen declared background,0.3179568206453856,0.1162732618337612,0.2959342298171327,0.13372832982105165,0.8662716701789483,0.2617344070636408,0.04827712898692286,0.25724350071038843,0.41520404799467897,0.8692590271471722,NONZERO,NONZERO,0.0,0.0,1.3877787807814457e-17,2.0258095172803433e-16,3.1653273707505364e-18,1e-09,True
2009,0.5,zero,born_BP,OK,results/a23/images/scene_2009_t0.5_zero.npz,COMPUTED,"a23.offline.old_chart_basis(points, volume)",32,1.758572255777152e-14,"sqrt(volume) * [Re(delta chi), Im(delta chi)]",truth minus frozen declared background,0.3179568206453856,0.1162732618337612,0.2959342298171327,0.13372832982105165,0.8662716701789483,0.2959919541005415,0.08054319940100475,0.28482280442848507,0.6927061142927201,0.9624530579125175,NONZERO,NONZERO,0.0,0.0,1.3877787807814457e-17,1.5840191623913654e-16,1.2375149706182542e-18,1e-09,True
2009,0.5,zero,dressed_linear_chi,REJECTED_PHYSICAL,results/a23/images/scene_2009_t0.5_zero.npz,COMPUTED,"a23.offline.old_chart_basis(points, volume)",32,1.758572255777152e-14,"sqrt(volume) * [Re(delta chi), Im(delta chi)]",truth minus frozen declared background,0.3179568206453856,0.1162732618337612,0.2959342298171327,0.13372832982105165,0.8662716701789483,0.2550630162251243,0.04406651951911114,0.2512275544269175,0.3789909977937503,0.8489303673392535,NONZERO,NONZERO,0.0,0.0,0.0,0.0,2.499807404054546e-18,1e-09,True
2009,0.5,zero,linear_a_exact_conversion,REJECTED_PHYSICAL,results/a23/images/scene_2009_t0.5_zero.npz,COMPUTED,"a23.offline.old_chart_basis(points, volume)",32,1.758572255777152e-14,"sqrt(volume) * [Re(delta chi), Im(delta chi)]",truth minus frozen declared background,0.3179568206453856,0.1162732618337612,0.2959342298171327,0.13372832982105165,0.8662716701789483,0.25143330192237284,0.042406192772927474,0.24783143491109516,0.3647114745396639,0.8374544406851421,NONZERO,NONZERO,0.0,0.0,1.3877787807814457e-17,2.1952027866652265e-16,1.7150021770822082e-18,1e-09,True
2009,0.5,zero,vanilla_IBS2,REJECTED_PHYSICAL,results/a23/images/scene_2009_t0.5_zero.npz,COMPUTED,"a23.offline.old_chart_basis(points, volume)",32,1.758572255777152e-14,"sqrt(volume) * [Re(delta chi), Im(delta chi)]",truth minus frozen declared background,0.3179568206453856,0.1162732618337612,0.2959342298171327,0.13372832982105165,0.8662716701789483,0.2535914633910415,0.04354592025699724,0.24982470481075558,0.37451362050250153,0.8441899572250575,NONZERO,NONZERO,0.0,0.0,0.0,0.0,3.3718714497466512e-18,1e-09,True
2009,0.5,zero,A23_compressed_feedback,REJECTED_PHYSICAL,results/a23/images/scene_2009_t0.5_zero.npz,COMPUTED,"a23.offline.old_chart_basis(points, volume)",32,1.758572255777152e-14,"sqrt(volume) * [Re(delta chi), Im(delta chi)]",truth minus frozen declared background,0.3179568206453856,0.1162732618337612,0.2959342298171327,0.13372832982105165,0.8662716701789483,0.2547484313944513,0.042538368271096555,0.2511717550258509,0.3658482406033704,0.848741813953249,NONZERO,NONZERO,0.0,0.0,1.3877787807814457e-17,2.1384406713942198e-16,3.3413135490534685e-18,1e-09,True
2009,0.5,zero,generic_randomized_linear,REJECTED_PHYSICAL,results/a23/images/scene_2009_t0.5_zero.npz,COMPUTED,"a23.offline.old_chart_basis(points, volume)",32,1.758572255777152e-14,"sqrt(volume) * [Re(delta chi), Im(delta chi)]",truth minus frozen declared background,0.3179568206453856,0.1162732618337612,0.2959342298171327,0.13372832982105165,0.8662716701789483,0.2707413138195246,0.053278404929061905,0.26544730282475504,0.4582171695263471,0.8969807344989578,NONZERO,NONZERO,0.0,0.0,0.0,0.0,2.9582250116782174e-18,1e-09,True
2009,0.5,zero,current_BP_ratio,OK,results/a23/images/scene_2009_t0.5_zero.npz,COMPUTED,"a23.offline.old_chart_basis(points, volume)",32,1.758572255777152e-14,"sqrt(volume) * [Re(delta chi), Im(delta chi)]",truth minus frozen declared background,0.3179568206453856,0.1162732618337612,0.2959342298171327,0.13372832982105165,0.8662716701789483,0.298036593322994,0.08127779778216186,0.2867398307652037,0.6990239759366755,0.968930937601877,NONZERO,NONZERO,0.0,0.0,1.3877787807814457e-17,1.5623598206303107e-16,2.4411872197348605e-18,1e-09,True
2009,1.0,20dB_nominal_difference,homogeneous_born,REJECTED_PHYSICAL,results/a23/images/scene_2009_t1.0_20dB_nominal_difference.npz,COMPUTED,"a23.offline.old_chart_basis(points, volume)",32,1.758572255777152e-14,"sqrt(volume) * [Re(delta chi), Im(delta chi)]",truth minus frozen declared background,0.6359136412907712,0.2325465236675224,0.5918684596342654,0.13372832982105165,0.8662716701789483,0.5323983437943535,0.10875352538185074,0.5211723968055001,0.4676635181067612,0.8805544345572145,NONZERO,NONZERO,0.0,0.0,0.0,0.0,7.650095862161039e-19,1e-09,True
2009,1.0,20dB_nominal_difference,born_BP,REJECTED_PHYSICAL,results/a23/images/scene_2009_t1.0_20dB_nominal_difference.npz,COMPUTED,"a23.offline.old_chart_basis(points, volume)",32,1.758572255777152e-14,"sqrt(volume) * [Re(delta chi), Im(delta chi)]",truth minus frozen declared background,0.6359136412907712,0.2325465236675224,0.5918684596342654,0.13372832982105165,0.8662716701789483,0.5943928946335301,0.1623114885765208,0.5718023206204227,0.697974263457843,0.9660969617704546,NONZERO,NONZERO,0.0,0.0,5.551115123125783e-17,1.5712055904072046e-16,1.2275043675056286e-18,1e-09,True
2009,1.0,20dB_nominal_difference,dressed_linear_chi,REJECTED_PHYSICAL,results/a23/images/scene_2009_t1.0_20dB_nominal_difference.npz,COMPUTED,"a23.offline.old_chart_basis(points, volume)",32,1.758572255777152e-14,"sqrt(volume) * [Re(delta chi), Im(delta chi)]",truth minus frozen declared background,0.6359136412907712,0.2325465236675224,0.5918684596342654,0.13372832982105165,0.8662716701789483,0.5173351918131084,0.09841797429776326,0.5078873920697682,0.423218428491642,0.8581085607832662,NONZERO,NONZERO,0.0,0.0,0.0,0.0,8.102074347309814e-19,1e-09,True
2009,1.0,20dB_nominal_difference,linear_a_exact_conversion,REJECTED_PHYSICAL,results/a23/images/scene_2009_t1.0_20dB_nominal_difference.npz,COMPUTED,"a23.offline.old_chart_basis(points, volume)",32,1.758572255777152e-14,"sqrt(volume) * [Re(delta chi), Im(delta chi)]",truth minus frozen declared background,0.6359136412907712,0.2325465236675224,0.5918684596342654,0.13372832982105165,0.8662716701789483,0.5042007266923965,0.0919141229750462,0.49575212233017096,0.39525047085398757,0.8376052385635014,NONZERO,NONZERO,0.0,0.0,0.0,0.0,8.529691702107369e-19,1e-09,True
2009,1.0,20dB_nominal_difference,vanilla_IBS2,REJECTED_PHYSICAL,results/a23/images/scene_2009_t1.0_20dB_nominal_difference.npz,COMPUTED,"a23.offline.old_chart_basis(points, volume)",32,1.758572255777152e-14,"sqrt(volume) * [Re(delta chi), Im(delta chi)]",truth minus frozen declared background,0.6359136412907712,0.2325465236675224,0.5918684596342654,0.13372832982105165,0.8662716701789483,0.5108955388022751,0.09460168238802104,0.502060527483911,0.4068075535856018,0.84826369662298,NONZERO,NONZERO,0.0,0.0,0.0,0.0,1.6615217996290406e-18,1e-09,True
2009,1.0,20dB_nominal_difference,A23_compressed_feedback,REJECTED_PHYSICAL,results/a23/images/scene_2009_t1.0_20dB_nominal_difference.npz,COMPUTED,"a23.offline.old_chart_basis(points, volume)",32,1.758572255777152e-14,"sqrt(volume) * [Re(delta chi), Im(delta chi)]",truth minus frozen declared background,0.6359136412907712,0.2325465236675224,0.5918684596342654,0.13372832982105165,0.8662716701789483,0.5154030266965819,0.09194636142904078,0.5071352349698823,0.39538910313060105,0.8568377427701716,NONZERO,NONZERO,0.0,0.0,5.551115123125783e-17,2.0897113662997291e-16,0.0,1e-09,True
2009,1.0,20dB_nominal_difference,generic_randomized_linear,REJECTED_PHYSICAL,results/a23/images/scene_2009_t1.0_20dB_nominal_difference.npz,COMPUTED,"a23.offline.old_chart_basis(points, volume)",32,1.758572255777152e-14,"sqrt(volume) * [Re(delta chi), Im(delta chi)]",truth minus frozen declared background,0.6359136412907712,0.2325465236675224,0.5918684596342654,0.13372832982105165,0.8662716701789483,0.5456918552810698,0.11558445888768577,0.5333102603398296,0.4970379993851887,0.9010621391607508,NONZERO,NONZERO,0.0,0.0,0.0,0.0,2.1845730919152473e-18,1e-09,True
2009,1.0,20dB_nominal_difference,current_BP_ratio,REJECTED_PHYSICAL,results/a23/images/scene_2009_t1.0_20dB_nominal_difference.npz,COMPUTED,"a23.offline.old_chart_basis(points, volume)",32,1.758572255777152e-14,"sqrt(volume) * [Re(delta chi), Im(delta chi)]",truth minus frozen declared background,0.6359136412907712,0.2325465236675224,0.5918684596342654,0.13372832982105165,0.8662716701789483,0.5982901586689024,0.165063830912905,0.5750696007305693,0.7098099266747195,0.9716172425979979,NONZERO,NONZERO,0.0,0.0,0.0,0.0,7.26938711037381e-18,1e-09,True
2009,1.0,zero,homogeneous_born,REJECTED_PHYSICAL,results/a23/images/scene_2009_t1.0_zero.npz,COMPUTED,"a23.offline.old_chart_basis(points, volume)",32,1.758572255777152e-14,"sqrt(volume) * [Re(delta chi), Im(delta chi)]",truth minus frozen declared background,0.6359136412907712,0.2325465236675224,0.5918684596342654,0.13372832982105165,0.8662716701789483,0.5318705517496597,0.10802449855043025,0.5207849762919583,0.46452854614535366,0.8798998625704234,NONZERO,NONZERO,0.0,0.0,5.551115123125783e-17,1.9623132829895805e-16,2.2995858785034147e-18,1e-09,True
2009,1.0,zero,born_BP,REJECTED_PHYSICAL,results/a23/images/scene_2009_t1.0_zero.npz,COMPUTED,"a23.offline.old_chart_basis(points, volume)",32,1.758572255777152e-14,"sqrt(volume) * [Re(delta chi), Im(delta chi)]",truth minus frozen declared background,0.6359136412907712,0.2325465236675224,0.5918684596342654,0.13372832982105165,0.8662716701789483,0.5943759770335484,0.16215985970456454,0.5718277555131275,0.6973222267403514,0.9661399356648913,NONZERO,NONZERO,0.0,0.0,0.0,0.0,2.4551484898075673e-18,1e-09,True
2009,1.0,zero,dressed_linear_chi,REJECTED_PHYSICAL,results/a23/images/scene_2009_t1.0_zero.npz,COMPUTED,"a23.offline.old_chart_basis(points, volume)",32,1.758572255777152e-14,"sqrt(volume) * [Re(delta chi), Im(delta chi)]",truth minus frozen declared background,0.6359136412907712,0.2325465236675224,0.5918684596342654,0.13372832982105165,0.8662716701789483,0.517542459322186,0.09744256707881332,0.5082864776111475,0.41902396794427854,0.8587828415882038,NONZERO,NONZERO,0.0,0.0,0.0,0.0,1.6191172286811638e-18,1e-09,True
2009,1.0,zero,linear_a_exact_conversion,REJECTED_PHYSICAL,results/a23/images/scene_2009_t1.0_zero.npz,COMPUTED,"a23.offline.old_chart_basis(points, volume)",32,1.758572255777152e-14,"sqrt(volume) * [Re(delta chi), Im(delta chi)]",truth minus frozen declared background,0.6359136412907712,0.2325465236675224,0.5918684596342654,0.13372832982105165,0.8662716701789483,0.5044943262193116,0.09021203627199521,0.4963630865597657,0.3879311324428725,0.8386375021005249,NONZERO,NONZERO,0.0,0.0,2.7755575615628914e-17,1.0905301218146179e-16,4.259883288338351e-18,1e-09,True
2009,1.0,zero,vanilla_IBS2,REJECTED_PHYSICAL,results/a23/images/scene_2009_t1.0_zero.npz,COMPUTED,"a23.offline.old_chart_basis(points, volume)",32,1.758572255777152e-14,"sqrt(volume) * [Re(delta chi), Im(delta chi)]",truth minus frozen declared background,0.6359136412907712,0.2325465236675224,0.5918684596342654,0.13372832982105165,0.8662716701789483,0.5111722344922939,0.09396325824751539,0.5024618984712725,0.4040621926555093,0.8489418388365549,NONZERO,NONZERO,0.0,0.0,0.0,0.0,1.6597235349224815e-18,1e-09,True
2009,1.0,zero,A23_compressed_feedback,REJECTED_PHYSICAL,results/a23/images/scene_2009_t1.0_zero.npz,COMPUTED,"a23.offline.old_chart_basis(points, volume)",32,1.758572255777152e-14,"sqrt(volume) * [Re(delta chi), Im(delta chi)]",truth minus frozen declared background,0.6359136412907712,0.2325465236675224,0.5918684596342654,0.13372832982105165,0.8662716701789483,0.5157925320535136,0.09138087095996923,0.5076332067002437,0.39295737265296105,0.8576790981799007,NONZERO,NONZERO,0.0,0.0,0.0,0.0,8.150611052444037e-19,1e-09,True
2009,1.0,zero,generic_randomized_linear,REJECTED_PHYSICAL,results/a23/images/scene_2009_t1.0_zero.npz,COMPUTED,"a23.offline.old_chart_basis(points, volume)",32,1.758572255777152e-14,"sqrt(volume) * [Re(delta chi), Im(delta chi)]",truth minus frozen declared background,0.6359136412907712,0.2325465236675224,0.5918684596342654,0.13372832982105165,0.8662716701789483,0.5454966351267385,0.11489743560117219,0.5332589973238787,0.4940836516887431,0.900975526983473,NONZERO,NONZERO,0.0,0.0,0.0,0.0,2.9148493123586036e-18,1e-09,True
2009,1.0,zero,current_BP_ratio,REJECTED_PHYSICAL,results/a23/images/scene_2009_t1.0_zero.npz,COMPUTED,"a23.offline.old_chart_basis(points, volume)",32,1.758572255777152e-14,"sqrt(volume) * [Re(delta chi), Im(delta chi)]",truth minus frozen declared background,0.6359136412907712,0.2325465236675224,0.5918684596342654,0.13372832982105165,0.8662716701789483,0.598286108676267,0.16498632611240993,0.5750876281323738,0.7094766393854807,0.9716477010580002,NONZERO,NONZERO,0.0,0.0,0.0,0.0,6.05790460698594e-18,1e-09,True
2014,1.0,20dB_calibration,dressed_linear_chi,REJECTED_PHYSICAL,results/a23/images/scene_2014_calibration.npz,COMPUTED,"a23.offline.old_chart_basis(points, volume)",32,1.758572255777152e-14,"sqrt(volume) * [Re(delta chi), Im(delta chi)]",truth minus frozen declared background,0.3819534926938812,0.0917112257360423,0.3707796133217782,0.05765328056773504,0.9423467194322647,0.37316980154104074,0.062975489288554,0.36781760225830273,0.6866715473829369,0.9920113971829813,NONZERO,NONZERO,5.551115123125783e-17,3.8050403167682925e-16,2.7755575615628914e-17,1.9931374772974992e-16,1.3624963223713374e-18,1e-09,True
2014,1.0,20dB_calibration,vanilla_IBS2,REJECTED_PHYSICAL,results/a23/images/scene_2014_calibration.npz,COMPUTED,"a23.offline.old_chart_basis(points, volume)",32,1.758572255777152e-14,"sqrt(volume) * [Re(delta chi), Im(delta chi)]",truth minus frozen declared background,0.3819534926938812,0.0917112257360423,0.3707796133217782,0.05765328056773504,0.9423467194322647,0.3725920432733183,0.06264931318322917,0.3672872095081123,0.6831149914356464,0.9905809173746695,NONZERO,NONZERO,5.551115123125783e-17,3.8050403167682925e-16,0.0,0.0,5.8573932718084e-19,1e-09,True
2014,1.0,20dB_calibration,A23_compressed_feedback,REJECTED_PHYSICAL,results/a23/images/scene_2014_calibration.npz,COMPUTED,"a23.offline.old_chart_basis(points, volume)",32,1.758572255777152e-14,"sqrt(volume) * [Re(delta chi), Im(delta chi)]",truth minus frozen declared background,0.3819534926938812,0.0917112257360423,0.3707796133217782,0.05765328056773504,0.9423467194322647,0.3727046313796393,0.06244083845111193,0.3674369115172766,0.6808418266137384,0.9909846666742147,NONZERO,NONZERO,5.551115123125783e-17,3.8050403167682925e-16,0.0,0.0,3.902569971153847e-19,1e-09,True
2014,0.15,20dB_nominal_difference,homogeneous_born,OK,results/a23/images/scene_2014_t0.15_20dB_nominal_difference.npz,COMPUTED,"a23.offline.old_chart_basis(points, volume)",32,1.758572255777152e-14,"sqrt(volume) * [Re(delta chi), Im(delta chi)]",truth minus frozen declared background,0.05729302390408217,0.013756683860406346,0.055616941998266736,0.05765328056773505,0.942346719432265,0.055847530417499444,0.009536709741619298,0.055027246169853244,0.6932419061447853,0.9893971907259506,NONZERO,NONZERO,0.0,0.0,0.0,0.0,6.789415155917802e-19,1e-09,True
2014,0.15,20dB_nominal_difference,born_BP,OK,results/a23/images/scene_2014_t0.15_20dB_nominal_difference.npz,COMPUTED,"a23.offline.old_chart_basis(points, volume)",32,1.758572255777152e-14,"sqrt(volume) * [Re(delta chi), Im(delta chi)]",truth minus frozen declared background,0.05729302390408217,0.013756683860406346,0.055616941998266736,0.05765328056773505,0.942346719432265,0.0562298317951768,0.01079396303716846,0.05518409504255838,0.7846340838168848,0.9922173542780931,NONZERO,NONZERO,0.0,0.0,4.336808689942018e-19,1.3716291169761663e-16,2.411066807184667e-18,1e-09,True
2014,0.15,20dB_nominal_difference,dressed_linear_chi,OK,results/a23/images/scene_2014_t0.15_20dB_nominal_difference.npz,COMPUTED,"a23.offline.old_chart_basis(points, volume)",32,1.758572255777152e-14,"sqrt(volume) * [Re(delta chi), Im(delta chi)]",truth minus frozen declared background,0.05729302390408217,0.013756683860406346,0.055616941998266736,0.05765328056773505,0.942346719432265,0.055831696777532934,0.009302461992827358,0.05505127215542239,0.6762139834877751,0.9898291811358133,NONZERO,NONZERO,0.0,0.0,4.336808689942018e-19,1.391261000190085e-16,1.35865332049813e-19,1e-09,True
2014,0.15,20dB_nominal_difference,linear_a_exact_conversion,OK,results/a23/images/scene_2014_t0.15_20dB_nominal_difference.npz,COMPUTED,"a23.offline.old_chart_basis(points, volume)",32,1.758572255777152e-14,"sqrt(volume) * [Re(delta chi), Im(delta chi)]",truth minus frozen declared background,0.05729302390408217,0.013756683860406346,0.055616941998266736,0.05765328056773505,0.942346719432265,0.05582498576059921,0.009294689523664626,0.0550457789646925,0.6756489876470911,0.9897304128372963,NONZERO,NONZERO,0.0,0.0,0.0,0.0,2.717960003885649e-19,1e-09,True
2014,0.15,20dB_nominal_difference,vanilla_IBS2,OK,results/a23/images/scene_2014_t0.15_20dB_nominal_difference.npz,COMPUTED,"a23.offline.old_chart_basis(points, volume)",32,1.758572255777152e-14,"sqrt(volume) * [Re(delta chi), Im(delta chi)]",truth minus frozen declared background,0.05729302390408217,0.013756683860406346,0.055616941998266736,0.05765328056773505,0.942346719432265,0.05582184856625303,0.009292322843140263,0.055042996952678176,0.6754769490549146,0.9896803918919805,NONZERO,NONZERO,0.0,0.0,4.336808689942018e-19,1.3917519420433367e-16,1.2232194803115264e-18,1e-09,True
2014,0.15,20dB_nominal_difference,A23_compressed_feedback,OK,results/a23/images/scene_2014_t0.15_20dB_nominal_difference.npz,COMPUTED,"a23.offline.old_chart_basis(points, volume)",32,1.758572255777152e-14,"sqrt(volume) * [Re(delta chi), Im(delta chi)]",truth minus frozen declared background,0.05729302390408217,0.013756683860406346,0.055616941998266736,0.05765328056773505,0.942346719432265,0.05583395226115741,0.009306058959370707,0.05505295170784143,0.676475453954048,0.9898593797112598,NONZERO,NONZERO,0.0,0.0,0.0,0.0,1.9019609751129604e-18,1e-09,True
2014,0.15,20dB_nominal_difference,generic_randomized_linear,OK,results/a23/images/scene_2014_t0.15_20dB_nominal_difference.npz,COMPUTED,"a23.offline.old_chart_basis(points, volume)",32,1.758572255777152e-14,"sqrt(volume) * [Re(delta chi), Im(delta chi)]",truth minus frozen declared background,0.05729302390408217,0.013756683860406346,0.055616941998266736,0.05765328056773505,0.942346719432265,0.055421302357817594,0.00889142099108951,0.05470341294467696,0.6463346167807388,0.9835746263500383,NONZERO,NONZERO,0.0,0.0,4.336808689942018e-19,1.4119418476435745e-16,1.6546193527073141e-18,1e-09,True
2014,0.15,20dB_nominal_difference,current_BP_ratio,OK,results/a23/images/scene_2014_t0.15_20dB_nominal_difference.npz,COMPUTED,"a23.offline.old_chart_basis(points, volume)",32,1.758572255777152e-14,"sqrt(volume) * [Re(delta chi), Im(delta chi)]",truth minus frozen declared background,0.05729302390408217,0.013756683860406346,0.055616941998266736,0.05765328056773505,0.942346719432265,0.05632101714150682,0.01085370530882956,0.05526530605111122,0.7889768652798687,0.9936775389922288,NONZERO,NONZERO,0.0,0.0,0.0,0.0,5.340591009367986e-19,1e-09,True
2014,0.15,zero,homogeneous_born,OK,results/a23/images/scene_2014_t0.15_zero.npz,COMPUTED,"a23.offline.old_chart_basis(points, volume)",32,1.758572255777152e-14,"sqrt(volume) * [Re(delta chi), Im(delta chi)]",truth minus frozen declared background,0.05729302390408217,0.013756683860406346,0.055616941998266736,0.05765328056773505,0.942346719432265,0.054846301766835144,0.008086930389790747,0.05424682824248274,0.5878546364699171,0.9753651727952484,NONZERO,NONZERO,0.0,0.0,4.336808689942018e-19,1.4417022187150578e-16,5.631649291855695e-19,1e-09,True
2014,0.15,zero,born_BP,OK,results/a23/images/scene_2014_t0.15_zero.npz,COMPUTED,"a23.offline.old_chart_basis(points, volume)",32,1.758572255777152e-14,"sqrt(volume) * [Re(delta chi), Im(delta chi)]",truth minus frozen declared background,0.05729302390408217,0.013756683860406346,0.055616941998266736,0.05765328056773505,0.942346719432265,0.05624453843038726,0.010820591484962271,0.05519386653571998,0.7865697572730767,0.9923930470222556,NONZERO,NONZERO,0.0,0.0,4.336808689942018e-19,1.370911912697491e-16,2.4098060965385583e-18,1e-09,True
2014,0.15,zero,dressed_linear_chi,OK,results/a23/images/scene_2014_t0.15_zero.npz,COMPUTED,"a23.offline.old_chart_basis(points, volume)",32,1.758572255777152e-14,"sqrt(volume) * [Re(delta chi), Im(delta chi)]",truth minus frozen declared background,0.05729302390408217,0.013756683860406346,0.055616941998266736,0.05765328056773505,0.942346719432265,0.05469333385010224,0.00781790631721705,0.0541317015107964,0.5682987554666481,0.9732951788770295,NONZERO,NONZERO,0.0,0.0,4.336808689942018e-19,1.4497778859904352e-16,2.8315974335750688e-18,1e-09,True
2014,0.15,zero,linear_a_exact_conversion,OK,results/a23/images/scene_2014_t0.15_zero.npz,COMPUTED,"a23.offline.old_chart_basis(points, volume)",32,1.758572255777152e-14,"sqrt(volume) * [Re(delta chi), Im(delta chi)]",truth minus frozen declared background,0.05729302390408217,0.013756683860406346,0.055616941998266736,0.05765328056773505,0.942346719432265,0.05468352577243888,0.007805545916021202,0.05412357567509627,0.5674002539584886,0.9731490752724772,NONZERO,NONZERO,0.0,0.0,4.336808689942018e-19,1.4502979990999183e-16,2.832613279492028e-18,1e-09,True
2014,0.15,zero,vanilla_IBS2,OK,results/a23/images/scene_2014_t0.15_zero.npz,COMPUTED,"a23.offline.old_chart_basis(points, volume)",32,1.758572255777152e-14,"sqrt(volume) * [Re(delta chi), Im(delta chi)]",truth minus frozen declared background,0.05729302390408217,0.013756683860406346,0.055616941998266736,0.05765328056773505,0.942346719432265,0.054690903922951374,0.007812511206036873,0.054130025314653656,0.5679065743832618,0.9732650406478763,NONZERO,NONZERO,0.0,0.0,4.336808689942018e-19,1.44990671666083e-16,2.4070716975814563e-18,1e-09,True
2014,0.15,zero,A23_compressed_feedback,OK,results/a23/images/scene_2014_t0.15_zero.npz,COMPUTED,"a23.offline.old_chart_basis(points, volume)",32,1.758572255777152e-14,"sqrt(volume) * [Re(delta chi), Im(delta chi)]",truth minus frozen declared background,0.05729302390408217,0.013756683860406346,0.055616941998266736,0.05765328056773505,0.942346719432265,0.054694597893231396,0.007818181683974038,0.054132938899145736,0.5683187724096688,0.9733174272838078,NONZERO,NONZERO,0.0,0.0,4.336808689942018e-19,1.449710875328694e-16,2.8314665533763557e-19,1e-09,True
2014,0.15,zero,generic_randomized_linear,OK,results/a23/images/scene_2014_t0.15_zero.npz,COMPUTED,"a23.offline.old_chart_basis(points, volume)",32,1.758572255777152e-14,"sqrt(volume) * [Re(delta chi), Im(delta chi)]",truth minus frozen declared background,0.05729302390408217,0.013756683860406346,0.055616941998266736,0.05765328056773505,0.942346719432265,0.05534042104809641,0.009000337001872121,0.05460362749518867,0.6542519326024745,0.9817804707222191,NONZERO,NONZERO,0.0,0.0,4.336808689942018e-19,1.4160720351804027e-16,1.1063062774846896e-18,1e-09,True
2014,0.15,zero,current_BP_ratio,OK,results/a23/images/scene_2014_t0.15_zero.npz,COMPUTED,"a23.offline.old_chart_basis(points, volume)",32,1.758572255777152e-14,"sqrt(volume) * [Re(delta chi), Im(delta chi)]",truth minus frozen declared background,0.05729302390408217,0.013756683860406346,0.055616941998266736,0.05765328056773505,0.942346719432265,0.056335889661422035,0.010893132859845106,0.0552727068311448,0.7918429303443588,0.993810605999649,NONZERO,NONZERO,0.0,0.0,4.336808689942018e-19,1.3664695241995203e-16,8.006657368356565e-19,1e-09,True
2014,0.5,20dB_nominal_difference,homogeneous_born,OK,results/a23/images/scene_2014_t0.5_20dB_nominal_difference.npz,COMPUTED,"a23.offline.old_chart_basis(points, volume)",32,1.758572255777152e-14,"sqrt(volume) * [Re(delta chi), Im(delta chi)]",truth minus frozen declared background,0.1909767463469406,0.04585561286802115,0.1853898066608891,0.05765328056773504,0.9423467194322647,0.18374467939805594,0.029314992480528122,0.1813911200223455,0.6392890781963979,0.9784309250299942,NONZERO,NONZERO,1.3877787807814457e-17,3.8050403167682925e-16,0.0,0.0,3.4120050659154006e-18,1e-09,True
2014,0.5,20dB_nominal_difference,born_BP,OK,results/a23/images/scene_2014_t0.5_20dB_nominal_difference.npz,COMPUTED,"a23.offline.old_chart_basis(points, volume)",32,1.758572255777152e-14,"sqrt(volume) * [Re(delta chi), Im(delta chi)]",truth minus frozen declared background,0.1909767463469406,0.04585561286802115,0.1853898066608891,0.05765328056773504,0.9423467194322647,0.18766280394444515,0.03625757933657675,0.18412690168724152,0.7906901046319263,0.9931878402788473,NONZERO,NONZERO,1.3877787807814457e-17,3.8050403167682925e-16,0.0,0.0,3.84825537079756e-19,1e-09,True
2014,0.5,20dB_nominal_difference,dressed_linear_chi,REJECTED_PHYSICAL,results/a23/images/scene_2014_t0.5_20dB_nominal_difference.npz,COMPUTED,"a23.offline.old_chart_basis(points, volume)",32,1.758572255777152e-14,"sqrt(volume) * [Re(delta chi), Im(delta chi)]",truth minus frozen declared background,0.1909767463469406,0.04585561286802115,0.1853898066608891,0.05765328056773504,0.9423467194322647,0.1831368860773286,0.0280895365010118,0.18096987865735764,0.6125648474453368,0.9761587323319436,NONZERO,NONZERO,1.3877787807814457e-17,3.8050403167682925e-16,6.938893903907228e-18,2.0688956961562077e-16,1.6163247626220373e-18,1e-09,True
2014,0.5,20dB_nominal_difference,linear_a_exact_conversion,REJECTED_PHYSICAL,results/a23/images/scene_2014_t0.5_20dB_nominal_difference.npz,COMPUTED,"a23.offline.old_chart_basis(points, volume)",32,1.758572255777152e-14,"sqrt(volume) * [Re(delta chi), Im(delta chi)]",truth minus frozen declared background,0.1909767463469406,0.04585561286802115,0.1853898066608891,0.05765328056773504,0.9423467194322647,0.18303940256906154,0.027963517829893064,0.1808907531174997,0.6098166850452085,0.9757319260188939,NONZERO,NONZERO,1.3877787807814457e-17,3.8050403167682925e-16,6.938893903907228e-18,2.0710999965888107e-16,8.090234361675042e-19,1e-09,True
2014,0.5,20dB_nominal_difference,vanilla_IBS2,REJECTED_PHYSICAL,results/a23/images/scene_2014_t0.5_20dB_nominal_difference.npz,COMPUTED,"a23.offline.old_chart_basis(points, volume)",32,1.758572255777152e-14,"sqrt(volume) * [Re(delta chi), Im(delta chi)]",truth minus frozen declared background,0.1909767463469406,0.04585561286802115,0.1853898066608891,0.05765328056773504,0.9423467194322647,0.18310146903835262,0.028024804058086744,0.18094407512131655,0.6111531894415202,0.9760195470309508,NONZERO,NONZERO,1.3877787807814457e-17,3.8050403167682925e-16,0.0,0.0,1.0105938184890958e-18,1e-09,True
2014,0.5,20dB_nominal_difference,A23_compressed_feedback,REJECTED_PHYSICAL,results/a23/images/scene_2014_t0.5_20dB_nominal_difference.npz,COMPUTED,"a23.offline.old_chart_basis(points, volume)",32,1.758572255777152e-14,"sqrt(volume) * [Re(delta chi), Im(delta chi)]",truth minus frozen declared background,0.1909767463469406,0.04585561286802115,0.1853898066608891,0.05765328056773504,0.9423467194322647,0.1831307289546259,0.028079165426358736,0.1809652573186683,0.6123386793929565,0.9761338046470155,NONZERO,NONZERO,1.3877787807814457e-17,3.8050403167682925e-16,6.938893903907228e-18,2.0690348170877474e-16,1.0102709067811267e-18,1e-09,True
2014,0.5,20dB_nominal_difference,generic_randomized_linear,OK,results/a23/images/scene_2014_t0.5_20dB_nominal_difference.npz,COMPUTED,"a23.offline.old_chart_basis(points, volume)",32,1.758572255777152e-14,"sqrt(volume) * [Re(delta chi), Im(delta chi)]",truth minus frozen declared background,0.1909767463469406,0.04585561286802115,0.1853898066608891,0.05765328056773504,0.9423467194322647,0.18478750874326433,0.030887252232107913,0.1821878180260473,0.6735762603589168,0.9827283457892655,NONZERO,NONZERO,1.3877787807814457e-17,3.8050403167682925e-16,0.0,0.0,1.1906834577304504e-18,1e-09,True
2014,0.5,20dB_nominal_difference,current_BP_ratio,OK,results/a23/images/scene_2014_t0.5_20dB_nominal_difference.npz,COMPUTED,"a23.offline.old_chart_basis(points, volume)",32,1.758572255777152e-14,"sqrt(volume) * [Re(delta chi), Im(delta chi)]",truth minus frozen declared background,0.1909767463469406,0.04585561286802115,0.1853898066608891,0.05765328056773504,0.9423467194322647,0.18799989268991107,0.03680134177987772,0.1843627426966162,0.8025482482547363,0.994459976075429,NONZERO,NONZERO,1.3877787807814457e-17,3.8050403167682925e-16,6.938893903907228e-18,1.9632474607662766e-16,1.1503403090427403e-18,1e-09,True
2014,0.5,zero,homogeneous_born,OK,results/a23/images/scene_2014_t0.5_zero.npz,COMPUTED,"a23.offline.old_chart_basis(points, volume)",32,1.758572255777152e-14,"sqrt(volume) * [Re(delta chi), Im(delta chi)]",truth minus frozen declared background,0.1909767463469406,0.04585561286802115,0.1853898066608891,0.05765328056773504,0.9423467194322647,0.1833819558028549,0.028444412484361834,0.18116251574898082,0.6203038342596973,0.9771978244756425,NONZERO,NONZERO,1.3877787807814457e-17,3.8050403167682925e-16,0.0,0.0,3.82851797946253e-18,1e-09,True
2014,0.5,zero,born_BP,OK,results/a23/images/scene_2014_t0.5_zero.npz,COMPUTED,"a23.offline.old_chart_basis(points, volume)",32,1.758572255777152e-14,"sqrt(volume) * [Re(delta chi), Im(delta chi)]",truth minus frozen declared background,0.1909767463469406,0.04585561286802115,0.1853898066608891,0.05765328056773504,0.9423467194322647,0.18765642082661346,0.03624482814850955,0.18412290653240312,0.7904120320630589,0.993166290254548,NONZERO,NONZERO,1.3877787807814457e-17,3.8050403167682925e-16,0.0,0.0,3.0788137371475834e-18,1e-09,True
2014,0.5,zero,dressed_linear_chi,OK,results/a23/images/scene_2014_t0.5_zero.npz,COMPUTED,"a23.offline.old_chart_basis(points, volume)",32,1.758572255777152e-14,"sqrt(volume) * [Re(delta chi), Im(delta chi)]",truth minus frozen declared background,0.1909767463469406,0.04585561286802115,0.1853898066608891,0.05765328056773504,0.9423467194322647,0.18280723443136554,0.027472897095320425,0.18073108444767924,0.5991174335493291,0.9748706668553169,NONZERO,NONZERO,1.3877787807814457e-17,3.8050403167682925e-16,0.0,0.0,1.0138496083911526e-18,1e-09,True
2014,0.5,zero,linear_a_exact_conversion,OK,results/a23/images/scene_2014_t0.5_zero.npz,COMPUTED,"a23.offline.old_chart_basis(points, volume)",32,1.758572255777152e-14,"sqrt(volume) * [Re(delta chi), Im(delta chi)]",truth minus frozen declared background,0.1909767463469406,0.04585561286802115,0.1853898066608891,0.05765328056773504,0.9423467194322647,0.18270840464271793,0.027326678241852895,0.18065329718373088,0.5959287540328572,0.9744510792558183,NONZERO,NONZERO,1.3877787807814457e-17,3.8050403167682925e-16,0.0,0.0,2.8418508125090054e-18,1e-09,True
2014,0.5,zero,vanilla_IBS2,OK,results/a23/images/scene_2014_t0.5_zero.npz,COMPUTED,"a23.offline.old_chart_basis(points, volume)",32,1.758572255777152e-14,"sqrt(volume) * [Re(delta chi), Im(delta chi)]",truth minus frozen declared background,0.1909767463469406,0.04585561286802115,0.1853898066608891,0.05765328056773504,0.9423467194322647,0.18277671477477958,0.02742061826641053,0.18070815465204917,0.5979773587440842,0.9747469826245436,NONZERO,NONZERO,1.3877787807814457e-17,3.8050403167682925e-16,6.938893903907228e-18,2.077057469327195e-16,4.056752869779678e-19,1e-09,True
2014,0.5,zero,A23_compressed_feedback,OK,results/a23/images/scene_2014_t0.5_zero.npz,COMPUTED,"a23.offline.old_chart_basis(points, volume)",32,1.758572255777152e-14,"sqrt(volume) * [Re(delta chi), Im(delta chi)]",truth minus frozen declared background,0.1909767463469406,0.04585561286802115,0.1853898066608891,0.05765328056773504,0.9423467194322647,0.18281341724586075,0.027462128023810976,0.1807389749044544,0.5988825861481955,0.9749132282933877,NONZERO,NONZERO,1.3877787807814457e-17,3.8050403167682925e-16,0.0,0.0,8.110248256363234e-19,1e-09,True
2014,0.5,zero,generic_randomized_linear,OK,results/a23/images/scene_2014_t0.5_zero.npz,COMPUTED,"a23.offline.old_chart_basis(points, volume)",32,1.758572255777152e-14,"sqrt(volume) * [Re(delta chi), Im(delta chi)]",truth minus frozen declared background,0.1909767463469406,0.04585561286802115,0.1853898066608891,0.05765328056773504,0.9423467194322647,0.18469659145581893,0.0307009972402212,0.18212709755512388,0.6695144895038903,0.9824008171510028,NONZERO,NONZERO,1.3877787807814457e-17,3.8050403167682925e-16,0.0,0.0,1.9864266319065942e-19,1e-09,True
2014,0.5,zero,current_BP_ratio,OK,results/a23/images/scene_2014_t0.5_zero.npz,COMPUTED,"a23.offline.old_chart_basis(points, volume)",32,1.758572255777152e-14,"sqrt(volume) * [Re(delta chi), Im(delta chi)]",truth minus frozen declared background,0.1909767463469406,0.04585561286802115,0.1853898066608891,0.05765328056773504,0.9423467194322647,0.1879986846349804,0.03680097718692296,0.18436158358663116,0.8025402973642791,0.9944537237900098,NONZERO,NONZERO,1.3877787807814457e-17,3.8050403167682925e-16,0.0,0.0,5.751775464813188e-18,1e-09,True
2014,1.0,20dB_nominal_difference,homogeneous_born,OK,results/a23/images/scene_2014_t1.0_20dB_nominal_difference.npz,COMPUTED,"a23.offline.old_chart_basis(points, volume)",32,1.758572255777152e-14,"sqrt(volume) * [Re(delta chi), Im(delta chi)]",truth minus frozen declared background,0.3819534926938812,0.0917112257360423,0.3707796133217782,0.05765328056773504,0.9423467194322647,0.36833942082522103,0.06085500890161397,0.3632775754508441,0.6635502732976569,0.9797668544833841,NONZERO,NONZERO,5.551115123125783e-17,3.8050403167682925e-16,2.7755575615628914e-17,2.045756014713755e-16,2.3973703297426817e-18,1e-09,True
2014,1.0,20dB_nominal_difference,born_BP,OK,results/a23/images/scene_2014_t1.0_20dB_nominal_difference.npz,COMPUTED,"a23.offline.old_chart_basis(points, volume)",32,1.758572255777152e-14,"sqrt(volume) * [Re(delta chi), Im(delta chi)]",truth minus frozen declared background,0.3819534926938812,0.0917112257360423,0.3707796133217782,0.05765328056773504,0.9423467194322647,0.37580224879556584,0.073457171509808,0.3685530818668907,0.8009616153340703,0.9939950003320294,NONZERO,NONZERO,5.551115123125783e-17,3.8050403167682925e-16,0.0,0.0,7.676999706442133e-19,1e-09,True
2014,1.0,20dB_nominal_difference,dressed_linear_chi,REJECTED_PHYSICAL,results/a23/images/scene_2014_t1.0_20dB_nominal_difference.npz,COMPUTED,"a23.offline.old_chart_basis(points, volume)",32,1.758572255777152e-14,"sqrt(volume) * [Re(delta chi), Im(delta chi)]",truth minus frozen declared background,0.3819534926938812,0.0917112257360423,0.3707796133217782,0.05765328056773504,0.9423467194322647,0.3671581932377857,0.05894861501656308,0.36239508778302204,0.642763353596706,0.9773867676713937,NONZERO,NONZERO,5.551115123125783e-17,3.8050403167682925e-16,0.0,0.0,0.0,1e-09,True
2014,1.0,20dB_nominal_difference,linear_a_exact_conversion,OK,results/a23/images/scene_2014_t1.0_20dB_nominal_difference.npz,COMPUTED,"a23.offline.old_chart_basis(points, volume)",32,1.758572255777152e-14,"sqrt(volume) * [Re(delta chi), Im(delta chi)]",truth minus frozen declared background,0.3819534926938812,0.0917112257360423,0.3707796133217782,0.05765328056773504,0.9423467194322647,0.3668180260803758,0.05841169528288831,0.3621374574822138,0.63690889325812,0.9766919336202436,NONZERO,NONZERO,5.551115123125783e-17,3.8050403167682925e-16,0.0,0.0,0.0,1e-09,True
2014,1.0,20dB_nominal_difference,vanilla_IBS2,REJECTED_PHYSICAL,results/a23/images/scene_2014_t1.0_20dB_nominal_difference.npz,COMPUTED,"a23.offline.old_chart_basis(points, volume)",32,1.758572255777152e-14,"sqrt(volume) * [Re(delta chi), Im(delta chi)]",truth minus frozen declared background,0.3819534926938812,0.0917112257360423,0.3707796133217782,0.05765328056773504,0.9423467194322647,0.36701590599256945,0.05871149625557647,0.3622894360300587,0.640177860282408,0.9771018227899402,NONZERO,NONZERO,5.551115123125783e-17,3.8050403167682925e-16,0.0,0.0,2.615916404277589e-18,1e-09,True
2014,1.0,20dB_nominal_difference,A23_compressed_feedback,OK,results/a23/images/scene_2014_t1.0_20dB_nominal_difference.npz,COMPUTED,"a23.offline.old_chart_basis(points, volume)",32,1.758572255777152e-14,"sqrt(volume) * [Re(delta chi), Im(delta chi)]",truth minus frozen declared background,0.3819534926938812,0.0917112257360423,0.3707796133217782,0.05765328056773504,0.9423467194322647,0.3671402745732405,0.05884450210457015,0.36239385450884737,0.641628128206822,0.9773834415063879,NONZERO,NONZERO,5.551115123125783e-17,3.8050403167682925e-16,0.0,0.0,1.4076162281800385e-18,1e-09,True
2014,1.0,20dB_nominal_difference,generic_randomized_linear,OK,results/a23/images/scene_2014_t1.0_20dB_nominal_difference.npz,COMPUTED,"a23.offline.old_chart_basis(points, volume)",32,1.758572255777152e-14,"sqrt(volume) * [Re(delta chi), Im(delta chi)]",truth minus frozen declared background,0.3819534926938812,0.0917112257360423,0.3707796133217782,0.05765328056773504,0.9423467194322647,0.3701088121402105,0.06402202796298766,0.36452944018192013,0.6980827859312663,0.9831431585899143,NONZERO,NONZERO,5.551115123125783e-17,3.8050403167682925e-16,2.7755575615628914e-17,2.0262423457881913e-16,1.1872513744852683e-18,1e-09,True
2014,1.0,20dB_nominal_difference,current_BP_ratio,OK,results/a23/images/scene_2014_t1.0_20dB_nominal_difference.npz,COMPUTED,"a23.offline.old_chart_basis(points, volume)",32,1.758572255777152e-14,"sqrt(volume) * [Re(delta chi), Im(delta chi)]",truth minus frozen declared background,0.3819534926938812,0.0917112257360423,0.3707796133217782,0.05765328056773504,0.9423467194322647,0.37651532466579196,0.07498015023071032,0.36897393780532367,0.8175678563768589,0.9951300571779617,NONZERO,NONZERO,5.551115123125783e-17,3.8050403167682925e-16,0.0,0.0,3.441576855576271e-18,1e-09,True
2014,1.0,zero,homogeneous_born,OK,results/a23/images/scene_2014_t1.0_zero.npz,COMPUTED,"a23.offline.old_chart_basis(points, volume)",32,1.758572255777152e-14,"sqrt(volume) * [Re(delta chi), Im(delta chi)]",truth minus frozen declared background,0.3819534926938812,0.0917112257360423,0.3707796133217782,0.05765328056773504,0.9423467194322647,0.3682026712122495,0.060612573027270834,0.3631794640103563,0.6609068032927863,0.9795022459748179,NONZERO,NONZERO,5.551115123125783e-17,3.8050403167682925e-16,2.7755575615628914e-17,2.047275874918743e-16,3.3987978392205697e-18,1e-09,True
2014,1.0,zero,born_BP,OK,results/a23/images/scene_2014_t1.0_zero.npz,COMPUTED,"a23.offline.old_chart_basis(points, volume)",32,1.758572255777152e-14,"sqrt(volume) * [Re(delta chi), Im(delta chi)]",truth minus frozen declared background,0.3819534926938812,0.0917112257360423,0.3707796133217782,0.05765328056773504,0.9423467194322647,0.37580033749997516,0.07346061087345994,0.3685504474494548,0.8009991174350872,0.993987895255749,NONZERO,NONZERO,5.551115123125783e-17,3.8050403167682925e-16,0.0,0.0,3.838538898031668e-18,1e-09,True
2014,1.0,zero,dressed_linear_chi,OK,results/a23/images/scene_2014_t1.0_zero.npz,COMPUTED,"a23.offline.old_chart_basis(points, volume)",32,1.758572255777152e-14,"sqrt(volume) * [Re(delta chi), Im(delta chi)]",truth minus frozen declared background,0.3819534926938812,0.0917112257360423,0.3707796133217782,0.05765328056773504,0.9423467194322647,0.3669992485272966,0.05868187715396412,0.3622773601997336,0.6398548998010205,0.9770692540351025,NONZERO,NONZERO,5.551115123125783e-17,3.8050403167682925e-16,2.7755575615628914e-17,2.0607242819488748e-16,6.037278169772094e-19,1e-09,True
2014,1.0,zero,linear_a_exact_conversion,OK,results/a23/images/scene_2014_t1.0_zero.npz,COMPUTED,"a23.offline.old_chart_basis(points, volume)",32,1.758572255777152e-14,"sqrt(volume) * [Re(delta chi), Im(delta chi)]",truth minus frozen declared background,0.3819534926938812,0.0917112257360423,0.3707796133217782,0.05765328056773504,0.9423467194322647,0.3666646512549361,0.058150217341593084,0.3620241962949844,0.63405779254284,0.9763864659430573,NONZERO,NONZERO,5.551115123125783e-17,3.8050403167682925e-16,0.0,0.0,2.2177106414717575e-18,1e-09,True
2014,1.0,zero,vanilla_IBS2,OK,results/a23/images/scene_2014_t1.0_zero.npz,COMPUTED,"a23.offline.old_chart_basis(points, volume)",32,1.758572255777152e-14,"sqrt(volume) * [Re(delta chi), Im(delta chi)]",truth minus frozen declared background,0.3819534926938812,0.0917112257360423,0.3707796133217782,0.05765328056773504,0.9423467194322647,0.3668758626674991,0.05851002097542767,0.3621801707071726,0.637981016018995,0.9768071320384526,NONZERO,NONZERO,5.551115123125783e-17,3.8050403167682925e-16,0.0,0.0,4.0275598047891395e-19,1e-09,True
2014,1.0,zero,A23_compressed_feedback,OK,results/a23/images/scene_2014_t1.0_zero.npz,COMPUTED,"a23.offline.old_chart_basis(points, volume)",32,1.758572255777152e-14,"sqrt(volume) * [Re(delta chi), Im(delta chi)]",truth minus frozen declared background,0.3819534926938812,0.0917112257360423,0.3707796133217782,0.05765328056773504,0.9423467194322647,0.3670013451003073,0.058614916654138136,0.3622903239821115,0.6391247765332462,0.9771042176143072,NONZERO,NONZERO,5.551115123125783e-17,3.8050403167682925e-16,2.7755575615628914e-17,2.0607007373672054e-16,1.8111627574516453e-18,1e-09,True
2014,1.0,zero,generic_randomized_linear,OK,results/a23/images/scene_2014_t1.0_zero.npz,COMPUTED,"a23.offline.old_chart_basis(points, volume)",32,1.758572255777152e-14,"sqrt(volume) * [Re(delta chi), Im(delta chi)]",truth minus frozen declared background,0.3819534926938812,0.0917112257360423,0.3707796133217782,0.05765328056773504,0.9423467194322647,0.37020268206641777,0.0637367947721962,0.36467471368513626,0.6949726629501123,0.983534964120738,NONZERO,NONZERO,5.551115123125783e-17,3.8050403167682925e-16,2.7755575615628914e-17,2.0252149134416254e-16,1.3844242572354862e-18,1e-09,True
2014,1.0,zero,current_BP_ratio,OK,results/a23/images/scene_2014_t1.0_zero.npz,COMPUTED,"a23.offline.old_chart_basis(points, volume)",32,1.758572255777152e-14,"sqrt(volume) * [Re(delta chi), Im(delta chi)]",truth minus frozen declared background,0.3819534926938812,0.0917112257360423,0.3707796133217782,0.05765328056773504,0.9423467194322647,0.37651618265021025,0.07498746576593389,0.3689733266450156,0.8176476234409763,0.9951284088664415,NONZERO,NONZERO,5.551115123125783e-17,3.8050403167682925e-16,0.0,0.0,2.2943741137607536e-18,1e-09,True
